tile,conf,x1,y1,x2,y2
ch2_ohr_ncp_20211228T2209123959_d_img_d18_x00640_y67200.png,0.2472,629.81,185.64,635.73,191.33
ch2_ohr_ncp_20211228T2209123959_d_img_d18_x01280_y41600.png,0.24,503.37,184.74,516.94,196.65
ch2_ohr_ncp_20211228T2209123959_d_img_d18_x01280_y41600.png,0.226,520.1,45.44,557.86,75.34
ch2_ohr_ncp_20211228T2209123959_d_img_d18_x01280_y41600.png,0.2013,614.51,164.18,621.4,169.9
ch2_ohr_ncp_20211228T2209123959_d_img_d18_x01280_y41600.png,0.2004,50.07,63.93,57.52,70.93
ch2_ohr_ncp_20211228T2209123959_d_img_d18_x01920_y41600.png,0.2641,133.38,186.75,141.9,193.88
ch2_ohr_ncp_20211228T2209123959_d_img_d18_x01920_y41600.png,0.2132,252.13,95.22,263.14,104.51
ch2_ohr_ncp_20211228T2209123959_d_img_d18_x01920_y41600.png,0.2124,117.13,117.85,124.44,123.65
ch2_ohr_ncp_20211228T2209123959_d_img_d18_x02560_y39680.png,0.4233,455.82,227.04,580.38,297.29
ch2_ohr_ncp_20211228T2209123959_d_img_d18_x02560_y77440.png,0.3052,149.69,273.38,154.76,278.01
ch2_ohr_ncp_20211228T2209123959_d_img_d18_x03200_y78080.png,0.3814,148.73,0.0,160.73,6.45
ch2_ohr_ncp_20211228T2209123959_d_img_d18_x03840_y32000.png,0.2346,592.25,574.92,640.0,599.96
ch2_ohr_ncp_20211228T2209123959_d_img_d18_x03840_y40960.png,0.2128,362.45,99.61,369.38,105.8
ch2_ohr_ncp_20211228T2209123959_d_img_d18_x04480_y68480.png,0.4203,21.22,0.0,59.66,22.48
ch2_ohr_ncp_20211228T2209123959_d_img_d18_x04480_y68480.png,0.2354,522.35,138.38,526.69,142.69
ch2_ohr_ncp_20211228T2209123959_d_img_d18_x05120_y35200.png,0.3904,482.26,601.8,544.67,639.75
ch2_ohr_ncp_20211228T2209123959_d_img_d18_x06400_y38400.png,0.4767,321.37,0.0,442.59,62.58
ch2_ohr_ncp_20211228T2209123959_d_img_d18_x06400_y38400.png,0.3785,352.66,2.22,439.89,59.96
ch2_ohr_ncp_20211228T2209123959_d_img_d18_x06400_y38400.png,0.2548,334.04,0.0,429.45,50.88
ch2_ohr_ncp_20211228T2209123959_d_img_d18_x08960_y39040.png,0.2245,522.0,3.94,580.05,32.86
ch2_ohr_ncp_20211228T2209123959_d_img_d18_x08960_y75520.png,0.4394,223.06,283.47,291.81,330.77
ch2_ohr_ncp_20211228T2209123959_d_img_d18_x08960_y75520.png,0.2302,207.84,286.4,291.76,341.98
ch2_ohr_ncp_20240406T0647198831_d_img_d18_x00640_y14080.png,0.2249,631.39,235.52,635.81,240.9
ch2_ohr_ncp_20240406T0647198831_d_img_d18_x01280_y63360.png,0.2035,629.3,308.57,632.84,313.05
ch2_ohr_ncp_20241111T0516278303_d_img_d18_x03200_y73600.png,0.2418,508.13,0.0,582.49,13.47
ch2_ohr_ncp_20241111T0516278303_d_img_d18_x03840_y84480.png,0.2011,625.31,237.03,639.76,258.46
ch2_ohr_ncp_20241111T0516278303_d_img_d18_x04480_y16000.png,0.2205,19.74,0.0,54.81,12.66
ch2_ohr_ncp_20241111T0516278303_d_img_d18_x04480_y37760.png,0.2237,72.36,166.68,77.33,170.99
ch2_ohr_ncp_20241111T0516278303_d_img_d18_x04480_y37760.png,0.2081,36.9,157.74,41.73,161.84
ch2_ohr_ncp_20241111T0516278303_d_img_d18_x04480_y37760.png,0.2025,48.7,149.72,52.67,153.51
ch2_ohr_ncp_20241111T0516278303_d_img_d18_x04480_y69120.png,0.346,358.63,0.0,416.68,15.14
ch2_ohr_ncp_20241111T0516278303_d_img_d18_x04480_y82560.png,0.2166,563.07,519.96,568.74,525.3
ch2_ohr_ncp_20241111T0516278303_d_img_d18_x05120_y67200.png,0.4113,618.96,70.19,625.3,75.79
ch2_ohr_ncp_20241111T0516278303_d_img_d18_x05120_y67200.png,0.2169,635.15,58.4,639.49,64.89
ch2_ohr_ncp_20241111T0516278303_d_img_d18_x05120_y85120.png,0.2501,28.74,141.1,33.57,145.68
ch2_ohr_ncp_20241111T0516278303_d_img_d18_x05120_y85760.png,0.218,36.49,444.53,42.41,450.31
ch2_ohr_ncp_20241111T0516278303_d_img_d18_x05120_y86400.png,0.2048,52.51,446.75,57.06,451.06
ch2_ohr_ncp_20241111T0516278303_d_img_d18_x05760_y71040.png,0.3204,629.98,618.27,639.93,636.95
ch2_ohr_ncp_20241111T0516278303_d_img_d18_x07040_y68480.png,0.351,631.59,443.86,636.53,449.14
ch2_ohr_ncp_20241111T0516278303_d_img_d18_x07040_y68480.png,0.2476,614.05,396.53,619.16,401.66
ch2_ohr_ncp_20241111T0516278303_d_img_d18_x11520_y56960.png,0.208,303.44,578.87,308.34,582.84
ch2_ohr_ncp_20241111T0516278303_d_img_d18_x11520_y64640.png,0.507,340.36,601.42,349.64,608.72
ch2_ohr_ncp_20241111T0516278303_d_img_d18_x11520_y64640.png,0.3762,380.69,384.16,389.68,392.68
ch2_ohr_ncp_20241111T0516278303_d_img_d18_x11520_y64640.png,0.3285,113.85,540.9,120.14,546.87
ch2_ohr_ncp_20241111T0516278303_d_img_d18_x11520_y64640.png,0.2175,453.02,383.57,459.5,389.88
ch2_ohr_ncp_20241115T1326321339_d_img_d18_x05120_y64000.png,0.2196,607.25,0.5,613.37,7.02
ch2_ohr_ncp_20241115T1326321339_d_img_d18_x07680_y55680.png,0.2185,619.13,34.47,625.88,41.24
ch2_ohr_ncp_20241115T1326321339_d_img_d18_x11520_y56320.png,0.2005,95.91,34.68,100.97,39.97
ch2_ohr_ncp_20241115T1326321339_d_img_d18_x11520_y56960.png,0.265,326.02,373.03,332.57,378.2
ch2_ohr_ncp_20241115T1326321339_d_img_d18_x11520_y72320.png,0.2413,150.58,99.36,157.49,105.76
ch2_ohr_ncp_20241115T1326321339_d_img_d18_x11520_y72320.png,0.2174,133.18,120.04,138.21,126.01
ch2_ohr_ncp_20241115T1525004388_d_img_d18_x03200_y62080.png,0.2859,623.76,275.0,635.13,285.29
ch2_ohr_ncp_20241115T1525004388_d_img_d18_x09600_y40320.png,0.2184,633.09,38.55,639.71,47.64
ch2_ohr_ncp_20241115T1525004388_d_img_d18_x11520_y53120.png,0.2363,229.44,173.13,235.21,178.99
ch2_ohr_ncp_20241115T1525004388_d_img_d18_x11520_y53120.png,0.2232,2.61,35.53,10.3,44.06
ch2_ohr_ncp_20241115T1525004388_d_img_d18_x11520_y54400.png,0.2368,275.19,612.06,280.98,618.03
ch2_ohr_ncp_20241115T1525004388_d_img_d18_x11520_y54400.png,0.2261,345.53,628.94,351.83,635.43
ch2_ohr_ncp_20241115T1525004388_d_img_d18_x11520_y56320.png,0.3715,182.57,151.05,189.85,156.71
ch2_ohr_ncp_20241115T1525004388_d_img_d18_x11520_y56960.png,0.2029,283.4,44.0,301.26,63.07
ch2_ohr_ncp_20241115T1525004388_d_img_d18_x11520_y57600.png,0.2451,203.42,222.99,209.33,229.67
ch2_ohr_ncp_20241115T1525004388_d_img_d18_x11520_y58240.png,0.3286,309.38,630.92,314.84,637.05
ch2_ohr_ncp_20241115T1525004388_d_img_d18_x11520_y58240.png,0.2718,97.45,592.8,102.17,597.73
ch2_ohr_ncp_20241115T1525004388_d_img_d18_x11520_y58880.png,0.2609,276.49,25.61,282.55,32.23
ch2_ohr_ncp_20241115T1525004388_d_img_d18_x11520_y59520.png,0.3745,146.44,149.09,173.46,173.39
ch2_ohr_ncp_20241115T1525004388_d_img_d18_x11520_y59520.png,0.2691,387.08,122.0,419.97,156.54
ch2_ohr_ncp_20241115T1525004388_d_img_d18_x11520_y61440.png,0.2062,179.23,278.82,185.89,285.46
ch2_ohr_ncp_20241115T1525004388_d_img_d18_x11520_y62080.png,0.2238,325.88,631.26,337.24,639.52
ch2_ohr_ncp_20250123T0750012833_d_img_d18_x00000_y58240.png,0.201,529.85,327.15,535.17,332.26
ch2_ohr_ncp_20250123T0750012833_d_img_d18_x00640_y01920.png,0.2761,38.28,271.69,44.28,277.46
ch2_ohr_ncp_20250123T0750012833_d_img_d18_x00640_y01920.png,0.2558,542.24,94.12,549.21,99.28
ch2_ohr_ncp_20250123T0750012833_d_img_d18_x00640_y01920.png,0.2534,558.95,150.9,564.4,155.76
ch2_ohr_ncp_20250123T0750012833_d_img_d18_x00640_y01920.png,0.2532,588.35,163.45,595.58,168.81
ch2_ohr_ncp_20250123T0750012833_d_img_d18_x00640_y76160.png,0.3338,607.11,377.45,612.07,382.38
ch2_ohr_ncp_20250123T0750012833_d_img_d18_x01280_y02560.png,0.219,626.97,395.89,633.21,401.04
ch2_ohr_ncp_20250123T0750012833_d_img_d18_x01280_y02560.png,0.2166,634.14,484.45,639.23,489.05
ch2_ohr_ncp_20250123T0750012833_d_img_d18_x02560_y50560.png,0.3792,602.61,567.11,626.1,590.28
ch2_ohr_ncp_20250123T0750012833_d_img_d18_x02560_y50560.png,0.3175,112.97,538.97,117.89,543.47
ch2_ohr_ncp_20250123T0750012833_d_img_d18_x02560_y50560.png,0.2904,550.4,505.92,554.47,509.84
ch2_ohr_ncp_20250123T0750012833_d_img_d18_x02560_y50560.png,0.2713,193.23,632.38,197.68,636.71
ch2_ohr_ncp_20250123T0750012833_d_img_d18_x02560_y50560.png,0.2384,407.42,518.39,412.85,522.9
ch2_ohr_ncp_20250123T0750012833_d_img_d18_x02560_y67840.png,0.2539,89.57,36.21,94.79,41.13
ch2_ohr_ncp_20250123T0750012833_d_img_d18_x03840_y65920.png,0.2749,528.64,282.93,534.28,287.68
ch2_ohr_ncp_20250123T0750012833_d_img_d18_x04480_y05760.png,0.4328,200.76,255.48,207.12,260.1
ch2_ohr_ncp_20250123T0750012833_d_img_d18_x04480_y05760.png,0.4252,78.2,15.37,82.54,19.97
ch2_ohr_ncp_20250123T0750012833_d_img_d18_x04480_y05760.png,0.3819,206.82,224.32,212.12,228.43
ch2_ohr_ncp_20250123T0750012833_d_img_d18_x04480_y05760.png,0.3663,235.57,236.01,240.4,240.41
ch2_ohr_ncp_20250123T0750012833_d_img_d18_x04480_y05760.png,0.3351,233.18,212.03,237.9,216.56
ch2_ohr_ncp_20250123T0750012833_d_img_d18_x04480_y05760.png,0.3127,263.86,563.05,268.66,567.53
ch2_ohr_ncp_20250123T0750012833_d_img_d18_x04480_y05760.png,0.2957,13.18,9.66,21.83,17.38
ch2_ohr_ncp_20250123T0750012833_d_img_d18_x04480_y05760.png,0.2915,241.84,211.32,250.43,217.92
ch2_ohr_ncp_20250123T0750012833_d_img_d18_x04480_y05760.png,0.2904,66.77,32.33,72.84,38.28
ch2_ohr_ncp_20250123T0750012833_d_img_d18_x04480_y05760.png,0.2879,246.27,255.53,251.41,259.69
ch2_ohr_ncp_20250123T0750012833_d_img_d18_x04480_y05760.png,0.2815,108.23,194.77,114.63,199.85
ch2_ohr_ncp_20250123T0750012833_d_img_d18_x04480_y05760.png,0.2762,192.53,134.66,198.5,139.88
ch2_ohr_ncp_20250123T0750012833_d_img_d18_x04480_y05760.png,0.2749,237.14,167.26,245.76,174.49
ch2_ohr_ncp_20250123T0750012833_d_img_d18_x04480_y05760.png,0.2448,82.77,109.37,89.07,115.7
ch2_ohr_ncp_20250123T0750012833_d_img_d18_x04480_y05760.png,0.2434,199.93,72.71,207.51,78.39
ch2_ohr_ncp_20250123T0750012833_d_img_d18_x04480_y05760.png,0.2412,65.36,124.96,73.48,132.79
ch2_ohr_ncp_20250123T0750012833_d_img_d18_x04480_y05760.png,0.2162,271.16,554.87,275.47,559.11
ch2_ohr_ncp_20250123T0750012833_d_img_d18_x04480_y05760.png,0.2039,280.6,220.18,285.19,223.94
ch2_ohr_ncp_20250123T0750012833_d_img_d18_x05120_y08960.png,0.3489,327.41,7.12,332.84,11.56
ch2_ohr_ncp_20250123T0750012833_d_img_d18_x05120_y08960.png,0.2391,278.7,25.79,284.85,31.25
ch2_ohr_ncp_20250123T0750012833_d_img_d18_x05120_y08960.png,0.2005,286.9,500.39,292.54,505.88
ch2_ohr_ncp_20250123T0750012833_d_img_d18_x05120_y10880.png,0.4191,156.1,0.4,163.49,7.08
ch2_ohr_ncp_20250123T0750012833_d_img_d18_x05120_y10880.png,0.2098,315.41,115.97,322.66,122.08
ch2_ohr_ncp_20250123T0750012833_d_img_d18_x05120_y13440.png,0.3489,343.52,111.63,348.15,115.22
ch2_ohr_ncp_20250123T0750012833_d_img_d18_x05120_y13440.png,0.2166,277.39,31.97,282.79,36.92
ch2_ohr_ncp_20250123T0750012833_d_img_d18_x05120_y14080.png,0.2102,220.87,630.49,225.61,634.81
ch2_ohr_ncp_20250123T0750012833_d_img_d18_x05120_y15360.png,0.4626,541.36,224.06,546.77,229.49
ch2_ohr_ncp_20250123T0750012833_d_img_d18_x05120_y15360.png,0.4063,569.22,248.65,578.29,254.96
ch2_ohr_ncp_20250123T0750012833_d_img_d18_x05120_y15360.png,0.3969,614.28,201.46,618.22,204.55
ch2_ohr_ncp_20250123T0750012833_d_img_d18_x05120_y15360.png,0.3942,620.14,0.01,629.74,6.13
ch2_ohr_ncp_20250123T0750012833_d_img_d18_x05120_y15360.png,0.3894,610.26,221.77,615.13,225.73
ch2_ohr_ncp_20250123T0750012833_d_img_d18_x05120_y15360.png,0.3458,348.63,122.0,352.73,125.97
ch2_ohr_ncp_20250123T0750012833_d_img_d18_x05120_y15360.png,0.3431,513.45,220.28,520.67,226.43
ch2_ohr_ncp_20250123T0750012833_d_img_d18_x05120_y15360.png,0.3394,497.05,3.59,502.26,8.19
ch2_ohr_ncp_20250123T0750012833_d_img_d18_x05120_y15360.png,0.3075,552.49,407.94,558.67,413.95
ch2_ohr_ncp_20250123T0750012833_d_img_d18_x05120_y15360.png,0.3035,409.02,292.19,414.85,297.31
ch2_ohr_ncp_20250123T0750012833_d_img_d18_x05120_y15360.png,0.2994,389.88,119.28,397.72,124.66
ch2_ohr_ncp_20250123T0750012833_d_img_d18_x05120_y15360.png,0.2964,479.22,95.84,489.44,104.32
ch2_ohr_ncp_20250123T0750012833_d_img_d18_x05120_y15360.png,0.2904,528.56,185.97,532.39,189.55
ch2_ohr_ncp_20250123T0750012833_d_img_d18_x05120_y15360.png,0.2881,426.97,140.45,433.32,144.93
ch2_ohr_ncp_20250123T0750012833_d_img_d18_x05120_y15360.png,0.2877,262.23,120.28,267.05,124.87
ch2_ohr_ncp_20250123T0750012833_d_img_d18_x05120_y15360.png,0.2843,541.29,201.5,546.83,206.3
ch2_ohr_ncp_20250123T0750012833_d_img_d18_x05120_y15360.png,0.2693,313.66,179.97,318.04,183.94
ch2_ohr_ncp_20250123T0750012833_d_img_d18_x05120_y15360.png,0.2687,434.47,127.24,439.42,132.17
ch2_ohr_ncp_20250123T0750012833_d_img_d18_x05120_y15360.png,0.2628,580.99,375.64,588.05,382.3
ch2_ohr_ncp_20250123T0750012833_d_img_d18_x05120_y15360.png,0.2624,262.3,95.57,266.82,99.35
ch2_ohr_ncp_20250123T0750012833_d_img_d18_x05120_y15360.png,0.2616,529.41,391.6,538.82,401.35
ch2_ohr_ncp_20250123T0750012833_d_img_d18_x05120_y15360.png,0.2568,512.32,185.99,518.02,191.01
ch2_ohr_ncp_20250123T0750012833_d_img_d18_x05120_y15360.png,0.2563,415.45,83.4,420.44,87.29
ch2_ohr_ncp_20250123T0750012833_d_img_d18_x05120_y15360.png,0.2342,616.32,315.17,621.69,320.3
ch2_ohr_ncp_20250123T0750012833_d_img_d18_x05120_y15360.png,0.2294,605.43,164.62,610.03,168.34
ch2_ohr_ncp_20250123T0750012833_d_img_d18_x05120_y15360.png,0.2245,585.45,74.25,589.76,78.3
ch2_ohr_ncp_20250123T0750012833_d_img_d18_x05120_y15360.png,0.2191,598.48,213.14,602.95,216.85
ch2_ohr_ncp_20250123T0750012833_d_img_d18_x05120_y15360.png,0.2111,604.46,102.37,608.76,106.46
ch2_ohr_ncp_20250123T0750012833_d_img_d18_x05760_y16000.png,0.4058,567.52,334.86,574.25,340.52
ch2_ohr_ncp_20250123T0750012833_d_img_d18_x05760_y16000.png,0.3728,549.14,375.36,555.64,381.72
ch2_ohr_ncp_20250123T0750012833_d_img_d18_x05760_y16000.png,0.3687,612.33,429.59,616.83,433.79
ch2_ohr_ncp_20250123T0750012833_d_img_d18_x05760_y16000.png,0.3389,608.01,501.64,612.28,505.58
ch2_ohr_ncp_20250123T0750012833_d_img_d18_x05760_y16000.png,0.3342,607.9,378.04,613.97,382.56
ch2_ohr_ncp_20250123T0750012833_d_img_d18_x05760_y16000.png,0.3241,525.07,378.66,530.13,383.43
ch2_ohr_ncp_20250123T0750012833_d_img_d18_x05760_y16000.png,0.3069,462.88,196.89,472.6,206.47
ch2_ohr_ncp_20250123T0750012833_d_img_d18_x05760_y16000.png,0.3025,386.38,255.7,391.68,260.47
ch2_ohr_ncp_20250123T0750012833_d_img_d18_x05760_y16000.png,0.302,516.22,410.4,522.77,416.96
ch2_ohr_ncp_20250123T0750012833_d_img_d18_x05760_y16000.png,0.298,617.21,377.49,621.21,381.29
ch2_ohr_ncp_20250123T0750012833_d_img_d18_x05760_y16000.png,0.2838,399.18,102.18,403.59,106.42
ch2_ohr_ncp_20250123T0750012833_d_img_d18_x05760_y16000.png,0.2802,599.12,169.91,603.88,174.49
ch2_ohr_ncp_20250123T0750012833_d_img_d18_x05760_y16000.png,0.2747,594.58,430.28,599.73,434.41
ch2_ohr_ncp_20250123T0750012833_d_img_d18_x05760_y16000.png,0.2714,359.15,56.35,363.28,60.49
ch2_ohr_ncp_20250123T0750012833_d_img_d18_x05760_y16000.png,0.2686,485.52,386.71,490.57,391.11
ch2_ohr_ncp_20250123T0750012833_d_img_d18_x05760_y16000.png,0.2455,395.86,246.16,401.64,251.36
ch2_ohr_ncp_20250123T0750012833_d_img_d18_x05760_y16000.png,0.2324,579.42,387.29,584.85,391.72
ch2_ohr_ncp_20250123T0750012833_d_img_d18_x05760_y16000.png,0.2202,544.08,389.82,552.07,397.23
ch2_ohr_ncp_20250123T0750012833_d_img_d18_x05760_y16000.png,0.2178,484.87,236.7,489.7,241.19
ch2_ohr_ncp_20250123T0750012833_d_img_d18_x05760_y16000.png,0.2108,339.62,145.84,345.49,151.23
ch2_ohr_ncp_20250123T0750012833_d_img_d18_x05760_y16000.png,0.2033,501.44,422.71,508.6,431.83
ch2_ohr_ncp_20250123T0750012833_d_img_d18_x06400_y16640.png,0.4855,569.17,369.46,575.15,374.36
ch2_ohr_ncp_20250123T0750012833_d_img_d18_x06400_y16640.png,0.3691,534.62,342.31,542.42,349.04
ch2_ohr_ncp_20250123T0750012833_d_img_d18_x06400_y16640.png,0.3563,627.19,528.61,632.53,532.43
ch2_ohr_ncp_20250123T0750012833_d_img_d18_x06400_y16640.png,0.3542,579.39,250.99,584.15,254.69
ch2_ohr_ncp_20250123T0750012833_d_img_d18_x06400_y16640.png,0.3449,627.52,358.13,634.14,364.06
ch2_ohr_ncp_20250123T0750012833_d_img_d18_x06400_y16640.png,0.3218,610.08,405.46,616.29,410.81
ch2_ohr_ncp_20250123T0750012833_d_img_d18_x06400_y16640.png,0.3141,636.34,280.89,640.0,286.57
ch2_ohr_ncp_20250123T0750012833_d_img_d18_x06400_y16640.png,0.305,533.84,368.69,540.31,374.51
ch2_ohr_ncp_20250123T0750012833_d_img_d18_x06400_y16640.png,0.3012,582.91,275.95,590.74,282.87
ch2_ohr_ncp_20250123T0750012833_d_img_d18_x06400_y16640.png,0.3009,433.71,178.24,439.52,184.54
ch2_ohr_ncp_20250123T0750012833_d_img_d18_x06400_y16640.png,0.2948,429.55,251.26,436.98,258.55
ch2_ohr_ncp_20250123T0750012833_d_img_d18_x06400_y16640.png,0.2945,553.68,235.35,561.66,242.56
ch2_ohr_ncp_20250123T0750012833_d_img_d18_x06400_y16640.png,0.2751,414.74,85.92,420.35,90.3
ch2_ohr_ncp_20250123T0750012833_d_img_d18_x06400_y16640.png,0.2605,462.31,250.32,469.72,256.44
ch2_ohr_ncp_20250123T0750012833_d_img_d18_x06400_y16640.png,0.259,510.46,105.22,516.62,110.44
ch2_ohr_ncp_20250123T0750012833_d_img_d18_x06400_y16640.png,0.2566,539.82,76.8,547.04,82.94
ch2_ohr_ncp_20250123T0750012833_d_img_d18_x06400_y16640.png,0.2465,626.66,534.55,633.43,540.39
ch2_ohr_ncp_20250123T0750012833_d_img_d18_x06400_y16640.png,0.246,425.64,320.57,432.76,326.98
ch2_ohr_ncp_20250123T0750012833_d_img_d18_x06400_y16640.png,0.2429,597.03,517.08,603.3,523.02
ch2_ohr_ncp_20250123T0750012833_d_img_d18_x06400_y16640.png,0.2342,383.81,200.21,388.71,204.45
ch2_ohr_ncp_20250123T0750012833_d_img_d18_x06400_y16640.png,0.2321,331.38,223.18,336.9,228.0
ch2_ohr_ncp_20250123T0750012833_d_img_d18_x06400_y16640.png,0.2168,260.34,89.31,266.38,95.41
ch2_ohr_ncp_20250123T0750012833_d_img_d18_x06400_y16640.png,0.2114,550.39,481.31,556.84,488.12
ch2_ohr_ncp_20250123T0750012833_d_img_d18_x06400_y16640.png,0.2108,427.29,118.5,436.35,126.98
ch2_ohr_ncp_20250123T0750012833_d_img_d18_x06400_y16640.png,0.2057,439.47,117.78,444.42,122.29
ch2_ohr_ncp_20250123T0750012833_d_img_d18_x06400_y16640.png,0.201,583.78,181.63,588.48,185.7
ch2_ohr_ncp_20250123T0750012833_d_img_d18_x06400_y16640.png,0.2007,633.28,145.37,639.79,151.96
ch2_ohr_ncp_20250123T0750012833_d_img_d18_x07040_y17280.png,0.3602,448.94,171.16,456.36,177.69
ch2_ohr_ncp_20250123T0750012833_d_img_d18_x07040_y17280.png,0.3097,551.89,340.01,558.23,345.12
ch2_ohr_ncp_20250123T0750012833_d_img_d18_x07040_y17280.png,0.287,343.62,46.58,348.39,50.71
ch2_ohr_ncp_20250123T0750012833_d_img_d18_x07040_y17280.png,0.2848,604.44,141.95,612.83,150.76
ch2_ohr_ncp_20250123T0750012833_d_img_d18_x07040_y17280.png,0.272,575.38,221.15,581.02,226.04
ch2_ohr_ncp_20250123T0750012833_d_img_d18_x07040_y17280.png,0.2068,611.89,274.96,616.89,279.64
ch2_ohr_ncp_20250123T0750012833_d_img_d18_x07040_y17280.png,0.2038,541.84,296.93,548.51,302.37
ch2_ohr_ncp_20250123T0750012833_d_img_d18_x07680_y18560.png,0.2991,534.16,142.68,539.93,147.57
ch2_ohr_ncp_20250123T0750012833_d_img_d18_x07680_y18560.png,0.2141,339.06,149.4,346.05,155.51
ch2_ohr_ncp_20250123T0750012833_d_img_d18_x08960_y19840.png,0.4521,333.44,83.88,341.12,89.93
ch2_ohr_ncp_20250123T0750012833_d_img_d18_x08960_y19840.png,0.3976,556.79,90.09,564.05,97.96
ch2_ohr_ncp_20250123T0750012833_d_img_d18_x08960_y19840.png,0.3369,502.55,25.82,511.04,33.91
ch2_ohr_ncp_20250123T0750012833_d_img_d18_x08960_y19840.png,0.3177,0.01,202.3,8.79,212.36
ch2_ohr_ncp_20250123T0750012833_d_img_d18_x08960_y19840.png,0.3093,503.82,79.76,514.98,89.19
ch2_ohr_ncp_20250123T0750012833_d_img_d18_x08960_y19840.png,0.3008,517.67,77.6,522.62,82.58
ch2_ohr_ncp_20250123T0750012833_d_img_d18_x08960_y19840.png,0.2843,542.21,104.11,552.34,113.07
ch2_ohr_ncp_20250123T0750012833_d_img_d18_x08960_y19840.png,0.2213,227.38,55.14,235.2,63.06
ch2_ohr_ncp_20250123T0750012833_d_img_d18_x08960_y19840.png,0.2156,253.5,189.97,260.76,195.93
ch2_ohr_ncp_20250123T0750012833_d_img_d18_x08960_y19840.png,0.2143,110.63,66.5,160.93,107.5
ch2_ohr_ncp_20250123T0750012833_d_img_d18_x08960_y53120.png,0.3337,630.23,180.28,639.14,189.94
ch2_ohr_ncp_20250123T0750012833_d_img_d18_x08960_y53120.png,0.2863,623.36,110.32,628.02,114.67
ch2_ohr_ncp_20250123T0750012833_d_img_d18_x08960_y67840.png,0.2736,572.66,625.66,613.25,640.0
ch2_ohr_ncp_20250123T0750012833_d_img_d18_x09600_y62720.png,0.2094,570.17,67.36,576.32,71.87
ch2_ohr_ncp_20250123T0750012833_d_img_d18_x10240_y19200.png,0.2189,630.48,240.17,636.78,245.55
ch2_ohr_ncp_20250123T0750012833_d_img_d18_x10240_y53760.png,0.3801,618.15,627.47,621.95,630.98
ch2_ohr_ncp_20250123T0750012833_d_img_d18_x10240_y53760.png,0.33,493.38,383.69,501.91,392.2
ch2_ohr_ncp_20250123T0750012833_d_img_d18_x10240_y53760.png,0.2525,602.52,558.51,607.03,562.66
ch2_ohr_ncp_20250123T0750012833_d_img_d18_x10880_y66560.png,0.2921,66.07,260.86,70.46,265.22
ch2_ohr_ncp_20250123T0750012833_d_img_d18_x10880_y66560.png,0.247,189.43,294.62,193.65,299.08
ch2_ohr_ncp_20250123T0750012833_d_img_d18_x10880_y66560.png,0.2122,110.86,54.66,116.59,59.91
ch2_ohr_ncp_20250123T0750012833_d_img_d18_x10880_y67840.png,0.2086,117.81,628.65,137.16,639.84
ch2_ohr_ncp_20250123T0750012833_d_img_d18_x11520_y15360.png,0.2542,433.51,65.29,440.45,71.77
ch2_ohr_ncp_20250123T0750012833_d_img_d18_x11520_y15360.png,0.2345,375.27,532.3,380.09,536.9
ch2_ohr_ncp_20250123T0750012833_d_img_d18_x11520_y15360.png,0.2335,354.79,158.21,367.02,169.16
ch2_ohr_ncp_20250123T0750012833_d_img_d18_x11520_y15360.png,0.2131,108.73,577.2,113.87,582.22
ch2_ohr_ncp_20250123T0750012833_d_img_d18_x11520_y16640.png,0.2036,325.68,109.68,331.75,115.23
ch2_ohr_ncp_20250123T0750012833_d_img_d18_x11520_y18560.png,0.2179,320.46,623.73,332.88,634.6
ch2_ohr_ncp_20250123T0750012833_d_img_d18_x11520_y58240.png,0.3342,0.22,185.54,17.3,200.52
ch2_ohr_ncp_20250123T0750012833_d_img_d18_x11520_y58240.png,0.2614,279.2,355.17,288.64,362.95
ch2_ohr_ncp_20250123T0750012833_d_img_d18_x11520_y58240.png,0.2366,388.34,230.37,395.07,236.95
ch2_ohr_ncp_20250123T0750012833_d_img_d18_x11520_y58240.png,0.2359,230.96,357.01,236.04,361.97
ch2_ohr_ncp_20250123T0750012833_d_img_d18_x11520_y58240.png,0.2079,369.67,178.02,376.78,185.43
ch2_ohr_ncp_20250123T0750012833_d_img_d18_x11520_y58880.png,0.2514,288.75,417.78,296.72,425.37
ch2_ohr_ncp_20250123T0750012833_d_img_d18_x11520_y58880.png,0.2477,405.73,152.02,410.16,156.04
ch2_ohr_ncp_20250123T0750012833_d_img_d18_x11520_y58880.png,0.2038,353.48,484.68,386.68,507.37
ch2_ohr_ncp_20250123T0750012833_d_img_d18_x11520_y59520.png,0.5167,444.79,349.04,450.87,354.81
ch2_ohr_ncp_20250123T0750012833_d_img_d18_x11520_y59520.png,0.4688,268.72,629.4,272.99,634.31
ch2_ohr_ncp_20250123T0750012833_d_img_d18_x11520_y59520.png,0.4534,442.69,378.69,448.68,384.52
ch2_ohr_ncp_20250123T0750012833_d_img_d18_x11520_y59520.png,0.4297,148.1,518.39,153.16,523.35
ch2_ohr_ncp_20250123T0750012833_d_img_d18_x11520_y59520.png,0.4193,272.62,605.82,279.72,611.17
ch2_ohr_ncp_20250123T0750012833_d_img_d18_x11520_y59520.png,0.3946,183.99,590.69,190.45,595.25
ch2_ohr_ncp_20250123T0750012833_d_img_d18_x11520_y59520.png,0.3763,425.13,320.49,428.73,324.34
ch2_ohr_ncp_20250123T0750012833_d_img_d18_x11520_y59520.png,0.3731,427.21,344.49,434.49,351.36
ch2_ohr_ncp_20250123T0750012833_d_img_d18_x11520_y59520.png,0.352,121.27,429.14,125.18,433.03
ch2_ohr_ncp_20250123T0750012833_d_img_d18_x11520_y59520.png,0.3217,112.5,433.09,117.15,437.55
ch2_ohr_ncp_20250123T0750012833_d_img_d18_x11520_y59520.png,0.3171,266.61,614.01,280.21,627.1
ch2_ohr_ncp_20250123T0750012833_d_img_d18_x11520_y59520.png,0.2616,182.22,547.17,187.98,552.22
ch2_ohr_ncp_20250123T0750012833_d_img_d18_x11520_y59520.png,0.2613,429.64,92.23,438.39,100.56
ch2_ohr_ncp_20250123T0750012833_d_img_d18_x11520_y59520.png,0.2602,273.65,210.69,281.82,216.5
ch2_ohr_ncp_20250123T0750012833_d_img_d18_x11520_y59520.png,0.2557,214.09,575.2,217.9,578.72
ch2_ohr_ncp_20250123T0750012833_d_img_d18_x11520_y59520.png,0.2537,435.24,362.59,443.66,375.65
ch2_ohr_ncp_20250123T0750012833_d_img_d18_x11520_y59520.png,0.2503,187.36,66.91,196.79,75.56
ch2_ohr_ncp_20250123T0750012833_d_img_d18_x11520_y59520.png,0.2401,42.36,268.51,49.04,274.49
ch2_ohr_ncp_20250123T0750012833_d_img_d18_x11520_y59520.png,0.2256,342.27,629.42,347.77,634.16
ch2_ohr_ncp_20250123T0750012833_d_img_d18_x11520_y59520.png,0.2211,434.37,41.09,440.23,47.14
ch2_ohr_ncp_20250123T0750012833_d_img_d18_x11520_y59520.png,0.208,253.8,7.25,258.63,11.75
ch2_ohr_ncp_20250123T0750012833_d_img_d18_x11520_y60160.png,0.2756,449.86,453.78,454.49,458.48
ch2_ohr_ncp_20250123T0750012833_d_img_d18_x11520_y60160.png,0.2669,449.09,146.16,454.34,150.9
ch2_ohr_ncp_20250123T0750012833_d_img_d18_x11520_y60160.png,0.2202,36.62,370.5,40.53,374.79
ch2_ohr_ncp_20250123T0750012833_d_img_d18_x11520_y60160.png,0.2149,430.27,612.23,435.43,616.96
ch2_ohr_ncp_20250123T0750012833_d_img_d18_x11520_y60800.png,0.375,375.72,532.65,380.86,538.13
ch2_ohr_ncp_20250123T0750012833_d_img_d18_x11520_y60800.png,0.3053,277.1,544.96,284.3,550.83
ch2_ohr_ncp_20250123T0750012833_d_img_d18_x11520_y60800.png,0.2916,274.85,349.03,279.94,352.53
ch2_ohr_ncp_20250123T0750012833_d_img_d18_x11520_y60800.png,0.2833,380.25,632.39,386.45,638.47
ch2_ohr_ncp_20250123T0750012833_d_img_d18_x11520_y60800.png,0.2674,316.8,546.39,321.28,551.04
ch2_ohr_ncp_20250123T0750012833_d_img_d18_x11520_y60800.png,0.2534,20.55,622.48,24.97,626.31
ch2_ohr_ncp_20250123T0750012833_d_img_d18_x11520_y60800.png,0.2129,418.49,576.52,423.12,581.57
ch2_ohr_ncp_20250123T0750012833_d_img_d18_x11520_y62080.png,0.4973,143.67,475.33,148.93,480.13
ch2_ohr_ncp_20250123T0750012833_d_img_d18_x11520_y62080.png,0.4072,117.33,504.32,125.8,511.49
ch2_ohr_ncp_20250123T0750012833_d_img_d18_x11520_y62080.png,0.3701,63.87,420.16,68.89,425.18
ch2_ohr_ncp_20250123T0750012833_d_img_d18_x11520_y62080.png,0.364,7.69,298.15,11.75,301.95
ch2_ohr_ncp_20250123T0750012833_d_img_d18_x11520_y62080.png,0.3622,17.85,158.08,22.89,162.2
ch2_ohr_ncp_20250123T0750012833_d_img_d18_x11520_y62080.png,0.355,27.51,285.9,32.11,290.59
ch2_ohr_ncp_20250123T0750012833_d_img_d18_x11520_y62080.png,0.2962,88.31,460.48,92.16,464.48
ch2_ohr_ncp_20250123T0750012833_d_img_d18_x11520_y62080.png,0.2944,439.9,370.06,444.64,374.53
ch2_ohr_ncp_20250123T0750012833_d_img_d18_x11520_y62080.png,0.2938,94.76,446.38,100.51,452.21
ch2_ohr_ncp_20250123T0750012833_d_img_d18_x11520_y62080.png,0.2936,147.61,553.99,156.45,562.0
ch2_ohr_ncp_20250123T0750012833_d_img_d18_x11520_y62080.png,0.2936,21.73,465.44,27.25,469.66
ch2_ohr_ncp_20250123T0750012833_d_img_d18_x11520_y62080.png,0.2928,16.13,250.29,21.11,255.22
ch2_ohr_ncp_20250123T0750012833_d_img_d18_x11520_y62080.png,0.2735,94.13,442.11,98.54,446.4
ch2_ohr_ncp_20250123T0750012833_d_img_d18_x11520_y62080.png,0.2671,257.87,146.27,262.14,150.62
ch2_ohr_ncp_20250123T0750012833_d_img_d18_x11520_y62080.png,0.2594,11.34,441.04,22.39,450.04
ch2_ohr_ncp_20250123T0750012833_d_img_d18_x11520_y62080.png,0.251,308.92,141.93,313.85,146.32
ch2_ohr_ncp_20250123T0750012833_d_img_d18_x11520_y62080.png,0.2454,72.91,320.02,104.36,349.71
ch2_ohr_ncp_20250123T0750012833_d_img_d18_x11520_y62080.png,0.225,203.53,499.62,209.9,505.89
ch2_ohr_ncp_20250123T0750012833_d_img_d18_x11520_y62720.png,0.4967,207.26,65.4,212.16,70.06
ch2_ohr_ncp_20250123T0750012833_d_img_d18_x11520_y62720.png,0.3313,284.49,381.49,291.15,387.25
ch2_ohr_ncp_20250123T0750012833_d_img_d18_x11520_y62720.png,0.2791,211.41,196.14,216.74,199.81
ch2_ohr_ncp_20250123T0750012833_d_img_d18_x11520_y62720.png,0.2701,232.27,294.02,238.47,299.61
ch2_ohr_ncp_20250123T0750012833_d_img_d18_x11520_y62720.png,0.2586,139.82,480.3,145.34,487.01
ch2_ohr_ncp_20250123T0750012833_d_img_d18_x11520_y62720.png,0.2471,259.14,389.14,264.64,394.21
ch2_ohr_ncp_20250123T0750012833_d_img_d18_x11520_y62720.png,0.246,218.05,435.23,230.64,444.99
ch2_ohr_ncp_20250123T0750012833_d_img_d18_x11520_y62720.png,0.2267,82.9,431.41,91.54,437.72
ch2_ohr_ncp_20250123T0750012833_d_img_d18_x11520_y62720.png,0.2266,254.39,0.0,261.49,5.06
ch2_ohr_ncp_20250123T0750012833_d_img_d18_x11520_y63360.png,0.3717,269.68,561.99,276.84,568.77
ch2_ohr_ncp_20250123T0750012833_d_img_d18_x11520_y63360.png,0.324,233.3,361.54,238.97,366.27
ch2_ohr_ncp_20250123T0750012833_d_img_d18_x11520_y63360.png,0.3141,162.02,252.69,166.59,256.67
ch2_ohr_ncp_20250123T0750012833_d_img_d18_x11520_y63360.png,0.2666,370.93,431.45,375.89,435.47
ch2_ohr_ncp_20250123T0750012833_d_img_d18_x11520_y63360.png,0.2493,277.7,371.95,282.42,376.81
ch2_ohr_ncp_20250123T0750012833_d_img_d18_x11520_y63360.png,0.2436,118.55,179.51,124.75,185.51
ch2_ohr_ncp_20250123T0750012833_d_img_d18_x11520_y64000.png,0.4461,242.15,554.4,266.02,577.28
ch2_ohr_ncp_20250123T0750012833_d_img_d18_x11520_y64000.png,0.3912,253.99,394.98,259.01,399.37
ch2_ohr_ncp_20250123T0750012833_d_img_d18_x11520_y64000.png,0.3783,181.5,334.01,188.42,340.33
ch2_ohr_ncp_20250123T0750012833_d_img_d18_x11520_y64000.png,0.3428,229.84,384.13,234.58,389.12
ch2_ohr_ncp_20250123T0750012833_d_img_d18_x11520_y64000.png,0.3246,362.36,513.89,366.83,518.43
ch2_ohr_ncp_20250123T0750012833_d_img_d18_x11520_y64000.png,0.3004,429.82,572.36,434.59,577.09
ch2_ohr_ncp_20250123T0750012833_d_img_d18_x11520_y64000.png,0.2893,157.5,351.91,163.55,357.9
ch2_ohr_ncp_20250123T0750012833_d_img_d18_x11520_y64000.png,0.244,238.38,408.71,251.33,419.89
ch2_ohr_ncp_20250123T0750012833_d_img_d18_x11520_y64000.png,0.2297,156.21,407.72,159.91,411.56
ch2_ohr_ncp_20250123T0750012833_d_img_d18_x11520_y64000.png,0.2258,139.38,410.33,144.39,414.44
ch2_ohr_ncp_20250123T0750012833_d_img_d18_x11520_y64000.png,0.2239,253.99,30.4,261.43,36.24
ch2_ohr_ncp_20250123T0750012833_d_img_d18_x11520_y64000.png,0.2208,342.16,471.57,345.76,474.9
ch2_ohr_ncp_20250123T0750012833_d_img_d18_x11520_y64000.png,0.2167,473.04,435.11,478.97,440.76
ch2_ohr_ncp_20250123T0750012833_d_img_d18_x11520_y64000.png,0.2079,213.36,488.97,221.93,495.8
ch2_ohr_ncp_20250123T0750012833_d_img_d18_x11520_y64000.png,0.2057,221.86,323.66,228.77,329.48
ch2_ohr_ncp_20250123T0750012833_d_img_d18_x11520_y64000.png,0.2053,258.9,434.31,263.23,438.52
ch2_ohr_ncp_20250123T0750012833_d_img_d18_x11520_y64640.png,0.5093,207.75,250.01,212.19,254.64
ch2_ohr_ncp_20250123T0750012833_d_img_d18_x11520_y64640.png,0.4606,49.15,162.93,54.85,168.01
ch2_ohr_ncp_20250123T0750012833_d_img_d18_x11520_y64640.png,0.4543,110.52,192.3,116.61,198.67
ch2_ohr_ncp_20250123T0750012833_d_img_d18_x11520_y64640.png,0.4126,21.49,523.51,25.81,527.44
ch2_ohr_ncp_20250123T0750012833_d_img_d18_x11520_y64640.png,0.3871,97.12,571.32,103.11,577.93
ch2_ohr_ncp_20250123T0750012833_d_img_d18_x11520_y64640.png,0.3828,403.3,443.57,409.02,447.6
ch2_ohr_ncp_20250123T0750012833_d_img_d18_x11520_y64640.png,0.3824,307.79,88.74,314.13,94.87
ch2_ohr_ncp_20250123T0750012833_d_img_d18_x11520_y64640.png,0.3502,137.07,447.45,141.01,451.33
ch2_ohr_ncp_20250123T0750012833_d_img_d18_x11520_y64640.png,0.3501,459.02,57.98,467.75,65.65
ch2_ohr_ncp_20250123T0750012833_d_img_d18_x11520_y64640.png,0.3197,154.04,453.71,158.48,457.88
ch2_ohr_ncp_20250123T0750012833_d_img_d18_x11520_y64640.png,0.2955,360.99,113.01,366.15,118.35
ch2_ohr_ncp_20250123T0750012833_d_img_d18_x11520_y64640.png,0.2946,176.07,231.79,180.19,235.38
ch2_ohr_ncp_20250123T0750012833_d_img_d18_x11520_y64640.png,0.2575,188.88,396.76,194.36,401.59
ch2_ohr_ncp_20250123T0750012833_d_img_d18_x11520_y64640.png,0.2524,176.55,101.87,181.35,105.57
ch2_ohr_ncp_20250123T0750012833_d_img_d18_x11520_y64640.png,0.2475,374.61,411.6,379.3,415.99
ch2_ohr_ncp_20250123T0750012833_d_img_d18_x11520_y64640.png,0.2382,445.56,4.25,458.63,14.58
ch2_ohr_ncp_20250123T0750012833_d_img_d18_x11520_y64640.png,0.2328,424.94,546.26,429.89,550.73
ch2_ohr_ncp_20250123T0750012833_d_img_d18_x11520_y64640.png,0.2121,424.43,492.45,429.59,497.0
ch2_ohr_ncp_20250123T0750012833_d_img_d18_x11520_y64640.png,0.2119,293.2,594.13,298.28,599.3
ch2_ohr_ncp_20250123T0750012833_d_img_d18_x11520_y64640.png,0.2086,122.35,369.96,128.99,375.85
ch2_ohr_ncp_20250123T0750012833_d_img_d18_x11520_y65280.png,0.3361,375.76,504.01,388.01,517.31
ch2_ohr_ncp_20250123T0750012833_d_img_d18_x11520_y65280.png,0.2966,435.29,575.47,440.21,579.4
ch2_ohr_ncp_20250123T0750012833_d_img_d18_x11520_y65280.png,0.2907,341.36,528.64,346.49,533.75
ch2_ohr_ncp_20250123T0750012833_d_img_d18_x11520_y65280.png,0.2613,165.02,292.9,176.32,303.92
ch2_ohr_ncp_20250123T0750012833_d_img_d18_x11520_y65280.png,0.2363,61.29,460.68,65.54,464.02
ch2_ohr_ncp_20250123T0750012833_d_img_d18_x11520_y65280.png,0.2323,436.85,135.18,443.53,141.07
ch2_ohr_ncp_20250123T0750012833_d_img_d18_x11520_y65280.png,0.2014,204.38,566.75,212.61,574.91
ch2_ohr_ncp_20250123T0750012833_d_img_d18_x11520_y65280.png,0.2008,458.0,159.34,462.48,163.17
ch2_ohr_ncp_20250123T0750012833_d_img_d18_x11520_y65920.png,0.3299,396.78,387.29,403.15,393.04
ch2_ohr_ncp_20250123T0750012833_d_img_d18_x11520_y65920.png,0.3031,408.59,125.6,414.45,130.76
ch2_ohr_ncp_20250123T0750012833_d_img_d18_x11520_y65920.png,0.2953,416.24,416.23,432.64,431.19
ch2_ohr_ncp_20250123T0750012833_d_img_d18_x11520_y65920.png,0.2659,122.49,40.87,128.08,44.35
ch2_ohr_ncp_20250123T0750012833_d_img_d18_x11520_y65920.png,0.2575,451.48,541.22,455.12,544.98
ch2_ohr_ncp_20250123T0750012833_d_img_d18_x11520_y65920.png,0.2425,277.84,531.31,282.29,535.76
ch2_ohr_ncp_20250123T0750012833_d_img_d18_x11520_y65920.png,0.2254,173.07,69.89,178.39,74.44
ch2_ohr_ncp_20250123T0750012833_d_img_d18_x11520_y65920.png,0.2228,35.19,208.2,40.88,213.72
ch2_ohr_ncp_20250123T0750012833_d_img_d18_x11520_y65920.png,0.2091,340.46,515.55,350.09,525.19
ch2_ohr_ncp_20250123T0750012833_d_img_d18_x11520_y66560.png,0.3028,280.19,415.09,290.02,424.28
ch2_ohr_ncp_20250123T0750012833_d_img_d18_x11520_y66560.png,0.2415,344.13,171.34,351.47,177.12
ch2_ohr_ncp_20250123T0750012833_d_img_d18_x11520_y66560.png,0.2197,327.87,222.41,331.84,226.44
ch2_ohr_ncp_20250123T0750012833_d_img_d18_x11520_y66560.png,0.2158,353.98,349.29,360.81,355.27
ch2_ohr_ncp_20250123T0750012833_d_img_d18_x11520_y66560.png,0.2032,171.11,128.56,191.78,142.54
ch2_ohr_ncp_20250123T0750012833_d_img_d18_x11520_y67200.png,0.3739,52.31,232.85,59.77,238.61
ch2_ohr_ncp_20250123T0750012833_d_img_d18_x11520_y67200.png,0.3621,189.66,557.99,195.38,563.59
ch2_ohr_ncp_20250123T0750012833_d_img_d18_x11520_y67200.png,0.3465,309.07,149.43,318.87,157.87
ch2_ohr_ncp_20250123T0750012833_d_img_d18_x11520_y67200.png,0.3349,50.67,292.0,55.55,296.2
ch2_ohr_ncp_20250123T0750012833_d_img_d18_x11520_y67200.png,0.2937,68.14,524.31,73.15,528.06
ch2_ohr_ncp_20250123T0750012833_d_img_d18_x11520_y67200.png,0.2899,355.86,100.18,361.94,104.48
ch2_ohr_ncp_20250123T0750012833_d_img_d18_x11520_y67200.png,0.2814,204.36,139.97,209.53,144.26
ch2_ohr_ncp_20250123T0750012833_d_img_d18_x11520_y67200.png,0.2695,209.46,132.23,221.55,144.16
ch2_ohr_ncp_20250123T0750012833_d_img_d18_x11520_y67200.png,0.2651,204.55,141.89,209.56,146.11
ch2_ohr_ncp_20250123T0750012833_d_img_d18_x11520_y67200.png,0.2392,357.63,24.09,364.95,31.92
ch2_ohr_ncp_20250123T0750012833_d_img_d18_x11520_y67200.png,0.2303,40.48,35.27,46.22,40.19
ch2_ohr_ncp_20250123T0750012833_d_img_d18_x11520_y67840.png,0.3538,84.43,162.57,91.1,167.6
ch2_ohr_ncp_20250123T0750012833_d_img_d18_x11520_y67840.png,0.2895,93.07,159.62,99.0,165.31
ch2_ohr_ncp_20250123T0750012833_d_img_d18_x11520_y67840.png,0.2705,51.88,413.17,60.74,425.87
ch2_ohr_ncp_20250123T0750012833_d_img_d18_x11520_y67840.png,0.2581,111.35,164.11,119.47,170.41
ch2_ohr_ncp_20250123T0750012833_d_img_d18_x11520_y67840.png,0.2559,59.43,85.39,66.46,91.81
ch2_ohr_ncp_20250123T0750012833_d_img_d18_x11520_y67840.png,0.2503,180.71,160.41,185.64,165.52
ch2_ohr_ncp_20250123T0750012833_d_img_d18_x11520_y67840.png,0.2498,304.45,179.36,310.96,184.07
ch2_ohr_ncp_20250123T0750012833_d_img_d18_x11520_y67840.png,0.2468,66.21,97.1,70.45,101.11
ch2_ohr_ncp_20250123T0750012833_d_img_d18_x11520_y67840.png,0.2359,155.08,147.06,169.31,160.05
ch2_ohr_ncp_20250123T0750012833_d_img_d18_x11520_y67840.png,0.2354,69.79,193.75,80.47,202.68
ch2_ohr_ncp_20250123T0750012833_d_img_d18_x11520_y67840.png,0.2345,54.31,569.63,59.15,573.81
ch2_ohr_ncp_20250123T0750012833_d_img_d18_x11520_y67840.png,0.2328,123.4,108.36,128.63,112.91
ch2_ohr_ncp_20250123T0750012833_d_img_d18_x11520_y67840.png,0.2325,417.59,45.99,424.71,52.89
ch2_ohr_ncp_20250123T0750012833_d_img_d18_x11520_y67840.png,0.2271,304.82,179.27,311.67,185.09
ch2_ohr_ncp_20250123T0750012833_d_img_d18_x11520_y67840.png,0.2268,213.13,215.77,219.17,221.39
ch2_ohr_ncp_20250123T0750012833_d_img_d18_x11520_y67840.png,0.2231,24.35,509.3,29.8,514.49
ch2_ohr_ncp_20250123T0750012833_d_img_d18_x11520_y67840.png,0.2206,152.84,215.8,156.41,219.46
ch2_ohr_ncp_20250123T0750012833_d_img_d18_x11520_y67840.png,0.2101,92.25,124.52,100.03,129.66
ch2_ohr_ncp_20250123T0750012833_d_img_d18_x11520_y67840.png,0.2091,125.29,142.9,132.35,149.43
ch2_ohr_ncp_20250123T0750012833_d_img_d18_x11520_y67840.png,0.2074,234.41,484.4,239.62,488.67
ch2_ohr_ncp_20250123T0750012833_d_img_d18_x11520_y68480.png,0.2822,349.91,210.39,354.3,214.55
ch2_ohr_ncp_20250123T0750012833_d_img_d18_x11520_y68480.png,0.2523,229.27,494.49,235.01,498.77
ch2_ohr_ncp_20250123T0750012833_d_img_d18_x11520_y68480.png,0.24,201.13,162.41,205.38,166.87
ch2_ohr_ncp_20250123T0750012833_d_img_d18_x11520_y68480.png,0.2206,185.68,326.7,189.95,330.84
ch2_ohr_ncp_20250123T0750012833_d_img_d18_x11520_y68480.png,0.2148,2.41,177.3,8.64,182.94
ch2_ohr_ncp_20250123T0750012833_d_img_d18_x11520_y69120.png,0.5527,309.73,610.93,314.93,616.34
ch2_ohr_ncp_20250123T0750012833_d_img_d18_x11520_y69120.png,0.4927,366.28,353.9,370.59,358.32
ch2_ohr_ncp_20250123T0750012833_d_img_d18_x11520_y69120.png,0.431,213.07,584.6,225.49,598.16
ch2_ohr_ncp_20250123T0750012833_d_img_d18_x11520_y69120.png,0.4224,43.43,556.16,61.96,571.71
ch2_ohr_ncp_20250123T0750012833_d_img_d18_x11520_y69120.png,0.3961,52.09,87.4,59.43,93.36
ch2_ohr_ncp_20250123T0750012833_d_img_d18_x11520_y69120.png,0.3873,297.17,77.5,301.93,82.4
ch2_ohr_ncp_20250123T0750012833_d_img_d18_x11520_y69120.png,0.3705,243.0,549.06,248.18,553.51
ch2_ohr_ncp_20250123T0750012833_d_img_d18_x11520_y69120.png,0.3666,309.28,593.69,316.2,600.36
ch2_ohr_ncp_20250123T0750012833_d_img_d18_x11520_y69120.png,0.3642,253.49,414.23,258.31,418.52
ch2_ohr_ncp_20250123T0750012833_d_img_d18_x11520_y69120.png,0.3515,300.93,535.69,306.55,541.34
ch2_ohr_ncp_20250123T0750012833_d_img_d18_x11520_y69120.png,0.2837,91.94,556.69,98.13,562.59
ch2_ohr_ncp_20250123T0750012833_d_img_d18_x11520_y69120.png,0.283,70.79,228.65,81.26,237.19
ch2_ohr_ncp_20250123T0750012833_d_img_d18_x11520_y69120.png,0.2795,431.05,431.95,435.0,435.74
ch2_ohr_ncp_20250123T0750012833_d_img_d18_x11520_y69120.png,0.2748,347.07,131.32,352.39,135.96
ch2_ohr_ncp_20250123T0750012833_d_img_d18_x11520_y69120.png,0.2513,182.93,73.52,187.71,77.47
ch2_ohr_ncp_20250123T0750012833_d_img_d18_x11520_y69120.png,0.2005,325.05,334.82,330.28,341.27
ch2_ohr_ncp_20250123T0750012833_d_img_d18_x11520_y70400.png,0.2912,272.73,567.77,297.27,587.18
ch2_ohr_ncp_20250123T0750012833_d_img_d18_x11520_y70400.png,0.2011,84.82,466.0,92.36,473.55
ch2_ohr_ncp_20250123T0750012833_d_img_d18_x11520_y71040.png,0.2066,460.75,241.96,466.65,248.0
ch2_ohr_ncp_20250123T0750012833_d_img_d18_x11520_y71040.png,0.201,328.48,3.22,333.86,8.94
ch2_ohr_ncp_20250123T0750012833_d_img_d18_x11520_y71680.png,0.337,168.62,426.8,201.14,450.35
ch2_ohr_ncp_20250123T0750012833_d_img_d18_x11520_y71680.png,0.3242,88.38,340.57,95.51,346.59
ch2_ohr_ncp_20250123T0750012833_d_img_d18_x11520_y71680.png,0.294,9.84,195.62,15.27,200.77
ch2_ohr_ncp_20250123T0750012833_d_img_d18_x11520_y71680.png,0.2641,341.31,534.95,348.32,541.34
ch2_ohr_ncp_20250123T0750012833_d_img_d18_x11520_y71680.png,0.2534,228.59,314.53,234.15,319.28
ch2_ohr_ncp_20250123T0750012833_d_img_d18_x11520_y71680.png,0.2481,67.62,313.11,73.34,318.56
ch2_ohr_ncp_20250123T0750012833_d_img_d18_x11520_y71680.png,0.2393,202.04,627.34,208.54,632.47
ch2_ohr_ncp_20250123T0750012833_d_img_d18_x11520_y71680.png,0.2269,335.78,259.81,341.26,264.79
ch2_ohr_ncp_20250123T0750012833_d_img_d18_x11520_y71680.png,0.2214,49.14,318.11,64.34,331.03
ch2_ohr_ncp_20250123T0750012833_d_img_d18_x11520_y71680.png,0.2107,0.37,402.77,10.14,413.92
ch2_ohr_ncp_20250123T0750012833_d_img_d18_x11520_y71680.png,0.2063,4.51,150.17,9.98,154.55
ch2_ohr_ncp_20250227T1046517020_d_img_d18_x02560_y45440.png,0.2832,0.26,1.6,15.51,32.35
ch2_ohr_ncp_20250227T1046517020_d_img_d18_x03200_y39680.png,0.2791,624.16,628.77,629.55,633.15
ch2_ohr_ncp_20250303T0915317317_d_img_d18_x07040_y81920.png,0.3749,405.18,165.23,411.55,170.6
ch2_ohr_ncp_20250303T0915317317_d_img_d18_x07040_y81920.png,0.2679,526.16,215.83,533.31,223.88
ch2_ohr_ncp_20250303T0915317317_d_img_d18_x07040_y81920.png,0.2286,487.27,156.83,494.37,163.51
ch2_ohr_ncp_20250303T0915317317_d_img_d18_x07040_y81920.png,0.2249,457.0,141.73,463.24,147.32
ch2_ohr_ncp_20250303T0915317317_d_img_d18_x07680_y81920.png,0.3056,428.6,49.5,434.46,54.42
ch2_ohr_ncp_20250303T0915317317_d_img_d18_x07680_y81920.png,0.2406,390.0,38.83,395.47,44.34
ch2_ohr_ncp_20250303T0915317317_d_img_d18_x07680_y81920.png,0.2186,101.7,279.47,107.57,284.77
ch2_ohr_ncp_20250303T0915317317_d_img_d18_x08960_y82560.png,0.3977,535.27,41.89,542.36,47.65
ch2_ohr_ncp_20250303T0915317317_d_img_d18_x08960_y82560.png,0.3039,620.91,118.64,625.59,122.76
ch2_ohr_ncp_20250303T0915317317_d_img_d18_x08960_y82560.png,0.2412,634.96,28.72,640.0,35.62
ch2_ohr_ncp_20250303T0915317317_d_img_d18_x08960_y82560.png,0.2119,546.25,0.02,551.54,5.13
ch2_ohr_ncp_20250303T0915317317_d_img_d18_x10240_y82560.png,0.3829,583.12,384.18,587.31,388.79
ch2_ohr_ncp_20250303T0915317317_d_img_d18_x10240_y82560.png,0.2869,349.03,119.94,354.45,126.09
ch2_ohr_ncp_20250303T0915317317_d_img_d18_x10240_y82560.png,0.2395,582.29,113.88,587.2,118.76
ch2_ohr_ncp_20250303T0915317317_d_img_d18_x10240_y82560.png,0.2251,182.82,284.11,187.0,289.2
ch2_ohr_ncp_20250303T0915317317_d_img_d18_x10880_y83200.png,0.2129,426.92,153.81,434.08,168.1
ch2_ohr_ncp_20250303T0915317317_d_img_d18_x11520_y79360.png,0.2323,114.63,368.22,119.63,373.07
ch2_ohr_ncp_20250303T0915317317_d_img_d18_x11520_y79360.png,0.2277,349.97,631.25,355.31,635.49
ch2_ohr_ncp_20250303T0915317317_d_img_d18_x11520_y79360.png,0.2166,370.72,536.05,374.81,539.66
ch2_ohr_ncp_20250303T0915317317_d_img_d18_x11520_y79360.png,0.2164,212.78,140.51,218.03,145.17
ch2_ohr_ncp_20250303T0915317317_d_img_d18_x11520_y80000.png,0.3967,263.82,626.3,270.73,632.55
ch2_ohr_ncp_20250303T0915317317_d_img_d18_x11520_y80000.png,0.363,117.14,435.25,121.78,440.0
ch2_ohr_ncp_20250303T0915317317_d_img_d18_x11520_y80000.png,0.3416,129.17,618.54,134.5,623.24
ch2_ohr_ncp_20250303T0915317317_d_img_d18_x11520_y80000.png,0.3358,152.94,568.32,157.67,572.85
ch2_ohr_ncp_20250303T0915317317_d_img_d18_x11520_y80000.png,0.3161,36.13,590.71,41.3,594.81
ch2_ohr_ncp_20250303T0915317317_d_img_d18_x11520_y80000.png,0.3054,65.82,331.08,72.71,337.15
ch2_ohr_ncp_20250303T0915317317_d_img_d18_x11520_y80000.png,0.2619,65.38,618.32,70.03,622.79
ch2_ohr_ncp_20250303T0915317317_d_img_d18_x11520_y80000.png,0.2576,211.0,596.5,216.22,601.23
ch2_ohr_ncp_20250303T0915317317_d_img_d18_x11520_y80000.png,0.2567,67.48,458.3,72.59,462.72
ch2_ohr_ncp_20250303T0915317317_d_img_d18_x11520_y80000.png,0.2334,295.15,18.37,300.21,24.08
ch2_ohr_ncp_20250303T0915317317_d_img_d18_x11520_y80000.png,0.226,125.93,541.51,131.14,546.22
ch2_ohr_ncp_20250303T0915317317_d_img_d18_x11520_y80000.png,0.2116,334.92,170.63,339.59,174.88
ch2_ohr_ncp_20250303T0915317317_d_img_d18_x11520_y80000.png,0.2072,114.02,612.84,119.47,617.37
ch2_ohr_ncp_20250303T0915317317_d_img_d18_x11520_y80000.png,0.2071,467.78,435.67,472.44,440.45
ch2_ohr_ncp_20250303T0915317317_d_img_d18_x11520_y81920.png,0.4915,116.4,554.39,121.62,558.8
ch2_ohr_ncp_20250303T0915317317_d_img_d18_x11520_y81920.png,0.4503,237.83,2.49,243.54,8.15
ch2_ohr_ncp_20250303T0915317317_d_img_d18_x11520_y81920.png,0.334,34.4,388.75,39.06,393.61
ch2_ohr_ncp_20250303T0915317317_d_img_d18_x11520_y81920.png,0.3313,241.34,18.53,245.88,22.47
ch2_ohr_ncp_20250303T0915317317_d_img_d18_x11520_y81920.png,0.3221,351.18,28.02,358.07,34.91
ch2_ohr_ncp_20250303T0915317317_d_img_d18_x11520_y81920.png,0.2804,118.83,520.91,123.75,525.94
ch2_ohr_ncp_20250303T0915317317_d_img_d18_x11520_y81920.png,0.2196,377.71,136.7,385.61,142.96
ch2_ohr_ncp_20250303T0915317317_d_img_d18_x11520_y82560.png,0.4465,400.48,353.42,406.3,359.73
ch2_ohr_ncp_20250303T0915317317_d_img_d18_x11520_y82560.png,0.4253,75.07,133.41,81.59,139.96
ch2_ohr_ncp_20250303T0915317317_d_img_d18_x11520_y82560.png,0.3717,211.35,595.57,222.36,605.95
ch2_ohr_ncp_20250303T0915317317_d_img_d18_x11520_y82560.png,0.3572,412.5,384.54,421.96,392.06
ch2_ohr_ncp_20250303T0915317317_d_img_d18_x11520_y82560.png,0.3259,460.91,547.53,467.21,552.37
ch2_ohr_ncp_20250303T0915317317_d_img_d18_x11520_y82560.png,0.3141,143.04,587.51,149.01,592.62
ch2_ohr_ncp_20250303T0915317317_d_img_d18_x11520_y82560.png,0.3088,414.59,566.96,419.04,570.77
ch2_ohr_ncp_20250303T0915317317_d_img_d18_x11520_y82560.png,0.2904,312.73,479.33,317.31,483.52
ch2_ohr_ncp_20250303T0915317317_d_img_d18_x11520_y82560.png,0.2824,318.15,288.65,323.39,293.1
ch2_ohr_ncp_20250303T0915317317_d_img_d18_x11520_y82560.png,0.2616,25.58,161.8,32.01,167.09
ch2_ohr_ncp_20250303T0915317317_d_img_d18_x11520_y83200.png,0.4202,469.77,357.95,474.3,361.77
ch2_ohr_ncp_20250303T0915317317_d_img_d18_x11520_y83200.png,0.3089,390.54,277.03,395.14,281.08
ch2_ohr_ncp_20250303T1114102638_d_img_d18_x00000_y84480.png,0.2377,501.88,344.55,505.79,348.32
ch2_ohr_ncp_20250303T1114102638_d_img_d18_x00000_y84480.png,0.23,526.19,91.33,530.43,95.24
ch2_ohr_ncp_20250303T1114102638_d_img_d18_x00000_y84480.png,0.2027,622.16,243.39,626.34,247.23
ch2_ohr_ncp_20250303T1114102638_d_img_d18_x00000_y84480.png,0.2025,621.97,133.51,626.87,138.26
ch2_ohr_ncp_20250303T1114102638_d_img_d18_x00000_y84480.png,0.2025,484.23,49.24,490.05,54.14
ch2_ohr_ncp_20250303T1114102638_d_img_d18_x01920_y85120.png,0.265,624.47,151.99,628.62,156.87
ch2_ohr_ncp_20250303T1114102638_d_img_d18_x02560_y63360.png,0.2149,400.31,7.3,404.8,11.15
ch2_ohr_ncp_20250303T1114102638_d_img_d18_x02560_y85120.png,0.5732,613.95,29.93,622.27,40.86
ch2_ohr_ncp_20250303T1114102638_d_img_d18_x03200_y70400.png,0.2112,483.85,400.28,488.54,405.11
ch2_ohr_ncp_20250303T1114102638_d_img_d18_x03840_y85760.png,0.2253,571.3,100.55,577.11,104.98
ch2_ohr_ncp_20250303T1114102638_d_img_d18_x03840_y85760.png,0.2021,624.33,413.0,628.71,417.35
ch2_ohr_ncp_20250303T1114102638_d_img_d18_x03840_y85760.png,0.2008,526.22,348.98,530.56,354.25
ch2_ohr_ncp_20250303T1114102638_d_img_d18_x04480_y85760.png,0.2441,523.5,47.04,527.81,51.33
ch2_ohr_ncp_20250303T1114102638_d_img_d18_x05120_y86400.png,0.3884,630.17,228.99,636.76,234.23
ch2_ohr_ncp_20250303T1114102638_d_img_d18_x05760_y86400.png,0.2594,342.1,379.34,347.73,384.61
ch2_ohr_ncp_20250303T1114102638_d_img_d18_x06400_y67840.png,0.2668,631.39,53.57,638.47,60.37
ch2_ohr_ncp_20250303T1114102638_d_img_d18_x06400_y67840.png,0.2251,613.91,18.93,621.66,26.05
ch2_ohr_ncp_20250303T1114102638_d_img_d18_x07040_y87040.png,0.4063,569.3,150.62,576.14,157.62
ch2_ohr_ncp_20250303T1114102638_d_img_d18_x07040_y87040.png,0.293,409.08,55.62,414.85,61.84
ch2_ohr_ncp_20250303T1114102638_d_img_d18_x08960_y87680.png,0.3781,264.37,396.89,269.62,401.68
ch2_ohr_ncp_20250303T1114102638_d_img_d18_x08960_y87680.png,0.3344,513.9,441.2,518.12,445.88
ch2_ohr_ncp_20250303T1114102638_d_img_d18_x08960_y87680.png,0.2539,20.8,63.11,25.19,67.12
ch2_ohr_ncp_20250303T1114102638_d_img_d18_x08960_y87680.png,0.2076,341.15,86.34,346.89,93.47
ch2_ohr_ncp_20250303T1114102638_d_img_d18_x09600_y87680.png,0.2619,408.06,17.7,411.56,22.13
ch2_ohr_ncp_20250303T1114102638_d_img_d18_x09600_y87680.png,0.2265,161.11,25.46,164.11,28.93
ch2_ohr_ncp_20250303T1114102638_d_img_d18_x09600_y87680.png,0.2258,252.01,0.01,257.85,3.63
ch2_ohr_ncp_20250303T1114102638_d_img_d18_x09600_y87680.png,0.2225,533.65,284.2,536.9,287.9
ch2_ohr_ncp_20250303T1114102638_d_img_d18_x09600_y87680.png,0.2217,534.22,284.14,537.39,287.73
ch2_ohr_ncp_20250303T1114102638_d_img_d18_x09600_y87680.png,0.2061,501.2,24.13,506.06,29.37
ch2_ohr_ncp_20250303T1114102638_d_img_d18_x10240_y88320.png,0.4661,5.27,111.22,10.07,115.55
ch2_ohr_ncp_20250303T1114102638_d_img_d18_x10240_y88320.png,0.448,332.56,484.83,337.22,489.13
ch2_ohr_ncp_20250303T1114102638_d_img_d18_x10240_y88320.png,0.3648,561.17,346.36,565.22,351.33
ch2_ohr_ncp_20250303T1114102638_d_img_d18_x10240_y88320.png,0.3013,590.54,283.98,597.35,291.55
ch2_ohr_ncp_20250303T1114102638_d_img_d18_x10240_y88320.png,0.2785,494.78,573.76,501.33,580.36
ch2_ohr_ncp_20250303T1114102638_d_img_d18_x10240_y88320.png,0.2402,389.0,13.41,392.85,17.35
ch2_ohr_ncp_20250303T1114102638_d_img_d18_x10240_y88320.png,0.2359,636.71,93.16,640.0,98.68
ch2_ohr_ncp_20250303T1114102638_d_img_d18_x10240_y88320.png,0.2187,591.36,285.58,597.06,291.78
ch2_ohr_ncp_20250303T1114102638_d_img_d18_x10240_y88320.png,0.2054,444.67,207.06,451.04,213.94
ch2_ohr_ncp_20250303T1114102638_d_img_d18_x11520_y81920.png,0.3845,364.66,609.77,370.65,617.3
ch2_ohr_ncp_20250303T1114102638_d_img_d18_x11520_y81920.png,0.2028,311.36,529.83,316.87,535.93
ch2_ohr_ncp_20250303T1114102638_d_img_d18_x11520_y82560.png,0.3566,236.81,537.93,242.5,544.85
ch2_ohr_ncp_20250303T1114102638_d_img_d18_x11520_y82560.png,0.2944,72.38,475.69,77.76,480.83
ch2_ohr_ncp_20250303T1114102638_d_img_d18_x11520_y82560.png,0.2632,315.75,345.65,320.82,350.3
ch2_ohr_ncp_20250303T1114102638_d_img_d18_x11520_y82560.png,0.2172,0.0,326.99,3.19,331.25
ch2_ohr_ncp_20250303T1114102638_d_img_d18_x11520_y83200.png,0.4358,399.99,587.55,405.73,592.85
ch2_ohr_ncp_20250303T1114102638_d_img_d18_x11520_y83200.png,0.3294,24.78,73.5,29.11,79.58
ch2_ohr_ncp_20250303T1114102638_d_img_d18_x11520_y83200.png,0.3138,404.37,120.11,410.94,127.29
ch2_ohr_ncp_20250303T1114102638_d_img_d18_x11520_y83200.png,0.2567,446.08,309.89,450.31,313.96
ch2_ohr_ncp_20250303T1114102638_d_img_d18_x11520_y83200.png,0.219,353.24,293.3,357.71,297.93
ch2_ohr_ncp_20250303T1114102638_d_img_d18_x11520_y83200.png,0.2073,282.19,26.01,287.29,31.0
ch2_ohr_ncp_20250303T1114102638_d_img_d18_x11520_y83200.png,0.2027,317.54,7.67,322.08,13.16
ch2_ohr_ncp_20250303T1114102638_d_img_d18_x11520_y83840.png,0.3481,404.6,539.8,409.75,544.27
ch2_ohr_ncp_20250303T1114102638_d_img_d18_x11520_y83840.png,0.2983,443.59,101.23,449.49,107.42
ch2_ohr_ncp_20250303T1114102638_d_img_d18_x11520_y83840.png,0.2844,210.32,0.02,217.59,6.09
ch2_ohr_ncp_20250303T1114102638_d_img_d18_x11520_y83840.png,0.2704,283.28,163.62,292.37,172.11
ch2_ohr_ncp_20250303T1114102638_d_img_d18_x11520_y83840.png,0.2519,405.56,532.11,411.16,537.44
ch2_ohr_ncp_20250303T1114102638_d_img_d18_x11520_y83840.png,0.2242,472.19,161.36,479.73,172.37
ch2_ohr_ncp_20250303T1114102638_d_img_d18_x11520_y83840.png,0.2181,174.81,0.0,194.37,6.19
ch2_ohr_ncp_20250303T1114102638_d_img_d18_x11520_y83840.png,0.2079,124.0,178.64,128.48,183.46
ch2_ohr_ncp_20250303T1114102638_d_img_d18_x11520_y83840.png,0.2078,475.26,231.1,480.0,238.93
ch2_ohr_ncp_20250303T1114102638_d_img_d18_x11520_y84480.png,0.3961,20.14,106.42,25.31,111.62
ch2_ohr_ncp_20250303T1114102638_d_img_d18_x11520_y84480.png,0.3321,388.38,123.43,392.34,127.56
ch2_ohr_ncp_20250303T1114102638_d_img_d18_x11520_y85120.png,0.4121,48.72,565.65,53.57,570.25
ch2_ohr_ncp_20250303T1114102638_d_img_d18_x11520_y85120.png,0.3083,84.44,633.83,88.71,639.21
ch2_ohr_ncp_20250303T1114102638_d_img_d18_x11520_y85120.png,0.3008,318.14,434.07,322.64,438.99
ch2_ohr_ncp_20250303T1114102638_d_img_d18_x11520_y85120.png,0.2075,91.91,595.17,97.45,601.1
ch2_ohr_ncp_20250303T1114102638_d_img_d18_x11520_y85760.png,0.4981,67.82,532.9,74.33,537.64
ch2_ohr_ncp_20250303T1114102638_d_img_d18_x11520_y85760.png,0.4934,426.48,392.18,430.82,396.91
ch2_ohr_ncp_20250303T1114102638_d_img_d18_x11520_y85760.png,0.475,223.43,488.74,228.6,494.78
ch2_ohr_ncp_20250303T1114102638_d_img_d18_x11520_y85760.png,0.4248,11.22,333.65,15.38,337.61
ch2_ohr_ncp_20250303T1114102638_d_img_d18_x11520_y85760.png,0.3951,428.67,71.66,435.72,78.36
ch2_ohr_ncp_20250303T1114102638_d_img_d18_x11520_y85760.png,0.3626,378.53,24.14,384.1,29.81
ch2_ohr_ncp_20250303T1114102638_d_img_d18_x11520_y85760.png,0.3268,472.38,471.95,476.33,476.51
ch2_ohr_ncp_20250303T1114102638_d_img_d18_x11520_y85760.png,0.2934,397.12,82.91,403.67,90.83
ch2_ohr_ncp_20250303T1114102638_d_img_d18_x11520_y85760.png,0.2695,428.84,71.22,435.52,76.62
ch2_ohr_ncp_20250303T1114102638_d_img_d18_x11520_y85760.png,0.2234,231.61,519.84,235.28,523.43
ch2_ohr_ncp_20250303T1114102638_d_img_d18_x11520_y85760.png,0.209,417.44,104.09,421.15,107.79
ch2_ohr_ncp_20250303T1114102638_d_img_d18_x11520_y85760.png,0.2036,415.41,42.55,419.54,47.46
ch2_ohr_ncp_20250303T1114102638_d_img_d18_x11520_y86400.png,0.5627,295.63,130.46,302.89,137.99
ch2_ohr_ncp_20250303T1114102638_d_img_d18_x11520_y86400.png,0.4848,168.77,622.87,173.31,626.98
ch2_ohr_ncp_20250303T1114102638_d_img_d18_x11520_y86400.png,0.3564,173.05,617.9,177.27,622.79
ch2_ohr_ncp_20250303T1114102638_d_img_d18_x11520_y86400.png,0.239,105.47,286.51,112.14,292.78
ch2_ohr_ncp_20250303T1114102638_d_img_d18_x11520_y86400.png,0.2343,71.79,613.98,81.11,625.43
ch2_ohr_ncp_20250303T1114102638_d_img_d18_x11520_y86400.png,0.2186,85.62,261.89,91.3,267.75
ch2_ohr_ncp_20250303T1114102638_d_img_d18_x11520_y87040.png,0.4824,162.6,412.1,166.89,416.68
ch2_ohr_ncp_20250303T1114102638_d_img_d18_x11520_y87040.png,0.4075,141.0,431.15,145.08,435.67
ch2_ohr_ncp_20250303T1114102638_d_img_d18_x11520_y87040.png,0.3737,154.75,415.43,158.02,419.12
ch2_ohr_ncp_20250303T1114102638_d_img_d18_x11520_y87040.png,0.3399,148.77,425.6,152.3,429.72
ch2_ohr_ncp_20250303T1114102638_d_img_d18_x11520_y87680.png,0.5214,312.37,485.84,318.14,491.41
ch2_ohr_ncp_20250303T1114102638_d_img_d18_x11520_y87680.png,0.4864,330.58,518.09,335.99,522.88
ch2_ohr_ncp_20250303T1114102638_d_img_d18_x11520_y87680.png,0.4689,181.72,375.8,186.46,381.15
ch2_ohr_ncp_20250303T1114102638_d_img_d18_x11520_y87680.png,0.4405,245.6,626.65,251.1,633.37
ch2_ohr_ncp_20250303T1114102638_d_img_d18_x11520_y87680.png,0.4216,340.18,292.62,345.31,298.53
ch2_ohr_ncp_20250303T1114102638_d_img_d18_x11520_y87680.png,0.4081,256.97,83.79,264.03,90.91
ch2_ohr_ncp_20250303T1114102638_d_img_d18_x11520_y87680.png,0.3682,344.09,374.61,348.37,379.49
ch2_ohr_ncp_20250303T1114102638_d_img_d18_x11520_y87680.png,0.3542,140.82,366.13,145.41,370.43
ch2_ohr_ncp_20250303T1114102638_d_img_d18_x11520_y87680.png,0.3526,354.22,174.96,362.04,183.68
ch2_ohr_ncp_20250303T1114102638_d_img_d18_x11520_y87680.png,0.2789,16.5,0.08,22.28,6.07
ch2_ohr_ncp_20250303T1114102638_d_img_d18_x11520_y87680.png,0.236,236.13,539.24,241.61,545.29
ch2_ohr_ncp_20250303T1114102638_d_img_d18_x11520_y87680.png,0.2322,84.67,249.26,91.01,255.48
ch2_ohr_ncp_20250303T1114102638_d_img_d18_x11520_y88320.png,0.4792,406.57,49.81,412.58,57.85
ch2_ohr_ncp_20250303T1114102638_d_img_d18_x11520_y88320.png,0.3822,1.52,615.67,21.79,638.25
ch2_ohr_ncp_20250303T1114102638_d_img_d18_x11520_y88320.png,0.2958,355.95,162.49,358.55,166.33
ch2_ohr_ncp_20250303T1114102638_d_img_d18_x11520_y88320.png,0.2854,344.05,83.34,348.83,88.27
ch2_ohr_ncp_20250303T1114102638_d_img_d18_x11520_y88320.png,0.2493,360.61,166.17,366.27,171.92
ch2_ohr_ncp_20250303T1114102638_d_img_d18_x11520_y88320.png,0.2409,395.51,489.03,400.76,494.34
ch2_ohr_ncp_20250303T1114102638_d_img_d18_x11520_y88320.png,0.2354,402.21,552.48,406.04,556.53
ch2_ohr_ncp_20250303T1114102638_d_img_d18_x11520_y88320.png,0.2347,415.64,522.93,420.0,527.29
ch2_ohr_ncp_20250303T1114102638_d_img_d18_x11520_y88320.png,0.223,402.62,203.08,407.69,207.15
ch2_ohr_ncp_20250303T1114102638_d_img_d18_x11520_y88320.png,0.2053,403.49,203.23,408.16,206.81
ch2_ohr_ncp_20250303T1114102638_d_img_d18_x11520_y88960.png,0.5526,236.07,175.82,244.03,184.56
ch2_ohr_ncp_20250303T1114102638_d_img_d18_x11520_y88960.png,0.5148,75.83,412.6,81.19,417.22
ch2_ohr_ncp_20250303T1114102638_d_img_d18_x11520_y88960.png,0.4482,90.08,366.25,95.08,370.14
ch2_ohr_ncp_20250303T1114102638_d_img_d18_x11520_y88960.png,0.4062,117.37,408.79,122.36,412.77
ch2_ohr_ncp_20250303T1114102638_d_img_d18_x11520_y88960.png,0.3018,151.54,182.4,155.66,185.99
ch2_ohr_ncp_20250303T1114102638_d_img_d18_x11520_y88960.png,0.2498,108.76,408.22,113.36,412.6
ch2_ohr_ncp_20250303T1114102638_d_img_d18_x11520_y88960.png,0.2332,448.51,585.36,453.43,590.06
ch2_ohr_ncp_20250304T0655103610_d_img_d18_x00000_y83840.png,0.2124,372.46,309.4,375.87,313.0
ch2_ohr_ncp_20250304T0655103610_d_img_d18_x00000_y83840.png,0.211,584.5,630.21,591.16,637.35
ch2_ohr_ncp_20250304T0655103610_d_img_d18_x00640_y84480.png,0.3079,522.78,253.03,530.58,258.5
ch2_ohr_ncp_20250304T0655103610_d_img_d18_x01280_y84480.png,0.2312,145.85,395.57,149.12,399.22
ch2_ohr_ncp_20250304T0655103610_d_img_d18_x01280_y85120.png,0.5957,517.27,371.31,522.17,376.29
ch2_ohr_ncp_20250304T0655103610_d_img_d18_x01280_y85120.png,0.367,392.14,124.86,396.08,129.7
ch2_ohr_ncp_20250304T0655103610_d_img_d18_x01280_y85120.png,0.3267,610.65,259.28,615.24,263.58
ch2_ohr_ncp_20250304T0655103610_d_img_d18_x01280_y85120.png,0.3162,208.33,98.76,212.47,103.1
ch2_ohr_ncp_20250304T0655103610_d_img_d18_x01920_y85120.png,0.287,624.78,39.36,629.2,44.78
ch2_ohr_ncp_20250304T0655103610_d_img_d18_x01920_y85760.png,0.4082,385.86,76.9,390.56,82.31
ch2_ohr_ncp_20250304T0655103610_d_img_d18_x01920_y85760.png,0.2708,286.64,269.04,293.89,274.78
ch2_ohr_ncp_20250304T0655103610_d_img_d18_x01920_y85760.png,0.2287,597.43,94.03,601.74,99.19
ch2_ohr_ncp_20250304T0655103610_d_img_d18_x02560_y85760.png,0.2292,110.22,498.32,116.16,503.75
ch2_ohr_ncp_20250304T0655103610_d_img_d18_x02560_y86400.png,0.4012,426.72,257.16,432.26,262.16
ch2_ohr_ncp_20250304T0655103610_d_img_d18_x02560_y86400.png,0.3667,402.83,300.77,408.13,305.49
ch2_ohr_ncp_20250304T0655103610_d_img_d18_x02560_y86400.png,0.2623,524.56,86.65,528.16,90.01
ch2_ohr_ncp_20250304T0655103610_d_img_d18_x02560_y86400.png,0.2028,445.52,305.31,450.68,309.73
ch2_ohr_ncp_20250304T0655103610_d_img_d18_x03200_y85760.png,0.2345,282.92,156.35,287.72,160.99
ch2_ohr_ncp_20250304T0655103610_d_img_d18_x03200_y86400.png,0.5379,616.92,401.41,621.99,406.21
ch2_ohr_ncp_20250304T0655103610_d_img_d18_x03200_y86400.png,0.5134,554.03,347.03,558.44,352.43
ch2_ohr_ncp_20250304T0655103610_d_img_d18_x03200_y86400.png,0.3934,520.05,429.57,524.87,435.61
ch2_ohr_ncp_20250304T0655103610_d_img_d18_x03200_y86400.png,0.3842,524.62,397.28,528.6,401.91
ch2_ohr_ncp_20250304T0655103610_d_img_d18_x03200_y86400.png,0.3193,492.01,406.47,495.86,411.26
ch2_ohr_ncp_20250304T0655103610_d_img_d18_x03840_y87040.png,0.286,85.78,123.39,90.83,127.8
ch2_ohr_ncp_20250304T0655103610_d_img_d18_x04480_y81280.png,0.382,599.71,241.95,609.74,253.37
ch2_ohr_ncp_20250304T0655103610_d_img_d18_x04480_y81280.png,0.2382,590.52,423.08,594.55,426.28
ch2_ohr_ncp_20250304T0655103610_d_img_d18_x04480_y87040.png,0.3285,19.39,437.59,23.64,441.85
ch2_ohr_ncp_20250304T0655103610_d_img_d18_x04480_y87040.png,0.2602,398.4,567.59,402.58,573.01
ch2_ohr_ncp_20250304T0655103610_d_img_d18_x04480_y87040.png,0.2498,119.1,188.13,123.73,193.0
ch2_ohr_ncp_20250304T0655103610_d_img_d18_x04480_y87040.png,0.2104,18.45,367.68,23.19,372.52
ch2_ohr_ncp_20250304T0655103610_d_img_d18_x04480_y87040.png,0.2032,431.23,485.51,435.1,489.28
ch2_ohr_ncp_20250304T0655103610_d_img_d18_x04480_y87680.png,0.272,264.52,63.53,270.91,70.14
ch2_ohr_ncp_20250304T0655103610_d_img_d18_x04480_y87680.png,0.2596,605.11,388.99,609.71,393.41
ch2_ohr_ncp_20250304T0655103610_d_img_d18_x05120_y87680.png,0.3047,331.76,395.18,336.94,399.46
ch2_ohr_ncp_20250304T0655103610_d_img_d18_x05120_y87680.png,0.291,284.2,198.89,290.1,207.16
ch2_ohr_ncp_20250304T0655103610_d_img_d18_x05120_y87680.png,0.2901,251.33,374.35,255.4,378.28
ch2_ohr_ncp_20250304T0655103610_d_img_d18_x05120_y87680.png,0.2658,623.34,397.94,628.95,402.55
ch2_ohr_ncp_20250304T0655103610_d_img_d18_x05120_y87680.png,0.2305,191.56,350.59,195.13,354.36
ch2_ohr_ncp_20250304T0655103610_d_img_d18_x05120_y87680.png,0.2183,372.53,344.75,377.94,349.24
ch2_ohr_ncp_20250304T0655103610_d_img_d18_x05760_y83840.png,0.2442,245.99,136.44,295.42,196.47
ch2_ohr_ncp_20250304T0655103610_d_img_d18_x05760_y88320.png,0.5528,478.27,446.63,484.08,454.95
ch2_ohr_ncp_20250304T0655103610_d_img_d18_x05760_y88320.png,0.4786,204.63,342.65,210.96,349.89
ch2_ohr_ncp_20250304T0655103610_d_img_d18_x05760_y88320.png,0.4345,494.32,447.54,498.72,451.94
ch2_ohr_ncp_20250304T0655103610_d_img_d18_x05760_y88320.png,0.3279,494.14,442.31,498.99,448.39
ch2_ohr_ncp_20250304T0655103610_d_img_d18_x05760_y88320.png,0.27,501.26,159.81,514.12,171.92
ch2_ohr_ncp_20250304T0655103610_d_img_d18_x05760_y88320.png,0.2565,33.59,247.29,38.81,253.7
ch2_ohr_ncp_20250304T0655103610_d_img_d18_x05760_y88320.png,0.2559,483.04,103.47,490.46,113.44
ch2_ohr_ncp_20250304T0655103610_d_img_d18_x05760_y88320.png,0.2341,83.99,243.63,89.79,248.78
ch2_ohr_ncp_20250304T0655103610_d_img_d18_x05760_y88320.png,0.2192,560.49,426.59,573.65,446.59
ch2_ohr_ncp_20250304T0655103610_d_img_d18_x05760_y88320.png,0.2068,382.29,335.09,391.88,345.45
ch2_ohr_ncp_20250304T0655103610_d_img_d18_x06400_y88960.png,0.2223,199.47,307.11,204.73,311.8
ch2_ohr_ncp_20250304T0655103610_d_img_d18_x06400_y88960.png,0.2035,364.2,614.92,369.43,619.45
ch2_ohr_ncp_20250304T0655103610_d_img_d18_x07040_y81920.png,0.3248,72.73,592.73,79.04,600.23
ch2_ohr_ncp_20250304T0655103610_d_img_d18_x07040_y88960.png,0.2194,521.84,140.45,525.96,144.91
ch2_ohr_ncp_20250304T0655103610_d_img_d18_x07680_y90240.png,0.3555,474.15,91.09,480.95,97.14
ch2_ohr_ncp_20250304T0655103610_d_img_d18_x07680_y90240.png,0.2892,405.84,41.17,412.51,48.49
ch2_ohr_ncp_20250304T0655103610_d_img_d18_x07680_y90240.png,0.2567,475.36,91.24,481.67,97.44
ch2_ohr_ncp_20250304T0655103610_d_img_d18_x07680_y90240.png,0.222,473.55,92.75,478.38,98.06
ch2_ohr_ncp_20250304T0655103610_d_img_d18_x08320_y90240.png,0.5133,352.34,213.34,359.56,223.19
ch2_ohr_ncp_20250304T0655103610_d_img_d18_x08320_y90240.png,0.4805,309.3,278.02,324.17,289.69
ch2_ohr_ncp_20250304T0655103610_d_img_d18_x08320_y90240.png,0.4322,239.44,312.39,243.42,316.52
ch2_ohr_ncp_20250304T0655103610_d_img_d18_x08320_y90240.png,0.3939,431.44,480.87,437.92,489.78
ch2_ohr_ncp_20250304T0655103610_d_img_d18_x08320_y90240.png,0.3927,358.53,406.88,362.74,410.91
ch2_ohr_ncp_20250304T0655103610_d_img_d18_x08320_y90240.png,0.3618,272.82,266.59,276.93,270.48
ch2_ohr_ncp_20250304T0655103610_d_img_d18_x08320_y90240.png,0.3482,430.85,481.69,436.65,489.81
ch2_ohr_ncp_20250304T0655103610_d_img_d18_x08320_y90240.png,0.3472,385.82,410.95,389.67,414.85
ch2_ohr_ncp_20250304T0655103610_d_img_d18_x08320_y90240.png,0.2909,476.89,609.51,482.53,614.56
ch2_ohr_ncp_20250304T0655103610_d_img_d18_x08320_y90240.png,0.2763,332.04,414.65,335.91,421.16
ch2_ohr_ncp_20250304T0655103610_d_img_d18_x08320_y90240.png,0.2587,218.68,304.41,222.54,309.15
ch2_ohr_ncp_20250304T0655103610_d_img_d18_x08320_y90240.png,0.2574,348.43,412.46,352.4,417.93
ch2_ohr_ncp_20250304T0655103610_d_img_d18_x08320_y90240.png,0.2496,297.89,288.16,303.66,293.64
ch2_ohr_ncp_20250304T0655103610_d_img_d18_x08320_y90240.png,0.249,366.17,342.63,370.21,346.36
ch2_ohr_ncp_20250304T0655103610_d_img_d18_x08320_y90240.png,0.2412,275.04,284.69,278.6,288.26
ch2_ohr_ncp_20250304T0655103610_d_img_d18_x08320_y90240.png,0.228,275.63,284.64,279.37,288.21
ch2_ohr_ncp_20250304T0655103610_d_img_d18_x08320_y90240.png,0.2279,385.11,411.16,389.16,415.05
ch2_ohr_ncp_20250304T0655103610_d_img_d18_x08320_y90240.png,0.2265,375.52,417.83,380.1,423.05
ch2_ohr_ncp_20250304T0655103610_d_img_d18_x08320_y90880.png,0.2227,500.7,0.78,507.23,6.74
ch2_ohr_ncp_20250304T0655103610_d_img_d18_x08960_y90880.png,0.5969,161.01,303.17,168.88,311.78
ch2_ohr_ncp_20250304T0655103610_d_img_d18_x08960_y90880.png,0.3591,111.37,260.64,121.74,270.77
ch2_ohr_ncp_20250304T0655103610_d_img_d18_x09600_y82560.png,0.2282,440.73,427.1,509.61,484.13
ch2_ohr_ncp_20250304T0655103610_d_img_d18_x10240_y91520.png,0.5008,18.24,33.01,26.61,45.56
ch2_ohr_ncp_20250304T0655103610_d_img_d18_x10240_y91520.png,0.2998,218.95,582.68,225.54,589.88
ch2_ohr_ncp_20250304T0655103610_d_img_d18_x10240_y91520.png,0.2474,89.8,378.51,94.09,383.6
ch2_ohr_ncp_20250304T0655103610_d_img_d18_x10240_y91520.png,0.234,500.18,570.86,503.48,574.79
ch2_ohr_ncp_20250304T0655103610_d_img_d18_x10240_y92160.png,0.6102,496.76,112.44,508.09,122.64
ch2_ohr_ncp_20250304T0655103610_d_img_d18_x10240_y92160.png,0.6058,350.89,310.61,356.93,318.93
ch2_ohr_ncp_20250304T0655103610_d_img_d18_x10240_y92160.png,0.563,483.15,158.35,490.36,167.53
ch2_ohr_ncp_20250304T0655103610_d_img_d18_x10240_y92160.png,0.56,371.81,20.25,379.48,26.61
ch2_ohr_ncp_20250304T0655103610_d_img_d18_x10240_y92160.png,0.5598,445.85,311.22,450.85,317.06
ch2_ohr_ncp_20250304T0655103610_d_img_d18_x10240_y92160.png,0.5589,416.6,131.5,422.23,137.6
ch2_ohr_ncp_20250304T0655103610_d_img_d18_x10240_y92160.png,0.5493,452.9,173.01,458.15,179.03
ch2_ohr_ncp_20250304T0655103610_d_img_d18_x10240_y92160.png,0.5259,453.1,208.65,461.69,218.57
ch2_ohr_ncp_20250304T0655103610_d_img_d18_x10240_y92160.png,0.5097,458.25,160.41,463.51,165.94
ch2_ohr_ncp_20250304T0655103610_d_img_d18_x10240_y92160.png,0.5081,441.29,261.13,446.31,268.93
ch2_ohr_ncp_20250304T0655103610_d_img_d18_x10240_y92160.png,0.5003,448.62,219.54,454.99,225.43
ch2_ohr_ncp_20250304T0655103610_d_img_d18_x10240_y92160.png,0.4576,566.92,409.95,575.32,416.91
ch2_ohr_ncp_20250304T0655103610_d_img_d18_x10240_y92160.png,0.4433,537.83,163.74,544.62,173.0
ch2_ohr_ncp_20250304T0655103610_d_img_d18_x10240_y92160.png,0.4393,522.14,232.79,529.56,242.61
ch2_ohr_ncp_20250304T0655103610_d_img_d18_x10240_y92160.png,0.4131,500.16,129.25,505.11,135.08
ch2_ohr_ncp_20250304T0655103610_d_img_d18_x10240_y92160.png,0.4015,519.09,244.14,524.54,249.69
ch2_ohr_ncp_20250304T0655103610_d_img_d18_x10240_y92160.png,0.3941,405.42,20.8,410.8,25.62
ch2_ohr_ncp_20250304T0655103610_d_img_d18_x10240_y92160.png,0.3927,526.33,284.25,531.72,293.0
ch2_ohr_ncp_20250304T0655103610_d_img_d18_x10240_y92160.png,0.3861,485.67,96.14,493.5,102.91
ch2_ohr_ncp_20250304T0655103610_d_img_d18_x10240_y92160.png,0.3565,402.67,274.18,408.25,280.28
ch2_ohr_ncp_20250304T0655103610_d_img_d18_x10240_y92160.png,0.3555,536.99,225.47,541.91,230.83
ch2_ohr_ncp_20250304T0655103610_d_img_d18_x10240_y92160.png,0.3523,629.96,407.55,634.42,411.91
ch2_ohr_ncp_20250304T0655103610_d_img_d18_x10240_y92160.png,0.3353,454.47,185.91,459.0,190.34
ch2_ohr_ncp_20250304T0655103610_d_img_d18_x10240_y92160.png,0.3331,525.63,246.26,530.84,251.28
ch2_ohr_ncp_20250304T0655103610_d_img_d18_x10240_y92160.png,0.3291,471.56,183.52,477.78,188.52
ch2_ohr_ncp_20250304T0655103610_d_img_d18_x10240_y92160.png,0.3126,522.14,231.53,530.92,243.86
ch2_ohr_ncp_20250304T0655103610_d_img_d18_x10240_y92160.png,0.3108,529.01,224.53,534.53,230.31
ch2_ohr_ncp_20250304T0655103610_d_img_d18_x10240_y92160.png,0.3043,468.63,343.74,473.21,348.82
ch2_ohr_ncp_20250304T0655103610_d_img_d18_x10240_y92160.png,0.3008,411.79,147.73,416.48,152.23
ch2_ohr_ncp_20250304T0655103610_d_img_d18_x10240_y92160.png,0.2953,538.56,238.54,543.61,245.11
ch2_ohr_ncp_20250304T0655103610_d_img_d18_x10240_y92160.png,0.2915,632.46,586.48,638.83,591.49
ch2_ohr_ncp_20250304T0655103610_d_img_d18_x10240_y92160.png,0.2481,478.94,399.28,485.49,405.74
ch2_ohr_ncp_20250304T0655103610_d_img_d18_x10240_y92160.png,0.2417,564.9,471.54,569.75,475.82
ch2_ohr_ncp_20250304T0655103610_d_img_d18_x10240_y92160.png,0.2381,526.12,82.78,531.92,87.85
ch2_ohr_ncp_20250304T0655103610_d_img_d18_x10240_y92160.png,0.2254,506.49,93.35,512.28,98.79
ch2_ohr_ncp_20250304T0655103610_d_img_d18_x10240_y92160.png,0.2033,462.63,184.55,468.46,188.62
ch2_ohr_ncp_20250304T0655103610_d_img_d18_x10880_y87040.png,0.4074,606.55,182.85,610.85,187.66
ch2_ohr_ncp_20250304T0655103610_d_img_d18_x10880_y87040.png,0.3945,445.23,253.47,450.01,258.87
ch2_ohr_ncp_20250304T0655103610_d_img_d18_x10880_y87040.png,0.3764,454.42,460.37,458.79,464.93
ch2_ohr_ncp_20250304T0655103610_d_img_d18_x10880_y87040.png,0.3541,412.72,517.99,417.08,522.38
ch2_ohr_ncp_20250304T0655103610_d_img_d18_x10880_y87040.png,0.3398,523.3,283.2,527.65,288.09
ch2_ohr_ncp_20250304T0655103610_d_img_d18_x10880_y87040.png,0.2879,608.9,197.21,617.5,206.5
ch2_ohr_ncp_20250304T0655103610_d_img_d18_x10880_y87040.png,0.2808,563.36,141.25,569.26,146.74
ch2_ohr_ncp_20250304T0655103610_d_img_d18_x10880_y87040.png,0.2777,591.98,539.28,597.3,548.74
ch2_ohr_ncp_20250304T0655103610_d_img_d18_x10880_y87040.png,0.2734,620.62,582.94,623.42,586.86
ch2_ohr_ncp_20250304T0655103610_d_img_d18_x10880_y87040.png,0.2686,449.63,260.23,453.41,264.83
ch2_ohr_ncp_20250304T0655103610_d_img_d18_x10880_y87040.png,0.247,492.89,294.03,496.98,297.87
ch2_ohr_ncp_20250304T0655103610_d_img_d18_x10880_y87040.png,0.2325,619.89,583.04,622.8,586.91
ch2_ohr_ncp_20250304T0655103610_d_img_d18_x10880_y87040.png,0.2273,423.4,609.88,428.99,615.57
ch2_ohr_ncp_20250304T0655103610_d_img_d18_x10880_y92800.png,0.4962,514.78,287.94,520.88,292.36
ch2_ohr_ncp_20250304T0655103610_d_img_d18_x10880_y92800.png,0.4469,353.89,62.27,358.17,67.32
ch2_ohr_ncp_20250304T0655103610_d_img_d18_x10880_y92800.png,0.3492,343.78,264.14,347.67,268.73
ch2_ohr_ncp_20250304T0655103610_d_img_d18_x10880_y92800.png,0.3112,364.79,106.71,369.3,111.21
ch2_ohr_ncp_20250304T0655103610_d_img_d18_x10880_y92800.png,0.2759,391.12,231.36,395.88,235.83
ch2_ohr_ncp_20250304T0655103610_d_img_d18_x10880_y92800.png,0.22,333.79,43.19,337.59,48.05
ch2_ohr_ncp_20250304T0655103610_d_img_d18_x10880_y92800.png,0.2167,129.68,140.49,134.45,144.69
ch2_ohr_ncp_20250304T0655103610_d_img_d18_x11520_y85760.png,0.4234,26.9,365.63,30.91,369.82
ch2_ohr_ncp_20250304T0655103610_d_img_d18_x11520_y85760.png,0.4048,19.64,269.12,24.82,274.59
ch2_ohr_ncp_20250304T0655103610_d_img_d18_x11520_y85760.png,0.2756,198.07,11.85,201.88,15.82
ch2_ohr_ncp_20250304T0655103610_d_img_d18_x11520_y86400.png,0.5258,246.94,274.41,252.16,279.86
ch2_ohr_ncp_20250304T0655103610_d_img_d18_x11520_y86400.png,0.4131,300.72,529.7,305.81,536.79
ch2_ohr_ncp_20250304T0655103610_d_img_d18_x11520_y86400.png,0.4088,48.47,275.46,53.26,281.21
ch2_ohr_ncp_20250304T0655103610_d_img_d18_x11520_y86400.png,0.3896,341.47,358.42,346.08,363.23
ch2_ohr_ncp_20250304T0655103610_d_img_d18_x11520_y86400.png,0.343,435.2,338.79,439.34,342.62
ch2_ohr_ncp_20250304T0655103610_d_img_d18_x11520_y86400.png,0.3272,120.06,351.28,126.12,358.31
ch2_ohr_ncp_20250304T0655103610_d_img_d18_x11520_y86400.png,0.3205,150.01,324.14,154.05,328.11
ch2_ohr_ncp_20250304T0655103610_d_img_d18_x11520_y86400.png,0.2953,424.74,283.48,429.44,287.79
ch2_ohr_ncp_20250304T0655103610_d_img_d18_x11520_y86400.png,0.2916,212.67,230.88,220.82,239.31
ch2_ohr_ncp_20250304T0655103610_d_img_d18_x11520_y86400.png,0.2899,463.97,535.87,467.87,539.12
ch2_ohr_ncp_20250304T0655103610_d_img_d18_x11520_y86400.png,0.2804,47.42,274.66,53.08,281.2
ch2_ohr_ncp_20250304T0655103610_d_img_d18_x11520_y86400.png,0.259,104.96,313.2,109.01,317.85
ch2_ohr_ncp_20250304T0655103610_d_img_d18_x11520_y86400.png,0.2492,13.61,215.39,17.87,219.37
ch2_ohr_ncp_20250304T0655103610_d_img_d18_x11520_y86400.png,0.248,108.96,334.75,113.57,340.8
ch2_ohr_ncp_20250304T0655103610_d_img_d18_x11520_y86400.png,0.2412,437.18,277.92,448.57,290.42
ch2_ohr_ncp_20250304T0655103610_d_img_d18_x11520_y86400.png,0.2281,140.25,315.86,144.11,319.29
ch2_ohr_ncp_20250304T0655103610_d_img_d18_x11520_y86400.png,0.2201,415.25,355.09,419.12,358.3
ch2_ohr_ncp_20250304T0655103610_d_img_d18_x11520_y86400.png,0.2079,206.41,228.92,211.02,234.81
ch2_ohr_ncp_20250304T0655103610_d_img_d18_x11520_y86400.png,0.2067,419.72,368.52,424.24,372.68
ch2_ohr_ncp_20250304T0655103610_d_img_d18_x11520_y87040.png,0.469,430.98,383.97,437.2,388.64
ch2_ohr_ncp_20250304T0655103610_d_img_d18_x11520_y87040.png,0.2559,366.32,0.09,371.76,6.91
ch2_ohr_ncp_20250304T0655103610_d_img_d18_x11520_y87040.png,0.2543,427.33,370.01,438.86,383.66
ch2_ohr_ncp_20250304T0655103610_d_img_d18_x11520_y87040.png,0.216,353.79,64.84,360.01,70.88
ch2_ohr_ncp_20250304T0655103610_d_img_d18_x11520_y87040.png,0.2101,428.98,375.33,437.94,386.15
ch2_ohr_ncp_20250304T0655103610_d_img_d18_x11520_y87680.png,0.3453,303.95,321.79,308.26,326.25
ch2_ohr_ncp_20250304T0655103610_d_img_d18_x11520_y87680.png,0.3405,31.41,439.06,36.97,444.39
ch2_ohr_ncp_20250304T0655103610_d_img_d18_x11520_y87680.png,0.3093,474.7,512.81,480.04,519.2
ch2_ohr_ncp_20250304T0655103610_d_img_d18_x11520_y87680.png,0.2009,412.8,426.22,417.04,430.24
ch2_ohr_ncp_20250304T0655103610_d_img_d18_x11520_y88320.png,0.3756,100.55,284.79,105.34,290.17
ch2_ohr_ncp_20250304T0655103610_d_img_d18_x11520_y88320.png,0.2713,192.49,264.59,196.6,268.81
ch2_ohr_ncp_20250304T0655103610_d_img_d18_x11520_y88960.png,0.4043,51.84,147.19,60.14,155.17
ch2_ohr_ncp_20250304T0655103610_d_img_d18_x11520_y88960.png,0.3665,421.22,538.2,426.71,543.85
ch2_ohr_ncp_20250304T0655103610_d_img_d18_x11520_y88960.png,0.356,406.34,551.58,412.79,558.56
ch2_ohr_ncp_20250304T0655103610_d_img_d18_x11520_y88960.png,0.2471,300.57,378.0,304.66,383.73
ch2_ohr_ncp_20250304T0655103610_d_img_d18_x11520_y88960.png,0.2278,375.94,16.77,380.74,22.53
ch2_ohr_ncp_20250304T0655103610_d_img_d18_x11520_y88960.png,0.2203,138.53,141.03,144.44,147.85
ch2_ohr_ncp_20250304T0655103610_d_img_d18_x11520_y89600.png,0.4412,311.16,493.33,318.35,500.18
ch2_ohr_ncp_20250304T0655103610_d_img_d18_x11520_y89600.png,0.4209,153.43,627.42,159.6,635.83
ch2_ohr_ncp_20250304T0655103610_d_img_d18_x11520_y89600.png,0.4039,121.54,60.33,129.22,68.38
ch2_ohr_ncp_20250304T0655103610_d_img_d18_x11520_y89600.png,0.3659,85.4,75.12,88.86,79.02
ch2_ohr_ncp_20250304T0655103610_d_img_d18_x11520_y89600.png,0.338,401.62,306.32,406.88,313.86
ch2_ohr_ncp_20250304T0655103610_d_img_d18_x11520_y89600.png,0.2542,402.06,306.19,408.2,314.28
ch2_ohr_ncp_20250304T0655103610_d_img_d18_x11520_y90240.png,0.4392,285.97,438.95,291.98,447.49
ch2_ohr_ncp_20250304T0655103610_d_img_d18_x11520_y90240.png,0.3495,277.82,139.46,282.85,145.92
ch2_ohr_ncp_20250304T0655103610_d_img_d18_x11520_y90240.png,0.2962,353.9,256.55,357.72,261.76
ch2_ohr_ncp_20250304T0655103610_d_img_d18_x11520_y90240.png,0.2704,447.01,414.16,451.37,419.89
ch2_ohr_ncp_20250304T0655103610_d_img_d18_x11520_y91520.png,0.2543,467.1,39.97,472.66,47.02
ch2_ohr_ncp_20250304T0655103610_d_img_d18_x11520_y92800.png,0.5665,165.3,239.1,171.22,246.42
ch2_ohr_ncp_20250304T0655103610_d_img_d18_x11520_y92800.png,0.5236,167.47,420.72,173.01,425.51
ch2_ohr_ncp_20250304T0655103610_d_img_d18_x11520_y92800.png,0.5057,123.84,283.12,129.59,289.38
ch2_ohr_ncp_20250304T0655103610_d_img_d18_x11520_y92800.png,0.2815,9.81,503.44,14.38,507.1
ch2_ohr_ncp_20250304T0655103610_d_img_d18_x11520_y92800.png,0.2093,38.55,157.36,42.65,161.77
ch2_ohr_ncp_20250304T0655103610_d_img_d18_x11520_y92800.png,0.2022,10.46,503.28,15.18,507.0
ch2_ohr_ncp_20250304T0655103610_d_img_d18_x11520_y93440.png,0.6273,255.95,312.56,261.66,320.65
ch2_ohr_ncp_20250304T0655103610_d_img_d18_x11520_y93440.png,0.6078,360.02,114.87,366.85,121.18
ch2_ohr_ncp_20250304T0655103610_d_img_d18_x11520_y93440.png,0.598,237.22,192.18,243.07,197.37
ch2_ohr_ncp_20250304T0655103610_d_img_d18_x11520_y93440.png,0.5692,394.47,438.09,400.87,443.83
ch2_ohr_ncp_20250304T0655103610_d_img_d18_x11520_y93440.png,0.5528,370.52,462.39,377.2,467.59
ch2_ohr_ncp_20250304T0655103610_d_img_d18_x11520_y93440.png,0.5426,408.93,380.94,414.24,388.21
ch2_ohr_ncp_20250304T0655103610_d_img_d18_x11520_y93440.png,0.509,308.42,287.49,313.07,293.46
ch2_ohr_ncp_20250304T0655103610_d_img_d18_x11520_y93440.png,0.4927,457.39,202.48,461.42,208.0
ch2_ohr_ncp_20250304T0655103610_d_img_d18_x11520_y93440.png,0.4906,420.21,355.35,424.84,359.53
ch2_ohr_ncp_20250304T0655103610_d_img_d18_x11520_y93440.png,0.4765,322.12,153.86,326.82,158.75
ch2_ohr_ncp_20250304T0655103610_d_img_d18_x11520_y93440.png,0.4667,447.15,142.45,454.03,148.45
ch2_ohr_ncp_20250304T0655103610_d_img_d18_x11520_y93440.png,0.4522,416.55,383.28,421.89,388.7
ch2_ohr_ncp_20250304T0655103610_d_img_d18_x11520_y93440.png,0.4367,296.14,121.9,300.47,126.1
ch2_ohr_ncp_20250304T0655103610_d_img_d18_x11520_y93440.png,0.4218,389.33,189.33,394.23,194.71
ch2_ohr_ncp_20250304T0655103610_d_img_d18_x11520_y93440.png,0.4218,419.41,355.51,424.37,359.8
ch2_ohr_ncp_20250304T0655103610_d_img_d18_x11520_y93440.png,0.4125,334.39,397.25,339.02,401.78
ch2_ohr_ncp_20250304T0655103610_d_img_d18_x11520_y93440.png,0.3881,364.39,401.03,369.24,405.72
ch2_ohr_ncp_20250304T0655103610_d_img_d18_x11520_y93440.png,0.3851,430.29,446.91,435.35,453.68
ch2_ohr_ncp_20250304T0655103610_d_img_d18_x11520_y93440.png,0.3831,445.17,194.57,449.59,198.9
ch2_ohr_ncp_20250304T0655103610_d_img_d18_x11520_y93440.png,0.3689,461.95,268.35,467.14,273.62
ch2_ohr_ncp_20250304T0655103610_d_img_d18_x11520_y93440.png,0.3656,386.84,371.13,392.51,375.89
ch2_ohr_ncp_20250304T0655103610_d_img_d18_x11520_y93440.png,0.3461,448.99,357.06,453.91,361.74
ch2_ohr_ncp_20250304T0655103610_d_img_d18_x11520_y93440.png,0.3305,355.53,265.01,359.97,269.34
ch2_ohr_ncp_20250304T0655103610_d_img_d18_x11520_y93440.png,0.3271,340.81,392.95,345.22,398.32
ch2_ohr_ncp_20250304T0655103610_d_img_d18_x11520_y93440.png,0.2977,298.63,283.86,303.39,287.58
ch2_ohr_ncp_20250304T0655103610_d_img_d18_x11520_y93440.png,0.295,424.43,414.83,428.5,419.06
ch2_ohr_ncp_20250304T0655103610_d_img_d18_x11520_y93440.png,0.2719,332.27,389.21,337.2,394.52
ch2_ohr_ncp_20250304T0655103610_d_img_d18_x11520_y93440.png,0.2709,313.89,388.38,318.35,392.54
ch2_ohr_ncp_20250304T0655103610_d_img_d18_x11520_y93440.png,0.2686,468.62,198.99,472.2,202.64
ch2_ohr_ncp_20250304T0655103610_d_img_d18_x11520_y93440.png,0.2501,419.91,392.71,426.75,399.16
ch2_ohr_ncp_20250304T0655103610_d_img_d18_x11520_y93440.png,0.2232,377.57,430.41,381.53,434.42
ch2_ohr_ncp_20250304T0655103610_d_img_d18_x11520_y93440.png,0.2194,279.6,387.28,284.44,392.21
ch2_ohr_ncp_20250304T0655103610_d_img_d18_x11520_y93440.png,0.2094,449.18,354.76,454.16,361.44
ch2_ohr_ncp_20250304T0655103610_d_img_d18_x11520_y93440.png,0.2046,227.73,269.25,233.11,273.32
ch2_ohr_ncp_20250304T1050453845_d_img_d18_x00000_y90240.png,0.3005,587.07,0.0,593.4,4.27
ch2_ohr_ncp_20250304T1050453845_d_img_d18_x01920_y91520.png,0.2826,167.2,282.95,173.16,289.62
ch2_ohr_ncp_20250304T1050453845_d_img_d18_x03200_y87680.png,0.2253,621.98,583.18,626.0,586.74
ch2_ohr_ncp_20250304T1050453845_d_img_d18_x03840_y92800.png,0.5259,92.76,205.5,99.27,211.73
ch2_ohr_ncp_20250304T1050453845_d_img_d18_x04480_y92800.png,0.2139,564.53,226.34,574.07,235.39
ch2_ohr_ncp_20250304T1050453845_d_img_d18_x05760_y93440.png,0.2721,596.02,507.9,601.57,515.13
ch2_ohr_ncp_20250304T1050453845_d_img_d18_x05760_y94080.png,0.4167,322.44,53.26,326.84,57.85
ch2_ohr_ncp_20250304T1050453845_d_img_d18_x05760_y94080.png,0.2019,450.31,260.84,454.85,265.23
ch2_ohr_ncp_20250304T1050453845_d_img_d18_x06400_y94080.png,0.3991,111.83,96.55,121.76,114.2
ch2_ohr_ncp_20250304T1050453845_d_img_d18_x06400_y94080.png,0.2066,108.99,95.28,121.43,114.74
ch2_ohr_ncp_20250304T1050453845_d_img_d18_x06400_y94720.png,0.3589,626.79,0.0,639.91,21.01
ch2_ohr_ncp_20250304T1050453845_d_img_d18_x08960_y96640.png,0.4319,628.39,517.04,632.65,521.52
ch2_ohr_ncp_20250304T1050453845_d_img_d18_x08960_y96640.png,0.2081,222.6,221.12,227.08,225.51
ch2_ohr_ncp_20250304T1050453845_d_img_d18_x08960_y96640.png,0.2075,115.44,301.18,120.78,306.01
ch2_ohr_ncp_20250304T1050453845_d_img_d18_x09600_y97280.png,0.5111,378.09,426.02,383.65,431.56
ch2_ohr_ncp_20250304T1050453845_d_img_d18_x09600_y97280.png,0.4916,389.49,283.66,395.19,288.28
ch2_ohr_ncp_20250304T1050453845_d_img_d18_x09600_y97280.png,0.3708,339.92,82.66,345.32,88.58
ch2_ohr_ncp_20250304T1050453845_d_img_d18_x09600_y97280.png,0.2709,346.77,282.71,350.99,287.0
ch2_ohr_ncp_20250304T1050453845_d_img_d18_x09600_y97280.png,0.2621,102.64,180.51,107.22,184.71
ch2_ohr_ncp_20250304T1050453845_d_img_d18_x09600_y97280.png,0.2065,466.43,224.82,469.57,228.33
ch2_ohr_ncp_20250304T1050453845_d_img_d18_x09600_y97920.png,0.2874,635.59,307.32,639.79,311.69
ch2_ohr_ncp_20250304T1050453845_d_img_d18_x09600_y97920.png,0.2565,553.72,233.53,559.24,237.93
ch2_ohr_ncp_20250304T1050453845_d_img_d18_x10240_y97920.png,0.5461,83.44,258.52,89.19,263.54
ch2_ohr_ncp_20250304T1050453845_d_img_d18_x10240_y97920.png,0.52,150.02,373.73,154.81,379.54
ch2_ohr_ncp_20250304T1050453845_d_img_d18_x10240_y97920.png,0.4965,101.83,231.81,105.9,235.95
ch2_ohr_ncp_20250304T1050453845_d_img_d18_x10240_y97920.png,0.4656,371.88,239.45,376.64,243.72
ch2_ohr_ncp_20250304T1050453845_d_img_d18_x10240_y97920.png,0.4545,406.85,282.78,412.72,290.12
ch2_ohr_ncp_20250304T1050453845_d_img_d18_x10240_y97920.png,0.4399,108.79,283.11,113.58,287.92
ch2_ohr_ncp_20250304T1050453845_d_img_d18_x10240_y97920.png,0.4209,201.41,86.08,206.74,92.64
ch2_ohr_ncp_20250304T1050453845_d_img_d18_x10240_y97920.png,0.3859,119.78,304.36,127.26,309.93
ch2_ohr_ncp_20250304T1050453845_d_img_d18_x10240_y97920.png,0.3856,228.08,62.23,232.24,67.62
ch2_ohr_ncp_20250304T1050453845_d_img_d18_x10240_y97920.png,0.3439,237.81,221.55,241.73,226.11
ch2_ohr_ncp_20250304T1050453845_d_img_d18_x10240_y97920.png,0.2931,178.87,240.99,182.67,245.4
ch2_ohr_ncp_20250304T1050453845_d_img_d18_x10240_y97920.png,0.2917,225.17,288.34,228.73,292.61
ch2_ohr_ncp_20250304T1050453845_d_img_d18_x10240_y97920.png,0.2734,333.55,317.11,336.78,321.61
ch2_ohr_ncp_20250304T1050453845_d_img_d18_x10240_y97920.png,0.2566,98.42,100.9,102.23,105.15
ch2_ohr_ncp_20250304T1050453845_d_img_d18_x10240_y97920.png,0.2296,141.75,351.34,146.57,355.52
ch2_ohr_ncp_20250304T1050453845_d_img_d18_x10880_y98560.png,0.3111,584.7,312.06,589.59,315.84
ch2_ohr_ncp_20250304T1050453845_d_img_d18_x10880_y98560.png,0.2684,601.57,301.9,605.91,305.89
ch2_ohr_ncp_20250304T1050453845_d_img_d18_x10880_y98560.png,0.2654,576.28,292.67,584.97,302.12
ch2_ohr_ncp_20250304T1050453845_d_img_d18_x10880_y98560.png,0.2223,578.07,295.65,584.9,302.9
ch2_ohr_ncp_20250304T1050453845_d_img_d18_x10880_y98560.png,0.2131,12.17,21.61,16.54,26.31
ch2_ohr_ncp_20250304T1050453845_d_img_d18_x10880_y98560.png,0.2068,571.11,295.48,575.07,299.86
ch2_ohr_ncp_20250304T1050453845_d_img_d18_x11520_y93440.png,0.2617,24.44,621.55,29.3,627.53
ch2_ohr_ncp_20250304T1050453845_d_img_d18_x11520_y94080.png,0.3348,13.32,543.4,17.89,547.12
ch2_ohr_ncp_20250304T1050453845_d_img_d18_x11520_y94080.png,0.2588,215.56,106.55,220.12,111.06
ch2_ohr_ncp_20250304T1050453845_d_img_d18_x11520_y94720.png,0.3609,71.71,478.47,77.06,486.74
ch2_ohr_ncp_20250304T1050453845_d_img_d18_x11520_y94720.png,0.3005,71.31,478.3,75.94,485.99
ch2_ohr_ncp_20250304T1050453845_d_img_d18_x11520_y94720.png,0.2352,465.49,302.38,471.27,308.6
ch2_ohr_ncp_20250304T1050453845_d_img_d18_x11520_y95360.png,0.308,324.13,370.44,329.65,374.71
ch2_ohr_ncp_20250304T1050453845_d_img_d18_x11520_y95360.png,0.2686,322.6,370.32,329.05,375.04
ch2_ohr_ncp_20250304T1050453845_d_img_d18_x11520_y96000.png,0.2602,256.26,147.03,262.57,153.54
ch2_ohr_ncp_20250304T1050453845_d_img_d18_x11520_y96640.png,0.3602,329.53,460.13,334.49,465.74
ch2_ohr_ncp_20250304T1050453845_d_img_d18_x11520_y96640.png,0.2294,436.96,558.34,446.25,567.19
ch2_ohr_ncp_20250304T1050453845_d_img_d18_x11520_y96640.png,0.2174,404.11,423.16,408.95,428.54
ch2_ohr_ncp_20250304T1050453845_d_img_d18_x11520_y96640.png,0.2159,404.57,349.3,408.64,353.92
ch2_ohr_ncp_20250304T1050453845_d_img_d18_x11520_y97280.png,0.3848,277.74,515.75,284.9,523.24
ch2_ohr_ncp_20250304T1050453845_d_img_d18_x11520_y97280.png,0.2678,264.04,635.2,270.81,639.62
ch2_ohr_ncp_20250304T1050453845_d_img_d18_x11520_y97280.png,0.2548,356.81,548.34,360.21,553.42
ch2_ohr_ncp_20250304T1050453845_d_img_d18_x11520_y97280.png,0.2332,363.95,570.59,368.95,575.71
ch2_ohr_ncp_20250304T1050453845_d_img_d18_x11520_y97920.png,0.4573,111.05,247.36,118.42,255.36
ch2_ohr_ncp_20250304T1050453845_d_img_d18_x11520_y97920.png,0.4421,326.63,448.03,330.66,452.47
ch2_ohr_ncp_20250304T1050453845_d_img_d18_x11520_y97920.png,0.412,305.4,410.36,311.62,419.97
ch2_ohr_ncp_20250304T1050453845_d_img_d18_x11520_y97920.png,0.4076,348.32,370.33,352.49,374.85
ch2_ohr_ncp_20250304T1050453845_d_img_d18_x11520_y97920.png,0.3952,307.0,400.93,313.33,410.04
ch2_ohr_ncp_20250304T1050453845_d_img_d18_x11520_y97920.png,0.3614,294.14,31.64,298.81,36.4
ch2_ohr_ncp_20250304T1050453845_d_img_d18_x11520_y97920.png,0.3391,13.96,536.14,18.67,540.57
ch2_ohr_ncp_20250304T1050453845_d_img_d18_x11520_y97920.png,0.3129,265.24,0.0,271.97,2.73
ch2_ohr_ncp_20250304T1050453845_d_img_d18_x11520_y97920.png,0.2885,276.31,385.53,281.4,393.61
ch2_ohr_ncp_20250304T1050453845_d_img_d18_x11520_y97920.png,0.2586,317.98,401.4,324.6,408.1
ch2_ohr_ncp_20250304T1050453845_d_img_d18_x11520_y97920.png,0.2513,397.1,615.81,401.54,620.95
ch2_ohr_ncp_20250304T1050453845_d_img_d18_x11520_y97920.png,0.2435,337.87,393.82,342.56,398.12
ch2_ohr_ncp_20250304T1050453845_d_img_d18_x11520_y97920.png,0.2386,345.71,403.83,350.13,408.24
ch2_ohr_ncp_20250304T1050453845_d_img_d18_x11520_y97920.png,0.2303,296.05,429.02,300.48,433.0
ch2_ohr_ncp_20250304T1050453845_d_img_d18_x11520_y97920.png,0.2211,120.28,151.56,124.88,156.97
ch2_ohr_ncp_20250304T1050453845_d_img_d18_x11520_y97920.png,0.2117,364.93,226.52,370.26,231.53
ch2_ohr_ncp_20250304T1050453845_d_img_d18_x11520_y98560.png,0.4825,351.59,315.04,357.74,322.52
ch2_ohr_ncp_20250304T1050453845_d_img_d18_x11520_y98560.png,0.4615,175.87,578.32,180.07,583.03
ch2_ohr_ncp_20250304T1050453845_d_img_d18_x11520_y98560.png,0.3609,53.67,90.48,58.62,95.35
ch2_ohr_ncp_20250304T1050453845_d_img_d18_x11520_y98560.png,0.2603,15.61,134.86,19.98,139.12
ch2_ohr_ncp_20250304T1050453845_d_img_d18_x11520_y98560.png,0.2419,461.72,573.02,469.6,581.29
ch2_ohr_ncp_20250304T1050453845_d_img_d18_x11520_y99200.png,0.7066,337.73,393.16,352.23,415.8
ch2_ohr_ncp_20250304T1050453845_d_img_d18_x11520_y99200.png,0.5382,299.48,622.61,306.65,628.69
ch2_ohr_ncp_20250304T1050453845_d_img_d18_x11520_y99200.png,0.2586,226.91,237.12,230.9,242.07
ch2_ohr_ncp_20250304T1050453845_d_img_d18_x11520_y99840.png,0.5752,342.35,194.97,347.73,200.13
ch2_ohr_ncp_20250304T1249251285_d_img_d18_x00640_y91520.png,0.3889,503.44,257.88,507.17,262.4
ch2_ohr_ncp_20250304T1249251285_d_img_d18_x00640_y91520.png,0.2769,546.78,473.7,551.02,479.86
ch2_ohr_ncp_20250304T1249251285_d_img_d18_x00640_y91520.png,0.2143,533.86,492.22,537.91,496.22
ch2_ohr_ncp_20250304T1249251285_d_img_d18_x01280_y91520.png,0.3798,562.68,127.15,567.75,132.25
ch2_ohr_ncp_20250304T1249251285_d_img_d18_x01280_y91520.png,0.2552,556.23,371.05,561.27,375.9
ch2_ohr_ncp_20250304T1249251285_d_img_d18_x01280_y91520.png,0.2126,601.6,358.33,606.46,363.52
ch2_ohr_ncp_20250304T1249251285_d_img_d18_x01280_y92160.png,0.5697,167.2,19.78,172.57,25.85
ch2_ohr_ncp_20250304T1249251285_d_img_d18_x01280_y92160.png,0.5297,556.13,443.95,560.5,449.26
ch2_ohr_ncp_20250304T1249251285_d_img_d18_x01280_y92160.png,0.4828,25.29,26.47,29.4,31.14
ch2_ohr_ncp_20250304T1249251285_d_img_d18_x01280_y92160.png,0.4303,84.58,83.56,89.37,88.55
ch2_ohr_ncp_20250304T1249251285_d_img_d18_x01280_y92160.png,0.289,354.17,97.63,358.25,102.4
ch2_ohr_ncp_20250304T1249251285_d_img_d18_x01280_y92160.png,0.2798,399.87,107.36,403.44,111.24
ch2_ohr_ncp_20250304T1249251285_d_img_d18_x01280_y92160.png,0.2309,615.34,225.44,619.99,229.87
ch2_ohr_ncp_20250304T1249251285_d_img_d18_x01920_y92160.png,0.3775,595.07,102.82,599.82,107.63
ch2_ohr_ncp_20250304T1249251285_d_img_d18_x01920_y92160.png,0.2861,30.16,346.35,35.51,350.94
ch2_ohr_ncp_20250304T1249251285_d_img_d18_x01920_y92160.png,0.2408,143.55,275.89,149.93,282.65
ch2_ohr_ncp_20250304T1249251285_d_img_d18_x01920_y92800.png,0.2206,125.3,140.89,130.08,145.51
ch2_ohr_ncp_20250304T1249251285_d_img_d18_x02560_y88320.png,0.2218,633.33,529.39,637.8,534.16
ch2_ohr_ncp_20250304T1249251285_d_img_d18_x02560_y92800.png,0.5342,364.39,287.45,370.73,293.56
ch2_ohr_ncp_20250304T1249251285_d_img_d18_x02560_y92800.png,0.4491,336.07,121.6,341.34,128.73
ch2_ohr_ncp_20250304T1249251285_d_img_d18_x02560_y92800.png,0.4257,336.95,97.51,341.37,102.12
ch2_ohr_ncp_20250304T1249251285_d_img_d18_x02560_y92800.png,0.3875,167.49,241.85,173.32,247.57
ch2_ohr_ncp_20250304T1249251285_d_img_d18_x02560_y92800.png,0.3059,102.12,40.69,106.61,47.39
ch2_ohr_ncp_20250304T1249251285_d_img_d18_x02560_y92800.png,0.2162,256.72,147.14,261.45,152.09
ch2_ohr_ncp_20250304T1249251285_d_img_d18_x02560_y93440.png,0.3261,368.92,79.61,372.15,83.41
ch2_ohr_ncp_20250304T1249251285_d_img_d18_x02560_y93440.png,0.2524,324.8,27.3,328.58,31.37
ch2_ohr_ncp_20250304T1249251285_d_img_d18_x03200_y92800.png,0.2342,117.79,255.05,123.07,260.74
ch2_ohr_ncp_20250304T1249251285_d_img_d18_x03200_y93440.png,0.5469,613.43,248.52,621.01,255.31
ch2_ohr_ncp_20250304T1249251285_d_img_d18_x03200_y93440.png,0.4045,606.93,212.04,611.42,216.88
ch2_ohr_ncp_20250304T1249251285_d_img_d18_x03200_y93440.png,0.3845,9.8,181.42,17.12,187.54
ch2_ohr_ncp_20250304T1249251285_d_img_d18_x03200_y93440.png,0.2571,477.89,452.44,482.34,456.76
ch2_ohr_ncp_20250304T1249251285_d_img_d18_x03200_y93440.png,0.2466,327.72,175.91,350.47,200.44
ch2_ohr_ncp_20250304T1249251285_d_img_d18_x03840_y93440.png,0.3278,616.54,515.6,620.12,519.41
ch2_ohr_ncp_20250304T1249251285_d_img_d18_x03840_y93440.png,0.3204,569.62,46.79,572.66,52.75
ch2_ohr_ncp_20250304T1249251285_d_img_d18_x03840_y93440.png,0.2902,568.56,46.95,572.0,52.8
ch2_ohr_ncp_20250304T1249251285_d_img_d18_x03840_y93440.png,0.2246,78.88,559.36,88.59,569.93
ch2_ohr_ncp_20250304T1249251285_d_img_d18_x03840_y93440.png,0.2017,307.31,43.1,313.44,49.39
ch2_ohr_ncp_20250304T1249251285_d_img_d18_x04480_y58880.png,0.3768,545.67,72.11,580.11,125.17
ch2_ohr_ncp_20250304T1249251285_d_img_d18_x04480_y89600.png,0.2063,209.88,226.41,213.61,230.16
ch2_ohr_ncp_20250304T1249251285_d_img_d18_x04480_y94080.png,0.27,463.97,146.7,471.17,153.84
ch2_ohr_ncp_20250304T1249251285_d_img_d18_x05120_y94720.png,0.2421,134.11,81.42,138.86,87.26
ch2_ohr_ncp_20250304T1249251285_d_img_d18_x05120_y95360.png,0.4502,421.45,190.48,426.16,195.79
ch2_ohr_ncp_20250304T1249251285_d_img_d18_x05120_y95360.png,0.2294,571.39,318.98,577.79,325.85
ch2_ohr_ncp_20250304T1249251285_d_img_d18_x05120_y95360.png,0.226,571.31,320.52,576.95,325.94
ch2_ohr_ncp_20250304T1249251285_d_img_d18_x05120_y95360.png,0.2157,427.86,182.89,433.37,187.54
ch2_ohr_ncp_20250304T1249251285_d_img_d18_x05760_y95360.png,0.4668,383.81,278.48,389.15,284.48
ch2_ohr_ncp_20250304T1249251285_d_img_d18_x05760_y96000.png,0.4067,372.42,22.8,386.78,36.55
ch2_ohr_ncp_20250304T1249251285_d_img_d18_x05760_y96000.png,0.3712,606.57,282.7,612.18,288.48
ch2_ohr_ncp_20250304T1249251285_d_img_d18_x05760_y96000.png,0.3385,407.75,223.97,413.18,229.56
ch2_ohr_ncp_20250304T1249251285_d_img_d18_x05760_y96000.png,0.2955,420.85,26.84,427.15,33.23
ch2_ohr_ncp_20250304T1249251285_d_img_d18_x05760_y96000.png,0.2918,628.23,448.35,635.68,455.29
ch2_ohr_ncp_20250304T1249251285_d_img_d18_x05760_y96000.png,0.2639,301.35,28.4,307.04,33.96
ch2_ohr_ncp_20250304T1249251285_d_img_d18_x05760_y96000.png,0.2563,385.14,194.86,390.67,199.8
ch2_ohr_ncp_20250304T1249251285_d_img_d18_x05760_y96000.png,0.2291,318.57,23.83,323.8,28.05
ch2_ohr_ncp_20250304T1249251285_d_img_d18_x05760_y96000.png,0.2281,325.9,71.96,332.92,79.91
ch2_ohr_ncp_20250304T1249251285_d_img_d18_x05760_y96000.png,0.2194,518.41,277.53,523.12,282.13
ch2_ohr_ncp_20250304T1249251285_d_img_d18_x06400_y96640.png,0.5035,446.91,43.46,452.42,48.22
ch2_ohr_ncp_20250304T1249251285_d_img_d18_x07040_y96640.png,0.5636,366.82,189.54,372.23,194.53
ch2_ohr_ncp_20250304T1249251285_d_img_d18_x07680_y97280.png,0.5029,609.14,542.05,615.01,547.63
ch2_ohr_ncp_20250304T1249251285_d_img_d18_x07680_y97280.png,0.3101,400.53,620.79,405.52,625.75
ch2_ohr_ncp_20250304T1249251285_d_img_d18_x07680_y97920.png,0.4576,413.25,208.19,417.87,213.5
ch2_ohr_ncp_20250304T1249251285_d_img_d18_x07680_y97920.png,0.3497,290.24,96.25,295.99,101.61
ch2_ohr_ncp_20250304T1249251285_d_img_d18_x07680_y97920.png,0.2031,277.64,158.96,288.59,167.18
ch2_ohr_ncp_20250304T1249251285_d_img_d18_x08320_y92160.png,0.3066,445.82,562.28,450.14,567.95
ch2_ohr_ncp_20250304T1249251285_d_img_d18_x08320_y92160.png,0.2806,525.03,495.51,528.92,499.31
ch2_ohr_ncp_20250304T1249251285_d_img_d18_x08320_y92160.png,0.2312,546.18,264.1,550.04,267.92
ch2_ohr_ncp_20250304T1249251285_d_img_d18_x08320_y92160.png,0.2148,550.83,426.29,555.73,432.23
ch2_ohr_ncp_20250304T1249251285_d_img_d18_x08320_y92160.png,0.2141,614.28,86.86,620.95,95.38
ch2_ohr_ncp_20250304T1249251285_d_img_d18_x08320_y97920.png,0.4109,510.9,536.35,516.86,544.22
ch2_ohr_ncp_20250304T1249251285_d_img_d18_x08320_y97920.png,0.3697,516.91,555.96,520.63,559.49
ch2_ohr_ncp_20250304T1249251285_d_img_d18_x08320_y97920.png,0.2894,516.14,555.82,519.98,559.59
ch2_ohr_ncp_20250304T1249251285_d_img_d18_x08320_y97920.png,0.2587,162.13,314.19,165.91,318.25
ch2_ohr_ncp_20250304T1249251285_d_img_d18_x08320_y97920.png,0.2584,526.67,598.23,530.5,602.93
ch2_ohr_ncp_20250304T1249251285_d_img_d18_x08320_y97920.png,0.2172,214.56,357.69,220.27,364.2
ch2_ohr_ncp_20250304T1249251285_d_img_d18_x08320_y97920.png,0.2119,236.88,239.04,243.4,244.94
ch2_ohr_ncp_20250304T1249251285_d_img_d18_x08320_y98560.png,0.5836,541.16,336.67,546.38,342.05
ch2_ohr_ncp_20250304T1249251285_d_img_d18_x08320_y98560.png,0.4486,269.82,52.51,273.97,57.1
ch2_ohr_ncp_20250304T1249251285_d_img_d18_x08320_y98560.png,0.3557,472.52,197.59,477.88,202.36
ch2_ohr_ncp_20250304T1249251285_d_img_d18_x08320_y98560.png,0.351,512.72,158.1,517.41,162.83
ch2_ohr_ncp_20250304T1249251285_d_img_d18_x08320_y98560.png,0.3493,533.83,515.55,539.17,520.24
ch2_ohr_ncp_20250304T1249251285_d_img_d18_x08320_y98560.png,0.3368,489.04,181.72,493.26,186.29
ch2_ohr_ncp_20250304T1249251285_d_img_d18_x08320_y98560.png,0.3318,470.96,146.08,475.97,150.14
ch2_ohr_ncp_20250304T1249251285_d_img_d18_x08320_y98560.png,0.2774,611.05,299.06,615.68,304.5
ch2_ohr_ncp_20250304T1249251285_d_img_d18_x08320_y98560.png,0.2649,555.9,150.56,561.74,156.21
ch2_ohr_ncp_20250304T1249251285_d_img_d18_x08320_y98560.png,0.2538,415.27,45.05,419.12,49.92
ch2_ohr_ncp_20250304T1249251285_d_img_d18_x08320_y98560.png,0.2364,533.18,188.24,538.53,192.57
ch2_ohr_ncp_20250304T1249251285_d_img_d18_x08320_y98560.png,0.2272,367.37,52.02,371.02,56.27
ch2_ohr_ncp_20250304T1249251285_d_img_d18_x08320_y98560.png,0.2183,497.23,376.99,503.08,382.66
ch2_ohr_ncp_20250304T1249251285_d_img_d18_x08960_y89600.png,0.205,117.55,242.56,123.12,248.21
ch2_ohr_ncp_20250304T1249251285_d_img_d18_x08960_y98560.png,0.343,104.12,342.08,107.89,345.78
ch2_ohr_ncp_20250304T1249251285_d_img_d18_x08960_y98560.png,0.3024,163.32,338.54,169.61,344.42
ch2_ohr_ncp_20250304T1249251285_d_img_d18_x08960_y98560.png,0.2977,19.62,3.22,23.73,7.09
ch2_ohr_ncp_20250304T1249251285_d_img_d18_x08960_y98560.png,0.2813,61.7,304.79,65.78,309.28
ch2_ohr_ncp_20250304T1249251285_d_img_d18_x08960_y98560.png,0.2754,48.24,120.49,51.59,124.21
ch2_ohr_ncp_20250304T1249251285_d_img_d18_x08960_y98560.png,0.2709,361.52,632.98,367.57,639.39
ch2_ohr_ncp_20250304T1249251285_d_img_d18_x08960_y98560.png,0.2597,31.16,124.86,35.38,130.54
ch2_ohr_ncp_20250304T1249251285_d_img_d18_x08960_y98560.png,0.2537,53.47,104.0,58.12,108.04
ch2_ohr_ncp_20250304T1249251285_d_img_d18_x08960_y98560.png,0.2358,29.04,85.96,33.16,89.27
ch2_ohr_ncp_20250304T1249251285_d_img_d18_x08960_y98560.png,0.2244,388.81,599.06,393.22,603.56
ch2_ohr_ncp_20250304T1249251285_d_img_d18_x08960_y98560.png,0.2205,0.67,61.67,5.25,66.1
ch2_ohr_ncp_20250304T1249251285_d_img_d18_x08960_y99200.png,0.5705,562.71,210.72,568.94,218.73
ch2_ohr_ncp_20250304T1249251285_d_img_d18_x08960_y99200.png,0.5674,237.82,227.26,244.0,234.05
ch2_ohr_ncp_20250304T1249251285_d_img_d18_x08960_y99200.png,0.5524,262.4,253.92,267.88,259.66
ch2_ohr_ncp_20250304T1249251285_d_img_d18_x08960_y99200.png,0.5413,273.5,280.55,281.09,287.02
ch2_ohr_ncp_20250304T1249251285_d_img_d18_x08960_y99200.png,0.5325,301.94,368.21,307.3,375.89
ch2_ohr_ncp_20250304T1249251285_d_img_d18_x08960_y99200.png,0.5058,448.84,33.82,453.88,39.7
ch2_ohr_ncp_20250304T1249251285_d_img_d18_x08960_y99200.png,0.488,528.23,164.33,533.44,168.77
ch2_ohr_ncp_20250304T1249251285_d_img_d18_x08960_y99200.png,0.4627,294.18,339.98,299.29,345.33
ch2_ohr_ncp_20250304T1249251285_d_img_d18_x08960_y99200.png,0.4547,553.07,609.5,558.1,614.01
ch2_ohr_ncp_20250304T1249251285_d_img_d18_x08960_y99200.png,0.3777,533.16,145.04,537.77,150.31
ch2_ohr_ncp_20250304T1249251285_d_img_d18_x08960_y99200.png,0.3305,393.86,160.47,398.14,165.5
ch2_ohr_ncp_20250304T1249251285_d_img_d18_x08960_y99200.png,0.3169,164.86,144.42,169.88,149.17
ch2_ohr_ncp_20250304T1249251285_d_img_d18_x08960_y99200.png,0.3037,256.53,191.04,260.98,195.1
ch2_ohr_ncp_20250304T1249251285_d_img_d18_x08960_y99200.png,0.3022,576.49,144.16,582.55,151.15
ch2_ohr_ncp_20250304T1249251285_d_img_d18_x08960_y99200.png,0.2848,511.08,17.01,516.38,22.2
ch2_ohr_ncp_20250304T1249251285_d_img_d18_x08960_y99200.png,0.2717,591.71,307.78,595.6,311.99
ch2_ohr_ncp_20250304T1249251285_d_img_d18_x08960_y99200.png,0.2448,541.29,134.77,545.85,138.28
ch2_ohr_ncp_20250304T1249251285_d_img_d18_x08960_y99200.png,0.2373,379.43,248.68,383.63,253.1
ch2_ohr_ncp_20250304T1249251285_d_img_d18_x08960_y99200.png,0.2264,334.3,190.32,338.51,195.45
ch2_ohr_ncp_20250304T1249251285_d_img_d18_x09600_y100480.png,0.4614,633.87,307.0,638.82,313.63
ch2_ohr_ncp_20250304T1249251285_d_img_d18_x09600_y99200.png,0.2809,462.76,570.74,466.94,577.6
ch2_ohr_ncp_20250304T1249251285_d_img_d18_x09600_y99200.png,0.2675,508.85,119.81,513.73,126.85
ch2_ohr_ncp_20250304T1249251285_d_img_d18_x09600_y99200.png,0.252,340.72,394.24,345.75,399.99
ch2_ohr_ncp_20250304T1249251285_d_img_d18_x09600_y99200.png,0.2489,427.96,342.18,430.82,346.14
ch2_ohr_ncp_20250304T1249251285_d_img_d18_x09600_y99200.png,0.2238,430.25,611.12,434.21,615.41
ch2_ohr_ncp_20250304T1249251285_d_img_d18_x09600_y99200.png,0.2213,355.8,513.37,359.85,517.56
ch2_ohr_ncp_20250304T1249251285_d_img_d18_x09600_y99200.png,0.2204,438.04,339.69,441.71,343.19
ch2_ohr_ncp_20250304T1249251285_d_img_d18_x09600_y99200.png,0.2193,458.41,162.77,461.34,167.81
ch2_ohr_ncp_20250304T1249251285_d_img_d18_x09600_y99200.png,0.2183,479.47,157.55,482.89,162.78
ch2_ohr_ncp_20250304T1249251285_d_img_d18_x09600_y99200.png,0.2131,436.3,599.77,440.56,605.02
ch2_ohr_ncp_20250304T1249251285_d_img_d18_x09600_y99200.png,0.207,254.81,312.08,258.71,317.08
ch2_ohr_ncp_20250304T1249251285_d_img_d18_x09600_y99840.png,0.5248,164.31,166.1,168.89,170.62
ch2_ohr_ncp_20250304T1249251285_d_img_d18_x09600_y99840.png,0.514,486.86,373.34,490.66,378.1
ch2_ohr_ncp_20250304T1249251285_d_img_d18_x09600_y99840.png,0.4094,165.65,17.65,171.7,24.22
ch2_ohr_ncp_20250304T1249251285_d_img_d18_x09600_y99840.png,0.3729,487.5,373.17,491.22,378.03
ch2_ohr_ncp_20250304T1249251285_d_img_d18_x09600_y99840.png,0.3654,161.03,18.53,164.94,23.07
ch2_ohr_ncp_20250304T1249251285_d_img_d18_x09600_y99840.png,0.3061,636.9,598.71,640.0,604.1
ch2_ohr_ncp_20250304T1249251285_d_img_d18_x09600_y99840.png,0.2201,35.45,168.71,39.59,173.45
ch2_ohr_ncp_20250304T1249251285_d_img_d18_x10240_y100480.png,0.63,469.82,508.77,484.85,545.74
ch2_ohr_ncp_20250304T1249251285_d_img_d18_x10240_y100480.png,0.426,587.05,163.7,591.28,168.31
ch2_ohr_ncp_20250304T1249251285_d_img_d18_x10240_y100480.png,0.3178,362.23,335.77,365.89,340.65
ch2_ohr_ncp_20250304T1249251285_d_img_d18_x10240_y100480.png,0.2493,587.91,278.01,595.23,285.21
ch2_ohr_ncp_20250304T1249251285_d_img_d18_x10240_y99840.png,0.4158,609.77,174.5,619.14,187.79
ch2_ohr_ncp_20250304T1249251285_d_img_d18_x10880_y100480.png,0.4188,70.87,266.09,74.73,270.66
ch2_ohr_ncp_20250304T1249251285_d_img_d18_x10880_y100480.png,0.2227,506.04,127.33,513.8,135.03
ch2_ohr_ncp_20250304T1249251285_d_img_d18_x10880_y94720.png,0.4963,61.87,606.99,67.94,614.05
ch2_ohr_ncp_20250304T1249251285_d_img_d18_x10880_y94720.png,0.3098,260.49,492.17,264.96,497.25
ch2_ohr_ncp_20250304T1249251285_d_img_d18_x10880_y94720.png,0.2218,86.87,629.14,91.89,634.56
ch2_ohr_ncp_20250304T1249251285_d_img_d18_x11520_y100480.png,0.4999,269.26,540.48,275.36,544.56
ch2_ohr_ncp_20250304T1249251285_d_img_d18_x11520_y100480.png,0.4102,405.24,302.34,409.66,307.9
ch2_ohr_ncp_20250304T1249251285_d_img_d18_x11520_y100480.png,0.3283,197.68,489.82,201.43,493.59
ch2_ohr_ncp_20250304T1249251285_d_img_d18_x11520_y100480.png,0.3188,378.41,498.65,382.48,503.82
ch2_ohr_ncp_20250304T1249251285_d_img_d18_x11520_y100480.png,0.3164,361.99,556.08,365.89,560.48
ch2_ohr_ncp_20250304T1249251285_d_img_d18_x11520_y100480.png,0.2771,400.06,506.5,404.22,510.69
ch2_ohr_ncp_20250304T1249251285_d_img_d18_x11520_y100480.png,0.2475,238.26,492.56,242.14,496.32
ch2_ohr_ncp_20250304T1249251285_d_img_d18_x11520_y100480.png,0.2282,379.04,498.2,383.06,503.57
ch2_ohr_ncp_20250304T1249251285_d_img_d18_x11520_y100480.png,0.2148,403.15,283.88,406.89,288.76
ch2_ohr_ncp_20250304T1249251285_d_img_d18_x11520_y95360.png,0.4147,87.95,460.99,92.73,466.09
ch2_ohr_ncp_20250304T1249251285_d_img_d18_x11520_y95360.png,0.29,148.54,306.8,155.62,314.98
ch2_ohr_ncp_20250304T1249251285_d_img_d18_x11520_y96000.png,0.4898,473.36,112.8,479.5,118.91
ch2_ohr_ncp_20250304T1249251285_d_img_d18_x11520_y96000.png,0.2841,139.3,1.77,144.5,6.78
ch2_ohr_ncp_20250304T1249251285_d_img_d18_x11520_y96640.png,0.3094,408.25,259.23,413.58,265.12
ch2_ohr_ncp_20250304T1249251285_d_img_d18_x11520_y96640.png,0.2792,318.03,243.02,323.08,248.62
ch2_ohr_ncp_20250304T1249251285_d_img_d18_x11520_y96640.png,0.2419,156.16,57.91,165.04,67.52
ch2_ohr_ncp_20250304T1249251285_d_img_d18_x11520_y96640.png,0.226,413.13,232.88,419.48,239.77
ch2_ohr_ncp_20250304T1249251285_d_img_d18_x11520_y97280.png,0.3406,38.45,259.86,43.53,265.86
ch2_ohr_ncp_20250304T1249251285_d_img_d18_x11520_y97920.png,0.5398,394.36,599.32,400.41,607.56
ch2_ohr_ncp_20250304T1249251285_d_img_d18_x11520_y97920.png,0.5101,279.32,126.12,284.15,130.66
ch2_ohr_ncp_20250304T1249251285_d_img_d18_x11520_y97920.png,0.5032,375.72,589.1,380.33,593.34
ch2_ohr_ncp_20250304T1249251285_d_img_d18_x11520_y97920.png,0.4964,330.58,480.77,335.53,486.33
ch2_ohr_ncp_20250304T1249251285_d_img_d18_x11520_y97920.png,0.46,326.73,558.15,331.95,566.36
ch2_ohr_ncp_20250304T1249251285_d_img_d18_x11520_y97920.png,0.4465,351.7,614.5,356.33,618.98
ch2_ohr_ncp_20250304T1249251285_d_img_d18_x11520_y97920.png,0.3432,406.53,44.9,410.62,49.54
ch2_ohr_ncp_20250304T1249251285_d_img_d18_x11520_y98560.png,0.5319,364.78,61.48,368.66,65.57
ch2_ohr_ncp_20250304T1249251285_d_img_d18_x11520_y98560.png,0.3962,367.01,140.72,372.18,146.97
ch2_ohr_ncp_20250304T1249251285_d_img_d18_x11520_y98560.png,0.3926,352.84,403.78,359.56,410.26
ch2_ohr_ncp_20250304T1249251285_d_img_d18_x11520_y98560.png,0.3895,345.35,75.29,350.5,82.76
ch2_ohr_ncp_20250304T1249251285_d_img_d18_x11520_y98560.png,0.3631,380.13,418.65,384.62,422.73
ch2_ohr_ncp_20250304T1249251285_d_img_d18_x11520_y98560.png,0.3333,332.52,142.73,336.16,146.72
ch2_ohr_ncp_20250304T1249251285_d_img_d18_x11520_y98560.png,0.3252,387.27,413.83,399.76,425.3
ch2_ohr_ncp_20250304T1249251285_d_img_d18_x11520_y98560.png,0.3239,335.15,163.41,341.51,168.43
ch2_ohr_ncp_20250304T1249251285_d_img_d18_x11520_y98560.png,0.2716,380.81,418.6,384.98,423.52
ch2_ohr_ncp_20250304T1249251285_d_img_d18_x11520_y98560.png,0.2557,385.13,112.01,390.01,117.62
ch2_ohr_ncp_20250304T1249251285_d_img_d18_x11520_y98560.png,0.2506,385.88,102.67,390.12,107.2
ch2_ohr_ncp_20250304T1249251285_d_img_d18_x11520_y98560.png,0.2297,19.16,405.79,27.11,414.23
ch2_ohr_ncp_20250304T1249251285_d_img_d18_x11520_y98560.png,0.2115,378.51,111.67,382.58,116.66
ch2_ohr_ncp_20250304T1249251285_d_img_d18_x11520_y99200.png,0.3952,273.33,279.92,281.15,288.51
ch2_ohr_ncp_20250304T1249251285_d_img_d18_x11520_y99200.png,0.3883,441.97,461.27,446.45,466.27
ch2_ohr_ncp_20250304T1249251285_d_img_d18_x11520_y99200.png,0.3278,236.34,88.44,241.26,94.46
ch2_ohr_ncp_20250304T1249251285_d_img_d18_x11520_y99200.png,0.2819,94.08,605.8,97.28,610.27
ch2_ohr_ncp_20250304T1249251285_d_img_d18_x11520_y99200.png,0.2541,193.96,91.62,198.1,95.98
ch2_ohr_ncp_20250304T1249251285_d_img_d18_x11520_y99200.png,0.2507,416.19,533.09,422.02,541.19
ch2_ohr_ncp_20250304T1249251285_d_img_d18_x11520_y99200.png,0.2475,443.61,529.55,448.62,536.12
ch2_ohr_ncp_20250304T1249251285_d_img_d18_x11520_y99200.png,0.24,120.3,194.77,126.8,203.44
ch2_ohr_ncp_20250304T1249251285_d_img_d18_x11520_y99200.png,0.2021,14.62,278.02,19.31,284.36
ch2_ohr_ncp_20250304T1249251285_d_img_d18_x11520_y99840.png,0.417,318.58,585.44,325.61,591.94
ch2_ohr_ncp_20250304T1249251285_d_img_d18_x11520_y99840.png,0.3622,311.46,324.93,316.62,331.37
ch2_ohr_ncp_20250304T1249251285_d_img_d18_x11520_y99840.png,0.3554,322.05,267.44,327.08,274.48
ch2_ohr_ncp_20250304T1249251285_d_img_d18_x11520_y99840.png,0.347,342.88,353.68,348.12,358.97
ch2_ohr_ncp_20250304T1249251285_d_img_d18_x11520_y99840.png,0.3468,299.5,320.58,304.47,325.03
ch2_ohr_ncp_20250304T1249251285_d_img_d18_x11520_y99840.png,0.3285,334.87,352.56,339.86,357.57
ch2_ohr_ncp_20250304T1249251285_d_img_d18_x11520_y99840.png,0.3051,0.06,138.81,4.88,147.8
ch2_ohr_ncp_20250304T1249251285_d_img_d18_x11520_y99840.png,0.2903,118.38,202.58,125.69,210.34
ch2_ohr_ncp_20250304T1249251285_d_img_d18_x11520_y99840.png,0.276,317.86,409.31,323.07,414.48
ch2_ohr_ncp_20250304T1249251285_d_img_d18_x11520_y99840.png,0.2758,325.1,252.89,329.68,257.75
ch2_ohr_ncp_20250304T1249251285_d_img_d18_x11520_y99840.png,0.2674,311.64,341.83,315.63,347.18
ch2_ohr_ncp_20250304T1249251285_d_img_d18_x11520_y99840.png,0.2497,345.08,377.66,352.63,385.14
ch2_ohr_ncp_20250304T1249251285_d_img_d18_x11520_y99840.png,0.2439,332.98,363.35,338.3,368.46
ch2_ohr_ncp_20250304T1249251285_d_img_d18_x11520_y99840.png,0.224,150.19,98.39,154.2,102.36
ch2_ohr_ncp_20250304T1249251285_d_img_d18_x11520_y99840.png,0.208,361.88,380.75,366.78,384.77
ch2_ohr_ncp_20251007T0659402125_d_img_d18_x11520_y71040.png,0.2634,218.7,0.0,255.51,36.99
ch2_ohr_ncp_20251009T1006356898_d_img_d18_x03840_y69120.png,0.2259,628.65,605.23,631.54,609.52
ch2_ohr_ncp_20251009T1006356898_d_img_d18_x11520_y60160.png,0.3631,420.76,286.88,424.87,291.56
ch2_ohr_ncp_20251009T1006356898_d_img_d18_x11520_y60160.png,0.3536,241.35,599.22,247.7,607.92
ch2_ohr_ncp_20251009T1006356898_d_img_d18_x11520_y60160.png,0.2723,364.29,555.01,368.39,559.73
ch2_ohr_ncp_20251009T1006356898_d_img_d18_x11520_y60160.png,0.2526,269.67,518.95,273.77,524.4
ch2_ohr_ncp_20251009T1006356898_d_img_d18_x11520_y60160.png,0.2453,447.47,425.27,452.52,431.68
ch2_ohr_ncp_20251009T1006356898_d_img_d18_x11520_y60160.png,0.2445,346.91,486.89,350.45,492.1
ch2_ohr_ncp_20251009T1006356898_d_img_d18_x11520_y60160.png,0.2445,385.21,374.02,389.33,379.13
ch2_ohr_ncp_20251009T1006356898_d_img_d18_x11520_y60160.png,0.239,289.42,598.42,326.68,640.0
ch2_ohr_ncp_20251009T1006356898_d_img_d18_x11520_y60160.png,0.2322,295.63,504.58,300.94,511.34
ch2_ohr_ncp_20251009T1006356898_d_img_d18_x11520_y60160.png,0.2295,396.1,287.16,401.71,295.09
ch2_ohr_ncp_20251009T1006356898_d_img_d18_x11520_y60160.png,0.2254,240.02,370.81,252.36,393.09
ch2_ohr_ncp_20251009T1006356898_d_img_d18_x11520_y60160.png,0.2092,384.61,561.48,388.73,566.23
ch2_ohr_ncp_20251009T1006356898_d_img_d18_x11520_y60160.png,0.2013,434.42,487.48,438.5,493.57
ch2_ohr_ncp_20251009T1006356898_d_img_d18_x11520_y64640.png,0.229,286.27,554.99,290.66,560.76
ch2_ohr_ncp_20251009T1006356898_d_img_d18_x11520_y66560.png,0.2325,265.64,397.65,283.13,429.97
ch2_ohr_ncp_20251009T1006356898_d_img_d18_x11520_y90240.png,0.239,256.79,626.24,262.91,631.92
ch2_ohr_ncp_20251009T1205142094_d_img_d18_x05120_y80640.png,0.2484,595.08,173.92,601.04,180.75
ch2_ohr_ncp_20251009T1205142094_d_img_d18_x10240_y100480.png,0.3198,110.61,53.47,114.22,58.14
ch2_ohr_ncp_20251009T1205142094_d_img_d18_x10240_y100480.png,0.2203,538.14,577.76,542.23,581.64
ch2_ohr_ncp_20251009T1205142094_d_img_d18_x11520_y69760.png,0.2593,45.66,483.86,50.28,489.56
ch2_ohr_ncp_20251009T1205142094_d_img_d18_x11520_y71680.png,0.2025,102.06,243.42,106.05,248.49
ch2_ohr_ncp_20251010T1140338327_d_img_d18_x00640_y93440.png,0.21,632.13,323.36,639.78,334.93
ch2_ohr_ncp_20251010T1140338327_d_img_d18_x01920_y87040.png,0.2656,626.59,91.63,639.83,123.03
ch2_ohr_ncp_20251010T1140338327_d_img_d18_x03840_y89600.png,0.2063,623.14,201.73,627.48,206.73
ch2_ohr_ncp_20251010T1140338327_d_img_d18_x06400_y100480.png,0.2419,0.0,414.71,25.48,455.53
ch2_ohr_ncp_20251010T1140338327_d_img_d18_x07040_y65280.png,0.2406,125.5,54.36,129.03,58.42
ch2_ohr_ncp_20251010T1140338327_d_img_d18_x08320_y58240.png,0.3095,629.07,139.85,639.78,161.51
ch2_ohr_ncp_20251010T1140338327_d_img_d18_x08960_y100480.png,0.2326,168.86,578.08,173.91,584.97
ch2_ohr_ncp_20251010T1140338327_d_img_d18_x08960_y100480.png,0.2264,8.5,528.03,12.83,535.73
ch2_ohr_ncp_20251010T1140338327_d_img_d18_x09600_y100480.png,0.3291,204.27,77.96,208.99,85.17
ch2_ohr_ncp_20251010T1140338327_d_img_d18_x09600_y100480.png,0.2605,526.04,137.91,529.82,142.8
ch2_ohr_ncp_20251010T1140338327_d_img_d18_x09600_y54400.png,0.2792,621.39,132.58,625.59,138.03
ch2_ohr_ncp_20251010T1140338327_d_img_d18_x09600_y72320.png,0.2295,629.63,241.02,634.62,249.36
ch2_ohr_ncp_20251010T1140338327_d_img_d18_x09600_y72320.png,0.22,622.94,263.6,626.86,268.71
ch2_ohr_ncp_20251010T1140338327_d_img_d18_x09600_y72320.png,0.2124,628.86,122.57,632.28,128.05
ch2_ohr_ncp_20251010T1140338327_d_img_d18_x10880_y100480.png,0.2661,255.74,163.16,264.41,187.13
ch2_ohr_ncp_20251010T1140338327_d_img_d18_x11520_y100480.png,0.2023,372.8,532.32,376.76,537.95
ch2_ohr_ncp_20251105T0849435342_d_img_d18_x01920_y88320.png,0.2369,613.77,620.38,618.2,625.25
ch2_ohr_ncp_20251105T0849435342_d_img_d18_x07040_y72320.png,0.2212,629.07,564.0,633.78,568.7
ch2_ohr_ncp_20251105T0849435342_d_img_d18_x10240_y55680.png,0.2006,250.39,621.42,288.02,639.7
ch2_ohr_ncp_20251105T0849435342_d_img_d18_x11520_y60160.png,0.2615,184.18,575.63,192.21,584.0
ch2_ohr_ncp_20251105T0849435342_d_img_d18_x11520_y64640.png,0.2116,141.65,622.47,147.96,629.54
ch2_ohr_ncp_20251105T0849435342_d_img_d18_x11520_y65920.png,0.3856,62.99,516.43,69.64,523.8
ch2_ohr_ncp_20251105T0849435342_d_img_d18_x11520_y65920.png,0.2698,374.22,312.19,379.73,317.95
ch2_ohr_ncp_20251105T0849435342_d_img_d18_x11520_y65920.png,0.219,95.11,245.95,103.99,258.17
ch2_ohr_ncp_20251105T0849435342_d_img_d18_x11520_y65920.png,0.2185,216.06,76.9,220.78,82.34
ch2_ohr_ncp_20251105T0849435342_d_img_d18_x11520_y65920.png,0.2075,5.44,66.25,12.03,72.85
ch2_ohr_ncp_20251105T0849435342_d_img_d18_x11520_y66560.png,0.2598,394.81,566.9,419.78,591.41
ch2_ohr_ncp_20251105T1048273563_d_img_d18_x11520_y55040.png,0.3928,142.88,580.6,147.93,586.24
ch2_ohr_ncp_20251105T1048273563_d_img_d18_x11520_y58240.png,0.3499,366.13,627.46,370.54,632.29
ch2_ohr_ncp_20251105T1048273563_d_img_d18_x11520_y58240.png,0.3218,326.32,410.16,332.45,416.93
ch2_ohr_ncp_20251105T1048273563_d_img_d18_x11520_y58240.png,0.2627,122.06,173.37,130.78,185.11
ch2_ohr_ncp_20251105T1048273563_d_img_d18_x11520_y58240.png,0.2283,64.86,383.7,70.03,389.64
ch2_ohr_ncp_20251105T1048273563_d_img_d18_x11520_y58240.png,0.2186,68.35,259.48,72.59,264.25
ch2_ohr_ncp_20251105T1048273563_d_img_d18_x11520_y58240.png,0.2036,102.5,199.99,107.19,205.51
ch2_ohr_ncp_20251227T1027178560_d_img_d18_x00640_y64640.png,0.3191,186.41,619.71,276.27,639.81
ch2_ohr_ncp_20251227T1027178560_d_img_d18_x01280_y64640.png,0.2024,605.52,170.9,612.31,176.11
ch2_ohr_ncp_20251227T1027178560_d_img_d18_x02560_y59520.png,0.2022,133.76,38.91,138.85,43.01
ch2_ohr_ncp_20251227T1027178560_d_img_d18_x03200_y58240.png,0.2088,592.25,622.01,640.0,639.64
ch2_ohr_ncp_20251227T1027178560_d_img_d18_x03840_y56960.png,0.2543,622.12,12.84,633.17,20.94
ch2_ohr_ncp_20251227T1027178560_d_img_d18_x03840_y62720.png,0.2481,614.47,186.02,639.82,201.85
ch2_ohr_ncp_20251227T1027178560_d_img_d18_x03840_y64640.png,0.202,572.97,612.34,640.0,639.69
ch2_ohr_ncp_20251227T1027178560_d_img_d18_x03840_y74880.png,0.2791,590.29,574.58,610.6,587.06
ch2_ohr_ncp_20251227T1027178560_d_img_d18_x05120_y100480.png,0.412,355.84,565.95,393.98,591.45
ch2_ohr_ncp_20251227T1027178560_d_img_d18_x05120_y100480.png,0.2287,631.36,32.2,639.83,41.22
ch2_ohr_ncp_20251227T1027178560_d_img_d18_x05120_y100480.png,0.2286,597.03,371.43,602.43,375.92
ch2_ohr_ncp_20251227T1027178560_d_img_d18_x05120_y100480.png,0.2203,349.04,350.39,366.34,360.59
ch2_ohr_ncp_20251227T1027178560_d_img_d18_x05120_y100480.png,0.2162,611.11,448.1,618.94,454.52
ch2_ohr_ncp_20251227T1027178560_d_img_d18_x05760_y100480.png,0.446,140.37,337.34,189.32,370.41
ch2_ohr_ncp_20251227T1027178560_d_img_d18_x05760_y100480.png,0.3382,249.41,209.56,279.48,231.17
ch2_ohr_ncp_20251227T1027178560_d_img_d18_x05760_y100480.png,0.3325,598.95,134.84,610.63,143.92
ch2_ohr_ncp_20251227T1027178560_d_img_d18_x05760_y100480.png,0.2964,301.43,390.93,311.6,400.05
ch2_ohr_ncp_20251227T1027178560_d_img_d18_x05760_y100480.png,0.2461,596.28,582.29,628.69,592.96
ch2_ohr_ncp_20251227T1027178560_d_img_d18_x05760_y100480.png,0.2435,575.64,571.61,582.35,577.02
ch2_ohr_ncp_20251227T1027178560_d_img_d18_x05760_y100480.png,0.2372,0.0,146.97,14.61,165.71
ch2_ohr_ncp_20251227T1027178560_d_img_d18_x05760_y100480.png,0.2269,569.01,375.18,585.16,384.56
ch2_ohr_ncp_20251227T1027178560_d_img_d18_x05760_y100480.png,0.2123,512.25,404.19,521.1,411.04
ch2_ohr_ncp_20251227T1027178560_d_img_d18_x05760_y100480.png,0.208,278.64,383.75,286.46,389.63
ch2_ohr_ncp_20251227T1027178560_d_img_d18_x05760_y72960.png,0.3125,621.21,27.94,640.0,45.9
ch2_ohr_ncp_20251227T1027178560_d_img_d18_x06400_y100480.png,0.2777,589.22,179.1,629.52,208.89
ch2_ohr_ncp_20251227T1027178560_d_img_d18_x07040_y100480.png,0.4405,329.34,54.2,373.15,82.2
ch2_ohr_ncp_20251227T1027178560_d_img_d18_x07040_y100480.png,0.397,630.69,511.28,639.23,518.24
ch2_ohr_ncp_20251227T1027178560_d_img_d18_x07040_y100480.png,0.3094,507.99,510.82,517.32,518.54
ch2_ohr_ncp_20251227T1027178560_d_img_d18_x07040_y100480.png,0.273,341.04,30.97,347.29,35.84
ch2_ohr_ncp_20251227T1027178560_d_img_d18_x07040_y100480.png,0.2652,392.09,379.84,398.94,385.66
ch2_ohr_ncp_20251227T1027178560_d_img_d18_x07040_y100480.png,0.2582,439.69,400.64,446.32,405.3
ch2_ohr_ncp_20251227T1027178560_d_img_d18_x07040_y100480.png,0.2492,530.95,510.34,537.34,515.1
ch2_ohr_ncp_20251227T1027178560_d_img_d18_x07040_y100480.png,0.2312,351.82,435.62,357.68,441.0
ch2_ohr_ncp_20251227T1027178560_d_img_d18_x07040_y100480.png,0.2105,612.03,351.09,620.75,357.36
ch2_ohr_ncp_20251227T1027178560_d_img_d18_x07040_y100480.png,0.2079,455.96,293.92,462.49,298.34
ch2_ohr_ncp_20251227T1027178560_d_img_d18_x07040_y76160.png,0.2219,606.24,29.93,611.05,34.39
ch2_ohr_ncp_20251227T1027178560_d_img_d18_x07040_y76160.png,0.2165,597.37,355.61,603.01,360.57
ch2_ohr_ncp_20251227T1027178560_d_img_d18_x07680_y100480.png,0.3179,269.22,545.05,295.97,565.14
ch2_ohr_ncp_20251227T1027178560_d_img_d18_x07680_y100480.png,0.3175,522.15,410.48,530.92,416.31
ch2_ohr_ncp_20251227T1027178560_d_img_d18_x07680_y100480.png,0.3089,314.85,294.96,328.93,304.52
ch2_ohr_ncp_20251227T1027178560_d_img_d18_x07680_y100480.png,0.2735,533.36,1.84,549.77,13.63
ch2_ohr_ncp_20251227T1027178560_d_img_d18_x07680_y100480.png,0.2694,267.17,154.97,275.09,161.13
ch2_ohr_ncp_20251227T1027178560_d_img_d18_x07680_y100480.png,0.2692,243.36,35.26,251.9,41.89
ch2_ohr_ncp_20251227T1027178560_d_img_d18_x07680_y100480.png,0.242,615.59,22.29,626.97,31.9
ch2_ohr_ncp_20251227T1027178560_d_img_d18_x07680_y100480.png,0.2344,238.08,179.15,244.62,184.45
ch2_ohr_ncp_20251227T1027178560_d_img_d18_x07680_y100480.png,0.2179,151.34,562.11,160.69,569.02
ch2_ohr_ncp_20251227T1027178560_d_img_d18_x07680_y100480.png,0.2131,105.65,155.38,111.29,159.82
ch2_ohr_ncp_20251227T1027178560_d_img_d18_x07680_y100480.png,0.2109,561.2,189.67,578.02,204.25
ch2_ohr_ncp_20251227T1027178560_d_img_d18_x07680_y100480.png,0.2035,33.13,348.99,39.46,354.01
ch2_ohr_ncp_20251227T1027178560_d_img_d18_x07680_y100480.png,0.2006,561.38,425.71,566.45,429.99
ch2_ohr_ncp_20251227T1027178560_d_img_d18_x07680_y76160.png,0.4127,53.71,236.56,57.88,239.84
ch2_ohr_ncp_20251227T1027178560_d_img_d18_x07680_y76160.png,0.3842,174.07,150.08,180.4,154.69
ch2_ohr_ncp_20251227T1027178560_d_img_d18_x07680_y76160.png,0.3707,256.45,191.01,263.89,196.92
ch2_ohr_ncp_20251227T1027178560_d_img_d18_x07680_y76160.png,0.3537,181.04,131.12,187.67,135.78
ch2_ohr_ncp_20251227T1027178560_d_img_d18_x07680_y76160.png,0.3514,43.91,279.96,50.55,284.5
ch2_ohr_ncp_20251227T1027178560_d_img_d18_x07680_y76160.png,0.3478,250.68,173.76,262.86,181.35
ch2_ohr_ncp_20251227T1027178560_d_img_d18_x07680_y76160.png,0.321,59.99,260.67,65.42,265.91
ch2_ohr_ncp_20251227T1027178560_d_img_d18_x07680_y76160.png,0.2936,374.08,119.57,380.1,124.1
ch2_ohr_ncp_20251227T1027178560_d_img_d18_x07680_y76160.png,0.272,89.88,1.72,94.52,6.13
ch2_ohr_ncp_20251227T1027178560_d_img_d18_x07680_y76160.png,0.2659,318.99,0.19,324.91,4.43
ch2_ohr_ncp_20251227T1027178560_d_img_d18_x07680_y76160.png,0.2485,164.19,98.3,172.99,105.03
ch2_ohr_ncp_20251227T1027178560_d_img_d18_x07680_y76160.png,0.2467,62.78,181.62,68.01,185.57
ch2_ohr_ncp_20251227T1027178560_d_img_d18_x07680_y76160.png,0.2444,152.16,268.04,156.49,271.54
ch2_ohr_ncp_20251227T1027178560_d_img_d18_x07680_y76160.png,0.244,185.85,85.44,193.61,90.77
ch2_ohr_ncp_20251227T1027178560_d_img_d18_x07680_y76160.png,0.2418,23.34,248.39,30.18,253.42
ch2_ohr_ncp_20251227T1027178560_d_img_d18_x07680_y76160.png,0.2398,452.91,30.28,465.17,39.73
ch2_ohr_ncp_20251227T1027178560_d_img_d18_x07680_y76160.png,0.2374,100.27,265.44,108.19,271.92
ch2_ohr_ncp_20251227T1027178560_d_img_d18_x07680_y76160.png,0.2268,84.25,230.89,90.2,235.46
ch2_ohr_ncp_20251227T1027178560_d_img_d18_x07680_y76160.png,0.2148,65.26,50.57,72.63,55.93
ch2_ohr_ncp_20251227T1027178560_d_img_d18_x07680_y76160.png,0.2122,222.4,160.61,231.43,167.82
ch2_ohr_ncp_20251227T1027178560_d_img_d18_x07680_y76160.png,0.2104,114.93,229.18,120.01,232.74
ch2_ohr_ncp_20251227T1027178560_d_img_d18_x07680_y76160.png,0.2101,56.13,353.31,60.74,356.83
ch2_ohr_ncp_20251227T1027178560_d_img_d18_x07680_y76160.png,0.2093,247.4,70.95,255.56,77.68
ch2_ohr_ncp_20251227T1027178560_d_img_d18_x07680_y76160.png,0.2091,59.04,209.47,63.85,213.03
ch2_ohr_ncp_20251227T1027178560_d_img_d18_x07680_y76160.png,0.2074,148.04,155.66,155.19,161.17
ch2_ohr_ncp_20251227T1027178560_d_img_d18_x07680_y76160.png,0.2057,402.54,62.8,412.67,70.51
ch2_ohr_ncp_20251227T1027178560_d_img_d18_x08320_y100480.png,0.3774,620.62,150.18,632.0,159.9
ch2_ohr_ncp_20251227T1027178560_d_img_d18_x08320_y100480.png,0.377,537.69,153.76,543.56,158.52
ch2_ohr_ncp_20251227T1027178560_d_img_d18_x08320_y100480.png,0.3769,140.76,207.75,149.74,214.7
ch2_ohr_ncp_20251227T1027178560_d_img_d18_x08320_y100480.png,0.3337,551.26,38.97,559.59,44.7
ch2_ohr_ncp_20251227T1027178560_d_img_d18_x08320_y100480.png,0.3334,315.32,245.69,322.16,250.75
ch2_ohr_ncp_20251227T1027178560_d_img_d18_x08320_y100480.png,0.3297,163.51,287.47,178.23,297.6
ch2_ohr_ncp_20251227T1027178560_d_img_d18_x08320_y100480.png,0.3154,409.94,413.83,416.07,417.8
ch2_ohr_ncp_20251227T1027178560_d_img_d18_x08320_y100480.png,0.3142,594.98,242.41,601.52,248.98
ch2_ohr_ncp_20251227T1027178560_d_img_d18_x08320_y100480.png,0.3121,288.66,298.98,300.87,308.34
ch2_ohr_ncp_20251227T1027178560_d_img_d18_x08320_y100480.png,0.2997,529.67,2.87,538.29,10.81
ch2_ohr_ncp_20251227T1027178560_d_img_d18_x08320_y100480.png,0.251,528.16,48.74,536.04,54.74
ch2_ohr_ncp_20251227T1027178560_d_img_d18_x08320_y100480.png,0.2432,182.79,375.66,186.99,379.01
ch2_ohr_ncp_20251227T1027178560_d_img_d18_x08320_y100480.png,0.233,589.22,174.99,595.04,182.2
ch2_ohr_ncp_20251227T1027178560_d_img_d18_x08320_y100480.png,0.2246,30.87,131.17,35.52,135.06
ch2_ohr_ncp_20251227T1027178560_d_img_d18_x08320_y100480.png,0.2222,64.75,53.47,74.65,61.79
ch2_ohr_ncp_20251227T1027178560_d_img_d18_x08320_y100480.png,0.2202,297.62,287.6,303.2,291.7
ch2_ohr_ncp_20251227T1027178560_d_img_d18_x08320_y100480.png,0.2146,165.55,207.25,172.96,212.98
ch2_ohr_ncp_20251227T1027178560_d_img_d18_x08320_y75520.png,0.3171,169.77,128.07,190.16,142.71
ch2_ohr_ncp_20251227T1027178560_d_img_d18_x08320_y75520.png,0.252,332.95,170.72,338.65,175.07
ch2_ohr_ncp_20251227T1027178560_d_img_d18_x08320_y75520.png,0.2505,61.83,168.83,66.95,173.12
ch2_ohr_ncp_20251227T1027178560_d_img_d18_x08320_y75520.png,0.2466,57.24,239.16,88.72,259.83
ch2_ohr_ncp_20251227T1027178560_d_img_d18_x08320_y75520.png,0.2383,539.56,97.39,547.86,104.72
ch2_ohr_ncp_20251227T1027178560_d_img_d18_x08320_y75520.png,0.2216,141.46,79.3,147.57,83.28
ch2_ohr_ncp_20251227T1027178560_d_img_d18_x08320_y75520.png,0.2136,356.31,148.17,361.7,152.29
ch2_ohr_ncp_20251227T1027178560_d_img_d18_x08320_y75520.png,0.2051,296.11,175.56,300.8,179.27
ch2_ohr_ncp_20251227T1027178560_d_img_d18_x08320_y97280.png,0.2697,629.83,85.94,639.33,94.83
ch2_ohr_ncp_20251227T1027178560_d_img_d18_x08960_y100480.png,0.392,200.15,310.29,208.57,316.63
ch2_ohr_ncp_20251227T1027178560_d_img_d18_x08960_y100480.png,0.3434,226.29,197.98,234.31,203.91
ch2_ohr_ncp_20251227T1027178560_d_img_d18_x08960_y100480.png,0.291,494.78,365.4,506.15,374.22
ch2_ohr_ncp_20251227T1027178560_d_img_d18_x08960_y100480.png,0.2778,158.35,118.2,168.2,125.93
ch2_ohr_ncp_20251227T1027178560_d_img_d18_x08960_y100480.png,0.2357,273.69,29.57,283.33,36.39
ch2_ohr_ncp_20251227T1027178560_d_img_d18_x08960_y100480.png,0.231,214.39,559.4,219.13,563.36
ch2_ohr_ncp_20251227T1027178560_d_img_d18_x08960_y100480.png,0.2256,384.8,143.4,392.62,149.9
ch2_ohr_ncp_20251227T1027178560_d_img_d18_x08960_y100480.png,0.2197,351.43,448.95,358.19,454.16
ch2_ohr_ncp_20251227T1027178560_d_img_d18_x08960_y100480.png,0.2128,594.65,474.73,601.64,480.5
ch2_ohr_ncp_20251227T1027178560_d_img_d18_x08960_y74880.png,0.2706,625.57,12.48,629.93,16.3
ch2_ohr_ncp_20251227T1027178560_d_img_d18_x09600_y100480.png,0.6151,612.92,397.69,632.29,418.99
ch2_ohr_ncp_20251227T1027178560_d_img_d18_x09600_y100480.png,0.5221,427.11,69.59,452.18,86.17
ch2_ohr_ncp_20251227T1027178560_d_img_d18_x09600_y100480.png,0.4639,184.71,2.85,208.71,22.92
ch2_ohr_ncp_20251227T1027178560_d_img_d18_x09600_y100480.png,0.4117,219.2,0.12,225.27,4.7
ch2_ohr_ncp_20251227T1027178560_d_img_d18_x09600_y100480.png,0.3946,93.39,87.72,101.2,94.83
ch2_ohr_ncp_20251227T1027178560_d_img_d18_x09600_y100480.png,0.3915,356.25,211.1,362.47,215.79
ch2_ohr_ncp_20251227T1027178560_d_img_d18_x09600_y100480.png,0.3715,381.48,340.85,396.89,352.63
ch2_ohr_ncp_20251227T1027178560_d_img_d18_x09600_y100480.png,0.3713,582.99,168.27,590.15,173.9
ch2_ohr_ncp_20251227T1027178560_d_img_d18_x09600_y100480.png,0.3707,387.94,150.67,395.04,155.94
ch2_ohr_ncp_20251227T1027178560_d_img_d18_x09600_y100480.png,0.3704,173.58,442.19,182.03,448.31
ch2_ohr_ncp_20251227T1027178560_d_img_d18_x09600_y100480.png,0.368,240.42,568.42,248.03,574.18
ch2_ohr_ncp_20251227T1027178560_d_img_d18_x09600_y100480.png,0.3658,366.23,19.82,384.24,34.3
ch2_ohr_ncp_20251227T1027178560_d_img_d18_x09600_y100480.png,0.358,193.61,241.46,201.75,248.08
ch2_ohr_ncp_20251227T1027178560_d_img_d18_x09600_y100480.png,0.3558,376.06,182.16,384.2,188.62
ch2_ohr_ncp_20251227T1027178560_d_img_d18_x09600_y100480.png,0.3521,596.23,62.3,607.69,71.16
ch2_ohr_ncp_20251227T1027178560_d_img_d18_x09600_y100480.png,0.3513,289.19,160.14,294.72,164.15
ch2_ohr_ncp_20251227T1027178560_d_img_d18_x09600_y100480.png,0.3452,176.55,122.04,183.27,128.45
ch2_ohr_ncp_20251227T1027178560_d_img_d18_x09600_y100480.png,0.3433,406.65,25.78,413.52,31.07
ch2_ohr_ncp_20251227T1027178560_d_img_d18_x09600_y100480.png,0.3334,19.51,17.97,25.12,22.72
ch2_ohr_ncp_20251227T1027178560_d_img_d18_x09600_y100480.png,0.3227,619.72,148.66,626.42,153.44
ch2_ohr_ncp_20251227T1027178560_d_img_d18_x09600_y100480.png,0.3154,617.59,118.03,622.58,122.5
ch2_ohr_ncp_20251227T1027178560_d_img_d18_x09600_y100480.png,0.3087,192.64,121.85,198.32,126.7
ch2_ohr_ncp_20251227T1027178560_d_img_d18_x09600_y100480.png,0.2974,131.13,237.48,147.15,248.57
ch2_ohr_ncp_20251227T1027178560_d_img_d18_x09600_y100480.png,0.2946,577.89,198.64,584.43,203.79
ch2_ohr_ncp_20251227T1027178560_d_img_d18_x09600_y100480.png,0.2917,286.64,312.98,292.23,317.94
ch2_ohr_ncp_20251227T1027178560_d_img_d18_x09600_y100480.png,0.2814,472.64,13.22,480.77,19.84
ch2_ohr_ncp_20251227T1027178560_d_img_d18_x09600_y100480.png,0.2659,416.67,427.06,425.72,434.55
ch2_ohr_ncp_20251227T1027178560_d_img_d18_x09600_y100480.png,0.249,392.29,56.66,403.67,64.47
ch2_ohr_ncp_20251227T1027178560_d_img_d18_x09600_y100480.png,0.2479,484.9,196.18,491.66,201.82
ch2_ohr_ncp_20251227T1027178560_d_img_d18_x09600_y100480.png,0.2471,262.48,111.24,273.19,120.23
ch2_ohr_ncp_20251227T1027178560_d_img_d18_x09600_y100480.png,0.2327,413.83,221.57,422.95,228.0
ch2_ohr_ncp_20251227T1027178560_d_img_d18_x09600_y100480.png,0.2326,463.54,0.0,473.18,5.5
ch2_ohr_ncp_20251227T1027178560_d_img_d18_x09600_y100480.png,0.2255,594.39,38.04,601.0,44.13
ch2_ohr_ncp_20251227T1027178560_d_img_d18_x09600_y100480.png,0.2203,12.82,219.91,22.44,225.73
ch2_ohr_ncp_20251227T1027178560_d_img_d18_x09600_y100480.png,0.2203,311.96,96.56,317.94,101.68
ch2_ohr_ncp_20251227T1027178560_d_img_d18_x09600_y100480.png,0.2168,520.9,51.74,527.9,58.14
ch2_ohr_ncp_20251227T1027178560_d_img_d18_x09600_y100480.png,0.2084,520.59,91.27,525.86,95.4
ch2_ohr_ncp_20251227T1027178560_d_img_d18_x09600_y100480.png,0.2061,11.01,365.62,17.91,371.07
ch2_ohr_ncp_20251227T1027178560_d_img_d18_x09600_y100480.png,0.2029,590.89,71.46,596.4,75.47
ch2_ohr_ncp_20251227T1027178560_d_img_d18_x09600_y100480.png,0.2016,409.64,242.76,415.02,248.35
ch2_ohr_ncp_20251227T1027178560_d_img_d18_x09600_y74240.png,0.443,614.63,15.32,620.31,19.95
ch2_ohr_ncp_20251227T1027178560_d_img_d18_x09600_y74240.png,0.4334,618.91,30.74,626.49,36.16
ch2_ohr_ncp_20251227T1027178560_d_img_d18_x09600_y74240.png,0.3728,608.36,3.67,614.32,7.99
ch2_ohr_ncp_20251227T1027178560_d_img_d18_x09600_y74240.png,0.3047,635.27,24.4,639.82,27.76
ch2_ohr_ncp_20251227T1027178560_d_img_d18_x09600_y74240.png,0.2644,621.49,17.16,628.91,23.02
ch2_ohr_ncp_20251227T1027178560_d_img_d18_x09600_y96000.png,0.363,631.32,111.14,640.0,120.5
ch2_ohr_ncp_20251227T1027178560_d_img_d18_x10240_y100480.png,0.4517,499.27,249.5,505.29,255.47
ch2_ohr_ncp_20251227T1027178560_d_img_d18_x10240_y100480.png,0.3465,139.99,372.14,164.98,391.3
ch2_ohr_ncp_20251227T1027178560_d_img_d18_x10240_y100480.png,0.3437,501.31,526.11,506.68,530.43
ch2_ohr_ncp_20251227T1027178560_d_img_d18_x10240_y100480.png,0.3215,32.69,90.27,38.95,95.71
ch2_ohr_ncp_20251227T1027178560_d_img_d18_x10240_y100480.png,0.3142,104.62,453.15,112.49,460.37
ch2_ohr_ncp_20251227T1027178560_d_img_d18_x10240_y100480.png,0.2778,325.04,462.66,330.48,469.18
ch2_ohr_ncp_20251227T1027178560_d_img_d18_x10240_y100480.png,0.2618,533.08,79.67,538.0,84.26
ch2_ohr_ncp_20251227T1027178560_d_img_d18_x10240_y100480.png,0.2297,303.49,5.28,310.29,9.93
ch2_ohr_ncp_20251227T1027178560_d_img_d18_x10240_y100480.png,0.2219,610.16,430.74,635.11,447.91
ch2_ohr_ncp_20251227T1027178560_d_img_d18_x10880_y100480.png,0.5396,519.67,280.66,527.91,287.6
ch2_ohr_ncp_20251227T1027178560_d_img_d18_x10880_y100480.png,0.5147,260.81,288.86,269.29,296.32
ch2_ohr_ncp_20251227T1027178560_d_img_d18_x10880_y100480.png,0.5022,516.57,157.52,524.21,163.8
ch2_ohr_ncp_20251227T1027178560_d_img_d18_x10880_y100480.png,0.4737,388.55,565.03,393.98,569.57
ch2_ohr_ncp_20251227T1027178560_d_img_d18_x10880_y100480.png,0.4203,63.28,273.87,70.94,280.09
ch2_ohr_ncp_20251227T1027178560_d_img_d18_x10880_y100480.png,0.4077,457.09,187.26,464.51,193.54
ch2_ohr_ncp_20251227T1027178560_d_img_d18_x10880_y100480.png,0.379,492.97,204.4,498.93,209.2
ch2_ohr_ncp_20251227T1027178560_d_img_d18_x10880_y100480.png,0.3719,237.68,117.64,248.06,128.27
ch2_ohr_ncp_20251227T1027178560_d_img_d18_x10880_y100480.png,0.3366,196.2,460.64,203.23,466.53
ch2_ohr_ncp_20251227T1027178560_d_img_d18_x10880_y100480.png,0.3347,405.9,260.61,413.18,265.26
ch2_ohr_ncp_20251227T1027178560_d_img_d18_x10880_y100480.png,0.3336,370.64,178.44,384.8,187.65
ch2_ohr_ncp_20251227T1027178560_d_img_d18_x10880_y100480.png,0.3272,375.29,524.42,381.75,528.47
ch2_ohr_ncp_20251227T1027178560_d_img_d18_x10880_y100480.png,0.3251,202.14,442.05,209.79,448.61
ch2_ohr_ncp_20251227T1027178560_d_img_d18_x10880_y100480.png,0.3183,367.2,536.35,371.65,542.3
ch2_ohr_ncp_20251227T1027178560_d_img_d18_x10880_y100480.png,0.3182,597.28,143.48,603.08,148.38
ch2_ohr_ncp_20251227T1027178560_d_img_d18_x10880_y100480.png,0.315,148.64,219.27,153.34,222.91
ch2_ohr_ncp_20251227T1027178560_d_img_d18_x10880_y100480.png,0.3015,608.6,367.59,616.01,374.02
ch2_ohr_ncp_20251227T1027178560_d_img_d18_x10880_y100480.png,0.2935,174.89,6.85,186.94,17.11
ch2_ohr_ncp_20251227T1027178560_d_img_d18_x10880_y100480.png,0.2903,227.16,196.72,242.13,207.82
ch2_ohr_ncp_20251227T1027178560_d_img_d18_x10880_y100480.png,0.2711,491.47,58.51,499.98,65.85
ch2_ohr_ncp_20251227T1027178560_d_img_d18_x10880_y100480.png,0.268,113.45,195.49,121.65,204.0
ch2_ohr_ncp_20251227T1027178560_d_img_d18_x10880_y100480.png,0.2529,174.14,578.33,183.01,584.63
ch2_ohr_ncp_20251227T1027178560_d_img_d18_x10880_y100480.png,0.2459,436.37,195.6,441.83,200.47
ch2_ohr_ncp_20251227T1027178560_d_img_d18_x10880_y100480.png,0.2322,129.3,303.83,135.65,310.14
ch2_ohr_ncp_20251227T1027178560_d_img_d18_x10880_y100480.png,0.2244,510.96,237.71,516.0,241.71
ch2_ohr_ncp_20251227T1027178560_d_img_d18_x10880_y100480.png,0.2206,312.69,434.8,317.39,439.21
ch2_ohr_ncp_20251227T1027178560_d_img_d18_x10880_y100480.png,0.2203,170.9,288.97,180.63,295.91
ch2_ohr_ncp_20251227T1027178560_d_img_d18_x10880_y100480.png,0.2112,82.67,369.33,94.24,376.4
ch2_ohr_ncp_20251227T1027178560_d_img_d18_x10880_y100480.png,0.209,0.0,396.41,12.19,414.45
ch2_ohr_ncp_20251227T1027178560_d_img_d18_x10880_y100480.png,0.202,370.33,178.66,380.92,187.65
ch2_ohr_ncp_20251227T1027178560_d_img_d18_x10880_y94720.png,0.2185,340.38,606.22,388.18,635.66
ch2_ohr_ncp_20251227T1027178560_d_img_d18_x11520_y100480.png,0.4284,332.84,108.09,338.06,112.66
ch2_ohr_ncp_20251227T1027178560_d_img_d18_x11520_y100480.png,0.4232,4.7,243.17,15.36,252.74
ch2_ohr_ncp_20251227T1027178560_d_img_d18_x11520_y100480.png,0.3935,341.39,106.37,348.24,112.28
ch2_ohr_ncp_20251227T1027178560_d_img_d18_x11520_y100480.png,0.3605,352.87,8.92,364.63,15.3
ch2_ohr_ncp_20251227T1027178560_d_img_d18_x11520_y100480.png,0.3544,65.73,182.21,74.86,190.01
ch2_ohr_ncp_20251227T1027178560_d_img_d18_x11520_y100480.png,0.331,376.57,43.63,384.62,49.69
ch2_ohr_ncp_20251227T1027178560_d_img_d18_x11520_y100480.png,0.2721,240.68,17.2,245.93,21.57
ch2_ohr_ncp_20251227T1027178560_d_img_d18_x11520_y100480.png,0.2172,53.36,453.66,57.83,458.98
ch2_ohr_ncp_20251227T1027178560_d_img_d18_x11520_y100480.png,0.2047,239.15,250.03,245.61,256.1
ch2_ohr_ncp_20251227T1027178560_d_img_d18_x11520_y100480.png,0.2014,341.39,35.1,346.46,39.29
ch2_ohr_ncp_20251227T1027178560_d_img_d18_x11520_y71040.png,0.3966,191.24,621.56,241.49,639.69
ch2_ohr_ncp_20251227T1027178560_d_img_d18_x11520_y92800.png,0.3202,325.18,494.05,330.34,498.63
ch2_ohr_ncp_20251227T1027178560_d_img_d18_x11520_y92800.png,0.2921,344.08,498.62,349.6,502.71
ch2_ohr_ncp_20251227T1027178560_d_img_d18_x11520_y92800.png,0.2647,318.55,522.05,323.7,526.39
ch2_ohr_ncp_20251227T1027178560_d_img_d18_x11520_y92800.png,0.2637,307.33,530.15,312.67,534.45
ch2_ohr_ncp_20251227T1027178560_d_img_d18_x11520_y94720.png,0.2473,156.43,463.38,163.87,469.96
ch2_ohr_ncp_20251227T1027178560_d_img_d18_x11520_y94720.png,0.2174,375.69,62.76,421.18,96.85
ch2_ohr_ncp_20251227T1027178560_d_img_d18_x11520_y94720.png,0.2033,405.63,177.33,413.35,183.72
ch2_ohr_ncp_20251227T1027178560_d_img_d18_x11520_y96640.png,0.3424,339.98,173.13,356.39,185.51
ch2_ohr_ncp_20251227T1027178560_d_img_d18_x11520_y96640.png,0.3063,437.49,52.92,443.38,57.84
ch2_ohr_ncp_20251227T1027178560_d_img_d18_x11520_y96640.png,0.3011,284.08,246.11,294.66,255.31
ch2_ohr_ncp_20251227T1027178560_d_img_d18_x11520_y96640.png,0.271,300.35,45.17,311.17,52.18
ch2_ohr_ncp_20251227T1027178560_d_img_d18_x11520_y96640.png,0.2643,364.93,0.31,377.72,9.42
ch2_ohr_ncp_20251227T1027178560_d_img_d18_x11520_y96640.png,0.2141,209.49,360.43,220.11,368.15
ch2_ohr_ncp_20251227T1027178560_d_img_d18_x11520_y97280.png,0.4338,103.3,487.36,110.88,493.62
ch2_ohr_ncp_20251227T1027178560_d_img_d18_x11520_y97280.png,0.4164,463.16,13.19,479.62,25.82
ch2_ohr_ncp_20251227T1027178560_d_img_d18_x11520_y97280.png,0.3798,0.0,528.05,8.25,536.05
ch2_ohr_ncp_20251227T1027178560_d_img_d18_x11520_y97280.png,0.3609,183.62,274.48,193.14,281.83
ch2_ohr_ncp_20251227T1027178560_d_img_d18_x11520_y97280.png,0.3417,99.1,568.15,109.24,575.91
ch2_ohr_ncp_20251227T1027178560_d_img_d18_x11520_y97280.png,0.288,278.12,510.67,286.72,517.58
ch2_ohr_ncp_20251227T1027178560_d_img_d18_x11520_y97280.png,0.2808,85.03,272.48,91.71,278.42
ch2_ohr_ncp_20251227T1027178560_d_img_d18_x11520_y97280.png,0.2648,7.78,537.21,27.88,553.97
ch2_ohr_ncp_20251227T1027178560_d_img_d18_x11520_y97280.png,0.2248,177.45,478.0,183.2,482.28
ch2_ohr_ncp_20251227T1027178560_d_img_d18_x11520_y97920.png,0.2238,335.68,215.78,344.44,222.95
ch2_ohr_ncp_20251227T1027178560_d_img_d18_x11520_y97920.png,0.2127,382.0,599.22,387.04,603.37
ch2_ohr_ncp_20251227T1027178560_d_img_d18_x11520_y98560.png,0.6703,111.85,607.36,135.09,625.82
ch2_ohr_ncp_20251227T1027178560_d_img_d18_x11520_y98560.png,0.5454,337.71,525.55,358.06,539.44
ch2_ohr_ncp_20251227T1027178560_d_img_d18_x11520_y98560.png,0.5316,199.86,461.61,213.21,472.18
ch2_ohr_ncp_20251227T1027178560_d_img_d18_x11520_y98560.png,0.4908,79.81,434.11,85.74,439.33
ch2_ohr_ncp_20251227T1027178560_d_img_d18_x11520_y98560.png,0.4365,351.04,419.67,359.98,425.07
ch2_ohr_ncp_20251227T1027178560_d_img_d18_x11520_y98560.png,0.424,201.27,59.14,209.91,65.15
ch2_ohr_ncp_20251227T1027178560_d_img_d18_x11520_y98560.png,0.4214,43.92,544.14,52.96,552.0
ch2_ohr_ncp_20251227T1027178560_d_img_d18_x11520_y98560.png,0.4151,354.9,599.53,360.43,603.69
ch2_ohr_ncp_20251227T1027178560_d_img_d18_x11520_y98560.png,0.4062,0.0,88.25,13.72,104.93
ch2_ohr_ncp_20251227T1027178560_d_img_d18_x11520_y98560.png,0.3798,327.52,588.82,335.23,594.44
ch2_ohr_ncp_20251227T1027178560_d_img_d18_x11520_y98560.png,0.3681,446.07,403.97,458.17,414.59
ch2_ohr_ncp_20251227T1027178560_d_img_d18_x11520_y98560.png,0.3655,361.54,402.72,374.42,415.12
ch2_ohr_ncp_20251227T1027178560_d_img_d18_x11520_y98560.png,0.344,448.28,432.24,457.84,438.94
ch2_ohr_ncp_20251227T1027178560_d_img_d18_x11520_y98560.png,0.3155,463.65,457.0,472.27,462.79
ch2_ohr_ncp_20251227T1027178560_d_img_d18_x11520_y98560.png,0.2981,346.95,562.32,352.87,567.75
ch2_ohr_ncp_20251227T1027178560_d_img_d18_x11520_y98560.png,0.293,0.04,490.47,6.53,495.78
ch2_ohr_ncp_20251227T1027178560_d_img_d18_x11520_y98560.png,0.2646,229.68,458.58,239.39,463.87
ch2_ohr_ncp_20251227T1027178560_d_img_d18_x11520_y98560.png,0.2637,362.68,403.03,374.15,412.68
ch2_ohr_ncp_20251227T1027178560_d_img_d18_x11520_y98560.png,0.2239,115.67,397.31,123.23,402.92
ch2_ohr_ncp_20251227T1027178560_d_img_d18_x11520_y98560.png,0.2233,92.93,437.97,98.44,442.27
ch2_ohr_ncp_20251227T1027178560_d_img_d18_x11520_y99200.png,0.4189,432.61,111.26,454.26,128.19
ch2_ohr_ncp_20251227T1027178560_d_img_d18_x11520_y99200.png,0.3232,37.61,373.02,44.2,378.59
ch2_ohr_ncp_20251227T1027178560_d_img_d18_x11520_y99200.png,0.3202,471.56,148.96,477.47,153.94
ch2_ohr_ncp_20251227T1027178560_d_img_d18_x11520_y99200.png,0.3125,303.44,181.68,314.94,190.74
ch2_ohr_ncp_20251227T1027178560_d_img_d18_x11520_y99200.png,0.2962,248.0,111.23,255.33,117.78
ch2_ohr_ncp_20251227T1027178560_d_img_d18_x11520_y99200.png,0.2913,141.94,357.63,148.57,362.36
ch2_ohr_ncp_20251227T1027178560_d_img_d18_x11520_y99200.png,0.2795,405.07,214.67,414.14,223.35
ch2_ohr_ncp_20251227T1027178560_d_img_d18_x11520_y99200.png,0.2764,307.56,11.87,313.75,16.75
ch2_ohr_ncp_20251227T1027178560_d_img_d18_x11520_y99200.png,0.2664,458.39,99.79,470.24,108.2
ch2_ohr_ncp_20251227T1027178560_d_img_d18_x11520_y99200.png,0.2313,341.76,282.61,346.82,286.84
ch2_ohr_ncp_20251227T1027178560_d_img_d18_x11520_y99200.png,0.2006,376.44,98.2,382.1,102.91
ch2_ohr_ncp_20251227T1027178560_d_img_d18_x11520_y99840.png,0.3125,0.0,449.85,5.74,457.79
ch2_ohr_ncp_20251227T1027178560_d_img_d18_x11520_y99840.png,0.3124,25.63,550.62,34.16,558.99
ch2_ohr_ncp_20251227T1027178560_d_img_d18_x11520_y99840.png,0.3026,32.63,305.76,37.65,310.27
ch2_ohr_ncp_20251227T1027178560_d_img_d18_x11520_y99840.png,0.2967,64.63,627.42,74.75,636.01
ch2_ohr_ncp_20251227T1027178560_d_img_d18_x11520_y99840.png,0.2722,463.93,572.67,469.2,576.72
ch2_ohr_ncp_20251227T1027178560_d_img_d18_x11520_y99840.png,0.2482,216.71,511.43,222.17,515.99
ch2_ohr_ncp_20251227T1027178560_d_img_d18_x11520_y99840.png,0.2442,290.36,525.76,298.15,531.98
ch2_ohr_ncp_20251227T1027178560_d_img_d18_x11520_y99840.png,0.2411,320.64,287.33,327.84,292.54
ch2_ohr_ncp_20251227T1027178560_d_img_d18_x11520_y99840.png,0.2188,88.69,97.07,94.09,101.1
ch2_ohr_ncp_20251227T1027178560_d_img_d18_x11520_y99840.png,0.2163,468.15,429.82,474.79,434.46
