tile,conf,x1,y1,x2,y2
ch2_ohr_ncp_20211228T2209123959_d_img_d18_x00000_y40320.png,0.2264,631.37,355.64,640.0,364.16
ch2_ohr_ncp_20211228T2209123959_d_img_d18_x00000_y40960.png,0.2233,2.74,155.97,10.3,163.1
ch2_ohr_ncp_20211228T2209123959_d_img_d18_x00640_y36480.png,0.27,0.0,447.4,22.56,478.21
ch2_ohr_ncp_20211228T2209123959_d_img_d18_x00640_y39040.png,0.3181,625.38,462.5,638.51,475.36
ch2_ohr_ncp_20211228T2209123959_d_img_d18_x00640_y39040.png,0.3028,625.69,30.48,639.52,43.59
ch2_ohr_ncp_20211228T2209123959_d_img_d18_x01280_y35200.png,0.302,625.09,117.12,638.04,132.06
ch2_ohr_ncp_20211228T2209123959_d_img_d18_x01280_y38400.png,0.2601,616.29,18.63,636.21,40.4
ch2_ohr_ncp_20211228T2209123959_d_img_d18_x01280_y39040.png,0.2119,631.47,10.09,639.12,19.75
ch2_ohr_ncp_20211228T2209123959_d_img_d18_x01280_y39680.png,0.2469,623.21,237.16,639.85,251.77
ch2_ohr_ncp_20211228T2209123959_d_img_d18_x01280_y39680.png,0.2005,606.67,220.14,639.13,245.16
ch2_ohr_ncp_20211228T2209123959_d_img_d18_x01280_y71680.png,0.243,385.63,382.19,396.53,391.39
ch2_ohr_ncp_20211228T2209123959_d_img_d18_x01920_y38400.png,0.2176,257.33,628.78,268.08,637.62
ch2_ohr_ncp_20211228T2209123959_d_img_d18_x01920_y72960.png,0.2567,626.34,625.4,635.43,635.13
ch2_ohr_ncp_20211228T2209123959_d_img_d18_x02560_y78080.png,0.3326,618.93,377.95,636.13,391.28
ch2_ohr_ncp_20211228T2209123959_d_img_d18_x02560_y78080.png,0.2145,624.87,392.4,638.15,404.87
ch2_ohr_ncp_20211228T2209123959_d_img_d18_x03200_y40960.png,0.2762,10.44,379.17,19.19,386.77
ch2_ohr_ncp_20211228T2209123959_d_img_d18_x03200_y71680.png,0.4553,629.56,8.72,638.96,19.79
ch2_ohr_ncp_20211228T2209123959_d_img_d18_x03840_y33280.png,0.2208,631.22,321.36,638.78,329.9
ch2_ohr_ncp_20211228T2209123959_d_img_d18_x04480_y33920.png,0.2062,621.93,62.08,638.85,77.25
ch2_ohr_ncp_20211228T2209123959_d_img_d18_x04480_y34560.png,0.2615,488.78,627.54,505.48,639.95
ch2_ohr_ncp_20211228T2209123959_d_img_d18_x05120_y37760.png,0.249,628.07,422.28,639.69,434.59
ch2_ohr_ncp_20211228T2209123959_d_img_d18_x05120_y40320.png,0.3473,630.07,106.64,639.07,114.05
ch2_ohr_ncp_20211228T2209123959_d_img_d18_x05120_y40320.png,0.2118,24.41,63.86,92.34,118.92
ch2_ohr_ncp_20211228T2209123959_d_img_d18_x06400_y75520.png,0.292,330.97,624.9,346.66,637.75
ch2_ohr_ncp_20211228T2209123959_d_img_d18_x07040_y39040.png,0.2133,0.0,417.74,10.04,454.71
ch2_ohr_ncp_20211228T2209123959_d_img_d18_x07040_y79360.png,0.2432,495.64,285.81,513.14,297.75
ch2_ohr_ncp_20211228T2209123959_d_img_d18_x08320_y39040.png,0.2974,626.19,89.02,637.48,98.87
ch2_ohr_ncp_20211228T2209123959_d_img_d18_x08320_y39040.png,0.2171,2.85,436.23,13.14,443.7
ch2_ohr_ncp_20211228T2209123959_d_img_d18_x08320_y39040.png,0.206,492.27,163.93,500.59,170.4
ch2_ohr_ncp_20240406T0647198831_d_img_d18_x00000_y100480.png,0.2368,158.65,462.12,163.09,468.46
ch2_ohr_ncp_20240406T0647198831_d_img_d18_x00000_y100480.png,0.2266,533.09,519.37,540.7,526.4
ch2_ohr_ncp_20240406T0647198831_d_img_d18_x00000_y100480.png,0.221,324.21,54.1,330.11,63.16
ch2_ohr_ncp_20240406T0647198831_d_img_d18_x00000_y100480.png,0.2133,150.34,536.84,156.99,545.22
ch2_ohr_ncp_20240406T0647198831_d_img_d18_x00000_y100480.png,0.2066,190.81,515.78,209.38,549.19
ch2_ohr_ncp_20240406T0647198831_d_img_d18_x00000_y100480.png,0.2052,627.43,461.86,631.5,468.12
ch2_ohr_ncp_20240406T0647198831_d_img_d18_x00000_y21760.png,0.2718,294.52,112.38,299.57,118.79
ch2_ohr_ncp_20240406T0647198831_d_img_d18_x00000_y23040.png,0.2291,515.03,607.97,544.65,637.75
ch2_ohr_ncp_20240406T0647198831_d_img_d18_x00000_y24320.png,0.2188,527.31,0.0,559.87,18.58
ch2_ohr_ncp_20240406T0647198831_d_img_d18_x00000_y75520.png,0.2097,469.24,257.06,479.1,269.77
ch2_ohr_ncp_20240406T0647198831_d_img_d18_x00640_y100480.png,0.5127,403.39,383.25,412.33,398.47
ch2_ohr_ncp_20240406T0647198831_d_img_d18_x00640_y100480.png,0.4265,209.12,122.57,257.82,193.48
ch2_ohr_ncp_20240406T0647198831_d_img_d18_x00640_y100480.png,0.4044,274.13,381.98,280.17,390.56
ch2_ohr_ncp_20240406T0647198831_d_img_d18_x00640_y100480.png,0.3937,291.07,28.9,306.92,55.4
ch2_ohr_ncp_20240406T0647198831_d_img_d18_x00640_y100480.png,0.3698,435.78,435.99,451.65,454.87
ch2_ohr_ncp_20240406T0647198831_d_img_d18_x00640_y100480.png,0.3559,254.23,115.38,262.4,125.07
ch2_ohr_ncp_20240406T0647198831_d_img_d18_x00640_y100480.png,0.3259,564.01,136.54,571.63,149.41
ch2_ohr_ncp_20240406T0647198831_d_img_d18_x00640_y100480.png,0.3218,393.34,0.0,401.25,5.47
ch2_ohr_ncp_20240406T0647198831_d_img_d18_x00640_y100480.png,0.3099,289.29,211.24,297.8,225.1
ch2_ohr_ncp_20240406T0647198831_d_img_d18_x00640_y100480.png,0.306,252.91,106.2,258.86,113.37
ch2_ohr_ncp_20240406T0647198831_d_img_d18_x00640_y100480.png,0.2871,90.56,287.08,96.55,294.94
ch2_ohr_ncp_20240406T0647198831_d_img_d18_x00640_y100480.png,0.2862,284.41,107.25,289.67,114.51
ch2_ohr_ncp_20240406T0647198831_d_img_d18_x00640_y100480.png,0.2753,443.8,518.38,450.18,526.8
ch2_ohr_ncp_20240406T0647198831_d_img_d18_x00640_y100480.png,0.2667,548.8,369.71,553.37,375.68
ch2_ohr_ncp_20240406T0647198831_d_img_d18_x00640_y100480.png,0.2559,530.07,172.01,535.56,178.64
ch2_ohr_ncp_20240406T0647198831_d_img_d18_x00640_y100480.png,0.2555,410.45,334.38,417.12,341.68
ch2_ohr_ncp_20240406T0647198831_d_img_d18_x00640_y100480.png,0.2535,424.06,413.24,430.28,421.77
ch2_ohr_ncp_20240406T0647198831_d_img_d18_x00640_y100480.png,0.2494,285.83,240.37,291.85,249.54
ch2_ohr_ncp_20240406T0647198831_d_img_d18_x00640_y100480.png,0.2394,74.91,350.91,80.57,357.83
ch2_ohr_ncp_20240406T0647198831_d_img_d18_x00640_y100480.png,0.2322,36.18,386.52,50.47,413.58
ch2_ohr_ncp_20240406T0647198831_d_img_d18_x00640_y100480.png,0.23,352.77,250.41,363.22,271.96
ch2_ohr_ncp_20240406T0647198831_d_img_d18_x00640_y100480.png,0.2283,17.63,377.96,26.44,387.37
ch2_ohr_ncp_20240406T0647198831_d_img_d18_x00640_y100480.png,0.2268,543.14,124.17,551.76,135.85
ch2_ohr_ncp_20240406T0647198831_d_img_d18_x00640_y100480.png,0.2266,293.36,73.75,298.12,79.3
ch2_ohr_ncp_20240406T0647198831_d_img_d18_x00640_y100480.png,0.2246,340.26,90.27,348.19,98.36
ch2_ohr_ncp_20240406T0647198831_d_img_d18_x00640_y100480.png,0.2238,382.05,142.04,388.49,150.94
ch2_ohr_ncp_20240406T0647198831_d_img_d18_x00640_y100480.png,0.2232,365.36,423.78,370.93,430.31
ch2_ohr_ncp_20240406T0647198831_d_img_d18_x00640_y100480.png,0.21,103.25,338.26,108.15,343.12
ch2_ohr_ncp_20240406T0647198831_d_img_d18_x00640_y100480.png,0.2096,147.79,343.03,154.03,352.79
ch2_ohr_ncp_20240406T0647198831_d_img_d18_x00640_y100480.png,0.2057,277.4,266.46,286.28,275.27
ch2_ohr_ncp_20240406T0647198831_d_img_d18_x00640_y21120.png,0.3765,96.9,104.26,103.33,111.92
ch2_ohr_ncp_20240406T0647198831_d_img_d18_x00640_y21120.png,0.3456,626.85,632.55,633.35,639.66
ch2_ohr_ncp_20240406T0647198831_d_img_d18_x00640_y21120.png,0.3134,401.41,512.77,408.88,524.28
ch2_ohr_ncp_20240406T0647198831_d_img_d18_x00640_y21120.png,0.3085,557.01,159.68,566.43,169.05
ch2_ohr_ncp_20240406T0647198831_d_img_d18_x00640_y21120.png,0.3083,630.56,251.59,637.93,261.79
ch2_ohr_ncp_20240406T0647198831_d_img_d18_x00640_y21120.png,0.2615,272.43,563.86,279.82,574.12
ch2_ohr_ncp_20240406T0647198831_d_img_d18_x00640_y21120.png,0.257,615.05,197.23,626.28,214.74
ch2_ohr_ncp_20240406T0647198831_d_img_d18_x00640_y21120.png,0.2436,427.27,255.91,441.31,277.57
ch2_ohr_ncp_20240406T0647198831_d_img_d18_x00640_y21120.png,0.2403,439.77,453.22,455.25,465.55
ch2_ohr_ncp_20240406T0647198831_d_img_d18_x00640_y21120.png,0.2296,402.12,350.99,417.03,370.92
ch2_ohr_ncp_20240406T0647198831_d_img_d18_x00640_y21120.png,0.2146,442.46,502.76,447.45,507.91
ch2_ohr_ncp_20240406T0647198831_d_img_d18_x00640_y21760.png,0.3632,310.24,462.25,321.68,482.04
ch2_ohr_ncp_20240406T0647198831_d_img_d18_x00640_y21760.png,0.2559,521.71,1.05,536.6,17.42
ch2_ohr_ncp_20240406T0647198831_d_img_d18_x00640_y21760.png,0.2326,626.53,622.79,639.55,639.28
ch2_ohr_ncp_20240406T0647198831_d_img_d18_x00640_y21760.png,0.2236,349.43,54.52,354.31,61.41
ch2_ohr_ncp_20240406T0647198831_d_img_d18_x00640_y21760.png,0.2118,341.68,53.9,347.28,60.01
ch2_ohr_ncp_20240406T0647198831_d_img_d18_x00640_y23040.png,0.2804,630.49,321.44,639.61,334.75
ch2_ohr_ncp_20240406T0647198831_d_img_d18_x00640_y23680.png,0.2523,389.52,554.2,395.01,561.23
ch2_ohr_ncp_20240406T0647198831_d_img_d18_x00640_y23680.png,0.2286,433.89,135.04,439.72,143.57
ch2_ohr_ncp_20240406T0647198831_d_img_d18_x00640_y60800.png,0.303,523.59,144.43,529.99,153.4
ch2_ohr_ncp_20240406T0647198831_d_img_d18_x00640_y60800.png,0.2664,267.34,632.5,277.21,639.86
ch2_ohr_ncp_20240406T0647198831_d_img_d18_x00640_y60800.png,0.2314,557.54,149.78,563.9,157.22
ch2_ohr_ncp_20240406T0647198831_d_img_d18_x00640_y74880.png,0.2611,155.57,314.28,161.58,325.53
ch2_ohr_ncp_20240406T0647198831_d_img_d18_x00640_y76160.png,0.2046,284.69,631.87,289.99,639.19
ch2_ohr_ncp_20240406T0647198831_d_img_d18_x00640_y97920.png,0.2066,550.24,494.93,555.58,501.0
ch2_ohr_ncp_20240406T0647198831_d_img_d18_x00640_y99200.png,0.342,483.82,121.07,487.97,125.95
ch2_ohr_ncp_20240406T0647198831_d_img_d18_x00640_y99200.png,0.3341,360.73,166.49,381.05,192.87
ch2_ohr_ncp_20240406T0647198831_d_img_d18_x00640_y99200.png,0.3162,174.83,39.83,179.86,45.86
ch2_ohr_ncp_20240406T0647198831_d_img_d18_x00640_y99200.png,0.2835,368.65,198.27,374.19,204.26
ch2_ohr_ncp_20240406T0647198831_d_img_d18_x00640_y99200.png,0.2806,409.04,171.0,416.22,180.58
ch2_ohr_ncp_20240406T0647198831_d_img_d18_x00640_y99200.png,0.2647,483.2,122.13,487.7,127.66
ch2_ohr_ncp_20240406T0647198831_d_img_d18_x00640_y99200.png,0.2622,359.05,146.8,365.95,155.12
ch2_ohr_ncp_20240406T0647198831_d_img_d18_x00640_y99200.png,0.2608,371.68,265.69,379.68,275.88
ch2_ohr_ncp_20240406T0647198831_d_img_d18_x00640_y99200.png,0.2455,371.61,105.5,376.67,112.45
ch2_ohr_ncp_20240406T0647198831_d_img_d18_x00640_y99200.png,0.2388,349.37,119.03,354.61,126.23
ch2_ohr_ncp_20240406T0647198831_d_img_d18_x00640_y99200.png,0.2323,418.42,312.82,424.63,320.59
ch2_ohr_ncp_20240406T0647198831_d_img_d18_x00640_y99200.png,0.2314,489.88,619.43,497.82,633.73
ch2_ohr_ncp_20240406T0647198831_d_img_d18_x00640_y99200.png,0.2299,115.7,119.86,119.58,125.84
ch2_ohr_ncp_20240406T0647198831_d_img_d18_x00640_y99200.png,0.225,461.87,156.46,466.61,161.94
ch2_ohr_ncp_20240406T0647198831_d_img_d18_x00640_y99200.png,0.2228,545.68,41.83,552.36,52.13
ch2_ohr_ncp_20240406T0647198831_d_img_d18_x00640_y99200.png,0.2196,446.21,47.46,452.67,54.64
ch2_ohr_ncp_20240406T0647198831_d_img_d18_x00640_y99200.png,0.2194,229.93,597.78,236.25,604.8
ch2_ohr_ncp_20240406T0647198831_d_img_d18_x00640_y99200.png,0.2107,294.59,49.08,299.9,55.24
ch2_ohr_ncp_20240406T0647198831_d_img_d18_x00640_y99200.png,0.21,626.92,43.79,637.49,60.48
ch2_ohr_ncp_20240406T0647198831_d_img_d18_x00640_y99200.png,0.2057,446.96,75.03,464.7,110.55
ch2_ohr_ncp_20240406T0647198831_d_img_d18_x00640_y99200.png,0.2034,410.5,108.79,420.26,120.19
ch2_ohr_ncp_20240406T0647198831_d_img_d18_x00640_y99200.png,0.2029,494.64,182.51,502.16,191.07
ch2_ohr_ncp_20240406T0647198831_d_img_d18_x00640_y99840.png,0.301,395.4,632.32,402.13,639.85
ch2_ohr_ncp_20240406T0647198831_d_img_d18_x00640_y99840.png,0.2489,452.55,630.47,460.97,638.18
ch2_ohr_ncp_20240406T0647198831_d_img_d18_x00640_y99840.png,0.2317,547.67,504.32,553.46,513.1
ch2_ohr_ncp_20240406T0647198831_d_img_d18_x01280_y100480.png,0.5357,259.44,0.0,276.11,12.72
ch2_ohr_ncp_20240406T0647198831_d_img_d18_x01280_y100480.png,0.5018,272.81,351.06,280.14,363.88
ch2_ohr_ncp_20240406T0647198831_d_img_d18_x01280_y100480.png,0.4946,567.29,416.29,587.51,449.01
ch2_ohr_ncp_20240406T0647198831_d_img_d18_x01280_y100480.png,0.4676,311.32,196.14,332.54,220.5
ch2_ohr_ncp_20240406T0647198831_d_img_d18_x01280_y100480.png,0.4276,119.04,199.18,129.6,216.02
ch2_ohr_ncp_20240406T0647198831_d_img_d18_x01280_y100480.png,0.3829,203.27,100.16,210.02,108.8
ch2_ohr_ncp_20240406T0647198831_d_img_d18_x01280_y100480.png,0.3821,16.92,137.76,30.19,157.71
ch2_ohr_ncp_20240406T0647198831_d_img_d18_x01280_y100480.png,0.3777,259.16,73.91,270.26,90.09
ch2_ohr_ncp_20240406T0647198831_d_img_d18_x01280_y100480.png,0.3643,472.56,151.59,480.32,164.3
ch2_ohr_ncp_20240406T0647198831_d_img_d18_x01280_y100480.png,0.3619,247.26,369.81,254.17,377.81
ch2_ohr_ncp_20240406T0647198831_d_img_d18_x01280_y100480.png,0.3618,34.69,406.0,44.55,415.49
ch2_ohr_ncp_20240406T0647198831_d_img_d18_x01280_y100480.png,0.3439,384.06,159.63,399.63,193.38
ch2_ohr_ncp_20240406T0647198831_d_img_d18_x01280_y100480.png,0.342,217.29,148.61,228.25,161.82
ch2_ohr_ncp_20240406T0647198831_d_img_d18_x01280_y100480.png,0.3413,155.48,136.81,160.38,143.83
ch2_ohr_ncp_20240406T0647198831_d_img_d18_x01280_y100480.png,0.3406,248.74,384.89,256.68,394.88
ch2_ohr_ncp_20240406T0647198831_d_img_d18_x01280_y100480.png,0.3351,126.54,45.67,135.35,54.26
ch2_ohr_ncp_20240406T0647198831_d_img_d18_x01280_y100480.png,0.334,2.57,412.37,11.37,423.24
ch2_ohr_ncp_20240406T0647198831_d_img_d18_x01280_y100480.png,0.3191,211.19,408.79,217.71,416.72
ch2_ohr_ncp_20240406T0647198831_d_img_d18_x01280_y100480.png,0.3034,190.39,401.98,196.83,411.67
ch2_ohr_ncp_20240406T0647198831_d_img_d18_x01280_y100480.png,0.3023,194.96,3.88,201.09,10.27
ch2_ohr_ncp_20240406T0647198831_d_img_d18_x01280_y100480.png,0.2934,198.9,28.25,203.84,34.26
ch2_ohr_ncp_20240406T0647198831_d_img_d18_x01280_y100480.png,0.2929,462.92,381.96,470.32,389.49
ch2_ohr_ncp_20240406T0647198831_d_img_d18_x01280_y100480.png,0.292,15.1,126.92,30.09,144.23
ch2_ohr_ncp_20240406T0647198831_d_img_d18_x01280_y100480.png,0.2908,248.13,386.98,255.85,396.42
ch2_ohr_ncp_20240406T0647198831_d_img_d18_x01280_y100480.png,0.2888,195.77,140.8,208.48,159.52
ch2_ohr_ncp_20240406T0647198831_d_img_d18_x01280_y100480.png,0.2827,246.87,359.32,252.95,365.96
ch2_ohr_ncp_20240406T0647198831_d_img_d18_x01280_y100480.png,0.2825,263.52,422.23,269.21,428.46
ch2_ohr_ncp_20240406T0647198831_d_img_d18_x01280_y100480.png,0.2788,62.81,189.34,70.73,199.46
ch2_ohr_ncp_20240406T0647198831_d_img_d18_x01280_y100480.png,0.2727,18.58,87.71,24.54,94.09
ch2_ohr_ncp_20240406T0647198831_d_img_d18_x01280_y100480.png,0.2693,63.75,120.32,69.56,127.28
ch2_ohr_ncp_20240406T0647198831_d_img_d18_x01280_y100480.png,0.2689,15.23,269.32,23.8,279.38
ch2_ohr_ncp_20240406T0647198831_d_img_d18_x01280_y100480.png,0.2684,606.84,502.49,616.51,510.95
ch2_ohr_ncp_20240406T0647198831_d_img_d18_x01280_y100480.png,0.2673,225.66,357.18,241.16,370.11
ch2_ohr_ncp_20240406T0647198831_d_img_d18_x01280_y100480.png,0.2646,14.47,126.93,30.27,150.62
ch2_ohr_ncp_20240406T0647198831_d_img_d18_x01280_y100480.png,0.2631,196.69,377.62,201.27,382.78
ch2_ohr_ncp_20240406T0647198831_d_img_d18_x01280_y100480.png,0.263,292.57,517.08,298.28,523.55
ch2_ohr_ncp_20240406T0647198831_d_img_d18_x01280_y100480.png,0.2565,76.99,193.61,83.16,201.64
ch2_ohr_ncp_20240406T0647198831_d_img_d18_x01280_y100480.png,0.2522,632.68,533.8,639.77,543.27
ch2_ohr_ncp_20240406T0647198831_d_img_d18_x01280_y100480.png,0.2497,54.58,330.58,60.7,338.65
ch2_ohr_ncp_20240406T0647198831_d_img_d18_x01280_y100480.png,0.2446,601.52,325.82,606.24,332.11
ch2_ohr_ncp_20240406T0647198831_d_img_d18_x01280_y100480.png,0.243,548.01,76.88,553.06,85.65
ch2_ohr_ncp_20240406T0647198831_d_img_d18_x01280_y100480.png,0.2426,193.83,241.14,198.9,247.86
ch2_ohr_ncp_20240406T0647198831_d_img_d18_x01280_y100480.png,0.239,166.92,64.43,171.91,70.08
ch2_ohr_ncp_20240406T0647198831_d_img_d18_x01280_y100480.png,0.2384,605.57,242.23,626.72,267.84
ch2_ohr_ncp_20240406T0647198831_d_img_d18_x01280_y100480.png,0.2355,153.1,161.43,163.13,173.02
ch2_ohr_ncp_20240406T0647198831_d_img_d18_x01280_y100480.png,0.2352,547.32,410.05,558.88,427.23
ch2_ohr_ncp_20240406T0647198831_d_img_d18_x01280_y100480.png,0.2302,274.16,61.56,294.14,82.55
ch2_ohr_ncp_20240406T0647198831_d_img_d18_x01280_y100480.png,0.2228,34.23,98.66,47.21,114.29
ch2_ohr_ncp_20240406T0647198831_d_img_d18_x01280_y100480.png,0.2206,42.29,129.1,51.23,138.0
ch2_ohr_ncp_20240406T0647198831_d_img_d18_x01280_y100480.png,0.2198,329.69,522.47,346.0,541.13
ch2_ohr_ncp_20240406T0647198831_d_img_d18_x01280_y100480.png,0.2137,36.16,150.11,49.55,165.84
ch2_ohr_ncp_20240406T0647198831_d_img_d18_x01280_y100480.png,0.2114,92.77,295.77,102.72,310.73
ch2_ohr_ncp_20240406T0647198831_d_img_d18_x01280_y100480.png,0.2084,215.31,540.75,224.08,551.46
ch2_ohr_ncp_20240406T0647198831_d_img_d18_x01280_y100480.png,0.2074,273.72,243.81,280.61,251.74
ch2_ohr_ncp_20240406T0647198831_d_img_d18_x01280_y100480.png,0.2057,230.73,37.25,238.5,46.73
ch2_ohr_ncp_20240406T0647198831_d_img_d18_x01280_y100480.png,0.2041,16.07,128.69,32.28,157.64
ch2_ohr_ncp_20240406T0647198831_d_img_d18_x01280_y100480.png,0.2039,169.47,516.13,174.84,521.53
ch2_ohr_ncp_20240406T0647198831_d_img_d18_x01280_y100480.png,0.2035,500.87,474.6,517.18,496.93
ch2_ohr_ncp_20240406T0647198831_d_img_d18_x01280_y22400.png,0.2792,44.0,87.91,49.74,94.32
ch2_ohr_ncp_20240406T0647198831_d_img_d18_x01280_y22400.png,0.2301,420.39,126.22,426.24,131.92
ch2_ohr_ncp_20240406T0647198831_d_img_d18_x01280_y98560.png,0.2084,0.22,43.14,5.81,57.39
ch2_ohr_ncp_20240406T0647198831_d_img_d18_x01280_y99200.png,0.3718,573.34,293.81,578.16,299.38
ch2_ohr_ncp_20240406T0647198831_d_img_d18_x01280_y99200.png,0.3674,295.55,186.96,302.91,196.38
ch2_ohr_ncp_20240406T0647198831_d_img_d18_x01280_y99200.png,0.3614,519.63,72.4,526.45,79.86
ch2_ohr_ncp_20240406T0647198831_d_img_d18_x01280_y99200.png,0.3459,245.14,322.9,252.34,331.6
ch2_ohr_ncp_20240406T0647198831_d_img_d18_x01280_y99200.png,0.3435,236.99,94.14,241.17,99.71
ch2_ohr_ncp_20240406T0647198831_d_img_d18_x01280_y99200.png,0.3381,270.59,260.1,276.91,268.87
ch2_ohr_ncp_20240406T0647198831_d_img_d18_x01280_y99200.png,0.3222,521.87,480.06,526.77,485.98
ch2_ohr_ncp_20240406T0647198831_d_img_d18_x01280_y99200.png,0.2998,630.92,359.92,638.88,372.52
ch2_ohr_ncp_20240406T0647198831_d_img_d18_x01280_y99200.png,0.2966,529.17,462.62,533.36,467.81
ch2_ohr_ncp_20240406T0647198831_d_img_d18_x01280_y99200.png,0.2855,91.75,283.74,98.23,292.33
ch2_ohr_ncp_20240406T0647198831_d_img_d18_x01280_y99200.png,0.2824,557.92,471.86,563.29,477.76
ch2_ohr_ncp_20240406T0647198831_d_img_d18_x01280_y99200.png,0.2824,566.67,498.23,572.32,506.62
ch2_ohr_ncp_20240406T0647198831_d_img_d18_x01280_y99200.png,0.2672,522.79,480.72,527.35,486.36
ch2_ohr_ncp_20240406T0647198831_d_img_d18_x01280_y99200.png,0.2575,504.44,490.5,510.64,497.04
ch2_ohr_ncp_20240406T0647198831_d_img_d18_x01280_y99200.png,0.2503,172.38,517.73,178.38,523.86
ch2_ohr_ncp_20240406T0647198831_d_img_d18_x01280_y99200.png,0.247,262.17,385.01,273.75,402.2
ch2_ohr_ncp_20240406T0647198831_d_img_d18_x01280_y99200.png,0.2435,607.63,205.11,621.47,221.48
ch2_ohr_ncp_20240406T0647198831_d_img_d18_x01280_y99200.png,0.2365,476.7,86.42,481.78,93.02
ch2_ohr_ncp_20240406T0647198831_d_img_d18_x01280_y99200.png,0.2352,404.7,164.07,411.08,171.82
ch2_ohr_ncp_20240406T0647198831_d_img_d18_x01280_y99200.png,0.2281,548.88,189.8,553.59,196.54
ch2_ohr_ncp_20240406T0647198831_d_img_d18_x01280_y99200.png,0.2175,508.86,55.2,516.42,65.28
ch2_ohr_ncp_20240406T0647198831_d_img_d18_x01280_y99200.png,0.2115,230.62,129.89,235.3,136.16
ch2_ohr_ncp_20240406T0647198831_d_img_d18_x01280_y99200.png,0.2107,533.17,248.01,539.81,255.39
ch2_ohr_ncp_20240406T0647198831_d_img_d18_x01280_y99200.png,0.2053,524.4,148.31,529.97,154.2
ch2_ohr_ncp_20240406T0647198831_d_img_d18_x01280_y99200.png,0.2039,570.27,194.46,575.7,199.71
ch2_ohr_ncp_20240406T0647198831_d_img_d18_x01280_y99200.png,0.2015,533.45,44.28,537.95,49.01
ch2_ohr_ncp_20240406T0647198831_d_img_d18_x01280_y99200.png,0.2009,578.91,483.95,584.4,489.7
ch2_ohr_ncp_20240406T0647198831_d_img_d18_x01280_y99840.png,0.552,118.31,560.44,124.61,567.68
ch2_ohr_ncp_20240406T0647198831_d_img_d18_x01280_y99840.png,0.4969,81.59,519.31,87.2,526.06
ch2_ohr_ncp_20240406T0647198831_d_img_d18_x01280_y99840.png,0.478,70.48,496.4,75.32,503.07
ch2_ohr_ncp_20240406T0647198831_d_img_d18_x01280_y99840.png,0.3598,99.72,618.65,106.33,625.86
ch2_ohr_ncp_20240406T0647198831_d_img_d18_x01280_y99840.png,0.342,142.44,532.26,147.7,539.33
ch2_ohr_ncp_20240406T0647198831_d_img_d18_x01280_y99840.png,0.3377,37.24,628.66,41.94,634.22
ch2_ohr_ncp_20240406T0647198831_d_img_d18_x01280_y99840.png,0.3309,6.2,218.71,11.29,225.6
ch2_ohr_ncp_20240406T0647198831_d_img_d18_x01280_y99840.png,0.3175,267.12,543.58,272.62,549.95
ch2_ohr_ncp_20240406T0647198831_d_img_d18_x01280_y99840.png,0.3145,176.36,503.14,182.17,510.42
ch2_ohr_ncp_20240406T0647198831_d_img_d18_x01280_y99840.png,0.3129,5.14,219.03,10.78,224.84
ch2_ohr_ncp_20240406T0647198831_d_img_d18_x01280_y99840.png,0.3056,4.58,632.89,11.31,639.67
ch2_ohr_ncp_20240406T0647198831_d_img_d18_x01280_y99840.png,0.2975,178.63,581.71,182.99,586.4
ch2_ohr_ncp_20240406T0647198831_d_img_d18_x01280_y99840.png,0.296,265.92,624.24,277.96,639.71
ch2_ohr_ncp_20240406T0647198831_d_img_d18_x01280_y99840.png,0.2736,52.73,480.59,56.61,485.05
ch2_ohr_ncp_20240406T0647198831_d_img_d18_x01280_y99840.png,0.2659,6.31,407.75,13.84,417.58
ch2_ohr_ncp_20240406T0647198831_d_img_d18_x01280_y99840.png,0.2647,244.22,608.7,249.57,615.04
ch2_ohr_ncp_20240406T0647198831_d_img_d18_x01280_y99840.png,0.2643,260.96,620.02,278.08,640.0
ch2_ohr_ncp_20240406T0647198831_d_img_d18_x01280_y99840.png,0.2446,59.43,542.15,64.56,548.11
ch2_ohr_ncp_20240406T0647198831_d_img_d18_x01280_y99840.png,0.2409,367.74,477.53,374.06,485.88
ch2_ohr_ncp_20240406T0647198831_d_img_d18_x01280_y99840.png,0.2402,36.49,131.88,44.05,141.71
ch2_ohr_ncp_20240406T0647198831_d_img_d18_x01280_y99840.png,0.2347,6.89,229.64,13.31,235.95
ch2_ohr_ncp_20240406T0647198831_d_img_d18_x01280_y99840.png,0.2186,137.88,513.05,142.72,517.75
ch2_ohr_ncp_20240406T0647198831_d_img_d18_x01280_y99840.png,0.2154,102.68,492.17,107.98,498.53
ch2_ohr_ncp_20240406T0647198831_d_img_d18_x01280_y99840.png,0.2105,332.43,527.24,337.99,534.12
ch2_ohr_ncp_20240406T0647198831_d_img_d18_x01280_y99840.png,0.2098,155.86,626.42,160.74,632.73
ch2_ohr_ncp_20240406T0647198831_d_img_d18_x01280_y99840.png,0.2091,526.93,483.55,531.88,490.85
ch2_ohr_ncp_20240406T0647198831_d_img_d18_x01280_y99840.png,0.2031,589.82,623.51,594.38,630.28
ch2_ohr_ncp_20240406T0647198831_d_img_d18_x01920_y100480.png,0.4586,77.15,249.83,92.5,271.85
ch2_ohr_ncp_20240406T0647198831_d_img_d18_x01920_y100480.png,0.4252,509.83,152.08,515.62,159.92
ch2_ohr_ncp_20240406T0647198831_d_img_d18_x01920_y100480.png,0.4228,205.56,178.59,216.74,196.83
ch2_ohr_ncp_20240406T0647198831_d_img_d18_x01920_y100480.png,0.4017,309.09,261.84,316.73,272.72
ch2_ohr_ncp_20240406T0647198831_d_img_d18_x01920_y100480.png,0.3796,291.78,214.6,301.0,226.41
ch2_ohr_ncp_20240406T0647198831_d_img_d18_x01920_y100480.png,0.3558,421.14,272.89,429.72,284.46
ch2_ohr_ncp_20240406T0647198831_d_img_d18_x01920_y100480.png,0.346,331.1,481.9,338.79,493.52
ch2_ohr_ncp_20240406T0647198831_d_img_d18_x01920_y100480.png,0.3452,483.76,150.24,491.19,159.23
ch2_ohr_ncp_20240406T0647198831_d_img_d18_x01920_y100480.png,0.3433,397.5,179.97,410.67,205.91
ch2_ohr_ncp_20240406T0647198831_d_img_d18_x01920_y100480.png,0.3358,454.78,364.95,463.54,372.85
ch2_ohr_ncp_20240406T0647198831_d_img_d18_x01920_y100480.png,0.3275,288.53,349.73,296.42,359.41
ch2_ohr_ncp_20240406T0647198831_d_img_d18_x01920_y100480.png,0.3182,381.15,476.37,403.07,508.95
ch2_ohr_ncp_20240406T0647198831_d_img_d18_x01920_y100480.png,0.3178,380.05,56.82,386.19,64.74
ch2_ohr_ncp_20240406T0647198831_d_img_d18_x01920_y100480.png,0.3151,141.26,48.35,147.2,57.02
ch2_ohr_ncp_20240406T0647198831_d_img_d18_x01920_y100480.png,0.3111,330.93,481.13,337.92,491.36
ch2_ohr_ncp_20240406T0647198831_d_img_d18_x01920_y100480.png,0.3102,626.91,476.82,637.37,494.64
ch2_ohr_ncp_20240406T0647198831_d_img_d18_x01920_y100480.png,0.3078,244.84,468.12,251.68,476.14
ch2_ohr_ncp_20240406T0647198831_d_img_d18_x01920_y100480.png,0.2984,449.5,338.9,456.12,347.23
ch2_ohr_ncp_20240406T0647198831_d_img_d18_x01920_y100480.png,0.2969,514.23,434.57,522.78,444.16
ch2_ohr_ncp_20240406T0647198831_d_img_d18_x01920_y100480.png,0.2899,245.63,187.63,250.74,195.58
ch2_ohr_ncp_20240406T0647198831_d_img_d18_x01920_y100480.png,0.2881,322.31,51.5,330.4,63.44
ch2_ohr_ncp_20240406T0647198831_d_img_d18_x01920_y100480.png,0.2859,486.98,138.83,493.6,145.6
ch2_ohr_ncp_20240406T0647198831_d_img_d18_x01920_y100480.png,0.285,198.72,43.55,204.86,50.47
ch2_ohr_ncp_20240406T0647198831_d_img_d18_x01920_y100480.png,0.2838,209.44,42.98,217.67,58.53
ch2_ohr_ncp_20240406T0647198831_d_img_d18_x01920_y100480.png,0.2831,343.89,352.32,351.11,362.57
ch2_ohr_ncp_20240406T0647198831_d_img_d18_x01920_y100480.png,0.2737,542.14,435.42,552.71,448.91
ch2_ohr_ncp_20240406T0647198831_d_img_d18_x01920_y100480.png,0.2658,550.69,294.93,562.64,314.55
ch2_ohr_ncp_20240406T0647198831_d_img_d18_x01920_y100480.png,0.2648,122.13,503.56,127.36,510.05
ch2_ohr_ncp_20240406T0647198831_d_img_d18_x01920_y100480.png,0.2629,67.94,412.97,81.42,439.14
ch2_ohr_ncp_20240406T0647198831_d_img_d18_x01920_y100480.png,0.2608,581.7,253.93,594.51,267.16
ch2_ohr_ncp_20240406T0647198831_d_img_d18_x01920_y100480.png,0.2598,122.82,504.9,128.44,510.88
ch2_ohr_ncp_20240406T0647198831_d_img_d18_x01920_y100480.png,0.2579,409.73,255.77,415.21,261.46
ch2_ohr_ncp_20240406T0647198831_d_img_d18_x01920_y100480.png,0.2576,258.09,187.27,263.21,192.26
ch2_ohr_ncp_20240406T0647198831_d_img_d18_x01920_y100480.png,0.2518,482.37,393.85,486.89,399.25
ch2_ohr_ncp_20240406T0647198831_d_img_d18_x01920_y100480.png,0.2411,172.03,377.23,176.19,382.67
ch2_ohr_ncp_20240406T0647198831_d_img_d18_x01920_y100480.png,0.2361,270.75,4.31,278.02,12.69
ch2_ohr_ncp_20240406T0647198831_d_img_d18_x01920_y100480.png,0.2331,359.27,373.98,367.42,383.32
ch2_ohr_ncp_20240406T0647198831_d_img_d18_x01920_y100480.png,0.2326,418.22,114.68,460.98,157.33
ch2_ohr_ncp_20240406T0647198831_d_img_d18_x01920_y100480.png,0.2278,494.36,158.65,499.51,165.1
ch2_ohr_ncp_20240406T0647198831_d_img_d18_x01920_y100480.png,0.2252,462.39,344.32,467.1,351.63
ch2_ohr_ncp_20240406T0647198831_d_img_d18_x01920_y100480.png,0.2207,259.6,310.95,266.5,318.5
ch2_ohr_ncp_20240406T0647198831_d_img_d18_x01920_y100480.png,0.2196,509.8,325.68,516.51,335.04
ch2_ohr_ncp_20240406T0647198831_d_img_d18_x01920_y100480.png,0.219,595.05,1.0,612.32,18.9
ch2_ohr_ncp_20240406T0647198831_d_img_d18_x01920_y100480.png,0.2137,482.71,29.8,490.64,41.38
ch2_ohr_ncp_20240406T0647198831_d_img_d18_x01920_y100480.png,0.2124,583.74,140.29,588.75,146.56
ch2_ohr_ncp_20240406T0647198831_d_img_d18_x01920_y100480.png,0.2124,580.41,150.05,585.34,155.09
ch2_ohr_ncp_20240406T0647198831_d_img_d18_x01920_y100480.png,0.2116,339.06,267.44,348.4,280.23
ch2_ohr_ncp_20240406T0647198831_d_img_d18_x01920_y100480.png,0.2114,569.24,267.84,575.05,274.96
ch2_ohr_ncp_20240406T0647198831_d_img_d18_x01920_y100480.png,0.2076,381.32,214.84,397.25,232.18
ch2_ohr_ncp_20240406T0647198831_d_img_d18_x01920_y100480.png,0.2075,445.01,436.78,452.74,448.04
ch2_ohr_ncp_20240406T0647198831_d_img_d18_x01920_y100480.png,0.2065,254.28,219.44,261.42,225.75
ch2_ohr_ncp_20240406T0647198831_d_img_d18_x01920_y100480.png,0.2048,61.54,257.81,69.29,266.84
ch2_ohr_ncp_20240406T0647198831_d_img_d18_x01920_y100480.png,0.2046,135.91,75.72,141.71,82.62
ch2_ohr_ncp_20240406T0647198831_d_img_d18_x01920_y100480.png,0.2043,283.91,194.13,292.32,207.58
ch2_ohr_ncp_20240406T0647198831_d_img_d18_x01920_y100480.png,0.2028,425.5,249.85,431.2,255.37
ch2_ohr_ncp_20240406T0647198831_d_img_d18_x01920_y100480.png,0.2012,112.56,6.95,123.91,22.11
ch2_ohr_ncp_20240406T0647198831_d_img_d18_x01920_y100480.png,0.2008,186.06,536.08,202.97,560.17
ch2_ohr_ncp_20240406T0647198831_d_img_d18_x01920_y74240.png,0.3102,516.18,553.52,522.24,561.09
ch2_ohr_ncp_20240406T0647198831_d_img_d18_x01920_y96640.png,0.3123,38.06,42.26,42.52,48.96
ch2_ohr_ncp_20240406T0647198831_d_img_d18_x01920_y97920.png,0.2144,538.91,377.2,543.63,383.86
ch2_ohr_ncp_20240406T0647198831_d_img_d18_x01920_y98560.png,0.42,325.33,200.98,336.69,217.01
ch2_ohr_ncp_20240406T0647198831_d_img_d18_x01920_y98560.png,0.3302,86.28,169.41,97.88,182.71
ch2_ohr_ncp_20240406T0647198831_d_img_d18_x01920_y98560.png,0.3237,555.39,231.47,561.4,237.96
ch2_ohr_ncp_20240406T0647198831_d_img_d18_x01920_y98560.png,0.308,124.84,632.13,131.43,639.35
ch2_ohr_ncp_20240406T0647198831_d_img_d18_x01920_y98560.png,0.2705,84.79,58.27,90.72,65.29
ch2_ohr_ncp_20240406T0647198831_d_img_d18_x01920_y98560.png,0.256,103.6,353.88,114.08,363.12
ch2_ohr_ncp_20240406T0647198831_d_img_d18_x01920_y98560.png,0.2496,187.39,0.37,193.75,4.65
ch2_ohr_ncp_20240406T0647198831_d_img_d18_x01920_y98560.png,0.2356,252.41,0.16,266.2,10.56
ch2_ohr_ncp_20240406T0647198831_d_img_d18_x01920_y98560.png,0.229,454.44,437.41,465.82,454.36
ch2_ohr_ncp_20240406T0647198831_d_img_d18_x01920_y98560.png,0.219,415.21,386.63,423.35,398.83
ch2_ohr_ncp_20240406T0647198831_d_img_d18_x01920_y98560.png,0.209,198.57,0.06,203.18,3.54
ch2_ohr_ncp_20240406T0647198831_d_img_d18_x01920_y98560.png,0.205,0.07,423.21,6.86,431.99
ch2_ohr_ncp_20240406T0647198831_d_img_d18_x01920_y99200.png,0.4572,499.36,213.09,508.83,226.0
ch2_ohr_ncp_20240406T0647198831_d_img_d18_x01920_y99200.png,0.4537,516.0,251.71,522.72,260.38
ch2_ohr_ncp_20240406T0647198831_d_img_d18_x01920_y99200.png,0.4228,531.4,172.18,537.84,180.29
ch2_ohr_ncp_20240406T0647198831_d_img_d18_x01920_y99200.png,0.3094,484.07,421.77,499.01,440.85
ch2_ohr_ncp_20240406T0647198831_d_img_d18_x01920_y99200.png,0.293,145.23,162.12,150.47,167.1
ch2_ohr_ncp_20240406T0647198831_d_img_d18_x01920_y99200.png,0.2659,69.43,219.94,76.96,227.63
ch2_ohr_ncp_20240406T0647198831_d_img_d18_x01920_y99200.png,0.2647,510.69,267.04,516.9,274.32
ch2_ohr_ncp_20240406T0647198831_d_img_d18_x01920_y99200.png,0.2646,334.26,431.75,354.49,464.82
ch2_ohr_ncp_20240406T0647198831_d_img_d18_x01920_y99200.png,0.2571,323.76,143.59,329.86,150.76
ch2_ohr_ncp_20240406T0647198831_d_img_d18_x01920_y99200.png,0.2484,270.81,94.03,278.86,103.0
ch2_ohr_ncp_20240406T0647198831_d_img_d18_x01920_y99200.png,0.2256,501.07,190.25,505.56,195.89
ch2_ohr_ncp_20240406T0647198831_d_img_d18_x01920_y99200.png,0.2073,102.1,182.75,107.65,188.92
ch2_ohr_ncp_20240406T0647198831_d_img_d18_x01920_y99200.png,0.2051,45.36,142.19,50.41,149.29
ch2_ohr_ncp_20240406T0647198831_d_img_d18_x02560_y100480.png,0.5321,465.79,321.88,478.16,336.21
ch2_ohr_ncp_20240406T0647198831_d_img_d18_x02560_y100480.png,0.4522,306.86,304.15,315.97,320.59
ch2_ohr_ncp_20240406T0647198831_d_img_d18_x02560_y100480.png,0.4422,499.9,218.88,506.46,229.06
ch2_ohr_ncp_20240406T0647198831_d_img_d18_x02560_y100480.png,0.4055,607.57,87.37,612.53,93.72
ch2_ohr_ncp_20240406T0647198831_d_img_d18_x02560_y100480.png,0.4051,47.44,0.0,57.67,8.75
ch2_ohr_ncp_20240406T0647198831_d_img_d18_x02560_y100480.png,0.4044,421.71,405.6,430.61,417.31
ch2_ohr_ncp_20240406T0647198831_d_img_d18_x02560_y100480.png,0.3997,527.03,96.71,535.01,107.38
ch2_ohr_ncp_20240406T0647198831_d_img_d18_x02560_y100480.png,0.3902,520.56,0.0,530.87,13.76
ch2_ohr_ncp_20240406T0647198831_d_img_d18_x02560_y100480.png,0.3816,76.21,475.81,90.32,493.47
ch2_ohr_ncp_20240406T0647198831_d_img_d18_x02560_y100480.png,0.3739,22.39,266.81,34.51,289.45
ch2_ohr_ncp_20240406T0647198831_d_img_d18_x02560_y100480.png,0.3515,278.2,316.42,284.31,325.62
ch2_ohr_ncp_20240406T0647198831_d_img_d18_x02560_y100480.png,0.3464,229.03,352.2,235.27,361.39
ch2_ohr_ncp_20240406T0647198831_d_img_d18_x02560_y100480.png,0.3433,469.73,488.97,477.11,497.35
ch2_ohr_ncp_20240406T0647198831_d_img_d18_x02560_y100480.png,0.3375,347.84,499.55,353.54,506.6
ch2_ohr_ncp_20240406T0647198831_d_img_d18_x02560_y100480.png,0.3268,547.66,305.99,554.43,314.91
ch2_ohr_ncp_20240406T0647198831_d_img_d18_x02560_y100480.png,0.3211,297.74,287.67,303.07,293.19
ch2_ohr_ncp_20240406T0647198831_d_img_d18_x02560_y100480.png,0.3152,48.14,16.82,61.75,38.34
ch2_ohr_ncp_20240406T0647198831_d_img_d18_x02560_y100480.png,0.2993,227.56,330.47,233.8,337.89
ch2_ohr_ncp_20240406T0647198831_d_img_d18_x02560_y100480.png,0.2947,124.32,493.88,132.47,504.47
ch2_ohr_ncp_20240406T0647198831_d_img_d18_x02560_y100480.png,0.2927,522.54,62.24,537.11,82.89
ch2_ohr_ncp_20240406T0647198831_d_img_d18_x02560_y100480.png,0.2837,567.79,173.31,576.99,189.17
ch2_ohr_ncp_20240406T0647198831_d_img_d18_x02560_y100480.png,0.2748,191.04,119.36,195.9,126.27
ch2_ohr_ncp_20240406T0647198831_d_img_d18_x02560_y100480.png,0.2688,521.91,0.68,531.09,12.15
ch2_ohr_ncp_20240406T0647198831_d_img_d18_x02560_y100480.png,0.2647,275.19,266.14,282.29,274.89
ch2_ohr_ncp_20240406T0647198831_d_img_d18_x02560_y100480.png,0.2623,254.68,427.72,261.51,436.3
ch2_ohr_ncp_20240406T0647198831_d_img_d18_x02560_y100480.png,0.2537,485.32,36.93,490.77,43.3
ch2_ohr_ncp_20240406T0647198831_d_img_d18_x02560_y100480.png,0.2455,202.82,24.06,210.71,37.24
ch2_ohr_ncp_20240406T0647198831_d_img_d18_x02560_y100480.png,0.2435,143.58,174.61,150.8,183.07
ch2_ohr_ncp_20240406T0647198831_d_img_d18_x02560_y100480.png,0.2394,43.33,552.85,48.42,558.87
ch2_ohr_ncp_20240406T0647198831_d_img_d18_x02560_y100480.png,0.2364,238.66,74.88,247.04,85.12
ch2_ohr_ncp_20240406T0647198831_d_img_d18_x02560_y100480.png,0.2327,511.34,303.45,519.57,314.59
ch2_ohr_ncp_20240406T0647198831_d_img_d18_x02560_y100480.png,0.2327,255.68,386.4,265.53,402.82
ch2_ohr_ncp_20240406T0647198831_d_img_d18_x02560_y100480.png,0.2255,254.05,147.04,269.69,170.06
ch2_ohr_ncp_20240406T0647198831_d_img_d18_x02560_y100480.png,0.2221,499.64,218.06,505.92,227.01
ch2_ohr_ncp_20240406T0647198831_d_img_d18_x02560_y100480.png,0.2216,100.09,403.73,113.84,422.28
ch2_ohr_ncp_20240406T0647198831_d_img_d18_x02560_y100480.png,0.2149,404.98,458.04,409.4,464.12
ch2_ohr_ncp_20240406T0647198831_d_img_d18_x02560_y100480.png,0.2147,491.8,182.08,504.18,203.6
ch2_ohr_ncp_20240406T0647198831_d_img_d18_x02560_y100480.png,0.2135,23.55,275.54,33.7,289.42
ch2_ohr_ncp_20240406T0647198831_d_img_d18_x02560_y100480.png,0.2098,230.64,480.74,242.22,497.67
ch2_ohr_ncp_20240406T0647198831_d_img_d18_x02560_y100480.png,0.209,564.61,320.38,568.65,325.17
ch2_ohr_ncp_20240406T0647198831_d_img_d18_x02560_y100480.png,0.2089,190.8,9.18,205.9,27.4
ch2_ohr_ncp_20240406T0647198831_d_img_d18_x02560_y100480.png,0.2064,101.08,296.38,106.37,302.27
ch2_ohr_ncp_20240406T0647198831_d_img_d18_x02560_y100480.png,0.2036,491.31,90.7,501.43,103.86
ch2_ohr_ncp_20240406T0647198831_d_img_d18_x02560_y94720.png,0.2068,626.94,584.69,633.15,592.72
ch2_ohr_ncp_20240406T0647198831_d_img_d18_x02560_y96640.png,0.2631,500.73,591.8,506.28,600.09
ch2_ohr_ncp_20240406T0647198831_d_img_d18_x02560_y96640.png,0.2405,628.9,116.97,635.21,123.83
ch2_ohr_ncp_20240406T0647198831_d_img_d18_x02560_y96640.png,0.2102,255.4,265.26,265.32,280.65
ch2_ohr_ncp_20240406T0647198831_d_img_d18_x02560_y96640.png,0.2031,296.15,92.94,303.26,102.6
ch2_ohr_ncp_20240406T0647198831_d_img_d18_x02560_y97920.png,0.2455,166.87,628.87,173.05,638.01
ch2_ohr_ncp_20240406T0647198831_d_img_d18_x02560_y98560.png,0.2414,431.47,191.31,437.82,198.63
ch2_ohr_ncp_20240406T0647198831_d_img_d18_x02560_y98560.png,0.2281,625.59,626.36,633.75,632.36
ch2_ohr_ncp_20240406T0647198831_d_img_d18_x02560_y98560.png,0.2083,407.92,199.66,412.65,205.78
ch2_ohr_ncp_20240406T0647198831_d_img_d18_x02560_y99200.png,0.2095,332.75,251.27,340.04,258.48
ch2_ohr_ncp_20240406T0647198831_d_img_d18_x02560_y99200.png,0.2014,477.78,44.24,483.85,49.82
ch2_ohr_ncp_20240406T0647198831_d_img_d18_x03200_y100480.png,0.527,252.84,468.81,267.46,499.67
ch2_ohr_ncp_20240406T0647198831_d_img_d18_x03200_y100480.png,0.3415,173.34,425.68,179.68,432.6
ch2_ohr_ncp_20240406T0647198831_d_img_d18_x03200_y100480.png,0.3289,71.78,259.5,82.5,278.71
ch2_ohr_ncp_20240406T0647198831_d_img_d18_x03200_y100480.png,0.2703,568.85,519.41,574.93,525.72
ch2_ohr_ncp_20240406T0647198831_d_img_d18_x03200_y100480.png,0.2703,52.69,350.46,61.15,362.57
ch2_ohr_ncp_20240406T0647198831_d_img_d18_x03200_y100480.png,0.2576,132.11,272.3,174.72,322.58
ch2_ohr_ncp_20240406T0647198831_d_img_d18_x03200_y100480.png,0.2538,40.75,350.03,47.17,359.2
ch2_ohr_ncp_20240406T0647198831_d_img_d18_x03200_y100480.png,0.2338,97.34,124.75,110.27,145.43
ch2_ohr_ncp_20240406T0647198831_d_img_d18_x03200_y100480.png,0.2323,340.87,377.52,347.33,385.03
ch2_ohr_ncp_20240406T0647198831_d_img_d18_x03200_y100480.png,0.2171,59.75,176.89,65.48,183.09
ch2_ohr_ncp_20240406T0647198831_d_img_d18_x03200_y100480.png,0.2061,173.32,99.5,179.14,106.5
ch2_ohr_ncp_20240406T0647198831_d_img_d18_x03200_y97280.png,0.2027,148.66,624.8,167.19,639.67
ch2_ohr_ncp_20240406T0647198831_d_img_d18_x03200_y99200.png,0.2093,618.58,633.4,624.87,639.67
ch2_ohr_ncp_20240406T0647198831_d_img_d18_x03840_y100480.png,0.3746,252.23,366.82,266.79,389.12
ch2_ohr_ncp_20240406T0647198831_d_img_d18_x03840_y100480.png,0.3295,450.21,362.29,458.06,372.19
ch2_ohr_ncp_20240406T0647198831_d_img_d18_x03840_y100480.png,0.3145,365.03,40.27,386.07,73.83
ch2_ohr_ncp_20240406T0647198831_d_img_d18_x03840_y100480.png,0.3107,354.26,377.86,367.86,398.3
ch2_ohr_ncp_20240406T0647198831_d_img_d18_x03840_y100480.png,0.3106,499.25,105.74,508.16,118.2
ch2_ohr_ncp_20240406T0647198831_d_img_d18_x03840_y100480.png,0.2706,401.77,190.06,407.41,197.49
ch2_ohr_ncp_20240406T0647198831_d_img_d18_x03840_y100480.png,0.2518,548.77,74.4,555.94,83.92
ch2_ohr_ncp_20240406T0647198831_d_img_d18_x03840_y100480.png,0.2458,217.42,59.63,258.86,114.92
ch2_ohr_ncp_20240406T0647198831_d_img_d18_x03840_y100480.png,0.2456,204.54,183.1,210.26,188.78
ch2_ohr_ncp_20240406T0647198831_d_img_d18_x03840_y100480.png,0.2352,297.83,321.71,318.41,348.96
ch2_ohr_ncp_20240406T0647198831_d_img_d18_x03840_y100480.png,0.2291,229.86,247.14,236.44,256.49
ch2_ohr_ncp_20240406T0647198831_d_img_d18_x03840_y100480.png,0.2096,468.91,270.31,474.16,276.12
ch2_ohr_ncp_20240406T0647198831_d_img_d18_x03840_y100480.png,0.2072,516.02,543.6,521.88,553.1
ch2_ohr_ncp_20240406T0647198831_d_img_d18_x03840_y99200.png,0.2196,563.76,633.14,570.0,639.38
ch2_ohr_ncp_20240406T0647198831_d_img_d18_x03840_y99200.png,0.2114,380.24,631.11,390.05,640.0
ch2_ohr_ncp_20240406T0647198831_d_img_d18_x04480_y100480.png,0.4337,131.79,225.39,147.5,253.39
ch2_ohr_ncp_20240406T0647198831_d_img_d18_x04480_y100480.png,0.3713,492.35,390.31,519.6,445.29
ch2_ohr_ncp_20240406T0647198831_d_img_d18_x04480_y100480.png,0.3211,172.47,246.83,189.82,273.55
ch2_ohr_ncp_20240406T0647198831_d_img_d18_x04480_y100480.png,0.2709,357.94,55.72,362.45,61.83
ch2_ohr_ncp_20240406T0647198831_d_img_d18_x04480_y100480.png,0.2668,468.13,487.68,487.59,517.5
ch2_ohr_ncp_20240406T0647198831_d_img_d18_x04480_y100480.png,0.2638,603.39,60.18,610.13,70.0
ch2_ohr_ncp_20240406T0647198831_d_img_d18_x04480_y100480.png,0.2569,166.04,500.34,170.85,506.38
ch2_ohr_ncp_20240406T0647198831_d_img_d18_x04480_y100480.png,0.2483,497.3,337.04,512.96,365.14
ch2_ohr_ncp_20240406T0647198831_d_img_d18_x04480_y100480.png,0.2343,294.43,188.69,304.28,204.36
ch2_ohr_ncp_20240406T0647198831_d_img_d18_x04480_y100480.png,0.2339,115.74,349.36,136.73,387.05
ch2_ohr_ncp_20240406T0647198831_d_img_d18_x04480_y100480.png,0.2304,625.15,513.23,640.0,543.2
ch2_ohr_ncp_20240406T0647198831_d_img_d18_x04480_y100480.png,0.2205,396.68,176.11,415.98,208.78
ch2_ohr_ncp_20240406T0647198831_d_img_d18_x04480_y100480.png,0.213,449.97,93.74,458.79,102.89
ch2_ohr_ncp_20240406T0647198831_d_img_d18_x04480_y100480.png,0.2079,169.33,165.85,176.59,177.75
ch2_ohr_ncp_20240406T0647198831_d_img_d18_x04480_y100480.png,0.2009,387.94,40.57,393.48,46.85
ch2_ohr_ncp_20240406T0647198831_d_img_d18_x05120_y100480.png,0.3621,316.93,57.32,323.45,67.64
ch2_ohr_ncp_20240406T0647198831_d_img_d18_x05120_y100480.png,0.3134,318.01,56.86,323.88,66.75
ch2_ohr_ncp_20240406T0647198831_d_img_d18_x05120_y100480.png,0.2594,513.77,418.22,521.53,427.86
ch2_ohr_ncp_20240406T0647198831_d_img_d18_x05120_y100480.png,0.2562,313.7,38.96,319.19,46.01
ch2_ohr_ncp_20240406T0647198831_d_img_d18_x05120_y100480.png,0.2244,307.92,103.15,313.4,109.26
ch2_ohr_ncp_20240406T0647198831_d_img_d18_x05120_y100480.png,0.2218,524.01,418.81,531.11,427.87
ch2_ohr_ncp_20240406T0647198831_d_img_d18_x05120_y100480.png,0.217,333.24,124.7,338.89,130.74
ch2_ohr_ncp_20240406T0647198831_d_img_d18_x05760_y100480.png,0.3516,598.57,251.91,609.18,268.82
ch2_ohr_ncp_20240406T0647198831_d_img_d18_x05760_y100480.png,0.2542,498.52,351.88,504.21,358.8
ch2_ohr_ncp_20240406T0647198831_d_img_d18_x05760_y100480.png,0.2207,477.15,295.44,483.07,302.39
ch2_ohr_ncp_20240406T0647198831_d_img_d18_x05760_y100480.png,0.2146,334.19,120.81,343.31,133.27
ch2_ohr_ncp_20240406T0647198831_d_img_d18_x05760_y100480.png,0.2078,460.29,386.59,466.19,395.17
ch2_ohr_ncp_20240406T0647198831_d_img_d18_x05760_y97920.png,0.2005,633.66,633.15,638.08,639.5
ch2_ohr_ncp_20240406T0647198831_d_img_d18_x06400_y100480.png,0.316,0.0,43.28,11.04,71.64
ch2_ohr_ncp_20240406T0647198831_d_img_d18_x06400_y100480.png,0.2151,218.47,352.91,225.64,361.09
ch2_ohr_ncp_20240406T0647198831_d_img_d18_x06400_y94720.png,0.2049,227.7,631.82,238.45,639.84
ch2_ohr_ncp_20240406T0647198831_d_img_d18_x07680_y94720.png,0.2218,406.07,627.84,414.58,638.26
ch2_ohr_ncp_20240406T0647198831_d_img_d18_x08320_y90880.png,0.2176,322.55,16.47,328.22,23.26
ch2_ohr_ncp_20240406T0647198831_d_img_d18_x08320_y90880.png,0.2101,111.04,630.59,119.8,639.74
ch2_ohr_ncp_20240406T0647198831_d_img_d18_x08320_y91520.png,0.2098,388.55,188.63,393.69,196.58
ch2_ohr_ncp_20240406T0647198831_d_img_d18_x08320_y94080.png,0.2335,627.86,567.09,633.28,575.63
ch2_ohr_ncp_20240406T0647198831_d_img_d18_x08320_y96640.png,0.205,602.22,1.05,634.66,28.95
ch2_ohr_ncp_20240406T0647198831_d_img_d18_x08320_y97280.png,0.2266,149.32,526.1,157.53,538.04
ch2_ohr_ncp_20240406T0647198831_d_img_d18_x08320_y97280.png,0.2155,115.26,544.3,123.95,557.94
ch2_ohr_ncp_20240406T0647198831_d_img_d18_x08960_y93440.png,0.2568,8.77,632.38,14.37,638.82
ch2_ohr_ncp_20240406T0647198831_d_img_d18_x08960_y93440.png,0.2331,630.53,337.26,638.82,349.23
ch2_ohr_ncp_20240406T0647198831_d_img_d18_x09600_y95360.png,0.2613,634.21,471.92,639.09,479.29
ch2_ohr_ncp_20240406T0647198831_d_img_d18_x10240_y92800.png,0.284,547.81,41.51,553.09,48.45
ch2_ohr_ncp_20240406T0647198831_d_img_d18_x10240_y92800.png,0.2203,348.82,34.66,353.05,39.84
ch2_ohr_ncp_20241111T0516278303_d_img_d18_x02560_y81920.png,0.2806,152.92,187.88,160.22,196.32
ch2_ohr_ncp_20241111T0516278303_d_img_d18_x02560_y81920.png,0.2515,139.58,286.99,146.57,293.81
ch2_ohr_ncp_20241111T0516278303_d_img_d18_x02560_y82560.png,0.2517,500.33,615.36,507.21,622.93
ch2_ohr_ncp_20241111T0516278303_d_img_d18_x03200_y78720.png,0.2072,632.47,18.76,638.62,25.09
ch2_ohr_ncp_20241111T0516278303_d_img_d18_x03200_y79360.png,0.2917,626.44,251.92,634.28,261.14
ch2_ohr_ncp_20241111T0516278303_d_img_d18_x03200_y86400.png,0.366,531.89,53.15,537.47,59.9
ch2_ohr_ncp_20241111T0516278303_d_img_d18_x03200_y86400.png,0.2636,600.75,386.82,626.4,416.7
ch2_ohr_ncp_20241111T0516278303_d_img_d18_x03200_y87680.png,0.2692,202.67,619.84,209.87,628.07
ch2_ohr_ncp_20241111T0516278303_d_img_d18_x03840_y87040.png,0.2868,353.58,629.01,361.37,638.0
ch2_ohr_ncp_20241111T0516278303_d_img_d18_x04480_y85760.png,0.2323,215.31,4.2,222.44,14.21
ch2_ohr_ncp_20241111T0516278303_d_img_d18_x05120_y75520.png,0.2774,74.4,114.65,136.31,204.93
ch2_ohr_ncp_20241111T0516278303_d_img_d18_x05760_y21120.png,0.3234,602.18,76.94,610.43,84.49
ch2_ohr_ncp_20241111T0516278303_d_img_d18_x05760_y68480.png,0.2001,523.28,261.06,530.4,268.05
ch2_ohr_ncp_20241111T0516278303_d_img_d18_x05760_y70400.png,0.2258,362.94,1.62,377.5,11.81
ch2_ohr_ncp_20241111T0516278303_d_img_d18_x05760_y70400.png,0.2038,0.0,266.74,13.06,287.97
ch2_ohr_ncp_20241111T0516278303_d_img_d18_x06400_y67840.png,0.2128,120.42,443.46,129.73,453.73
ch2_ohr_ncp_20241111T0516278303_d_img_d18_x07040_y65920.png,0.3049,2.53,621.53,10.52,627.59
ch2_ohr_ncp_20241111T0516278303_d_img_d18_x07040_y65920.png,0.2989,560.84,580.75,569.35,589.85
ch2_ohr_ncp_20241111T0516278303_d_img_d18_x07040_y65920.png,0.2808,317.81,411.3,327.2,419.37
ch2_ohr_ncp_20241111T0516278303_d_img_d18_x07040_y65920.png,0.2687,583.86,578.82,594.61,589.29
ch2_ohr_ncp_20241111T0516278303_d_img_d18_x07040_y65920.png,0.239,631.96,627.25,639.83,637.46
ch2_ohr_ncp_20241111T0516278303_d_img_d18_x07040_y65920.png,0.2342,383.13,541.01,391.43,548.77
ch2_ohr_ncp_20241111T0516278303_d_img_d18_x07040_y65920.png,0.2342,529.74,494.62,536.55,500.78
ch2_ohr_ncp_20241111T0516278303_d_img_d18_x07040_y65920.png,0.2057,305.99,522.3,313.42,529.61
ch2_ohr_ncp_20241111T0516278303_d_img_d18_x07040_y66560.png,0.2048,338.81,141.14,345.54,149.31
ch2_ohr_ncp_20241111T0516278303_d_img_d18_x07040_y67200.png,0.2445,234.88,627.75,242.72,637.47
ch2_ohr_ncp_20241111T0516278303_d_img_d18_x07040_y67200.png,0.219,331.01,299.79,338.76,307.86
ch2_ohr_ncp_20241111T0516278303_d_img_d18_x07040_y73600.png,0.2285,203.92,431.19,253.42,475.37
ch2_ohr_ncp_20241111T0516278303_d_img_d18_x07040_y75520.png,0.2082,104.14,40.48,110.01,48.17
ch2_ohr_ncp_20241111T0516278303_d_img_d18_x07680_y65280.png,0.2684,43.83,630.45,50.44,638.79
ch2_ohr_ncp_20241111T0516278303_d_img_d18_x07680_y66560.png,0.2216,266.86,439.35,274.56,447.44
ch2_ohr_ncp_20241111T0516278303_d_img_d18_x07680_y66560.png,0.2051,191.78,265.59,230.07,306.85
ch2_ohr_ncp_20241111T0516278303_d_img_d18_x07680_y73600.png,0.2251,125.33,632.11,133.83,638.92
ch2_ohr_ncp_20241111T0516278303_d_img_d18_x08320_y64000.png,0.2899,159.7,492.88,168.81,502.08
ch2_ohr_ncp_20241111T0516278303_d_img_d18_x08320_y69760.png,0.2057,604.1,597.96,635.2,640.0
ch2_ohr_ncp_20241111T0516278303_d_img_d18_x08320_y71040.png,0.2098,609.08,0.08,615.86,6.59
ch2_ohr_ncp_20241111T0516278303_d_img_d18_x08960_y64000.png,0.2838,619.42,618.15,634.17,630.04
ch2_ohr_ncp_20241111T0516278303_d_img_d18_x09600_y21120.png,0.2433,362.61,387.04,369.82,396.97
ch2_ohr_ncp_20241111T0516278303_d_img_d18_x09600_y21760.png,0.2633,28.54,627.43,34.62,635.67
ch2_ohr_ncp_20241111T0516278303_d_img_d18_x09600_y61440.png,0.2537,332.25,119.86,349.01,141.04
ch2_ohr_ncp_20241111T0516278303_d_img_d18_x09600_y62720.png,0.2048,620.05,2.51,630.62,16.34
ch2_ohr_ncp_20241111T0516278303_d_img_d18_x09600_y69120.png,0.444,21.6,551.13,27.18,556.87
ch2_ohr_ncp_20241111T0516278303_d_img_d18_x10240_y19840.png,0.2157,32.05,57.9,39.4,67.02
ch2_ohr_ncp_20241111T0516278303_d_img_d18_x10240_y19840.png,0.2022,122.01,38.17,129.32,46.61
ch2_ohr_ncp_20241111T0516278303_d_img_d18_x10240_y20480.png,0.2435,0.39,617.27,18.58,638.42
ch2_ohr_ncp_20241111T0516278303_d_img_d18_x10240_y23040.png,0.4213,168.77,116.59,178.44,125.73
ch2_ohr_ncp_20241111T0516278303_d_img_d18_x10880_y19200.png,0.2276,339.26,92.28,345.59,100.03
ch2_ohr_ncp_20241111T0516278303_d_img_d18_x10880_y60800.png,0.2935,282.29,254.25,292.34,264.66
ch2_ohr_ncp_20241111T0516278303_d_img_d18_x10880_y65280.png,0.2098,471.59,444.12,526.45,494.06
ch2_ohr_ncp_20241111T0516278303_d_img_d18_x10880_y67200.png,0.2218,25.77,47.68,33.84,56.29
ch2_ohr_ncp_20241111T0516278303_d_img_d18_x11520_y21120.png,0.2235,454.51,481.86,464.98,493.26
ch2_ohr_ncp_20241111T0516278303_d_img_d18_x11520_y22400.png,0.3789,463.71,616.84,473.9,629.42
ch2_ohr_ncp_20241111T0516278303_d_img_d18_x11520_y22400.png,0.2067,210.57,62.16,218.35,69.24
ch2_ohr_ncp_20241111T0516278303_d_img_d18_x11520_y57600.png,0.2806,219.36,81.9,291.08,173.61
ch2_ohr_ncp_20241111T0516278303_d_img_d18_x11520_y58880.png,0.2358,47.99,246.74,54.45,253.32
ch2_ohr_ncp_20241111T0516278303_d_img_d18_x11520_y58880.png,0.2129,342.63,582.51,354.03,592.41
ch2_ohr_ncp_20241111T0516278303_d_img_d18_x11520_y59520.png,0.3527,457.49,443.67,465.91,451.85
ch2_ohr_ncp_20241111T0516278303_d_img_d18_x11520_y59520.png,0.2956,79.96,511.15,87.29,518.04
ch2_ohr_ncp_20241111T0516278303_d_img_d18_x11520_y59520.png,0.2532,225.77,123.33,237.04,132.8
ch2_ohr_ncp_20241111T0516278303_d_img_d18_x11520_y59520.png,0.2422,14.28,531.94,25.76,545.06
ch2_ohr_ncp_20241111T0516278303_d_img_d18_x11520_y59520.png,0.2321,469.17,532.88,479.62,546.54
ch2_ohr_ncp_20241111T0516278303_d_img_d18_x11520_y59520.png,0.2196,369.3,171.59,378.06,178.77
ch2_ohr_ncp_20241111T0516278303_d_img_d18_x11520_y60160.png,0.3394,268.95,627.91,277.23,635.92
ch2_ohr_ncp_20241111T0516278303_d_img_d18_x11520_y60160.png,0.2841,147.54,101.56,153.45,107.48
ch2_ohr_ncp_20241111T0516278303_d_img_d18_x11520_y60160.png,0.2246,471.75,137.35,478.97,148.36
ch2_ohr_ncp_20241111T0516278303_d_img_d18_x11520_y60160.png,0.2048,397.72,15.37,403.73,20.5
ch2_ohr_ncp_20241111T0516278303_d_img_d18_x11520_y60800.png,0.2031,384.85,620.27,395.03,630.03
ch2_ohr_ncp_20241111T0516278303_d_img_d18_x11520_y61440.png,0.4045,42.44,34.38,50.52,42.33
ch2_ohr_ncp_20241111T0516278303_d_img_d18_x11520_y61440.png,0.2934,122.05,619.29,129.77,626.83
ch2_ohr_ncp_20241111T0516278303_d_img_d18_x11520_y61440.png,0.2464,449.81,617.41,458.02,625.21
ch2_ohr_ncp_20241111T0516278303_d_img_d18_x11520_y63360.png,0.2476,65.96,255.31,75.74,264.78
ch2_ohr_ncp_20241111T0516278303_d_img_d18_x11520_y63360.png,0.2271,299.51,270.35,308.26,278.99
ch2_ohr_ncp_20241111T0516278303_d_img_d18_x11520_y64000.png,0.5223,405.35,333.74,415.01,346.31
ch2_ohr_ncp_20241111T0516278303_d_img_d18_x11520_y64000.png,0.3569,223.03,517.28,232.86,526.4
ch2_ohr_ncp_20241111T0516278303_d_img_d18_x11520_y64000.png,0.3539,78.59,533.47,91.17,546.68
ch2_ohr_ncp_20241111T0516278303_d_img_d18_x11520_y64000.png,0.3313,389.77,181.7,403.62,191.04
ch2_ohr_ncp_20241111T0516278303_d_img_d18_x11520_y64000.png,0.2962,265.53,554.62,275.4,564.27
ch2_ohr_ncp_20241111T0516278303_d_img_d18_x11520_y64000.png,0.2712,455.77,100.24,462.96,108.14
ch2_ohr_ncp_20241111T0516278303_d_img_d18_x11520_y64000.png,0.2461,235.56,598.03,243.37,605.87
ch2_ohr_ncp_20241111T0516278303_d_img_d18_x11520_y64000.png,0.2377,44.84,435.28,53.47,442.47
ch2_ohr_ncp_20241111T0516278303_d_img_d18_x11520_y64000.png,0.2249,437.16,93.93,446.85,103.21
ch2_ohr_ncp_20241111T0516278303_d_img_d18_x11520_y64640.png,0.5494,399.38,351.85,410.11,362.27
ch2_ohr_ncp_20241111T0516278303_d_img_d18_x11520_y64640.png,0.5415,230.16,375.21,245.5,389.38
ch2_ohr_ncp_20241111T0516278303_d_img_d18_x11520_y64640.png,0.5169,353.52,274.46,363.87,284.05
ch2_ohr_ncp_20241111T0516278303_d_img_d18_x11520_y64640.png,0.5098,33.48,574.16,43.91,583.0
ch2_ohr_ncp_20241111T0516278303_d_img_d18_x11520_y64640.png,0.4852,378.94,383.74,390.02,392.9
ch2_ohr_ncp_20241111T0516278303_d_img_d18_x11520_y64640.png,0.4789,381.89,263.76,395.75,274.4
ch2_ohr_ncp_20241111T0516278303_d_img_d18_x11520_y64640.png,0.4707,68.8,94.95,76.3,101.95
ch2_ohr_ncp_20241111T0516278303_d_img_d18_x11520_y64640.png,0.4691,34.21,614.18,52.68,630.34
ch2_ohr_ncp_20241111T0516278303_d_img_d18_x11520_y64640.png,0.4688,119.51,623.47,128.56,633.81
ch2_ohr_ncp_20241111T0516278303_d_img_d18_x11520_y64640.png,0.4333,453.6,233.42,466.56,245.26
ch2_ohr_ncp_20241111T0516278303_d_img_d18_x11520_y64640.png,0.4317,19.11,316.48,38.01,337.23
ch2_ohr_ncp_20241111T0516278303_d_img_d18_x11520_y64640.png,0.3988,451.39,383.79,459.3,391.21
ch2_ohr_ncp_20241111T0516278303_d_img_d18_x11520_y64640.png,0.3706,13.49,359.4,26.44,369.97
ch2_ohr_ncp_20241111T0516278303_d_img_d18_x11520_y64640.png,0.3478,144.25,175.01,151.99,183.88
ch2_ohr_ncp_20241111T0516278303_d_img_d18_x11520_y64640.png,0.3274,118.26,624.57,127.42,634.43
ch2_ohr_ncp_20241111T0516278303_d_img_d18_x11520_y64640.png,0.3258,100.01,383.74,107.36,391.07
ch2_ohr_ncp_20241111T0516278303_d_img_d18_x11520_y64640.png,0.3171,426.66,61.13,434.7,69.9
ch2_ohr_ncp_20241111T0516278303_d_img_d18_x11520_y64640.png,0.3166,257.25,85.74,263.92,93.13
ch2_ohr_ncp_20241111T0516278303_d_img_d18_x11520_y64640.png,0.3103,222.73,326.02,232.36,337.28
ch2_ohr_ncp_20241111T0516278303_d_img_d18_x11520_y64640.png,0.2924,171.97,260.94,180.25,268.21
ch2_ohr_ncp_20241111T0516278303_d_img_d18_x11520_y64640.png,0.2633,339.67,601.1,348.74,609.51
ch2_ohr_ncp_20241111T0516278303_d_img_d18_x11520_y64640.png,0.2171,243.86,213.34,263.44,228.19
ch2_ohr_ncp_20241111T0516278303_d_img_d18_x11520_y64640.png,0.2146,355.23,397.59,361.17,403.63
ch2_ohr_ncp_20241111T0516278303_d_img_d18_x11520_y64640.png,0.2097,287.97,198.77,302.68,212.83
ch2_ohr_ncp_20241111T0516278303_d_img_d18_x11520_y64640.png,0.2067,470.81,458.84,479.16,469.04
ch2_ohr_ncp_20241111T0516278303_d_img_d18_x11520_y64640.png,0.2036,425.17,409.74,436.45,417.02
ch2_ohr_ncp_20241111T0516278303_d_img_d18_x11520_y65280.png,0.4634,69.29,158.89,82.02,170.42
ch2_ohr_ncp_20241111T0516278303_d_img_d18_x11520_y65280.png,0.4063,176.92,311.91,186.51,320.82
ch2_ohr_ncp_20241111T0516278303_d_img_d18_x11520_y65280.png,0.403,14.42,164.35,25.11,176.74
ch2_ohr_ncp_20241111T0516278303_d_img_d18_x11520_y65280.png,0.4007,141.19,621.72,154.8,637.02
ch2_ohr_ncp_20241111T0516278303_d_img_d18_x11520_y65280.png,0.3967,456.33,603.22,480.68,638.29
ch2_ohr_ncp_20241111T0516278303_d_img_d18_x11520_y65280.png,0.3809,361.95,255.3,372.61,262.85
ch2_ohr_ncp_20241111T0516278303_d_img_d18_x11520_y65280.png,0.2916,267.14,391.79,280.23,404.25
ch2_ohr_ncp_20241111T0516278303_d_img_d18_x11520_y65280.png,0.2891,122.38,458.33,132.96,468.52
ch2_ohr_ncp_20241111T0516278303_d_img_d18_x11520_y65280.png,0.2588,216.86,328.71,224.59,337.47
ch2_ohr_ncp_20241111T0516278303_d_img_d18_x11520_y65280.png,0.2308,119.4,455.96,133.29,468.91
ch2_ohr_ncp_20241111T0516278303_d_img_d18_x11520_y65280.png,0.2004,269.41,429.72,281.59,442.01
ch2_ohr_ncp_20241115T1326321339_d_img_d18_x01920_y69120.png,0.2298,428.25,312.19,450.66,341.57
ch2_ohr_ncp_20241115T1326321339_d_img_d18_x07040_y72960.png,0.2243,28.3,330.78,57.06,368.19
ch2_ohr_ncp_20241115T1326321339_d_img_d18_x10880_y60800.png,0.2245,213.41,163.12,240.96,196.21
ch2_ohr_ncp_20241115T1326321339_d_img_d18_x11520_y55680.png,0.2213,457.77,571.56,465.02,579.63
ch2_ohr_ncp_20241115T1326321339_d_img_d18_x11520_y58240.png,0.2069,472.17,500.22,478.92,510.36
ch2_ohr_ncp_20241115T1326321339_d_img_d18_x11520_y72320.png,0.2319,0.0,375.03,5.64,383.72
ch2_ohr_ncp_20241115T1525004388_d_img_d18_x01920_y67200.png,0.2213,78.22,169.54,101.78,198.08
ch2_ohr_ncp_20241115T1525004388_d_img_d18_x02560_y65280.png,0.2076,125.04,292.56,147.47,318.97
ch2_ohr_ncp_20241115T1525004388_d_img_d18_x06400_y62080.png,0.2695,612.41,166.83,634.76,193.93
ch2_ohr_ncp_20241115T1525004388_d_img_d18_x08960_y54400.png,0.2231,237.14,129.21,262.04,157.24
ch2_ohr_ncp_20241115T1525004388_d_img_d18_x09600_y54400.png,0.2152,317.18,553.47,340.6,579.71
ch2_ohr_ncp_20250123T0750012833_d_img_d18_x00000_y01280.png,0.2037,187.95,533.82,199.63,543.94
ch2_ohr_ncp_20250123T0750012833_d_img_d18_x01280_y02560.png,0.2762,211.04,504.69,218.33,511.46
ch2_ohr_ncp_20250123T0750012833_d_img_d18_x01280_y02560.png,0.2576,358.54,558.68,369.82,568.44
ch2_ohr_ncp_20250123T0750012833_d_img_d18_x01280_y02560.png,0.2062,320.64,536.86,327.94,542.1
ch2_ohr_ncp_20250123T0750012833_d_img_d18_x01920_y52480.png,0.2927,616.82,259.52,637.11,284.79
ch2_ohr_ncp_20250123T0750012833_d_img_d18_x01920_y71040.png,0.3497,624.26,179.66,638.09,196.75
ch2_ohr_ncp_20250123T0750012833_d_img_d18_x01920_y74880.png,0.2379,624.81,131.15,639.43,149.94
ch2_ohr_ncp_20250123T0750012833_d_img_d18_x05120_y07680.png,0.2413,626.3,453.04,639.51,467.66
ch2_ohr_ncp_20250123T0750012833_d_img_d18_x06400_y63360.png,0.2236,146.91,585.32,209.98,636.68
ch2_ohr_ncp_20250123T0750012833_d_img_d18_x07040_y64000.png,0.2074,414.16,579.44,507.56,638.74
ch2_ohr_ncp_20250123T0750012833_d_img_d18_x08960_y74240.png,0.2163,100.61,625.79,112.37,639.25
ch2_ohr_ncp_20250123T0750012833_d_img_d18_x10240_y19200.png,0.2917,236.15,490.64,246.89,499.82
ch2_ohr_ncp_20250123T0750012833_d_img_d18_x10240_y19200.png,0.2879,259.32,502.14,268.34,510.06
ch2_ohr_ncp_20250123T0750012833_d_img_d18_x10240_y19200.png,0.2245,526.14,504.09,533.34,511.19
ch2_ohr_ncp_20250123T0750012833_d_img_d18_x10240_y54400.png,0.2439,0.0,176.08,7.61,186.34
ch2_ohr_ncp_20250123T0750012833_d_img_d18_x10240_y54400.png,0.2185,0.0,190.67,8.24,200.09
ch2_ohr_ncp_20250123T0750012833_d_img_d18_x10240_y64000.png,0.2482,198.29,627.73,208.69,638.64
ch2_ohr_ncp_20250123T0750012833_d_img_d18_x10880_y08960.png,0.3435,617.78,0.0,637.37,21.08
ch2_ohr_ncp_20250123T0750012833_d_img_d18_x10880_y67200.png,0.2777,540.62,373.18,599.36,424.69
ch2_ohr_ncp_20250123T0750012833_d_img_d18_x11520_y60800.png,0.2085,188.17,83.17,260.99,151.53
ch2_ohr_ncp_20250123T0750012833_d_img_d18_x11520_y66560.png,0.2914,295.09,510.16,308.92,521.22
ch2_ohr_ncp_20250123T0750012833_d_img_d18_x11520_y67200.png,0.3487,210.02,132.88,221.29,143.87
ch2_ohr_ncp_20250123T0750012833_d_img_d18_x11520_y67200.png,0.3098,443.38,218.41,452.42,227.11
ch2_ohr_ncp_20250123T0750012833_d_img_d18_x11520_y67200.png,0.3094,362.84,535.48,373.98,545.46
ch2_ohr_ncp_20250123T0750012833_d_img_d18_x11520_y67200.png,0.3003,0.19,11.22,7.7,24.24
ch2_ohr_ncp_20250123T0750012833_d_img_d18_x11520_y67200.png,0.2576,357.11,24.01,364.24,32.47
ch2_ohr_ncp_20250123T0750012833_d_img_d18_x11520_y67200.png,0.2286,145.5,262.39,159.38,273.84
ch2_ohr_ncp_20250123T0750012833_d_img_d18_x11520_y67200.png,0.2263,90.56,278.55,100.28,287.93
ch2_ohr_ncp_20250123T0750012833_d_img_d18_x11520_y67200.png,0.2095,385.51,542.55,398.43,550.81
ch2_ohr_ncp_20250123T0750012833_d_img_d18_x11520_y67200.png,0.2062,471.05,579.11,479.59,591.71
ch2_ohr_ncp_20250123T0750012833_d_img_d18_x11520_y67200.png,0.2035,39.7,31.71,50.77,40.66
ch2_ohr_ncp_20250123T0750012833_d_img_d18_x11520_y67200.png,0.2018,394.77,265.01,412.6,277.44
ch2_ohr_ncp_20250123T0750012833_d_img_d18_x11520_y68480.png,0.3106,30.87,576.42,87.91,612.27
ch2_ohr_ncp_20250227T1046517020_d_img_d18_x00000_y39680.png,0.2173,534.2,437.74,565.08,478.04
ch2_ohr_ncp_20250227T1046517020_d_img_d18_x00000_y40960.png,0.2032,0.09,13.1,5.67,25.32
ch2_ohr_ncp_20250227T1046517020_d_img_d18_x00640_y39680.png,0.246,465.09,630.78,475.51,640.0
ch2_ohr_ncp_20250227T1046517020_d_img_d18_x00640_y40320.png,0.2175,428.75,630.28,435.02,636.48
ch2_ohr_ncp_20250227T1046517020_d_img_d18_x00640_y40320.png,0.2106,550.5,427.39,559.81,437.97
ch2_ohr_ncp_20250227T1046517020_d_img_d18_x00640_y41600.png,0.274,385.01,556.61,407.57,585.43
ch2_ohr_ncp_20250227T1046517020_d_img_d18_x00640_y41600.png,0.2402,476.08,558.2,482.84,565.75
ch2_ohr_ncp_20250227T1046517020_d_img_d18_x00640_y41600.png,0.2101,448.88,484.33,457.23,493.97
ch2_ohr_ncp_20250227T1046517020_d_img_d18_x00640_y80640.png,0.2109,37.46,0.0,70.4,22.36
ch2_ohr_ncp_20250227T1046517020_d_img_d18_x01280_y40320.png,0.2419,227.21,43.85,234.26,53.27
ch2_ohr_ncp_20250227T1046517020_d_img_d18_x01280_y41600.png,0.3377,634.11,25.86,639.68,36.19
ch2_ohr_ncp_20250227T1046517020_d_img_d18_x01280_y42880.png,0.2514,444.41,246.05,460.71,267.29
ch2_ohr_ncp_20250227T1046517020_d_img_d18_x01280_y43520.png,0.2397,622.75,277.99,638.31,299.73
ch2_ohr_ncp_20250227T1046517020_d_img_d18_x01920_y39040.png,0.2661,3.47,611.58,18.66,631.04
ch2_ohr_ncp_20250227T1046517020_d_img_d18_x01920_y40320.png,0.2507,0.93,132.32,14.85,162.8
ch2_ohr_ncp_20250227T1046517020_d_img_d18_x01920_y40320.png,0.219,629.02,34.57,639.88,52.46
ch2_ohr_ncp_20250227T1046517020_d_img_d18_x01920_y40960.png,0.2248,621.9,437.02,632.71,456.12
ch2_ohr_ncp_20250227T1046517020_d_img_d18_x01920_y41600.png,0.271,626.86,84.37,633.02,92.84
ch2_ohr_ncp_20250227T1046517020_d_img_d18_x01920_y41600.png,0.2192,622.11,115.07,639.58,138.48
ch2_ohr_ncp_20250227T1046517020_d_img_d18_x01920_y42240.png,0.2044,15.55,631.69,24.74,639.68
ch2_ohr_ncp_20250227T1046517020_d_img_d18_x01920_y45440.png,0.2401,631.43,4.64,639.56,20.08
ch2_ohr_ncp_20250227T1046517020_d_img_d18_x01920_y46080.png,0.2747,618.59,56.85,640.0,90.25
ch2_ohr_ncp_20250227T1046517020_d_img_d18_x01920_y71680.png,0.2328,626.67,11.0,633.93,20.09
ch2_ohr_ncp_20250227T1046517020_d_img_d18_x02560_y40320.png,0.2263,188.08,374.51,194.64,381.92
ch2_ohr_ncp_20250227T1046517020_d_img_d18_x02560_y40320.png,0.2172,429.26,631.34,434.78,638.75
ch2_ohr_ncp_20250227T1046517020_d_img_d18_x02560_y44160.png,0.2623,629.59,68.51,639.49,83.17
ch2_ohr_ncp_20250227T1046517020_d_img_d18_x02560_y52480.png,0.3365,627.6,299.82,638.03,317.66
ch2_ohr_ncp_20250227T1046517020_d_img_d18_x02560_y76160.png,0.3502,402.89,459.73,410.34,468.9
ch2_ohr_ncp_20250227T1046517020_d_img_d18_x02560_y76160.png,0.2981,610.83,63.17,617.86,70.55
ch2_ohr_ncp_20250227T1046517020_d_img_d18_x04480_y76160.png,0.2046,518.73,631.03,535.31,640.0
ch2_ohr_ncp_20250227T1046517020_d_img_d18_x06400_y80640.png,0.2416,133.09,0.0,170.08,33.49
ch2_ohr_ncp_20250227T1046517020_d_img_d18_x09600_y76800.png,0.3553,203.37,604.7,209.03,612.41
ch2_ohr_ncp_20250227T1046517020_d_img_d18_x09600_y76800.png,0.3451,32.26,270.86,42.3,281.09
ch2_ohr_ncp_20250227T1046517020_d_img_d18_x09600_y76800.png,0.3028,192.7,322.4,200.89,333.58
ch2_ohr_ncp_20250227T1046517020_d_img_d18_x09600_y76800.png,0.3011,123.67,185.0,135.43,200.57
ch2_ohr_ncp_20250227T1046517020_d_img_d18_x09600_y76800.png,0.2843,401.32,187.36,408.81,197.79
ch2_ohr_ncp_20250227T1046517020_d_img_d18_x09600_y76800.png,0.2506,78.3,83.0,84.87,92.06
ch2_ohr_ncp_20250227T1046517020_d_img_d18_x09600_y76800.png,0.2414,139.26,409.22,146.26,419.66
ch2_ohr_ncp_20250227T1046517020_d_img_d18_x09600_y76800.png,0.2186,74.35,393.05,79.39,398.41
ch2_ohr_ncp_20250227T1046517020_d_img_d18_x09600_y76800.png,0.2162,419.81,431.95,425.51,440.47
ch2_ohr_ncp_20250227T1046517020_d_img_d18_x09600_y76800.png,0.2156,114.66,586.07,124.71,596.39
ch2_ohr_ncp_20250303T0915317317_d_img_d18_x00640_y80640.png,0.2566,173.07,479.72,178.45,486.33
ch2_ohr_ncp_20250303T0915317317_d_img_d18_x03200_y75520.png,0.4228,39.09,189.97,62.77,216.53
ch2_ohr_ncp_20250303T0915317317_d_img_d18_x03200_y75520.png,0.3483,78.72,26.7,88.12,36.9
ch2_ohr_ncp_20250303T0915317317_d_img_d18_x03200_y75520.png,0.3336,502.08,0.57,510.77,9.11
ch2_ohr_ncp_20250303T0915317317_d_img_d18_x03200_y75520.png,0.3112,421.11,92.79,429.38,102.11
ch2_ohr_ncp_20250303T0915317317_d_img_d18_x03200_y75520.png,0.2919,387.4,313.5,396.79,324.79
ch2_ohr_ncp_20250303T0915317317_d_img_d18_x03200_y75520.png,0.242,575.66,256.22,583.19,263.66
ch2_ohr_ncp_20250303T0915317317_d_img_d18_x03840_y65920.png,0.2575,130.7,28.33,138.4,36.62
ch2_ohr_ncp_20250303T0915317317_d_img_d18_x04480_y66560.png,0.3051,165.16,352.69,171.59,359.16
ch2_ohr_ncp_20250303T0915317317_d_img_d18_x04480_y66560.png,0.2286,95.62,167.49,105.0,179.29
ch2_ohr_ncp_20250303T0915317317_d_img_d18_x04480_y66560.png,0.2199,211.95,392.26,218.2,399.41
ch2_ohr_ncp_20250303T0915317317_d_img_d18_x04480_y67200.png,0.2985,438.87,271.63,445.18,279.77
ch2_ohr_ncp_20250303T0915317317_d_img_d18_x05120_y67840.png,0.2939,628.16,232.61,639.13,245.5
ch2_ohr_ncp_20250303T0915317317_d_img_d18_x05120_y67840.png,0.2114,379.96,172.42,385.7,179.66
ch2_ohr_ncp_20250303T0915317317_d_img_d18_x05120_y67840.png,0.2054,151.88,62.65,162.16,73.48
ch2_ohr_ncp_20250303T0915317317_d_img_d18_x07680_y81920.png,0.3275,142.43,358.64,149.18,365.46
ch2_ohr_ncp_20250303T0915317317_d_img_d18_x07680_y81920.png,0.2635,238.5,423.67,246.49,431.57
ch2_ohr_ncp_20250303T0915317317_d_img_d18_x07680_y81920.png,0.2272,266.41,377.39,271.67,382.8
ch2_ohr_ncp_20250303T0915317317_d_img_d18_x08320_y48000.png,0.2507,629.46,197.6,639.3,210.28
ch2_ohr_ncp_20250303T0915317317_d_img_d18_x09600_y82560.png,0.3298,194.74,350.94,207.82,363.3
ch2_ohr_ncp_20250303T0915317317_d_img_d18_x09600_y82560.png,0.2115,123.97,348.55,131.85,356.89
ch2_ohr_ncp_20250303T0915317317_d_img_d18_x11520_y76800.png,0.2224,290.59,453.57,300.63,466.66
ch2_ohr_ncp_20250303T0915317317_d_img_d18_x11520_y76800.png,0.2196,286.03,472.01,293.5,483.19
ch2_ohr_ncp_20250303T0915317317_d_img_d18_x11520_y77440.png,0.2613,469.28,170.22,476.86,178.88
ch2_ohr_ncp_20250303T0915317317_d_img_d18_x11520_y81920.png,0.2156,126.79,523.92,134.81,532.62
ch2_ohr_ncp_20250303T0915317317_d_img_d18_x11520_y81920.png,0.208,336.64,565.65,346.7,575.78
ch2_ohr_ncp_20250303T0915317317_d_img_d18_x11520_y81920.png,0.2049,287.12,462.12,302.61,476.51
ch2_ohr_ncp_20250303T0915317317_d_img_d18_x11520_y82560.png,0.4972,211.93,593.62,224.14,605.99
ch2_ohr_ncp_20250303T0915317317_d_img_d18_x11520_y82560.png,0.3559,109.84,56.0,125.9,69.79
ch2_ohr_ncp_20250303T0915317317_d_img_d18_x11520_y82560.png,0.2942,221.32,184.22,233.64,195.1
ch2_ohr_ncp_20250303T0915317317_d_img_d18_x11520_y82560.png,0.2812,74.14,448.59,83.01,458.1
ch2_ohr_ncp_20250303T0915317317_d_img_d18_x11520_y82560.png,0.2608,358.58,606.04,367.85,615.17
ch2_ohr_ncp_20250303T0915317317_d_img_d18_x11520_y82560.png,0.2369,120.24,607.05,131.13,618.61
ch2_ohr_ncp_20250303T0915317317_d_img_d18_x11520_y82560.png,0.2031,464.51,0.0,479.63,25.82
ch2_ohr_ncp_20250303T1114102638_d_img_d18_x00640_y65280.png,0.2055,505.62,186.72,533.88,225.16
ch2_ohr_ncp_20250303T1114102638_d_img_d18_x01280_y67200.png,0.2555,56.07,45.79,64.64,56.91
ch2_ohr_ncp_20250303T1114102638_d_img_d18_x02560_y51840.png,0.2267,344.76,12.73,367.43,39.28
ch2_ohr_ncp_20250303T1114102638_d_img_d18_x02560_y51840.png,0.2127,628.48,66.21,636.13,75.77
ch2_ohr_ncp_20250303T1114102638_d_img_d18_x02560_y51840.png,0.2059,374.11,0.3,403.36,28.22
ch2_ohr_ncp_20250303T1114102638_d_img_d18_x02560_y85120.png,0.2599,164.73,216.65,178.96,232.38
ch2_ohr_ncp_20250303T1114102638_d_img_d18_x03200_y85120.png,0.283,490.35,210.07,498.42,219.65
ch2_ohr_ncp_20250303T1114102638_d_img_d18_x03200_y85120.png,0.2457,633.27,393.86,639.47,404.78
ch2_ohr_ncp_20250303T1114102638_d_img_d18_x03840_y42880.png,0.322,631.55,238.97,639.61,252.42
ch2_ohr_ncp_20250303T1114102638_d_img_d18_x03840_y64640.png,0.2098,615.98,150.99,625.59,162.72
ch2_ohr_ncp_20250303T1114102638_d_img_d18_x03840_y71040.png,0.3008,530.49,618.78,537.13,626.56
ch2_ohr_ncp_20250303T1114102638_d_img_d18_x03840_y71040.png,0.2706,443.79,556.15,457.6,575.0
ch2_ohr_ncp_20250303T1114102638_d_img_d18_x03840_y71040.png,0.2476,624.31,93.91,637.43,109.59
ch2_ohr_ncp_20250303T1114102638_d_img_d18_x03840_y71040.png,0.2391,507.9,239.79,513.41,246.69
ch2_ohr_ncp_20250303T1114102638_d_img_d18_x03840_y71040.png,0.2265,158.49,31.94,169.22,43.71
ch2_ohr_ncp_20250303T1114102638_d_img_d18_x03840_y71040.png,0.2253,611.39,180.1,618.11,188.44
ch2_ohr_ncp_20250303T1114102638_d_img_d18_x03840_y78080.png,0.2855,423.16,628.51,433.5,639.51
ch2_ohr_ncp_20250303T1114102638_d_img_d18_x03840_y85760.png,0.4385,622.27,458.4,629.0,466.41
ch2_ohr_ncp_20250303T1114102638_d_img_d18_x03840_y85760.png,0.4007,291.35,288.38,299.47,294.59
ch2_ohr_ncp_20250303T1114102638_d_img_d18_x03840_y85760.png,0.3901,233.18,232.27,241.56,241.28
ch2_ohr_ncp_20250303T1114102638_d_img_d18_x03840_y85760.png,0.2579,623.42,380.0,630.22,386.64
ch2_ohr_ncp_20250303T1114102638_d_img_d18_x03840_y85760.png,0.2426,142.77,66.58,152.06,78.02
ch2_ohr_ncp_20250303T1114102638_d_img_d18_x04480_y81280.png,0.2783,218.49,429.77,226.98,440.01
ch2_ohr_ncp_20250303T1114102638_d_img_d18_x04480_y85760.png,0.2342,140.19,264.4,145.94,270.96
ch2_ohr_ncp_20250303T1114102638_d_img_d18_x04480_y85760.png,0.2224,282.33,317.76,291.74,329.66
ch2_ohr_ncp_20250303T1114102638_d_img_d18_x04480_y85760.png,0.2211,603.94,126.39,610.32,133.2
ch2_ohr_ncp_20250303T1114102638_d_img_d18_x05120_y44160.png,0.262,629.92,199.68,639.13,208.93
ch2_ohr_ncp_20250303T1114102638_d_img_d18_x05760_y86400.png,0.2444,196.36,419.55,203.26,427.76
ch2_ohr_ncp_20250303T1114102638_d_img_d18_x05760_y86400.png,0.2058,218.63,62.99,226.14,71.58
ch2_ohr_ncp_20250303T1114102638_d_img_d18_x05760_y86400.png,0.2023,68.48,119.32,74.77,125.74
ch2_ohr_ncp_20250303T1114102638_d_img_d18_x07040_y50560.png,0.361,5.4,182.3,11.07,189.38
ch2_ohr_ncp_20250303T1114102638_d_img_d18_x07040_y50560.png,0.2318,26.94,172.43,33.31,182.28
ch2_ohr_ncp_20250303T1114102638_d_img_d18_x07040_y50560.png,0.2093,526.46,626.07,535.0,637.49
ch2_ohr_ncp_20250303T1114102638_d_img_d18_x07040_y87040.png,0.2962,187.49,53.06,195.33,60.46
ch2_ohr_ncp_20250303T1114102638_d_img_d18_x07040_y87040.png,0.2645,164.88,5.92,171.65,12.15
ch2_ohr_ncp_20250303T1114102638_d_img_d18_x07680_y87040.png,0.3585,75.53,115.85,82.28,123.06
ch2_ohr_ncp_20250303T1114102638_d_img_d18_x07680_y87040.png,0.2721,201.72,74.4,209.5,82.24
ch2_ohr_ncp_20250303T1114102638_d_img_d18_x07680_y87040.png,0.2665,37.93,89.54,44.63,97.45
ch2_ohr_ncp_20250303T1114102638_d_img_d18_x08960_y87680.png,0.2239,472.36,12.18,479.28,18.51
ch2_ohr_ncp_20250303T1114102638_d_img_d18_x10240_y88320.png,0.386,500.71,549.91,510.85,556.85
ch2_ohr_ncp_20250303T1114102638_d_img_d18_x10240_y88320.png,0.3275,5.64,111.49,9.89,115.86
ch2_ohr_ncp_20250303T1114102638_d_img_d18_x10240_y88320.png,0.2486,489.61,581.85,494.05,586.22
ch2_ohr_ncp_20250303T1114102638_d_img_d18_x10240_y88320.png,0.2388,589.43,281.55,599.91,291.86
ch2_ohr_ncp_20250303T1114102638_d_img_d18_x10240_y88320.png,0.2383,493.55,574.17,501.22,580.82
ch2_ohr_ncp_20250303T1114102638_d_img_d18_x10240_y88320.png,0.2261,143.39,474.65,149.3,479.44
ch2_ohr_ncp_20250303T1114102638_d_img_d18_x10240_y88320.png,0.2239,493.68,564.11,499.36,568.77
ch2_ohr_ncp_20250303T1114102638_d_img_d18_x10240_y88320.png,0.2192,571.7,623.46,580.89,633.91
ch2_ohr_ncp_20250303T1114102638_d_img_d18_x10240_y88320.png,0.2147,494.84,574.74,501.84,581.4
ch2_ohr_ncp_20250303T1114102638_d_img_d18_x10240_y88320.png,0.2142,587.44,562.76,593.25,569.61
ch2_ohr_ncp_20250303T1114102638_d_img_d18_x10240_y88320.png,0.21,608.15,495.16,614.67,501.96
ch2_ohr_ncp_20250303T1114102638_d_img_d18_x11520_y81280.png,0.2462,437.82,434.29,443.28,442.92
ch2_ohr_ncp_20250303T1114102638_d_img_d18_x11520_y81280.png,0.2215,43.12,601.88,51.74,616.3
ch2_ohr_ncp_20250303T1114102638_d_img_d18_x11520_y81920.png,0.4217,444.36,38.99,450.16,45.19
ch2_ohr_ncp_20250303T1114102638_d_img_d18_x11520_y81920.png,0.421,458.23,587.98,465.37,596.66
ch2_ohr_ncp_20250303T1114102638_d_img_d18_x11520_y81920.png,0.2951,60.06,155.56,65.39,161.76
ch2_ohr_ncp_20250303T1114102638_d_img_d18_x11520_y81920.png,0.292,415.19,40.07,423.62,50.31
ch2_ohr_ncp_20250303T1114102638_d_img_d18_x11520_y82560.png,0.3141,448.04,630.83,457.89,639.45
ch2_ohr_ncp_20250303T1114102638_d_img_d18_x11520_y82560.png,0.2088,472.23,410.73,479.34,421.23
ch2_ohr_ncp_20250303T1114102638_d_img_d18_x11520_y83200.png,0.4661,147.44,348.01,160.15,361.43
ch2_ohr_ncp_20250303T1114102638_d_img_d18_x11520_y83200.png,0.4255,304.4,328.43,312.17,336.08
ch2_ohr_ncp_20250303T1114102638_d_img_d18_x11520_y83200.png,0.3654,303.69,408.01,313.09,416.31
ch2_ohr_ncp_20250303T1114102638_d_img_d18_x11520_y83200.png,0.357,308.31,340.64,315.18,348.3
ch2_ohr_ncp_20250303T1114102638_d_img_d18_x11520_y83200.png,0.3278,35.96,310.35,54.4,330.3
ch2_ohr_ncp_20250303T1114102638_d_img_d18_x11520_y83200.png,0.2913,332.22,430.44,339.33,438.34
ch2_ohr_ncp_20250303T1114102638_d_img_d18_x11520_y83200.png,0.2763,429.63,0.0,438.33,4.55
ch2_ohr_ncp_20250303T1114102638_d_img_d18_x11520_y83200.png,0.2679,468.08,11.14,479.03,22.47
ch2_ohr_ncp_20250303T1114102638_d_img_d18_x11520_y83200.png,0.2605,471.4,230.87,479.99,245.23
ch2_ohr_ncp_20250303T1114102638_d_img_d18_x11520_y83200.png,0.2356,370.82,337.26,377.42,343.94
ch2_ohr_ncp_20250303T1114102638_d_img_d18_x11520_y83200.png,0.2202,178.47,0.2,188.75,4.42
ch2_ohr_ncp_20250303T1114102638_d_img_d18_x11520_y83840.png,0.3364,473.85,229.98,479.57,238.61
ch2_ohr_ncp_20250303T1114102638_d_img_d18_x11520_y83840.png,0.331,471.57,162.05,479.36,172.42
ch2_ohr_ncp_20250303T1114102638_d_img_d18_x11520_y83840.png,0.3154,243.48,567.13,252.01,578.04
ch2_ohr_ncp_20250303T1114102638_d_img_d18_x11520_y83840.png,0.3062,56.47,482.82,64.33,491.37
ch2_ohr_ncp_20250303T1114102638_d_img_d18_x11520_y83840.png,0.236,284.56,164.51,291.7,172.19
ch2_ohr_ncp_20250303T1114102638_d_img_d18_x11520_y84480.png,0.4261,20.33,104.33,27.24,112.05
ch2_ohr_ncp_20250303T1114102638_d_img_d18_x11520_y84480.png,0.3757,251.59,423.29,265.58,437.62
ch2_ohr_ncp_20250303T1114102638_d_img_d18_x11520_y84480.png,0.2736,195.29,519.11,205.19,530.7
ch2_ohr_ncp_20250303T1114102638_d_img_d18_x11520_y84480.png,0.2482,137.99,2.78,147.11,11.96
ch2_ohr_ncp_20250303T1114102638_d_img_d18_x11520_y84480.png,0.2088,213.28,221.81,222.54,231.73
ch2_ohr_ncp_20250303T1114102638_d_img_d18_x11520_y84480.png,0.2079,154.33,343.08,163.37,351.73
ch2_ohr_ncp_20250303T1114102638_d_img_d18_x11520_y84480.png,0.2003,466.45,504.53,479.84,519.94
ch2_ohr_ncp_20250303T1114102638_d_img_d18_x11520_y85120.png,0.2568,211.84,302.19,220.66,310.35
ch2_ohr_ncp_20250303T1114102638_d_img_d18_x11520_y85760.png,0.3412,170.76,450.74,179.28,460.38
ch2_ohr_ncp_20250303T1114102638_d_img_d18_x11520_y85760.png,0.3201,59.45,530.04,66.96,537.1
ch2_ohr_ncp_20250303T1114102638_d_img_d18_x11520_y85760.png,0.2152,467.22,0.0,479.63,17.85
ch2_ohr_ncp_20250303T1114102638_d_img_d18_x11520_y85760.png,0.2128,3.69,333.13,10.22,340.43
ch2_ohr_ncp_20250303T1114102638_d_img_d18_x11520_y85760.png,0.2007,473.42,630.8,479.8,638.62
ch2_ohr_ncp_20250303T1114102638_d_img_d18_x11520_y86400.png,0.5101,169.99,375.18,186.87,392.84
ch2_ohr_ncp_20250303T1114102638_d_img_d18_x11520_y86400.png,0.4885,295.47,130.48,302.57,138.51
ch2_ohr_ncp_20250303T1114102638_d_img_d18_x11520_y86400.png,0.4806,388.04,297.09,397.2,307.0
ch2_ohr_ncp_20250303T1114102638_d_img_d18_x11520_y86400.png,0.4607,149.84,564.86,157.41,572.64
ch2_ohr_ncp_20250303T1114102638_d_img_d18_x11520_y86400.png,0.3817,180.71,477.01,186.8,482.97
ch2_ohr_ncp_20250303T1114102638_d_img_d18_x11520_y86400.png,0.3623,85.04,261.16,91.5,267.8
ch2_ohr_ncp_20250303T1114102638_d_img_d18_x11520_y86400.png,0.3284,412.11,185.29,418.68,192.63
ch2_ohr_ncp_20250303T1114102638_d_img_d18_x11520_y86400.png,0.3206,315.99,580.52,323.67,588.1
ch2_ohr_ncp_20250303T1114102638_d_img_d18_x11520_y86400.png,0.314,73.36,611.7,85.71,625.52
ch2_ohr_ncp_20250303T1114102638_d_img_d18_x11520_y86400.png,0.2909,370.18,514.32,381.12,527.05
ch2_ohr_ncp_20250303T1114102638_d_img_d18_x11520_y86400.png,0.2907,239.02,102.5,254.58,116.6
ch2_ohr_ncp_20250303T1114102638_d_img_d18_x11520_y86400.png,0.2711,214.16,67.79,227.04,81.95
ch2_ohr_ncp_20250303T1114102638_d_img_d18_x11520_y86400.png,0.2531,284.08,23.18,292.15,34.96
ch2_ohr_ncp_20250303T1114102638_d_img_d18_x11520_y86400.png,0.2361,21.27,169.85,58.15,201.64
ch2_ohr_ncp_20250303T1114102638_d_img_d18_x11520_y86400.png,0.2229,102.54,221.06,112.61,232.9
ch2_ohr_ncp_20250303T1114102638_d_img_d18_x11520_y87040.png,0.5746,371.68,329.93,387.25,349.26
ch2_ohr_ncp_20250303T1114102638_d_img_d18_x11520_y87040.png,0.493,160.98,98.17,170.76,108.9
ch2_ohr_ncp_20250303T1114102638_d_img_d18_x11520_y87040.png,0.3941,235.28,577.31,241.61,584.2
ch2_ohr_ncp_20250303T1114102638_d_img_d18_x11520_y87040.png,0.3652,45.68,23.39,54.01,32.35
ch2_ohr_ncp_20250303T1114102638_d_img_d18_x11520_y87040.png,0.3365,146.36,484.34,154.52,493.87
ch2_ohr_ncp_20250303T1114102638_d_img_d18_x11520_y87040.png,0.3143,70.06,549.18,77.34,555.91
ch2_ohr_ncp_20250303T1114102638_d_img_d18_x11520_y87040.png,0.3121,1.02,113.3,15.71,135.45
ch2_ohr_ncp_20250303T1114102638_d_img_d18_x11520_y87040.png,0.296,130.73,628.41,139.19,636.78
ch2_ohr_ncp_20250303T1114102638_d_img_d18_x11520_y87040.png,0.2712,189.19,569.2,200.35,580.34
ch2_ohr_ncp_20250303T1114102638_d_img_d18_x11520_y87040.png,0.268,463.57,234.4,471.02,243.39
ch2_ohr_ncp_20250303T1114102638_d_img_d18_x11520_y87040.png,0.2599,9.7,583.78,15.98,591.17
ch2_ohr_ncp_20250303T1114102638_d_img_d18_x11520_y87040.png,0.2566,102.22,16.15,111.97,28.39
ch2_ohr_ncp_20250303T1114102638_d_img_d18_x11520_y87040.png,0.2447,275.42,103.46,297.03,128.34
ch2_ohr_ncp_20250303T1114102638_d_img_d18_x11520_y87040.png,0.2397,186.53,434.33,195.17,445.18
ch2_ohr_ncp_20250303T1114102638_d_img_d18_x11520_y87040.png,0.2191,141.12,427.02,147.21,434.04
ch2_ohr_ncp_20250303T1114102638_d_img_d18_x11520_y87040.png,0.2073,76.91,0.3,90.74,11.63
ch2_ohr_ncp_20250303T1114102638_d_img_d18_x11520_y87040.png,0.2031,75.49,0.47,87.73,12.55
ch2_ohr_ncp_20250303T1114102638_d_img_d18_x11520_y87680.png,0.3053,170.16,421.45,180.07,431.58
ch2_ohr_ncp_20250303T1114102638_d_img_d18_x11520_y87680.png,0.2266,245.39,626.05,251.89,634.67
ch2_ohr_ncp_20250303T1114102638_d_img_d18_x11520_y88320.png,0.5892,339.58,539.47,351.55,552.01
ch2_ohr_ncp_20250303T1114102638_d_img_d18_x11520_y88320.png,0.5038,440.32,512.05,449.82,523.58
ch2_ohr_ncp_20250303T1114102638_d_img_d18_x11520_y88320.png,0.4966,124.81,36.37,138.69,49.19
ch2_ohr_ncp_20250303T1114102638_d_img_d18_x11520_y88320.png,0.4368,54.35,349.44,62.8,360.02
ch2_ohr_ncp_20250303T1114102638_d_img_d18_x11520_y88320.png,0.403,31.03,480.95,36.93,488.18
ch2_ohr_ncp_20250303T1114102638_d_img_d18_x11520_y88320.png,0.3719,340.42,324.1,347.41,331.66
ch2_ohr_ncp_20250303T1114102638_d_img_d18_x11520_y88320.png,0.362,21.18,22.25,29.41,31.28
ch2_ohr_ncp_20250303T1114102638_d_img_d18_x11520_y88320.png,0.2662,173.81,103.04,182.99,115.75
ch2_ohr_ncp_20250303T1114102638_d_img_d18_x11520_y88960.png,0.3714,235.85,175.9,244.3,184.21
ch2_ohr_ncp_20250303T1114102638_d_img_d18_x11520_y88960.png,0.3369,473.42,117.26,479.31,126.61
ch2_ohr_ncp_20250303T1114102638_d_img_d18_x11520_y88960.png,0.3287,76.24,412.2,81.55,417.0
ch2_ohr_ncp_20250303T1114102638_d_img_d18_x11520_y88960.png,0.2775,117.56,408.41,122.96,412.36
ch2_ohr_ncp_20250303T1114102638_d_img_d18_x11520_y88960.png,0.2213,116.11,408.29,122.32,412.7
ch2_ohr_ncp_20250304T0655103610_d_img_d18_x00000_y76160.png,0.2203,627.63,77.25,634.07,83.91
ch2_ohr_ncp_20250304T0655103610_d_img_d18_x00640_y84480.png,0.3282,207.2,453.74,212.59,458.88
ch2_ohr_ncp_20250304T0655103610_d_img_d18_x00640_y84480.png,0.286,607.43,68.64,635.17,105.08
ch2_ohr_ncp_20250304T0655103610_d_img_d18_x00640_y84480.png,0.2035,604.68,65.48,639.92,108.72
ch2_ohr_ncp_20250304T0655103610_d_img_d18_x01280_y40960.png,0.2077,247.25,628.95,252.35,636.24
ch2_ohr_ncp_20250304T0655103610_d_img_d18_x01280_y64000.png,0.3413,205.85,137.15,215.63,146.53
ch2_ohr_ncp_20250304T0655103610_d_img_d18_x01280_y64000.png,0.3321,145.75,84.16,152.43,91.88
ch2_ohr_ncp_20250304T0655103610_d_img_d18_x01280_y64000.png,0.3158,13.53,47.37,21.73,57.04
ch2_ohr_ncp_20250304T0655103610_d_img_d18_x01280_y64000.png,0.2284,36.98,56.89,42.99,63.27
ch2_ohr_ncp_20250304T0655103610_d_img_d18_x01280_y64000.png,0.2118,73.39,104.06,78.97,109.3
ch2_ohr_ncp_20250304T0655103610_d_img_d18_x01280_y76160.png,0.2535,254.61,351.1,289.76,402.11
ch2_ohr_ncp_20250304T0655103610_d_img_d18_x01280_y76800.png,0.2774,629.78,400.36,639.65,417.9
ch2_ohr_ncp_20250304T0655103610_d_img_d18_x01280_y81280.png,0.2122,101.91,623.45,116.83,639.97
ch2_ohr_ncp_20250304T0655103610_d_img_d18_x01280_y85120.png,0.3156,517.04,370.72,521.85,375.91
ch2_ohr_ncp_20250304T0655103610_d_img_d18_x01920_y64000.png,0.278,96.48,387.41,102.67,394.72
ch2_ohr_ncp_20250304T0655103610_d_img_d18_x01920_y64000.png,0.2739,625.91,262.22,633.02,270.87
ch2_ohr_ncp_20250304T0655103610_d_img_d18_x01920_y76800.png,0.5617,85.73,438.28,101.09,462.54
ch2_ohr_ncp_20250304T0655103610_d_img_d18_x01920_y76800.png,0.4212,371.84,500.31,385.13,513.93
ch2_ohr_ncp_20250304T0655103610_d_img_d18_x01920_y76800.png,0.3041,605.73,568.84,622.92,595.0
ch2_ohr_ncp_20250304T0655103610_d_img_d18_x01920_y76800.png,0.2949,441.59,489.03,450.31,500.25
ch2_ohr_ncp_20250304T0655103610_d_img_d18_x01920_y76800.png,0.291,34.7,434.26,42.24,443.44
ch2_ohr_ncp_20250304T0655103610_d_img_d18_x01920_y76800.png,0.2304,565.82,501.88,572.31,508.52
ch2_ohr_ncp_20250304T0655103610_d_img_d18_x01920_y76800.png,0.2221,570.97,628.31,579.19,637.7
ch2_ohr_ncp_20250304T0655103610_d_img_d18_x01920_y76800.png,0.218,538.71,503.49,550.3,520.5
ch2_ohr_ncp_20250304T0655103610_d_img_d18_x01920_y77440.png,0.2427,403.35,363.09,410.75,371.71
ch2_ohr_ncp_20250304T0655103610_d_img_d18_x01920_y85120.png,0.4386,148.84,133.58,164.17,151.6
ch2_ohr_ncp_20250304T0655103610_d_img_d18_x01920_y85120.png,0.2967,557.5,502.71,562.98,508.66
ch2_ohr_ncp_20250304T0655103610_d_img_d18_x01920_y85120.png,0.2813,541.12,501.89,546.3,508.74
ch2_ohr_ncp_20250304T0655103610_d_img_d18_x01920_y85760.png,0.2576,286.32,268.79,293.46,274.88
ch2_ohr_ncp_20250304T0655103610_d_img_d18_x01920_y85760.png,0.2102,290.47,280.89,295.39,286.46
ch2_ohr_ncp_20250304T0655103610_d_img_d18_x02560_y49280.png,0.217,627.28,39.48,634.16,47.82
ch2_ohr_ncp_20250304T0655103610_d_img_d18_x02560_y86400.png,0.2907,427.46,256.53,433.4,261.86
ch2_ohr_ncp_20250304T0655103610_d_img_d18_x02560_y86400.png,0.2437,403.03,300.58,407.85,305.23
ch2_ohr_ncp_20250304T0655103610_d_img_d18_x03200_y78080.png,0.3406,180.88,173.32,188.1,181.54
ch2_ohr_ncp_20250304T0655103610_d_img_d18_x03200_y78080.png,0.2876,573.57,386.35,612.22,428.9
ch2_ohr_ncp_20250304T0655103610_d_img_d18_x03840_y85120.png,0.2241,0.0,355.51,21.28,453.19
ch2_ohr_ncp_20250304T0655103610_d_img_d18_x03840_y86400.png,0.2982,186.69,165.43,195.96,177.51
ch2_ohr_ncp_20250304T0655103610_d_img_d18_x04480_y39680.png,0.2491,517.37,486.63,544.82,517.37
ch2_ohr_ncp_20250304T0655103610_d_img_d18_x04480_y39680.png,0.2383,259.12,157.58,266.68,166.7
ch2_ohr_ncp_20250304T0655103610_d_img_d18_x04480_y39680.png,0.2251,226.48,256.64,237.67,271.08
ch2_ohr_ncp_20250304T0655103610_d_img_d18_x04480_y78720.png,0.3752,579.07,614.83,586.63,623.26
ch2_ohr_ncp_20250304T0655103610_d_img_d18_x04480_y78720.png,0.2246,613.4,602.24,622.94,615.55
ch2_ohr_ncp_20250304T0655103610_d_img_d18_x04480_y78720.png,0.202,86.7,596.98,96.39,607.23
ch2_ohr_ncp_20250304T0655103610_d_img_d18_x04480_y85120.png,0.2358,0.0,388.06,11.11,425.53
ch2_ohr_ncp_20250304T0655103610_d_img_d18_x04480_y87040.png,0.2518,120.23,58.63,162.78,107.4
ch2_ohr_ncp_20250304T0655103610_d_img_d18_x04480_y87680.png,0.255,263.39,62.78,270.56,70.6
ch2_ohr_ncp_20250304T0655103610_d_img_d18_x05120_y83200.png,0.21,27.41,631.64,36.28,639.86
ch2_ohr_ncp_20250304T0655103610_d_img_d18_x05120_y85760.png,0.2007,339.91,114.12,358.88,159.31
ch2_ohr_ncp_20250304T0655103610_d_img_d18_x05760_y48640.png,0.2132,572.68,632.47,579.05,640.0
ch2_ohr_ncp_20250304T0655103610_d_img_d18_x05760_y79360.png,0.2303,620.96,399.04,634.81,414.61
ch2_ohr_ncp_20250304T0655103610_d_img_d18_x05760_y80000.png,0.2175,553.07,0.0,588.7,22.95
ch2_ohr_ncp_20250304T0655103610_d_img_d18_x05760_y84480.png,0.278,402.91,562.62,457.58,637.73
ch2_ohr_ncp_20250304T0655103610_d_img_d18_x05760_y84480.png,0.2164,236.58,307.16,257.39,332.36
ch2_ohr_ncp_20250304T0655103610_d_img_d18_x05760_y88320.png,0.3368,204.28,342.37,211.57,349.91
ch2_ohr_ncp_20250304T0655103610_d_img_d18_x06400_y88960.png,0.351,200.29,307.65,205.29,311.92
ch2_ohr_ncp_20250304T0655103610_d_img_d18_x06400_y88960.png,0.3329,213.34,384.71,219.29,389.17
ch2_ohr_ncp_20250304T0655103610_d_img_d18_x07040_y81920.png,0.2185,73.79,591.39,82.26,600.58
ch2_ohr_ncp_20250304T0655103610_d_img_d18_x07040_y83840.png,0.3706,0.81,395.17,11.66,411.42
ch2_ohr_ncp_20250304T0655103610_d_img_d18_x07040_y89600.png,0.2101,624.33,478.21,631.4,484.25
ch2_ohr_ncp_20250304T0655103610_d_img_d18_x07680_y87040.png,0.2822,0.0,351.43,31.94,403.98
ch2_ohr_ncp_20250304T0655103610_d_img_d18_x07680_y87040.png,0.2331,90.12,42.0,126.81,91.44
ch2_ohr_ncp_20250304T0655103610_d_img_d18_x07680_y90240.png,0.4473,199.96,0.48,206.17,6.16
ch2_ohr_ncp_20250304T0655103610_d_img_d18_x08320_y85760.png,0.2251,181.22,0.85,217.23,26.06
ch2_ohr_ncp_20250304T0655103610_d_img_d18_x08320_y86400.png,0.2518,631.68,354.07,639.79,365.28
ch2_ohr_ncp_20250304T0655103610_d_img_d18_x08320_y90880.png,0.2682,551.63,138.0,577.98,207.22
ch2_ohr_ncp_20250304T0655103610_d_img_d18_x08960_y81920.png,0.2018,263.53,356.75,271.82,365.83
ch2_ohr_ncp_20250304T0655103610_d_img_d18_x08960_y90880.png,0.2113,58.48,2.95,79.84,36.28
ch2_ohr_ncp_20250304T0655103610_d_img_d18_x09600_y85760.png,0.214,0.0,82.21,27.91,130.21
ch2_ohr_ncp_20250304T0655103610_d_img_d18_x09600_y86400.png,0.2118,461.12,631.5,468.32,638.72
ch2_ohr_ncp_20250304T0655103610_d_img_d18_x10240_y82560.png,0.2606,72.25,633.21,79.37,639.23
ch2_ohr_ncp_20250304T0655103610_d_img_d18_x10240_y89600.png,0.36,602.9,618.39,616.72,637.72
ch2_ohr_ncp_20250304T0655103610_d_img_d18_x10240_y89600.png,0.2185,603.92,612.26,619.55,639.58
ch2_ohr_ncp_20250304T0655103610_d_img_d18_x10240_y92160.png,0.5941,371.83,20.46,379.38,26.6
ch2_ohr_ncp_20250304T0655103610_d_img_d18_x10240_y92160.png,0.5652,566.05,409.82,572.64,415.97
ch2_ohr_ncp_20250304T0655103610_d_img_d18_x10240_y92160.png,0.5152,351.01,310.99,357.3,318.81
ch2_ohr_ncp_20250304T0655103610_d_img_d18_x10240_y92160.png,0.4981,445.44,311.14,450.76,317.03
ch2_ohr_ncp_20250304T0655103610_d_img_d18_x10240_y92160.png,0.4426,417.06,132.06,422.47,137.48
ch2_ohr_ncp_20250304T0655103610_d_img_d18_x10240_y92160.png,0.4294,519.17,494.59,525.97,502.21
ch2_ohr_ncp_20250304T0655103610_d_img_d18_x10240_y92160.png,0.4279,479.02,400.14,486.05,406.28
ch2_ohr_ncp_20250304T0655103610_d_img_d18_x10240_y92160.png,0.4137,471.53,182.96,478.46,188.78
ch2_ohr_ncp_20250304T0655103610_d_img_d18_x10240_y92160.png,0.4036,457.8,160.75,463.6,166.51
ch2_ohr_ncp_20250304T0655103610_d_img_d18_x10240_y92160.png,0.399,564.7,471.92,569.53,476.3
ch2_ohr_ncp_20250304T0655103610_d_img_d18_x10240_y92160.png,0.3975,483.84,158.0,490.63,166.9
ch2_ohr_ncp_20250304T0655103610_d_img_d18_x10240_y92160.png,0.3923,452.86,208.74,462.29,218.09
ch2_ohr_ncp_20250304T0655103610_d_img_d18_x10240_y92160.png,0.3521,525.88,284.92,532.28,293.99
ch2_ohr_ncp_20250304T0655103610_d_img_d18_x10240_y92160.png,0.3461,402.27,274.49,408.08,280.46
ch2_ohr_ncp_20250304T0655103610_d_img_d18_x10240_y92160.png,0.2937,452.38,172.8,458.19,179.22
ch2_ohr_ncp_20250304T0655103610_d_img_d18_x10240_y92160.png,0.2782,447.69,219.21,454.84,225.29
ch2_ohr_ncp_20250304T0655103610_d_img_d18_x10240_y92160.png,0.2627,28.83,26.21,34.41,31.84
ch2_ohr_ncp_20250304T0655103610_d_img_d18_x10240_y92160.png,0.2617,606.1,535.29,610.1,541.15
ch2_ohr_ncp_20250304T0655103610_d_img_d18_x10240_y92160.png,0.2534,440.58,261.86,445.39,268.79
ch2_ohr_ncp_20250304T0655103610_d_img_d18_x10240_y92160.png,0.2522,441.59,261.87,446.27,268.48
ch2_ohr_ncp_20250304T0655103610_d_img_d18_x10240_y92160.png,0.2508,578.99,605.84,582.99,610.16
ch2_ohr_ncp_20250304T0655103610_d_img_d18_x10240_y92160.png,0.25,468.64,344.12,473.23,349.28
ch2_ohr_ncp_20250304T0655103610_d_img_d18_x10240_y92160.png,0.2394,412.59,146.86,418.29,152.13
ch2_ohr_ncp_20250304T0655103610_d_img_d18_x10240_y92160.png,0.2391,633.09,586.46,639.03,591.54
ch2_ohr_ncp_20250304T0655103610_d_img_d18_x10240_y92160.png,0.2256,412.11,147.43,417.38,152.28
ch2_ohr_ncp_20250304T0655103610_d_img_d18_x10240_y92160.png,0.2237,496.72,112.79,508.23,122.52
ch2_ohr_ncp_20250304T0655103610_d_img_d18_x10240_y92160.png,0.218,612.96,546.61,616.85,551.57
ch2_ohr_ncp_20250304T0655103610_d_img_d18_x10880_y88320.png,0.2739,473.63,215.64,482.21,225.93
ch2_ohr_ncp_20250304T0655103610_d_img_d18_x10880_y92800.png,0.4738,515.45,287.88,521.13,292.64
ch2_ohr_ncp_20250304T0655103610_d_img_d18_x10880_y92800.png,0.3992,390.73,231.18,396.29,235.87
ch2_ohr_ncp_20250304T0655103610_d_img_d18_x10880_y92800.png,0.2237,130.31,140.54,134.8,144.85
ch2_ohr_ncp_20250304T0655103610_d_img_d18_x11520_y85760.png,0.5778,460.83,629.85,468.8,637.8
ch2_ohr_ncp_20250304T0655103610_d_img_d18_x11520_y85760.png,0.5265,146.8,143.24,157.13,154.61
ch2_ohr_ncp_20250304T0655103610_d_img_d18_x11520_y85760.png,0.508,51.45,164.95,59.04,172.47
ch2_ohr_ncp_20250304T0655103610_d_img_d18_x11520_y85760.png,0.4644,237.03,360.14,243.4,368.05
ch2_ohr_ncp_20250304T0655103610_d_img_d18_x11520_y85760.png,0.3717,288.01,602.89,298.92,613.44
ch2_ohr_ncp_20250304T0655103610_d_img_d18_x11520_y85760.png,0.3387,246.67,377.76,256.07,387.55
ch2_ohr_ncp_20250304T0655103610_d_img_d18_x11520_y85760.png,0.3275,470.91,0.78,479.99,15.35
ch2_ohr_ncp_20250304T0655103610_d_img_d18_x11520_y85760.png,0.3084,82.94,592.48,92.74,601.83
ch2_ohr_ncp_20250304T0655103610_d_img_d18_x11520_y85760.png,0.2928,313.83,259.79,325.43,268.76
ch2_ohr_ncp_20250304T0655103610_d_img_d18_x11520_y85760.png,0.2657,163.92,385.87,173.52,397.07
ch2_ohr_ncp_20250304T0655103610_d_img_d18_x11520_y85760.png,0.261,27.91,566.73,36.58,576.54
ch2_ohr_ncp_20250304T0655103610_d_img_d18_x11520_y85760.png,0.2379,80.26,415.03,94.27,429.0
ch2_ohr_ncp_20250304T0655103610_d_img_d18_x11520_y85760.png,0.2198,436.63,4.09,445.9,15.19
ch2_ohr_ncp_20250304T0655103610_d_img_d18_x11520_y85760.png,0.2178,84.33,95.25,91.88,103.27
ch2_ohr_ncp_20250304T0655103610_d_img_d18_x11520_y85760.png,0.2078,237.28,120.84,244.99,129.55
ch2_ohr_ncp_20250304T0655103610_d_img_d18_x11520_y86400.png,0.3538,453.65,4.4,460.93,12.7
ch2_ohr_ncp_20250304T0655103610_d_img_d18_x11520_y86400.png,0.3439,467.21,605.58,474.1,613.92
ch2_ohr_ncp_20250304T0655103610_d_img_d18_x11520_y86400.png,0.2205,11.89,141.69,21.42,151.41
ch2_ohr_ncp_20250304T0655103610_d_img_d18_x11520_y86400.png,0.2045,300.83,528.5,306.9,536.8
ch2_ohr_ncp_20250304T0655103610_d_img_d18_x11520_y87040.png,0.6191,453.24,333.87,464.22,345.65
ch2_ohr_ncp_20250304T0655103610_d_img_d18_x11520_y87040.png,0.5992,307.46,259.71,317.92,271.57
ch2_ohr_ncp_20250304T0655103610_d_img_d18_x11520_y87040.png,0.5429,323.75,307.95,332.47,319.27
ch2_ohr_ncp_20250304T0655103610_d_img_d18_x11520_y87040.png,0.5134,390.9,575.13,415.06,598.19
ch2_ohr_ncp_20250304T0655103610_d_img_d18_x11520_y87040.png,0.3896,364.69,60.94,377.21,73.19
ch2_ohr_ncp_20250304T0655103610_d_img_d18_x11520_y87040.png,0.3684,442.24,116.69,452.9,130.2
ch2_ohr_ncp_20250304T0655103610_d_img_d18_x11520_y87040.png,0.3547,23.23,410.42,36.41,426.22
ch2_ohr_ncp_20250304T0655103610_d_img_d18_x11520_y87040.png,0.344,352.01,383.1,361.03,392.4
ch2_ohr_ncp_20250304T0655103610_d_img_d18_x11520_y87040.png,0.3357,440.17,115.97,451.52,128.93
ch2_ohr_ncp_20250304T0655103610_d_img_d18_x11520_y87040.png,0.3163,367.91,0.39,377.61,6.16
ch2_ohr_ncp_20250304T0655103610_d_img_d18_x11520_y87040.png,0.3002,373.71,629.27,381.15,638.68
ch2_ohr_ncp_20250304T0655103610_d_img_d18_x11520_y87040.png,0.2919,6.57,345.84,17.73,358.04
ch2_ohr_ncp_20250304T0655103610_d_img_d18_x11520_y87040.png,0.2626,469.77,610.98,478.63,621.42
ch2_ohr_ncp_20250304T0655103610_d_img_d18_x11520_y87040.png,0.2358,452.8,335.23,462.75,346.41
ch2_ohr_ncp_20250304T0655103610_d_img_d18_x11520_y87040.png,0.2334,427.59,370.27,442.3,385.44
ch2_ohr_ncp_20250304T0655103610_d_img_d18_x11520_y87680.png,0.5513,58.17,434.54,66.92,443.87
ch2_ohr_ncp_20250304T0655103610_d_img_d18_x11520_y87680.png,0.4933,149.47,597.59,158.49,608.8
ch2_ohr_ncp_20250304T0655103610_d_img_d18_x11520_y87680.png,0.4798,411.44,462.91,419.88,470.84
ch2_ohr_ncp_20250304T0655103610_d_img_d18_x11520_y87680.png,0.4247,328.63,593.25,338.26,605.09
ch2_ohr_ncp_20250304T0655103610_d_img_d18_x11520_y87680.png,0.308,466.58,0.0,479.82,17.88
ch2_ohr_ncp_20250304T0655103610_d_img_d18_x11520_y87680.png,0.2606,253.33,413.58,267.35,425.34
ch2_ohr_ncp_20250304T0655103610_d_img_d18_x11520_y87680.png,0.2404,473.74,512.27,479.54,519.36
ch2_ohr_ncp_20250304T0655103610_d_img_d18_x11520_y87680.png,0.2036,118.8,181.84,127.58,191.58
ch2_ohr_ncp_20250304T0655103610_d_img_d18_x11520_y88320.png,0.4562,315.33,390.28,328.53,405.71
ch2_ohr_ncp_20250304T0655103610_d_img_d18_x11520_y88320.png,0.4045,154.88,630.65,164.21,639.25
ch2_ohr_ncp_20250304T0655103610_d_img_d18_x11520_y88320.png,0.3873,100.77,123.07,108.74,133.81
ch2_ohr_ncp_20250304T0655103610_d_img_d18_x11520_y88320.png,0.3013,378.39,21.03,383.79,27.49
ch2_ohr_ncp_20250304T0655103610_d_img_d18_x11520_y88320.png,0.273,268.77,451.04,278.23,462.63
ch2_ohr_ncp_20250304T0655103610_d_img_d18_x11520_y88320.png,0.2274,473.3,630.38,479.62,638.39
ch2_ohr_ncp_20250304T0655103610_d_img_d18_x11520_y88320.png,0.2129,74.36,417.94,81.7,427.65
ch2_ohr_ncp_20250304T0655103610_d_img_d18_x11520_y88320.png,0.2026,305.46,294.86,316.65,310.2
ch2_ohr_ncp_20250304T0655103610_d_img_d18_x11520_y88320.png,0.2007,101.91,62.1,111.05,71.01
ch2_ohr_ncp_20250304T0655103610_d_img_d18_x11520_y88960.png,0.5901,402.2,178.61,411.09,189.64
ch2_ohr_ncp_20250304T0655103610_d_img_d18_x11520_y88960.png,0.5002,445.18,126.57,457.02,149.77
ch2_ohr_ncp_20250304T0655103610_d_img_d18_x11520_y88960.png,0.4861,469.62,435.56,478.67,446.33
ch2_ohr_ncp_20250304T0655103610_d_img_d18_x11520_y88960.png,0.4524,51.94,146.21,59.88,156.33
ch2_ohr_ncp_20250304T0655103610_d_img_d18_x11520_y88960.png,0.4394,98.2,39.92,110.82,52.22
ch2_ohr_ncp_20250304T0655103610_d_img_d18_x11520_y88960.png,0.4103,26.04,49.72,34.86,59.16
ch2_ohr_ncp_20250304T0655103610_d_img_d18_x11520_y88960.png,0.3901,356.38,370.11,364.55,379.79
ch2_ohr_ncp_20250304T0655103610_d_img_d18_x11520_y88960.png,0.3726,406.39,550.51,413.76,558.18
ch2_ohr_ncp_20250304T0655103610_d_img_d18_x11520_y88960.png,0.3429,260.93,561.41,270.51,571.28
ch2_ohr_ncp_20250304T0655103610_d_img_d18_x11520_y88960.png,0.3172,424.89,409.27,436.14,421.22
ch2_ohr_ncp_20250304T0655103610_d_img_d18_x11520_y88960.png,0.2703,445.94,129.7,459.23,150.37
ch2_ohr_ncp_20250304T0655103610_d_img_d18_x11520_y88960.png,0.2652,241.07,282.28,251.27,292.84
ch2_ohr_ncp_20250304T0655103610_d_img_d18_x11520_y88960.png,0.2452,473.9,618.95,479.29,628.04
ch2_ohr_ncp_20250304T0655103610_d_img_d18_x11520_y88960.png,0.2442,143.78,237.23,155.22,251.62
ch2_ohr_ncp_20250304T0655103610_d_img_d18_x11520_y88960.png,0.2065,468.74,0.79,479.32,12.67
ch2_ohr_ncp_20250304T0655103610_d_img_d18_x11520_y88960.png,0.2035,471.13,1.08,479.82,20.06
ch2_ohr_ncp_20250304T0655103610_d_img_d18_x11520_y89600.png,0.5322,253.87,116.59,262.75,125.31
ch2_ohr_ncp_20250304T0655103610_d_img_d18_x11520_y89600.png,0.4405,122.42,59.7,130.68,68.95
ch2_ohr_ncp_20250304T0655103610_d_img_d18_x11520_y89600.png,0.4271,244.55,89.66,253.78,99.99
ch2_ohr_ncp_20250304T0655103610_d_img_d18_x11520_y89600.png,0.3395,320.4,488.92,335.71,503.26
ch2_ohr_ncp_20250304T0655103610_d_img_d18_x11520_y89600.png,0.304,247.67,133.58,258.38,143.63
ch2_ohr_ncp_20250304T0655103610_d_img_d18_x11520_y89600.png,0.2634,437.68,598.06,447.28,608.31
ch2_ohr_ncp_20250304T0655103610_d_img_d18_x11520_y89600.png,0.2545,154.08,626.25,161.94,636.77
ch2_ohr_ncp_20250304T0655103610_d_img_d18_x11520_y89600.png,0.2157,465.1,1.03,479.76,24.76
ch2_ohr_ncp_20250304T0655103610_d_img_d18_x11520_y89600.png,0.2031,65.94,109.07,80.29,120.69
ch2_ohr_ncp_20250304T0655103610_d_img_d18_x11520_y91520.png,0.4801,469.77,38.91,477.99,47.8
ch2_ohr_ncp_20250304T0655103610_d_img_d18_x11520_y92800.png,0.2831,167.25,420.44,173.5,425.88
ch2_ohr_ncp_20250304T0655103610_d_img_d18_x11520_y92800.png,0.2112,124.63,283.7,129.76,289.11
ch2_ohr_ncp_20250304T0655103610_d_img_d18_x11520_y93440.png,0.5846,255.5,312.63,261.92,320.93
ch2_ohr_ncp_20250304T0655103610_d_img_d18_x11520_y93440.png,0.5293,307.4,287.11,313.07,293.85
ch2_ohr_ncp_20250304T0655103610_d_img_d18_x11520_y93440.png,0.5195,370.0,462.19,376.92,467.53
ch2_ohr_ncp_20250304T0655103610_d_img_d18_x11520_y93440.png,0.4245,237.18,191.94,243.99,197.91
ch2_ohr_ncp_20250304T0655103610_d_img_d18_x11520_y93440.png,0.3892,448.48,354.74,454.22,361.6
ch2_ohr_ncp_20250304T0655103610_d_img_d18_x11520_y93440.png,0.3745,386.67,371.73,391.99,376.65
ch2_ohr_ncp_20250304T0655103610_d_img_d18_x11520_y93440.png,0.3478,364.89,400.49,369.64,405.79
ch2_ohr_ncp_20250304T0655103610_d_img_d18_x11520_y93440.png,0.3384,409.34,380.89,415.02,388.26
ch2_ohr_ncp_20250304T0655103610_d_img_d18_x11520_y93440.png,0.3281,360.07,114.94,367.3,121.25
ch2_ohr_ncp_20250304T0655103610_d_img_d18_x11520_y93440.png,0.317,429.73,447.31,435.43,453.61
ch2_ohr_ncp_20250304T0655103610_d_img_d18_x11520_y93440.png,0.3156,395.45,438.4,400.93,444.0
ch2_ohr_ncp_20250304T0655103610_d_img_d18_x11520_y93440.png,0.3095,461.6,268.22,468.01,273.85
ch2_ohr_ncp_20250304T0655103610_d_img_d18_x11520_y93440.png,0.3058,314.45,388.5,318.83,392.83
ch2_ohr_ncp_20250304T0655103610_d_img_d18_x11520_y93440.png,0.2961,418.74,352.96,424.83,360.11
ch2_ohr_ncp_20250304T0655103610_d_img_d18_x11520_y93440.png,0.2948,340.77,392.85,346.46,398.97
ch2_ohr_ncp_20250304T0655103610_d_img_d18_x11520_y93440.png,0.2924,332.26,389.89,338.17,395.37
ch2_ohr_ncp_20250304T0655103610_d_img_d18_x11520_y93440.png,0.2805,331.85,389.07,337.85,394.13
ch2_ohr_ncp_20250304T0655103610_d_img_d18_x11520_y93440.png,0.2784,296.47,121.78,301.06,126.27
ch2_ohr_ncp_20250304T0655103610_d_img_d18_x11520_y93440.png,0.2622,416.99,349.18,424.41,358.9
ch2_ohr_ncp_20250304T0655103610_d_img_d18_x11520_y93440.png,0.2531,333.91,396.11,339.19,402.07
ch2_ohr_ncp_20250304T0655103610_d_img_d18_x11520_y93440.png,0.2473,419.85,354.47,424.83,359.98
ch2_ohr_ncp_20250304T0655103610_d_img_d18_x11520_y93440.png,0.2149,321.93,154.26,326.7,159.16
ch2_ohr_ncp_20250304T0655103610_d_img_d18_x11520_y93440.png,0.2074,455.88,312.1,461.17,317.78
ch2_ohr_ncp_20250304T1050453845_d_img_d18_x00640_y84480.png,0.223,625.33,133.87,632.76,141.95
ch2_ohr_ncp_20250304T1050453845_d_img_d18_x00640_y90880.png,0.2151,328.22,275.13,333.85,281.74
ch2_ohr_ncp_20250304T1050453845_d_img_d18_x01280_y64000.png,0.2083,0.0,0.0,40.56,31.88
ch2_ohr_ncp_20250304T1050453845_d_img_d18_x01280_y70400.png,0.2869,630.53,82.05,639.76,91.46
ch2_ohr_ncp_20250304T1050453845_d_img_d18_x01920_y56960.png,0.2311,356.66,0.75,362.73,8.56
ch2_ohr_ncp_20250304T1050453845_d_img_d18_x01920_y91520.png,0.4871,2.02,67.2,12.6,77.14
ch2_ohr_ncp_20250304T1050453845_d_img_d18_x02560_y85120.png,0.3176,314.0,203.56,321.94,212.86
ch2_ohr_ncp_20250304T1050453845_d_img_d18_x02560_y85120.png,0.289,66.88,619.25,74.01,627.56
ch2_ohr_ncp_20250304T1050453845_d_img_d18_x02560_y90240.png,0.3145,214.15,229.63,276.99,305.92
ch2_ohr_ncp_20250304T1050453845_d_img_d18_x03840_y89600.png,0.317,73.17,577.02,134.95,633.53
ch2_ohr_ncp_20250304T1050453845_d_img_d18_x04480_y90240.png,0.2644,469.47,109.14,531.72,174.7
ch2_ohr_ncp_20250304T1050453845_d_img_d18_x04480_y90240.png,0.2103,318.32,626.34,326.42,639.5
ch2_ohr_ncp_20250304T1050453845_d_img_d18_x05120_y85760.png,0.2234,226.56,628.94,232.03,635.95
ch2_ohr_ncp_20250304T1050453845_d_img_d18_x05760_y92800.png,0.2374,303.94,473.45,313.43,484.72
ch2_ohr_ncp_20250304T1050453845_d_img_d18_x07040_y88320.png,0.3331,283.35,8.63,296.55,23.75
ch2_ohr_ncp_20250304T1050453845_d_img_d18_x08960_y96640.png,0.4649,105.3,347.7,113.6,352.95
ch2_ohr_ncp_20250304T1050453845_d_img_d18_x08960_y96640.png,0.3939,115.22,301.34,120.16,306.21
ch2_ohr_ncp_20250304T1050453845_d_img_d18_x08960_y96640.png,0.3885,230.18,287.01,237.56,292.7
ch2_ohr_ncp_20250304T1050453845_d_img_d18_x09600_y96640.png,0.3186,359.11,504.92,380.17,534.33
ch2_ohr_ncp_20250304T1050453845_d_img_d18_x09600_y96640.png,0.2938,355.85,503.51,377.72,530.29
ch2_ohr_ncp_20250304T1050453845_d_img_d18_x09600_y97280.png,0.406,378.15,425.97,383.56,431.15
ch2_ohr_ncp_20250304T1050453845_d_img_d18_x09600_y97920.png,0.2019,553.98,233.59,558.91,238.18
ch2_ohr_ncp_20250304T1050453845_d_img_d18_x10240_y92800.png,0.3175,22.87,632.04,33.28,639.76
ch2_ohr_ncp_20250304T1050453845_d_img_d18_x10240_y97920.png,0.548,120.04,304.54,127.06,310.3
ch2_ohr_ncp_20250304T1050453845_d_img_d18_x10240_y97920.png,0.3894,149.88,373.6,154.79,379.66
ch2_ohr_ncp_20250304T1050453845_d_img_d18_x10240_y97920.png,0.3206,83.44,258.02,88.8,263.63
ch2_ohr_ncp_20250304T1050453845_d_img_d18_x10240_y97920.png,0.3157,102.31,231.07,106.58,236.34
ch2_ohr_ncp_20250304T1050453845_d_img_d18_x10240_y97920.png,0.298,101.19,231.0,105.89,236.37
ch2_ohr_ncp_20250304T1050453845_d_img_d18_x10240_y97920.png,0.2801,141.42,351.05,146.62,355.65
ch2_ohr_ncp_20250304T1050453845_d_img_d18_x10240_y97920.png,0.2756,108.55,282.9,113.56,287.76
ch2_ohr_ncp_20250304T1050453845_d_img_d18_x10240_y97920.png,0.2185,608.18,558.22,618.54,566.73
ch2_ohr_ncp_20250304T1050453845_d_img_d18_x11520_y93440.png,0.2063,469.83,558.76,476.84,566.1
ch2_ohr_ncp_20250304T1050453845_d_img_d18_x11520_y94080.png,0.2964,229.24,459.4,242.4,470.7
ch2_ohr_ncp_20250304T1050453845_d_img_d18_x11520_y94080.png,0.2781,472.27,155.24,479.52,166.12
ch2_ohr_ncp_20250304T1050453845_d_img_d18_x11520_y94080.png,0.2385,357.57,300.65,366.98,309.06
ch2_ohr_ncp_20250304T1050453845_d_img_d18_x11520_y94080.png,0.2125,471.26,154.94,478.74,164.95
ch2_ohr_ncp_20250304T1050453845_d_img_d18_x11520_y94080.png,0.2091,154.33,373.35,163.2,381.51
ch2_ohr_ncp_20250304T1050453845_d_img_d18_x11520_y94080.png,0.2009,189.34,631.67,199.92,639.49
ch2_ohr_ncp_20250304T1050453845_d_img_d18_x11520_y94720.png,0.5163,374.36,50.22,396.62,69.82
ch2_ohr_ncp_20250304T1050453845_d_img_d18_x11520_y94720.png,0.426,240.96,381.44,251.13,391.72
ch2_ohr_ncp_20250304T1050453845_d_img_d18_x11520_y94720.png,0.3419,466.61,300.03,476.89,309.65
ch2_ohr_ncp_20250304T1050453845_d_img_d18_x11520_y94720.png,0.339,347.16,25.91,355.74,34.38
ch2_ohr_ncp_20250304T1050453845_d_img_d18_x11520_y94720.png,0.3192,284.81,286.33,294.65,295.0
ch2_ohr_ncp_20250304T1050453845_d_img_d18_x11520_y94720.png,0.2914,469.55,9.62,478.94,21.55
ch2_ohr_ncp_20250304T1050453845_d_img_d18_x11520_y94720.png,0.2437,472.38,86.33,479.82,99.14
ch2_ohr_ncp_20250304T1050453845_d_img_d18_x11520_y94720.png,0.2035,469.91,11.2,479.25,23.82
ch2_ohr_ncp_20250304T1050453845_d_img_d18_x11520_y94720.png,0.2009,473.25,88.97,479.52,99.4
ch2_ohr_ncp_20250304T1050453845_d_img_d18_x11520_y95360.png,0.5543,211.4,475.11,225.76,488.86
ch2_ohr_ncp_20250304T1050453845_d_img_d18_x11520_y95360.png,0.5289,434.7,541.11,446.79,552.1
ch2_ohr_ncp_20250304T1050453845_d_img_d18_x11520_y95360.png,0.4006,95.19,495.05,108.09,508.83
ch2_ohr_ncp_20250304T1050453845_d_img_d18_x11520_y95360.png,0.3647,373.17,300.31,381.53,309.9
ch2_ohr_ncp_20250304T1050453845_d_img_d18_x11520_y95360.png,0.2989,258.02,371.85,268.69,382.86
ch2_ohr_ncp_20250304T1050453845_d_img_d18_x11520_y95360.png,0.2726,342.91,281.0,353.81,292.01
ch2_ohr_ncp_20250304T1050453845_d_img_d18_x11520_y95360.png,0.253,342.26,281.35,352.11,290.7
ch2_ohr_ncp_20250304T1050453845_d_img_d18_x11520_y95360.png,0.2407,439.37,530.14,449.21,538.56
ch2_ohr_ncp_20250304T1050453845_d_img_d18_x11520_y96000.png,0.54,33.9,277.68,44.65,287.92
ch2_ohr_ncp_20250304T1050453845_d_img_d18_x11520_y96000.png,0.4958,285.46,533.09,297.03,543.33
ch2_ohr_ncp_20250304T1050453845_d_img_d18_x11520_y96000.png,0.4686,99.74,422.14,108.39,431.6
ch2_ohr_ncp_20250304T1050453845_d_img_d18_x11520_y96000.png,0.44,76.03,77.34,85.57,86.45
ch2_ohr_ncp_20250304T1050453845_d_img_d18_x11520_y96000.png,0.4011,111.92,284.47,120.19,293.45
ch2_ohr_ncp_20250304T1050453845_d_img_d18_x11520_y96000.png,0.385,214.8,273.69,224.05,285.06
ch2_ohr_ncp_20250304T1050453845_d_img_d18_x11520_y96000.png,0.3819,251.65,2.61,259.76,10.39
ch2_ohr_ncp_20250304T1050453845_d_img_d18_x11520_y96000.png,0.3717,344.72,354.09,355.01,364.78
ch2_ohr_ncp_20250304T1050453845_d_img_d18_x11520_y96000.png,0.3699,460.39,96.78,466.66,103.08
ch2_ohr_ncp_20250304T1050453845_d_img_d18_x11520_y96000.png,0.3443,469.5,190.93,479.38,204.96
ch2_ohr_ncp_20250304T1050453845_d_img_d18_x11520_y96000.png,0.3438,276.26,100.82,285.15,110.14
ch2_ohr_ncp_20250304T1050453845_d_img_d18_x11520_y96000.png,0.3323,204.6,182.95,215.33,192.8
ch2_ohr_ncp_20250304T1050453845_d_img_d18_x11520_y96000.png,0.309,444.58,553.23,453.86,561.42
ch2_ohr_ncp_20250304T1050453845_d_img_d18_x11520_y96000.png,0.3007,257.65,145.58,276.17,169.04
ch2_ohr_ncp_20250304T1050453845_d_img_d18_x11520_y96000.png,0.2819,98.87,323.16,112.31,334.84
ch2_ohr_ncp_20250304T1050453845_d_img_d18_x11520_y96000.png,0.2535,469.76,447.05,478.96,457.6
ch2_ohr_ncp_20250304T1050453845_d_img_d18_x11520_y96000.png,0.2525,98.37,324.26,108.2,334.98
ch2_ohr_ncp_20250304T1050453845_d_img_d18_x11520_y96000.png,0.2476,76.18,328.44,85.0,338.38
ch2_ohr_ncp_20250304T1050453845_d_img_d18_x11520_y96000.png,0.2472,307.32,0.31,316.0,6.03
ch2_ohr_ncp_20250304T1050453845_d_img_d18_x11520_y96000.png,0.2128,251.76,0.97,262.45,9.94
ch2_ohr_ncp_20250304T1050453845_d_img_d18_x11520_y96640.png,0.5564,437.87,557.79,446.32,566.87
ch2_ohr_ncp_20250304T1050453845_d_img_d18_x11520_y96640.png,0.4567,420.21,101.39,427.71,108.85
ch2_ohr_ncp_20250304T1050453845_d_img_d18_x11520_y96640.png,0.4359,462.89,62.82,471.95,70.9
ch2_ohr_ncp_20250304T1050453845_d_img_d18_x11520_y96640.png,0.4238,177.14,133.37,186.77,143.34
ch2_ohr_ncp_20250304T1050453845_d_img_d18_x11520_y96640.png,0.3054,70.64,0.43,78.76,6.31
ch2_ohr_ncp_20250304T1050453845_d_img_d18_x11520_y96640.png,0.3007,410.65,79.72,418.95,87.72
ch2_ohr_ncp_20250304T1050453845_d_img_d18_x11520_y96640.png,0.2997,278.37,76.84,293.01,88.69
ch2_ohr_ncp_20250304T1050453845_d_img_d18_x11520_y96640.png,0.2856,372.06,67.6,381.66,76.71
ch2_ohr_ncp_20250304T1050453845_d_img_d18_x11520_y96640.png,0.2468,461.5,106.86,469.45,114.05
ch2_ohr_ncp_20250304T1050453845_d_img_d18_x11520_y96640.png,0.2432,404.99,421.22,410.78,428.95
ch2_ohr_ncp_20250304T1050453845_d_img_d18_x11520_y96640.png,0.2297,460.52,350.21,478.22,365.66
ch2_ohr_ncp_20250304T1050453845_d_img_d18_x11520_y96640.png,0.2224,473.37,630.15,479.51,637.57
ch2_ohr_ncp_20250304T1050453845_d_img_d18_x11520_y97280.png,0.5917,26.19,607.71,41.44,623.69
ch2_ohr_ncp_20250304T1050453845_d_img_d18_x11520_y97280.png,0.4695,57.78,562.88,65.56,572.76
ch2_ohr_ncp_20250304T1050453845_d_img_d18_x11520_y97280.png,0.4312,278.92,258.81,295.66,271.78
ch2_ohr_ncp_20250304T1050453845_d_img_d18_x11520_y97280.png,0.4018,459.44,1.0,478.94,19.66
ch2_ohr_ncp_20250304T1050453845_d_img_d18_x11520_y97280.png,0.3948,105.2,476.92,115.71,487.32
ch2_ohr_ncp_20250304T1050453845_d_img_d18_x11520_y97280.png,0.3638,439.01,404.18,448.41,412.9
ch2_ohr_ncp_20250304T1050453845_d_img_d18_x11520_y97280.png,0.3036,1.64,417.05,11.63,429.16
ch2_ohr_ncp_20250304T1050453845_d_img_d18_x11520_y97280.png,0.3031,433.99,611.39,444.24,622.1
ch2_ohr_ncp_20250304T1050453845_d_img_d18_x11520_y97280.png,0.2895,50.33,399.35,59.35,410.75
ch2_ohr_ncp_20250304T1050453845_d_img_d18_x11520_y97280.png,0.2617,361.4,543.58,382.99,566.67
ch2_ohr_ncp_20250304T1050453845_d_img_d18_x11520_y97280.png,0.2597,101.01,168.11,110.12,178.61
ch2_ohr_ncp_20250304T1050453845_d_img_d18_x11520_y97280.png,0.2502,61.1,269.25,73.32,282.09
ch2_ohr_ncp_20250304T1050453845_d_img_d18_x11520_y97280.png,0.2374,186.38,383.45,206.91,399.26
ch2_ohr_ncp_20250304T1050453845_d_img_d18_x11520_y97280.png,0.2137,118.16,471.96,128.86,481.13
ch2_ohr_ncp_20250304T1050453845_d_img_d18_x11520_y98560.png,0.3727,0.59,406.37,7.96,414.33
ch2_ohr_ncp_20250304T1050453845_d_img_d18_x11520_y98560.png,0.3221,470.34,622.53,479.11,632.68
ch2_ohr_ncp_20250304T1050453845_d_img_d18_x11520_y98560.png,0.2003,8.78,127.27,18.32,136.95
ch2_ohr_ncp_20250304T1050453845_d_img_d18_x11520_y99200.png,0.6477,338.2,394.74,350.41,413.51
ch2_ohr_ncp_20250304T1050453845_d_img_d18_x11520_y99200.png,0.3695,299.81,622.52,306.79,628.45
ch2_ohr_ncp_20250304T1050453845_d_img_d18_x11520_y99200.png,0.3666,383.91,375.67,394.27,384.03
ch2_ohr_ncp_20250304T1050453845_d_img_d18_x11520_y99200.png,0.2624,401.87,64.1,409.71,72.33
ch2_ohr_ncp_20250304T1050453845_d_img_d18_x11520_y99840.png,0.4153,128.67,113.48,135.23,119.77
ch2_ohr_ncp_20250304T1050453845_d_img_d18_x11520_y99840.png,0.2499,341.05,193.94,347.51,199.86
ch2_ohr_ncp_20250304T1249251285_d_img_d18_x00000_y66560.png,0.2347,472.5,629.19,478.69,637.17
ch2_ohr_ncp_20250304T1249251285_d_img_d18_x00640_y69120.png,0.3116,565.59,478.64,573.26,489.16
ch2_ohr_ncp_20250304T1249251285_d_img_d18_x00640_y69120.png,0.2338,277.26,53.4,282.16,59.73
ch2_ohr_ncp_20250304T1249251285_d_img_d18_x00640_y69120.png,0.233,108.52,252.93,118.8,267.27
ch2_ohr_ncp_20250304T1249251285_d_img_d18_x00640_y83200.png,0.4592,630.33,399.32,638.34,411.72
ch2_ohr_ncp_20250304T1249251285_d_img_d18_x01280_y65280.png,0.2173,629.83,468.45,639.35,479.42
ch2_ohr_ncp_20250304T1249251285_d_img_d18_x01280_y83840.png,0.2052,611.38,131.55,638.58,166.84
ch2_ohr_ncp_20250304T1249251285_d_img_d18_x01280_y88960.png,0.2015,76.26,328.38,110.5,382.22
ch2_ohr_ncp_20250304T1249251285_d_img_d18_x01280_y90240.png,0.2174,1.87,0.59,23.91,47.02
ch2_ohr_ncp_20250304T1249251285_d_img_d18_x01280_y91520.png,0.248,160.65,139.63,202.87,186.61
ch2_ohr_ncp_20250304T1249251285_d_img_d18_x01280_y92160.png,0.2661,556.62,443.94,561.08,449.02
ch2_ohr_ncp_20250304T1249251285_d_img_d18_x01280_y92160.png,0.2481,167.25,19.89,173.03,25.67
ch2_ohr_ncp_20250304T1249251285_d_img_d18_x01280_y92160.png,0.2036,556.04,444.2,560.26,448.95
ch2_ohr_ncp_20250304T1249251285_d_img_d18_x01920_y89600.png,0.2922,491.94,492.85,561.23,539.58
ch2_ohr_ncp_20250304T1249251285_d_img_d18_x01920_y89600.png,0.2382,225.05,600.56,243.51,631.83
ch2_ohr_ncp_20250304T1249251285_d_img_d18_x02560_y55040.png,0.2098,626.48,50.91,634.36,63.52
ch2_ohr_ncp_20250304T1249251285_d_img_d18_x02560_y84480.png,0.28,494.79,427.4,503.94,443.29
ch2_ohr_ncp_20250304T1249251285_d_img_d18_x02560_y84480.png,0.2267,85.51,434.02,93.44,444.45
ch2_ohr_ncp_20250304T1249251285_d_img_d18_x02560_y84480.png,0.2208,363.57,436.57,370.78,445.39
ch2_ohr_ncp_20250304T1249251285_d_img_d18_x02560_y84480.png,0.206,394.43,412.45,400.63,418.44
ch2_ohr_ncp_20250304T1249251285_d_img_d18_x02560_y92160.png,0.3347,14.92,9.38,27.67,49.46
ch2_ohr_ncp_20250304T1249251285_d_img_d18_x02560_y92800.png,0.3761,364.23,287.26,371.24,293.91
ch2_ohr_ncp_20250304T1249251285_d_img_d18_x03200_y84480.png,0.2189,228.5,30.17,234.93,37.96
ch2_ohr_ncp_20250304T1249251285_d_img_d18_x03200_y85120.png,0.2045,517.19,333.24,591.31,413.23
ch2_ohr_ncp_20250304T1249251285_d_img_d18_x03200_y89600.png,0.2231,276.88,307.63,291.71,349.3
ch2_ohr_ncp_20250304T1249251285_d_img_d18_x03200_y93440.png,0.3645,612.95,248.54,620.26,254.77
ch2_ohr_ncp_20250304T1249251285_d_img_d18_x03200_y93440.png,0.3296,9.89,182.29,16.77,187.46
ch2_ohr_ncp_20250304T1249251285_d_img_d18_x03200_y93440.png,0.2157,526.34,565.07,532.48,570.39
ch2_ohr_ncp_20250304T1249251285_d_img_d18_x03840_y85120.png,0.2609,146.42,0.5,153.65,7.56
ch2_ohr_ncp_20250304T1249251285_d_img_d18_x03840_y85760.png,0.2345,195.78,507.17,203.97,516.81
ch2_ohr_ncp_20250304T1249251285_d_img_d18_x03840_y90880.png,0.2009,0.0,230.89,10.91,263.7
ch2_ohr_ncp_20250304T1249251285_d_img_d18_x03840_y92800.png,0.2578,0.22,265.06,17.58,290.07
ch2_ohr_ncp_20250304T1249251285_d_img_d18_x05120_y86400.png,0.2088,525.06,85.2,531.58,91.56
ch2_ohr_ncp_20250304T1249251285_d_img_d18_x05120_y86400.png,0.2039,544.07,15.03,550.94,23.85
ch2_ohr_ncp_20250304T1249251285_d_img_d18_x05120_y94080.png,0.337,544.92,0.92,557.6,6.2
ch2_ohr_ncp_20250304T1249251285_d_img_d18_x05120_y95360.png,0.3468,360.08,11.84,365.68,17.58
ch2_ohr_ncp_20250304T1249251285_d_img_d18_x05760_y53760.png,0.4064,345.85,624.2,358.67,639.29
ch2_ohr_ncp_20250304T1249251285_d_img_d18_x05760_y53760.png,0.308,171.75,126.04,200.34,160.2
ch2_ohr_ncp_20250304T1249251285_d_img_d18_x05760_y53760.png,0.2425,562.61,411.9,594.87,442.85
ch2_ohr_ncp_20250304T1249251285_d_img_d18_x05760_y53760.png,0.2277,508.81,357.86,530.89,384.29
ch2_ohr_ncp_20250304T1249251285_d_img_d18_x05760_y53760.png,0.2147,332.0,627.01,339.48,637.31
ch2_ohr_ncp_20250304T1249251285_d_img_d18_x05760_y53760.png,0.2093,567.75,124.91,588.98,148.78
ch2_ohr_ncp_20250304T1249251285_d_img_d18_x05760_y86400.png,0.2283,631.63,622.1,639.13,631.18
ch2_ohr_ncp_20250304T1249251285_d_img_d18_x05760_y87040.png,0.3793,18.0,632.59,26.98,639.46
ch2_ohr_ncp_20250304T1249251285_d_img_d18_x05760_y96000.png,0.3037,385.7,194.93,390.51,199.67
ch2_ohr_ncp_20250304T1249251285_d_img_d18_x05760_y96000.png,0.2412,628.68,448.77,635.52,454.96
ch2_ohr_ncp_20250304T1249251285_d_img_d18_x07040_y93440.png,0.2194,1.06,397.73,10.45,420.54
ch2_ohr_ncp_20250304T1249251285_d_img_d18_x07680_y89600.png,0.2601,625.74,553.29,635.74,566.13
ch2_ohr_ncp_20250304T1249251285_d_img_d18_x07680_y90240.png,0.3376,27.56,631.19,34.97,639.19
ch2_ohr_ncp_20250304T1249251285_d_img_d18_x07680_y90240.png,0.2401,27.08,630.12,36.09,638.3
ch2_ohr_ncp_20250304T1249251285_d_img_d18_x07680_y97280.png,0.2884,467.54,212.73,475.95,221.64
ch2_ohr_ncp_20250304T1249251285_d_img_d18_x07680_y97920.png,0.7085,277.56,158.6,288.74,167.47
ch2_ohr_ncp_20250304T1249251285_d_img_d18_x07680_y97920.png,0.5246,290.08,95.92,295.95,102.05
ch2_ohr_ncp_20250304T1249251285_d_img_d18_x07680_y97920.png,0.4857,406.03,63.98,414.89,71.22
ch2_ohr_ncp_20250304T1249251285_d_img_d18_x07680_y97920.png,0.3673,413.25,208.58,417.5,213.87
ch2_ohr_ncp_20250304T1249251285_d_img_d18_x07680_y97920.png,0.3665,262.11,203.35,268.43,210.97
ch2_ohr_ncp_20250304T1249251285_d_img_d18_x07680_y97920.png,0.3391,158.49,59.51,166.0,65.22
ch2_ohr_ncp_20250304T1249251285_d_img_d18_x07680_y97920.png,0.2704,316.03,213.63,321.85,219.67
ch2_ohr_ncp_20250304T1249251285_d_img_d18_x07680_y97920.png,0.2648,288.52,139.67,293.78,144.99
ch2_ohr_ncp_20250304T1249251285_d_img_d18_x07680_y97920.png,0.207,412.91,208.05,417.22,212.97
ch2_ohr_ncp_20250304T1249251285_d_img_d18_x08320_y98560.png,0.6121,540.08,336.19,546.03,342.3
ch2_ohr_ncp_20250304T1249251285_d_img_d18_x08320_y98560.png,0.3011,551.39,347.13,555.91,351.26
ch2_ohr_ncp_20250304T1249251285_d_img_d18_x08320_y98560.png,0.3001,539.56,336.87,545.23,342.44
ch2_ohr_ncp_20250304T1249251285_d_img_d18_x08320_y98560.png,0.2361,496.67,377.53,502.11,382.87
ch2_ohr_ncp_20250304T1249251285_d_img_d18_x08320_y98560.png,0.2293,471.49,196.18,477.42,202.3
ch2_ohr_ncp_20250304T1249251285_d_img_d18_x08320_y98560.png,0.2099,533.08,515.25,539.33,520.79
ch2_ohr_ncp_20250304T1249251285_d_img_d18_x08320_y98560.png,0.2064,510.86,372.08,515.63,377.5
ch2_ohr_ncp_20250304T1249251285_d_img_d18_x08960_y99200.png,0.5578,272.91,280.22,280.69,287.27
ch2_ohr_ncp_20250304T1249251285_d_img_d18_x08960_y99200.png,0.5006,562.84,210.65,568.74,218.49
ch2_ohr_ncp_20250304T1249251285_d_img_d18_x08960_y99200.png,0.4488,68.05,218.75,74.27,224.38
ch2_ohr_ncp_20250304T1249251285_d_img_d18_x08960_y99200.png,0.4394,301.69,368.08,307.41,375.89
ch2_ohr_ncp_20250304T1249251285_d_img_d18_x08960_y99200.png,0.4377,294.24,340.13,299.87,345.53
ch2_ohr_ncp_20250304T1249251285_d_img_d18_x08960_y99200.png,0.4031,532.3,144.83,536.83,150.45
ch2_ohr_ncp_20250304T1249251285_d_img_d18_x08960_y99200.png,0.3679,262.56,254.03,267.87,259.72
ch2_ohr_ncp_20250304T1249251285_d_img_d18_x08960_y99200.png,0.3542,256.36,190.69,261.47,195.94
ch2_ohr_ncp_20250304T1249251285_d_img_d18_x08960_y99200.png,0.3118,393.3,160.16,399.05,166.02
ch2_ohr_ncp_20250304T1249251285_d_img_d18_x08960_y99200.png,0.3079,345.71,249.31,350.29,254.23
ch2_ohr_ncp_20250304T1249251285_d_img_d18_x08960_y99200.png,0.3065,379.27,248.24,383.96,253.01
ch2_ohr_ncp_20250304T1249251285_d_img_d18_x08960_y99200.png,0.2826,409.15,215.09,414.15,219.43
ch2_ohr_ncp_20250304T1249251285_d_img_d18_x08960_y99200.png,0.2755,552.64,609.05,558.36,614.49
ch2_ohr_ncp_20250304T1249251285_d_img_d18_x08960_y99200.png,0.2654,237.1,227.73,242.71,233.67
ch2_ohr_ncp_20250304T1249251285_d_img_d18_x08960_y99200.png,0.2645,528.65,164.57,533.66,168.82
ch2_ohr_ncp_20250304T1249251285_d_img_d18_x08960_y99200.png,0.2394,153.92,251.67,159.51,257.31
ch2_ohr_ncp_20250304T1249251285_d_img_d18_x08960_y99200.png,0.2365,142.6,461.21,147.9,468.15
ch2_ohr_ncp_20250304T1249251285_d_img_d18_x08960_y99200.png,0.2352,150.2,418.64,156.79,425.75
ch2_ohr_ncp_20250304T1249251285_d_img_d18_x08960_y99200.png,0.2309,325.63,229.82,330.97,234.69
ch2_ohr_ncp_20250304T1249251285_d_img_d18_x08960_y99200.png,0.2261,160.91,377.08,166.13,382.48
ch2_ohr_ncp_20250304T1249251285_d_img_d18_x08960_y99200.png,0.22,548.2,152.12,553.58,157.26
ch2_ohr_ncp_20250304T1249251285_d_img_d18_x08960_y99200.png,0.2179,238.05,227.2,243.63,233.33
ch2_ohr_ncp_20250304T1249251285_d_img_d18_x08960_y99200.png,0.2164,334.15,190.43,338.52,195.93
ch2_ohr_ncp_20250304T1249251285_d_img_d18_x08960_y99200.png,0.2151,541.53,134.87,546.01,138.79
ch2_ohr_ncp_20250304T1249251285_d_img_d18_x08960_y99200.png,0.2063,257.04,191.26,261.6,195.57
ch2_ohr_ncp_20250304T1249251285_d_img_d18_x09600_y100480.png,0.3134,634.14,307.08,638.5,312.72
ch2_ohr_ncp_20250304T1249251285_d_img_d18_x09600_y90880.png,0.3663,289.19,313.96,296.32,325.15
ch2_ohr_ncp_20250304T1249251285_d_img_d18_x09600_y90880.png,0.346,237.11,631.38,247.8,640.0
ch2_ohr_ncp_20250304T1249251285_d_img_d18_x09600_y90880.png,0.3216,228.51,322.4,235.3,329.65
ch2_ohr_ncp_20250304T1249251285_d_img_d18_x09600_y90880.png,0.318,338.13,632.76,349.24,640.0
ch2_ohr_ncp_20250304T1249251285_d_img_d18_x09600_y90880.png,0.2982,283.76,293.5,289.51,299.65
ch2_ohr_ncp_20250304T1249251285_d_img_d18_x09600_y90880.png,0.2895,326.97,633.58,334.4,639.6
ch2_ohr_ncp_20250304T1249251285_d_img_d18_x09600_y90880.png,0.2387,363.85,619.88,372.38,630.28
ch2_ohr_ncp_20250304T1249251285_d_img_d18_x09600_y90880.png,0.2354,326.87,621.71,332.77,628.22
ch2_ohr_ncp_20250304T1249251285_d_img_d18_x09600_y90880.png,0.232,438.59,612.38,457.45,638.23
ch2_ohr_ncp_20250304T1249251285_d_img_d18_x09600_y90880.png,0.211,310.31,624.29,320.28,638.06
ch2_ohr_ncp_20250304T1249251285_d_img_d18_x09600_y90880.png,0.2078,266.57,349.83,273.94,358.42
ch2_ohr_ncp_20250304T1249251285_d_img_d18_x09600_y98560.png,0.32,405.3,350.81,440.37,423.69
ch2_ohr_ncp_20250304T1249251285_d_img_d18_x09600_y99200.png,0.269,151.9,215.3,173.32,274.29
ch2_ohr_ncp_20250304T1249251285_d_img_d18_x09600_y99840.png,0.3414,164.8,165.9,170.23,170.48
ch2_ohr_ncp_20250304T1249251285_d_img_d18_x09600_y99840.png,0.324,163.89,166.18,169.17,170.83
ch2_ohr_ncp_20250304T1249251285_d_img_d18_x09600_y99840.png,0.2422,35.88,168.63,40.08,173.36
ch2_ohr_ncp_20250304T1249251285_d_img_d18_x09600_y99840.png,0.2217,151.85,135.7,158.15,142.0
ch2_ohr_ncp_20250304T1249251285_d_img_d18_x10240_y100480.png,0.5029,468.96,509.56,484.79,541.7
ch2_ohr_ncp_20250304T1249251285_d_img_d18_x10240_y100480.png,0.3538,470.33,510.8,485.81,533.34
ch2_ohr_ncp_20250304T1249251285_d_img_d18_x10240_y100480.png,0.207,629.55,37.78,638.71,48.96
ch2_ohr_ncp_20250304T1249251285_d_img_d18_x10240_y99840.png,0.2532,609.83,174.16,621.72,187.15
ch2_ohr_ncp_20250304T1249251285_d_img_d18_x10880_y100480.png,0.5821,604.12,512.02,618.39,530.39
ch2_ohr_ncp_20250304T1249251285_d_img_d18_x10880_y100480.png,0.5683,411.2,346.76,420.78,360.15
ch2_ohr_ncp_20250304T1249251285_d_img_d18_x10880_y100480.png,0.53,156.33,286.66,163.79,294.78
ch2_ohr_ncp_20250304T1249251285_d_img_d18_x10880_y100480.png,0.5292,189.6,108.17,199.82,119.64
ch2_ohr_ncp_20250304T1249251285_d_img_d18_x10880_y100480.png,0.4538,363.35,555.94,375.25,572.53
ch2_ohr_ncp_20250304T1249251285_d_img_d18_x10880_y100480.png,0.4297,542.06,557.36,550.37,566.05
ch2_ohr_ncp_20250304T1249251285_d_img_d18_x10880_y100480.png,0.4217,17.61,2.25,27.3,12.64
ch2_ohr_ncp_20250304T1249251285_d_img_d18_x10880_y100480.png,0.3908,468.62,492.54,487.68,514.23
ch2_ohr_ncp_20250304T1249251285_d_img_d18_x10880_y100480.png,0.3802,378.32,315.24,386.04,324.43
ch2_ohr_ncp_20250304T1249251285_d_img_d18_x10880_y100480.png,0.3738,548.85,319.94,561.08,332.75
ch2_ohr_ncp_20250304T1249251285_d_img_d18_x10880_y100480.png,0.3548,391.87,191.37,401.12,200.8
ch2_ohr_ncp_20250304T1249251285_d_img_d18_x10880_y100480.png,0.3262,94.97,278.61,109.93,292.97
ch2_ohr_ncp_20250304T1249251285_d_img_d18_x10880_y100480.png,0.3103,444.02,360.21,451.33,367.5
ch2_ohr_ncp_20250304T1249251285_d_img_d18_x10880_y100480.png,0.2653,20.86,384.26,29.13,393.42
ch2_ohr_ncp_20250304T1249251285_d_img_d18_x10880_y100480.png,0.2339,91.76,212.13,99.81,220.31
ch2_ohr_ncp_20250304T1249251285_d_img_d18_x10880_y100480.png,0.2332,120.83,520.38,129.96,529.03
ch2_ohr_ncp_20250304T1249251285_d_img_d18_x10880_y100480.png,0.223,62.31,366.1,69.65,373.67
ch2_ohr_ncp_20250304T1249251285_d_img_d18_x10880_y100480.png,0.2121,47.65,171.35,55.6,179.29
ch2_ohr_ncp_20250304T1249251285_d_img_d18_x10880_y100480.png,0.207,549.99,184.4,558.79,196.13
ch2_ohr_ncp_20250304T1249251285_d_img_d18_x11520_y100480.png,0.4707,147.62,503.58,155.28,511.64
ch2_ohr_ncp_20250304T1249251285_d_img_d18_x11520_y100480.png,0.3315,450.93,298.32,459.17,307.45
ch2_ohr_ncp_20250304T1249251285_d_img_d18_x11520_y100480.png,0.2713,464.05,399.74,470.9,406.62
ch2_ohr_ncp_20250304T1249251285_d_img_d18_x11520_y100480.png,0.263,322.93,144.82,331.64,155.58
ch2_ohr_ncp_20250304T1249251285_d_img_d18_x11520_y100480.png,0.2484,238.12,279.01,253.04,293.41
ch2_ohr_ncp_20250304T1249251285_d_img_d18_x11520_y100480.png,0.2448,468.49,423.59,475.2,432.35
ch2_ohr_ncp_20250304T1249251285_d_img_d18_x11520_y100480.png,0.2443,457.94,0.23,480.21,22.71
ch2_ohr_ncp_20250304T1249251285_d_img_d18_x11520_y100480.png,0.2285,355.34,29.46,362.82,39.23
ch2_ohr_ncp_20250304T1249251285_d_img_d18_x11520_y100480.png,0.2117,298.99,227.55,305.72,235.98
ch2_ohr_ncp_20250304T1249251285_d_img_d18_x11520_y95360.png,0.2525,149.59,306.88,156.71,315.01
ch2_ohr_ncp_20250304T1249251285_d_img_d18_x11520_y95360.png,0.2273,52.01,629.71,63.09,639.14
ch2_ohr_ncp_20250304T1249251285_d_img_d18_x11520_y96000.png,0.4352,354.46,296.93,365.65,309.92
ch2_ohr_ncp_20250304T1249251285_d_img_d18_x11520_y96000.png,0.3447,53.21,0.0,66.34,5.77
ch2_ohr_ncp_20250304T1249251285_d_img_d18_x11520_y96000.png,0.3104,354.24,297.42,363.25,309.05
ch2_ohr_ncp_20250304T1249251285_d_img_d18_x11520_y96000.png,0.2593,472.35,111.83,478.91,118.84
ch2_ohr_ncp_20250304T1249251285_d_img_d18_x11520_y96000.png,0.2138,301.14,144.77,311.64,156.39
ch2_ohr_ncp_20250304T1249251285_d_img_d18_x11520_y96000.png,0.2127,409.45,437.44,415.81,444.44
ch2_ohr_ncp_20250304T1249251285_d_img_d18_x11520_y96640.png,0.3241,156.71,521.87,166.94,532.26
ch2_ohr_ncp_20250304T1249251285_d_img_d18_x11520_y96640.png,0.2004,259.35,613.06,265.81,620.04
ch2_ohr_ncp_20250304T1249251285_d_img_d18_x11520_y96640.png,0.2001,450.76,379.98,458.67,389.03
ch2_ohr_ncp_20250304T1249251285_d_img_d18_x11520_y97280.png,0.3785,452.83,249.66,460.29,258.13
ch2_ohr_ncp_20250304T1249251285_d_img_d18_x11520_y97280.png,0.3691,312.74,17.36,318.86,23.91
ch2_ohr_ncp_20250304T1249251285_d_img_d18_x11520_y97280.png,0.3019,276.53,84.63,282.4,91.26
ch2_ohr_ncp_20250304T1249251285_d_img_d18_x11520_y97280.png,0.2033,470.41,447.5,479.17,456.61
ch2_ohr_ncp_20250304T1249251285_d_img_d18_x11520_y97920.png,0.2418,311.23,360.04,319.23,370.0
ch2_ohr_ncp_20250304T1249251285_d_img_d18_x11520_y98560.png,0.5814,19.0,405.33,27.84,414.84
ch2_ohr_ncp_20250304T1249251285_d_img_d18_x11520_y98560.png,0.5648,386.4,413.54,400.26,425.02
ch2_ohr_ncp_20250304T1249251285_d_img_d18_x11520_y98560.png,0.4446,354.42,402.78,361.89,410.68
ch2_ohr_ncp_20250304T1249251285_d_img_d18_x11520_y98560.png,0.4216,364.55,431.24,374.27,439.61
ch2_ohr_ncp_20250304T1249251285_d_img_d18_x11520_y98560.png,0.3876,45.53,317.22,73.41,349.73
ch2_ohr_ncp_20250304T1249251285_d_img_d18_x11520_y98560.png,0.2832,275.78,599.47,282.19,606.39
ch2_ohr_ncp_20250304T1249251285_d_img_d18_x11520_y98560.png,0.231,402.17,429.84,410.75,438.48
ch2_ohr_ncp_20250304T1249251285_d_img_d18_x11520_y98560.png,0.2287,245.92,2.98,257.1,14.9
ch2_ohr_ncp_20250304T1249251285_d_img_d18_x11520_y98560.png,0.2156,172.25,43.4,179.45,51.35
ch2_ohr_ncp_20250304T1249251285_d_img_d18_x11520_y98560.png,0.2119,446.42,58.5,458.32,69.04
ch2_ohr_ncp_20250304T1249251285_d_img_d18_x11520_y98560.png,0.2048,411.49,24.88,419.61,31.9
ch2_ohr_ncp_20250304T1249251285_d_img_d18_x11520_y99200.png,0.5709,247.07,221.45,256.43,231.32
ch2_ohr_ncp_20250304T1249251285_d_img_d18_x11520_y99200.png,0.4073,290.91,333.33,302.99,347.05
ch2_ohr_ncp_20250304T1249251285_d_img_d18_x11520_y99200.png,0.3445,273.79,279.54,281.79,288.37
ch2_ohr_ncp_20250304T1249251285_d_img_d18_x11520_y99200.png,0.3192,251.83,52.37,260.72,61.58
ch2_ohr_ncp_20250304T1249251285_d_img_d18_x11520_y99200.png,0.3037,181.37,462.33,191.58,471.32
ch2_ohr_ncp_20250304T1249251285_d_img_d18_x11520_y99200.png,0.3028,470.26,564.05,479.65,576.61
ch2_ohr_ncp_20250304T1249251285_d_img_d18_x11520_y99200.png,0.3,164.52,413.81,172.36,422.04
ch2_ohr_ncp_20250304T1249251285_d_img_d18_x11520_y99200.png,0.2911,221.59,75.11,234.78,88.23
ch2_ohr_ncp_20250304T1249251285_d_img_d18_x11520_y99200.png,0.2895,236.36,87.37,242.85,94.67
ch2_ohr_ncp_20250304T1249251285_d_img_d18_x11520_y99200.png,0.206,291.78,616.17,300.52,624.38
ch2_ohr_ncp_20250304T1249251285_d_img_d18_x11520_y99840.png,0.2869,41.99,23.1,48.24,32.03
ch2_ohr_ncp_20250304T1249251285_d_img_d18_x11520_y99840.png,0.2582,339.69,470.09,345.11,476.04
ch2_ohr_ncp_20250304T1249251285_d_img_d18_x11520_y99840.png,0.2153,455.91,359.91,471.51,376.65
ch2_ohr_ncp_20250304T1249251285_d_img_d18_x11520_y99840.png,0.2128,474.6,632.74,479.63,638.93
ch2_ohr_ncp_20251007T0659402125_d_img_d18_x05120_y53760.png,0.209,220.89,31.25,227.51,38.26
ch2_ohr_ncp_20251007T0659402125_d_img_d18_x05760_y53120.png,0.2261,592.58,0.0,607.47,10.49
ch2_ohr_ncp_20251007T0659402125_d_img_d18_x05760_y53760.png,0.2888,619.02,632.3,631.0,640.0
ch2_ohr_ncp_20251007T0659402125_d_img_d18_x05760_y53760.png,0.2459,10.45,297.49,19.74,308.94
ch2_ohr_ncp_20251007T0659402125_d_img_d18_x05760_y53760.png,0.2166,167.53,620.68,173.69,627.36
ch2_ohr_ncp_20251007T0659402125_d_img_d18_x07040_y55680.png,0.306,626.42,39.15,633.81,47.05
ch2_ohr_ncp_20251007T0659402125_d_img_d18_x07040_y55680.png,0.2266,85.88,489.37,98.54,508.87
ch2_ohr_ncp_20251007T0659402125_d_img_d18_x07040_y56320.png,0.2908,411.5,43.39,419.44,52.89
ch2_ohr_ncp_20251007T0659402125_d_img_d18_x07040_y56320.png,0.2735,170.77,167.38,182.98,184.34
ch2_ohr_ncp_20251007T0659402125_d_img_d18_x07040_y56320.png,0.2165,299.54,173.4,306.65,182.03
ch2_ohr_ncp_20251007T0659402125_d_img_d18_x07680_y56320.png,0.4154,613.28,10.75,626.06,34.07
ch2_ohr_ncp_20251007T0659402125_d_img_d18_x07680_y56320.png,0.3783,266.73,155.18,274.34,167.08
ch2_ohr_ncp_20251007T0659402125_d_img_d18_x07680_y56320.png,0.3339,11.34,203.79,18.54,214.44
ch2_ohr_ncp_20251007T0659402125_d_img_d18_x07680_y56320.png,0.3321,503.49,151.3,513.87,163.03
ch2_ohr_ncp_20251007T0659402125_d_img_d18_x07680_y56320.png,0.312,77.57,99.12,97.44,124.47
ch2_ohr_ncp_20251007T0659402125_d_img_d18_x07680_y56320.png,0.3021,98.89,630.35,106.92,639.0
ch2_ohr_ncp_20251007T0659402125_d_img_d18_x07680_y56320.png,0.2969,594.2,619.3,600.92,629.16
ch2_ohr_ncp_20251007T0659402125_d_img_d18_x07680_y56320.png,0.2834,438.65,622.89,444.87,630.07
ch2_ohr_ncp_20251007T0659402125_d_img_d18_x07680_y56320.png,0.2705,366.09,59.94,374.74,69.4
ch2_ohr_ncp_20251007T0659402125_d_img_d18_x07680_y56320.png,0.2675,256.2,470.72,261.98,477.72
ch2_ohr_ncp_20251007T0659402125_d_img_d18_x07680_y56320.png,0.261,158.42,443.55,166.9,452.53
ch2_ohr_ncp_20251007T0659402125_d_img_d18_x07680_y56320.png,0.2497,409.14,288.61,415.34,295.11
ch2_ohr_ncp_20251007T0659402125_d_img_d18_x07680_y56320.png,0.226,145.26,437.3,153.36,447.06
ch2_ohr_ncp_20251007T0659402125_d_img_d18_x07680_y56320.png,0.2215,97.35,431.73,106.34,440.58
ch2_ohr_ncp_20251007T0659402125_d_img_d18_x07680_y56320.png,0.2191,450.06,151.69,457.65,160.49
ch2_ohr_ncp_20251007T0659402125_d_img_d18_x07680_y56320.png,0.2166,423.13,441.94,431.95,452.21
ch2_ohr_ncp_20251007T0659402125_d_img_d18_x07680_y56320.png,0.2165,178.1,593.52,186.35,605.24
ch2_ohr_ncp_20251007T0659402125_d_img_d18_x07680_y56320.png,0.2076,116.1,270.37,134.07,305.28
ch2_ohr_ncp_20251007T0659402125_d_img_d18_x07680_y56320.png,0.2022,403.5,153.32,410.28,160.55
ch2_ohr_ncp_20251007T0659402125_d_img_d18_x07680_y56320.png,0.2009,403.69,527.94,412.4,537.76
ch2_ohr_ncp_20251007T0659402125_d_img_d18_x07680_y56320.png,0.2003,401.23,41.66,407.49,49.77
ch2_ohr_ncp_20251007T0659402125_d_img_d18_x07680_y56320.png,0.2,500.83,23.85,514.83,41.0
ch2_ohr_ncp_20251007T0659402125_d_img_d18_x07680_y60800.png,0.2674,154.65,385.52,161.56,396.84
ch2_ohr_ncp_20251007T0659402125_d_img_d18_x08320_y49920.png,0.2263,309.05,633.7,317.56,639.68
ch2_ohr_ncp_20251007T0659402125_d_img_d18_x08320_y51200.png,0.2469,0.0,180.15,23.04,216.53
ch2_ohr_ncp_20251007T0659402125_d_img_d18_x08320_y55680.png,0.3428,498.95,616.99,512.44,635.23
ch2_ohr_ncp_20251007T0659402125_d_img_d18_x08320_y56960.png,0.2535,341.0,500.95,364.54,544.62
ch2_ohr_ncp_20251007T0659402125_d_img_d18_x08320_y56960.png,0.2419,619.28,280.53,625.44,287.46
ch2_ohr_ncp_20251007T0659402125_d_img_d18_x08320_y56960.png,0.2278,379.38,608.6,400.28,638.82
ch2_ohr_ncp_20251007T0659402125_d_img_d18_x08320_y60160.png,0.2453,138.81,43.26,146.63,52.72
ch2_ohr_ncp_20251007T0659402125_d_img_d18_x08320_y60800.png,0.2032,619.73,589.94,626.72,598.95
ch2_ohr_ncp_20251007T0659402125_d_img_d18_x08320_y62080.png,0.2591,306.57,632.75,314.61,639.89
ch2_ohr_ncp_20251007T0659402125_d_img_d18_x08960_y51200.png,0.2157,617.98,546.06,634.75,573.89
ch2_ohr_ncp_20251007T0659402125_d_img_d18_x08960_y51840.png,0.3173,566.25,293.29,582.86,315.79
ch2_ohr_ncp_20251007T0659402125_d_img_d18_x08960_y51840.png,0.2535,574.63,48.66,602.14,74.47
ch2_ohr_ncp_20251007T0659402125_d_img_d18_x08960_y51840.png,0.2524,621.51,99.82,633.93,112.66
ch2_ohr_ncp_20251007T0659402125_d_img_d18_x08960_y51840.png,0.2161,280.98,185.14,289.62,196.73
ch2_ohr_ncp_20251007T0659402125_d_img_d18_x08960_y52480.png,0.3207,68.3,0.17,76.07,5.22
ch2_ohr_ncp_20251007T0659402125_d_img_d18_x08960_y52480.png,0.2549,22.17,327.59,31.91,339.72
ch2_ohr_ncp_20251007T0659402125_d_img_d18_x08960_y53760.png,0.2286,630.32,469.48,639.59,487.13
ch2_ohr_ncp_20251007T0659402125_d_img_d18_x08960_y53760.png,0.2124,561.48,367.21,598.97,444.09
ch2_ohr_ncp_20251007T0659402125_d_img_d18_x08960_y55680.png,0.2941,506.06,16.12,512.51,23.99
ch2_ohr_ncp_20251007T0659402125_d_img_d18_x08960_y55680.png,0.2424,423.34,0.0,432.17,11.13
ch2_ohr_ncp_20251007T0659402125_d_img_d18_x08960_y55680.png,0.2288,489.86,48.77,496.14,56.38
ch2_ohr_ncp_20251007T0659402125_d_img_d18_x08960_y55680.png,0.228,135.76,566.08,144.4,576.89
ch2_ohr_ncp_20251007T0659402125_d_img_d18_x08960_y55680.png,0.2092,535.93,7.87,546.88,21.22
ch2_ohr_ncp_20251007T0659402125_d_img_d18_x08960_y55680.png,0.2007,139.43,208.56,149.34,222.06
ch2_ohr_ncp_20251007T0659402125_d_img_d18_x08960_y56320.png,0.2618,627.14,265.24,634.31,273.04
ch2_ohr_ncp_20251007T0659402125_d_img_d18_x08960_y56320.png,0.2336,379.45,441.95,386.8,451.73
ch2_ohr_ncp_20251007T0659402125_d_img_d18_x08960_y56320.png,0.2099,27.81,97.93,34.33,106.08
ch2_ohr_ncp_20251007T0659402125_d_img_d18_x08960_y56960.png,0.3488,361.3,543.73,367.95,551.02
ch2_ohr_ncp_20251007T0659402125_d_img_d18_x08960_y56960.png,0.3317,176.24,9.61,185.84,21.42
ch2_ohr_ncp_20251007T0659402125_d_img_d18_x08960_y56960.png,0.3018,517.81,515.5,529.51,534.71
ch2_ohr_ncp_20251007T0659402125_d_img_d18_x08960_y56960.png,0.2866,516.24,158.55,534.19,187.87
ch2_ohr_ncp_20251007T0659402125_d_img_d18_x08960_y56960.png,0.268,250.16,255.64,258.32,267.61
ch2_ohr_ncp_20251007T0659402125_d_img_d18_x08960_y56960.png,0.2678,107.62,543.75,113.84,550.94
ch2_ohr_ncp_20251007T0659402125_d_img_d18_x08960_y56960.png,0.2608,486.88,526.32,504.15,551.66
ch2_ohr_ncp_20251007T0659402125_d_img_d18_x08960_y56960.png,0.2591,198.32,32.34,208.11,45.94
ch2_ohr_ncp_20251007T0659402125_d_img_d18_x08960_y56960.png,0.2407,483.7,228.43,490.61,238.79
ch2_ohr_ncp_20251007T0659402125_d_img_d18_x08960_y56960.png,0.2363,259.76,45.83,266.66,54.33
ch2_ohr_ncp_20251007T0659402125_d_img_d18_x08960_y56960.png,0.2355,27.45,403.39,33.43,411.57
ch2_ohr_ncp_20251007T0659402125_d_img_d18_x08960_y56960.png,0.2314,424.28,598.65,432.9,610.38
ch2_ohr_ncp_20251007T0659402125_d_img_d18_x08960_y56960.png,0.2313,441.99,415.9,450.06,424.59
ch2_ohr_ncp_20251007T0659402125_d_img_d18_x08960_y56960.png,0.2297,47.3,397.7,55.24,407.69
ch2_ohr_ncp_20251007T0659402125_d_img_d18_x08960_y56960.png,0.2271,306.0,25.87,311.79,32.58
ch2_ohr_ncp_20251007T0659402125_d_img_d18_x08960_y56960.png,0.2146,215.87,53.27,234.0,77.86
ch2_ohr_ncp_20251007T0659402125_d_img_d18_x08960_y56960.png,0.2131,348.16,0.12,359.87,18.71
ch2_ohr_ncp_20251007T0659402125_d_img_d18_x08960_y56960.png,0.213,75.36,305.87,81.84,314.26
ch2_ohr_ncp_20251007T0659402125_d_img_d18_x08960_y56960.png,0.2125,357.68,529.41,363.7,535.4
ch2_ohr_ncp_20251007T0659402125_d_img_d18_x08960_y56960.png,0.2079,467.87,282.03,474.08,289.47
ch2_ohr_ncp_20251007T0659402125_d_img_d18_x08960_y56960.png,0.2074,373.99,429.6,385.07,444.5
ch2_ohr_ncp_20251007T0659402125_d_img_d18_x08960_y56960.png,0.2074,41.76,255.18,50.71,265.49
ch2_ohr_ncp_20251007T0659402125_d_img_d18_x08960_y56960.png,0.2067,434.54,25.76,443.15,36.02
ch2_ohr_ncp_20251007T0659402125_d_img_d18_x08960_y56960.png,0.2021,609.56,155.71,615.09,163.53
ch2_ohr_ncp_20251007T0659402125_d_img_d18_x08960_y56960.png,0.2013,433.65,582.02,441.25,591.5
ch2_ohr_ncp_20251007T0659402125_d_img_d18_x08960_y57600.png,0.3486,219.14,624.69,228.14,637.24
ch2_ohr_ncp_20251007T0659402125_d_img_d18_x08960_y57600.png,0.302,209.91,472.06,221.6,489.56
ch2_ohr_ncp_20251007T0659402125_d_img_d18_x08960_y57600.png,0.2597,415.3,526.62,432.35,555.72
ch2_ohr_ncp_20251007T0659402125_d_img_d18_x08960_y57600.png,0.2197,225.46,386.88,231.98,395.4
ch2_ohr_ncp_20251007T0659402125_d_img_d18_x08960_y57600.png,0.2065,447.4,373.45,456.77,389.53
ch2_ohr_ncp_20251007T0659402125_d_img_d18_x08960_y57600.png,0.2033,302.0,445.31,314.33,462.52
ch2_ohr_ncp_20251007T0659402125_d_img_d18_x08960_y59520.png,0.3069,377.77,256.95,384.2,264.88
ch2_ohr_ncp_20251007T0659402125_d_img_d18_x08960_y59520.png,0.2898,510.95,629.13,520.84,639.22
ch2_ohr_ncp_20251007T0659402125_d_img_d18_x08960_y59520.png,0.2115,250.56,544.92,257.8,553.85
ch2_ohr_ncp_20251007T0659402125_d_img_d18_x08960_y60160.png,0.2517,409.58,536.77,416.78,544.87
ch2_ohr_ncp_20251007T0659402125_d_img_d18_x08960_y60160.png,0.2407,282.47,459.48,325.66,528.83
ch2_ohr_ncp_20251007T0659402125_d_img_d18_x08960_y61440.png,0.2212,0.0,565.65,16.03,603.77
ch2_ohr_ncp_20251007T0659402125_d_img_d18_x08960_y64000.png,0.2587,409.64,81.59,430.48,113.52
ch2_ohr_ncp_20251007T0659402125_d_img_d18_x09600_y55680.png,0.3571,0.42,487.49,9.06,499.52
ch2_ohr_ncp_20251007T0659402125_d_img_d18_x09600_y55680.png,0.2596,565.34,118.53,571.39,125.44
ch2_ohr_ncp_20251007T0659402125_d_img_d18_x09600_y55680.png,0.2423,477.5,386.02,486.37,397.76
ch2_ohr_ncp_20251007T0659402125_d_img_d18_x09600_y55680.png,0.2399,379.85,471.74,385.71,478.57
ch2_ohr_ncp_20251007T0659402125_d_img_d18_x09600_y55680.png,0.2346,392.79,43.12,401.14,52.39
ch2_ohr_ncp_20251007T0659402125_d_img_d18_x09600_y55680.png,0.2328,117.54,129.32,123.2,135.84
ch2_ohr_ncp_20251007T0659402125_d_img_d18_x09600_y55680.png,0.2224,465.75,87.28,472.64,94.77
ch2_ohr_ncp_20251007T0659402125_d_img_d18_x09600_y55680.png,0.2192,578.8,419.48,602.2,448.59
ch2_ohr_ncp_20251007T0659402125_d_img_d18_x09600_y55680.png,0.2153,27.4,474.78,37.37,490.7
ch2_ohr_ncp_20251007T0659402125_d_img_d18_x09600_y55680.png,0.2108,481.6,632.69,490.99,640.0
ch2_ohr_ncp_20251007T0659402125_d_img_d18_x09600_y55680.png,0.2081,508.86,77.58,524.46,111.46
ch2_ohr_ncp_20251007T0659402125_d_img_d18_x09600_y56320.png,0.4254,573.01,615.77,591.49,640.0
ch2_ohr_ncp_20251007T0659402125_d_img_d18_x09600_y56320.png,0.3543,336.17,160.71,344.4,173.7
ch2_ohr_ncp_20251007T0659402125_d_img_d18_x09600_y56320.png,0.3391,188.22,343.56,200.08,360.92
ch2_ohr_ncp_20251007T0659402125_d_img_d18_x09600_y56320.png,0.2964,339.6,195.69,346.36,205.11
ch2_ohr_ncp_20251007T0659402125_d_img_d18_x09600_y56320.png,0.2444,295.74,176.02,305.51,193.86
ch2_ohr_ncp_20251007T0659402125_d_img_d18_x09600_y56320.png,0.2414,185.84,327.28,193.01,336.61
ch2_ohr_ncp_20251007T0659402125_d_img_d18_x09600_y56320.png,0.2297,539.69,629.14,558.01,640.0
ch2_ohr_ncp_20251007T0659402125_d_img_d18_x09600_y56320.png,0.2277,3.84,19.97,10.8,28.18
ch2_ohr_ncp_20251007T0659402125_d_img_d18_x09600_y56320.png,0.2252,515.51,544.7,526.24,559.03
ch2_ohr_ncp_20251007T0659402125_d_img_d18_x09600_y56320.png,0.2215,168.7,517.98,181.15,536.91
ch2_ohr_ncp_20251007T0659402125_d_img_d18_x09600_y56320.png,0.2108,612.11,82.78,627.8,104.67
ch2_ohr_ncp_20251007T0659402125_d_img_d18_x09600_y56320.png,0.2054,337.6,408.39,352.5,431.87
ch2_ohr_ncp_20251007T0659402125_d_img_d18_x09600_y56320.png,0.2051,323.14,205.67,329.65,213.2
ch2_ohr_ncp_20251007T0659402125_d_img_d18_x09600_y56320.png,0.2024,499.93,168.36,510.21,180.28
ch2_ohr_ncp_20251007T0659402125_d_img_d18_x09600_y56960.png,0.327,538.07,631.52,544.89,639.55
ch2_ohr_ncp_20251007T0659402125_d_img_d18_x09600_y56960.png,0.2238,415.84,80.18,433.1,102.91
ch2_ohr_ncp_20251007T0659402125_d_img_d18_x09600_y56960.png,0.2186,210.9,144.42,217.27,150.97
ch2_ohr_ncp_20251007T0659402125_d_img_d18_x09600_y57600.png,0.3524,75.15,17.69,97.87,62.49
ch2_ohr_ncp_20251007T0659402125_d_img_d18_x09600_y57600.png,0.264,275.47,294.59,290.11,316.52
ch2_ohr_ncp_20251007T0659402125_d_img_d18_x09600_y57600.png,0.2632,90.0,369.72,97.33,379.0
ch2_ohr_ncp_20251007T0659402125_d_img_d18_x09600_y57600.png,0.2069,540.55,571.54,560.42,606.93
ch2_ohr_ncp_20251007T0659402125_d_img_d18_x09600_y57600.png,0.2048,196.58,565.64,202.65,573.7
ch2_ohr_ncp_20251007T0659402125_d_img_d18_x09600_y57600.png,0.2034,546.27,206.53,559.67,227.13
ch2_ohr_ncp_20251007T0659402125_d_img_d18_x09600_y58880.png,0.2106,569.05,441.95,576.6,452.34
ch2_ohr_ncp_20251007T0659402125_d_img_d18_x09600_y59520.png,0.5193,155.29,0.0,171.83,32.26
ch2_ohr_ncp_20251007T0659402125_d_img_d18_x09600_y59520.png,0.4917,547.71,96.06,589.67,182.85
ch2_ohr_ncp_20251007T0659402125_d_img_d18_x09600_y59520.png,0.4348,371.6,626.26,378.77,633.66
ch2_ohr_ncp_20251007T0659402125_d_img_d18_x09600_y59520.png,0.4331,72.86,626.35,79.78,634.51
ch2_ohr_ncp_20251007T0659402125_d_img_d18_x09600_y59520.png,0.4261,123.87,372.78,138.27,400.15
ch2_ohr_ncp_20251007T0659402125_d_img_d18_x09600_y59520.png,0.4202,613.44,365.37,622.87,377.62
ch2_ohr_ncp_20251007T0659402125_d_img_d18_x09600_y59520.png,0.4175,533.76,539.12,539.6,547.61
ch2_ohr_ncp_20251007T0659402125_d_img_d18_x09600_y59520.png,0.4096,339.41,396.13,345.87,405.22
ch2_ohr_ncp_20251007T0659402125_d_img_d18_x09600_y59520.png,0.4034,620.2,550.49,627.11,559.17
ch2_ohr_ncp_20251007T0659402125_d_img_d18_x09600_y59520.png,0.3757,140.41,66.03,145.87,74.41
ch2_ohr_ncp_20251007T0659402125_d_img_d18_x09600_y59520.png,0.3561,431.62,626.37,440.71,636.84
ch2_ohr_ncp_20251007T0659402125_d_img_d18_x09600_y59520.png,0.3534,565.7,423.93,576.79,441.17
ch2_ohr_ncp_20251007T0659402125_d_img_d18_x09600_y59520.png,0.3371,473.11,575.67,497.3,608.44
ch2_ohr_ncp_20251007T0659402125_d_img_d18_x09600_y59520.png,0.3365,239.91,631.76,247.98,639.61
ch2_ohr_ncp_20251007T0659402125_d_img_d18_x09600_y59520.png,0.3289,596.24,355.88,603.41,364.05
ch2_ohr_ncp_20251007T0659402125_d_img_d18_x09600_y59520.png,0.3212,452.67,554.06,457.83,561.3
ch2_ohr_ncp_20251007T0659402125_d_img_d18_x09600_y59520.png,0.32,498.99,237.98,505.63,246.4
ch2_ohr_ncp_20251007T0659402125_d_img_d18_x09600_y59520.png,0.3185,50.85,339.58,59.54,353.39
ch2_ohr_ncp_20251007T0659402125_d_img_d18_x09600_y59520.png,0.3174,597.2,506.82,606.64,522.39
ch2_ohr_ncp_20251007T0659402125_d_img_d18_x09600_y59520.png,0.3149,561.39,581.29,576.82,604.62
ch2_ohr_ncp_20251007T0659402125_d_img_d18_x09600_y59520.png,0.3114,533.24,443.02,543.84,457.85
ch2_ohr_ncp_20251007T0659402125_d_img_d18_x09600_y59520.png,0.304,353.99,421.14,361.75,432.32
ch2_ohr_ncp_20251007T0659402125_d_img_d18_x09600_y59520.png,0.3006,526.22,626.99,530.98,632.55
ch2_ohr_ncp_20251007T0659402125_d_img_d18_x09600_y59520.png,0.2925,411.14,468.57,429.31,503.49
ch2_ohr_ncp_20251007T0659402125_d_img_d18_x09600_y59520.png,0.2904,26.66,297.71,32.51,304.64
ch2_ohr_ncp_20251007T0659402125_d_img_d18_x09600_y59520.png,0.2901,3.56,583.93,8.76,590.45
ch2_ohr_ncp_20251007T0659402125_d_img_d18_x09600_y59520.png,0.2824,444.31,181.62,449.73,188.17
ch2_ohr_ncp_20251007T0659402125_d_img_d18_x09600_y59520.png,0.2779,557.99,611.7,569.34,633.41
ch2_ohr_ncp_20251007T0659402125_d_img_d18_x09600_y59520.png,0.2711,123.83,629.31,134.77,639.91
ch2_ohr_ncp_20251007T0659402125_d_img_d18_x09600_y59520.png,0.2689,562.98,410.8,569.71,417.37
ch2_ohr_ncp_20251007T0659402125_d_img_d18_x09600_y59520.png,0.2586,564.91,422.94,583.83,453.13
ch2_ohr_ncp_20251007T0659402125_d_img_d18_x09600_y59520.png,0.2585,4.1,434.62,9.58,442.55
ch2_ohr_ncp_20251007T0659402125_d_img_d18_x09600_y59520.png,0.2577,56.97,127.83,67.72,145.17
ch2_ohr_ncp_20251007T0659402125_d_img_d18_x09600_y59520.png,0.25,614.63,344.88,619.92,350.86
ch2_ohr_ncp_20251007T0659402125_d_img_d18_x09600_y59520.png,0.2492,262.43,258.56,271.5,269.49
ch2_ohr_ncp_20251007T0659402125_d_img_d18_x09600_y59520.png,0.2464,113.92,406.26,120.63,413.27
ch2_ohr_ncp_20251007T0659402125_d_img_d18_x09600_y59520.png,0.2425,271.61,395.66,278.84,404.03
ch2_ohr_ncp_20251007T0659402125_d_img_d18_x09600_y59520.png,0.2385,410.04,0.0,430.98,18.11
ch2_ohr_ncp_20251007T0659402125_d_img_d18_x09600_y59520.png,0.2385,234.02,386.98,246.39,400.62
ch2_ohr_ncp_20251007T0659402125_d_img_d18_x09600_y59520.png,0.2367,333.67,381.53,338.97,388.08
ch2_ohr_ncp_20251007T0659402125_d_img_d18_x09600_y59520.png,0.2317,63.68,396.53,69.83,404.37
ch2_ohr_ncp_20251007T0659402125_d_img_d18_x09600_y59520.png,0.2311,29.27,11.02,35.21,17.04
ch2_ohr_ncp_20251007T0659402125_d_img_d18_x09600_y59520.png,0.2307,630.13,539.65,634.03,544.37
ch2_ohr_ncp_20251007T0659402125_d_img_d18_x09600_y59520.png,0.2307,314.14,356.21,320.45,364.08
ch2_ohr_ncp_20251007T0659402125_d_img_d18_x09600_y59520.png,0.2304,607.15,228.59,612.5,236.15
ch2_ohr_ncp_20251007T0659402125_d_img_d18_x09600_y59520.png,0.2261,620.54,600.65,625.72,606.85
ch2_ohr_ncp_20251007T0659402125_d_img_d18_x09600_y59520.png,0.2259,630.14,540.45,634.34,544.94
ch2_ohr_ncp_20251007T0659402125_d_img_d18_x09600_y59520.png,0.2239,178.83,176.6,186.93,189.62
ch2_ohr_ncp_20251007T0659402125_d_img_d18_x09600_y59520.png,0.2181,604.33,379.72,615.78,390.84
ch2_ohr_ncp_20251007T0659402125_d_img_d18_x09600_y59520.png,0.2171,597.58,555.29,608.19,572.36
ch2_ohr_ncp_20251007T0659402125_d_img_d18_x09600_y59520.png,0.2157,63.04,78.99,69.19,86.04
ch2_ohr_ncp_20251007T0659402125_d_img_d18_x09600_y59520.png,0.2154,611.57,361.04,619.3,368.95
ch2_ohr_ncp_20251007T0659402125_d_img_d18_x09600_y59520.png,0.2148,507.32,204.32,515.25,212.95
ch2_ohr_ncp_20251007T0659402125_d_img_d18_x09600_y59520.png,0.2146,565.44,424.1,578.83,449.92
ch2_ohr_ncp_20251007T0659402125_d_img_d18_x09600_y59520.png,0.2138,588.92,0.0,613.65,29.46
ch2_ohr_ncp_20251007T0659402125_d_img_d18_x09600_y59520.png,0.2092,238.43,321.95,245.88,333.85
ch2_ohr_ncp_20251007T0659402125_d_img_d18_x09600_y59520.png,0.2064,513.67,476.88,520.03,487.56
ch2_ohr_ncp_20251007T0659402125_d_img_d18_x09600_y59520.png,0.2061,266.23,427.2,270.97,432.47
ch2_ohr_ncp_20251007T0659402125_d_img_d18_x09600_y59520.png,0.2045,364.07,264.92,371.55,275.11
ch2_ohr_ncp_20251007T0659402125_d_img_d18_x09600_y59520.png,0.204,247.74,268.79,255.67,279.78
ch2_ohr_ncp_20251007T0659402125_d_img_d18_x09600_y59520.png,0.2021,278.05,528.82,286.28,540.12
ch2_ohr_ncp_20251007T0659402125_d_img_d18_x09600_y62080.png,0.3882,537.91,185.61,547.24,198.1
ch2_ohr_ncp_20251007T0659402125_d_img_d18_x09600_y62080.png,0.284,278.31,618.69,290.33,633.57
ch2_ohr_ncp_20251007T0659402125_d_img_d18_x09600_y62080.png,0.2685,588.04,374.09,619.83,417.1
ch2_ohr_ncp_20251007T0659402125_d_img_d18_x09600_y62080.png,0.222,67.89,634.1,73.91,639.65
ch2_ohr_ncp_20251007T0659402125_d_img_d18_x09600_y62080.png,0.204,456.63,190.16,463.68,199.57
ch2_ohr_ncp_20251007T0659402125_d_img_d18_x09600_y63360.png,0.2303,106.84,633.27,113.75,639.85
ch2_ohr_ncp_20251007T0659402125_d_img_d18_x10240_y51200.png,0.2675,345.8,606.13,367.57,639.18
ch2_ohr_ncp_20251007T0659402125_d_img_d18_x10240_y51200.png,0.2638,474.47,625.85,480.23,632.29
ch2_ohr_ncp_20251007T0659402125_d_img_d18_x10240_y51200.png,0.2389,131.24,429.42,137.46,437.41
ch2_ohr_ncp_20251007T0659402125_d_img_d18_x10240_y51200.png,0.2372,108.62,508.29,115.57,517.89
ch2_ohr_ncp_20251007T0659402125_d_img_d18_x10240_y54400.png,0.3179,523.52,630.85,530.6,639.31
ch2_ohr_ncp_20251007T0659402125_d_img_d18_x10240_y56960.png,0.2964,125.35,629.9,135.91,639.65
ch2_ohr_ncp_20251007T0659402125_d_img_d18_x10240_y56960.png,0.2242,0.98,0.0,30.1,26.61
ch2_ohr_ncp_20251007T0659402125_d_img_d18_x10240_y56960.png,0.2095,48.02,520.57,67.11,553.83
ch2_ohr_ncp_20251007T0659402125_d_img_d18_x10240_y58880.png,0.2289,398.22,61.68,409.08,79.44
ch2_ohr_ncp_20251007T0659402125_d_img_d18_x10240_y58880.png,0.225,542.31,184.26,573.34,244.73
ch2_ohr_ncp_20251007T0659402125_d_img_d18_x10240_y60800.png,0.3804,408.26,625.3,415.14,634.38
ch2_ohr_ncp_20251007T0659402125_d_img_d18_x10240_y61440.png,0.3107,613.76,633.08,621.61,639.93
ch2_ohr_ncp_20251007T0659402125_d_img_d18_x10240_y61440.png,0.3047,227.38,471.15,233.45,478.47
ch2_ohr_ncp_20251007T0659402125_d_img_d18_x10240_y61440.png,0.2981,627.1,628.85,636.62,639.45
ch2_ohr_ncp_20251007T0659402125_d_img_d18_x10240_y61440.png,0.296,234.45,329.78,245.11,342.05
ch2_ohr_ncp_20251007T0659402125_d_img_d18_x10240_y61440.png,0.2949,494.79,240.12,504.02,255.01
ch2_ohr_ncp_20251007T0659402125_d_img_d18_x10240_y61440.png,0.2875,195.41,34.36,202.04,43.89
ch2_ohr_ncp_20251007T0659402125_d_img_d18_x10240_y61440.png,0.2767,583.32,45.54,591.43,55.67
ch2_ohr_ncp_20251007T0659402125_d_img_d18_x10240_y61440.png,0.2684,275.32,542.96,280.16,549.08
ch2_ohr_ncp_20251007T0659402125_d_img_d18_x10240_y61440.png,0.2657,596.33,630.1,601.86,636.88
ch2_ohr_ncp_20251007T0659402125_d_img_d18_x10240_y61440.png,0.2541,299.58,414.55,305.8,421.06
ch2_ohr_ncp_20251007T0659402125_d_img_d18_x10240_y61440.png,0.2397,626.47,625.72,635.71,639.41
ch2_ohr_ncp_20251007T0659402125_d_img_d18_x10240_y61440.png,0.2288,226.72,305.61,234.64,316.3
ch2_ohr_ncp_20251007T0659402125_d_img_d18_x10240_y61440.png,0.2265,207.08,571.42,212.53,577.86
ch2_ohr_ncp_20251007T0659402125_d_img_d18_x10240_y61440.png,0.2235,137.3,244.6,144.73,253.18
ch2_ohr_ncp_20251007T0659402125_d_img_d18_x10240_y61440.png,0.2189,206.5,411.14,212.98,420.42
ch2_ohr_ncp_20251007T0659402125_d_img_d18_x10240_y61440.png,0.2148,291.54,534.17,298.21,543.35
ch2_ohr_ncp_20251007T0659402125_d_img_d18_x10240_y61440.png,0.2126,506.53,458.93,513.69,466.15
ch2_ohr_ncp_20251007T0659402125_d_img_d18_x10240_y61440.png,0.2101,271.47,406.59,277.73,417.95
ch2_ohr_ncp_20251007T0659402125_d_img_d18_x10240_y62080.png,0.2316,538.95,619.35,545.5,628.84
ch2_ohr_ncp_20251007T0659402125_d_img_d18_x10240_y62720.png,0.2479,541.2,384.39,553.56,405.75
ch2_ohr_ncp_20251007T0659402125_d_img_d18_x10240_y62720.png,0.2464,625.73,107.1,632.99,117.89
ch2_ohr_ncp_20251007T0659402125_d_img_d18_x10240_y62720.png,0.2149,526.01,378.93,536.88,400.65
ch2_ohr_ncp_20251007T0659402125_d_img_d18_x10240_y62720.png,0.2015,94.24,161.64,103.99,180.26
ch2_ohr_ncp_20251007T0659402125_d_img_d18_x10240_y63360.png,0.232,542.42,350.71,549.8,363.69
ch2_ohr_ncp_20251007T0659402125_d_img_d18_x10240_y64640.png,0.221,628.98,333.47,634.57,341.67
ch2_ohr_ncp_20251007T0659402125_d_img_d18_x10880_y51840.png,0.2423,282.58,633.53,289.89,640.0
ch2_ohr_ncp_20251007T0659402125_d_img_d18_x10880_y51840.png,0.2417,283.73,0.0,310.33,32.22
ch2_ohr_ncp_20251007T0659402125_d_img_d18_x10880_y53760.png,0.2429,277.61,397.5,296.45,427.4
ch2_ohr_ncp_20251007T0659402125_d_img_d18_x10880_y54400.png,0.2226,459.52,630.19,467.97,639.57
ch2_ohr_ncp_20251007T0659402125_d_img_d18_x10880_y58880.png,0.2688,0.29,85.27,16.34,116.59
ch2_ohr_ncp_20251007T0659402125_d_img_d18_x10880_y61440.png,0.2147,506.57,513.99,521.58,543.15
ch2_ohr_ncp_20251007T0659402125_d_img_d18_x10880_y61440.png,0.2109,555.82,473.04,561.52,481.03
ch2_ohr_ncp_20251007T0659402125_d_img_d18_x10880_y62720.png,0.2264,337.94,631.27,347.25,639.7
ch2_ohr_ncp_20251007T0659402125_d_img_d18_x10880_y62720.png,0.2021,420.67,45.68,426.37,54.69
ch2_ohr_ncp_20251007T0659402125_d_img_d18_x10880_y63360.png,0.2745,435.01,216.85,442.59,226.69
ch2_ohr_ncp_20251007T0659402125_d_img_d18_x11520_y51840.png,0.4104,459.91,587.41,467.04,596.19
ch2_ohr_ncp_20251007T0659402125_d_img_d18_x11520_y51840.png,0.3289,423.98,629.8,434.19,639.16
ch2_ohr_ncp_20251007T0659402125_d_img_d18_x11520_y51840.png,0.2983,418.01,444.54,431.85,460.83
ch2_ohr_ncp_20251007T0659402125_d_img_d18_x11520_y51840.png,0.2935,44.64,330.83,57.87,354.5
ch2_ohr_ncp_20251007T0659402125_d_img_d18_x11520_y51840.png,0.2842,389.38,335.74,401.87,359.21
ch2_ohr_ncp_20251007T0659402125_d_img_d18_x11520_y51840.png,0.2636,8.65,355.01,29.76,387.25
ch2_ohr_ncp_20251007T0659402125_d_img_d18_x11520_y51840.png,0.2377,467.4,475.35,473.78,484.39
ch2_ohr_ncp_20251007T0659402125_d_img_d18_x11520_y51840.png,0.2362,50.97,135.4,59.21,145.54
ch2_ohr_ncp_20251007T0659402125_d_img_d18_x11520_y51840.png,0.2307,471.58,623.24,479.99,637.76
ch2_ohr_ncp_20251007T0659402125_d_img_d18_x11520_y51840.png,0.2202,199.07,223.95,210.25,235.96
ch2_ohr_ncp_20251007T0659402125_d_img_d18_x11520_y51840.png,0.2087,92.84,402.81,105.57,421.76
ch2_ohr_ncp_20251007T0659402125_d_img_d18_x11520_y52480.png,0.4681,81.68,178.37,98.55,212.02
ch2_ohr_ncp_20251007T0659402125_d_img_d18_x11520_y52480.png,0.4653,77.48,5.73,99.0,46.2
ch2_ohr_ncp_20251007T0659402125_d_img_d18_x11520_y52480.png,0.453,47.69,444.62,56.94,460.95
ch2_ohr_ncp_20251007T0659402125_d_img_d18_x11520_y52480.png,0.4513,227.19,188.35,234.49,197.12
ch2_ohr_ncp_20251007T0659402125_d_img_d18_x11520_y52480.png,0.4486,4.23,176.93,9.44,182.62
ch2_ohr_ncp_20251007T0659402125_d_img_d18_x11520_y52480.png,0.4441,426.72,416.68,437.0,426.72
ch2_ohr_ncp_20251007T0659402125_d_img_d18_x11520_y52480.png,0.4437,115.55,533.24,133.37,560.09
ch2_ohr_ncp_20251007T0659402125_d_img_d18_x11520_y52480.png,0.4393,453.8,279.91,459.62,286.87
ch2_ohr_ncp_20251007T0659402125_d_img_d18_x11520_y52480.png,0.4358,350.85,207.18,394.66,274.29
ch2_ohr_ncp_20251007T0659402125_d_img_d18_x11520_y52480.png,0.432,426.44,395.76,432.69,403.83
ch2_ohr_ncp_20251007T0659402125_d_img_d18_x11520_y52480.png,0.4279,444.25,487.74,453.98,499.32
ch2_ohr_ncp_20251007T0659402125_d_img_d18_x11520_y52480.png,0.4204,350.49,32.79,359.56,43.31
ch2_ohr_ncp_20251007T0659402125_d_img_d18_x11520_y52480.png,0.4201,4.17,81.42,20.64,109.26
ch2_ohr_ncp_20251007T0659402125_d_img_d18_x11520_y52480.png,0.4124,278.25,307.55,288.08,324.29
ch2_ohr_ncp_20251007T0659402125_d_img_d18_x11520_y52480.png,0.3992,140.22,242.74,145.77,249.29
ch2_ohr_ncp_20251007T0659402125_d_img_d18_x11520_y52480.png,0.393,87.0,449.3,93.19,456.28
ch2_ohr_ncp_20251007T0659402125_d_img_d18_x11520_y52480.png,0.3914,18.19,225.5,24.83,236.64
ch2_ohr_ncp_20251007T0659402125_d_img_d18_x11520_y52480.png,0.39,98.8,429.76,113.16,446.44
ch2_ohr_ncp_20251007T0659402125_d_img_d18_x11520_y52480.png,0.3877,62.38,281.65,69.71,291.3
ch2_ohr_ncp_20251007T0659402125_d_img_d18_x11520_y52480.png,0.3798,84.85,553.36,92.2,562.97
ch2_ohr_ncp_20251007T0659402125_d_img_d18_x11520_y52480.png,0.3754,440.83,613.27,471.4,640.0
ch2_ohr_ncp_20251007T0659402125_d_img_d18_x11520_y52480.png,0.3752,66.51,627.83,72.76,636.92
ch2_ohr_ncp_20251007T0659402125_d_img_d18_x11520_y52480.png,0.3676,371.8,150.74,378.35,158.8
ch2_ohr_ncp_20251007T0659402125_d_img_d18_x11520_y52480.png,0.3659,99.61,154.53,114.08,175.58
ch2_ohr_ncp_20251007T0659402125_d_img_d18_x11520_y52480.png,0.3575,436.82,280.39,444.06,292.34
ch2_ohr_ncp_20251007T0659402125_d_img_d18_x11520_y52480.png,0.3478,173.9,547.07,186.05,570.16
ch2_ohr_ncp_20251007T0659402125_d_img_d18_x11520_y52480.png,0.3471,287.4,288.98,295.0,300.91
ch2_ohr_ncp_20251007T0659402125_d_img_d18_x11520_y52480.png,0.3444,328.81,101.77,347.05,134.79
ch2_ohr_ncp_20251007T0659402125_d_img_d18_x11520_y52480.png,0.3421,184.68,341.58,192.74,351.93
ch2_ohr_ncp_20251007T0659402125_d_img_d18_x11520_y52480.png,0.3357,466.28,341.91,472.56,351.13
ch2_ohr_ncp_20251007T0659402125_d_img_d18_x11520_y52480.png,0.3351,113.43,218.97,118.84,225.3
ch2_ohr_ncp_20251007T0659402125_d_img_d18_x11520_y52480.png,0.3293,167.46,171.26,174.25,180.04
ch2_ohr_ncp_20251007T0659402125_d_img_d18_x11520_y52480.png,0.3167,458.15,319.28,465.74,327.81
ch2_ohr_ncp_20251007T0659402125_d_img_d18_x11520_y52480.png,0.3144,332.57,286.8,340.77,295.35
ch2_ohr_ncp_20251007T0659402125_d_img_d18_x11520_y52480.png,0.3124,393.7,55.03,400.55,62.37
ch2_ohr_ncp_20251007T0659402125_d_img_d18_x11520_y52480.png,0.3069,235.5,125.89,241.2,133.01
ch2_ohr_ncp_20251007T0659402125_d_img_d18_x11520_y52480.png,0.3057,363.7,169.22,375.98,184.73
ch2_ohr_ncp_20251007T0659402125_d_img_d18_x11520_y52480.png,0.2981,389.78,159.86,396.37,166.17
ch2_ohr_ncp_20251007T0659402125_d_img_d18_x11520_y52480.png,0.2969,13.55,367.55,34.75,399.84
ch2_ohr_ncp_20251007T0659402125_d_img_d18_x11520_y52480.png,0.292,452.57,279.01,459.27,286.94
ch2_ohr_ncp_20251007T0659402125_d_img_d18_x11520_y52480.png,0.2781,79.53,4.89,103.19,39.88
ch2_ohr_ncp_20251007T0659402125_d_img_d18_x11520_y52480.png,0.2682,294.13,202.49,305.53,216.88
ch2_ohr_ncp_20251007T0659402125_d_img_d18_x11520_y52480.png,0.2647,114.4,447.36,119.95,453.95
ch2_ohr_ncp_20251007T0659402125_d_img_d18_x11520_y52480.png,0.2642,131.16,35.84,138.43,44.84
ch2_ohr_ncp_20251007T0659402125_d_img_d18_x11520_y52480.png,0.2629,399.39,414.82,406.62,422.89
ch2_ohr_ncp_20251007T0659402125_d_img_d18_x11520_y52480.png,0.2618,464.07,298.47,471.45,307.77
ch2_ohr_ncp_20251007T0659402125_d_img_d18_x11520_y52480.png,0.2605,87.1,157.43,95.44,172.75
ch2_ohr_ncp_20251007T0659402125_d_img_d18_x11520_y52480.png,0.2601,83.25,4.67,103.16,27.22
ch2_ohr_ncp_20251007T0659402125_d_img_d18_x11520_y52480.png,0.2546,211.12,148.28,217.11,155.19
ch2_ohr_ncp_20251007T0659402125_d_img_d18_x11520_y52480.png,0.2538,449.7,399.81,455.48,407.0
ch2_ohr_ncp_20251007T0659402125_d_img_d18_x11520_y52480.png,0.2508,28.55,115.86,35.23,124.48
ch2_ohr_ncp_20251007T0659402125_d_img_d18_x11520_y52480.png,0.2476,120.31,418.82,142.46,440.17
ch2_ohr_ncp_20251007T0659402125_d_img_d18_x11520_y52480.png,0.2399,397.1,353.74,405.01,362.36
ch2_ohr_ncp_20251007T0659402125_d_img_d18_x11520_y52480.png,0.2379,93.73,83.53,103.78,94.35
ch2_ohr_ncp_20251007T0659402125_d_img_d18_x11520_y52480.png,0.2343,295.8,242.7,302.31,250.04
ch2_ohr_ncp_20251007T0659402125_d_img_d18_x11520_y52480.png,0.232,331.64,100.1,350.04,123.42
ch2_ohr_ncp_20251007T0659402125_d_img_d18_x11520_y52480.png,0.2308,60.84,281.87,68.61,294.05
ch2_ohr_ncp_20251007T0659402125_d_img_d18_x11520_y52480.png,0.2298,0.0,402.09,5.4,414.26
ch2_ohr_ncp_20251007T0659402125_d_img_d18_x11520_y52480.png,0.2294,0.0,328.19,5.74,337.7
ch2_ohr_ncp_20251007T0659402125_d_img_d18_x11520_y52480.png,0.2287,404.12,66.83,411.28,75.23
ch2_ohr_ncp_20251007T0659402125_d_img_d18_x11520_y52480.png,0.228,191.75,434.68,199.25,444.59
ch2_ohr_ncp_20251007T0659402125_d_img_d18_x11520_y52480.png,0.2248,218.26,67.45,231.4,81.81
ch2_ohr_ncp_20251007T0659402125_d_img_d18_x11520_y52480.png,0.2243,6.04,79.78,23.92,109.53
ch2_ohr_ncp_20251007T0659402125_d_img_d18_x11520_y52480.png,0.2234,18.58,123.34,25.48,131.09
ch2_ohr_ncp_20251007T0659402125_d_img_d18_x11520_y52480.png,0.2224,333.05,137.08,338.84,144.4
ch2_ohr_ncp_20251007T0659402125_d_img_d18_x11520_y52480.png,0.2168,371.61,535.1,379.47,544.07
ch2_ohr_ncp_20251007T0659402125_d_img_d18_x11520_y52480.png,0.2099,175.05,362.65,218.47,416.21
ch2_ohr_ncp_20251007T0659402125_d_img_d18_x11520_y52480.png,0.2079,247.72,583.16,261.06,598.55
ch2_ohr_ncp_20251007T0659402125_d_img_d18_x11520_y52480.png,0.2038,383.1,531.82,394.81,545.97
ch2_ohr_ncp_20251007T0659402125_d_img_d18_x11520_y52480.png,0.2033,6.39,530.84,17.36,543.9
ch2_ohr_ncp_20251007T0659402125_d_img_d18_x11520_y52480.png,0.2028,194.66,130.73,205.06,145.29
ch2_ohr_ncp_20251007T0659402125_d_img_d18_x11520_y52480.png,0.2023,214.11,195.41,220.23,204.12
ch2_ohr_ncp_20251007T0659402125_d_img_d18_x11520_y52480.png,0.2002,282.11,613.23,288.24,620.1
ch2_ohr_ncp_20251007T0659402125_d_img_d18_x11520_y53120.png,0.4696,439.78,0.0,474.4,19.8
ch2_ohr_ncp_20251007T0659402125_d_img_d18_x11520_y53120.png,0.399,360.08,609.56,372.46,630.48
ch2_ohr_ncp_20251007T0659402125_d_img_d18_x11520_y53120.png,0.3893,169.2,623.34,176.6,636.19
ch2_ohr_ncp_20251007T0659402125_d_img_d18_x11520_y53120.png,0.3664,206.86,627.44,215.53,635.52
ch2_ohr_ncp_20251007T0659402125_d_img_d18_x11520_y53120.png,0.3573,89.97,129.36,96.44,136.25
ch2_ohr_ncp_20251007T0659402125_d_img_d18_x11520_y53120.png,0.3567,459.56,39.86,469.17,55.3
ch2_ohr_ncp_20251007T0659402125_d_img_d18_x11520_y53120.png,0.3543,137.51,166.2,145.84,180.65
ch2_ohr_ncp_20251007T0659402125_d_img_d18_x11520_y53120.png,0.3528,26.2,628.21,33.51,638.85
ch2_ohr_ncp_20251007T0659402125_d_img_d18_x11520_y53120.png,0.3468,400.89,172.82,407.89,181.13
ch2_ohr_ncp_20251007T0659402125_d_img_d18_x11520_y53120.png,0.3387,134.35,275.52,145.16,291.83
ch2_ohr_ncp_20251007T0659402125_d_img_d18_x11520_y53120.png,0.3338,394.78,401.64,400.35,408.05
ch2_ohr_ncp_20251007T0659402125_d_img_d18_x11520_y53120.png,0.2993,372.96,453.77,400.76,495.28
ch2_ohr_ncp_20251007T0659402125_d_img_d18_x11520_y53120.png,0.2878,334.63,613.3,340.29,619.56
ch2_ohr_ncp_20251007T0659402125_d_img_d18_x11520_y53120.png,0.2846,423.46,617.92,435.89,632.83
ch2_ohr_ncp_20251007T0659402125_d_img_d18_x11520_y53120.png,0.2809,142.54,320.65,150.86,331.8
ch2_ohr_ncp_20251007T0659402125_d_img_d18_x11520_y53120.png,0.2793,442.29,138.28,448.32,144.38
ch2_ohr_ncp_20251007T0659402125_d_img_d18_x11520_y53120.png,0.2605,443.97,26.84,449.81,34.68
ch2_ohr_ncp_20251007T0659402125_d_img_d18_x11520_y53120.png,0.2577,186.68,30.28,194.39,41.2
ch2_ohr_ncp_20251007T0659402125_d_img_d18_x11520_y53120.png,0.2465,415.5,97.88,423.21,104.84
ch2_ohr_ncp_20251007T0659402125_d_img_d18_x11520_y53120.png,0.2441,142.29,204.23,149.91,213.19
ch2_ohr_ncp_20251007T0659402125_d_img_d18_x11520_y53120.png,0.242,247.37,398.74,271.15,428.07
ch2_ohr_ncp_20251007T0659402125_d_img_d18_x11520_y53120.png,0.2403,134.05,341.82,166.91,383.84
ch2_ohr_ncp_20251007T0659402125_d_img_d18_x11520_y53120.png,0.2393,436.02,400.82,440.6,406.06
ch2_ohr_ncp_20251007T0659402125_d_img_d18_x11520_y53120.png,0.2359,445.52,434.44,451.56,442.94
ch2_ohr_ncp_20251007T0659402125_d_img_d18_x11520_y53120.png,0.2329,61.62,150.17,69.98,164.25
ch2_ohr_ncp_20251007T0659402125_d_img_d18_x11520_y53120.png,0.2296,402.31,418.15,407.3,424.32
ch2_ohr_ncp_20251007T0659402125_d_img_d18_x11520_y53120.png,0.2282,136.1,460.38,145.88,475.73
ch2_ohr_ncp_20251007T0659402125_d_img_d18_x11520_y53120.png,0.2234,88.8,460.7,94.51,467.54
ch2_ohr_ncp_20251007T0659402125_d_img_d18_x11520_y53120.png,0.2212,31.93,442.49,38.92,451.34
ch2_ohr_ncp_20251007T0659402125_d_img_d18_x11520_y53120.png,0.2211,213.56,465.9,219.58,473.91
ch2_ohr_ncp_20251007T0659402125_d_img_d18_x11520_y53120.png,0.2202,333.96,628.59,345.47,639.0
ch2_ohr_ncp_20251007T0659402125_d_img_d18_x11520_y53120.png,0.2155,175.65,554.01,182.53,560.52
ch2_ohr_ncp_20251007T0659402125_d_img_d18_x11520_y53120.png,0.2084,192.34,174.64,202.15,186.75
ch2_ohr_ncp_20251007T0659402125_d_img_d18_x11520_y53120.png,0.2073,114.95,491.93,121.01,500.09
ch2_ohr_ncp_20251007T0659402125_d_img_d18_x11520_y53120.png,0.2059,61.04,624.42,68.1,632.78
ch2_ohr_ncp_20251007T0659402125_d_img_d18_x11520_y53120.png,0.2045,130.3,476.9,135.86,483.62
ch2_ohr_ncp_20251007T0659402125_d_img_d18_x11520_y53120.png,0.2034,313.57,427.73,322.79,438.12
ch2_ohr_ncp_20251007T0659402125_d_img_d18_x11520_y53760.png,0.461,236.11,1.07,249.75,28.35
ch2_ohr_ncp_20251007T0659402125_d_img_d18_x11520_y53760.png,0.4554,252.22,265.64,261.87,279.05
ch2_ohr_ncp_20251007T0659402125_d_img_d18_x11520_y53760.png,0.424,353.03,137.35,363.04,154.38
ch2_ohr_ncp_20251007T0659402125_d_img_d18_x11520_y53760.png,0.4172,451.21,101.78,464.04,121.61
ch2_ohr_ncp_20251007T0659402125_d_img_d18_x11520_y53760.png,0.3987,437.76,416.87,446.34,428.76
ch2_ohr_ncp_20251007T0659402125_d_img_d18_x11520_y53760.png,0.3952,384.12,109.93,391.71,118.61
ch2_ohr_ncp_20251007T0659402125_d_img_d18_x11520_y53760.png,0.3851,75.29,312.1,92.83,338.04
ch2_ohr_ncp_20251007T0659402125_d_img_d18_x11520_y53760.png,0.3816,337.12,10.47,344.51,20.4
ch2_ohr_ncp_20251007T0659402125_d_img_d18_x11520_y53760.png,0.3807,228.45,513.53,241.68,533.46
ch2_ohr_ncp_20251007T0659402125_d_img_d18_x11520_y53760.png,0.3671,316.85,207.67,329.77,230.41
ch2_ohr_ncp_20251007T0659402125_d_img_d18_x11520_y53760.png,0.3609,178.12,576.24,184.75,583.31
ch2_ohr_ncp_20251007T0659402125_d_img_d18_x11520_y53760.png,0.3454,157.67,202.77,167.61,216.58
ch2_ohr_ncp_20251007T0659402125_d_img_d18_x11520_y53760.png,0.3429,325.93,614.55,333.91,624.91
ch2_ohr_ncp_20251007T0659402125_d_img_d18_x11520_y53760.png,0.3425,419.84,40.47,427.51,52.13
ch2_ohr_ncp_20251007T0659402125_d_img_d18_x11520_y53760.png,0.337,391.11,349.51,402.14,359.1
ch2_ohr_ncp_20251007T0659402125_d_img_d18_x11520_y53760.png,0.333,385.47,36.28,394.29,51.81
ch2_ohr_ncp_20251007T0659402125_d_img_d18_x11520_y53760.png,0.3296,421.02,60.95,436.16,77.39
ch2_ohr_ncp_20251007T0659402125_d_img_d18_x11520_y53760.png,0.3199,354.22,547.66,360.57,555.58
ch2_ohr_ncp_20251007T0659402125_d_img_d18_x11520_y53760.png,0.3173,262.43,487.09,268.0,493.52
ch2_ohr_ncp_20251007T0659402125_d_img_d18_x11520_y53760.png,0.3164,336.57,331.97,346.17,344.31
ch2_ohr_ncp_20251007T0659402125_d_img_d18_x11520_y53760.png,0.3149,290.19,621.47,299.06,634.62
ch2_ohr_ncp_20251007T0659402125_d_img_d18_x11520_y53760.png,0.3083,380.11,137.54,391.96,154.2
ch2_ohr_ncp_20251007T0659402125_d_img_d18_x11520_y53760.png,0.3026,273.47,115.81,280.11,125.21
ch2_ohr_ncp_20251007T0659402125_d_img_d18_x11520_y53760.png,0.2977,44.43,113.27,57.56,129.29
ch2_ohr_ncp_20251007T0659402125_d_img_d18_x11520_y53760.png,0.2916,336.15,211.63,348.84,227.71
ch2_ohr_ncp_20251007T0659402125_d_img_d18_x11520_y53760.png,0.2894,339.68,100.34,354.98,117.08
ch2_ohr_ncp_20251007T0659402125_d_img_d18_x11520_y53760.png,0.2892,399.02,552.31,409.9,568.79
ch2_ohr_ncp_20251007T0659402125_d_img_d18_x11520_y53760.png,0.2879,314.77,28.1,323.84,41.99
ch2_ohr_ncp_20251007T0659402125_d_img_d18_x11520_y53760.png,0.2875,303.69,127.36,312.44,136.82
ch2_ohr_ncp_20251007T0659402125_d_img_d18_x11520_y53760.png,0.2799,177.18,409.81,185.78,421.49
ch2_ohr_ncp_20251007T0659402125_d_img_d18_x11520_y53760.png,0.2782,184.44,621.85,191.18,630.22
ch2_ohr_ncp_20251007T0659402125_d_img_d18_x11520_y53760.png,0.2774,413.39,225.75,424.18,241.19
ch2_ohr_ncp_20251007T0659402125_d_img_d18_x11520_y53760.png,0.2734,358.32,301.7,364.77,310.05
ch2_ohr_ncp_20251007T0659402125_d_img_d18_x11520_y53760.png,0.2706,416.02,499.78,423.03,507.46
ch2_ohr_ncp_20251007T0659402125_d_img_d18_x11520_y53760.png,0.2667,430.39,41.0,439.05,51.9
ch2_ohr_ncp_20251007T0659402125_d_img_d18_x11520_y53760.png,0.2648,456.61,633.32,462.51,639.67
ch2_ohr_ncp_20251007T0659402125_d_img_d18_x11520_y53760.png,0.2597,80.04,502.46,90.1,511.7
ch2_ohr_ncp_20251007T0659402125_d_img_d18_x11520_y53760.png,0.2474,361.06,171.55,370.7,183.89
ch2_ohr_ncp_20251007T0659402125_d_img_d18_x11520_y53760.png,0.2474,0.0,424.6,6.71,436.64
ch2_ohr_ncp_20251007T0659402125_d_img_d18_x11520_y53760.png,0.2409,245.41,480.99,257.69,495.14
ch2_ohr_ncp_20251007T0659402125_d_img_d18_x11520_y53760.png,0.2404,267.57,20.45,274.01,27.14
ch2_ohr_ncp_20251007T0659402125_d_img_d18_x11520_y53760.png,0.2347,410.21,146.25,414.86,151.82
ch2_ohr_ncp_20251007T0659402125_d_img_d18_x11520_y53760.png,0.2342,465.69,404.76,477.76,421.07
ch2_ohr_ncp_20251007T0659402125_d_img_d18_x11520_y53760.png,0.2293,364.53,549.99,370.01,555.72
ch2_ohr_ncp_20251007T0659402125_d_img_d18_x11520_y53760.png,0.2265,322.91,579.48,327.24,585.44
ch2_ohr_ncp_20251007T0659402125_d_img_d18_x11520_y53760.png,0.2256,421.27,530.93,427.62,537.76
ch2_ohr_ncp_20251007T0659402125_d_img_d18_x11520_y53760.png,0.2242,154.71,314.72,160.8,320.88
ch2_ohr_ncp_20251007T0659402125_d_img_d18_x11520_y53760.png,0.2151,276.26,141.09,285.56,151.29
ch2_ohr_ncp_20251007T0659402125_d_img_d18_x11520_y53760.png,0.2148,404.65,583.09,411.25,591.09
ch2_ohr_ncp_20251007T0659402125_d_img_d18_x11520_y53760.png,0.2106,21.02,329.5,31.28,345.86
ch2_ohr_ncp_20251007T0659402125_d_img_d18_x11520_y53760.png,0.2041,207.8,321.73,214.94,327.93
ch2_ohr_ncp_20251007T0659402125_d_img_d18_x11520_y53760.png,0.2024,144.39,31.6,152.4,39.73
ch2_ohr_ncp_20251007T0659402125_d_img_d18_x11520_y53760.png,0.2023,411.26,248.55,416.92,255.71
ch2_ohr_ncp_20251007T0659402125_d_img_d18_x11520_y54400.png,0.645,290.49,185.02,313.05,231.55
ch2_ohr_ncp_20251007T0659402125_d_img_d18_x11520_y54400.png,0.4867,235.11,122.09,241.9,129.49
ch2_ohr_ncp_20251007T0659402125_d_img_d18_x11520_y54400.png,0.483,355.55,140.23,380.26,176.56
ch2_ohr_ncp_20251007T0659402125_d_img_d18_x11520_y54400.png,0.4823,99.6,289.31,108.47,303.41
ch2_ohr_ncp_20251007T0659402125_d_img_d18_x11520_y54400.png,0.4807,228.32,410.9,234.8,420.03
ch2_ohr_ncp_20251007T0659402125_d_img_d18_x11520_y54400.png,0.4785,18.18,336.94,24.73,346.09
ch2_ohr_ncp_20251007T0659402125_d_img_d18_x11520_y54400.png,0.4773,197.27,259.93,207.4,276.77
ch2_ohr_ncp_20251007T0659402125_d_img_d18_x11520_y54400.png,0.4647,347.42,203.1,352.39,209.96
ch2_ohr_ncp_20251007T0659402125_d_img_d18_x11520_y54400.png,0.4537,257.77,261.94,282.41,304.99
ch2_ohr_ncp_20251007T0659402125_d_img_d18_x11520_y54400.png,0.4346,228.61,409.37,236.22,419.06
ch2_ohr_ncp_20251007T0659402125_d_img_d18_x11520_y54400.png,0.4307,122.02,184.36,129.26,194.25
ch2_ohr_ncp_20251007T0659402125_d_img_d18_x11520_y54400.png,0.4306,394.67,610.13,403.44,618.48
ch2_ohr_ncp_20251007T0659402125_d_img_d18_x11520_y54400.png,0.4303,154.69,481.39,172.43,518.98
ch2_ohr_ncp_20251007T0659402125_d_img_d18_x11520_y54400.png,0.4285,354.87,631.64,363.26,639.54
ch2_ohr_ncp_20251007T0659402125_d_img_d18_x11520_y54400.png,0.4129,82.1,154.5,105.12,191.89
ch2_ohr_ncp_20251007T0659402125_d_img_d18_x11520_y54400.png,0.4083,6.47,600.83,15.71,610.36
ch2_ohr_ncp_20251007T0659402125_d_img_d18_x11520_y54400.png,0.4061,155.4,5.87,161.28,13.87
ch2_ohr_ncp_20251007T0659402125_d_img_d18_x11520_y54400.png,0.4044,191.58,438.24,198.64,447.33
ch2_ohr_ncp_20251007T0659402125_d_img_d18_x11520_y54400.png,0.4022,462.63,82.51,472.83,98.51
ch2_ohr_ncp_20251007T0659402125_d_img_d18_x11520_y54400.png,0.3888,123.01,528.97,131.44,542.06
ch2_ohr_ncp_20251007T0659402125_d_img_d18_x11520_y54400.png,0.3849,139.59,66.62,147.73,75.63
ch2_ohr_ncp_20251007T0659402125_d_img_d18_x11520_y54400.png,0.3783,137.5,144.45,146.17,152.06
ch2_ohr_ncp_20251007T0659402125_d_img_d18_x11520_y54400.png,0.377,250.65,377.93,256.59,384.25
ch2_ohr_ncp_20251007T0659402125_d_img_d18_x11520_y54400.png,0.3741,210.64,279.36,217.86,289.53
ch2_ohr_ncp_20251007T0659402125_d_img_d18_x11520_y54400.png,0.3722,454.56,170.75,473.4,200.7
ch2_ohr_ncp_20251007T0659402125_d_img_d18_x11520_y54400.png,0.3704,429.03,193.47,443.95,211.37
ch2_ohr_ncp_20251007T0659402125_d_img_d18_x11520_y54400.png,0.362,179.3,411.41,185.43,420.3
ch2_ohr_ncp_20251007T0659402125_d_img_d18_x11520_y54400.png,0.3618,428.22,183.8,434.35,190.59
ch2_ohr_ncp_20251007T0659402125_d_img_d18_x11520_y54400.png,0.3617,162.41,384.27,169.88,391.69
ch2_ohr_ncp_20251007T0659402125_d_img_d18_x11520_y54400.png,0.3532,250.11,345.05,256.27,353.16
ch2_ohr_ncp_20251007T0659402125_d_img_d18_x11520_y54400.png,0.3523,459.33,630.98,464.74,638.02
ch2_ohr_ncp_20251007T0659402125_d_img_d18_x11520_y54400.png,0.3489,135.95,169.25,143.78,178.17
ch2_ohr_ncp_20251007T0659402125_d_img_d18_x11520_y54400.png,0.3383,345.94,76.57,354.73,94.85
ch2_ohr_ncp_20251007T0659402125_d_img_d18_x11520_y54400.png,0.3317,5.15,233.47,14.3,244.17
ch2_ohr_ncp_20251007T0659402125_d_img_d18_x11520_y54400.png,0.3303,129.89,118.98,137.05,126.83
ch2_ohr_ncp_20251007T0659402125_d_img_d18_x11520_y54400.png,0.3301,372.74,514.33,384.72,532.42
ch2_ohr_ncp_20251007T0659402125_d_img_d18_x11520_y54400.png,0.3285,220.49,110.06,225.07,116.23
ch2_ohr_ncp_20251007T0659402125_d_img_d18_x11520_y54400.png,0.3264,107.17,215.99,115.29,227.91
ch2_ohr_ncp_20251007T0659402125_d_img_d18_x11520_y54400.png,0.3211,451.08,324.54,462.48,344.22
ch2_ohr_ncp_20251007T0659402125_d_img_d18_x11520_y54400.png,0.317,236.56,406.09,243.42,413.81
ch2_ohr_ncp_20251007T0659402125_d_img_d18_x11520_y54400.png,0.3151,34.83,93.59,41.82,104.9
ch2_ohr_ncp_20251007T0659402125_d_img_d18_x11520_y54400.png,0.3142,236.73,603.16,243.45,611.53
ch2_ohr_ncp_20251007T0659402125_d_img_d18_x11520_y54400.png,0.3112,293.32,181.71,309.22,206.77
ch2_ohr_ncp_20251007T0659402125_d_img_d18_x11520_y54400.png,0.3069,177.65,456.29,185.85,465.3
ch2_ohr_ncp_20251007T0659402125_d_img_d18_x11520_y54400.png,0.3027,76.82,373.44,88.3,388.09
ch2_ohr_ncp_20251007T0659402125_d_img_d18_x11520_y54400.png,0.2938,240.38,20.07,245.43,25.53
ch2_ohr_ncp_20251007T0659402125_d_img_d18_x11520_y54400.png,0.2912,294.19,373.57,305.32,387.63
ch2_ohr_ncp_20251007T0659402125_d_img_d18_x11520_y54400.png,0.2891,84.43,156.42,103.54,186.0
ch2_ohr_ncp_20251007T0659402125_d_img_d18_x11520_y54400.png,0.2861,189.16,362.3,195.91,368.21
ch2_ohr_ncp_20251007T0659402125_d_img_d18_x11520_y54400.png,0.2826,169.1,173.87,175.51,182.5
ch2_ohr_ncp_20251007T0659402125_d_img_d18_x11520_y54400.png,0.2817,305.2,5.57,313.21,14.6
ch2_ohr_ncp_20251007T0659402125_d_img_d18_x11520_y54400.png,0.2759,217.53,223.63,230.62,237.06
ch2_ohr_ncp_20251007T0659402125_d_img_d18_x11520_y54400.png,0.2726,269.3,140.05,297.61,174.2
ch2_ohr_ncp_20251007T0659402125_d_img_d18_x11520_y54400.png,0.272,458.99,629.99,465.52,637.51
ch2_ohr_ncp_20251007T0659402125_d_img_d18_x11520_y54400.png,0.269,108.44,195.29,112.84,200.26
ch2_ohr_ncp_20251007T0659402125_d_img_d18_x11520_y54400.png,0.2636,113.46,602.26,120.34,611.64
ch2_ohr_ncp_20251007T0659402125_d_img_d18_x11520_y54400.png,0.2589,147.94,161.77,157.59,172.84
ch2_ohr_ncp_20251007T0659402125_d_img_d18_x11520_y54400.png,0.2527,124.79,197.2,136.18,207.48
ch2_ohr_ncp_20251007T0659402125_d_img_d18_x11520_y54400.png,0.2491,178.01,409.69,186.53,420.12
ch2_ohr_ncp_20251007T0659402125_d_img_d18_x11520_y54400.png,0.2424,297.85,237.52,308.56,248.57
ch2_ohr_ncp_20251007T0659402125_d_img_d18_x11520_y54400.png,0.242,82.1,163.52,99.53,190.19
ch2_ohr_ncp_20251007T0659402125_d_img_d18_x11520_y54400.png,0.2408,73.07,456.8,78.69,463.79
ch2_ohr_ncp_20251007T0659402125_d_img_d18_x11520_y54400.png,0.2408,50.29,342.71,56.06,349.39
ch2_ohr_ncp_20251007T0659402125_d_img_d18_x11520_y54400.png,0.2381,86.86,154.86,105.26,176.42
ch2_ohr_ncp_20251007T0659402125_d_img_d18_x11520_y54400.png,0.238,269.36,130.04,275.06,138.46
ch2_ohr_ncp_20251007T0659402125_d_img_d18_x11520_y54400.png,0.2363,54.26,124.77,83.62,154.64
ch2_ohr_ncp_20251007T0659402125_d_img_d18_x11520_y54400.png,0.2355,214.96,428.26,220.15,433.91
ch2_ohr_ncp_20251007T0659402125_d_img_d18_x11520_y54400.png,0.2343,65.54,439.37,73.28,448.9
ch2_ohr_ncp_20251007T0659402125_d_img_d18_x11520_y54400.png,0.2333,245.65,241.09,251.02,246.64
ch2_ohr_ncp_20251007T0659402125_d_img_d18_x11520_y54400.png,0.2319,160.31,411.76,166.53,419.49
ch2_ohr_ncp_20251007T0659402125_d_img_d18_x11520_y54400.png,0.2314,28.53,630.11,34.62,637.42
ch2_ohr_ncp_20251007T0659402125_d_img_d18_x11520_y54400.png,0.2284,389.15,503.0,400.69,515.44
ch2_ohr_ncp_20251007T0659402125_d_img_d18_x11520_y54400.png,0.2276,13.53,411.66,20.19,421.05
ch2_ohr_ncp_20251007T0659402125_d_img_d18_x11520_y54400.png,0.2249,278.2,389.99,287.86,400.62
ch2_ohr_ncp_20251007T0659402125_d_img_d18_x11520_y54400.png,0.2228,298.36,352.06,304.41,358.56
ch2_ohr_ncp_20251007T0659402125_d_img_d18_x11520_y54400.png,0.2209,345.17,105.25,353.64,113.7
ch2_ohr_ncp_20251007T0659402125_d_img_d18_x11520_y54400.png,0.2184,139.66,146.05,147.46,152.77
ch2_ohr_ncp_20251007T0659402125_d_img_d18_x11520_y54400.png,0.2173,261.09,24.44,269.92,37.56
ch2_ohr_ncp_20251007T0659402125_d_img_d18_x11520_y54400.png,0.2152,428.18,445.28,471.81,514.26
ch2_ohr_ncp_20251007T0659402125_d_img_d18_x11520_y54400.png,0.2146,321.7,443.39,346.74,475.5
ch2_ohr_ncp_20251007T0659402125_d_img_d18_x11520_y54400.png,0.2115,188.52,104.61,193.61,110.42
ch2_ohr_ncp_20251007T0659402125_d_img_d18_x11520_y54400.png,0.2106,170.04,405.03,176.39,413.29
ch2_ohr_ncp_20251007T0659402125_d_img_d18_x11520_y54400.png,0.2081,134.63,429.89,140.9,438.27
ch2_ohr_ncp_20251007T0659402125_d_img_d18_x11520_y54400.png,0.2065,236.19,406.36,242.24,413.16
ch2_ohr_ncp_20251007T0659402125_d_img_d18_x11520_y54400.png,0.2059,171.29,43.72,175.57,48.1
ch2_ohr_ncp_20251007T0659402125_d_img_d18_x11520_y54400.png,0.2055,83.62,168.74,96.75,189.72
ch2_ohr_ncp_20251007T0659402125_d_img_d18_x11520_y54400.png,0.2046,156.86,151.89,161.11,156.98
ch2_ohr_ncp_20251007T0659402125_d_img_d18_x11520_y54400.png,0.2034,102.84,17.41,118.68,39.41
ch2_ohr_ncp_20251007T0659402125_d_img_d18_x11520_y54400.png,0.2014,6.46,209.98,16.38,218.15
ch2_ohr_ncp_20251007T0659402125_d_img_d18_x11520_y54400.png,0.2004,180.55,205.82,188.8,215.39
ch2_ohr_ncp_20251007T0659402125_d_img_d18_x11520_y54400.png,0.2002,361.12,538.99,368.19,548.97
ch2_ohr_ncp_20251007T0659402125_d_img_d18_x11520_y55040.png,0.5022,254.84,22.52,277.2,60.21
ch2_ohr_ncp_20251007T0659402125_d_img_d18_x11520_y55040.png,0.4528,118.96,256.85,129.14,271.85
ch2_ohr_ncp_20251007T0659402125_d_img_d18_x11520_y55040.png,0.4374,246.16,626.63,255.47,638.22
ch2_ohr_ncp_20251007T0659402125_d_img_d18_x11520_y55040.png,0.4236,92.85,582.93,103.78,603.05
ch2_ohr_ncp_20251007T0659402125_d_img_d18_x11520_y55040.png,0.4187,287.52,327.54,296.52,337.34
ch2_ohr_ncp_20251007T0659402125_d_img_d18_x11520_y55040.png,0.4138,86.02,340.46,103.14,366.1
ch2_ohr_ncp_20251007T0659402125_d_img_d18_x11520_y55040.png,0.4099,167.07,481.27,176.25,497.54
ch2_ohr_ncp_20251007T0659402125_d_img_d18_x11520_y55040.png,0.4026,43.89,380.62,50.49,389.77
ch2_ohr_ncp_20251007T0659402125_d_img_d18_x11520_y55040.png,0.4007,425.25,632.03,433.68,638.85
ch2_ohr_ncp_20251007T0659402125_d_img_d18_x11520_y55040.png,0.3949,187.9,123.35,202.21,140.13
ch2_ohr_ncp_20251007T0659402125_d_img_d18_x11520_y55040.png,0.3812,114.14,304.16,163.98,392.2
ch2_ohr_ncp_20251007T0659402125_d_img_d18_x11520_y55040.png,0.3783,358.33,596.06,364.47,603.44
ch2_ohr_ncp_20251007T0659402125_d_img_d18_x11520_y55040.png,0.3777,417.72,474.99,424.68,485.49
ch2_ohr_ncp_20251007T0659402125_d_img_d18_x11520_y55040.png,0.3761,245.68,434.79,254.23,445.82
ch2_ohr_ncp_20251007T0659402125_d_img_d18_x11520_y55040.png,0.3747,205.06,460.56,212.61,471.68
ch2_ohr_ncp_20251007T0659402125_d_img_d18_x11520_y55040.png,0.3718,149.34,458.36,157.06,467.76
ch2_ohr_ncp_20251007T0659402125_d_img_d18_x11520_y55040.png,0.3629,3.45,98.21,31.0,139.16
ch2_ohr_ncp_20251007T0659402125_d_img_d18_x11520_y55040.png,0.3596,237.52,240.22,254.67,264.79
ch2_ohr_ncp_20251007T0659402125_d_img_d18_x11520_y55040.png,0.346,193.02,435.32,199.97,443.65
ch2_ohr_ncp_20251007T0659402125_d_img_d18_x11520_y55040.png,0.3451,60.91,374.81,67.33,382.85
ch2_ohr_ncp_20251007T0659402125_d_img_d18_x11520_y55040.png,0.3353,155.5,230.7,164.0,244.81
ch2_ohr_ncp_20251007T0659402125_d_img_d18_x11520_y55040.png,0.3343,142.23,279.0,147.47,285.01
ch2_ohr_ncp_20251007T0659402125_d_img_d18_x11520_y55040.png,0.3289,145.91,529.34,157.69,543.58
ch2_ohr_ncp_20251007T0659402125_d_img_d18_x11520_y55040.png,0.3221,405.01,630.41,418.12,640.0
ch2_ohr_ncp_20251007T0659402125_d_img_d18_x11520_y55040.png,0.3172,86.98,506.91,96.14,519.47
ch2_ohr_ncp_20251007T0659402125_d_img_d18_x11520_y55040.png,0.3029,432.75,59.37,440.47,68.87
ch2_ohr_ncp_20251007T0659402125_d_img_d18_x11520_y55040.png,0.2977,80.94,369.32,91.12,387.94
ch2_ohr_ncp_20251007T0659402125_d_img_d18_x11520_y55040.png,0.2966,165.37,442.7,177.34,460.38
ch2_ohr_ncp_20251007T0659402125_d_img_d18_x11520_y55040.png,0.2956,37.41,563.17,45.99,574.2
ch2_ohr_ncp_20251007T0659402125_d_img_d18_x11520_y55040.png,0.2939,361.12,443.54,366.89,450.4
ch2_ohr_ncp_20251007T0659402125_d_img_d18_x11520_y55040.png,0.2906,179.29,595.51,185.78,603.24
ch2_ohr_ncp_20251007T0659402125_d_img_d18_x11520_y55040.png,0.2871,250.6,4.06,266.48,22.75
ch2_ohr_ncp_20251007T0659402125_d_img_d18_x11520_y55040.png,0.2857,125.22,422.35,130.11,427.92
ch2_ohr_ncp_20251007T0659402125_d_img_d18_x11520_y55040.png,0.2846,34.01,161.68,41.59,172.69
ch2_ohr_ncp_20251007T0659402125_d_img_d18_x11520_y55040.png,0.2842,233.42,615.24,240.56,623.97
ch2_ohr_ncp_20251007T0659402125_d_img_d18_x11520_y55040.png,0.2694,247.79,487.55,257.4,498.42
ch2_ohr_ncp_20251007T0659402125_d_img_d18_x11520_y55040.png,0.26,225.25,512.77,233.41,522.37
ch2_ohr_ncp_20251007T0659402125_d_img_d18_x11520_y55040.png,0.26,13.62,143.48,22.89,154.47
ch2_ohr_ncp_20251007T0659402125_d_img_d18_x11520_y55040.png,0.2592,178.67,300.95,188.18,313.2
ch2_ohr_ncp_20251007T0659402125_d_img_d18_x11520_y55040.png,0.2563,245.38,470.53,251.41,476.75
ch2_ohr_ncp_20251007T0659402125_d_img_d18_x11520_y55040.png,0.2491,420.37,202.7,427.99,213.32
ch2_ohr_ncp_20251007T0659402125_d_img_d18_x11520_y55040.png,0.2488,217.97,108.02,226.23,116.68
ch2_ohr_ncp_20251007T0659402125_d_img_d18_x11520_y55040.png,0.2447,385.69,74.02,391.36,80.77
ch2_ohr_ncp_20251007T0659402125_d_img_d18_x11520_y55040.png,0.2425,21.19,247.16,27.6,253.87
ch2_ohr_ncp_20251007T0659402125_d_img_d18_x11520_y55040.png,0.242,436.35,382.49,442.62,389.26
ch2_ohr_ncp_20251007T0659402125_d_img_d18_x11520_y55040.png,0.2409,287.63,209.48,299.52,222.96
ch2_ohr_ncp_20251007T0659402125_d_img_d18_x11520_y55040.png,0.2393,80.22,357.95,85.65,364.83
ch2_ohr_ncp_20251007T0659402125_d_img_d18_x11520_y55040.png,0.2312,274.32,1.39,282.38,11.95
ch2_ohr_ncp_20251007T0659402125_d_img_d18_x11520_y55040.png,0.2241,165.02,151.51,175.45,161.97
ch2_ohr_ncp_20251007T0659402125_d_img_d18_x11520_y55040.png,0.2221,14.42,508.94,23.37,520.95
ch2_ohr_ncp_20251007T0659402125_d_img_d18_x11520_y55040.png,0.2187,235.47,201.75,240.95,208.24
ch2_ohr_ncp_20251007T0659402125_d_img_d18_x11520_y55040.png,0.2155,11.11,368.75,17.16,374.84
ch2_ohr_ncp_20251007T0659402125_d_img_d18_x11520_y55040.png,0.2127,146.56,131.98,154.11,140.08
ch2_ohr_ncp_20251007T0659402125_d_img_d18_x11520_y55040.png,0.2093,35.28,323.57,42.53,331.92
ch2_ohr_ncp_20251007T0659402125_d_img_d18_x11520_y55040.png,0.209,159.13,298.45,166.1,306.28
ch2_ohr_ncp_20251007T0659402125_d_img_d18_x11520_y55040.png,0.2081,0.0,608.18,27.06,639.79
ch2_ohr_ncp_20251007T0659402125_d_img_d18_x11520_y55040.png,0.2073,31.49,218.07,40.57,229.97
ch2_ohr_ncp_20251007T0659402125_d_img_d18_x11520_y55040.png,0.2037,358.34,596.52,363.93,605.35
ch2_ohr_ncp_20251007T0659402125_d_img_d18_x11520_y55040.png,0.2026,189.83,450.26,196.69,458.09
ch2_ohr_ncp_20251007T0659402125_d_img_d18_x11520_y55040.png,0.2021,329.71,316.07,336.21,322.78
ch2_ohr_ncp_20251007T0659402125_d_img_d18_x11520_y55680.png,0.5138,380.68,490.66,388.44,501.42
ch2_ohr_ncp_20251007T0659402125_d_img_d18_x11520_y55680.png,0.4556,421.04,0.23,440.52,30.17
ch2_ohr_ncp_20251007T0659402125_d_img_d18_x11520_y55680.png,0.4183,300.88,137.98,315.46,161.95
ch2_ohr_ncp_20251007T0659402125_d_img_d18_x11520_y55680.png,0.41,0.19,514.83,18.71,549.61
ch2_ohr_ncp_20251007T0659402125_d_img_d18_x11520_y55680.png,0.4052,246.82,487.07,262.23,506.58
ch2_ohr_ncp_20251007T0659402125_d_img_d18_x11520_y55680.png,0.4036,27.24,187.14,34.78,196.41
ch2_ohr_ncp_20251007T0659402125_d_img_d18_x11520_y55680.png,0.399,368.89,57.75,374.92,65.49
ch2_ohr_ncp_20251007T0659402125_d_img_d18_x11520_y55680.png,0.3907,27.05,205.48,43.35,225.87
ch2_ohr_ncp_20251007T0659402125_d_img_d18_x11520_y55680.png,0.375,99.52,632.77,106.81,639.49
ch2_ohr_ncp_20251007T0659402125_d_img_d18_x11520_y55680.png,0.3738,415.52,483.46,424.45,498.19
ch2_ohr_ncp_20251007T0659402125_d_img_d18_x11520_y55680.png,0.3733,36.16,630.67,40.91,637.02
ch2_ohr_ncp_20251007T0659402125_d_img_d18_x11520_y55680.png,0.3631,193.97,232.03,200.16,240.29
ch2_ohr_ncp_20251007T0659402125_d_img_d18_x11520_y55680.png,0.3571,451.83,337.13,458.39,346.12
ch2_ohr_ncp_20251007T0659402125_d_img_d18_x11520_y55680.png,0.3527,0.0,0.0,21.95,39.29
ch2_ohr_ncp_20251007T0659402125_d_img_d18_x11520_y55680.png,0.3499,424.28,445.35,432.75,457.06
ch2_ohr_ncp_20251007T0659402125_d_img_d18_x11520_y55680.png,0.3489,436.31,597.96,441.88,604.08
ch2_ohr_ncp_20251007T0659402125_d_img_d18_x11520_y55680.png,0.3462,261.05,451.77,270.33,465.39
ch2_ohr_ncp_20251007T0659402125_d_img_d18_x11520_y55680.png,0.3328,260.68,325.04,275.2,352.5
ch2_ohr_ncp_20251007T0659402125_d_img_d18_x11520_y55680.png,0.3319,130.08,36.73,139.12,50.4
ch2_ohr_ncp_20251007T0659402125_d_img_d18_x11520_y55680.png,0.3315,75.05,280.84,89.97,304.59
ch2_ohr_ncp_20251007T0659402125_d_img_d18_x11520_y55680.png,0.331,352.32,614.0,367.25,632.35
ch2_ohr_ncp_20251007T0659402125_d_img_d18_x11520_y55680.png,0.3289,106.01,360.77,114.0,369.54
ch2_ohr_ncp_20251007T0659402125_d_img_d18_x11520_y55680.png,0.3205,108.8,164.66,115.83,172.19
ch2_ohr_ncp_20251007T0659402125_d_img_d18_x11520_y55680.png,0.3188,1.62,209.88,6.32,215.78
ch2_ohr_ncp_20251007T0659402125_d_img_d18_x11520_y55680.png,0.3153,115.61,490.83,123.84,500.58
ch2_ohr_ncp_20251007T0659402125_d_img_d18_x11520_y55680.png,0.3149,269.62,399.48,276.21,406.71
ch2_ohr_ncp_20251007T0659402125_d_img_d18_x11520_y55680.png,0.3141,314.78,627.26,320.26,636.16
ch2_ohr_ncp_20251007T0659402125_d_img_d18_x11520_y55680.png,0.3131,116.25,473.62,121.91,481.12
ch2_ohr_ncp_20251007T0659402125_d_img_d18_x11520_y55680.png,0.2985,434.26,264.37,441.84,273.61
ch2_ohr_ncp_20251007T0659402125_d_img_d18_x11520_y55680.png,0.2957,417.88,40.28,424.67,50.52
ch2_ohr_ncp_20251007T0659402125_d_img_d18_x11520_y55680.png,0.2947,147.32,610.07,155.56,623.56
ch2_ohr_ncp_20251007T0659402125_d_img_d18_x11520_y55680.png,0.2898,401.03,421.85,410.55,435.69
ch2_ohr_ncp_20251007T0659402125_d_img_d18_x11520_y55680.png,0.2889,40.16,613.94,46.43,621.83
ch2_ohr_ncp_20251007T0659402125_d_img_d18_x11520_y55680.png,0.2888,36.88,630.17,41.97,637.11
ch2_ohr_ncp_20251007T0659402125_d_img_d18_x11520_y55680.png,0.2847,114.86,500.11,120.49,508.95
ch2_ohr_ncp_20251007T0659402125_d_img_d18_x11520_y55680.png,0.2777,340.13,360.09,347.2,367.57
ch2_ohr_ncp_20251007T0659402125_d_img_d18_x11520_y55680.png,0.2754,417.54,332.12,426.11,343.07
ch2_ohr_ncp_20251007T0659402125_d_img_d18_x11520_y55680.png,0.2697,318.16,312.36,325.88,321.21
ch2_ohr_ncp_20251007T0659402125_d_img_d18_x11520_y55680.png,0.2687,96.34,266.64,108.18,284.39
ch2_ohr_ncp_20251007T0659402125_d_img_d18_x11520_y55680.png,0.2658,374.39,427.67,382.23,439.62
ch2_ohr_ncp_20251007T0659402125_d_img_d18_x11520_y55680.png,0.2649,140.42,461.26,146.77,468.35
ch2_ohr_ncp_20251007T0659402125_d_img_d18_x11520_y55680.png,0.2468,122.13,288.24,129.03,296.15
ch2_ohr_ncp_20251007T0659402125_d_img_d18_x11520_y55680.png,0.2428,369.31,629.49,376.46,638.29
ch2_ohr_ncp_20251007T0659402125_d_img_d18_x11520_y55680.png,0.2376,359.1,479.99,366.92,488.53
ch2_ohr_ncp_20251007T0659402125_d_img_d18_x11520_y55680.png,0.2312,164.79,299.49,172.34,311.49
ch2_ohr_ncp_20251007T0659402125_d_img_d18_x11520_y55680.png,0.2294,333.65,405.8,344.07,418.89
ch2_ohr_ncp_20251007T0659402125_d_img_d18_x11520_y55680.png,0.2287,200.74,295.42,205.49,301.07
ch2_ohr_ncp_20251007T0659402125_d_img_d18_x11520_y55680.png,0.2236,186.06,258.51,193.07,267.43
ch2_ohr_ncp_20251007T0659402125_d_img_d18_x11520_y55680.png,0.2145,244.84,342.4,252.31,351.16
ch2_ohr_ncp_20251007T0659402125_d_img_d18_x11520_y55680.png,0.2134,210.06,561.9,216.23,571.02
ch2_ohr_ncp_20251007T0659402125_d_img_d18_x11520_y55680.png,0.209,426.91,408.7,433.23,415.93
ch2_ohr_ncp_20251007T0659402125_d_img_d18_x11520_y55680.png,0.2083,331.91,611.7,336.96,618.24
ch2_ohr_ncp_20251007T0659402125_d_img_d18_x11520_y55680.png,0.2079,424.53,24.15,436.97,38.14
ch2_ohr_ncp_20251007T0659402125_d_img_d18_x11520_y55680.png,0.2049,33.23,230.56,62.7,271.0
ch2_ohr_ncp_20251007T0659402125_d_img_d18_x11520_y55680.png,0.2035,171.96,0.0,213.43,24.32
ch2_ohr_ncp_20251007T0659402125_d_img_d18_x11520_y55680.png,0.2021,117.34,519.63,121.9,525.54
ch2_ohr_ncp_20251007T0659402125_d_img_d18_x11520_y55680.png,0.2005,449.5,0.0,481.11,27.58
ch2_ohr_ncp_20251007T0659402125_d_img_d18_x11520_y56320.png,0.6043,287.68,494.67,313.05,537.09
ch2_ohr_ncp_20251007T0659402125_d_img_d18_x11520_y56320.png,0.5596,244.15,567.7,259.93,596.02
ch2_ohr_ncp_20251007T0659402125_d_img_d18_x11520_y56320.png,0.5333,204.72,615.05,215.32,634.52
ch2_ohr_ncp_20251007T0659402125_d_img_d18_x11520_y56320.png,0.5307,61.11,246.01,94.41,293.17
ch2_ohr_ncp_20251007T0659402125_d_img_d18_x11520_y56320.png,0.5011,375.86,136.0,397.19,168.09
ch2_ohr_ncp_20251007T0659402125_d_img_d18_x11520_y56320.png,0.3878,431.15,495.3,439.01,504.49
ch2_ohr_ncp_20251007T0659402125_d_img_d18_x11520_y56320.png,0.3804,265.89,524.79,272.76,532.1
ch2_ohr_ncp_20251007T0659402125_d_img_d18_x11520_y56320.png,0.3801,107.09,622.17,112.53,629.54
ch2_ohr_ncp_20251007T0659402125_d_img_d18_x11520_y56320.png,0.3766,39.53,250.21,50.49,268.92
ch2_ohr_ncp_20251007T0659402125_d_img_d18_x11520_y56320.png,0.3547,56.42,390.15,64.91,400.39
ch2_ohr_ncp_20251007T0659402125_d_img_d18_x11520_y56320.png,0.3509,132.18,424.42,142.2,439.7
ch2_ohr_ncp_20251007T0659402125_d_img_d18_x11520_y56320.png,0.3395,414.43,146.23,436.32,179.23
ch2_ohr_ncp_20251007T0659402125_d_img_d18_x11520_y56320.png,0.3185,22.83,478.85,30.02,487.69
ch2_ohr_ncp_20251007T0659402125_d_img_d18_x11520_y56320.png,0.3097,26.12,380.51,33.74,391.81
ch2_ohr_ncp_20251007T0659402125_d_img_d18_x11520_y56320.png,0.3086,427.54,452.38,435.04,463.56
ch2_ohr_ncp_20251007T0659402125_d_img_d18_x11520_y56320.png,0.3077,218.91,403.71,225.82,412.17
ch2_ohr_ncp_20251007T0659402125_d_img_d18_x11520_y56320.png,0.3013,195.95,569.12,201.05,575.16
ch2_ohr_ncp_20251007T0659402125_d_img_d18_x11520_y56320.png,0.2985,117.36,581.88,123.52,588.96
ch2_ohr_ncp_20251007T0659402125_d_img_d18_x11520_y56320.png,0.2908,115.04,571.34,123.01,580.9
ch2_ohr_ncp_20251007T0659402125_d_img_d18_x11520_y56320.png,0.2907,403.81,337.58,410.03,344.17
ch2_ohr_ncp_20251007T0659402125_d_img_d18_x11520_y56320.png,0.2889,288.14,45.88,299.29,61.04
ch2_ohr_ncp_20251007T0659402125_d_img_d18_x11520_y56320.png,0.2792,169.77,358.08,178.27,370.23
ch2_ohr_ncp_20251007T0659402125_d_img_d18_x11520_y56320.png,0.2748,155.15,477.36,161.78,485.87
ch2_ohr_ncp_20251007T0659402125_d_img_d18_x11520_y56320.png,0.2742,116.4,571.37,124.28,581.37
ch2_ohr_ncp_20251007T0659402125_d_img_d18_x11520_y56320.png,0.2713,177.35,187.69,184.98,198.16
ch2_ohr_ncp_20251007T0659402125_d_img_d18_x11520_y56320.png,0.2711,306.62,157.6,314.73,166.05
ch2_ohr_ncp_20251007T0659402125_d_img_d18_x11520_y56320.png,0.2703,84.14,419.55,98.06,438.13
ch2_ohr_ncp_20251007T0659402125_d_img_d18_x11520_y56320.png,0.2666,293.44,413.59,300.96,423.11
ch2_ohr_ncp_20251007T0659402125_d_img_d18_x11520_y56320.png,0.2645,356.1,511.08,365.99,524.61
ch2_ohr_ncp_20251007T0659402125_d_img_d18_x11520_y56320.png,0.2639,111.05,300.23,123.65,316.67
ch2_ohr_ncp_20251007T0659402125_d_img_d18_x11520_y56320.png,0.2551,362.04,367.26,377.8,385.37
ch2_ohr_ncp_20251007T0659402125_d_img_d18_x11520_y56320.png,0.2483,458.93,139.67,466.06,149.7
ch2_ohr_ncp_20251007T0659402125_d_img_d18_x11520_y56320.png,0.248,419.04,378.01,425.19,384.83
ch2_ohr_ncp_20251007T0659402125_d_img_d18_x11520_y56320.png,0.2453,62.38,633.66,69.51,639.73
ch2_ohr_ncp_20251007T0659402125_d_img_d18_x11520_y56320.png,0.2436,131.37,542.45,136.52,548.6
ch2_ohr_ncp_20251007T0659402125_d_img_d18_x11520_y56320.png,0.2434,127.62,630.66,146.04,640.0
ch2_ohr_ncp_20251007T0659402125_d_img_d18_x11520_y56320.png,0.2428,430.58,387.28,437.28,394.49
ch2_ohr_ncp_20251007T0659402125_d_img_d18_x11520_y56320.png,0.2351,178.72,168.3,183.61,173.48
ch2_ohr_ncp_20251007T0659402125_d_img_d18_x11520_y56320.png,0.2344,375.1,540.66,386.22,552.64
ch2_ohr_ncp_20251007T0659402125_d_img_d18_x11520_y56320.png,0.2339,149.39,630.99,159.47,639.67
ch2_ohr_ncp_20251007T0659402125_d_img_d18_x11520_y56320.png,0.2319,14.6,251.94,24.74,263.44
ch2_ohr_ncp_20251007T0659402125_d_img_d18_x11520_y56320.png,0.2313,344.75,149.1,353.79,161.37
ch2_ohr_ncp_20251007T0659402125_d_img_d18_x11520_y56320.png,0.2271,368.08,557.61,376.14,569.21
ch2_ohr_ncp_20251007T0659402125_d_img_d18_x11520_y56320.png,0.2265,367.75,497.19,376.06,504.99
ch2_ohr_ncp_20251007T0659402125_d_img_d18_x11520_y56320.png,0.2204,350.59,84.97,360.23,96.46
ch2_ohr_ncp_20251007T0659402125_d_img_d18_x11520_y56320.png,0.2199,464.05,581.5,469.46,588.54
ch2_ohr_ncp_20251007T0659402125_d_img_d18_x11520_y56320.png,0.2159,415.39,575.56,432.1,596.39
ch2_ohr_ncp_20251007T0659402125_d_img_d18_x11520_y56320.png,0.2118,321.95,181.0,333.09,191.47
ch2_ohr_ncp_20251007T0659402125_d_img_d18_x11520_y56320.png,0.211,178.91,534.74,198.38,557.84
ch2_ohr_ncp_20251007T0659402125_d_img_d18_x11520_y56320.png,0.2031,25.45,603.77,32.53,612.5
ch2_ohr_ncp_20251007T0659402125_d_img_d18_x11520_y56960.png,0.5808,154.44,454.01,176.92,485.38
ch2_ohr_ncp_20251007T0659402125_d_img_d18_x11520_y56960.png,0.5303,285.48,547.46,302.62,574.17
ch2_ohr_ncp_20251007T0659402125_d_img_d18_x11520_y56960.png,0.4564,253.96,557.73,265.81,576.45
ch2_ohr_ncp_20251007T0659402125_d_img_d18_x11520_y56960.png,0.4492,376.74,486.9,395.79,516.8
ch2_ohr_ncp_20251007T0659402125_d_img_d18_x11520_y56960.png,0.4165,57.89,54.2,63.73,61.0
ch2_ohr_ncp_20251007T0659402125_d_img_d18_x11520_y56960.png,0.403,351.51,5.04,398.62,81.24
ch2_ohr_ncp_20251007T0659402125_d_img_d18_x11520_y56960.png,0.3972,144.94,587.16,153.08,598.97
ch2_ohr_ncp_20251007T0659402125_d_img_d18_x11520_y56960.png,0.3889,268.18,306.01,275.74,315.19
ch2_ohr_ncp_20251007T0659402125_d_img_d18_x11520_y56960.png,0.3858,14.4,374.0,28.38,396.22
ch2_ohr_ncp_20251007T0659402125_d_img_d18_x11520_y56960.png,0.3841,70.59,522.08,99.8,572.72
ch2_ohr_ncp_20251007T0659402125_d_img_d18_x11520_y56960.png,0.3431,114.36,14.74,121.53,22.66
ch2_ohr_ncp_20251007T0659402125_d_img_d18_x11520_y56960.png,0.3369,137.85,49.99,150.95,73.69
ch2_ohr_ncp_20251007T0659402125_d_img_d18_x11520_y56960.png,0.3364,308.89,14.06,315.01,20.41
ch2_ohr_ncp_20251007T0659402125_d_img_d18_x11520_y56960.png,0.3315,195.07,367.69,209.62,381.72
ch2_ohr_ncp_20251007T0659402125_d_img_d18_x11520_y56960.png,0.3278,140.15,233.15,150.2,248.53
ch2_ohr_ncp_20251007T0659402125_d_img_d18_x11520_y56960.png,0.3273,90.25,67.09,98.09,76.04
ch2_ohr_ncp_20251007T0659402125_d_img_d18_x11520_y56960.png,0.3247,168.21,343.71,175.45,351.29
ch2_ohr_ncp_20251007T0659402125_d_img_d18_x11520_y56960.png,0.3178,201.11,100.28,205.58,106.15
ch2_ohr_ncp_20251007T0659402125_d_img_d18_x11520_y56960.png,0.3153,360.88,146.54,367.02,154.29
ch2_ohr_ncp_20251007T0659402125_d_img_d18_x11520_y56960.png,0.3144,241.31,378.53,250.3,392.29
ch2_ohr_ncp_20251007T0659402125_d_img_d18_x11520_y56960.png,0.3054,90.76,320.14,96.97,327.56
ch2_ohr_ncp_20251007T0659402125_d_img_d18_x11520_y56960.png,0.3009,137.88,378.58,144.05,384.68
ch2_ohr_ncp_20251007T0659402125_d_img_d18_x11520_y56960.png,0.2958,121.57,380.67,127.47,387.94
ch2_ohr_ncp_20251007T0659402125_d_img_d18_x11520_y56960.png,0.2908,354.72,127.09,360.37,133.69
ch2_ohr_ncp_20251007T0659402125_d_img_d18_x11520_y56960.png,0.288,413.01,299.61,421.87,312.21
ch2_ohr_ncp_20251007T0659402125_d_img_d18_x11520_y56960.png,0.2872,4.33,627.59,20.57,639.88
ch2_ohr_ncp_20251007T0659402125_d_img_d18_x11520_y56960.png,0.287,38.41,58.61,46.29,70.47
ch2_ohr_ncp_20251007T0659402125_d_img_d18_x11520_y56960.png,0.285,185.43,8.25,192.47,19.08
ch2_ohr_ncp_20251007T0659402125_d_img_d18_x11520_y56960.png,0.2742,252.85,320.57,261.37,331.63
ch2_ohr_ncp_20251007T0659402125_d_img_d18_x11520_y56960.png,0.271,259.46,294.29,270.04,306.74
ch2_ohr_ncp_20251007T0659402125_d_img_d18_x11520_y56960.png,0.2677,203.5,340.18,208.93,346.29
ch2_ohr_ncp_20251007T0659402125_d_img_d18_x11520_y56960.png,0.2655,418.0,535.49,422.97,541.89
ch2_ohr_ncp_20251007T0659402125_d_img_d18_x11520_y56960.png,0.2648,233.45,92.51,239.16,99.57
ch2_ohr_ncp_20251007T0659402125_d_img_d18_x11520_y56960.png,0.2641,84.66,583.77,91.63,591.24
ch2_ohr_ncp_20251007T0659402125_d_img_d18_x11520_y56960.png,0.2634,438.19,242.25,447.01,257.23
ch2_ohr_ncp_20251007T0659402125_d_img_d18_x11520_y56960.png,0.2598,16.13,149.37,24.82,160.07
ch2_ohr_ncp_20251007T0659402125_d_img_d18_x11520_y56960.png,0.2539,88.41,263.68,105.68,290.96
ch2_ohr_ncp_20251007T0659402125_d_img_d18_x11520_y56960.png,0.253,362.62,250.99,368.86,259.43
ch2_ohr_ncp_20251007T0659402125_d_img_d18_x11520_y56960.png,0.2504,276.03,316.28,282.71,328.0
ch2_ohr_ncp_20251007T0659402125_d_img_d18_x11520_y56960.png,0.2492,40.53,574.01,52.64,595.26
ch2_ohr_ncp_20251007T0659402125_d_img_d18_x11520_y56960.png,0.2474,443.83,168.24,452.08,178.21
ch2_ohr_ncp_20251007T0659402125_d_img_d18_x11520_y56960.png,0.2474,423.31,387.6,429.56,396.13
ch2_ohr_ncp_20251007T0659402125_d_img_d18_x11520_y56960.png,0.2446,100.18,400.88,110.64,411.88
ch2_ohr_ncp_20251007T0659402125_d_img_d18_x11520_y56960.png,0.2433,428.26,153.34,435.65,162.01
ch2_ohr_ncp_20251007T0659402125_d_img_d18_x11520_y56960.png,0.2424,273.9,253.3,279.91,259.55
ch2_ohr_ncp_20251007T0659402125_d_img_d18_x11520_y56960.png,0.242,46.99,388.82,57.96,404.08
ch2_ohr_ncp_20251007T0659402125_d_img_d18_x11520_y56960.png,0.2411,328.63,431.42,336.38,440.22
ch2_ohr_ncp_20251007T0659402125_d_img_d18_x11520_y56960.png,0.2406,444.5,208.48,455.09,224.6
ch2_ohr_ncp_20251007T0659402125_d_img_d18_x11520_y56960.png,0.2399,190.86,360.54,196.23,367.26
ch2_ohr_ncp_20251007T0659402125_d_img_d18_x11520_y56960.png,0.2366,183.9,46.38,195.28,69.29
ch2_ohr_ncp_20251007T0659402125_d_img_d18_x11520_y56960.png,0.2314,341.58,252.86,349.71,265.77
ch2_ohr_ncp_20251007T0659402125_d_img_d18_x11520_y56960.png,0.2298,274.48,450.44,280.82,457.79
ch2_ohr_ncp_20251007T0659402125_d_img_d18_x11520_y56960.png,0.2291,15.05,264.02,23.71,273.63
ch2_ohr_ncp_20251007T0659402125_d_img_d18_x11520_y56960.png,0.229,196.67,231.19,202.11,237.9
ch2_ohr_ncp_20251007T0659402125_d_img_d18_x11520_y56960.png,0.2265,86.22,47.21,93.49,54.67
ch2_ohr_ncp_20251007T0659402125_d_img_d18_x11520_y56960.png,0.2257,63.55,212.72,84.68,239.95
ch2_ohr_ncp_20251007T0659402125_d_img_d18_x11520_y56960.png,0.2246,162.05,285.24,169.34,295.64
ch2_ohr_ncp_20251007T0659402125_d_img_d18_x11520_y56960.png,0.2238,310.48,91.86,319.04,101.84
ch2_ohr_ncp_20251007T0659402125_d_img_d18_x11520_y56960.png,0.2233,427.94,291.64,439.68,310.87
ch2_ohr_ncp_20251007T0659402125_d_img_d18_x11520_y56960.png,0.2219,57.47,408.77,64.19,418.34
ch2_ohr_ncp_20251007T0659402125_d_img_d18_x11520_y56960.png,0.2207,66.58,214.49,84.28,237.14
ch2_ohr_ncp_20251007T0659402125_d_img_d18_x11520_y56960.png,0.2205,59.08,200.68,63.92,206.1
ch2_ohr_ncp_20251007T0659402125_d_img_d18_x11520_y56960.png,0.2192,98.56,114.36,106.94,124.61
ch2_ohr_ncp_20251007T0659402125_d_img_d18_x11520_y56960.png,0.2145,155.34,0.8,178.56,30.5
ch2_ohr_ncp_20251007T0659402125_d_img_d18_x11520_y56960.png,0.2132,325.28,8.09,330.99,14.68
ch2_ohr_ncp_20251007T0659402125_d_img_d18_x11520_y56960.png,0.2119,97.32,234.23,108.94,252.95
ch2_ohr_ncp_20251007T0659402125_d_img_d18_x11520_y56960.png,0.2,134.55,15.02,142.56,24.45
ch2_ohr_ncp_20251007T0659402125_d_img_d18_x11520_y57600.png,0.6792,363.43,440.53,394.24,485.61
ch2_ohr_ncp_20251007T0659402125_d_img_d18_x11520_y57600.png,0.5619,191.78,395.09,219.21,435.91
ch2_ohr_ncp_20251007T0659402125_d_img_d18_x11520_y57600.png,0.5294,138.57,218.05,156.31,239.59
ch2_ohr_ncp_20251007T0659402125_d_img_d18_x11520_y57600.png,0.5141,441.23,27.92,450.85,39.54
ch2_ohr_ncp_20251007T0659402125_d_img_d18_x11520_y57600.png,0.513,32.9,280.16,41.74,291.77
ch2_ohr_ncp_20251007T0659402125_d_img_d18_x11520_y57600.png,0.4905,176.44,71.6,196.38,100.62
ch2_ohr_ncp_20251007T0659402125_d_img_d18_x11520_y57600.png,0.4622,420.88,59.79,430.63,76.16
ch2_ohr_ncp_20251007T0659402125_d_img_d18_x11520_y57600.png,0.4593,407.98,153.93,421.64,179.28
ch2_ohr_ncp_20251007T0659402125_d_img_d18_x11520_y57600.png,0.4421,137.28,95.82,145.39,107.72
ch2_ohr_ncp_20251007T0659402125_d_img_d18_x11520_y57600.png,0.434,356.22,103.57,363.76,113.42
ch2_ohr_ncp_20251007T0659402125_d_img_d18_x11520_y57600.png,0.4182,378.79,360.79,388.24,371.19
ch2_ohr_ncp_20251007T0659402125_d_img_d18_x11520_y57600.png,0.4123,433.34,567.06,446.77,588.73
ch2_ohr_ncp_20251007T0659402125_d_img_d18_x11520_y57600.png,0.392,297.53,235.79,303.82,243.38
ch2_ohr_ncp_20251007T0659402125_d_img_d18_x11520_y57600.png,0.3892,167.96,97.39,177.65,109.12
ch2_ohr_ncp_20251007T0659402125_d_img_d18_x11520_y57600.png,0.3638,4.11,382.43,10.25,391.44
ch2_ohr_ncp_20251007T0659402125_d_img_d18_x11520_y57600.png,0.3587,224.83,315.21,239.31,333.38
ch2_ohr_ncp_20251007T0659402125_d_img_d18_x11520_y57600.png,0.3529,230.77,403.67,237.25,411.67
ch2_ohr_ncp_20251007T0659402125_d_img_d18_x11520_y57600.png,0.3524,325.02,202.45,331.51,209.86
ch2_ohr_ncp_20251007T0659402125_d_img_d18_x11520_y57600.png,0.3435,73.79,383.28,81.63,394.37
ch2_ohr_ncp_20251007T0659402125_d_img_d18_x11520_y57600.png,0.3421,206.01,633.22,214.26,639.46
ch2_ohr_ncp_20251007T0659402125_d_img_d18_x11520_y57600.png,0.3421,426.29,119.93,433.21,126.96
ch2_ohr_ncp_20251007T0659402125_d_img_d18_x11520_y57600.png,0.3375,79.75,19.2,95.72,49.47
ch2_ohr_ncp_20251007T0659402125_d_img_d18_x11520_y57600.png,0.3336,27.83,512.56,34.96,522.17
ch2_ohr_ncp_20251007T0659402125_d_img_d18_x11520_y57600.png,0.3189,190.47,396.8,214.72,432.35
ch2_ohr_ncp_20251007T0659402125_d_img_d18_x11520_y57600.png,0.3152,60.28,446.71,81.99,473.56
ch2_ohr_ncp_20251007T0659402125_d_img_d18_x11520_y57600.png,0.3062,67.5,281.2,74.81,291.25
ch2_ohr_ncp_20251007T0659402125_d_img_d18_x11520_y57600.png,0.3058,102.09,354.47,110.71,364.51
ch2_ohr_ncp_20251007T0659402125_d_img_d18_x11520_y57600.png,0.2963,194.46,434.63,200.15,441.6
ch2_ohr_ncp_20251007T0659402125_d_img_d18_x11520_y57600.png,0.2823,0.37,536.7,13.94,564.98
ch2_ohr_ncp_20251007T0659402125_d_img_d18_x11520_y57600.png,0.2818,432.79,625.03,440.08,634.72
ch2_ohr_ncp_20251007T0659402125_d_img_d18_x11520_y57600.png,0.2815,103.35,215.29,114.17,227.0
ch2_ohr_ncp_20251007T0659402125_d_img_d18_x11520_y57600.png,0.2736,81.89,354.24,98.75,372.85
ch2_ohr_ncp_20251007T0659402125_d_img_d18_x11520_y57600.png,0.2703,60.66,270.41,67.68,278.93
ch2_ohr_ncp_20251007T0659402125_d_img_d18_x11520_y57600.png,0.2664,427.24,22.15,436.56,31.37
ch2_ohr_ncp_20251007T0659402125_d_img_d18_x11520_y57600.png,0.263,0.65,217.7,37.09,252.38
ch2_ohr_ncp_20251007T0659402125_d_img_d18_x11520_y57600.png,0.2629,447.52,10.8,453.31,15.94
ch2_ohr_ncp_20251007T0659402125_d_img_d18_x11520_y57600.png,0.2594,461.8,39.37,466.66,45.56
ch2_ohr_ncp_20251007T0659402125_d_img_d18_x11520_y57600.png,0.2583,356.22,91.23,362.18,97.55
ch2_ohr_ncp_20251007T0659402125_d_img_d18_x11520_y57600.png,0.2549,299.19,33.08,317.24,56.35
ch2_ohr_ncp_20251007T0659402125_d_img_d18_x11520_y57600.png,0.2543,368.64,294.77,382.84,314.78
ch2_ohr_ncp_20251007T0659402125_d_img_d18_x11520_y57600.png,0.2501,371.14,337.09,376.98,343.04
ch2_ohr_ncp_20251007T0659402125_d_img_d18_x11520_y57600.png,0.2491,346.65,242.89,373.89,281.53
ch2_ohr_ncp_20251007T0659402125_d_img_d18_x11520_y57600.png,0.2436,414.19,25.9,421.41,34.59
ch2_ohr_ncp_20251007T0659402125_d_img_d18_x11520_y57600.png,0.2435,82.32,457.92,108.59,490.01
ch2_ohr_ncp_20251007T0659402125_d_img_d18_x11520_y57600.png,0.2426,409.13,14.83,414.87,22.85
ch2_ohr_ncp_20251007T0659402125_d_img_d18_x11520_y57600.png,0.2399,166.15,28.77,177.08,43.31
ch2_ohr_ncp_20251007T0659402125_d_img_d18_x11520_y57600.png,0.2386,80.13,21.45,98.84,52.78
ch2_ohr_ncp_20251007T0659402125_d_img_d18_x11520_y57600.png,0.2365,0.86,58.24,9.06,68.63
ch2_ohr_ncp_20251007T0659402125_d_img_d18_x11520_y57600.png,0.2304,427.5,121.16,433.92,127.25
ch2_ohr_ncp_20251007T0659402125_d_img_d18_x11520_y57600.png,0.2299,55.32,130.37,61.01,137.38
ch2_ohr_ncp_20251007T0659402125_d_img_d18_x11520_y57600.png,0.2285,330.41,240.94,342.32,261.95
ch2_ohr_ncp_20251007T0659402125_d_img_d18_x11520_y57600.png,0.2241,169.65,376.06,183.61,388.9
ch2_ohr_ncp_20251007T0659402125_d_img_d18_x11520_y57600.png,0.2229,415.59,390.14,435.61,410.82
ch2_ohr_ncp_20251007T0659402125_d_img_d18_x11520_y57600.png,0.2221,42.58,336.87,49.63,346.84
ch2_ohr_ncp_20251007T0659402125_d_img_d18_x11520_y57600.png,0.2216,400.29,73.65,405.24,79.55
ch2_ohr_ncp_20251007T0659402125_d_img_d18_x11520_y57600.png,0.22,333.92,476.16,340.42,484.1
ch2_ohr_ncp_20251007T0659402125_d_img_d18_x11520_y57600.png,0.217,172.84,260.34,179.32,266.97
ch2_ohr_ncp_20251007T0659402125_d_img_d18_x11520_y57600.png,0.2082,77.67,129.8,95.25,153.0
ch2_ohr_ncp_20251007T0659402125_d_img_d18_x11520_y57600.png,0.2075,410.75,271.53,425.5,287.27
ch2_ohr_ncp_20251007T0659402125_d_img_d18_x11520_y57600.png,0.201,173.75,259.94,179.96,266.55
ch2_ohr_ncp_20251007T0659402125_d_img_d18_x11520_y57600.png,0.2006,435.09,570.91,447.5,589.18
ch2_ohr_ncp_20251007T0659402125_d_img_d18_x11520_y58240.png,0.4551,391.53,491.88,402.9,511.98
ch2_ohr_ncp_20251007T0659402125_d_img_d18_x11520_y58240.png,0.3629,421.62,576.11,459.43,623.97
ch2_ohr_ncp_20251007T0659402125_d_img_d18_x11520_y58240.png,0.3296,172.67,328.7,178.42,335.54
ch2_ohr_ncp_20251007T0659402125_d_img_d18_x11520_y58240.png,0.3118,338.89,0.68,357.94,35.01
ch2_ohr_ncp_20251007T0659402125_d_img_d18_x11520_y58240.png,0.2705,19.62,123.47,26.59,134.92
ch2_ohr_ncp_20251007T0659402125_d_img_d18_x11520_y58240.png,0.2704,405.05,449.59,419.94,470.58
ch2_ohr_ncp_20251007T0659402125_d_img_d18_x11520_y58240.png,0.24,291.92,360.23,298.69,368.54
ch2_ohr_ncp_20251007T0659402125_d_img_d18_x11520_y58240.png,0.2397,455.02,548.69,463.26,559.68
ch2_ohr_ncp_20251007T0659402125_d_img_d18_x11520_y58240.png,0.2201,125.81,164.97,141.24,180.58
ch2_ohr_ncp_20251007T0659402125_d_img_d18_x11520_y58240.png,0.2159,448.24,632.42,458.01,639.23
ch2_ohr_ncp_20251007T0659402125_d_img_d18_x11520_y58240.png,0.2158,21.74,416.16,33.35,434.01
ch2_ohr_ncp_20251007T0659402125_d_img_d18_x11520_y58880.png,0.5498,141.63,206.46,161.49,237.45
ch2_ohr_ncp_20251007T0659402125_d_img_d18_x11520_y58880.png,0.5102,24.15,355.53,43.69,388.44
ch2_ohr_ncp_20251007T0659402125_d_img_d18_x11520_y58880.png,0.4405,430.19,0.0,446.91,18.34
ch2_ohr_ncp_20251007T0659402125_d_img_d18_x11520_y58880.png,0.4078,378.25,617.65,387.26,629.56
ch2_ohr_ncp_20251007T0659402125_d_img_d18_x11520_y58880.png,0.3686,122.63,537.16,129.85,547.17
ch2_ohr_ncp_20251007T0659402125_d_img_d18_x11520_y58880.png,0.346,423.22,53.84,431.31,65.22
ch2_ohr_ncp_20251007T0659402125_d_img_d18_x11520_y58880.png,0.3438,25.95,603.11,72.0,640.0
ch2_ohr_ncp_20251007T0659402125_d_img_d18_x11520_y58880.png,0.342,345.52,332.81,351.23,339.28
ch2_ohr_ncp_20251007T0659402125_d_img_d18_x11520_y58880.png,0.3284,304.68,150.69,312.25,159.52
ch2_ohr_ncp_20251007T0659402125_d_img_d18_x11520_y58880.png,0.3133,91.08,201.81,98.59,210.6
ch2_ohr_ncp_20251007T0659402125_d_img_d18_x11520_y58880.png,0.3102,323.58,573.87,336.55,594.5
ch2_ohr_ncp_20251007T0659402125_d_img_d18_x11520_y58880.png,0.3034,0.0,344.33,5.53,355.53
ch2_ohr_ncp_20251007T0659402125_d_img_d18_x11520_y58880.png,0.2867,199.94,479.89,207.44,492.41
ch2_ohr_ncp_20251007T0659402125_d_img_d18_x11520_y58880.png,0.2815,294.93,617.04,303.85,630.93
ch2_ohr_ncp_20251007T0659402125_d_img_d18_x11520_y58880.png,0.2813,0.49,412.59,8.46,424.83
ch2_ohr_ncp_20251007T0659402125_d_img_d18_x11520_y58880.png,0.2805,5.51,484.96,16.24,501.35
ch2_ohr_ncp_20251007T0659402125_d_img_d18_x11520_y58880.png,0.2795,428.84,23.49,438.26,37.2
ch2_ohr_ncp_20251007T0659402125_d_img_d18_x11520_y58880.png,0.2751,119.48,94.22,128.19,110.06
ch2_ohr_ncp_20251007T0659402125_d_img_d18_x11520_y58880.png,0.2604,367.84,245.5,375.8,259.08
ch2_ohr_ncp_20251007T0659402125_d_img_d18_x11520_y58880.png,0.2591,329.25,335.23,334.19,340.52
ch2_ohr_ncp_20251007T0659402125_d_img_d18_x11520_y58880.png,0.2584,399.56,40.01,406.68,53.36
ch2_ohr_ncp_20251007T0659402125_d_img_d18_x11520_y58880.png,0.2524,19.37,534.46,23.7,539.16
ch2_ohr_ncp_20251007T0659402125_d_img_d18_x11520_y58880.png,0.2516,28.26,329.41,34.9,336.99
ch2_ohr_ncp_20251007T0659402125_d_img_d18_x11520_y58880.png,0.2392,404.22,587.69,410.34,594.05
ch2_ohr_ncp_20251007T0659402125_d_img_d18_x11520_y58880.png,0.2327,91.56,418.22,97.71,424.41
ch2_ohr_ncp_20251007T0659402125_d_img_d18_x11520_y58880.png,0.2306,457.33,469.46,463.22,476.46
ch2_ohr_ncp_20251007T0659402125_d_img_d18_x11520_y58880.png,0.2294,48.35,397.24,54.99,405.54
ch2_ohr_ncp_20251007T0659402125_d_img_d18_x11520_y58880.png,0.2244,446.88,240.01,452.38,247.3
ch2_ohr_ncp_20251007T0659402125_d_img_d18_x11520_y58880.png,0.2242,353.71,460.09,362.48,471.82
ch2_ohr_ncp_20251007T0659402125_d_img_d18_x11520_y58880.png,0.2172,162.75,360.96,169.0,368.89
ch2_ohr_ncp_20251007T0659402125_d_img_d18_x11520_y58880.png,0.2098,93.1,285.97,97.92,291.93
ch2_ohr_ncp_20251007T0659402125_d_img_d18_x11520_y58880.png,0.2081,248.99,496.02,257.26,506.89
ch2_ohr_ncp_20251007T0659402125_d_img_d18_x11520_y58880.png,0.2009,1.36,410.71,9.49,424.98
ch2_ohr_ncp_20251007T0659402125_d_img_d18_x11520_y58880.png,0.2007,386.02,359.97,392.09,368.56
ch2_ohr_ncp_20251007T0659402125_d_img_d18_x11520_y59520.png,0.4842,140.66,139.1,152.64,157.2
ch2_ohr_ncp_20251007T0659402125_d_img_d18_x11520_y59520.png,0.4792,90.82,250.06,97.79,258.23
ch2_ohr_ncp_20251007T0659402125_d_img_d18_x11520_y59520.png,0.4062,318.37,294.16,328.51,306.55
ch2_ohr_ncp_20251007T0659402125_d_img_d18_x11520_y59520.png,0.386,187.77,145.12,222.6,196.15
ch2_ohr_ncp_20251007T0659402125_d_img_d18_x11520_y59520.png,0.3719,230.82,360.14,239.52,368.5
ch2_ohr_ncp_20251007T0659402125_d_img_d18_x11520_y59520.png,0.3507,26.71,571.4,44.33,606.68
ch2_ohr_ncp_20251007T0659402125_d_img_d18_x11520_y59520.png,0.329,136.75,371.72,144.01,380.38
ch2_ohr_ncp_20251007T0659402125_d_img_d18_x11520_y59520.png,0.3204,438.88,466.99,446.31,475.99
ch2_ohr_ncp_20251007T0659402125_d_img_d18_x11520_y59520.png,0.318,13.85,191.64,21.66,202.23
ch2_ohr_ncp_20251007T0659402125_d_img_d18_x11520_y59520.png,0.3141,121.4,385.04,127.6,392.48
ch2_ohr_ncp_20251007T0659402125_d_img_d18_x11520_y59520.png,0.3121,131.16,24.62,138.23,34.45
ch2_ohr_ncp_20251007T0659402125_d_img_d18_x11520_y59520.png,0.3102,432.39,176.93,440.24,188.4
ch2_ohr_ncp_20251007T0659402125_d_img_d18_x11520_y59520.png,0.3099,120.89,347.34,127.25,354.46
ch2_ohr_ncp_20251007T0659402125_d_img_d18_x11520_y59520.png,0.3068,89.52,230.44,100.0,239.13
ch2_ohr_ncp_20251007T0659402125_d_img_d18_x11520_y59520.png,0.2999,120.56,482.59,129.22,493.4
ch2_ohr_ncp_20251007T0659402125_d_img_d18_x11520_y59520.png,0.295,125.33,338.35,131.99,346.38
ch2_ohr_ncp_20251007T0659402125_d_img_d18_x11520_y59520.png,0.2848,72.26,259.86,78.54,267.23
ch2_ohr_ncp_20251007T0659402125_d_img_d18_x11520_y59520.png,0.2724,0.76,176.02,11.17,188.88
ch2_ohr_ncp_20251007T0659402125_d_img_d18_x11520_y59520.png,0.2717,3.34,225.85,10.61,236.1
ch2_ohr_ncp_20251007T0659402125_d_img_d18_x11520_y59520.png,0.2717,451.47,135.79,462.69,150.81
ch2_ohr_ncp_20251007T0659402125_d_img_d18_x11520_y59520.png,0.2601,404.46,116.82,410.95,126.64
ch2_ohr_ncp_20251007T0659402125_d_img_d18_x11520_y59520.png,0.2551,311.54,96.31,321.86,108.26
ch2_ohr_ncp_20251007T0659402125_d_img_d18_x11520_y59520.png,0.2508,386.48,529.06,398.36,542.87
ch2_ohr_ncp_20251007T0659402125_d_img_d18_x11520_y59520.png,0.2499,137.77,488.14,154.05,505.44
ch2_ohr_ncp_20251007T0659402125_d_img_d18_x11520_y59520.png,0.2469,194.92,381.78,201.63,389.82
ch2_ohr_ncp_20251007T0659402125_d_img_d18_x11520_y59520.png,0.2448,159.36,39.89,165.55,48.29
ch2_ohr_ncp_20251007T0659402125_d_img_d18_x11520_y59520.png,0.2441,311.4,483.35,322.52,500.89
ch2_ohr_ncp_20251007T0659402125_d_img_d18_x11520_y59520.png,0.2421,115.4,628.5,122.67,639.25
ch2_ohr_ncp_20251007T0659402125_d_img_d18_x11520_y59520.png,0.2412,444.35,354.16,449.34,360.79
ch2_ohr_ncp_20251007T0659402125_d_img_d18_x11520_y59520.png,0.2358,108.75,343.01,114.48,348.52
ch2_ohr_ncp_20251007T0659402125_d_img_d18_x11520_y59520.png,0.2355,211.28,76.28,217.66,85.24
ch2_ohr_ncp_20251007T0659402125_d_img_d18_x11520_y59520.png,0.2256,458.7,220.26,464.73,231.23
ch2_ohr_ncp_20251007T0659402125_d_img_d18_x11520_y59520.png,0.2242,243.23,137.19,250.48,148.09
ch2_ohr_ncp_20251007T0659402125_d_img_d18_x11520_y59520.png,0.2151,213.79,388.45,222.9,400.92
ch2_ohr_ncp_20251007T0659402125_d_img_d18_x11520_y59520.png,0.2145,186.86,240.59,191.5,246.18
ch2_ohr_ncp_20251007T0659402125_d_img_d18_x11520_y59520.png,0.2085,8.83,489.91,18.49,505.81
ch2_ohr_ncp_20251007T0659402125_d_img_d18_x11520_y59520.png,0.2048,469.27,207.16,474.89,214.36
ch2_ohr_ncp_20251007T0659402125_d_img_d18_x11520_y60160.png,0.6748,150.17,205.37,173.9,244.52
ch2_ohr_ncp_20251007T0659402125_d_img_d18_x11520_y60160.png,0.5081,32.45,383.93,42.1,399.9
ch2_ohr_ncp_20251007T0659402125_d_img_d18_x11520_y60160.png,0.4779,290.57,355.78,297.21,365.97
ch2_ohr_ncp_20251007T0659402125_d_img_d18_x11520_y60160.png,0.4758,419.35,70.68,439.89,108.66
ch2_ohr_ncp_20251007T0659402125_d_img_d18_x11520_y60160.png,0.473,4.62,4.78,24.44,37.38
ch2_ohr_ncp_20251007T0659402125_d_img_d18_x11520_y60160.png,0.4688,321.76,304.17,335.59,322.41
ch2_ohr_ncp_20251007T0659402125_d_img_d18_x11520_y60160.png,0.4484,288.72,319.72,295.97,329.27
ch2_ohr_ncp_20251007T0659402125_d_img_d18_x11520_y60160.png,0.4386,82.58,341.13,89.53,350.88
ch2_ohr_ncp_20251007T0659402125_d_img_d18_x11520_y60160.png,0.4068,297.7,396.43,307.29,410.75
ch2_ohr_ncp_20251007T0659402125_d_img_d18_x11520_y60160.png,0.3761,436.48,268.25,441.77,274.69
ch2_ohr_ncp_20251007T0659402125_d_img_d18_x11520_y60160.png,0.3731,259.57,455.4,266.8,464.04
ch2_ohr_ncp_20251007T0659402125_d_img_d18_x11520_y60160.png,0.3723,288.56,27.58,299.86,49.0
ch2_ohr_ncp_20251007T0659402125_d_img_d18_x11520_y60160.png,0.3653,118.7,555.9,128.64,568.46
ch2_ohr_ncp_20251007T0659402125_d_img_d18_x11520_y60160.png,0.3598,412.12,414.01,418.65,421.62
ch2_ohr_ncp_20251007T0659402125_d_img_d18_x11520_y60160.png,0.3564,433.46,294.97,452.09,319.36
ch2_ohr_ncp_20251007T0659402125_d_img_d18_x11520_y60160.png,0.353,179.6,71.61,185.51,79.65
ch2_ohr_ncp_20251007T0659402125_d_img_d18_x11520_y60160.png,0.3507,38.85,14.6,45.5,23.76
ch2_ohr_ncp_20251007T0659402125_d_img_d18_x11520_y60160.png,0.3476,103.73,622.18,113.3,636.97
ch2_ohr_ncp_20251007T0659402125_d_img_d18_x11520_y60160.png,0.3418,7.6,569.32,15.58,576.61
ch2_ohr_ncp_20251007T0659402125_d_img_d18_x11520_y60160.png,0.3404,172.28,612.84,178.96,619.88
ch2_ohr_ncp_20251007T0659402125_d_img_d18_x11520_y60160.png,0.3401,152.61,212.19,174.34,242.24
ch2_ohr_ncp_20251007T0659402125_d_img_d18_x11520_y60160.png,0.3344,104.71,606.28,112.52,615.24
ch2_ohr_ncp_20251007T0659402125_d_img_d18_x11520_y60160.png,0.3153,169.91,84.38,179.27,95.9
ch2_ohr_ncp_20251007T0659402125_d_img_d18_x11520_y60160.png,0.315,52.07,580.21,58.25,588.07
ch2_ohr_ncp_20251007T0659402125_d_img_d18_x11520_y60160.png,0.3147,348.05,420.95,362.15,439.53
ch2_ohr_ncp_20251007T0659402125_d_img_d18_x11520_y60160.png,0.3113,25.2,328.49,37.48,343.87
ch2_ohr_ncp_20251007T0659402125_d_img_d18_x11520_y60160.png,0.3074,388.3,170.16,401.6,185.44
ch2_ohr_ncp_20251007T0659402125_d_img_d18_x11520_y60160.png,0.2964,420.64,446.7,426.28,453.86
ch2_ohr_ncp_20251007T0659402125_d_img_d18_x11520_y60160.png,0.2912,121.5,124.16,129.67,135.98
ch2_ohr_ncp_20251007T0659402125_d_img_d18_x11520_y60160.png,0.289,222.99,57.62,241.93,85.6
ch2_ohr_ncp_20251007T0659402125_d_img_d18_x11520_y60160.png,0.2869,90.98,356.26,95.68,363.21
ch2_ohr_ncp_20251007T0659402125_d_img_d18_x11520_y60160.png,0.2845,71.87,493.98,84.1,511.58
ch2_ohr_ncp_20251007T0659402125_d_img_d18_x11520_y60160.png,0.2811,66.65,265.49,76.55,280.11
ch2_ohr_ncp_20251007T0659402125_d_img_d18_x11520_y60160.png,0.279,13.85,43.14,19.06,49.98
ch2_ohr_ncp_20251007T0659402125_d_img_d18_x11520_y60160.png,0.2754,142.01,497.28,150.8,509.02
ch2_ohr_ncp_20251007T0659402125_d_img_d18_x11520_y60160.png,0.2744,133.22,142.81,137.84,148.55
ch2_ohr_ncp_20251007T0659402125_d_img_d18_x11520_y60160.png,0.2694,416.07,237.17,423.37,245.14
ch2_ohr_ncp_20251007T0659402125_d_img_d18_x11520_y60160.png,0.2692,152.9,85.1,158.38,93.08
ch2_ohr_ncp_20251007T0659402125_d_img_d18_x11520_y60160.png,0.267,268.0,334.18,275.94,342.68
ch2_ohr_ncp_20251007T0659402125_d_img_d18_x11520_y60160.png,0.2629,423.95,595.73,431.96,606.99
ch2_ohr_ncp_20251007T0659402125_d_img_d18_x11520_y60160.png,0.2581,40.79,202.69,47.38,210.14
ch2_ohr_ncp_20251007T0659402125_d_img_d18_x11520_y60160.png,0.2575,108.53,154.6,116.37,164.69
ch2_ohr_ncp_20251007T0659402125_d_img_d18_x11520_y60160.png,0.2571,43.03,184.13,49.36,191.26
ch2_ohr_ncp_20251007T0659402125_d_img_d18_x11520_y60160.png,0.2571,23.86,326.39,36.7,345.3
ch2_ohr_ncp_20251007T0659402125_d_img_d18_x11520_y60160.png,0.2512,63.58,191.39,68.42,197.04
ch2_ohr_ncp_20251007T0659402125_d_img_d18_x11520_y60160.png,0.2495,351.77,355.24,359.65,364.79
ch2_ohr_ncp_20251007T0659402125_d_img_d18_x11520_y60160.png,0.2479,267.21,466.04,275.44,476.95
ch2_ohr_ncp_20251007T0659402125_d_img_d18_x11520_y60160.png,0.2441,411.7,303.92,417.01,310.81
ch2_ohr_ncp_20251007T0659402125_d_img_d18_x11520_y60160.png,0.2382,23.74,409.02,30.92,418.59
ch2_ohr_ncp_20251007T0659402125_d_img_d18_x11520_y60160.png,0.2362,62.95,191.93,68.54,198.13
ch2_ohr_ncp_20251007T0659402125_d_img_d18_x11520_y60160.png,0.2267,416.48,56.65,423.46,64.68
ch2_ohr_ncp_20251007T0659402125_d_img_d18_x11520_y60160.png,0.2257,91.59,355.48,96.8,362.84
ch2_ohr_ncp_20251007T0659402125_d_img_d18_x11520_y60160.png,0.2241,332.72,349.2,342.11,360.84
ch2_ohr_ncp_20251007T0659402125_d_img_d18_x11520_y60160.png,0.2238,113.94,502.46,122.74,514.91
ch2_ohr_ncp_20251007T0659402125_d_img_d18_x11520_y60160.png,0.2191,324.57,55.99,349.28,92.48
ch2_ohr_ncp_20251007T0659402125_d_img_d18_x11520_y60160.png,0.2188,146.45,96.57,153.27,104.66
ch2_ohr_ncp_20251007T0659402125_d_img_d18_x11520_y60160.png,0.2183,155.19,61.15,160.25,67.6
ch2_ohr_ncp_20251007T0659402125_d_img_d18_x11520_y60160.png,0.2166,452.99,185.23,459.9,193.96
ch2_ohr_ncp_20251007T0659402125_d_img_d18_x11520_y60160.png,0.2157,398.01,213.03,404.87,221.28
ch2_ohr_ncp_20251007T0659402125_d_img_d18_x11520_y60160.png,0.2146,130.21,433.39,139.06,442.64
ch2_ohr_ncp_20251007T0659402125_d_img_d18_x11520_y60160.png,0.2134,423.96,288.08,428.71,293.73
ch2_ohr_ncp_20251007T0659402125_d_img_d18_x11520_y60160.png,0.2117,371.58,91.34,377.4,97.92
ch2_ohr_ncp_20251007T0659402125_d_img_d18_x11520_y60160.png,0.2073,391.69,171.15,402.25,183.55
ch2_ohr_ncp_20251007T0659402125_d_img_d18_x11520_y60160.png,0.2063,62.36,191.07,67.91,197.97
ch2_ohr_ncp_20251007T0659402125_d_img_d18_x11520_y60160.png,0.206,423.25,288.54,427.61,293.78
ch2_ohr_ncp_20251007T0659402125_d_img_d18_x11520_y60160.png,0.2056,406.73,327.61,415.76,344.45
ch2_ohr_ncp_20251007T0659402125_d_img_d18_x11520_y60160.png,0.2026,311.85,71.98,320.39,84.19
ch2_ohr_ncp_20251007T0659402125_d_img_d18_x11520_y60160.png,0.2011,64.84,334.37,69.23,341.5
ch2_ohr_ncp_20251007T0659402125_d_img_d18_x11520_y60160.png,0.2,1.31,263.44,10.55,275.32
ch2_ohr_ncp_20251007T0659402125_d_img_d18_x11520_y60800.png,0.6685,297.76,103.55,309.29,122.23
ch2_ohr_ncp_20251007T0659402125_d_img_d18_x11520_y60800.png,0.4657,20.56,210.36,32.16,224.2
ch2_ohr_ncp_20251007T0659402125_d_img_d18_x11520_y60800.png,0.4601,193.91,334.56,202.04,346.48
ch2_ohr_ncp_20251007T0659402125_d_img_d18_x11520_y60800.png,0.4256,143.13,266.93,152.66,281.81
ch2_ohr_ncp_20251007T0659402125_d_img_d18_x11520_y60800.png,0.4241,254.07,236.69,275.33,275.7
ch2_ohr_ncp_20251007T0659402125_d_img_d18_x11520_y60800.png,0.4192,55.82,233.94,87.13,284.33
ch2_ohr_ncp_20251007T0659402125_d_img_d18_x11520_y60800.png,0.4148,155.53,329.2,162.14,338.06
ch2_ohr_ncp_20251007T0659402125_d_img_d18_x11520_y60800.png,0.3721,8.78,192.16,16.99,204.23
ch2_ohr_ncp_20251007T0659402125_d_img_d18_x11520_y60800.png,0.3628,13.06,560.08,22.34,574.24
ch2_ohr_ncp_20251007T0659402125_d_img_d18_x11520_y60800.png,0.3527,270.78,173.05,297.65,217.84
ch2_ohr_ncp_20251007T0659402125_d_img_d18_x11520_y60800.png,0.3408,427.11,187.31,431.5,192.29
ch2_ohr_ncp_20251007T0659402125_d_img_d18_x11520_y60800.png,0.3397,250.5,179.31,258.61,187.65
ch2_ohr_ncp_20251007T0659402125_d_img_d18_x11520_y60800.png,0.3279,297.44,39.49,305.68,50.56
ch2_ohr_ncp_20251007T0659402125_d_img_d18_x11520_y60800.png,0.3244,186.06,376.81,194.53,390.54
ch2_ohr_ncp_20251007T0659402125_d_img_d18_x11520_y60800.png,0.3224,469.45,361.68,478.22,372.94
ch2_ohr_ncp_20251007T0659402125_d_img_d18_x11520_y60800.png,0.3211,69.74,192.34,86.38,221.24
ch2_ohr_ncp_20251007T0659402125_d_img_d18_x11520_y60800.png,0.3199,345.33,81.84,350.41,87.16
ch2_ohr_ncp_20251007T0659402125_d_img_d18_x11520_y60800.png,0.3125,360.12,86.76,371.04,97.14
ch2_ohr_ncp_20251007T0659402125_d_img_d18_x11520_y60800.png,0.3078,405.35,165.2,422.61,185.78
ch2_ohr_ncp_20251007T0659402125_d_img_d18_x11520_y60800.png,0.2969,332.36,542.5,348.29,573.02
ch2_ohr_ncp_20251007T0659402125_d_img_d18_x11520_y60800.png,0.2961,117.1,530.28,123.41,536.7
ch2_ohr_ncp_20251007T0659402125_d_img_d18_x11520_y60800.png,0.2908,292.18,370.26,298.39,379.11
ch2_ohr_ncp_20251007T0659402125_d_img_d18_x11520_y60800.png,0.2784,90.89,129.84,97.22,140.49
ch2_ohr_ncp_20251007T0659402125_d_img_d18_x11520_y60800.png,0.272,199.47,354.41,209.26,366.33
ch2_ohr_ncp_20251007T0659402125_d_img_d18_x11520_y60800.png,0.2662,375.44,581.24,382.8,594.38
ch2_ohr_ncp_20251007T0659402125_d_img_d18_x11520_y60800.png,0.2588,402.6,187.01,408.12,194.29
ch2_ohr_ncp_20251007T0659402125_d_img_d18_x11520_y60800.png,0.2587,43.66,629.14,50.09,638.3
ch2_ohr_ncp_20251007T0659402125_d_img_d18_x11520_y60800.png,0.2517,418.0,444.47,429.75,460.48
ch2_ohr_ncp_20251007T0659402125_d_img_d18_x11520_y60800.png,0.2429,164.79,289.18,171.27,295.21
ch2_ohr_ncp_20251007T0659402125_d_img_d18_x11520_y60800.png,0.2398,85.39,416.08,89.71,421.48
ch2_ohr_ncp_20251007T0659402125_d_img_d18_x11520_y60800.png,0.2277,98.96,545.85,107.31,558.03
ch2_ohr_ncp_20251007T0659402125_d_img_d18_x11520_y60800.png,0.2233,199.66,160.21,206.51,169.47
ch2_ohr_ncp_20251007T0659402125_d_img_d18_x11520_y60800.png,0.2165,146.82,510.14,157.13,528.01
ch2_ohr_ncp_20251007T0659402125_d_img_d18_x11520_y60800.png,0.2124,205.58,50.31,217.3,64.32
ch2_ohr_ncp_20251007T0659402125_d_img_d18_x11520_y60800.png,0.2078,418.03,397.97,434.72,420.44
ch2_ohr_ncp_20251007T0659402125_d_img_d18_x11520_y60800.png,0.205,210.71,587.87,218.92,598.68
ch2_ohr_ncp_20251007T0659402125_d_img_d18_x11520_y60800.png,0.2036,195.41,571.62,203.17,584.21
ch2_ohr_ncp_20251007T0659402125_d_img_d18_x11520_y60800.png,0.2032,301.05,346.87,330.66,392.05
ch2_ohr_ncp_20251007T0659402125_d_img_d18_x11520_y60800.png,0.2014,362.99,184.12,367.94,190.06
ch2_ohr_ncp_20251007T0659402125_d_img_d18_x11520_y61440.png,0.6204,206.77,66.47,230.54,103.91
ch2_ohr_ncp_20251007T0659402125_d_img_d18_x11520_y61440.png,0.5191,270.67,496.56,280.07,508.78
ch2_ohr_ncp_20251007T0659402125_d_img_d18_x11520_y61440.png,0.5186,335.18,467.96,347.76,487.12
ch2_ohr_ncp_20251007T0659402125_d_img_d18_x11520_y61440.png,0.5138,365.11,616.86,379.67,640.0
ch2_ohr_ncp_20251007T0659402125_d_img_d18_x11520_y61440.png,0.4757,358.91,610.55,366.85,620.63
ch2_ohr_ncp_20251007T0659402125_d_img_d18_x11520_y61440.png,0.4744,445.95,591.53,468.56,628.23
ch2_ohr_ncp_20251007T0659402125_d_img_d18_x11520_y61440.png,0.4,3.4,370.31,9.72,377.24
ch2_ohr_ncp_20251007T0659402125_d_img_d18_x11520_y61440.png,0.3926,25.11,562.34,32.43,571.88
ch2_ohr_ncp_20251007T0659402125_d_img_d18_x11520_y61440.png,0.3906,82.82,368.49,89.13,375.35
ch2_ohr_ncp_20251007T0659402125_d_img_d18_x11520_y61440.png,0.3798,444.96,109.2,451.61,117.12
ch2_ohr_ncp_20251007T0659402125_d_img_d18_x11520_y61440.png,0.3741,182.23,584.62,192.99,599.36
ch2_ohr_ncp_20251007T0659402125_d_img_d18_x11520_y61440.png,0.366,208.91,559.95,219.0,575.08
ch2_ohr_ncp_20251007T0659402125_d_img_d18_x11520_y61440.png,0.3638,443.86,108.45,451.09,116.75
ch2_ohr_ncp_20251007T0659402125_d_img_d18_x11520_y61440.png,0.339,342.42,446.63,351.48,457.27
ch2_ohr_ncp_20251007T0659402125_d_img_d18_x11520_y61440.png,0.3359,347.98,622.81,361.34,640.0
ch2_ohr_ncp_20251007T0659402125_d_img_d18_x11520_y61440.png,0.3234,10.07,283.8,17.77,292.39
ch2_ohr_ncp_20251007T0659402125_d_img_d18_x11520_y61440.png,0.3234,425.6,92.34,433.1,104.47
ch2_ohr_ncp_20251007T0659402125_d_img_d18_x11520_y61440.png,0.3203,71.5,131.05,84.86,148.49
ch2_ohr_ncp_20251007T0659402125_d_img_d18_x11520_y61440.png,0.3123,209.58,66.39,233.62,89.14
ch2_ohr_ncp_20251007T0659402125_d_img_d18_x11520_y61440.png,0.3083,308.89,82.6,313.95,89.78
ch2_ohr_ncp_20251007T0659402125_d_img_d18_x11520_y61440.png,0.3054,2.8,626.58,8.08,632.59
ch2_ohr_ncp_20251007T0659402125_d_img_d18_x11520_y61440.png,0.3049,28.6,284.11,36.16,295.32
ch2_ohr_ncp_20251007T0659402125_d_img_d18_x11520_y61440.png,0.3031,354.89,524.08,366.69,543.78
ch2_ohr_ncp_20251007T0659402125_d_img_d18_x11520_y61440.png,0.2971,43.21,48.34,49.22,56.41
ch2_ohr_ncp_20251007T0659402125_d_img_d18_x11520_y61440.png,0.2969,201.56,193.86,209.17,203.78
ch2_ohr_ncp_20251007T0659402125_d_img_d18_x11520_y61440.png,0.2897,153.22,81.7,160.87,92.72
ch2_ohr_ncp_20251007T0659402125_d_img_d18_x11520_y61440.png,0.2883,127.2,159.82,134.54,167.7
ch2_ohr_ncp_20251007T0659402125_d_img_d18_x11520_y61440.png,0.2813,194.25,615.79,206.26,628.55
ch2_ohr_ncp_20251007T0659402125_d_img_d18_x11520_y61440.png,0.2773,287.81,547.61,323.34,595.12
ch2_ohr_ncp_20251007T0659402125_d_img_d18_x11520_y61440.png,0.2751,472.83,354.84,479.52,369.05
ch2_ohr_ncp_20251007T0659402125_d_img_d18_x11520_y61440.png,0.2666,53.31,262.55,75.65,289.6
ch2_ohr_ncp_20251007T0659402125_d_img_d18_x11520_y61440.png,0.2524,387.13,408.86,403.39,433.36
ch2_ohr_ncp_20251007T0659402125_d_img_d18_x11520_y61440.png,0.2403,28.2,18.98,35.93,30.16
ch2_ohr_ncp_20251007T0659402125_d_img_d18_x11520_y61440.png,0.2401,354.82,277.78,359.91,284.69
ch2_ohr_ncp_20251007T0659402125_d_img_d18_x11520_y61440.png,0.238,290.27,286.29,317.79,326.73
ch2_ohr_ncp_20251007T0659402125_d_img_d18_x11520_y61440.png,0.2298,369.29,616.29,381.28,635.5
ch2_ohr_ncp_20251007T0659402125_d_img_d18_x11520_y61440.png,0.2253,22.12,402.59,30.7,417.24
ch2_ohr_ncp_20251007T0659402125_d_img_d18_x11520_y61440.png,0.224,143.18,206.33,148.45,212.72
ch2_ohr_ncp_20251007T0659402125_d_img_d18_x11520_y61440.png,0.2225,383.88,122.64,389.71,130.54
ch2_ohr_ncp_20251007T0659402125_d_img_d18_x11520_y61440.png,0.2206,115.19,381.15,122.04,389.72
ch2_ohr_ncp_20251007T0659402125_d_img_d18_x11520_y61440.png,0.2133,353.18,98.12,358.27,103.8
ch2_ohr_ncp_20251007T0659402125_d_img_d18_x11520_y61440.png,0.2116,152.93,78.43,161.35,92.12
ch2_ohr_ncp_20251007T0659402125_d_img_d18_x11520_y61440.png,0.2099,401.16,231.51,417.56,250.02
ch2_ohr_ncp_20251007T0659402125_d_img_d18_x11520_y61440.png,0.2066,88.91,334.37,96.69,343.48
ch2_ohr_ncp_20251007T0659402125_d_img_d18_x11520_y61440.png,0.2019,226.96,633.98,234.92,639.92
ch2_ohr_ncp_20251007T0659402125_d_img_d18_x11520_y62080.png,0.5964,21.22,623.63,33.73,639.15
ch2_ohr_ncp_20251007T0659402125_d_img_d18_x11520_y62080.png,0.5421,190.82,513.18,209.78,539.76
ch2_ohr_ncp_20251007T0659402125_d_img_d18_x11520_y62080.png,0.5321,443.01,103.88,451.05,111.93
ch2_ohr_ncp_20251007T0659402125_d_img_d18_x11520_y62080.png,0.5274,444.21,480.99,467.45,514.33
ch2_ohr_ncp_20251007T0659402125_d_img_d18_x11520_y62080.png,0.5089,358.83,611.49,368.7,628.77
ch2_ohr_ncp_20251007T0659402125_d_img_d18_x11520_y62080.png,0.4391,96.07,79.36,108.04,96.66
ch2_ohr_ncp_20251007T0659402125_d_img_d18_x11520_y62080.png,0.4369,273.62,418.34,280.88,428.18
ch2_ohr_ncp_20251007T0659402125_d_img_d18_x11520_y62080.png,0.4224,4.86,101.51,10.98,107.86
ch2_ohr_ncp_20251007T0659402125_d_img_d18_x11520_y62080.png,0.4215,223.56,109.0,248.24,145.09
ch2_ohr_ncp_20251007T0659402125_d_img_d18_x11520_y62080.png,0.4102,84.06,162.64,99.29,184.81
ch2_ohr_ncp_20251007T0659402125_d_img_d18_x11520_y62080.png,0.3932,123.11,170.4,132.87,185.01
ch2_ohr_ncp_20251007T0659402125_d_img_d18_x11520_y62080.png,0.3913,470.73,205.56,478.23,218.83
ch2_ohr_ncp_20251007T0659402125_d_img_d18_x11520_y62080.png,0.3901,120.69,68.81,129.13,79.75
ch2_ohr_ncp_20251007T0659402125_d_img_d18_x11520_y62080.png,0.3859,24.85,320.67,33.72,332.08
ch2_ohr_ncp_20251007T0659402125_d_img_d18_x11520_y62080.png,0.3729,48.68,114.1,56.95,124.82
ch2_ohr_ncp_20251007T0659402125_d_img_d18_x11520_y62080.png,0.3726,48.42,159.41,61.69,177.02
ch2_ohr_ncp_20251007T0659402125_d_img_d18_x11520_y62080.png,0.3641,331.61,66.14,345.76,92.68
ch2_ohr_ncp_20251007T0659402125_d_img_d18_x11520_y62080.png,0.3599,315.57,146.36,321.14,153.79
ch2_ohr_ncp_20251007T0659402125_d_img_d18_x11520_y62080.png,0.358,83.44,159.38,102.82,186.44
ch2_ohr_ncp_20251007T0659402125_d_img_d18_x11520_y62080.png,0.3546,142.54,427.61,151.94,439.25
ch2_ohr_ncp_20251007T0659402125_d_img_d18_x11520_y62080.png,0.3457,185.69,544.88,199.79,563.18
ch2_ohr_ncp_20251007T0659402125_d_img_d18_x11520_y62080.png,0.3426,414.43,22.38,425.07,35.64
ch2_ohr_ncp_20251007T0659402125_d_img_d18_x11520_y62080.png,0.3387,354.92,261.78,359.85,267.49
ch2_ohr_ncp_20251007T0659402125_d_img_d18_x11520_y62080.png,0.3246,453.09,222.47,466.31,237.34
ch2_ohr_ncp_20251007T0659402125_d_img_d18_x11520_y62080.png,0.32,103.17,57.94,109.48,66.32
ch2_ohr_ncp_20251007T0659402125_d_img_d18_x11520_y62080.png,0.3155,343.88,55.11,350.97,64.22
ch2_ohr_ncp_20251007T0659402125_d_img_d18_x11520_y62080.png,0.3138,342.76,125.83,350.08,135.85
ch2_ohr_ncp_20251007T0659402125_d_img_d18_x11520_y62080.png,0.3112,349.91,0.0,362.47,4.02
ch2_ohr_ncp_20251007T0659402125_d_img_d18_x11520_y62080.png,0.3048,431.55,97.12,438.35,105.02
ch2_ohr_ncp_20251007T0659402125_d_img_d18_x11520_y62080.png,0.301,206.23,154.14,220.71,176.66
ch2_ohr_ncp_20251007T0659402125_d_img_d18_x11520_y62080.png,0.2908,441.39,8.31,447.77,15.84
ch2_ohr_ncp_20251007T0659402125_d_img_d18_x11520_y62080.png,0.286,120.45,47.58,140.94,76.97
ch2_ohr_ncp_20251007T0659402125_d_img_d18_x11520_y62080.png,0.2813,18.72,284.65,23.82,289.95
ch2_ohr_ncp_20251007T0659402125_d_img_d18_x11520_y62080.png,0.2801,301.09,429.09,306.77,436.7
ch2_ohr_ncp_20251007T0659402125_d_img_d18_x11520_y62080.png,0.272,371.75,254.57,377.27,262.69
ch2_ohr_ncp_20251007T0659402125_d_img_d18_x11520_y62080.png,0.2713,307.88,456.49,317.54,472.37
ch2_ohr_ncp_20251007T0659402125_d_img_d18_x11520_y62080.png,0.2708,314.64,535.33,320.09,541.84
ch2_ohr_ncp_20251007T0659402125_d_img_d18_x11520_y62080.png,0.2671,285.54,105.99,290.97,113.44
ch2_ohr_ncp_20251007T0659402125_d_img_d18_x11520_y62080.png,0.2661,339.38,539.98,344.23,545.39
ch2_ohr_ncp_20251007T0659402125_d_img_d18_x11520_y62080.png,0.2573,75.84,159.77,83.5,168.07
ch2_ohr_ncp_20251007T0659402125_d_img_d18_x11520_y62080.png,0.2508,392.66,530.12,400.51,540.6
ch2_ohr_ncp_20251007T0659402125_d_img_d18_x11520_y62080.png,0.2467,234.66,321.27,243.36,332.77
ch2_ohr_ncp_20251007T0659402125_d_img_d18_x11520_y62080.png,0.2462,434.24,479.25,441.0,488.96
ch2_ohr_ncp_20251007T0659402125_d_img_d18_x11520_y62080.png,0.2387,23.66,335.37,29.52,341.94
ch2_ohr_ncp_20251007T0659402125_d_img_d18_x11520_y62080.png,0.2349,359.45,388.31,386.11,419.46
ch2_ohr_ncp_20251007T0659402125_d_img_d18_x11520_y62080.png,0.2334,197.47,376.99,204.14,384.59
ch2_ohr_ncp_20251007T0659402125_d_img_d18_x11520_y62080.png,0.2333,397.67,297.57,404.76,305.55
ch2_ohr_ncp_20251007T0659402125_d_img_d18_x11520_y62080.png,0.2325,315.41,556.92,322.8,568.85
ch2_ohr_ncp_20251007T0659402125_d_img_d18_x11520_y62080.png,0.2298,130.72,10.07,140.68,23.15
ch2_ohr_ncp_20251007T0659402125_d_img_d18_x11520_y62080.png,0.2243,139.98,453.37,146.86,461.05
ch2_ohr_ncp_20251007T0659402125_d_img_d18_x11520_y62080.png,0.224,404.85,316.04,410.86,324.41
ch2_ohr_ncp_20251007T0659402125_d_img_d18_x11520_y62080.png,0.2131,213.88,612.45,222.93,623.12
ch2_ohr_ncp_20251007T0659402125_d_img_d18_x11520_y62080.png,0.2069,431.5,223.57,440.51,235.14
ch2_ohr_ncp_20251007T0659402125_d_img_d18_x11520_y62080.png,0.2057,147.18,307.18,152.84,314.25
ch2_ohr_ncp_20251007T0659402125_d_img_d18_x11520_y62080.png,0.2028,451.09,112.28,460.94,123.74
ch2_ohr_ncp_20251007T0659402125_d_img_d18_x11520_y62720.png,0.4541,153.48,437.51,161.55,449.6
ch2_ohr_ncp_20251007T0659402125_d_img_d18_x11520_y62720.png,0.4019,411.6,44.04,417.71,52.19
ch2_ohr_ncp_20251007T0659402125_d_img_d18_x11520_y62720.png,0.3966,20.23,0.0,37.53,13.09
ch2_ohr_ncp_20251007T0659402125_d_img_d18_x11520_y62720.png,0.3921,404.68,20.99,411.04,28.78
ch2_ohr_ncp_20251007T0659402125_d_img_d18_x11520_y62720.png,0.3796,407.15,201.04,416.42,213.84
ch2_ohr_ncp_20251007T0659402125_d_img_d18_x11520_y62720.png,0.3781,160.28,299.41,170.73,318.03
ch2_ohr_ncp_20251007T0659402125_d_img_d18_x11520_y62720.png,0.3597,16.35,621.57,24.63,634.01
ch2_ohr_ncp_20251007T0659402125_d_img_d18_x11520_y62720.png,0.3476,163.01,194.82,168.46,202.19
ch2_ohr_ncp_20251007T0659402125_d_img_d18_x11520_y62720.png,0.3322,215.03,406.05,229.58,433.76
ch2_ohr_ncp_20251007T0659402125_d_img_d18_x11520_y62720.png,0.3131,206.25,180.68,220.75,199.93
ch2_ohr_ncp_20251007T0659402125_d_img_d18_x11520_y62720.png,0.2865,257.86,600.16,270.98,614.93
ch2_ohr_ncp_20251007T0659402125_d_img_d18_x11520_y62720.png,0.2863,252.99,248.97,261.45,259.19
ch2_ohr_ncp_20251007T0659402125_d_img_d18_x11520_y62720.png,0.2834,446.01,213.86,463.72,244.5
ch2_ohr_ncp_20251007T0659402125_d_img_d18_x11520_y62720.png,0.2675,368.49,566.24,377.24,581.23
ch2_ohr_ncp_20251007T0659402125_d_img_d18_x11520_y62720.png,0.2565,432.89,300.9,443.33,310.94
ch2_ohr_ncp_20251007T0659402125_d_img_d18_x11520_y62720.png,0.2388,136.15,439.35,144.45,455.21
ch2_ohr_ncp_20251007T0659402125_d_img_d18_x11520_y62720.png,0.2361,178.34,167.24,183.79,174.34
ch2_ohr_ncp_20251007T0659402125_d_img_d18_x11520_y62720.png,0.232,212.16,539.92,218.83,548.19
ch2_ohr_ncp_20251007T0659402125_d_img_d18_x11520_y62720.png,0.2299,6.35,10.66,13.91,18.4
ch2_ohr_ncp_20251007T0659402125_d_img_d18_x11520_y62720.png,0.2281,410.7,422.11,417.22,431.18
ch2_ohr_ncp_20251007T0659402125_d_img_d18_x11520_y62720.png,0.2274,325.92,126.34,340.81,157.48
ch2_ohr_ncp_20251007T0659402125_d_img_d18_x11520_y62720.png,0.2215,36.24,95.16,43.66,104.45
ch2_ohr_ncp_20251007T0659402125_d_img_d18_x11520_y62720.png,0.2066,264.67,248.02,270.92,255.4
ch2_ohr_ncp_20251007T0659402125_d_img_d18_x11520_y62720.png,0.2059,316.16,242.33,323.58,251.1
ch2_ohr_ncp_20251007T0659402125_d_img_d18_x11520_y63360.png,0.3761,26.41,294.05,37.94,316.45
ch2_ohr_ncp_20251007T0659402125_d_img_d18_x11520_y63360.png,0.33,385.33,195.78,391.54,204.39
ch2_ohr_ncp_20251007T0659402125_d_img_d18_x11520_y63360.png,0.3251,125.02,380.95,135.37,399.68
ch2_ohr_ncp_20251007T0659402125_d_img_d18_x11520_y63360.png,0.3216,186.76,616.02,192.65,623.1
ch2_ohr_ncp_20251007T0659402125_d_img_d18_x11520_y63360.png,0.2883,170.1,48.37,179.29,62.07
ch2_ohr_ncp_20251007T0659402125_d_img_d18_x11520_y63360.png,0.2883,159.75,343.96,167.39,354.3
ch2_ohr_ncp_20251007T0659402125_d_img_d18_x11520_y63360.png,0.2797,193.95,153.26,201.33,162.56
ch2_ohr_ncp_20251007T0659402125_d_img_d18_x11520_y63360.png,0.2713,271.36,42.54,307.31,92.96
ch2_ohr_ncp_20251007T0659402125_d_img_d18_x11520_y63360.png,0.2618,258.37,27.39,263.94,35.29
ch2_ohr_ncp_20251007T0659402125_d_img_d18_x11520_y63360.png,0.2132,117.05,453.57,188.01,551.17
ch2_ohr_ncp_20251007T0659402125_d_img_d18_x11520_y64000.png,0.5879,349.26,82.6,359.09,98.66
ch2_ohr_ncp_20251007T0659402125_d_img_d18_x11520_y64000.png,0.5838,61.66,391.95,109.0,463.92
ch2_ohr_ncp_20251007T0659402125_d_img_d18_x11520_y64000.png,0.5722,244.28,145.3,263.28,172.72
ch2_ohr_ncp_20251007T0659402125_d_img_d18_x11520_y64000.png,0.5607,4.43,88.59,21.22,116.76
ch2_ohr_ncp_20251007T0659402125_d_img_d18_x11520_y64000.png,0.501,283.71,208.2,293.84,221.76
ch2_ohr_ncp_20251007T0659402125_d_img_d18_x11520_y64000.png,0.4906,213.69,165.67,224.02,177.04
ch2_ohr_ncp_20251007T0659402125_d_img_d18_x11520_y64000.png,0.4611,364.89,452.59,376.16,469.66
ch2_ohr_ncp_20251007T0659402125_d_img_d18_x11520_y64000.png,0.4395,166.38,176.08,187.33,205.31
ch2_ohr_ncp_20251007T0659402125_d_img_d18_x11520_y64000.png,0.4324,70.3,360.34,84.36,379.0
ch2_ohr_ncp_20251007T0659402125_d_img_d18_x11520_y64000.png,0.4264,298.6,270.18,315.86,300.36
ch2_ohr_ncp_20251007T0659402125_d_img_d18_x11520_y64000.png,0.4231,335.59,152.75,343.94,161.39
ch2_ohr_ncp_20251007T0659402125_d_img_d18_x11520_y64000.png,0.4203,189.63,359.27,200.63,382.32
ch2_ohr_ncp_20251007T0659402125_d_img_d18_x11520_y64000.png,0.4152,321.79,261.75,340.75,288.64
ch2_ohr_ncp_20251007T0659402125_d_img_d18_x11520_y64000.png,0.4145,455.76,217.19,464.18,229.96
ch2_ohr_ncp_20251007T0659402125_d_img_d18_x11520_y64000.png,0.4049,188.97,361.06,198.94,379.79
ch2_ohr_ncp_20251007T0659402125_d_img_d18_x11520_y64000.png,0.3875,402.77,352.85,416.2,371.72
ch2_ohr_ncp_20251007T0659402125_d_img_d18_x11520_y64000.png,0.368,317.66,70.69,327.24,84.64
ch2_ohr_ncp_20251007T0659402125_d_img_d18_x11520_y64000.png,0.3656,421.48,434.03,435.61,451.6
ch2_ohr_ncp_20251007T0659402125_d_img_d18_x11520_y64000.png,0.3643,21.83,261.18,34.86,275.7
ch2_ohr_ncp_20251007T0659402125_d_img_d18_x11520_y64000.png,0.362,56.42,255.35,61.73,262.03
ch2_ohr_ncp_20251007T0659402125_d_img_d18_x11520_y64000.png,0.358,352.6,411.35,359.95,419.04
ch2_ohr_ncp_20251007T0659402125_d_img_d18_x11520_y64000.png,0.3521,59.53,218.43,65.84,227.52
ch2_ohr_ncp_20251007T0659402125_d_img_d18_x11520_y64000.png,0.3438,246.0,493.56,251.43,501.18
ch2_ohr_ncp_20251007T0659402125_d_img_d18_x11520_y64000.png,0.3348,257.39,613.23,265.59,623.55
ch2_ohr_ncp_20251007T0659402125_d_img_d18_x11520_y64000.png,0.3342,25.98,565.99,34.94,574.73
ch2_ohr_ncp_20251007T0659402125_d_img_d18_x11520_y64000.png,0.3285,216.22,520.85,242.3,549.05
ch2_ohr_ncp_20251007T0659402125_d_img_d18_x11520_y64000.png,0.3235,63.64,285.03,71.72,299.89
ch2_ohr_ncp_20251007T0659402125_d_img_d18_x11520_y64000.png,0.3154,58.32,359.54,64.44,365.84
ch2_ohr_ncp_20251007T0659402125_d_img_d18_x11520_y64000.png,0.3118,154.16,90.44,161.15,99.84
ch2_ohr_ncp_20251007T0659402125_d_img_d18_x11520_y64000.png,0.3081,273.03,405.94,295.9,436.28
ch2_ohr_ncp_20251007T0659402125_d_img_d18_x11520_y64000.png,0.2953,470.41,363.15,479.15,377.85
ch2_ohr_ncp_20251007T0659402125_d_img_d18_x11520_y64000.png,0.2948,45.5,349.38,51.02,356.77
ch2_ohr_ncp_20251007T0659402125_d_img_d18_x11520_y64000.png,0.2875,426.44,456.85,431.54,462.08
ch2_ohr_ncp_20251007T0659402125_d_img_d18_x11520_y64000.png,0.2815,280.23,266.93,289.08,278.61
ch2_ohr_ncp_20251007T0659402125_d_img_d18_x11520_y64000.png,0.28,66.71,248.28,71.44,253.72
ch2_ohr_ncp_20251007T0659402125_d_img_d18_x11520_y64000.png,0.2759,131.41,593.51,143.75,606.21
ch2_ohr_ncp_20251007T0659402125_d_img_d18_x11520_y64000.png,0.2725,41.58,321.0,51.39,336.76
ch2_ohr_ncp_20251007T0659402125_d_img_d18_x11520_y64000.png,0.2684,387.09,356.01,396.9,369.48
ch2_ohr_ncp_20251007T0659402125_d_img_d18_x11520_y64000.png,0.2644,237.03,384.43,243.78,391.94
ch2_ohr_ncp_20251007T0659402125_d_img_d18_x11520_y64000.png,0.2637,112.68,578.89,119.99,589.29
ch2_ohr_ncp_20251007T0659402125_d_img_d18_x11520_y64000.png,0.2624,48.65,296.56,67.0,315.53
ch2_ohr_ncp_20251007T0659402125_d_img_d18_x11520_y64000.png,0.2615,38.84,547.93,44.21,555.48
ch2_ohr_ncp_20251007T0659402125_d_img_d18_x11520_y64000.png,0.2558,249.3,209.8,254.27,215.61
ch2_ohr_ncp_20251007T0659402125_d_img_d18_x11520_y64000.png,0.2505,229.27,366.83,234.72,373.49
ch2_ohr_ncp_20251007T0659402125_d_img_d18_x11520_y64000.png,0.2502,407.39,281.19,416.69,294.46
ch2_ohr_ncp_20251007T0659402125_d_img_d18_x11520_y64000.png,0.2502,425.86,506.09,431.91,512.97
ch2_ohr_ncp_20251007T0659402125_d_img_d18_x11520_y64000.png,0.2493,11.34,505.51,18.04,513.45
ch2_ohr_ncp_20251007T0659402125_d_img_d18_x11520_y64000.png,0.2472,184.22,381.03,191.37,390.86
ch2_ohr_ncp_20251007T0659402125_d_img_d18_x11520_y64000.png,0.247,133.31,526.3,140.14,537.37
ch2_ohr_ncp_20251007T0659402125_d_img_d18_x11520_y64000.png,0.2454,383.98,456.24,392.12,465.19
ch2_ohr_ncp_20251007T0659402125_d_img_d18_x11520_y64000.png,0.2439,138.34,293.83,143.73,300.7
ch2_ohr_ncp_20251007T0659402125_d_img_d18_x11520_y64000.png,0.2389,67.37,248.51,72.45,254.41
ch2_ohr_ncp_20251007T0659402125_d_img_d18_x11520_y64000.png,0.2344,124.51,282.95,130.08,290.36
ch2_ohr_ncp_20251007T0659402125_d_img_d18_x11520_y64000.png,0.2329,20.37,131.01,27.11,140.52
ch2_ohr_ncp_20251007T0659402125_d_img_d18_x11520_y64000.png,0.2305,429.15,528.35,434.63,535.24
ch2_ohr_ncp_20251007T0659402125_d_img_d18_x11520_y64000.png,0.2277,207.26,117.8,214.32,127.17
ch2_ohr_ncp_20251007T0659402125_d_img_d18_x11520_y64000.png,0.2253,224.13,327.3,230.02,334.45
ch2_ohr_ncp_20251007T0659402125_d_img_d18_x11520_y64000.png,0.2221,308.66,151.2,327.26,177.25
ch2_ohr_ncp_20251007T0659402125_d_img_d18_x11520_y64000.png,0.2173,51.66,270.82,56.22,275.76
ch2_ohr_ncp_20251007T0659402125_d_img_d18_x11520_y64000.png,0.2121,58.67,219.11,64.83,226.92
ch2_ohr_ncp_20251007T0659402125_d_img_d18_x11520_y64000.png,0.2119,383.49,586.65,389.47,593.12
ch2_ohr_ncp_20251007T0659402125_d_img_d18_x11520_y64000.png,0.2082,96.16,600.6,110.59,617.12
ch2_ohr_ncp_20251007T0659402125_d_img_d18_x11520_y64000.png,0.2082,124.04,283.56,129.26,290.07
ch2_ohr_ncp_20251007T0659402125_d_img_d18_x11520_y64000.png,0.2071,241.97,539.73,250.9,549.02
ch2_ohr_ncp_20251007T0659402125_d_img_d18_x11520_y64000.png,0.2068,312.82,252.88,318.23,259.47
ch2_ohr_ncp_20251007T0659402125_d_img_d18_x11520_y64000.png,0.2033,372.51,588.78,378.75,594.95
ch2_ohr_ncp_20251007T0659402125_d_img_d18_x11520_y64000.png,0.2021,425.74,329.54,431.96,336.6
ch2_ohr_ncp_20251007T0659402125_d_img_d18_x11520_y64000.png,0.2005,170.13,95.12,174.67,101.43
ch2_ohr_ncp_20251007T0659402125_d_img_d18_x11520_y64640.png,0.5287,165.19,169.34,179.54,198.8
ch2_ohr_ncp_20251007T0659402125_d_img_d18_x11520_y64640.png,0.4864,44.13,411.18,61.04,437.83
ch2_ohr_ncp_20251007T0659402125_d_img_d18_x11520_y64640.png,0.4413,196.96,194.22,213.83,224.52
ch2_ohr_ncp_20251007T0659402125_d_img_d18_x11520_y64640.png,0.3855,283.05,532.74,314.6,578.29
ch2_ohr_ncp_20251007T0659402125_d_img_d18_x11520_y64640.png,0.2952,127.71,595.11,163.33,638.68
ch2_ohr_ncp_20251007T0659402125_d_img_d18_x11520_y64640.png,0.2861,3.72,0.0,19.74,30.22
ch2_ohr_ncp_20251007T0659402125_d_img_d18_x11520_y64640.png,0.281,148.11,226.74,161.57,244.22
ch2_ohr_ncp_20251007T0659402125_d_img_d18_x11520_y64640.png,0.2772,60.59,223.76,70.13,243.63
ch2_ohr_ncp_20251007T0659402125_d_img_d18_x11520_y64640.png,0.2686,112.54,206.17,119.07,215.27
ch2_ohr_ncp_20251007T0659402125_d_img_d18_x11520_y64640.png,0.2518,193.03,227.17,206.54,245.08
ch2_ohr_ncp_20251007T0659402125_d_img_d18_x11520_y64640.png,0.2435,143.13,462.68,154.77,477.62
ch2_ohr_ncp_20251007T0659402125_d_img_d18_x11520_y64640.png,0.2344,318.02,352.53,324.91,361.25
ch2_ohr_ncp_20251007T0659402125_d_img_d18_x11520_y64640.png,0.2321,467.72,571.95,475.61,582.71
ch2_ohr_ncp_20251007T0659402125_d_img_d18_x11520_y64640.png,0.2311,455.74,626.93,463.09,637.07
ch2_ohr_ncp_20251007T0659402125_d_img_d18_x11520_y64640.png,0.2279,57.12,623.7,66.43,637.85
ch2_ohr_ncp_20251007T0659402125_d_img_d18_x11520_y64640.png,0.2225,123.6,219.33,130.82,225.57
ch2_ohr_ncp_20251007T0659402125_d_img_d18_x11520_y64640.png,0.2186,111.91,69.31,122.39,84.44
ch2_ohr_ncp_20251007T0659402125_d_img_d18_x11520_y64640.png,0.2151,106.64,544.09,111.9,551.08
ch2_ohr_ncp_20251007T0659402125_d_img_d18_x11520_y64640.png,0.2028,444.73,625.65,450.2,631.36
ch2_ohr_ncp_20251007T0659402125_d_img_d18_x11520_y65280.png,0.2616,194.08,445.66,204.84,462.85
ch2_ohr_ncp_20251007T0659402125_d_img_d18_x11520_y65280.png,0.2356,462.82,604.66,474.01,617.64
ch2_ohr_ncp_20251007T0659402125_d_img_d18_x11520_y65280.png,0.2235,80.57,168.37,90.38,187.53
ch2_ohr_ncp_20251007T0659402125_d_img_d18_x11520_y65280.png,0.2115,36.32,187.3,42.92,197.87
ch2_ohr_ncp_20251007T0659402125_d_img_d18_x11520_y65920.png,0.5149,181.79,414.16,194.09,436.77
ch2_ohr_ncp_20251007T0659402125_d_img_d18_x11520_y65920.png,0.5056,249.73,606.16,269.56,639.75
ch2_ohr_ncp_20251007T0659402125_d_img_d18_x11520_y65920.png,0.4493,102.14,263.99,113.03,281.11
ch2_ohr_ncp_20251007T0659402125_d_img_d18_x11520_y65920.png,0.4484,440.47,81.53,448.14,90.53
ch2_ohr_ncp_20251007T0659402125_d_img_d18_x11520_y65920.png,0.4422,349.81,630.05,362.8,639.08
ch2_ohr_ncp_20251007T0659402125_d_img_d18_x11520_y65920.png,0.4318,407.16,512.08,423.56,530.96
ch2_ohr_ncp_20251007T0659402125_d_img_d18_x11520_y65920.png,0.4107,435.77,480.13,440.75,485.78
ch2_ohr_ncp_20251007T0659402125_d_img_d18_x11520_y65920.png,0.4103,427.71,91.79,434.58,102.31
ch2_ohr_ncp_20251007T0659402125_d_img_d18_x11520_y65920.png,0.4062,172.34,460.26,179.01,468.07
ch2_ohr_ncp_20251007T0659402125_d_img_d18_x11520_y65920.png,0.4051,179.47,66.95,188.38,79.7
ch2_ohr_ncp_20251007T0659402125_d_img_d18_x11520_y65920.png,0.3862,322.32,30.82,343.38,70.15
ch2_ohr_ncp_20251007T0659402125_d_img_d18_x11520_y65920.png,0.3725,362.8,10.99,368.38,18.28
ch2_ohr_ncp_20251007T0659402125_d_img_d18_x11520_y65920.png,0.3475,96.49,435.87,119.44,470.01
ch2_ohr_ncp_20251007T0659402125_d_img_d18_x11520_y65920.png,0.3348,377.76,626.54,383.5,634.13
ch2_ohr_ncp_20251007T0659402125_d_img_d18_x11520_y65920.png,0.3214,117.47,594.97,127.63,606.97
ch2_ohr_ncp_20251007T0659402125_d_img_d18_x11520_y65920.png,0.3133,446.07,374.31,454.1,384.16
ch2_ohr_ncp_20251007T0659402125_d_img_d18_x11520_y65920.png,0.3057,113.13,196.4,123.86,209.6
ch2_ohr_ncp_20251007T0659402125_d_img_d18_x11520_y65920.png,0.3025,295.0,443.7,303.36,456.16
ch2_ohr_ncp_20251007T0659402125_d_img_d18_x11520_y65920.png,0.2939,154.1,392.2,161.69,400.58
ch2_ohr_ncp_20251007T0659402125_d_img_d18_x11520_y65920.png,0.2846,161.63,402.7,167.47,410.06
ch2_ohr_ncp_20251007T0659402125_d_img_d18_x11520_y65920.png,0.2801,60.69,501.34,66.72,509.11
ch2_ohr_ncp_20251007T0659402125_d_img_d18_x11520_y65920.png,0.2767,450.47,110.28,458.85,120.57
ch2_ohr_ncp_20251007T0659402125_d_img_d18_x11520_y65920.png,0.2747,84.34,287.17,91.6,295.62
ch2_ohr_ncp_20251007T0659402125_d_img_d18_x11520_y65920.png,0.2621,301.93,403.97,331.81,448.99
ch2_ohr_ncp_20251007T0659402125_d_img_d18_x11520_y65920.png,0.2589,461.85,84.06,469.31,93.95
ch2_ohr_ncp_20251007T0659402125_d_img_d18_x11520_y65920.png,0.2531,285.91,360.97,312.27,408.58
ch2_ohr_ncp_20251007T0659402125_d_img_d18_x11520_y65920.png,0.2362,329.8,145.08,359.38,191.73
ch2_ohr_ncp_20251007T0659402125_d_img_d18_x11520_y65920.png,0.2346,391.68,384.03,400.19,394.1
ch2_ohr_ncp_20251007T0659402125_d_img_d18_x11520_y65920.png,0.2295,364.76,175.58,390.99,213.02
ch2_ohr_ncp_20251007T0659402125_d_img_d18_x11520_y65920.png,0.225,143.95,499.13,150.44,507.75
ch2_ohr_ncp_20251007T0659402125_d_img_d18_x11520_y65920.png,0.224,152.13,537.17,162.03,547.08
ch2_ohr_ncp_20251007T0659402125_d_img_d18_x11520_y65920.png,0.2154,409.4,321.43,415.09,326.98
ch2_ohr_ncp_20251007T0659402125_d_img_d18_x11520_y65920.png,0.2151,376.96,626.61,383.24,636.07
ch2_ohr_ncp_20251007T0659402125_d_img_d18_x11520_y65920.png,0.2137,467.44,397.63,474.91,405.01
ch2_ohr_ncp_20251007T0659402125_d_img_d18_x11520_y65920.png,0.2126,338.72,224.53,343.48,230.41
ch2_ohr_ncp_20251007T0659402125_d_img_d18_x11520_y65920.png,0.2107,451.1,235.38,455.97,241.75
ch2_ohr_ncp_20251007T0659402125_d_img_d18_x11520_y65920.png,0.207,100.01,433.87,122.35,468.22
ch2_ohr_ncp_20251007T0659402125_d_img_d18_x11520_y65920.png,0.2068,335.83,492.34,343.32,499.66
ch2_ohr_ncp_20251007T0659402125_d_img_d18_x11520_y66560.png,0.5082,334.58,330.56,347.35,353.61
ch2_ohr_ncp_20251007T0659402125_d_img_d18_x11520_y66560.png,0.325,149.92,372.01,161.48,394.17
ch2_ohr_ncp_20251007T0659402125_d_img_d18_x11520_y66560.png,0.3166,388.52,438.46,402.94,464.83
ch2_ohr_ncp_20251007T0659402125_d_img_d18_x11520_y66560.png,0.3145,217.99,315.21,225.07,324.76
ch2_ohr_ncp_20251007T0659402125_d_img_d18_x11520_y66560.png,0.3022,0.0,476.06,9.36,490.35
ch2_ohr_ncp_20251007T0659402125_d_img_d18_x11520_y66560.png,0.2888,416.3,169.84,424.66,179.9
ch2_ohr_ncp_20251007T0659402125_d_img_d18_x11520_y66560.png,0.2835,341.0,41.69,360.53,63.74
ch2_ohr_ncp_20251007T0659402125_d_img_d18_x11520_y66560.png,0.2705,236.17,158.8,250.81,176.97
ch2_ohr_ncp_20251007T0659402125_d_img_d18_x11520_y66560.png,0.2577,324.02,37.79,339.6,62.76
ch2_ohr_ncp_20251007T0659402125_d_img_d18_x11520_y66560.png,0.2577,257.68,132.28,263.65,139.12
ch2_ohr_ncp_20251007T0659402125_d_img_d18_x11520_y66560.png,0.253,304.07,261.71,312.2,272.66
ch2_ohr_ncp_20251007T0659402125_d_img_d18_x11520_y66560.png,0.2512,438.25,136.43,447.83,149.05
ch2_ohr_ncp_20251007T0659402125_d_img_d18_x11520_y66560.png,0.2505,379.96,146.91,386.53,154.34
ch2_ohr_ncp_20251007T0659402125_d_img_d18_x11520_y66560.png,0.246,388.2,247.58,396.33,256.98
ch2_ohr_ncp_20251007T0659402125_d_img_d18_x11520_y66560.png,0.2438,244.93,242.98,256.41,260.25
ch2_ohr_ncp_20251007T0659402125_d_img_d18_x11520_y66560.png,0.2401,243.44,540.42,261.81,571.51
ch2_ohr_ncp_20251007T0659402125_d_img_d18_x11520_y66560.png,0.2335,468.08,495.04,474.56,503.06
ch2_ohr_ncp_20251007T0659402125_d_img_d18_x11520_y66560.png,0.2308,378.66,632.15,384.82,639.19
ch2_ohr_ncp_20251007T0659402125_d_img_d18_x11520_y66560.png,0.2224,328.43,167.74,336.83,180.2
ch2_ohr_ncp_20251007T0659402125_d_img_d18_x11520_y66560.png,0.2046,402.0,193.93,407.43,199.6
ch2_ohr_ncp_20251007T0659402125_d_img_d18_x11520_y67200.png,0.5796,440.95,258.03,482.86,340.78
ch2_ohr_ncp_20251007T0659402125_d_img_d18_x11520_y67200.png,0.2323,187.39,535.22,206.88,567.93
ch2_ohr_ncp_20251007T0659402125_d_img_d18_x11520_y67200.png,0.2247,62.34,507.61,73.36,526.79
ch2_ohr_ncp_20251007T0659402125_d_img_d18_x11520_y67840.png,0.3362,453.21,169.87,469.55,184.5
ch2_ohr_ncp_20251007T0659402125_d_img_d18_x11520_y67840.png,0.2746,454.09,166.92,471.89,184.74
ch2_ohr_ncp_20251007T0659402125_d_img_d18_x11520_y67840.png,0.2631,0.0,390.54,14.3,423.74
ch2_ohr_ncp_20251007T0659402125_d_img_d18_x11520_y67840.png,0.2471,91.73,629.82,98.93,637.88
ch2_ohr_ncp_20251007T0659402125_d_img_d18_x11520_y67840.png,0.219,246.54,632.86,253.99,639.68
ch2_ohr_ncp_20251007T0659402125_d_img_d18_x11520_y68480.png,0.5232,395.88,438.38,411.78,466.08
ch2_ohr_ncp_20251007T0659402125_d_img_d18_x11520_y68480.png,0.4232,471.06,324.07,479.15,343.26
ch2_ohr_ncp_20251007T0659402125_d_img_d18_x11520_y68480.png,0.3451,458.98,511.44,466.73,520.69
ch2_ohr_ncp_20251007T0659402125_d_img_d18_x11520_y68480.png,0.3393,96.47,155.23,110.63,175.22
ch2_ohr_ncp_20251007T0659402125_d_img_d18_x11520_y68480.png,0.319,192.34,575.15,218.81,624.05
ch2_ohr_ncp_20251007T0659402125_d_img_d18_x11520_y68480.png,0.289,427.09,627.39,432.53,633.3
ch2_ohr_ncp_20251007T0659402125_d_img_d18_x11520_y68480.png,0.266,422.2,213.28,441.38,229.89
ch2_ohr_ncp_20251007T0659402125_d_img_d18_x11520_y68480.png,0.2617,320.93,277.85,339.05,307.33
ch2_ohr_ncp_20251007T0659402125_d_img_d18_x11520_y68480.png,0.2585,411.65,634.17,418.24,639.39
ch2_ohr_ncp_20251007T0659402125_d_img_d18_x11520_y68480.png,0.2548,222.93,14.78,235.09,33.52
ch2_ohr_ncp_20251007T0659402125_d_img_d18_x11520_y68480.png,0.2399,441.78,359.74,451.26,368.76
ch2_ohr_ncp_20251007T0659402125_d_img_d18_x11520_y68480.png,0.2329,384.84,468.7,404.37,491.4
ch2_ohr_ncp_20251007T0659402125_d_img_d18_x11520_y68480.png,0.2326,462.35,396.16,467.79,402.39
ch2_ohr_ncp_20251007T0659402125_d_img_d18_x11520_y68480.png,0.2321,157.31,135.02,162.4,141.26
ch2_ohr_ncp_20251007T0659402125_d_img_d18_x11520_y68480.png,0.2291,280.54,525.64,290.12,537.4
ch2_ohr_ncp_20251007T0659402125_d_img_d18_x11520_y68480.png,0.2257,470.18,322.65,480.36,344.61
ch2_ohr_ncp_20251007T0659402125_d_img_d18_x11520_y68480.png,0.2189,404.57,70.57,410.88,77.85
ch2_ohr_ncp_20251007T0659402125_d_img_d18_x11520_y68480.png,0.2042,437.31,525.1,443.25,532.28
ch2_ohr_ncp_20251007T0659402125_d_img_d18_x11520_y68480.png,0.2028,23.36,287.93,29.24,294.27
ch2_ohr_ncp_20251007T0659402125_d_img_d18_x11520_y68480.png,0.2009,35.6,141.13,40.97,147.48
ch2_ohr_ncp_20251007T0659402125_d_img_d18_x11520_y69120.png,0.3959,115.54,501.62,121.23,509.69
ch2_ohr_ncp_20251007T0659402125_d_img_d18_x11520_y69120.png,0.2854,234.74,448.24,241.78,457.04
ch2_ohr_ncp_20251007T0659402125_d_img_d18_x11520_y69120.png,0.2791,195.69,252.96,202.49,261.23
ch2_ohr_ncp_20251007T0659402125_d_img_d18_x11520_y69120.png,0.2778,97.33,520.48,104.13,527.63
ch2_ohr_ncp_20251007T0659402125_d_img_d18_x11520_y69120.png,0.2745,140.23,428.12,147.66,436.62
ch2_ohr_ncp_20251007T0659402125_d_img_d18_x11520_y69120.png,0.2527,303.46,195.11,314.1,213.37
ch2_ohr_ncp_20251007T0659402125_d_img_d18_x11520_y69120.png,0.2448,89.97,626.01,95.19,632.38
ch2_ohr_ncp_20251007T0659402125_d_img_d18_x11520_y69120.png,0.2382,145.83,514.19,155.11,527.29
ch2_ohr_ncp_20251007T0659402125_d_img_d18_x11520_y69120.png,0.2366,52.2,306.41,59.25,313.91
ch2_ohr_ncp_20251007T0659402125_d_img_d18_x11520_y69120.png,0.2358,63.51,568.65,70.51,576.65
ch2_ohr_ncp_20251007T0659402125_d_img_d18_x11520_y69120.png,0.231,456.53,477.47,461.57,484.3
ch2_ohr_ncp_20251007T0659402125_d_img_d18_x11520_y69120.png,0.2242,28.9,145.06,34.18,151.33
ch2_ohr_ncp_20251007T0659402125_d_img_d18_x11520_y69120.png,0.2226,180.92,516.52,198.94,549.79
ch2_ohr_ncp_20251007T0659402125_d_img_d18_x11520_y69120.png,0.2196,327.28,173.45,337.68,183.57
ch2_ohr_ncp_20251007T0659402125_d_img_d18_x11520_y69120.png,0.2128,442.4,425.04,449.99,434.29
ch2_ohr_ncp_20251007T0659402125_d_img_d18_x11520_y69120.png,0.2095,202.05,473.48,207.72,480.92
ch2_ohr_ncp_20251007T0659402125_d_img_d18_x11520_y69120.png,0.2019,436.02,381.14,451.57,399.38
ch2_ohr_ncp_20251007T0659402125_d_img_d18_x11520_y70400.png,0.3911,254.63,62.31,314.67,127.04
ch2_ohr_ncp_20251007T0659402125_d_img_d18_x11520_y70400.png,0.2478,25.81,395.98,42.44,428.0
ch2_ohr_ncp_20251007T0659402125_d_img_d18_x11520_y70400.png,0.2314,317.28,499.34,324.04,508.09
ch2_ohr_ncp_20251007T0659402125_d_img_d18_x11520_y70400.png,0.2146,203.51,617.44,219.1,638.41
ch2_ohr_ncp_20251007T0659402125_d_img_d18_x11520_y70400.png,0.2099,457.55,351.79,463.8,359.24
ch2_ohr_ncp_20251007T0659402125_d_img_d18_x11520_y70400.png,0.2063,450.83,607.43,466.52,631.29
ch2_ohr_ncp_20251007T0659402125_d_img_d18_x11520_y71040.png,0.4109,6.2,328.19,18.82,345.39
ch2_ohr_ncp_20251007T0659402125_d_img_d18_x11520_y71040.png,0.3104,0.91,235.59,29.52,273.78
ch2_ohr_ncp_20251007T0659402125_d_img_d18_x11520_y71040.png,0.2923,453.21,250.78,465.4,267.82
ch2_ohr_ncp_20251007T0659402125_d_img_d18_x11520_y71040.png,0.2702,220.79,598.56,232.77,618.84
ch2_ohr_ncp_20251007T0659402125_d_img_d18_x11520_y71040.png,0.2212,19.93,624.61,25.43,630.91
ch2_ohr_ncp_20251007T0659402125_d_img_d18_x11520_y71040.png,0.2148,99.69,378.9,113.2,397.42
ch2_ohr_ncp_20251007T0659402125_d_img_d18_x11520_y71040.png,0.2106,243.42,123.16,253.45,138.67
ch2_ohr_ncp_20251007T0659402125_d_img_d18_x11520_y71040.png,0.2059,433.92,552.83,442.88,561.37
ch2_ohr_ncp_20251007T0659402125_d_img_d18_x11520_y71040.png,0.2055,414.33,354.49,425.43,373.88
ch2_ohr_ncp_20251007T0659402125_d_img_d18_x11520_y71040.png,0.2018,117.97,362.98,128.94,378.71
ch2_ohr_ncp_20251007T0659402125_d_img_d18_x11520_y71680.png,0.3364,472.73,631.27,479.73,638.62
ch2_ohr_ncp_20251007T0659402125_d_img_d18_x11520_y71680.png,0.2261,0.52,443.83,7.89,457.04
ch2_ohr_ncp_20251007T0659402125_d_img_d18_x11520_y71680.png,0.2228,253.08,631.21,260.75,639.26
ch2_ohr_ncp_20251007T0659402125_d_img_d18_x11520_y76800.png,0.2741,117.01,620.02,125.54,629.7
ch2_ohr_ncp_20251007T0659402125_d_img_d18_x11520_y76800.png,0.226,282.32,471.22,289.95,479.76
ch2_ohr_ncp_20251007T0659402125_d_img_d18_x11520_y81920.png,0.3196,192.4,619.37,210.18,637.71
ch2_ohr_ncp_20251007T0659402125_d_img_d18_x11520_y81920.png,0.2566,293.02,341.92,299.58,349.52
ch2_ohr_ncp_20251007T0659402125_d_img_d18_x11520_y81920.png,0.2424,458.78,235.55,465.48,243.93
ch2_ohr_ncp_20251007T0659402125_d_img_d18_x11520_y81920.png,0.2172,370.13,489.37,377.78,500.11
ch2_ohr_ncp_20251007T0659402125_d_img_d18_x11520_y81920.png,0.2048,155.57,632.76,163.96,639.43
ch2_ohr_ncp_20251007T0659402125_d_img_d18_x11520_y82560.png,0.2432,34.78,189.63,40.53,195.44
ch2_ohr_ncp_20251009T1006356898_d_img_d18_x00000_y86400.png,0.2227,626.02,73.84,634.02,85.28
ch2_ohr_ncp_20251009T1006356898_d_img_d18_x00640_y85120.png,0.2603,338.88,288.73,344.58,295.4
ch2_ohr_ncp_20251009T1006356898_d_img_d18_x00640_y85120.png,0.2249,187.67,392.23,196.15,408.47
ch2_ohr_ncp_20251009T1006356898_d_img_d18_x00640_y85120.png,0.2189,633.53,442.72,638.47,449.84
ch2_ohr_ncp_20251009T1006356898_d_img_d18_x00640_y85120.png,0.2038,627.1,459.9,633.49,466.95
ch2_ohr_ncp_20251009T1006356898_d_img_d18_x00640_y87040.png,0.3268,547.73,37.3,553.65,43.17
ch2_ohr_ncp_20251009T1006356898_d_img_d18_x00640_y87040.png,0.3078,34.98,126.18,57.01,161.04
ch2_ohr_ncp_20251009T1006356898_d_img_d18_x00640_y87040.png,0.2699,417.82,70.18,442.27,114.22
ch2_ohr_ncp_20251009T1006356898_d_img_d18_x00640_y87040.png,0.2387,557.21,105.78,562.82,111.69
ch2_ohr_ncp_20251009T1006356898_d_img_d18_x00640_y87040.png,0.2021,611.08,161.13,616.92,168.28
ch2_ohr_ncp_20251009T1006356898_d_img_d18_x00640_y88960.png,0.2049,358.36,632.56,363.48,638.79
ch2_ohr_ncp_20251009T1006356898_d_img_d18_x01280_y84480.png,0.3704,109.16,0.0,129.26,32.08
ch2_ohr_ncp_20251009T1006356898_d_img_d18_x01280_y84480.png,0.2756,413.43,160.94,438.29,196.71
ch2_ohr_ncp_20251009T1006356898_d_img_d18_x01280_y85120.png,0.2674,144.3,603.91,171.49,640.0
ch2_ohr_ncp_20251009T1006356898_d_img_d18_x01280_y85120.png,0.2491,332.27,180.9,339.36,191.37
ch2_ohr_ncp_20251009T1006356898_d_img_d18_x01280_y85120.png,0.2362,448.52,336.45,458.25,354.42
ch2_ohr_ncp_20251009T1006356898_d_img_d18_x01280_y85120.png,0.2269,170.39,143.89,176.28,150.29
ch2_ohr_ncp_20251009T1006356898_d_img_d18_x01280_y85120.png,0.2218,121.47,587.8,125.5,592.27
ch2_ohr_ncp_20251009T1006356898_d_img_d18_x01280_y85120.png,0.2157,182.37,104.14,194.75,124.84
ch2_ohr_ncp_20251009T1006356898_d_img_d18_x01280_y85120.png,0.2112,28.88,624.45,33.55,630.3
ch2_ohr_ncp_20251009T1006356898_d_img_d18_x01280_y85120.png,0.2016,148.95,193.99,159.38,207.56
ch2_ohr_ncp_20251009T1006356898_d_img_d18_x01280_y85760.png,0.3303,615.91,67.71,633.62,93.29
ch2_ohr_ncp_20251009T1006356898_d_img_d18_x01280_y85760.png,0.2943,394.74,146.29,401.95,155.7
ch2_ohr_ncp_20251009T1006356898_d_img_d18_x01280_y85760.png,0.2033,530.38,74.59,536.32,82.33
ch2_ohr_ncp_20251009T1006356898_d_img_d18_x01280_y86400.png,0.2598,299.85,473.94,306.44,482.96
ch2_ohr_ncp_20251009T1006356898_d_img_d18_x01280_y86400.png,0.259,459.49,633.3,466.95,640.0
ch2_ohr_ncp_20251009T1006356898_d_img_d18_x01280_y86400.png,0.2584,618.03,447.23,625.12,456.44
ch2_ohr_ncp_20251009T1006356898_d_img_d18_x01280_y86400.png,0.2552,17.64,46.99,47.45,106.01
ch2_ohr_ncp_20251009T1006356898_d_img_d18_x01280_y86400.png,0.2509,438.66,629.77,443.96,637.88
ch2_ohr_ncp_20251009T1006356898_d_img_d18_x01280_y86400.png,0.2476,475.18,342.09,481.75,351.2
ch2_ohr_ncp_20251009T1006356898_d_img_d18_x01280_y86400.png,0.2232,439.51,629.43,444.5,637.33
ch2_ohr_ncp_20251009T1006356898_d_img_d18_x01280_y86400.png,0.2151,539.34,328.67,544.86,334.98
ch2_ohr_ncp_20251009T1006356898_d_img_d18_x01280_y86400.png,0.213,598.01,238.12,613.4,270.28
ch2_ohr_ncp_20251009T1006356898_d_img_d18_x01280_y86400.png,0.2081,444.36,616.72,449.49,623.96
ch2_ohr_ncp_20251009T1006356898_d_img_d18_x01280_y86400.png,0.2016,315.15,383.76,321.54,391.87
ch2_ohr_ncp_20251009T1006356898_d_img_d18_x01280_y87040.png,0.2501,410.48,2.98,426.26,36.89
ch2_ohr_ncp_20251009T1006356898_d_img_d18_x01280_y88960.png,0.2129,305.48,631.76,314.59,639.81
ch2_ohr_ncp_20251009T1006356898_d_img_d18_x01920_y80000.png,0.3301,268.49,77.47,275.47,86.7
ch2_ohr_ncp_20251009T1006356898_d_img_d18_x01920_y80000.png,0.3131,540.29,380.88,546.96,391.98
ch2_ohr_ncp_20251009T1006356898_d_img_d18_x01920_y80000.png,0.2827,173.92,616.1,182.53,625.16
ch2_ohr_ncp_20251009T1006356898_d_img_d18_x01920_y80000.png,0.2715,225.1,625.04,233.01,636.16
ch2_ohr_ncp_20251009T1006356898_d_img_d18_x01920_y80000.png,0.2466,271.74,538.09,280.13,548.05
ch2_ohr_ncp_20251009T1006356898_d_img_d18_x01920_y80000.png,0.2419,524.15,53.4,529.6,59.63
ch2_ohr_ncp_20251009T1006356898_d_img_d18_x01920_y80000.png,0.2267,372.84,476.9,378.59,485.0
ch2_ohr_ncp_20251009T1006356898_d_img_d18_x01920_y80000.png,0.2231,325.4,189.29,337.23,199.82
ch2_ohr_ncp_20251009T1006356898_d_img_d18_x01920_y80000.png,0.2111,354.35,145.88,360.01,152.04
ch2_ohr_ncp_20251009T1006356898_d_img_d18_x01920_y80000.png,0.207,397.38,479.36,406.32,495.08
ch2_ohr_ncp_20251009T1006356898_d_img_d18_x01920_y80000.png,0.2041,506.64,390.92,512.87,398.96
ch2_ohr_ncp_20251009T1006356898_d_img_d18_x01920_y80000.png,0.2032,123.65,206.39,128.98,212.8
ch2_ohr_ncp_20251009T1006356898_d_img_d18_x01920_y82560.png,0.4662,369.65,537.2,376.67,546.34
ch2_ohr_ncp_20251009T1006356898_d_img_d18_x01920_y82560.png,0.4195,348.69,285.48,357.17,295.26
ch2_ohr_ncp_20251009T1006356898_d_img_d18_x01920_y82560.png,0.4158,311.72,385.48,324.86,400.51
ch2_ohr_ncp_20251009T1006356898_d_img_d18_x01920_y82560.png,0.3886,417.64,472.9,425.65,484.2
ch2_ohr_ncp_20251009T1006356898_d_img_d18_x01920_y82560.png,0.3496,460.17,342.83,481.62,384.27
ch2_ohr_ncp_20251009T1006356898_d_img_d18_x01920_y82560.png,0.322,567.07,504.28,578.92,520.07
ch2_ohr_ncp_20251009T1006356898_d_img_d18_x01920_y82560.png,0.3048,346.59,139.75,354.5,151.7
ch2_ohr_ncp_20251009T1006356898_d_img_d18_x01920_y82560.png,0.2948,454.79,137.04,461.7,148.45
ch2_ohr_ncp_20251009T1006356898_d_img_d18_x01920_y82560.png,0.2715,387.06,546.47,410.45,571.48
ch2_ohr_ncp_20251009T1006356898_d_img_d18_x01920_y82560.png,0.2713,0.0,433.52,4.2,440.15
ch2_ohr_ncp_20251009T1006356898_d_img_d18_x01920_y82560.png,0.2562,273.11,518.0,280.34,528.41
ch2_ohr_ncp_20251009T1006356898_d_img_d18_x01920_y82560.png,0.2528,412.73,539.77,419.95,548.78
ch2_ohr_ncp_20251009T1006356898_d_img_d18_x01920_y82560.png,0.2469,302.26,122.68,310.88,136.54
ch2_ohr_ncp_20251009T1006356898_d_img_d18_x01920_y82560.png,0.2465,424.96,83.19,431.85,93.1
ch2_ohr_ncp_20251009T1006356898_d_img_d18_x01920_y82560.png,0.2442,447.95,241.1,459.4,253.9
ch2_ohr_ncp_20251009T1006356898_d_img_d18_x01920_y82560.png,0.2422,396.46,493.25,403.87,503.09
ch2_ohr_ncp_20251009T1006356898_d_img_d18_x01920_y82560.png,0.2312,177.23,410.93,185.44,421.16
ch2_ohr_ncp_20251009T1006356898_d_img_d18_x01920_y82560.png,0.2288,564.85,93.94,571.89,103.38
ch2_ohr_ncp_20251009T1006356898_d_img_d18_x01920_y82560.png,0.2174,49.84,306.69,55.86,314.75
ch2_ohr_ncp_20251009T1006356898_d_img_d18_x01920_y82560.png,0.2125,546.65,527.24,553.33,533.95
ch2_ohr_ncp_20251009T1006356898_d_img_d18_x01920_y82560.png,0.2097,12.17,631.95,21.01,639.98
ch2_ohr_ncp_20251009T1006356898_d_img_d18_x01920_y82560.png,0.2084,395.79,485.19,402.1,491.69
ch2_ohr_ncp_20251009T1006356898_d_img_d18_x01920_y82560.png,0.2013,470.53,478.97,481.84,494.97
ch2_ohr_ncp_20251009T1006356898_d_img_d18_x01920_y83200.png,0.2645,303.47,99.82,310.2,110.33
ch2_ohr_ncp_20251009T1006356898_d_img_d18_x01920_y83200.png,0.2525,271.4,329.38,279.0,340.49
ch2_ohr_ncp_20251009T1006356898_d_img_d18_x01920_y83200.png,0.2498,556.48,630.45,563.91,639.2
ch2_ohr_ncp_20251009T1006356898_d_img_d18_x01920_y83200.png,0.2444,19.63,632.38,27.65,639.4
ch2_ohr_ncp_20251009T1006356898_d_img_d18_x01920_y83200.png,0.2232,395.33,160.29,400.18,166.75
ch2_ohr_ncp_20251009T1006356898_d_img_d18_x01920_y83200.png,0.2031,250.04,133.88,257.83,142.42
ch2_ohr_ncp_20251009T1006356898_d_img_d18_x01920_y83200.png,0.2009,136.03,454.97,147.57,469.16
ch2_ohr_ncp_20251009T1006356898_d_img_d18_x01920_y84480.png,0.2093,249.18,569.39,256.64,578.26
ch2_ohr_ncp_20251009T1006356898_d_img_d18_x01920_y85120.png,0.3433,499.06,629.04,505.06,636.07
ch2_ohr_ncp_20251009T1006356898_d_img_d18_x01920_y85120.png,0.2409,62.53,299.54,67.96,305.64
ch2_ohr_ncp_20251009T1006356898_d_img_d18_x01920_y85120.png,0.2149,77.51,287.87,83.45,294.78
ch2_ohr_ncp_20251009T1006356898_d_img_d18_x01920_y85120.png,0.2137,50.79,267.78,57.28,274.35
ch2_ohr_ncp_20251009T1006356898_d_img_d18_x01920_y85120.png,0.2082,80.38,303.66,84.48,308.47
ch2_ohr_ncp_20251009T1006356898_d_img_d18_x01920_y85120.png,0.2072,6.02,0.0,41.47,33.77
ch2_ohr_ncp_20251009T1006356898_d_img_d18_x01920_y85120.png,0.2064,130.41,245.35,135.06,250.62
ch2_ohr_ncp_20251009T1006356898_d_img_d18_x01920_y85120.png,0.2063,99.65,324.78,104.85,329.74
ch2_ohr_ncp_20251009T1006356898_d_img_d18_x01920_y85120.png,0.2033,0.42,0.05,44.87,40.39
ch2_ohr_ncp_20251009T1006356898_d_img_d18_x01920_y85760.png,0.3753,241.69,202.09,249.01,212.79
ch2_ohr_ncp_20251009T1006356898_d_img_d18_x01920_y85760.png,0.2856,627.33,454.76,634.6,464.52
ch2_ohr_ncp_20251009T1006356898_d_img_d18_x01920_y86400.png,0.3853,557.3,85.68,563.06,92.08
ch2_ohr_ncp_20251009T1006356898_d_img_d18_x01920_y86400.png,0.3229,618.37,226.4,623.61,233.2
ch2_ohr_ncp_20251009T1006356898_d_img_d18_x01920_y86400.png,0.3182,556.1,142.24,560.89,147.63
ch2_ohr_ncp_20251009T1006356898_d_img_d18_x01920_y86400.png,0.3109,558.28,85.01,564.3,91.97
ch2_ohr_ncp_20251009T1006356898_d_img_d18_x01920_y86400.png,0.3066,447.05,487.47,456.15,503.67
ch2_ohr_ncp_20251009T1006356898_d_img_d18_x01920_y86400.png,0.3027,476.38,494.8,481.87,501.56
ch2_ohr_ncp_20251009T1006356898_d_img_d18_x01920_y86400.png,0.2865,542.55,164.42,562.35,200.3
ch2_ohr_ncp_20251009T1006356898_d_img_d18_x01920_y86400.png,0.2825,129.01,42.85,152.12,93.8
ch2_ohr_ncp_20251009T1006356898_d_img_d18_x01920_y86400.png,0.2804,609.83,178.94,616.19,187.88
ch2_ohr_ncp_20251009T1006356898_d_img_d18_x01920_y86400.png,0.2801,363.36,312.4,371.25,320.95
ch2_ohr_ncp_20251009T1006356898_d_img_d18_x01920_y86400.png,0.2766,103.2,95.66,114.7,112.52
ch2_ohr_ncp_20251009T1006356898_d_img_d18_x01920_y86400.png,0.2598,579.23,232.45,601.93,286.74
ch2_ohr_ncp_20251009T1006356898_d_img_d18_x01920_y86400.png,0.2595,439.48,510.24,447.31,523.59
ch2_ohr_ncp_20251009T1006356898_d_img_d18_x01920_y86400.png,0.2481,474.01,105.05,480.43,111.97
ch2_ohr_ncp_20251009T1006356898_d_img_d18_x01920_y86400.png,0.2479,34.08,92.21,39.95,99.38
ch2_ohr_ncp_20251009T1006356898_d_img_d18_x01920_y86400.png,0.247,500.77,495.31,506.32,502.0
ch2_ohr_ncp_20251009T1006356898_d_img_d18_x01920_y86400.png,0.2154,508.59,251.91,515.47,259.27
ch2_ohr_ncp_20251009T1006356898_d_img_d18_x01920_y86400.png,0.2149,130.43,41.87,149.97,81.6
ch2_ohr_ncp_20251009T1006356898_d_img_d18_x01920_y86400.png,0.2137,4.87,7.42,16.6,23.53
ch2_ohr_ncp_20251009T1006356898_d_img_d18_x01920_y86400.png,0.212,582.35,388.58,616.32,446.36
ch2_ohr_ncp_20251009T1006356898_d_img_d18_x01920_y86400.png,0.2114,514.8,97.74,521.74,105.73
ch2_ohr_ncp_20251009T1006356898_d_img_d18_x01920_y86400.png,0.208,405.24,430.66,415.12,445.24
ch2_ohr_ncp_20251009T1006356898_d_img_d18_x01920_y86400.png,0.2033,299.52,121.01,306.88,132.88
ch2_ohr_ncp_20251009T1006356898_d_img_d18_x01920_y86400.png,0.2032,355.59,293.92,360.2,300.57
ch2_ohr_ncp_20251009T1006356898_d_img_d18_x01920_y87040.png,0.3358,411.12,85.71,416.83,94.17
ch2_ohr_ncp_20251009T1006356898_d_img_d18_x01920_y87040.png,0.3133,403.53,101.68,410.0,108.6
ch2_ohr_ncp_20251009T1006356898_d_img_d18_x01920_y87040.png,0.2921,318.8,627.87,330.29,639.74
ch2_ohr_ncp_20251009T1006356898_d_img_d18_x01920_y87040.png,0.2376,619.62,187.75,625.54,194.01
ch2_ohr_ncp_20251009T1006356898_d_img_d18_x01920_y87680.png,0.2292,537.62,631.55,545.07,639.24
ch2_ohr_ncp_20251009T1006356898_d_img_d18_x01920_y88320.png,0.257,627.93,498.1,634.33,505.7
ch2_ohr_ncp_20251009T1006356898_d_img_d18_x01920_y88320.png,0.2095,110.73,408.17,123.37,423.17
ch2_ohr_ncp_20251009T1006356898_d_img_d18_x01920_y88960.png,0.2141,413.39,4.25,424.18,24.68
ch2_ohr_ncp_20251009T1006356898_d_img_d18_x01920_y89600.png,0.2716,224.57,633.22,232.18,639.77
ch2_ohr_ncp_20251009T1006356898_d_img_d18_x02560_y76160.png,0.3597,258.55,233.05,299.29,288.13
ch2_ohr_ncp_20251009T1006356898_d_img_d18_x02560_y76160.png,0.2441,43.31,633.07,50.57,639.28
ch2_ohr_ncp_20251009T1006356898_d_img_d18_x02560_y76160.png,0.205,620.96,366.87,633.4,386.1
ch2_ohr_ncp_20251009T1006356898_d_img_d18_x02560_y76800.png,0.3122,191.32,50.39,201.81,65.35
ch2_ohr_ncp_20251009T1006356898_d_img_d18_x02560_y76800.png,0.2877,139.94,53.3,162.26,75.69
ch2_ohr_ncp_20251009T1006356898_d_img_d18_x02560_y76800.png,0.2462,0.66,53.59,8.7,69.52
ch2_ohr_ncp_20251009T1006356898_d_img_d18_x02560_y76800.png,0.2288,26.34,63.65,33.21,70.55
ch2_ohr_ncp_20251009T1006356898_d_img_d18_x02560_y76800.png,0.2207,578.01,633.32,583.22,639.3
ch2_ohr_ncp_20251009T1006356898_d_img_d18_x02560_y76800.png,0.2181,422.86,633.86,428.44,639.46
ch2_ohr_ncp_20251009T1006356898_d_img_d18_x02560_y76800.png,0.2157,214.16,528.17,221.89,539.92
ch2_ohr_ncp_20251009T1006356898_d_img_d18_x02560_y76800.png,0.2128,504.37,631.65,511.89,639.47
ch2_ohr_ncp_20251009T1006356898_d_img_d18_x02560_y76800.png,0.2015,0.0,301.53,18.34,333.32
ch2_ohr_ncp_20251009T1006356898_d_img_d18_x02560_y79360.png,0.2888,373.68,343.96,386.85,362.12
ch2_ohr_ncp_20251009T1006356898_d_img_d18_x02560_y79360.png,0.2439,353.53,238.29,365.93,259.01
ch2_ohr_ncp_20251009T1006356898_d_img_d18_x02560_y79360.png,0.2188,83.47,207.11,90.55,214.28
ch2_ohr_ncp_20251009T1006356898_d_img_d18_x02560_y79360.png,0.2155,138.06,120.75,144.42,132.7
ch2_ohr_ncp_20251009T1006356898_d_img_d18_x02560_y79360.png,0.2135,274.05,400.68,281.15,407.85
ch2_ohr_ncp_20251009T1006356898_d_img_d18_x02560_y80000.png,0.3765,239.71,523.81,248.37,538.61
ch2_ohr_ncp_20251009T1006356898_d_img_d18_x02560_y80000.png,0.3265,475.39,633.07,481.56,639.56
ch2_ohr_ncp_20251009T1006356898_d_img_d18_x02560_y80000.png,0.2895,283.15,630.29,298.32,640.0
ch2_ohr_ncp_20251009T1006356898_d_img_d18_x02560_y80000.png,0.2812,339.33,270.38,377.39,336.47
ch2_ohr_ncp_20251009T1006356898_d_img_d18_x02560_y80640.png,0.2097,370.29,8.28,377.1,18.92
ch2_ohr_ncp_20251009T1006356898_d_img_d18_x02560_y81280.png,0.2287,2.8,156.32,20.99,194.12
ch2_ohr_ncp_20251009T1006356898_d_img_d18_x02560_y81920.png,0.3151,339.56,444.54,346.41,452.41
ch2_ohr_ncp_20251009T1006356898_d_img_d18_x02560_y81920.png,0.3116,104.46,281.79,112.94,294.64
ch2_ohr_ncp_20251009T1006356898_d_img_d18_x02560_y81920.png,0.2928,48.05,189.54,53.74,199.13
ch2_ohr_ncp_20251009T1006356898_d_img_d18_x02560_y81920.png,0.2762,617.76,632.01,624.39,639.59
ch2_ohr_ncp_20251009T1006356898_d_img_d18_x02560_y81920.png,0.2441,348.54,76.76,355.04,86.47
ch2_ohr_ncp_20251009T1006356898_d_img_d18_x02560_y81920.png,0.232,405.14,165.25,417.26,180.54
ch2_ohr_ncp_20251009T1006356898_d_img_d18_x02560_y81920.png,0.218,543.62,240.36,555.04,255.68
ch2_ohr_ncp_20251009T1006356898_d_img_d18_x02560_y81920.png,0.2179,112.74,24.14,122.59,40.45
ch2_ohr_ncp_20251009T1006356898_d_img_d18_x02560_y81920.png,0.2162,204.12,128.93,209.86,136.18
ch2_ohr_ncp_20251009T1006356898_d_img_d18_x02560_y81920.png,0.2142,484.08,294.61,490.47,303.07
ch2_ohr_ncp_20251009T1006356898_d_img_d18_x02560_y81920.png,0.2108,346.85,434.81,352.96,442.0
ch2_ohr_ncp_20251009T1006356898_d_img_d18_x02560_y81920.png,0.2021,616.98,525.3,624.13,533.94
ch2_ohr_ncp_20251009T1006356898_d_img_d18_x02560_y82560.png,0.2004,0.01,386.99,26.16,438.02
ch2_ohr_ncp_20251009T1006356898_d_img_d18_x02560_y85120.png,0.2495,173.38,601.44,199.51,640.0
ch2_ohr_ncp_20251009T1006356898_d_img_d18_x02560_y85120.png,0.239,631.16,621.04,639.82,637.08
ch2_ohr_ncp_20251009T1006356898_d_img_d18_x02560_y85120.png,0.2384,136.54,296.17,145.42,312.75
ch2_ohr_ncp_20251009T1006356898_d_img_d18_x02560_y85120.png,0.2384,485.23,630.0,491.27,638.54
ch2_ohr_ncp_20251009T1006356898_d_img_d18_x02560_y85120.png,0.2324,426.9,139.41,433.35,150.08
ch2_ohr_ncp_20251009T1006356898_d_img_d18_x02560_y85120.png,0.2194,521.92,609.6,532.77,627.33
ch2_ohr_ncp_20251009T1006356898_d_img_d18_x02560_y85120.png,0.2104,343.25,409.02,352.45,419.82
ch2_ohr_ncp_20251009T1006356898_d_img_d18_x03200_y81280.png,0.2313,162.67,329.99,168.76,339.83
ch2_ohr_ncp_20251009T1006356898_d_img_d18_x03200_y85120.png,0.2181,123.84,631.9,133.28,639.94
ch2_ohr_ncp_20251009T1006356898_d_img_d18_x03200_y88960.png,0.2142,56.35,0.0,90.13,29.38
ch2_ohr_ncp_20251009T1006356898_d_img_d18_x03840_y79360.png,0.2087,634.53,41.97,639.37,51.91
ch2_ohr_ncp_20251009T1006356898_d_img_d18_x03840_y83200.png,0.2205,546.99,506.99,552.31,514.78
ch2_ohr_ncp_20251009T1006356898_d_img_d18_x03840_y85120.png,0.2251,626.29,152.49,640.0,183.15
ch2_ohr_ncp_20251009T1006356898_d_img_d18_x03840_y86400.png,0.257,235.23,626.59,241.37,634.33
ch2_ohr_ncp_20251009T1006356898_d_img_d18_x04480_y69760.png,0.3212,51.34,631.87,58.36,639.13
ch2_ohr_ncp_20251009T1006356898_d_img_d18_x04480_y83200.png,0.2405,414.81,70.78,427.25,91.86
ch2_ohr_ncp_20251009T1006356898_d_img_d18_x04480_y85760.png,0.331,114.87,181.11,121.48,190.33
ch2_ohr_ncp_20251009T1006356898_d_img_d18_x04480_y85760.png,0.2903,337.84,329.02,346.31,341.77
ch2_ohr_ncp_20251009T1006356898_d_img_d18_x04480_y85760.png,0.2737,551.19,311.95,567.52,339.75
ch2_ohr_ncp_20251009T1006356898_d_img_d18_x04480_y85760.png,0.2233,332.12,631.72,339.4,638.89
ch2_ohr_ncp_20251009T1006356898_d_img_d18_x04480_y85760.png,0.2207,53.25,186.83,64.27,207.78
ch2_ohr_ncp_20251009T1006356898_d_img_d18_x04480_y85760.png,0.2095,355.47,25.49,361.86,34.09
ch2_ohr_ncp_20251009T1006356898_d_img_d18_x05120_y72960.png,0.234,187.85,24.83,194.12,32.63
ch2_ohr_ncp_20251009T1006356898_d_img_d18_x05120_y76160.png,0.2398,459.47,632.18,466.55,639.96
ch2_ohr_ncp_20251009T1006356898_d_img_d18_x05120_y76800.png,0.25,624.19,88.38,631.69,98.25
ch2_ohr_ncp_20251009T1006356898_d_img_d18_x05120_y78720.png,0.2859,260.12,0.0,286.46,33.56
ch2_ohr_ncp_20251009T1006356898_d_img_d18_x05120_y88960.png,0.2718,544.86,227.04,568.52,271.92
ch2_ohr_ncp_20251009T1006356898_d_img_d18_x05760_y71680.png,0.245,282.85,76.55,289.64,86.17
ch2_ohr_ncp_20251009T1006356898_d_img_d18_x05760_y71680.png,0.242,19.37,633.79,27.58,639.89
ch2_ohr_ncp_20251009T1006356898_d_img_d18_x06400_y87680.png,0.3541,283.98,632.14,295.05,640.0
ch2_ohr_ncp_20251009T1006356898_d_img_d18_x06400_y88320.png,0.2012,350.73,622.52,370.28,639.03
ch2_ohr_ncp_20251009T1006356898_d_img_d18_x07040_y76800.png,0.2042,194.2,625.95,200.03,634.18
ch2_ohr_ncp_20251009T1006356898_d_img_d18_x07040_y77440.png,0.3091,435.26,189.51,441.73,198.18
ch2_ohr_ncp_20251009T1006356898_d_img_d18_x07040_y77440.png,0.2634,591.96,126.17,599.72,137.03
ch2_ohr_ncp_20251009T1006356898_d_img_d18_x07040_y77440.png,0.2365,416.42,376.67,441.24,417.96
ch2_ohr_ncp_20251009T1006356898_d_img_d18_x07040_y78720.png,0.4196,235.27,631.76,242.66,639.19
ch2_ohr_ncp_20251009T1006356898_d_img_d18_x07680_y74240.png,0.2309,395.56,44.73,401.99,53.38
ch2_ohr_ncp_20251009T1006356898_d_img_d18_x07680_y76800.png,0.2881,513.51,457.57,519.78,466.57
ch2_ohr_ncp_20251009T1006356898_d_img_d18_x07680_y76800.png,0.2228,379.12,612.57,386.12,620.31
ch2_ohr_ncp_20251009T1006356898_d_img_d18_x08960_y62720.png,0.2903,586.63,624.29,593.23,635.01
ch2_ohr_ncp_20251009T1006356898_d_img_d18_x08960_y62720.png,0.2095,624.46,74.42,632.12,85.43
ch2_ohr_ncp_20251009T1006356898_d_img_d18_x08960_y74240.png,0.2064,456.74,632.13,463.65,639.81
ch2_ohr_ncp_20251009T1006356898_d_img_d18_x08960_y79360.png,0.2424,372.97,632.97,380.61,639.87
ch2_ohr_ncp_20251009T1006356898_d_img_d18_x08960_y92800.png,0.245,60.12,631.12,67.07,639.71
ch2_ohr_ncp_20251009T1006356898_d_img_d18_x08960_y94720.png,0.2462,626.8,113.04,632.44,119.98
ch2_ohr_ncp_20251009T1006356898_d_img_d18_x09600_y59520.png,0.216,495.08,629.24,499.56,637.96
ch2_ohr_ncp_20251009T1006356898_d_img_d18_x09600_y62080.png,0.2688,513.32,624.53,519.73,632.03
ch2_ohr_ncp_20251009T1006356898_d_img_d18_x09600_y76160.png,0.3036,317.78,85.06,323.8,93.88
ch2_ohr_ncp_20251009T1006356898_d_img_d18_x09600_y76800.png,0.2204,559.08,632.29,564.86,639.47
ch2_ohr_ncp_20251009T1006356898_d_img_d18_x09600_y76800.png,0.218,337.02,625.43,343.58,634.45
ch2_ohr_ncp_20251009T1006356898_d_img_d18_x09600_y78720.png,0.2647,627.66,17.85,634.52,27.65
ch2_ohr_ncp_20251009T1006356898_d_img_d18_x09600_y92160.png,0.2346,106.86,631.6,114.27,639.53
ch2_ohr_ncp_20251009T1006356898_d_img_d18_x09600_y94080.png,0.2215,626.11,111.53,632.06,118.61
ch2_ohr_ncp_20251009T1006356898_d_img_d18_x10240_y62720.png,0.2476,515.97,627.89,522.72,638.08
ch2_ohr_ncp_20251009T1006356898_d_img_d18_x10240_y62720.png,0.2313,310.27,439.66,321.3,452.93
ch2_ohr_ncp_20251009T1006356898_d_img_d18_x10240_y72320.png,0.223,525.89,626.54,545.76,640.0
ch2_ohr_ncp_20251009T1006356898_d_img_d18_x10240_y72960.png,0.3103,516.7,0.0,541.31,28.74
ch2_ohr_ncp_20251009T1006356898_d_img_d18_x10240_y72960.png,0.2509,629.49,482.29,635.24,489.59
ch2_ohr_ncp_20251009T1006356898_d_img_d18_x10240_y72960.png,0.2299,579.83,548.72,584.83,555.13
ch2_ohr_ncp_20251009T1006356898_d_img_d18_x10240_y72960.png,0.2297,75.45,77.94,92.03,106.42
ch2_ohr_ncp_20251009T1006356898_d_img_d18_x10240_y72960.png,0.2136,628.07,482.13,634.14,488.06
ch2_ohr_ncp_20251009T1006356898_d_img_d18_x10240_y72960.png,0.2108,629.63,311.55,635.04,319.88
ch2_ohr_ncp_20251009T1006356898_d_img_d18_x10240_y73600.png,0.2181,283.81,431.17,289.72,438.89
ch2_ohr_ncp_20251009T1006356898_d_img_d18_x10240_y86400.png,0.2509,407.86,550.63,413.91,558.45
ch2_ohr_ncp_20251009T1006356898_d_img_d18_x10240_y92160.png,0.2697,4.13,633.06,10.52,639.75
ch2_ohr_ncp_20251009T1006356898_d_img_d18_x10880_y57600.png,0.2008,4.06,305.86,17.68,324.52
ch2_ohr_ncp_20251009T1006356898_d_img_d18_x10880_y58880.png,0.2106,596.49,632.25,605.11,640.0
ch2_ohr_ncp_20251009T1006356898_d_img_d18_x10880_y59520.png,0.2875,554.45,625.15,561.19,633.7
ch2_ohr_ncp_20251009T1006356898_d_img_d18_x10880_y60160.png,0.5185,97.85,0.0,129.5,49.74
ch2_ohr_ncp_20251009T1006356898_d_img_d18_x10880_y60160.png,0.4839,260.83,537.97,274.33,566.36
ch2_ohr_ncp_20251009T1006356898_d_img_d18_x10880_y60160.png,0.3685,612.29,604.25,620.49,617.56
ch2_ohr_ncp_20251009T1006356898_d_img_d18_x10880_y60160.png,0.2974,608.85,580.59,617.12,592.01
ch2_ohr_ncp_20251009T1006356898_d_img_d18_x10880_y60160.png,0.2926,191.08,496.9,200.86,514.6
ch2_ohr_ncp_20251009T1006356898_d_img_d18_x10880_y60160.png,0.2692,249.99,234.43,256.88,243.29
ch2_ohr_ncp_20251009T1006356898_d_img_d18_x10880_y60160.png,0.2627,540.73,586.47,555.58,609.01
ch2_ohr_ncp_20251009T1006356898_d_img_d18_x10880_y60160.png,0.249,120.66,74.95,131.48,91.14
ch2_ohr_ncp_20251009T1006356898_d_img_d18_x10880_y60160.png,0.2471,383.72,84.54,394.07,100.87
ch2_ohr_ncp_20251009T1006356898_d_img_d18_x10880_y60160.png,0.2432,392.1,609.71,410.4,638.72
ch2_ohr_ncp_20251009T1006356898_d_img_d18_x10880_y60160.png,0.2423,417.82,100.73,426.92,112.27
ch2_ohr_ncp_20251009T1006356898_d_img_d18_x10880_y60160.png,0.2375,278.09,611.3,285.34,620.71
ch2_ohr_ncp_20251009T1006356898_d_img_d18_x10880_y60160.png,0.2304,466.98,94.27,484.5,119.25
ch2_ohr_ncp_20251009T1006356898_d_img_d18_x10880_y60160.png,0.2287,420.58,38.28,434.71,56.52
ch2_ohr_ncp_20251009T1006356898_d_img_d18_x10880_y60160.png,0.2285,321.91,302.17,352.02,351.55
ch2_ohr_ncp_20251009T1006356898_d_img_d18_x10880_y60160.png,0.2222,55.1,134.56,63.28,144.14
ch2_ohr_ncp_20251009T1006356898_d_img_d18_x10880_y60160.png,0.2169,343.87,275.98,351.14,286.41
ch2_ohr_ncp_20251009T1006356898_d_img_d18_x10880_y60160.png,0.2132,210.04,40.35,222.13,55.17
ch2_ohr_ncp_20251009T1006356898_d_img_d18_x10880_y60160.png,0.2087,443.34,220.96,452.84,232.78
ch2_ohr_ncp_20251009T1006356898_d_img_d18_x10880_y60160.png,0.2077,510.31,590.87,522.37,611.53
ch2_ohr_ncp_20251009T1006356898_d_img_d18_x10880_y60160.png,0.2055,103.71,0.0,131.61,29.38
ch2_ohr_ncp_20251009T1006356898_d_img_d18_x10880_y60160.png,0.203,529.96,578.32,536.72,588.29
ch2_ohr_ncp_20251009T1006356898_d_img_d18_x10880_y72960.png,0.3183,252.57,633.13,258.95,638.95
ch2_ohr_ncp_20251009T1006356898_d_img_d18_x10880_y72960.png,0.2184,331.65,174.99,342.6,192.13
ch2_ohr_ncp_20251009T1006356898_d_img_d18_x10880_y72960.png,0.2038,286.06,495.8,299.99,516.17
ch2_ohr_ncp_20251009T1006356898_d_img_d18_x10880_y75520.png,0.2167,3.76,219.09,9.38,228.84
ch2_ohr_ncp_20251009T1006356898_d_img_d18_x11520_y46080.png,0.5,423.01,87.28,435.72,105.82
ch2_ohr_ncp_20251009T1006356898_d_img_d18_x11520_y46080.png,0.482,1.92,585.34,9.67,597.47
ch2_ohr_ncp_20251009T1006356898_d_img_d18_x11520_y46080.png,0.4524,465.19,376.08,471.88,387.81
ch2_ohr_ncp_20251009T1006356898_d_img_d18_x11520_y46080.png,0.432,196.95,335.74,215.28,371.32
ch2_ohr_ncp_20251009T1006356898_d_img_d18_x11520_y46080.png,0.4181,181.19,220.19,188.67,231.24
ch2_ohr_ncp_20251009T1006356898_d_img_d18_x11520_y46080.png,0.4072,326.87,195.6,336.87,213.96
ch2_ohr_ncp_20251009T1006356898_d_img_d18_x11520_y46080.png,0.3968,5.96,444.4,15.82,463.52
ch2_ohr_ncp_20251009T1006356898_d_img_d18_x11520_y46080.png,0.3939,275.21,516.94,284.62,529.27
ch2_ohr_ncp_20251009T1006356898_d_img_d18_x11520_y46080.png,0.3879,350.96,629.21,360.96,639.65
ch2_ohr_ncp_20251009T1006356898_d_img_d18_x11520_y46080.png,0.3797,28.7,36.16,35.96,45.49
ch2_ohr_ncp_20251009T1006356898_d_img_d18_x11520_y46080.png,0.3793,6.71,521.66,14.88,534.01
ch2_ohr_ncp_20251009T1006356898_d_img_d18_x11520_y46080.png,0.3751,3.88,175.52,13.11,186.12
ch2_ohr_ncp_20251009T1006356898_d_img_d18_x11520_y46080.png,0.371,428.36,169.52,439.05,184.54
ch2_ohr_ncp_20251009T1006356898_d_img_d18_x11520_y46080.png,0.3709,383.26,532.25,398.39,559.9
ch2_ohr_ncp_20251009T1006356898_d_img_d18_x11520_y46080.png,0.3695,196.2,210.27,202.34,217.81
ch2_ohr_ncp_20251009T1006356898_d_img_d18_x11520_y46080.png,0.3693,304.17,568.68,311.29,581.39
ch2_ohr_ncp_20251009T1006356898_d_img_d18_x11520_y46080.png,0.3551,47.4,476.84,57.22,489.19
ch2_ohr_ncp_20251009T1006356898_d_img_d18_x11520_y46080.png,0.3521,420.71,241.95,428.37,252.91
ch2_ohr_ncp_20251009T1006356898_d_img_d18_x11520_y46080.png,0.3489,35.83,17.06,41.39,22.95
ch2_ohr_ncp_20251009T1006356898_d_img_d18_x11520_y46080.png,0.3428,29.12,49.54,37.61,64.27
ch2_ohr_ncp_20251009T1006356898_d_img_d18_x11520_y46080.png,0.3409,233.95,497.56,238.47,503.29
ch2_ohr_ncp_20251009T1006356898_d_img_d18_x11520_y46080.png,0.3404,117.94,576.43,132.63,597.28
ch2_ohr_ncp_20251009T1006356898_d_img_d18_x11520_y46080.png,0.3399,77.52,560.95,84.3,573.11
ch2_ohr_ncp_20251009T1006356898_d_img_d18_x11520_y46080.png,0.3323,175.09,248.81,181.32,256.66
ch2_ohr_ncp_20251009T1006356898_d_img_d18_x11520_y46080.png,0.3314,14.47,609.99,22.21,623.09
ch2_ohr_ncp_20251009T1006356898_d_img_d18_x11520_y46080.png,0.3242,154.36,20.91,160.53,28.68
ch2_ohr_ncp_20251009T1006356898_d_img_d18_x11520_y46080.png,0.3233,447.36,488.97,454.43,498.25
ch2_ohr_ncp_20251009T1006356898_d_img_d18_x11520_y46080.png,0.32,307.11,329.73,314.0,339.55
ch2_ohr_ncp_20251009T1006356898_d_img_d18_x11520_y46080.png,0.3178,37.45,448.43,47.34,464.48
ch2_ohr_ncp_20251009T1006356898_d_img_d18_x11520_y46080.png,0.3156,269.01,112.96,274.53,118.67
ch2_ohr_ncp_20251009T1006356898_d_img_d18_x11520_y46080.png,0.3127,74.64,218.07,80.75,225.7
ch2_ohr_ncp_20251009T1006356898_d_img_d18_x11520_y46080.png,0.3075,63.11,75.33,71.31,88.27
ch2_ohr_ncp_20251009T1006356898_d_img_d18_x11520_y46080.png,0.3047,164.25,471.97,177.64,499.87
ch2_ohr_ncp_20251009T1006356898_d_img_d18_x11520_y46080.png,0.2975,18.54,396.8,37.05,420.39
ch2_ohr_ncp_20251009T1006356898_d_img_d18_x11520_y46080.png,0.2972,346.11,497.79,351.7,504.81
ch2_ohr_ncp_20251009T1006356898_d_img_d18_x11520_y46080.png,0.2972,155.64,216.81,161.6,224.46
ch2_ohr_ncp_20251009T1006356898_d_img_d18_x11520_y46080.png,0.2967,291.47,148.96,298.24,160.83
ch2_ohr_ncp_20251009T1006356898_d_img_d18_x11520_y46080.png,0.2949,434.48,108.84,441.83,119.46
ch2_ohr_ncp_20251009T1006356898_d_img_d18_x11520_y46080.png,0.2918,33.79,70.0,45.21,83.19
ch2_ohr_ncp_20251009T1006356898_d_img_d18_x11520_y46080.png,0.2849,297.09,536.58,310.82,554.04
ch2_ohr_ncp_20251009T1006356898_d_img_d18_x11520_y46080.png,0.2839,157.72,241.12,162.75,247.1
ch2_ohr_ncp_20251009T1006356898_d_img_d18_x11520_y46080.png,0.2817,296.66,409.01,308.38,421.67
ch2_ohr_ncp_20251009T1006356898_d_img_d18_x11520_y46080.png,0.2808,55.62,26.79,60.94,34.69
ch2_ohr_ncp_20251009T1006356898_d_img_d18_x11520_y46080.png,0.2804,199.82,196.7,206.45,206.27
ch2_ohr_ncp_20251009T1006356898_d_img_d18_x11520_y46080.png,0.2756,343.35,386.35,353.31,399.86
ch2_ohr_ncp_20251009T1006356898_d_img_d18_x11520_y46080.png,0.2741,340.08,600.84,351.99,615.97
ch2_ohr_ncp_20251009T1006356898_d_img_d18_x11520_y46080.png,0.2731,294.3,450.91,301.36,458.98
ch2_ohr_ncp_20251009T1006356898_d_img_d18_x11520_y46080.png,0.2677,387.6,617.0,396.48,628.17
ch2_ohr_ncp_20251009T1006356898_d_img_d18_x11520_y46080.png,0.2655,143.64,389.78,151.21,400.26
ch2_ohr_ncp_20251009T1006356898_d_img_d18_x11520_y46080.png,0.2645,135.01,324.97,142.54,334.49
ch2_ohr_ncp_20251009T1006356898_d_img_d18_x11520_y46080.png,0.2629,118.83,550.84,126.22,563.75
ch2_ohr_ncp_20251009T1006356898_d_img_d18_x11520_y46080.png,0.2606,128.5,88.68,136.97,99.47
ch2_ohr_ncp_20251009T1006356898_d_img_d18_x11520_y46080.png,0.26,329.36,364.01,335.23,373.76
ch2_ohr_ncp_20251009T1006356898_d_img_d18_x11520_y46080.png,0.2591,231.46,249.4,237.34,256.87
ch2_ohr_ncp_20251009T1006356898_d_img_d18_x11520_y46080.png,0.2582,56.5,49.68,61.01,54.25
ch2_ohr_ncp_20251009T1006356898_d_img_d18_x11520_y46080.png,0.2581,6.53,235.24,23.74,254.87
ch2_ohr_ncp_20251009T1006356898_d_img_d18_x11520_y46080.png,0.2554,97.03,296.56,103.4,305.35
ch2_ohr_ncp_20251009T1006356898_d_img_d18_x11520_y46080.png,0.2525,465.22,503.09,470.22,509.65
ch2_ohr_ncp_20251009T1006356898_d_img_d18_x11520_y46080.png,0.2516,184.55,570.65,191.97,579.89
ch2_ohr_ncp_20251009T1006356898_d_img_d18_x11520_y46080.png,0.2513,257.98,516.62,263.7,523.87
ch2_ohr_ncp_20251009T1006356898_d_img_d18_x11520_y46080.png,0.2497,464.78,626.15,477.93,639.87
ch2_ohr_ncp_20251009T1006356898_d_img_d18_x11520_y46080.png,0.2488,303.03,118.11,309.27,127.11
ch2_ohr_ncp_20251009T1006356898_d_img_d18_x11520_y46080.png,0.2459,410.84,536.6,423.7,556.07
ch2_ohr_ncp_20251009T1006356898_d_img_d18_x11520_y46080.png,0.2453,0.13,0.0,14.5,16.81
ch2_ohr_ncp_20251009T1006356898_d_img_d18_x11520_y46080.png,0.2446,358.12,457.51,363.17,463.75
ch2_ohr_ncp_20251009T1006356898_d_img_d18_x11520_y46080.png,0.238,128.88,282.13,135.08,291.68
ch2_ohr_ncp_20251009T1006356898_d_img_d18_x11520_y46080.png,0.2379,71.32,196.86,77.91,206.19
ch2_ohr_ncp_20251009T1006356898_d_img_d18_x11520_y46080.png,0.2355,57.36,574.72,63.72,583.56
ch2_ohr_ncp_20251009T1006356898_d_img_d18_x11520_y46080.png,0.23,91.95,127.94,97.99,134.92
ch2_ohr_ncp_20251009T1006356898_d_img_d18_x11520_y46080.png,0.2282,63.98,153.7,74.02,171.42
ch2_ohr_ncp_20251009T1006356898_d_img_d18_x11520_y46080.png,0.2226,359.75,623.62,365.75,628.9
ch2_ohr_ncp_20251009T1006356898_d_img_d18_x11520_y46080.png,0.2204,165.57,478.19,176.47,498.61
ch2_ohr_ncp_20251009T1006356898_d_img_d18_x11520_y46080.png,0.2204,22.99,75.0,29.98,83.49
ch2_ohr_ncp_20251009T1006356898_d_img_d18_x11520_y46080.png,0.22,142.26,297.16,147.53,305.49
ch2_ohr_ncp_20251009T1006356898_d_img_d18_x11520_y46080.png,0.2184,283.96,414.36,291.0,423.92
ch2_ohr_ncp_20251009T1006356898_d_img_d18_x11520_y46080.png,0.2183,119.18,285.78,125.38,292.71
ch2_ohr_ncp_20251009T1006356898_d_img_d18_x11520_y46080.png,0.2179,158.05,369.02,164.87,376.8
ch2_ohr_ncp_20251009T1006356898_d_img_d18_x11520_y46080.png,0.2134,242.32,0.0,259.2,14.53
ch2_ohr_ncp_20251009T1006356898_d_img_d18_x11520_y46080.png,0.2112,406.07,372.87,410.98,379.05
ch2_ohr_ncp_20251009T1006356898_d_img_d18_x11520_y46080.png,0.207,182.35,544.76,189.53,554.8
ch2_ohr_ncp_20251009T1006356898_d_img_d18_x11520_y46720.png,0.6297,340.44,455.25,354.74,482.89
ch2_ohr_ncp_20251009T1006356898_d_img_d18_x11520_y46720.png,0.5486,198.37,537.62,210.21,560.2
ch2_ohr_ncp_20251009T1006356898_d_img_d18_x11520_y46720.png,0.537,431.32,271.23,440.46,292.09
ch2_ohr_ncp_20251009T1006356898_d_img_d18_x11520_y46720.png,0.5231,272.72,358.63,281.21,372.14
ch2_ohr_ncp_20251009T1006356898_d_img_d18_x11520_y46720.png,0.5181,239.28,169.94,247.3,182.48
ch2_ohr_ncp_20251009T1006356898_d_img_d18_x11520_y46720.png,0.5012,363.29,14.64,381.56,55.9
ch2_ohr_ncp_20251009T1006356898_d_img_d18_x11520_y46720.png,0.4986,280.59,117.41,290.78,134.98
ch2_ohr_ncp_20251009T1006356898_d_img_d18_x11520_y46720.png,0.4873,206.42,112.62,214.94,125.77
ch2_ohr_ncp_20251009T1006356898_d_img_d18_x11520_y46720.png,0.4608,371.06,104.78,379.23,115.5
ch2_ohr_ncp_20251009T1006356898_d_img_d18_x11520_y46720.png,0.4453,141.35,22.64,152.69,40.71
ch2_ohr_ncp_20251009T1006356898_d_img_d18_x11520_y46720.png,0.4291,193.52,258.16,199.1,265.08
ch2_ohr_ncp_20251009T1006356898_d_img_d18_x11520_y46720.png,0.4201,23.98,323.36,76.85,419.13
ch2_ohr_ncp_20251009T1006356898_d_img_d18_x11520_y46720.png,0.4125,425.7,98.66,453.91,150.28
ch2_ohr_ncp_20251009T1006356898_d_img_d18_x11520_y46720.png,0.4051,191.11,436.42,201.19,453.83
ch2_ohr_ncp_20251009T1006356898_d_img_d18_x11520_y46720.png,0.384,408.32,74.67,416.91,84.41
ch2_ohr_ncp_20251009T1006356898_d_img_d18_x11520_y46720.png,0.3724,179.56,187.89,195.04,207.41
ch2_ohr_ncp_20251009T1006356898_d_img_d18_x11520_y46720.png,0.3676,197.25,512.3,202.33,518.7
ch2_ohr_ncp_20251009T1006356898_d_img_d18_x11520_y46720.png,0.3615,133.3,175.79,139.3,183.86
ch2_ohr_ncp_20251009T1006356898_d_img_d18_x11520_y46720.png,0.3506,329.71,520.22,337.57,530.99
ch2_ohr_ncp_20251009T1006356898_d_img_d18_x11520_y46720.png,0.3412,361.77,309.97,410.81,387.1
ch2_ohr_ncp_20251009T1006356898_d_img_d18_x11520_y46720.png,0.3318,470.18,78.32,477.93,86.68
ch2_ohr_ncp_20251009T1006356898_d_img_d18_x11520_y46720.png,0.3232,425.59,144.51,431.57,150.87
ch2_ohr_ncp_20251009T1006356898_d_img_d18_x11520_y46720.png,0.3212,317.34,0.13,336.21,27.86
ch2_ohr_ncp_20251009T1006356898_d_img_d18_x11520_y46720.png,0.3201,181.42,502.09,186.29,508.25
ch2_ohr_ncp_20251009T1006356898_d_img_d18_x11520_y46720.png,0.3201,391.08,189.29,397.1,198.11
ch2_ohr_ncp_20251009T1006356898_d_img_d18_x11520_y46720.png,0.3188,63.51,28.16,73.46,45.86
ch2_ohr_ncp_20251009T1006356898_d_img_d18_x11520_y46720.png,0.3165,405.89,179.24,411.61,186.05
ch2_ohr_ncp_20251009T1006356898_d_img_d18_x11520_y46720.png,0.3116,374.68,443.69,389.44,459.7
ch2_ohr_ncp_20251009T1006356898_d_img_d18_x11520_y46720.png,0.3112,82.38,26.67,95.47,44.11
ch2_ohr_ncp_20251009T1006356898_d_img_d18_x11520_y46720.png,0.3032,439.44,378.99,445.15,386.03
ch2_ohr_ncp_20251009T1006356898_d_img_d18_x11520_y46720.png,0.2996,360.46,175.47,369.7,187.3
ch2_ohr_ncp_20251009T1006356898_d_img_d18_x11520_y46720.png,0.2985,376.84,501.56,385.09,512.13
ch2_ohr_ncp_20251009T1006356898_d_img_d18_x11520_y46720.png,0.2922,416.68,526.42,429.01,538.9
ch2_ohr_ncp_20251009T1006356898_d_img_d18_x11520_y46720.png,0.2908,455.07,427.9,461.26,434.32
ch2_ohr_ncp_20251009T1006356898_d_img_d18_x11520_y46720.png,0.2901,414.79,175.11,419.28,180.95
ch2_ohr_ncp_20251009T1006356898_d_img_d18_x11520_y46720.png,0.2894,59.02,139.98,69.11,150.48
ch2_ohr_ncp_20251009T1006356898_d_img_d18_x11520_y46720.png,0.281,166.62,508.26,176.28,519.01
ch2_ohr_ncp_20251009T1006356898_d_img_d18_x11520_y46720.png,0.278,128.75,435.42,134.76,442.87
ch2_ohr_ncp_20251009T1006356898_d_img_d18_x11520_y46720.png,0.2619,105.73,558.98,112.79,569.13
ch2_ohr_ncp_20251009T1006356898_d_img_d18_x11520_y46720.png,0.2501,436.0,168.82,440.79,175.32
ch2_ohr_ncp_20251009T1006356898_d_img_d18_x11520_y46720.png,0.2484,434.62,448.42,445.88,461.93
ch2_ohr_ncp_20251009T1006356898_d_img_d18_x11520_y46720.png,0.2483,84.82,15.29,90.49,21.51
ch2_ohr_ncp_20251009T1006356898_d_img_d18_x11520_y46720.png,0.2479,214.98,462.57,220.9,470.08
ch2_ohr_ncp_20251009T1006356898_d_img_d18_x11520_y46720.png,0.2469,0.58,407.8,5.69,419.71
ch2_ohr_ncp_20251009T1006356898_d_img_d18_x11520_y46720.png,0.2449,430.38,210.88,438.19,220.23
ch2_ohr_ncp_20251009T1006356898_d_img_d18_x11520_y46720.png,0.2446,247.14,563.25,252.87,569.85
ch2_ohr_ncp_20251009T1006356898_d_img_d18_x11520_y46720.png,0.2432,11.1,565.43,23.72,585.88
ch2_ohr_ncp_20251009T1006356898_d_img_d18_x11520_y46720.png,0.2431,24.73,534.38,30.29,541.99
ch2_ohr_ncp_20251009T1006356898_d_img_d18_x11520_y46720.png,0.2402,16.78,59.63,27.41,77.88
ch2_ohr_ncp_20251009T1006356898_d_img_d18_x11520_y46720.png,0.24,379.59,385.88,386.27,395.3
ch2_ohr_ncp_20251009T1006356898_d_img_d18_x11520_y46720.png,0.2377,452.14,273.66,465.77,291.34
ch2_ohr_ncp_20251009T1006356898_d_img_d18_x11520_y46720.png,0.2372,24.16,509.81,36.38,526.26
ch2_ohr_ncp_20251009T1006356898_d_img_d18_x11520_y46720.png,0.2336,133.44,511.04,139.99,519.32
ch2_ohr_ncp_20251009T1006356898_d_img_d18_x11520_y46720.png,0.2328,0.04,408.17,4.35,419.62
ch2_ohr_ncp_20251009T1006356898_d_img_d18_x11520_y46720.png,0.2302,169.25,213.3,175.18,220.82
ch2_ohr_ncp_20251009T1006356898_d_img_d18_x11520_y46720.png,0.2269,273.93,164.2,279.76,170.98
ch2_ohr_ncp_20251009T1006356898_d_img_d18_x11520_y46720.png,0.2225,261.06,242.19,281.16,271.37
ch2_ohr_ncp_20251009T1006356898_d_img_d18_x11520_y46720.png,0.2204,300.66,545.0,307.24,552.87
ch2_ohr_ncp_20251009T1006356898_d_img_d18_x11520_y46720.png,0.2197,432.22,489.73,436.13,495.27
ch2_ohr_ncp_20251009T1006356898_d_img_d18_x11520_y46720.png,0.2142,327.22,49.33,335.44,57.9
ch2_ohr_ncp_20251009T1006356898_d_img_d18_x11520_y46720.png,0.2141,429.74,633.3,435.65,639.22
ch2_ohr_ncp_20251009T1006356898_d_img_d18_x11520_y46720.png,0.2123,437.36,61.84,444.37,73.1
ch2_ohr_ncp_20251009T1006356898_d_img_d18_x11520_y46720.png,0.2075,205.61,605.81,212.42,614.54
ch2_ohr_ncp_20251009T1006356898_d_img_d18_x11520_y46720.png,0.2066,460.56,80.7,466.72,86.73
ch2_ohr_ncp_20251009T1006356898_d_img_d18_x11520_y46720.png,0.2049,180.96,501.54,185.32,507.88
ch2_ohr_ncp_20251009T1006356898_d_img_d18_x11520_y46720.png,0.2045,284.04,547.48,290.72,554.55
ch2_ohr_ncp_20251009T1006356898_d_img_d18_x11520_y46720.png,0.2034,297.6,316.7,304.55,327.41
ch2_ohr_ncp_20251009T1006356898_d_img_d18_x11520_y46720.png,0.2034,391.28,24.64,414.29,73.15
ch2_ohr_ncp_20251009T1006356898_d_img_d18_x11520_y46720.png,0.2029,21.05,143.93,25.37,148.92
ch2_ohr_ncp_20251009T1006356898_d_img_d18_x11520_y46720.png,0.2009,190.93,481.94,200.13,492.4
ch2_ohr_ncp_20251009T1006356898_d_img_d18_x11520_y47360.png,0.6725,319.16,188.58,336.84,215.97
ch2_ohr_ncp_20251009T1006356898_d_img_d18_x11520_y47360.png,0.5704,309.65,90.03,323.2,112.44
ch2_ohr_ncp_20251009T1006356898_d_img_d18_x11520_y47360.png,0.5672,332.95,608.24,345.25,628.43
ch2_ohr_ncp_20251009T1006356898_d_img_d18_x11520_y47360.png,0.554,132.07,138.2,149.46,164.86
ch2_ohr_ncp_20251009T1006356898_d_img_d18_x11520_y47360.png,0.5417,129.05,293.61,137.35,307.28
ch2_ohr_ncp_20251009T1006356898_d_img_d18_x11520_y47360.png,0.5077,340.77,316.61,355.9,339.94
ch2_ohr_ncp_20251009T1006356898_d_img_d18_x11520_y47360.png,0.5027,109.1,42.68,119.83,59.96
ch2_ohr_ncp_20251009T1006356898_d_img_d18_x11520_y47360.png,0.4818,408.88,332.22,416.07,339.87
ch2_ohr_ncp_20251009T1006356898_d_img_d18_x11520_y47360.png,0.4671,153.52,234.29,163.17,248.76
ch2_ohr_ncp_20251009T1006356898_d_img_d18_x11520_y47360.png,0.4647,96.18,333.02,103.96,344.55
ch2_ohr_ncp_20251009T1006356898_d_img_d18_x11520_y47360.png,0.4643,61.19,355.88,72.44,374.28
ch2_ohr_ncp_20251009T1006356898_d_img_d18_x11520_y47360.png,0.4464,19.31,77.51,25.71,87.3
ch2_ohr_ncp_20251009T1006356898_d_img_d18_x11520_y47360.png,0.4462,183.08,380.26,192.68,399.05
ch2_ohr_ncp_20251009T1006356898_d_img_d18_x11520_y47360.png,0.4305,323.59,32.21,330.23,40.41
ch2_ohr_ncp_20251009T1006356898_d_img_d18_x11520_y47360.png,0.4186,95.83,93.16,103.61,103.49
ch2_ohr_ncp_20251009T1006356898_d_img_d18_x11520_y47360.png,0.4165,147.67,492.03,174.09,535.93
ch2_ohr_ncp_20251009T1006356898_d_img_d18_x11520_y47360.png,0.4158,24.18,391.56,32.68,404.56
ch2_ohr_ncp_20251009T1006356898_d_img_d18_x11520_y47360.png,0.4103,75.82,511.55,92.78,551.39
ch2_ohr_ncp_20251009T1006356898_d_img_d18_x11520_y47360.png,0.4,121.29,343.24,145.19,384.72
ch2_ohr_ncp_20251009T1006356898_d_img_d18_x11520_y47360.png,0.3952,121.89,318.05,128.04,326.61
ch2_ohr_ncp_20251009T1006356898_d_img_d18_x11520_y47360.png,0.3821,137.35,402.76,145.36,415.67
ch2_ohr_ncp_20251009T1006356898_d_img_d18_x11520_y47360.png,0.3788,31.03,54.32,38.55,62.76
ch2_ohr_ncp_20251009T1006356898_d_img_d18_x11520_y47360.png,0.3785,131.36,130.44,137.8,139.14
ch2_ohr_ncp_20251009T1006356898_d_img_d18_x11520_y47360.png,0.351,227.55,14.12,233.79,23.19
ch2_ohr_ncp_20251009T1006356898_d_img_d18_x11520_y47360.png,0.3464,469.84,174.35,476.91,183.74
ch2_ohr_ncp_20251009T1006356898_d_img_d18_x11520_y47360.png,0.3458,149.57,451.34,155.5,459.39
ch2_ohr_ncp_20251009T1006356898_d_img_d18_x11520_y47360.png,0.3443,107.29,175.45,115.58,185.93
ch2_ohr_ncp_20251009T1006356898_d_img_d18_x11520_y47360.png,0.3389,48.98,339.21,55.96,347.45
ch2_ohr_ncp_20251009T1006356898_d_img_d18_x11520_y47360.png,0.3378,228.97,45.54,243.32,71.26
ch2_ohr_ncp_20251009T1006356898_d_img_d18_x11520_y47360.png,0.3364,155.74,185.92,161.39,192.93
ch2_ohr_ncp_20251009T1006356898_d_img_d18_x11520_y47360.png,0.3313,226.12,32.72,232.22,39.99
ch2_ohr_ncp_20251009T1006356898_d_img_d18_x11520_y47360.png,0.3308,361.96,577.15,370.78,591.01
ch2_ohr_ncp_20251009T1006356898_d_img_d18_x11520_y47360.png,0.3308,145.48,227.15,151.85,235.61
ch2_ohr_ncp_20251009T1006356898_d_img_d18_x11520_y47360.png,0.3273,51.83,386.42,61.77,399.75
ch2_ohr_ncp_20251009T1006356898_d_img_d18_x11520_y47360.png,0.3269,87.96,378.42,93.85,384.48
ch2_ohr_ncp_20251009T1006356898_d_img_d18_x11520_y47360.png,0.3241,296.23,91.11,305.68,101.95
ch2_ohr_ncp_20251009T1006356898_d_img_d18_x11520_y47360.png,0.3233,128.48,343.87,143.91,362.36
ch2_ohr_ncp_20251009T1006356898_d_img_d18_x11520_y47360.png,0.3212,206.29,254.9,213.57,264.58
ch2_ohr_ncp_20251009T1006356898_d_img_d18_x11520_y47360.png,0.3195,152.11,72.49,167.3,87.34
ch2_ohr_ncp_20251009T1006356898_d_img_d18_x11520_y47360.png,0.318,188.73,631.21,197.05,639.33
ch2_ohr_ncp_20251009T1006356898_d_img_d18_x11520_y47360.png,0.3095,179.25,105.23,190.04,118.04
ch2_ohr_ncp_20251009T1006356898_d_img_d18_x11520_y47360.png,0.3083,123.71,350.99,143.89,380.76
ch2_ohr_ncp_20251009T1006356898_d_img_d18_x11520_y47360.png,0.3066,293.33,38.12,303.55,51.07
ch2_ohr_ncp_20251009T1006356898_d_img_d18_x11520_y47360.png,0.3064,458.74,602.67,473.26,631.57
ch2_ohr_ncp_20251009T1006356898_d_img_d18_x11520_y47360.png,0.3049,125.39,344.24,144.26,375.75
ch2_ohr_ncp_20251009T1006356898_d_img_d18_x11520_y47360.png,0.3035,138.64,135.93,150.63,156.77
ch2_ohr_ncp_20251009T1006356898_d_img_d18_x11520_y47360.png,0.3034,149.71,493.65,171.48,530.4
ch2_ohr_ncp_20251009T1006356898_d_img_d18_x11520_y47360.png,0.3033,288.93,104.84,298.34,117.24
ch2_ohr_ncp_20251009T1006356898_d_img_d18_x11520_y47360.png,0.3026,181.42,360.63,189.73,372.94
ch2_ohr_ncp_20251009T1006356898_d_img_d18_x11520_y47360.png,0.3006,236.98,424.01,241.85,430.0
ch2_ohr_ncp_20251009T1006356898_d_img_d18_x11520_y47360.png,0.2999,434.13,282.49,450.11,304.79
ch2_ohr_ncp_20251009T1006356898_d_img_d18_x11520_y47360.png,0.297,438.86,218.1,452.38,239.01
ch2_ohr_ncp_20251009T1006356898_d_img_d18_x11520_y47360.png,0.2938,260.0,74.43,269.87,88.65
ch2_ohr_ncp_20251009T1006356898_d_img_d18_x11520_y47360.png,0.2892,326.76,87.17,338.35,103.83
ch2_ohr_ncp_20251009T1006356898_d_img_d18_x11520_y47360.png,0.2865,277.4,188.63,283.24,195.8
ch2_ohr_ncp_20251009T1006356898_d_img_d18_x11520_y47360.png,0.2865,149.74,72.43,166.8,90.74
ch2_ohr_ncp_20251009T1006356898_d_img_d18_x11520_y47360.png,0.2863,52.77,388.49,60.74,399.35
ch2_ohr_ncp_20251009T1006356898_d_img_d18_x11520_y47360.png,0.2862,73.63,345.92,82.24,354.46
ch2_ohr_ncp_20251009T1006356898_d_img_d18_x11520_y47360.png,0.2854,178.54,488.22,197.45,515.56
ch2_ohr_ncp_20251009T1006356898_d_img_d18_x11520_y47360.png,0.2847,76.36,132.66,90.25,147.85
ch2_ohr_ncp_20251009T1006356898_d_img_d18_x11520_y47360.png,0.2786,430.64,456.86,441.32,476.21
ch2_ohr_ncp_20251009T1006356898_d_img_d18_x11520_y47360.png,0.2777,441.84,366.89,454.23,381.59
ch2_ohr_ncp_20251009T1006356898_d_img_d18_x11520_y47360.png,0.2724,316.34,44.23,322.88,52.19
ch2_ohr_ncp_20251009T1006356898_d_img_d18_x11520_y47360.png,0.2697,25.77,630.32,32.58,639.02
ch2_ohr_ncp_20251009T1006356898_d_img_d18_x11520_y47360.png,0.2645,104.15,431.12,121.95,456.39
ch2_ohr_ncp_20251009T1006356898_d_img_d18_x11520_y47360.png,0.2632,262.29,199.77,273.94,213.61
ch2_ohr_ncp_20251009T1006356898_d_img_d18_x11520_y47360.png,0.2601,366.78,232.97,380.01,250.85
ch2_ohr_ncp_20251009T1006356898_d_img_d18_x11520_y47360.png,0.26,12.23,269.11,18.97,278.05
ch2_ohr_ncp_20251009T1006356898_d_img_d18_x11520_y47360.png,0.2561,130.51,70.99,146.54,94.62
ch2_ohr_ncp_20251009T1006356898_d_img_d18_x11520_y47360.png,0.2516,40.58,183.09,54.01,202.9
ch2_ohr_ncp_20251009T1006356898_d_img_d18_x11520_y47360.png,0.2452,106.21,173.97,114.9,187.2
ch2_ohr_ncp_20251009T1006356898_d_img_d18_x11520_y47360.png,0.2431,18.92,293.77,23.98,299.61
ch2_ohr_ncp_20251009T1006356898_d_img_d18_x11520_y47360.png,0.2429,457.69,589.44,478.52,635.07
ch2_ohr_ncp_20251009T1006356898_d_img_d18_x11520_y47360.png,0.2414,75.39,513.02,90.03,545.45
ch2_ohr_ncp_20251009T1006356898_d_img_d18_x11520_y47360.png,0.2409,64.41,147.9,73.32,158.09
ch2_ohr_ncp_20251009T1006356898_d_img_d18_x11520_y47360.png,0.2402,168.21,315.19,175.4,322.66
ch2_ohr_ncp_20251009T1006356898_d_img_d18_x11520_y47360.png,0.2383,346.87,483.52,353.95,492.05
ch2_ohr_ncp_20251009T1006356898_d_img_d18_x11520_y47360.png,0.2353,60.73,243.1,77.97,261.29
ch2_ohr_ncp_20251009T1006356898_d_img_d18_x11520_y47360.png,0.2352,397.12,30.08,404.87,39.42
ch2_ohr_ncp_20251009T1006356898_d_img_d18_x11520_y47360.png,0.2349,421.2,241.84,436.83,263.38
ch2_ohr_ncp_20251009T1006356898_d_img_d18_x11520_y47360.png,0.233,83.11,592.85,87.7,598.2
ch2_ohr_ncp_20251009T1006356898_d_img_d18_x11520_y47360.png,0.2306,112.21,128.65,118.52,137.2
ch2_ohr_ncp_20251009T1006356898_d_img_d18_x11520_y47360.png,0.2283,132.04,142.59,146.22,163.13
ch2_ohr_ncp_20251009T1006356898_d_img_d18_x11520_y47360.png,0.2257,131.36,31.88,138.39,43.06
ch2_ohr_ncp_20251009T1006356898_d_img_d18_x11520_y47360.png,0.225,265.12,50.95,272.11,59.47
ch2_ohr_ncp_20251009T1006356898_d_img_d18_x11520_y47360.png,0.2237,10.71,85.77,16.51,93.07
ch2_ohr_ncp_20251009T1006356898_d_img_d18_x11520_y47360.png,0.2227,243.75,567.2,250.61,577.68
ch2_ohr_ncp_20251009T1006356898_d_img_d18_x11520_y47360.png,0.219,140.95,419.42,159.72,447.07
ch2_ohr_ncp_20251009T1006356898_d_img_d18_x11520_y47360.png,0.2158,2.74,51.7,19.71,83.67
ch2_ohr_ncp_20251009T1006356898_d_img_d18_x11520_y47360.png,0.2149,370.06,110.45,375.77,117.7
ch2_ohr_ncp_20251009T1006356898_d_img_d18_x11520_y47360.png,0.2146,342.85,188.87,352.71,201.33
ch2_ohr_ncp_20251009T1006356898_d_img_d18_x11520_y47360.png,0.2134,405.61,78.02,410.42,84.31
ch2_ohr_ncp_20251009T1006356898_d_img_d18_x11520_y47360.png,0.2128,115.02,352.29,123.38,365.75
ch2_ohr_ncp_20251009T1006356898_d_img_d18_x11520_y47360.png,0.2103,64.7,476.22,69.64,482.85
ch2_ohr_ncp_20251009T1006356898_d_img_d18_x11520_y47360.png,0.2049,460.42,182.08,469.3,194.1
ch2_ohr_ncp_20251009T1006356898_d_img_d18_x11520_y47360.png,0.2044,131.32,131.48,138.35,141.0
ch2_ohr_ncp_20251009T1006356898_d_img_d18_x11520_y48000.png,0.634,116.8,203.63,129.82,226.82
ch2_ohr_ncp_20251009T1006356898_d_img_d18_x11520_y48000.png,0.5922,0.61,26.03,14.9,54.09
ch2_ohr_ncp_20251009T1006356898_d_img_d18_x11520_y48000.png,0.5147,337.14,173.21,357.88,211.84
ch2_ohr_ncp_20251009T1006356898_d_img_d18_x11520_y48000.png,0.4785,173.15,252.35,184.28,273.58
ch2_ohr_ncp_20251009T1006356898_d_img_d18_x11520_y48000.png,0.462,371.23,312.66,378.38,322.91
ch2_ohr_ncp_20251009T1006356898_d_img_d18_x11520_y48000.png,0.451,153.26,139.17,162.6,152.66
ch2_ohr_ncp_20251009T1006356898_d_img_d18_x11520_y48000.png,0.4193,334.62,522.75,343.0,532.68
ch2_ohr_ncp_20251009T1006356898_d_img_d18_x11520_y48000.png,0.409,384.69,288.11,391.18,295.82
ch2_ohr_ncp_20251009T1006356898_d_img_d18_x11520_y48000.png,0.4072,69.94,236.87,77.68,250.42
ch2_ohr_ncp_20251009T1006356898_d_img_d18_x11520_y48000.png,0.3852,93.14,438.28,103.42,452.17
ch2_ohr_ncp_20251009T1006356898_d_img_d18_x11520_y48000.png,0.3692,129.27,341.27,135.9,351.06
ch2_ohr_ncp_20251009T1006356898_d_img_d18_x11520_y48000.png,0.3602,250.67,16.41,259.79,30.35
ch2_ohr_ncp_20251009T1006356898_d_img_d18_x11520_y48000.png,0.36,221.34,7.65,232.01,19.87
ch2_ohr_ncp_20251009T1006356898_d_img_d18_x11520_y48000.png,0.3584,379.24,622.31,386.39,631.01
ch2_ohr_ncp_20251009T1006356898_d_img_d18_x11520_y48000.png,0.3449,119.45,308.72,129.11,324.73
ch2_ohr_ncp_20251009T1006356898_d_img_d18_x11520_y48000.png,0.3226,341.21,280.21,350.54,294.19
ch2_ohr_ncp_20251009T1006356898_d_img_d18_x11520_y48000.png,0.2942,6.2,208.51,15.17,220.3
ch2_ohr_ncp_20251009T1006356898_d_img_d18_x11520_y48000.png,0.2876,25.54,97.13,33.54,108.77
ch2_ohr_ncp_20251009T1006356898_d_img_d18_x11520_y48000.png,0.2835,101.67,518.09,114.91,536.84
ch2_ohr_ncp_20251009T1006356898_d_img_d18_x11520_y48000.png,0.281,0.23,78.84,8.82,94.38
ch2_ohr_ncp_20251009T1006356898_d_img_d18_x11520_y48000.png,0.2748,149.66,502.31,156.01,511.24
ch2_ohr_ncp_20251009T1006356898_d_img_d18_x11520_y48000.png,0.2727,106.47,25.57,113.11,34.02
ch2_ohr_ncp_20251009T1006356898_d_img_d18_x11520_y48000.png,0.2654,86.32,468.0,91.23,474.4
ch2_ohr_ncp_20251009T1006356898_d_img_d18_x11520_y48000.png,0.2639,53.62,447.87,59.08,454.24
ch2_ohr_ncp_20251009T1006356898_d_img_d18_x11520_y48000.png,0.2614,349.56,394.41,371.22,428.88
ch2_ohr_ncp_20251009T1006356898_d_img_d18_x11520_y48000.png,0.2614,308.42,332.74,314.95,343.3
ch2_ohr_ncp_20251009T1006356898_d_img_d18_x11520_y48000.png,0.2595,396.59,131.43,401.97,139.73
ch2_ohr_ncp_20251009T1006356898_d_img_d18_x11520_y48000.png,0.2577,125.21,358.46,130.46,365.03
ch2_ohr_ncp_20251009T1006356898_d_img_d18_x11520_y48000.png,0.2568,269.37,155.99,275.82,165.43
ch2_ohr_ncp_20251009T1006356898_d_img_d18_x11520_y48000.png,0.2557,120.35,482.44,148.69,515.26
ch2_ohr_ncp_20251009T1006356898_d_img_d18_x11520_y48000.png,0.2485,352.45,604.7,357.7,611.76
ch2_ohr_ncp_20251009T1006356898_d_img_d18_x11520_y48000.png,0.2417,119.29,202.18,133.15,217.81
ch2_ohr_ncp_20251009T1006356898_d_img_d18_x11520_y48000.png,0.2392,325.04,78.51,337.66,95.19
ch2_ohr_ncp_20251009T1006356898_d_img_d18_x11520_y48000.png,0.2379,373.71,171.36,380.59,181.16
ch2_ohr_ncp_20251009T1006356898_d_img_d18_x11520_y48000.png,0.2373,466.68,26.75,475.65,40.0
ch2_ohr_ncp_20251009T1006356898_d_img_d18_x11520_y48000.png,0.2295,0.72,383.16,7.09,392.16
ch2_ohr_ncp_20251009T1006356898_d_img_d18_x11520_y48000.png,0.2292,116.99,452.85,127.12,463.88
ch2_ohr_ncp_20251009T1006356898_d_img_d18_x11520_y48000.png,0.2277,405.39,277.73,415.3,295.33
ch2_ohr_ncp_20251009T1006356898_d_img_d18_x11520_y48000.png,0.2262,334.66,632.47,340.21,638.56
ch2_ohr_ncp_20251009T1006356898_d_img_d18_x11520_y48000.png,0.2225,194.72,381.05,202.78,397.86
ch2_ohr_ncp_20251009T1006356898_d_img_d18_x11520_y48000.png,0.2182,368.3,171.49,381.48,203.84
ch2_ohr_ncp_20251009T1006356898_d_img_d18_x11520_y48000.png,0.2159,338.63,187.79,355.53,211.84
ch2_ohr_ncp_20251009T1006356898_d_img_d18_x11520_y48000.png,0.2096,3.78,497.15,9.46,504.99
ch2_ohr_ncp_20251009T1006356898_d_img_d18_x11520_y48000.png,0.2073,352.98,131.93,358.86,139.13
ch2_ohr_ncp_20251009T1006356898_d_img_d18_x11520_y48000.png,0.2063,48.05,104.51,53.02,110.33
ch2_ohr_ncp_20251009T1006356898_d_img_d18_x11520_y48000.png,0.2033,9.02,1.05,14.13,6.77
ch2_ohr_ncp_20251009T1006356898_d_img_d18_x11520_y48000.png,0.2015,306.96,295.48,313.62,302.32
ch2_ohr_ncp_20251009T1006356898_d_img_d18_x11520_y48000.png,0.2005,329.66,498.91,338.28,509.91
ch2_ohr_ncp_20251009T1006356898_d_img_d18_x11520_y48640.png,0.5953,144.51,42.0,173.72,81.75
ch2_ohr_ncp_20251009T1006356898_d_img_d18_x11520_y48640.png,0.4974,60.17,86.92,76.49,116.81
ch2_ohr_ncp_20251009T1006356898_d_img_d18_x11520_y48640.png,0.462,405.31,147.78,414.13,161.28
ch2_ohr_ncp_20251009T1006356898_d_img_d18_x11520_y48640.png,0.4552,414.63,115.88,423.37,127.67
ch2_ohr_ncp_20251009T1006356898_d_img_d18_x11520_y48640.png,0.4208,34.11,468.24,42.01,480.18
ch2_ohr_ncp_20251009T1006356898_d_img_d18_x11520_y48640.png,0.4198,260.23,69.42,266.23,77.33
ch2_ohr_ncp_20251009T1006356898_d_img_d18_x11520_y48640.png,0.414,114.92,251.97,122.42,264.33
ch2_ohr_ncp_20251009T1006356898_d_img_d18_x11520_y48640.png,0.4002,35.63,38.12,41.82,45.65
ch2_ohr_ncp_20251009T1006356898_d_img_d18_x11520_y48640.png,0.3987,445.3,511.43,452.76,523.15
ch2_ohr_ncp_20251009T1006356898_d_img_d18_x11520_y48640.png,0.3878,203.08,75.01,210.81,87.48
ch2_ohr_ncp_20251009T1006356898_d_img_d18_x11520_y48640.png,0.38,2.43,547.96,28.93,580.31
ch2_ohr_ncp_20251009T1006356898_d_img_d18_x11520_y48640.png,0.3754,372.92,621.16,381.28,634.7
ch2_ohr_ncp_20251009T1006356898_d_img_d18_x11520_y48640.png,0.3677,403.74,31.04,411.13,44.03
ch2_ohr_ncp_20251009T1006356898_d_img_d18_x11520_y48640.png,0.363,431.97,80.25,440.45,92.85
ch2_ohr_ncp_20251009T1006356898_d_img_d18_x11520_y48640.png,0.358,276.13,575.42,282.1,583.54
ch2_ohr_ncp_20251009T1006356898_d_img_d18_x11520_y48640.png,0.3569,85.4,489.46,104.87,530.47
ch2_ohr_ncp_20251009T1006356898_d_img_d18_x11520_y48640.png,0.3527,410.43,133.7,415.84,139.87
ch2_ohr_ncp_20251009T1006356898_d_img_d18_x11520_y48640.png,0.3389,0.33,282.31,7.42,297.96
ch2_ohr_ncp_20251009T1006356898_d_img_d18_x11520_y48640.png,0.3358,401.12,45.47,413.62,63.62
ch2_ohr_ncp_20251009T1006356898_d_img_d18_x11520_y48640.png,0.3352,353.51,88.31,363.17,101.38
ch2_ohr_ncp_20251009T1006356898_d_img_d18_x11520_y48640.png,0.3337,170.84,567.65,178.77,581.61
ch2_ohr_ncp_20251009T1006356898_d_img_d18_x11520_y48640.png,0.3313,38.12,574.72,56.97,599.38
ch2_ohr_ncp_20251009T1006356898_d_img_d18_x11520_y48640.png,0.3227,119.18,131.17,127.41,143.28
ch2_ohr_ncp_20251009T1006356898_d_img_d18_x11520_y48640.png,0.2916,58.82,67.76,66.88,79.1
ch2_ohr_ncp_20251009T1006356898_d_img_d18_x11520_y48640.png,0.2791,398.19,379.54,406.36,389.74
ch2_ohr_ncp_20251009T1006356898_d_img_d18_x11520_y48640.png,0.2636,299.12,121.9,304.29,127.8
ch2_ohr_ncp_20251009T1006356898_d_img_d18_x11520_y48640.png,0.2621,131.5,95.54,137.48,102.01
ch2_ohr_ncp_20251009T1006356898_d_img_d18_x11520_y48640.png,0.2513,0.69,156.66,7.13,168.3
ch2_ohr_ncp_20251009T1006356898_d_img_d18_x11520_y48640.png,0.2508,319.15,469.95,336.66,492.59
ch2_ohr_ncp_20251009T1006356898_d_img_d18_x11520_y48640.png,0.2282,191.71,536.18,198.21,543.45
ch2_ohr_ncp_20251009T1006356898_d_img_d18_x11520_y48640.png,0.2234,207.62,307.05,215.59,318.57
ch2_ohr_ncp_20251009T1006356898_d_img_d18_x11520_y48640.png,0.2219,93.96,318.63,102.69,331.49
ch2_ohr_ncp_20251009T1006356898_d_img_d18_x11520_y48640.png,0.2197,448.07,173.26,474.6,209.0
ch2_ohr_ncp_20251009T1006356898_d_img_d18_x11520_y48640.png,0.2172,4.62,383.45,11.36,392.5
ch2_ohr_ncp_20251009T1006356898_d_img_d18_x11520_y48640.png,0.2166,213.71,45.34,223.23,57.54
ch2_ohr_ncp_20251009T1006356898_d_img_d18_x11520_y48640.png,0.2143,447.45,171.9,476.35,223.64
ch2_ohr_ncp_20251009T1006356898_d_img_d18_x11520_y48640.png,0.2137,0.81,140.65,14.65,159.32
ch2_ohr_ncp_20251009T1006356898_d_img_d18_x11520_y48640.png,0.2069,272.97,543.84,280.7,556.13
ch2_ohr_ncp_20251009T1006356898_d_img_d18_x11520_y48640.png,0.2022,203.39,47.56,210.46,55.2
ch2_ohr_ncp_20251009T1006356898_d_img_d18_x11520_y48640.png,0.2011,183.16,54.35,196.03,71.18
ch2_ohr_ncp_20251009T1006356898_d_img_d18_x11520_y49280.png,0.5681,340.95,459.82,352.3,480.41
ch2_ohr_ncp_20251009T1006356898_d_img_d18_x11520_y49280.png,0.5089,387.51,590.23,403.99,626.21
ch2_ohr_ncp_20251009T1006356898_d_img_d18_x11520_y49280.png,0.5006,310.97,586.81,347.69,637.17
ch2_ohr_ncp_20251009T1006356898_d_img_d18_x11520_y49280.png,0.4889,62.88,602.06,71.6,616.06
ch2_ohr_ncp_20251009T1006356898_d_img_d18_x11520_y49280.png,0.475,225.6,102.5,235.05,116.49
ch2_ohr_ncp_20251009T1006356898_d_img_d18_x11520_y49280.png,0.4671,257.8,322.61,264.17,330.69
ch2_ohr_ncp_20251009T1006356898_d_img_d18_x11520_y49280.png,0.4661,176.37,176.25,187.81,198.7
ch2_ohr_ncp_20251009T1006356898_d_img_d18_x11520_y49280.png,0.4532,368.69,341.29,376.79,354.56
ch2_ohr_ncp_20251009T1006356898_d_img_d18_x11520_y49280.png,0.453,0.26,286.64,8.88,302.98
ch2_ohr_ncp_20251009T1006356898_d_img_d18_x11520_y49280.png,0.4475,194.02,302.49,200.92,310.52
ch2_ohr_ncp_20251009T1006356898_d_img_d18_x11520_y49280.png,0.4455,252.12,272.72,264.05,291.24
ch2_ohr_ncp_20251009T1006356898_d_img_d18_x11520_y49280.png,0.4208,446.59,552.92,454.54,566.85
ch2_ohr_ncp_20251009T1006356898_d_img_d18_x11520_y49280.png,0.411,77.67,399.33,85.34,407.87
ch2_ohr_ncp_20251009T1006356898_d_img_d18_x11520_y49280.png,0.4098,212.82,308.05,226.6,328.77
ch2_ohr_ncp_20251009T1006356898_d_img_d18_x11520_y49280.png,0.4053,329.46,490.95,335.27,497.81
ch2_ohr_ncp_20251009T1006356898_d_img_d18_x11520_y49280.png,0.4041,229.55,147.73,237.09,156.67
ch2_ohr_ncp_20251009T1006356898_d_img_d18_x11520_y49280.png,0.4018,172.07,424.31,188.0,451.15
ch2_ohr_ncp_20251009T1006356898_d_img_d18_x11520_y49280.png,0.3925,167.93,545.63,176.65,560.19
ch2_ohr_ncp_20251009T1006356898_d_img_d18_x11520_y49280.png,0.3912,199.38,570.15,207.73,585.13
ch2_ohr_ncp_20251009T1006356898_d_img_d18_x11520_y49280.png,0.3904,265.32,542.67,277.78,560.73
ch2_ohr_ncp_20251009T1006356898_d_img_d18_x11520_y49280.png,0.3817,234.7,241.42,239.81,248.88
ch2_ohr_ncp_20251009T1006356898_d_img_d18_x11520_y49280.png,0.3646,210.66,397.89,217.78,407.87
ch2_ohr_ncp_20251009T1006356898_d_img_d18_x11520_y49280.png,0.3552,258.5,454.39,264.68,462.11
ch2_ohr_ncp_20251009T1006356898_d_img_d18_x11520_y49280.png,0.3509,384.98,73.78,391.93,81.55
ch2_ohr_ncp_20251009T1006356898_d_img_d18_x11520_y49280.png,0.3429,218.58,462.74,224.81,470.49
ch2_ohr_ncp_20251009T1006356898_d_img_d18_x11520_y49280.png,0.3316,465.54,198.38,472.82,209.36
ch2_ohr_ncp_20251009T1006356898_d_img_d18_x11520_y49280.png,0.3293,370.05,91.25,375.57,98.92
ch2_ohr_ncp_20251009T1006356898_d_img_d18_x11520_y49280.png,0.325,94.39,522.36,101.31,531.13
ch2_ohr_ncp_20251009T1006356898_d_img_d18_x11520_y49280.png,0.323,347.71,75.42,352.04,81.01
ch2_ohr_ncp_20251009T1006356898_d_img_d18_x11520_y49280.png,0.3213,246.44,606.98,256.28,621.88
ch2_ohr_ncp_20251009T1006356898_d_img_d18_x11520_y49280.png,0.3094,332.03,29.55,336.98,36.38
ch2_ohr_ncp_20251009T1006356898_d_img_d18_x11520_y49280.png,0.3051,5.28,520.08,18.27,542.79
ch2_ohr_ncp_20251009T1006356898_d_img_d18_x11520_y49280.png,0.3028,233.69,503.93,239.68,512.97
ch2_ohr_ncp_20251009T1006356898_d_img_d18_x11520_y49280.png,0.2973,73.2,440.7,79.21,448.16
ch2_ohr_ncp_20251009T1006356898_d_img_d18_x11520_y49280.png,0.2911,290.94,371.91,296.64,378.58
ch2_ohr_ncp_20251009T1006356898_d_img_d18_x11520_y49280.png,0.2892,80.79,229.6,91.35,249.68
ch2_ohr_ncp_20251009T1006356898_d_img_d18_x11520_y49280.png,0.2887,241.65,431.13,255.97,452.82
ch2_ohr_ncp_20251009T1006356898_d_img_d18_x11520_y49280.png,0.2881,171.33,61.6,176.49,67.96
ch2_ohr_ncp_20251009T1006356898_d_img_d18_x11520_y49280.png,0.2834,444.41,161.95,451.07,170.09
ch2_ohr_ncp_20251009T1006356898_d_img_d18_x11520_y49280.png,0.2828,177.17,297.94,184.5,304.48
ch2_ohr_ncp_20251009T1006356898_d_img_d18_x11520_y49280.png,0.2825,364.43,155.9,395.04,195.73
ch2_ohr_ncp_20251009T1006356898_d_img_d18_x11520_y49280.png,0.2687,72.8,577.62,77.89,583.91
ch2_ohr_ncp_20251009T1006356898_d_img_d18_x11520_y49280.png,0.2678,340.7,239.78,345.99,246.14
ch2_ohr_ncp_20251009T1006356898_d_img_d18_x11520_y49280.png,0.2642,167.16,411.18,174.11,420.62
ch2_ohr_ncp_20251009T1006356898_d_img_d18_x11520_y49280.png,0.2634,332.29,190.29,337.34,197.9
ch2_ohr_ncp_20251009T1006356898_d_img_d18_x11520_y49280.png,0.2628,325.57,90.03,334.08,102.57
ch2_ohr_ncp_20251009T1006356898_d_img_d18_x11520_y49280.png,0.2611,149.06,74.57,154.08,81.02
ch2_ohr_ncp_20251009T1006356898_d_img_d18_x11520_y49280.png,0.2535,162.63,313.0,174.11,326.53
ch2_ohr_ncp_20251009T1006356898_d_img_d18_x11520_y49280.png,0.2479,217.36,143.14,226.8,158.3
ch2_ohr_ncp_20251009T1006356898_d_img_d18_x11520_y49280.png,0.2469,144.35,578.33,152.18,589.26
ch2_ohr_ncp_20251009T1006356898_d_img_d18_x11520_y49280.png,0.2437,234.98,289.34,239.31,295.13
ch2_ohr_ncp_20251009T1006356898_d_img_d18_x11520_y49280.png,0.2419,133.92,222.85,140.96,232.52
ch2_ohr_ncp_20251009T1006356898_d_img_d18_x11520_y49280.png,0.2395,150.2,590.97,160.91,608.95
ch2_ohr_ncp_20251009T1006356898_d_img_d18_x11520_y49280.png,0.2327,0.16,143.55,5.87,158.64
ch2_ohr_ncp_20251009T1006356898_d_img_d18_x11520_y49280.png,0.2311,397.24,104.2,402.53,109.96
ch2_ohr_ncp_20251009T1006356898_d_img_d18_x11520_y49280.png,0.2309,0.15,144.69,5.44,162.26
ch2_ohr_ncp_20251009T1006356898_d_img_d18_x11520_y49280.png,0.2308,152.29,101.64,156.64,108.34
ch2_ohr_ncp_20251009T1006356898_d_img_d18_x11520_y49280.png,0.229,43.16,234.55,47.28,239.5
ch2_ohr_ncp_20251009T1006356898_d_img_d18_x11520_y49280.png,0.2215,78.67,345.19,86.1,354.24
ch2_ohr_ncp_20251009T1006356898_d_img_d18_x11520_y49280.png,0.2214,415.09,262.95,422.77,273.99
ch2_ohr_ncp_20251009T1006356898_d_img_d18_x11520_y49280.png,0.2183,270.8,117.07,277.76,126.24
ch2_ohr_ncp_20251009T1006356898_d_img_d18_x11520_y49280.png,0.2165,369.21,382.05,375.36,388.86
ch2_ohr_ncp_20251009T1006356898_d_img_d18_x11520_y49280.png,0.2159,370.95,596.26,376.22,602.69
ch2_ohr_ncp_20251009T1006356898_d_img_d18_x11520_y49280.png,0.2145,446.12,154.19,454.11,162.15
ch2_ohr_ncp_20251009T1006356898_d_img_d18_x11520_y49280.png,0.2128,104.09,493.84,107.81,498.51
ch2_ohr_ncp_20251009T1006356898_d_img_d18_x11520_y49280.png,0.2092,232.55,306.17,237.96,313.08
ch2_ohr_ncp_20251009T1006356898_d_img_d18_x11520_y49280.png,0.2083,2.5,234.75,7.56,240.99
ch2_ohr_ncp_20251009T1006356898_d_img_d18_x11520_y49280.png,0.2051,173.71,419.73,190.15,442.08
ch2_ohr_ncp_20251009T1006356898_d_img_d18_x11520_y49280.png,0.2008,435.73,30.61,440.78,36.23
ch2_ohr_ncp_20251009T1006356898_d_img_d18_x11520_y49920.png,0.4993,64.09,363.17,73.3,379.53
ch2_ohr_ncp_20251009T1006356898_d_img_d18_x11520_y49920.png,0.48,20.93,523.27,36.66,555.44
ch2_ohr_ncp_20251009T1006356898_d_img_d18_x11520_y49920.png,0.4729,310.93,596.61,330.7,629.98
ch2_ohr_ncp_20251009T1006356898_d_img_d18_x11520_y49920.png,0.4637,396.03,75.56,403.61,86.13
ch2_ohr_ncp_20251009T1006356898_d_img_d18_x11520_y49920.png,0.4342,151.89,319.83,161.23,332.36
ch2_ohr_ncp_20251009T1006356898_d_img_d18_x11520_y49920.png,0.4263,419.33,127.59,425.73,135.04
ch2_ohr_ncp_20251009T1006356898_d_img_d18_x11520_y49920.png,0.4241,88.25,90.6,95.02,101.84
ch2_ohr_ncp_20251009T1006356898_d_img_d18_x11520_y49920.png,0.4187,67.23,582.97,84.21,611.33
ch2_ohr_ncp_20251009T1006356898_d_img_d18_x11520_y49920.png,0.4185,431.05,239.92,453.21,268.78
ch2_ohr_ncp_20251009T1006356898_d_img_d18_x11520_y49920.png,0.4036,402.69,476.41,418.22,497.45
ch2_ohr_ncp_20251009T1006356898_d_img_d18_x11520_y49920.png,0.3936,393.12,408.77,401.36,418.52
ch2_ohr_ncp_20251009T1006356898_d_img_d18_x11520_y49920.png,0.3835,278.66,411.8,289.11,430.48
ch2_ohr_ncp_20251009T1006356898_d_img_d18_x11520_y49920.png,0.3804,160.44,276.19,171.33,296.91
ch2_ohr_ncp_20251009T1006356898_d_img_d18_x11520_y49920.png,0.371,231.98,526.63,240.23,537.73
ch2_ohr_ncp_20251009T1006356898_d_img_d18_x11520_y49920.png,0.3647,346.89,268.53,354.23,279.28
ch2_ohr_ncp_20251009T1006356898_d_img_d18_x11520_y49920.png,0.3574,294.04,296.58,319.97,351.94
ch2_ohr_ncp_20251009T1006356898_d_img_d18_x11520_y49920.png,0.3533,0.0,596.57,12.45,636.1
ch2_ohr_ncp_20251009T1006356898_d_img_d18_x11520_y49920.png,0.3504,66.05,50.38,74.96,62.98
ch2_ohr_ncp_20251009T1006356898_d_img_d18_x11520_y49920.png,0.3328,101.28,397.57,106.09,403.59
ch2_ohr_ncp_20251009T1006356898_d_img_d18_x11520_y49920.png,0.332,426.9,603.51,453.98,640.0
ch2_ohr_ncp_20251009T1006356898_d_img_d18_x11520_y49920.png,0.3293,83.05,68.26,87.29,73.54
ch2_ohr_ncp_20251009T1006356898_d_img_d18_x11520_y49920.png,0.3061,227.65,142.93,240.49,166.49
ch2_ohr_ncp_20251009T1006356898_d_img_d18_x11520_y49920.png,0.3019,90.0,492.1,98.26,504.78
ch2_ohr_ncp_20251009T1006356898_d_img_d18_x11520_y49920.png,0.3002,177.97,153.6,192.7,174.13
ch2_ohr_ncp_20251009T1006356898_d_img_d18_x11520_y49920.png,0.2992,369.97,264.04,375.96,272.56
ch2_ohr_ncp_20251009T1006356898_d_img_d18_x11520_y49920.png,0.2941,61.79,402.12,70.69,415.6
ch2_ohr_ncp_20251009T1006356898_d_img_d18_x11520_y49920.png,0.277,21.27,30.08,27.47,37.23
ch2_ohr_ncp_20251009T1006356898_d_img_d18_x11520_y49920.png,0.2712,421.48,285.98,428.78,294.0
ch2_ohr_ncp_20251009T1006356898_d_img_d18_x11520_y49920.png,0.2649,230.88,7.69,241.02,25.76
ch2_ohr_ncp_20251009T1006356898_d_img_d18_x11520_y49920.png,0.2622,177.79,596.38,183.23,604.02
ch2_ohr_ncp_20251009T1006356898_d_img_d18_x11520_y49920.png,0.2604,112.3,496.46,121.48,510.31
ch2_ohr_ncp_20251009T1006356898_d_img_d18_x11520_y49920.png,0.2597,53.76,415.35,65.16,433.74
ch2_ohr_ncp_20251009T1006356898_d_img_d18_x11520_y49920.png,0.2533,92.37,574.21,98.85,582.02
ch2_ohr_ncp_20251009T1006356898_d_img_d18_x11520_y49920.png,0.2532,58.8,529.22,63.72,535.38
ch2_ohr_ncp_20251009T1006356898_d_img_d18_x11520_y49920.png,0.2501,352.96,307.21,362.4,320.06
ch2_ohr_ncp_20251009T1006356898_d_img_d18_x11520_y49920.png,0.2481,327.61,485.2,340.95,502.22
ch2_ohr_ncp_20251009T1006356898_d_img_d18_x11520_y49920.png,0.2353,357.16,407.74,364.35,417.57
ch2_ohr_ncp_20251009T1006356898_d_img_d18_x11520_y49920.png,0.2347,37.05,133.88,42.52,141.27
ch2_ohr_ncp_20251009T1006356898_d_img_d18_x11520_y49920.png,0.2344,151.86,293.02,158.24,301.79
ch2_ohr_ncp_20251009T1006356898_d_img_d18_x11520_y49920.png,0.2323,87.47,477.73,93.41,486.3
ch2_ohr_ncp_20251009T1006356898_d_img_d18_x11520_y49920.png,0.2308,85.38,29.62,90.79,35.97
ch2_ohr_ncp_20251009T1006356898_d_img_d18_x11520_y49920.png,0.2299,70.24,490.65,76.21,498.2
ch2_ohr_ncp_20251009T1006356898_d_img_d18_x11520_y49920.png,0.2168,84.92,81.48,90.01,88.37
ch2_ohr_ncp_20251009T1006356898_d_img_d18_x11520_y49920.png,0.2096,0.49,96.46,16.17,119.33
ch2_ohr_ncp_20251009T1006356898_d_img_d18_x11520_y49920.png,0.2072,425.1,416.0,430.47,422.74
ch2_ohr_ncp_20251009T1006356898_d_img_d18_x11520_y49920.png,0.2062,410.77,462.23,426.0,475.92
ch2_ohr_ncp_20251009T1006356898_d_img_d18_x11520_y49920.png,0.2062,312.89,603.73,329.83,630.74
ch2_ohr_ncp_20251009T1006356898_d_img_d18_x11520_y49920.png,0.2046,348.3,563.97,355.01,573.76
ch2_ohr_ncp_20251009T1006356898_d_img_d18_x11520_y49920.png,0.2005,201.07,395.8,206.94,403.22
ch2_ohr_ncp_20251009T1006356898_d_img_d18_x11520_y50560.png,0.5388,88.06,242.49,97.8,256.58
ch2_ohr_ncp_20251009T1006356898_d_img_d18_x11520_y50560.png,0.5009,314.86,52.25,330.96,89.61
ch2_ohr_ncp_20251009T1006356898_d_img_d18_x11520_y50560.png,0.4456,312.36,547.15,329.01,579.27
ch2_ohr_ncp_20251009T1006356898_d_img_d18_x11520_y50560.png,0.4308,400.4,415.72,413.64,438.33
ch2_ohr_ncp_20251009T1006356898_d_img_d18_x11520_y50560.png,0.4301,115.64,24.63,121.34,34.73
ch2_ohr_ncp_20251009T1006356898_d_img_d18_x11520_y50560.png,0.4249,259.17,269.93,265.37,278.18
ch2_ohr_ncp_20251009T1006356898_d_img_d18_x11520_y50560.png,0.4162,225.54,616.04,233.48,626.13
ch2_ohr_ncp_20251009T1006356898_d_img_d18_x11520_y50560.png,0.4119,125.14,150.32,140.33,173.05
ch2_ohr_ncp_20251009T1006356898_d_img_d18_x11520_y50560.png,0.4109,99.97,121.42,107.73,131.46
ch2_ohr_ncp_20251009T1006356898_d_img_d18_x11520_y50560.png,0.409,28.92,542.33,35.22,550.12
ch2_ohr_ncp_20251009T1006356898_d_img_d18_x11520_y50560.png,0.3955,273.95,26.21,281.02,34.02
ch2_ohr_ncp_20251009T1006356898_d_img_d18_x11520_y50560.png,0.3936,426.39,297.52,433.19,306.09
ch2_ohr_ncp_20251009T1006356898_d_img_d18_x11520_y50560.png,0.3922,95.43,264.1,103.69,271.95
ch2_ohr_ncp_20251009T1006356898_d_img_d18_x11520_y50560.png,0.3814,459.83,526.31,467.4,536.82
ch2_ohr_ncp_20251009T1006356898_d_img_d18_x11520_y50560.png,0.3705,94.82,317.89,100.97,326.53
ch2_ohr_ncp_20251009T1006356898_d_img_d18_x11520_y50560.png,0.3683,141.93,0.1,150.26,4.86
ch2_ohr_ncp_20251009T1006356898_d_img_d18_x11520_y50560.png,0.368,49.61,405.59,56.1,414.21
ch2_ohr_ncp_20251009T1006356898_d_img_d18_x11520_y50560.png,0.3609,57.19,14.92,64.09,25.77
ch2_ohr_ncp_20251009T1006356898_d_img_d18_x11520_y50560.png,0.3578,91.99,137.13,97.55,142.92
ch2_ohr_ncp_20251009T1006356898_d_img_d18_x11520_y50560.png,0.3454,287.22,327.44,296.43,339.0
ch2_ohr_ncp_20251009T1006356898_d_img_d18_x11520_y50560.png,0.3385,414.13,402.17,422.88,412.68
ch2_ohr_ncp_20251009T1006356898_d_img_d18_x11520_y50560.png,0.3301,141.76,107.17,149.25,118.41
ch2_ohr_ncp_20251009T1006356898_d_img_d18_x11520_y50560.png,0.3288,34.69,33.47,41.05,39.66
ch2_ohr_ncp_20251009T1006356898_d_img_d18_x11520_y50560.png,0.328,29.91,50.09,36.89,56.93
ch2_ohr_ncp_20251009T1006356898_d_img_d18_x11520_y50560.png,0.3278,28.08,229.12,33.99,237.26
ch2_ohr_ncp_20251009T1006356898_d_img_d18_x11520_y50560.png,0.3228,272.49,465.92,288.31,490.44
ch2_ohr_ncp_20251009T1006356898_d_img_d18_x11520_y50560.png,0.322,161.26,381.37,168.4,392.76
ch2_ohr_ncp_20251009T1006356898_d_img_d18_x11520_y50560.png,0.3125,243.45,312.1,250.1,320.63
ch2_ohr_ncp_20251009T1006356898_d_img_d18_x11520_y50560.png,0.3089,261.33,628.07,266.84,634.86
ch2_ohr_ncp_20251009T1006356898_d_img_d18_x11520_y50560.png,0.3083,148.61,203.17,176.91,264.58
ch2_ohr_ncp_20251009T1006356898_d_img_d18_x11520_y50560.png,0.3063,99.93,357.53,106.02,366.0
ch2_ohr_ncp_20251009T1006356898_d_img_d18_x11520_y50560.png,0.304,272.3,40.12,280.73,50.78
ch2_ohr_ncp_20251009T1006356898_d_img_d18_x11520_y50560.png,0.3004,117.61,632.99,125.11,639.47
ch2_ohr_ncp_20251009T1006356898_d_img_d18_x11520_y50560.png,0.299,105.66,59.17,111.65,66.86
ch2_ohr_ncp_20251009T1006356898_d_img_d18_x11520_y50560.png,0.2964,294.38,602.98,313.17,634.12
ch2_ohr_ncp_20251009T1006356898_d_img_d18_x11520_y50560.png,0.2918,63.39,45.51,72.7,56.08
ch2_ohr_ncp_20251009T1006356898_d_img_d18_x11520_y50560.png,0.2912,183.6,467.1,194.67,485.58
ch2_ohr_ncp_20251009T1006356898_d_img_d18_x11520_y50560.png,0.2905,44.68,116.98,50.87,124.0
ch2_ohr_ncp_20251009T1006356898_d_img_d18_x11520_y50560.png,0.2894,0.0,552.5,5.76,561.02
ch2_ohr_ncp_20251009T1006356898_d_img_d18_x11520_y50560.png,0.2869,109.81,467.48,117.05,477.51
ch2_ohr_ncp_20251009T1006356898_d_img_d18_x11520_y50560.png,0.2836,424.26,0.0,448.89,13.66
ch2_ohr_ncp_20251009T1006356898_d_img_d18_x11520_y50560.png,0.2786,1.99,41.37,14.22,55.05
ch2_ohr_ncp_20251009T1006356898_d_img_d18_x11520_y50560.png,0.278,455.94,509.08,463.4,519.26
ch2_ohr_ncp_20251009T1006356898_d_img_d18_x11520_y50560.png,0.2767,426.56,413.49,433.67,421.04
ch2_ohr_ncp_20251009T1006356898_d_img_d18_x11520_y50560.png,0.2767,138.3,16.92,149.28,31.96
ch2_ohr_ncp_20251009T1006356898_d_img_d18_x11520_y50560.png,0.2756,63.88,31.98,71.68,40.4
ch2_ohr_ncp_20251009T1006356898_d_img_d18_x11520_y50560.png,0.2729,102.8,286.29,107.6,293.48
ch2_ohr_ncp_20251009T1006356898_d_img_d18_x11520_y50560.png,0.2587,453.4,0.0,480.08,28.15
ch2_ohr_ncp_20251009T1006356898_d_img_d18_x11520_y50560.png,0.2567,90.07,392.51,96.16,400.04
ch2_ohr_ncp_20251009T1006356898_d_img_d18_x11520_y50560.png,0.2558,464.85,392.09,469.76,397.99
ch2_ohr_ncp_20251009T1006356898_d_img_d18_x11520_y50560.png,0.2498,428.62,413.0,434.88,420.04
ch2_ohr_ncp_20251009T1006356898_d_img_d18_x11520_y50560.png,0.2471,112.34,119.62,120.06,127.99
ch2_ohr_ncp_20251009T1006356898_d_img_d18_x11520_y50560.png,0.2468,9.4,616.94,16.13,625.36
ch2_ohr_ncp_20251009T1006356898_d_img_d18_x11520_y50560.png,0.2447,208.95,318.33,218.07,327.61
ch2_ohr_ncp_20251009T1006356898_d_img_d18_x11520_y50560.png,0.2438,36.49,597.72,42.79,606.2
ch2_ohr_ncp_20251009T1006356898_d_img_d18_x11520_y50560.png,0.2438,122.37,391.77,130.87,401.92
ch2_ohr_ncp_20251009T1006356898_d_img_d18_x11520_y50560.png,0.2429,346.86,19.41,354.29,30.9
ch2_ohr_ncp_20251009T1006356898_d_img_d18_x11520_y50560.png,0.2425,204.49,545.07,219.21,577.57
ch2_ohr_ncp_20251009T1006356898_d_img_d18_x11520_y50560.png,0.2382,34.48,328.95,40.17,335.41
ch2_ohr_ncp_20251009T1006356898_d_img_d18_x11520_y50560.png,0.2364,39.86,416.12,48.62,429.14
ch2_ohr_ncp_20251009T1006356898_d_img_d18_x11520_y50560.png,0.2357,87.32,511.58,93.4,519.37
ch2_ohr_ncp_20251009T1006356898_d_img_d18_x11520_y50560.png,0.2303,0.39,582.03,6.84,590.23
ch2_ohr_ncp_20251009T1006356898_d_img_d18_x11520_y50560.png,0.2282,108.99,468.82,115.78,477.78
ch2_ohr_ncp_20251009T1006356898_d_img_d18_x11520_y50560.png,0.2256,43.83,14.81,48.98,20.64
ch2_ohr_ncp_20251009T1006356898_d_img_d18_x11520_y50560.png,0.2234,39.47,60.62,46.65,68.43
ch2_ohr_ncp_20251009T1006356898_d_img_d18_x11520_y50560.png,0.2234,121.81,451.4,131.3,463.11
ch2_ohr_ncp_20251009T1006356898_d_img_d18_x11520_y50560.png,0.221,193.22,545.72,197.12,551.46
ch2_ohr_ncp_20251009T1006356898_d_img_d18_x11520_y50560.png,0.2205,319.28,89.22,328.16,100.04
ch2_ohr_ncp_20251009T1006356898_d_img_d18_x11520_y50560.png,0.2196,169.29,552.36,175.49,559.73
ch2_ohr_ncp_20251009T1006356898_d_img_d18_x11520_y50560.png,0.2189,463.02,617.42,469.69,625.16
ch2_ohr_ncp_20251009T1006356898_d_img_d18_x11520_y50560.png,0.2112,35.24,220.8,41.2,228.39
ch2_ohr_ncp_20251009T1006356898_d_img_d18_x11520_y50560.png,0.2107,69.58,540.96,77.6,550.49
ch2_ohr_ncp_20251009T1006356898_d_img_d18_x11520_y50560.png,0.2074,325.05,440.44,334.12,452.64
ch2_ohr_ncp_20251009T1006356898_d_img_d18_x11520_y50560.png,0.2061,210.15,380.72,220.43,397.23
ch2_ohr_ncp_20251009T1006356898_d_img_d18_x11520_y50560.png,0.2051,50.38,405.62,57.02,413.26
ch2_ohr_ncp_20251009T1006356898_d_img_d18_x11520_y50560.png,0.2042,225.67,365.53,262.15,397.93
ch2_ohr_ncp_20251009T1006356898_d_img_d18_x11520_y50560.png,0.2039,453.8,376.87,468.82,392.97
ch2_ohr_ncp_20251009T1006356898_d_img_d18_x11520_y50560.png,0.201,96.86,14.78,101.94,20.63
ch2_ohr_ncp_20251009T1006356898_d_img_d18_x11520_y51200.png,0.513,453.05,152.25,468.62,184.04
ch2_ohr_ncp_20251009T1006356898_d_img_d18_x11520_y51200.png,0.4967,177.72,183.23,201.03,228.08
ch2_ohr_ncp_20251009T1006356898_d_img_d18_x11520_y51200.png,0.3855,100.52,108.51,120.51,143.38
ch2_ohr_ncp_20251009T1006356898_d_img_d18_x11520_y51200.png,0.3452,127.08,347.44,134.52,357.99
ch2_ohr_ncp_20251009T1006356898_d_img_d18_x11520_y51200.png,0.3371,192.36,556.53,240.9,623.22
ch2_ohr_ncp_20251009T1006356898_d_img_d18_x11520_y51200.png,0.336,98.14,295.07,105.38,304.23
ch2_ohr_ncp_20251009T1006356898_d_img_d18_x11520_y51200.png,0.2934,399.01,212.02,409.01,224.51
ch2_ohr_ncp_20251009T1006356898_d_img_d18_x11520_y51200.png,0.2735,399.0,311.31,408.28,324.47
ch2_ohr_ncp_20251009T1006356898_d_img_d18_x11520_y51200.png,0.2567,122.37,121.72,133.34,136.62
ch2_ohr_ncp_20251009T1006356898_d_img_d18_x11520_y51200.png,0.2513,442.54,481.06,463.67,510.4
ch2_ohr_ncp_20251009T1006356898_d_img_d18_x11520_y51200.png,0.2512,439.41,480.57,464.92,518.97
ch2_ohr_ncp_20251009T1006356898_d_img_d18_x11520_y51200.png,0.2435,428.56,502.41,434.79,510.07
ch2_ohr_ncp_20251009T1006356898_d_img_d18_x11520_y51200.png,0.2431,381.63,132.22,389.81,141.81
ch2_ohr_ncp_20251009T1006356898_d_img_d18_x11520_y51200.png,0.2378,111.44,179.77,126.54,213.19
ch2_ohr_ncp_20251009T1006356898_d_img_d18_x11520_y51200.png,0.2376,288.44,20.09,302.72,40.95
ch2_ohr_ncp_20251009T1006356898_d_img_d18_x11520_y51200.png,0.2343,151.25,89.06,160.13,99.7
ch2_ohr_ncp_20251009T1006356898_d_img_d18_x11520_y51200.png,0.2199,122.0,8.49,129.11,16.03
ch2_ohr_ncp_20251009T1006356898_d_img_d18_x11520_y51200.png,0.2088,384.28,528.36,397.98,547.43
ch2_ohr_ncp_20251009T1006356898_d_img_d18_x11520_y51840.png,0.5122,354.98,282.96,370.96,312.33
ch2_ohr_ncp_20251009T1006356898_d_img_d18_x11520_y51840.png,0.4671,52.52,602.98,63.51,622.13
ch2_ohr_ncp_20251009T1006356898_d_img_d18_x11520_y51840.png,0.4462,317.54,580.37,329.06,598.54
ch2_ohr_ncp_20251009T1006356898_d_img_d18_x11520_y51840.png,0.436,395.74,222.48,411.6,252.85
ch2_ohr_ncp_20251009T1006356898_d_img_d18_x11520_y51840.png,0.3628,414.27,205.77,428.12,222.13
ch2_ohr_ncp_20251009T1006356898_d_img_d18_x11520_y51840.png,0.3621,35.9,395.02,41.92,401.39
ch2_ohr_ncp_20251009T1006356898_d_img_d18_x11520_y51840.png,0.3458,452.05,384.47,465.24,403.76
ch2_ohr_ncp_20251009T1006356898_d_img_d18_x11520_y51840.png,0.3332,467.05,442.33,475.38,453.42
ch2_ohr_ncp_20251009T1006356898_d_img_d18_x11520_y51840.png,0.3281,195.1,123.12,206.24,145.08
ch2_ohr_ncp_20251009T1006356898_d_img_d18_x11520_y51840.png,0.3146,287.33,356.74,294.83,368.3
ch2_ohr_ncp_20251009T1006356898_d_img_d18_x11520_y51840.png,0.3117,339.95,483.43,364.26,530.11
ch2_ohr_ncp_20251009T1006356898_d_img_d18_x11520_y51840.png,0.3087,275.89,362.72,281.6,370.42
ch2_ohr_ncp_20251009T1006356898_d_img_d18_x11520_y51840.png,0.2908,221.54,633.33,228.39,639.03
ch2_ohr_ncp_20251009T1006356898_d_img_d18_x11520_y51840.png,0.2818,1.31,582.12,8.64,591.58
ch2_ohr_ncp_20251009T1006356898_d_img_d18_x11520_y51840.png,0.2748,441.28,351.97,448.06,359.47
ch2_ohr_ncp_20251009T1006356898_d_img_d18_x11520_y51840.png,0.255,52.34,598.82,66.27,622.95
ch2_ohr_ncp_20251009T1006356898_d_img_d18_x11520_y51840.png,0.2509,404.85,576.57,411.05,584.52
ch2_ohr_ncp_20251009T1006356898_d_img_d18_x11520_y51840.png,0.2432,322.59,560.76,328.34,568.22
ch2_ohr_ncp_20251009T1006356898_d_img_d18_x11520_y51840.png,0.2311,430.1,172.56,445.83,205.58
ch2_ohr_ncp_20251009T1006356898_d_img_d18_x11520_y51840.png,0.2255,438.66,566.43,446.4,575.13
ch2_ohr_ncp_20251009T1006356898_d_img_d18_x11520_y51840.png,0.2204,68.6,598.33,78.85,616.51
ch2_ohr_ncp_20251009T1006356898_d_img_d18_x11520_y51840.png,0.215,439.97,322.19,449.4,332.8
ch2_ohr_ncp_20251009T1006356898_d_img_d18_x11520_y51840.png,0.2145,162.28,499.93,181.33,525.5
ch2_ohr_ncp_20251009T1006356898_d_img_d18_x11520_y51840.png,0.2133,464.03,232.58,469.51,239.21
ch2_ohr_ncp_20251009T1006356898_d_img_d18_x11520_y51840.png,0.2114,424.66,422.82,432.93,433.56
ch2_ohr_ncp_20251009T1006356898_d_img_d18_x11520_y51840.png,0.2104,440.03,408.6,448.78,421.04
ch2_ohr_ncp_20251009T1006356898_d_img_d18_x11520_y51840.png,0.2094,469.45,383.57,480.49,404.6
ch2_ohr_ncp_20251009T1006356898_d_img_d18_x11520_y51840.png,0.2041,149.84,285.32,154.72,290.99
ch2_ohr_ncp_20251009T1006356898_d_img_d18_x11520_y52480.png,0.3982,400.95,501.38,414.44,526.73
ch2_ohr_ncp_20251009T1006356898_d_img_d18_x11520_y52480.png,0.3339,60.1,329.45,67.72,339.78
ch2_ohr_ncp_20251009T1006356898_d_img_d18_x11520_y52480.png,0.3319,69.43,357.38,78.95,373.11
ch2_ohr_ncp_20251009T1006356898_d_img_d18_x11520_y52480.png,0.3248,65.9,345.07,71.91,351.81
ch2_ohr_ncp_20251009T1006356898_d_img_d18_x11520_y52480.png,0.3131,277.22,135.55,286.79,150.43
ch2_ohr_ncp_20251009T1006356898_d_img_d18_x11520_y52480.png,0.2988,77.17,279.76,85.25,289.7
ch2_ohr_ncp_20251009T1006356898_d_img_d18_x11520_y52480.png,0.266,12.48,156.19,24.75,177.33
ch2_ohr_ncp_20251009T1006356898_d_img_d18_x11520_y52480.png,0.2654,378.04,624.65,384.02,631.29
ch2_ohr_ncp_20251009T1006356898_d_img_d18_x11520_y52480.png,0.2476,451.02,33.45,457.94,43.98
ch2_ohr_ncp_20251009T1006356898_d_img_d18_x11520_y52480.png,0.2344,130.6,193.1,155.52,226.86
ch2_ohr_ncp_20251009T1006356898_d_img_d18_x11520_y52480.png,0.2332,149.41,301.45,154.27,307.45
ch2_ohr_ncp_20251009T1006356898_d_img_d18_x11520_y52480.png,0.2325,11.62,225.57,16.78,231.79
ch2_ohr_ncp_20251009T1006356898_d_img_d18_x11520_y52480.png,0.2317,445.82,393.77,468.66,432.25
ch2_ohr_ncp_20251009T1006356898_d_img_d18_x11520_y52480.png,0.2278,321.22,247.4,331.9,260.89
ch2_ohr_ncp_20251009T1006356898_d_img_d18_x11520_y52480.png,0.2238,302.33,416.91,308.95,426.53
ch2_ohr_ncp_20251009T1006356898_d_img_d18_x11520_y52480.png,0.2224,410.85,128.34,419.4,139.04
ch2_ohr_ncp_20251009T1006356898_d_img_d18_x11520_y52480.png,0.2146,99.3,290.39,104.96,299.03
ch2_ohr_ncp_20251009T1006356898_d_img_d18_x11520_y52480.png,0.2135,338.14,446.29,358.17,481.88
ch2_ohr_ncp_20251009T1006356898_d_img_d18_x11520_y52480.png,0.2109,196.08,213.97,204.56,230.71
ch2_ohr_ncp_20251009T1006356898_d_img_d18_x11520_y52480.png,0.2016,337.8,21.83,346.61,33.73
ch2_ohr_ncp_20251009T1006356898_d_img_d18_x11520_y53120.png,0.4902,367.24,526.83,379.2,550.16
ch2_ohr_ncp_20251009T1006356898_d_img_d18_x11520_y53120.png,0.422,220.42,472.36,229.81,481.46
ch2_ohr_ncp_20251009T1006356898_d_img_d18_x11520_y53120.png,0.4008,458.89,203.33,471.61,223.8
ch2_ohr_ncp_20251009T1006356898_d_img_d18_x11520_y53120.png,0.3829,410.95,381.17,419.95,392.97
ch2_ohr_ncp_20251009T1006356898_d_img_d18_x11520_y53120.png,0.3785,436.9,105.53,452.67,133.81
ch2_ohr_ncp_20251009T1006356898_d_img_d18_x11520_y53120.png,0.3746,434.15,247.68,440.46,256.08
ch2_ohr_ncp_20251009T1006356898_d_img_d18_x11520_y53120.png,0.3666,271.93,468.69,279.8,480.2
ch2_ohr_ncp_20251009T1006356898_d_img_d18_x11520_y53120.png,0.3659,428.23,260.65,440.51,276.33
ch2_ohr_ncp_20251009T1006356898_d_img_d18_x11520_y53120.png,0.3599,167.47,72.8,176.36,82.65
ch2_ohr_ncp_20251009T1006356898_d_img_d18_x11520_y53120.png,0.3597,246.73,612.4,255.79,626.7
ch2_ohr_ncp_20251009T1006356898_d_img_d18_x11520_y53120.png,0.3582,470.92,160.02,478.73,173.24
ch2_ohr_ncp_20251009T1006356898_d_img_d18_x11520_y53120.png,0.3565,404.91,553.1,412.83,563.71
ch2_ohr_ncp_20251009T1006356898_d_img_d18_x11520_y53120.png,0.3538,457.87,410.24,466.73,420.13
ch2_ohr_ncp_20251009T1006356898_d_img_d18_x11520_y53120.png,0.3515,209.91,424.55,218.0,434.87
ch2_ohr_ncp_20251009T1006356898_d_img_d18_x11520_y53120.png,0.3421,81.36,435.52,90.15,451.71
ch2_ohr_ncp_20251009T1006356898_d_img_d18_x11520_y53120.png,0.3366,83.72,615.06,96.04,632.42
ch2_ohr_ncp_20251009T1006356898_d_img_d18_x11520_y53120.png,0.316,407.39,468.84,415.16,480.34
ch2_ohr_ncp_20251009T1006356898_d_img_d18_x11520_y53120.png,0.3082,331.43,456.82,340.76,468.63
ch2_ohr_ncp_20251009T1006356898_d_img_d18_x11520_y53120.png,0.3049,436.72,404.06,442.28,412.07
ch2_ohr_ncp_20251009T1006356898_d_img_d18_x11520_y53120.png,0.3044,120.36,161.28,132.24,180.52
ch2_ohr_ncp_20251009T1006356898_d_img_d18_x11520_y53120.png,0.2974,51.38,474.14,58.69,485.08
ch2_ohr_ncp_20251009T1006356898_d_img_d18_x11520_y53120.png,0.2973,121.92,120.57,129.97,131.64
ch2_ohr_ncp_20251009T1006356898_d_img_d18_x11520_y53120.png,0.2938,17.22,394.27,36.62,421.16
ch2_ohr_ncp_20251009T1006356898_d_img_d18_x11520_y53120.png,0.2922,24.36,492.55,31.61,504.74
ch2_ohr_ncp_20251009T1006356898_d_img_d18_x11520_y53120.png,0.2894,244.68,36.1,253.92,47.71
ch2_ohr_ncp_20251009T1006356898_d_img_d18_x11520_y53120.png,0.2881,252.22,496.19,258.22,504.26
ch2_ohr_ncp_20251009T1006356898_d_img_d18_x11520_y53120.png,0.2862,107.81,596.53,114.53,605.34
ch2_ohr_ncp_20251009T1006356898_d_img_d18_x11520_y53120.png,0.2855,123.68,450.73,130.65,460.16
ch2_ohr_ncp_20251009T1006356898_d_img_d18_x11520_y53120.png,0.2759,327.11,559.04,335.62,572.76
ch2_ohr_ncp_20251009T1006356898_d_img_d18_x11520_y53120.png,0.268,4.28,374.97,9.34,381.68
ch2_ohr_ncp_20251009T1006356898_d_img_d18_x11520_y53120.png,0.264,63.68,122.11,72.66,131.88
ch2_ohr_ncp_20251009T1006356898_d_img_d18_x11520_y53120.png,0.2604,43.11,452.13,49.24,458.18
ch2_ohr_ncp_20251009T1006356898_d_img_d18_x11520_y53120.png,0.2588,386.64,531.66,394.05,540.49
ch2_ohr_ncp_20251009T1006356898_d_img_d18_x11520_y53120.png,0.2518,213.51,112.48,225.0,134.78
ch2_ohr_ncp_20251009T1006356898_d_img_d18_x11520_y53120.png,0.2506,340.1,501.46,348.54,511.28
ch2_ohr_ncp_20251009T1006356898_d_img_d18_x11520_y53120.png,0.2446,434.11,536.37,440.29,545.41
ch2_ohr_ncp_20251009T1006356898_d_img_d18_x11520_y53120.png,0.235,256.48,423.02,262.65,429.47
ch2_ohr_ncp_20251009T1006356898_d_img_d18_x11520_y53120.png,0.2309,344.57,631.1,354.33,639.01
ch2_ohr_ncp_20251009T1006356898_d_img_d18_x11520_y53120.png,0.2293,0.13,481.21,7.17,487.89
ch2_ohr_ncp_20251009T1006356898_d_img_d18_x11520_y53120.png,0.224,365.71,187.28,382.36,216.47
ch2_ohr_ncp_20251009T1006356898_d_img_d18_x11520_y53120.png,0.2214,28.37,390.85,37.67,402.13
ch2_ohr_ncp_20251009T1006356898_d_img_d18_x11520_y53120.png,0.2199,213.02,38.23,223.36,52.33
ch2_ohr_ncp_20251009T1006356898_d_img_d18_x11520_y53120.png,0.2125,3.21,112.71,10.84,123.27
ch2_ohr_ncp_20251009T1006356898_d_img_d18_x11520_y53120.png,0.2106,81.68,613.65,97.33,639.53
ch2_ohr_ncp_20251009T1006356898_d_img_d18_x11520_y53120.png,0.2069,83.98,622.81,97.79,639.0
ch2_ohr_ncp_20251009T1006356898_d_img_d18_x11520_y53120.png,0.2046,9.26,467.63,14.36,473.8
ch2_ohr_ncp_20251009T1006356898_d_img_d18_x11520_y53120.png,0.2043,58.06,583.33,63.41,589.5
ch2_ohr_ncp_20251009T1006356898_d_img_d18_x11520_y53760.png,0.3469,317.96,548.86,338.84,588.65
ch2_ohr_ncp_20251009T1006356898_d_img_d18_x11520_y53760.png,0.3226,347.21,138.52,352.88,146.47
ch2_ohr_ncp_20251009T1006356898_d_img_d18_x11520_y53760.png,0.3078,192.03,267.41,198.98,276.25
ch2_ohr_ncp_20251009T1006356898_d_img_d18_x11520_y53760.png,0.2988,293.4,143.67,303.22,159.92
ch2_ohr_ncp_20251009T1006356898_d_img_d18_x11520_y53760.png,0.298,128.11,152.12,135.24,162.03
ch2_ohr_ncp_20251009T1006356898_d_img_d18_x11520_y53760.png,0.2891,149.32,267.09,156.99,281.03
ch2_ohr_ncp_20251009T1006356898_d_img_d18_x11520_y53760.png,0.2771,385.04,63.8,391.61,70.77
ch2_ohr_ncp_20251009T1006356898_d_img_d18_x11520_y53760.png,0.2586,361.07,102.04,368.99,114.43
ch2_ohr_ncp_20251009T1006356898_d_img_d18_x11520_y53760.png,0.2277,4.02,85.84,10.28,93.86
ch2_ohr_ncp_20251009T1006356898_d_img_d18_x11520_y53760.png,0.2263,345.38,95.52,351.79,103.6
ch2_ohr_ncp_20251009T1006356898_d_img_d18_x11520_y53760.png,0.2176,60.93,53.82,66.64,60.53
ch2_ohr_ncp_20251009T1006356898_d_img_d18_x11520_y53760.png,0.2128,112.6,20.1,119.78,31.02
ch2_ohr_ncp_20251009T1006356898_d_img_d18_x11520_y53760.png,0.2124,320.46,183.46,329.23,194.25
ch2_ohr_ncp_20251009T1006356898_d_img_d18_x11520_y53760.png,0.212,91.32,388.53,97.59,398.15
ch2_ohr_ncp_20251009T1006356898_d_img_d18_x11520_y53760.png,0.2119,196.55,70.67,202.42,77.13
ch2_ohr_ncp_20251009T1006356898_d_img_d18_x11520_y53760.png,0.2092,135.72,40.56,142.64,48.71
ch2_ohr_ncp_20251009T1006356898_d_img_d18_x11520_y53760.png,0.2052,309.28,251.62,345.8,323.94
ch2_ohr_ncp_20251009T1006356898_d_img_d18_x11520_y54400.png,0.3873,146.06,119.96,153.92,129.71
ch2_ohr_ncp_20251009T1006356898_d_img_d18_x11520_y54400.png,0.3628,449.75,115.09,456.47,124.33
ch2_ohr_ncp_20251009T1006356898_d_img_d18_x11520_y54400.png,0.3515,64.94,54.42,88.41,84.9
ch2_ohr_ncp_20251009T1006356898_d_img_d18_x11520_y54400.png,0.3511,247.5,91.72,254.46,102.32
ch2_ohr_ncp_20251009T1006356898_d_img_d18_x11520_y54400.png,0.3203,203.76,83.35,222.99,114.71
ch2_ohr_ncp_20251009T1006356898_d_img_d18_x11520_y54400.png,0.3164,396.36,203.08,412.23,234.71
ch2_ohr_ncp_20251009T1006356898_d_img_d18_x11520_y54400.png,0.3011,95.3,22.29,110.36,49.81
ch2_ohr_ncp_20251009T1006356898_d_img_d18_x11520_y54400.png,0.241,230.88,263.47,237.95,274.03
ch2_ohr_ncp_20251009T1006356898_d_img_d18_x11520_y54400.png,0.2243,428.55,155.7,436.62,168.28
ch2_ohr_ncp_20251009T1006356898_d_img_d18_x11520_y54400.png,0.222,400.64,586.17,419.21,628.42
ch2_ohr_ncp_20251009T1006356898_d_img_d18_x11520_y54400.png,0.2159,236.61,294.59,242.74,300.91
ch2_ohr_ncp_20251009T1006356898_d_img_d18_x11520_y54400.png,0.2051,256.17,250.0,265.14,264.31
ch2_ohr_ncp_20251009T1006356898_d_img_d18_x11520_y54400.png,0.2043,459.92,79.05,468.01,86.97
ch2_ohr_ncp_20251009T1006356898_d_img_d18_x11520_y54400.png,0.2031,439.03,423.22,456.41,445.71
ch2_ohr_ncp_20251009T1006356898_d_img_d18_x11520_y55040.png,0.4092,438.76,163.92,462.18,205.38
ch2_ohr_ncp_20251009T1006356898_d_img_d18_x11520_y55040.png,0.3301,419.29,8.62,425.01,17.02
ch2_ohr_ncp_20251009T1006356898_d_img_d18_x11520_y55040.png,0.3091,153.57,66.22,164.04,78.97
ch2_ohr_ncp_20251009T1006356898_d_img_d18_x11520_y55040.png,0.3017,257.99,90.15,266.77,100.33
ch2_ohr_ncp_20251009T1006356898_d_img_d18_x11520_y55040.png,0.2813,378.4,359.86,385.74,368.24
ch2_ohr_ncp_20251009T1006356898_d_img_d18_x11520_y55040.png,0.2458,436.32,37.57,440.39,42.52
ch2_ohr_ncp_20251009T1006356898_d_img_d18_x11520_y55040.png,0.2438,95.52,118.47,103.75,127.92
ch2_ohr_ncp_20251009T1006356898_d_img_d18_x11520_y55040.png,0.2327,96.87,633.38,105.56,639.97
ch2_ohr_ncp_20251009T1006356898_d_img_d18_x11520_y55040.png,0.2218,3.52,16.95,10.47,25.29
ch2_ohr_ncp_20251009T1006356898_d_img_d18_x11520_y55040.png,0.215,19.36,0.32,31.44,16.57
ch2_ohr_ncp_20251009T1006356898_d_img_d18_x11520_y55040.png,0.2065,401.71,113.49,407.75,124.59
ch2_ohr_ncp_20251009T1006356898_d_img_d18_x11520_y55680.png,0.5036,264.1,190.47,272.52,204.11
ch2_ohr_ncp_20251009T1006356898_d_img_d18_x11520_y55680.png,0.4963,324.13,140.51,332.96,155.13
ch2_ohr_ncp_20251009T1006356898_d_img_d18_x11520_y55680.png,0.4882,414.73,127.73,425.14,146.53
ch2_ohr_ncp_20251009T1006356898_d_img_d18_x11520_y55680.png,0.4689,114.33,60.92,125.18,78.23
ch2_ohr_ncp_20251009T1006356898_d_img_d18_x11520_y55680.png,0.4235,93.48,387.46,105.25,402.61
ch2_ohr_ncp_20251009T1006356898_d_img_d18_x11520_y55680.png,0.4095,352.34,115.6,363.85,134.86
ch2_ohr_ncp_20251009T1006356898_d_img_d18_x11520_y55680.png,0.3867,120.96,192.78,128.68,203.85
ch2_ohr_ncp_20251009T1006356898_d_img_d18_x11520_y55680.png,0.3823,82.66,405.2,89.74,414.7
ch2_ohr_ncp_20251009T1006356898_d_img_d18_x11520_y55680.png,0.3677,351.94,326.23,360.21,339.07
ch2_ohr_ncp_20251009T1006356898_d_img_d18_x11520_y55680.png,0.3573,236.08,85.51,268.33,128.97
ch2_ohr_ncp_20251009T1006356898_d_img_d18_x11520_y55680.png,0.3547,60.76,173.95,77.4,196.29
ch2_ohr_ncp_20251009T1006356898_d_img_d18_x11520_y55680.png,0.3473,344.62,257.92,352.54,268.77
ch2_ohr_ncp_20251009T1006356898_d_img_d18_x11520_y55680.png,0.3435,436.91,282.53,475.13,337.1
ch2_ohr_ncp_20251009T1006356898_d_img_d18_x11520_y55680.png,0.3328,79.02,222.52,88.52,234.78
ch2_ohr_ncp_20251009T1006356898_d_img_d18_x11520_y55680.png,0.3301,290.58,163.23,296.2,170.45
ch2_ohr_ncp_20251009T1006356898_d_img_d18_x11520_y55680.png,0.2866,27.26,63.61,33.31,72.05
ch2_ohr_ncp_20251009T1006356898_d_img_d18_x11520_y55680.png,0.274,428.49,0.0,470.24,49.79
ch2_ohr_ncp_20251009T1006356898_d_img_d18_x11520_y55680.png,0.2709,405.1,372.26,414.45,383.68
ch2_ohr_ncp_20251009T1006356898_d_img_d18_x11520_y55680.png,0.2676,353.61,25.65,361.73,39.32
ch2_ohr_ncp_20251009T1006356898_d_img_d18_x11520_y55680.png,0.2672,163.87,113.66,169.37,120.49
ch2_ohr_ncp_20251009T1006356898_d_img_d18_x11520_y55680.png,0.2644,118.82,274.58,125.47,283.83
ch2_ohr_ncp_20251009T1006356898_d_img_d18_x11520_y55680.png,0.2638,103.01,525.01,109.33,534.63
ch2_ohr_ncp_20251009T1006356898_d_img_d18_x11520_y55680.png,0.2619,83.48,150.65,94.07,165.13
ch2_ohr_ncp_20251009T1006356898_d_img_d18_x11520_y55680.png,0.2393,87.21,364.36,92.61,371.06
ch2_ohr_ncp_20251009T1006356898_d_img_d18_x11520_y55680.png,0.239,179.86,548.64,186.27,555.7
ch2_ohr_ncp_20251009T1006356898_d_img_d18_x11520_y55680.png,0.238,199.3,317.02,207.25,325.63
ch2_ohr_ncp_20251009T1006356898_d_img_d18_x11520_y55680.png,0.2258,324.03,265.69,332.81,277.29
ch2_ohr_ncp_20251009T1006356898_d_img_d18_x11520_y55680.png,0.2225,208.28,504.22,215.83,514.92
ch2_ohr_ncp_20251009T1006356898_d_img_d18_x11520_y55680.png,0.2224,434.6,126.61,447.47,141.41
ch2_ohr_ncp_20251009T1006356898_d_img_d18_x11520_y55680.png,0.22,429.8,112.74,436.35,120.51
ch2_ohr_ncp_20251009T1006356898_d_img_d18_x11520_y55680.png,0.2157,105.66,159.48,110.29,166.19
ch2_ohr_ncp_20251009T1006356898_d_img_d18_x11520_y55680.png,0.213,270.02,77.37,275.33,83.9
ch2_ohr_ncp_20251009T1006356898_d_img_d18_x11520_y55680.png,0.2091,55.26,213.73,67.58,229.53
ch2_ohr_ncp_20251009T1006356898_d_img_d18_x11520_y55680.png,0.2072,364.4,23.17,378.23,34.57
ch2_ohr_ncp_20251009T1006356898_d_img_d18_x11520_y56320.png,0.6176,446.91,546.23,456.78,559.88
ch2_ohr_ncp_20251009T1006356898_d_img_d18_x11520_y56320.png,0.5763,228.27,421.01,242.76,439.44
ch2_ohr_ncp_20251009T1006356898_d_img_d18_x11520_y56320.png,0.5747,284.46,301.91,297.46,326.08
ch2_ohr_ncp_20251009T1006356898_d_img_d18_x11520_y56320.png,0.5567,430.67,192.42,440.47,207.35
ch2_ohr_ncp_20251009T1006356898_d_img_d18_x11520_y56320.png,0.5549,86.65,344.92,100.51,370.19
ch2_ohr_ncp_20251009T1006356898_d_img_d18_x11520_y56320.png,0.522,188.74,110.84,198.26,125.37
ch2_ohr_ncp_20251009T1006356898_d_img_d18_x11520_y56320.png,0.475,440.28,415.27,448.54,426.86
ch2_ohr_ncp_20251009T1006356898_d_img_d18_x11520_y56320.png,0.4743,176.89,519.96,184.04,532.87
ch2_ohr_ncp_20251009T1006356898_d_img_d18_x11520_y56320.png,0.4462,332.0,337.76,346.08,360.91
ch2_ohr_ncp_20251009T1006356898_d_img_d18_x11520_y56320.png,0.4405,372.03,426.9,378.55,435.4
ch2_ohr_ncp_20251009T1006356898_d_img_d18_x11520_y56320.png,0.4188,419.38,81.34,426.93,91.64
ch2_ohr_ncp_20251009T1006356898_d_img_d18_x11520_y56320.png,0.4126,139.07,250.83,146.68,262.38
ch2_ohr_ncp_20251009T1006356898_d_img_d18_x11520_y56320.png,0.3917,23.6,634.38,31.18,639.89
ch2_ohr_ncp_20251009T1006356898_d_img_d18_x11520_y56320.png,0.3736,244.5,315.71,251.06,322.69
ch2_ohr_ncp_20251009T1006356898_d_img_d18_x11520_y56320.png,0.3676,413.14,236.63,422.15,250.94
ch2_ohr_ncp_20251009T1006356898_d_img_d18_x11520_y56320.png,0.3574,471.36,532.06,478.44,542.34
ch2_ohr_ncp_20251009T1006356898_d_img_d18_x11520_y56320.png,0.3447,298.66,409.47,306.45,421.66
ch2_ohr_ncp_20251009T1006356898_d_img_d18_x11520_y56320.png,0.3411,27.96,410.51,48.03,433.26
ch2_ohr_ncp_20251009T1006356898_d_img_d18_x11520_y56320.png,0.3367,17.29,448.27,28.27,467.16
ch2_ohr_ncp_20251009T1006356898_d_img_d18_x11520_y56320.png,0.3239,1.49,16.77,8.08,24.69
ch2_ohr_ncp_20251009T1006356898_d_img_d18_x11520_y56320.png,0.3159,113.4,319.48,129.38,337.6
ch2_ohr_ncp_20251009T1006356898_d_img_d18_x11520_y56320.png,0.3153,452.08,245.34,458.34,254.66
ch2_ohr_ncp_20251009T1006356898_d_img_d18_x11520_y56320.png,0.3126,157.23,563.5,164.64,573.79
ch2_ohr_ncp_20251009T1006356898_d_img_d18_x11520_y56320.png,0.3113,214.87,308.69,222.18,317.48
ch2_ohr_ncp_20251009T1006356898_d_img_d18_x11520_y56320.png,0.311,287.06,343.15,299.07,358.32
ch2_ohr_ncp_20251009T1006356898_d_img_d18_x11520_y56320.png,0.3023,79.15,545.82,104.82,586.82
ch2_ohr_ncp_20251009T1006356898_d_img_d18_x11520_y56320.png,0.2913,162.54,513.69,168.28,520.87
ch2_ohr_ncp_20251009T1006356898_d_img_d18_x11520_y56320.png,0.2901,41.52,395.52,47.6,403.74
ch2_ohr_ncp_20251009T1006356898_d_img_d18_x11520_y56320.png,0.2813,18.63,393.87,26.72,401.47
ch2_ohr_ncp_20251009T1006356898_d_img_d18_x11520_y56320.png,0.2807,204.96,445.32,213.05,453.76
ch2_ohr_ncp_20251009T1006356898_d_img_d18_x11520_y56320.png,0.2696,226.48,523.4,233.46,534.44
ch2_ohr_ncp_20251009T1006356898_d_img_d18_x11520_y56320.png,0.2689,209.22,287.17,217.71,298.06
ch2_ohr_ncp_20251009T1006356898_d_img_d18_x11520_y56320.png,0.2644,379.56,339.85,386.65,348.53
ch2_ohr_ncp_20251009T1006356898_d_img_d18_x11520_y56320.png,0.2609,86.76,308.12,93.0,316.06
ch2_ohr_ncp_20251009T1006356898_d_img_d18_x11520_y56320.png,0.2546,371.9,197.07,385.87,217.02
ch2_ohr_ncp_20251009T1006356898_d_img_d18_x11520_y56320.png,0.2439,10.87,470.19,18.19,479.22
ch2_ohr_ncp_20251009T1006356898_d_img_d18_x11520_y56320.png,0.2379,111.74,235.55,118.43,244.8
ch2_ohr_ncp_20251009T1006356898_d_img_d18_x11520_y56320.png,0.2262,131.21,378.78,147.92,403.32
ch2_ohr_ncp_20251009T1006356898_d_img_d18_x11520_y56320.png,0.2249,437.61,444.3,444.05,450.33
ch2_ohr_ncp_20251009T1006356898_d_img_d18_x11520_y56320.png,0.2243,218.99,413.07,230.33,424.91
ch2_ohr_ncp_20251009T1006356898_d_img_d18_x11520_y56320.png,0.22,218.91,266.77,225.52,274.04
ch2_ohr_ncp_20251009T1006356898_d_img_d18_x11520_y56320.png,0.218,17.17,285.81,23.07,293.55
ch2_ohr_ncp_20251009T1006356898_d_img_d18_x11520_y56320.png,0.2171,105.8,522.5,113.98,534.06
ch2_ohr_ncp_20251009T1006356898_d_img_d18_x11520_y56320.png,0.2116,43.6,125.74,61.35,147.38
ch2_ohr_ncp_20251009T1006356898_d_img_d18_x11520_y56320.png,0.2092,405.4,380.86,415.24,392.21
ch2_ohr_ncp_20251009T1006356898_d_img_d18_x11520_y56320.png,0.2091,291.08,370.7,299.86,378.84
ch2_ohr_ncp_20251009T1006356898_d_img_d18_x11520_y56320.png,0.2079,381.98,607.95,387.04,613.49
ch2_ohr_ncp_20251009T1006356898_d_img_d18_x11520_y56320.png,0.2068,463.96,499.94,470.97,508.63
ch2_ohr_ncp_20251009T1006356898_d_img_d18_x11520_y56320.png,0.2035,293.69,587.01,299.8,594.76
ch2_ohr_ncp_20251009T1006356898_d_img_d18_x11520_y56320.png,0.2006,436.5,485.18,441.51,492.02
ch2_ohr_ncp_20251009T1006356898_d_img_d18_x11520_y56960.png,0.4565,429.26,293.19,441.82,313.7
ch2_ohr_ncp_20251009T1006356898_d_img_d18_x11520_y56960.png,0.4174,122.97,58.85,130.24,68.66
ch2_ohr_ncp_20251009T1006356898_d_img_d18_x11520_y56960.png,0.4037,223.09,436.14,238.88,457.74
ch2_ohr_ncp_20251009T1006356898_d_img_d18_x11520_y56960.png,0.3972,288.19,397.07,297.25,410.89
ch2_ohr_ncp_20251009T1006356898_d_img_d18_x11520_y56960.png,0.3289,280.13,288.77,287.32,300.93
ch2_ohr_ncp_20251009T1006356898_d_img_d18_x11520_y56960.png,0.3279,446.27,296.47,455.34,311.3
ch2_ohr_ncp_20251009T1006356898_d_img_d18_x11520_y56960.png,0.3256,50.49,17.56,60.75,34.61
ch2_ohr_ncp_20251009T1006356898_d_img_d18_x11520_y56960.png,0.315,11.38,11.94,25.0,28.83
ch2_ohr_ncp_20251009T1006356898_d_img_d18_x11520_y56960.png,0.3147,363.86,490.38,369.96,499.19
ch2_ohr_ncp_20251009T1006356898_d_img_d18_x11520_y56960.png,0.305,202.3,56.74,210.95,65.19
ch2_ohr_ncp_20251009T1006356898_d_img_d18_x11520_y56960.png,0.3004,373.0,327.65,396.24,358.37
ch2_ohr_ncp_20251009T1006356898_d_img_d18_x11520_y56960.png,0.2997,292.96,486.0,300.7,495.24
ch2_ohr_ncp_20251009T1006356898_d_img_d18_x11520_y56960.png,0.2981,417.91,572.31,437.16,601.29
ch2_ohr_ncp_20251009T1006356898_d_img_d18_x11520_y56960.png,0.2856,305.83,420.91,314.15,431.7
ch2_ohr_ncp_20251009T1006356898_d_img_d18_x11520_y56960.png,0.284,236.61,241.41,246.76,258.39
ch2_ohr_ncp_20251009T1006356898_d_img_d18_x11520_y56960.png,0.2702,435.33,511.33,444.64,523.51
ch2_ohr_ncp_20251009T1006356898_d_img_d18_x11520_y56960.png,0.2569,245.76,512.12,250.85,518.66
ch2_ohr_ncp_20251009T1006356898_d_img_d18_x11520_y56960.png,0.253,341.56,337.8,352.55,352.14
ch2_ohr_ncp_20251009T1006356898_d_img_d18_x11520_y56960.png,0.2443,459.85,40.69,466.83,49.75
ch2_ohr_ncp_20251009T1006356898_d_img_d18_x11520_y56960.png,0.2425,60.39,303.77,66.05,310.02
ch2_ohr_ncp_20251009T1006356898_d_img_d18_x11520_y56960.png,0.2421,312.24,17.82,321.95,29.17
ch2_ohr_ncp_20251009T1006356898_d_img_d18_x11520_y56960.png,0.241,203.46,89.59,209.01,95.1
ch2_ohr_ncp_20251009T1006356898_d_img_d18_x11520_y56960.png,0.2405,234.98,241.63,244.93,259.29
ch2_ohr_ncp_20251009T1006356898_d_img_d18_x11520_y56960.png,0.2374,256.36,216.42,263.59,223.81
ch2_ohr_ncp_20251009T1006356898_d_img_d18_x11520_y56960.png,0.2359,85.14,395.91,97.61,413.02
ch2_ohr_ncp_20251009T1006356898_d_img_d18_x11520_y56960.png,0.2357,179.0,213.37,187.09,225.18
ch2_ohr_ncp_20251009T1006356898_d_img_d18_x11520_y56960.png,0.2357,243.57,583.76,251.1,594.15
ch2_ohr_ncp_20251009T1006356898_d_img_d18_x11520_y56960.png,0.2349,68.88,633.31,75.89,639.27
ch2_ohr_ncp_20251009T1006356898_d_img_d18_x11520_y56960.png,0.2322,122.09,313.5,136.28,336.23
ch2_ohr_ncp_20251009T1006356898_d_img_d18_x11520_y56960.png,0.2293,29.2,393.07,41.19,405.81
ch2_ohr_ncp_20251009T1006356898_d_img_d18_x11520_y56960.png,0.224,449.2,8.68,455.54,16.48
ch2_ohr_ncp_20251009T1006356898_d_img_d18_x11520_y56960.png,0.2201,154.1,122.69,173.21,148.79
ch2_ohr_ncp_20251009T1006356898_d_img_d18_x11520_y56960.png,0.2175,339.43,295.68,349.14,304.63
ch2_ohr_ncp_20251009T1006356898_d_img_d18_x11520_y56960.png,0.2135,42.64,393.58,63.72,422.47
ch2_ohr_ncp_20251009T1006356898_d_img_d18_x11520_y56960.png,0.213,54.93,143.24,63.73,158.83
ch2_ohr_ncp_20251009T1006356898_d_img_d18_x11520_y56960.png,0.2111,425.52,322.62,432.99,333.86
ch2_ohr_ncp_20251009T1006356898_d_img_d18_x11520_y56960.png,0.2059,417.46,297.49,423.39,308.48
ch2_ohr_ncp_20251009T1006356898_d_img_d18_x11520_y56960.png,0.2048,15.22,531.02,25.43,545.68
ch2_ohr_ncp_20251009T1006356898_d_img_d18_x11520_y56960.png,0.2026,435.31,170.74,440.08,176.64
ch2_ohr_ncp_20251009T1006356898_d_img_d18_x11520_y56960.png,0.2023,454.25,0.0,479.08,21.32
ch2_ohr_ncp_20251009T1006356898_d_img_d18_x11520_y57600.png,0.3782,304.3,74.14,347.16,121.74
ch2_ohr_ncp_20251009T1006356898_d_img_d18_x11520_y57600.png,0.3268,350.37,37.03,369.7,67.86
ch2_ohr_ncp_20251009T1006356898_d_img_d18_x11520_y58240.png,0.6391,101.1,254.67,115.23,279.47
ch2_ohr_ncp_20251009T1006356898_d_img_d18_x11520_y58240.png,0.5605,147.1,223.54,174.56,278.1
ch2_ohr_ncp_20251009T1006356898_d_img_d18_x11520_y58240.png,0.5342,178.68,412.2,194.0,435.93
ch2_ohr_ncp_20251009T1006356898_d_img_d18_x11520_y58240.png,0.5254,208.27,157.56,217.6,173.49
ch2_ohr_ncp_20251009T1006356898_d_img_d18_x11520_y58240.png,0.489,4.42,259.56,21.12,290.68
ch2_ohr_ncp_20251009T1006356898_d_img_d18_x11520_y58240.png,0.4553,110.26,365.35,126.09,391.96
ch2_ohr_ncp_20251009T1006356898_d_img_d18_x11520_y58240.png,0.4438,0.19,379.27,16.45,410.4
ch2_ohr_ncp_20251009T1006356898_d_img_d18_x11520_y58240.png,0.4244,390.85,155.41,401.85,175.39
ch2_ohr_ncp_20251009T1006356898_d_img_d18_x11520_y58240.png,0.4186,334.15,478.03,344.95,492.74
ch2_ohr_ncp_20251009T1006356898_d_img_d18_x11520_y58240.png,0.3998,241.23,188.91,247.27,199.06
ch2_ohr_ncp_20251009T1006356898_d_img_d18_x11520_y58240.png,0.3809,213.48,294.1,224.72,311.4
ch2_ohr_ncp_20251009T1006356898_d_img_d18_x11520_y58240.png,0.3635,256.0,327.66,268.12,341.97
ch2_ohr_ncp_20251009T1006356898_d_img_d18_x11520_y58240.png,0.3515,448.73,614.54,462.35,635.03
ch2_ohr_ncp_20251009T1006356898_d_img_d18_x11520_y58240.png,0.3278,43.25,281.59,49.54,289.64
ch2_ohr_ncp_20251009T1006356898_d_img_d18_x11520_y58240.png,0.325,434.31,623.8,440.54,630.56
ch2_ohr_ncp_20251009T1006356898_d_img_d18_x11520_y58240.png,0.3235,193.32,613.12,199.36,620.88
ch2_ohr_ncp_20251009T1006356898_d_img_d18_x11520_y58240.png,0.3189,81.59,332.52,90.86,349.45
ch2_ohr_ncp_20251009T1006356898_d_img_d18_x11520_y58240.png,0.2869,408.54,625.77,413.78,631.22
ch2_ohr_ncp_20251009T1006356898_d_img_d18_x11520_y58240.png,0.2807,26.97,540.18,31.86,545.47
ch2_ohr_ncp_20251009T1006356898_d_img_d18_x11520_y58240.png,0.2796,256.99,301.48,263.26,310.15
ch2_ohr_ncp_20251009T1006356898_d_img_d18_x11520_y58240.png,0.2788,412.94,398.47,419.65,408.61
ch2_ohr_ncp_20251009T1006356898_d_img_d18_x11520_y58240.png,0.2783,90.16,232.56,98.98,243.6
ch2_ohr_ncp_20251009T1006356898_d_img_d18_x11520_y58240.png,0.2761,27.0,586.77,35.97,599.25
ch2_ohr_ncp_20251009T1006356898_d_img_d18_x11520_y58240.png,0.2741,189.16,623.19,200.66,635.51
ch2_ohr_ncp_20251009T1006356898_d_img_d18_x11520_y58240.png,0.2667,57.41,487.56,64.22,495.08
ch2_ohr_ncp_20251009T1006356898_d_img_d18_x11520_y58240.png,0.2659,454.76,0.0,480.79,27.05
ch2_ohr_ncp_20251009T1006356898_d_img_d18_x11520_y58240.png,0.2611,358.59,499.26,365.5,510.34
ch2_ohr_ncp_20251009T1006356898_d_img_d18_x11520_y58240.png,0.2526,0.39,608.62,24.23,636.67
ch2_ohr_ncp_20251009T1006356898_d_img_d18_x11520_y58240.png,0.2491,188.23,537.69,194.26,544.48
ch2_ohr_ncp_20251009T1006356898_d_img_d18_x11520_y58240.png,0.2484,148.49,224.71,171.74,266.87
ch2_ohr_ncp_20251009T1006356898_d_img_d18_x11520_y58240.png,0.2423,294.74,427.3,305.8,439.45
ch2_ohr_ncp_20251009T1006356898_d_img_d18_x11520_y58240.png,0.2368,39.6,54.62,48.21,70.41
ch2_ohr_ncp_20251009T1006356898_d_img_d18_x11520_y58240.png,0.2339,181.23,247.3,202.92,270.07
ch2_ohr_ncp_20251009T1006356898_d_img_d18_x11520_y58240.png,0.2248,376.49,329.55,383.06,337.47
ch2_ohr_ncp_20251009T1006356898_d_img_d18_x11520_y58240.png,0.2228,41.49,131.93,50.09,146.05
ch2_ohr_ncp_20251009T1006356898_d_img_d18_x11520_y58240.png,0.2215,93.47,335.92,103.65,349.36
ch2_ohr_ncp_20251009T1006356898_d_img_d18_x11520_y58240.png,0.2198,152.35,403.85,158.28,410.83
ch2_ohr_ncp_20251009T1006356898_d_img_d18_x11520_y58240.png,0.2188,205.82,309.85,215.28,324.34
ch2_ohr_ncp_20251009T1006356898_d_img_d18_x11520_y58240.png,0.217,114.4,416.86,120.99,424.13
ch2_ohr_ncp_20251009T1006356898_d_img_d18_x11520_y58240.png,0.2128,184.93,366.8,192.27,375.91
ch2_ohr_ncp_20251009T1006356898_d_img_d18_x11520_y58240.png,0.2009,273.09,406.52,282.02,416.5
ch2_ohr_ncp_20251009T1006356898_d_img_d18_x11520_y58880.png,0.3825,11.59,620.02,18.51,629.36
ch2_ohr_ncp_20251009T1006356898_d_img_d18_x11520_y58880.png,0.3582,274.25,310.98,281.91,320.23
ch2_ohr_ncp_20251009T1006356898_d_img_d18_x11520_y58880.png,0.3545,28.8,367.74,34.57,374.07
ch2_ohr_ncp_20251009T1006356898_d_img_d18_x11520_y58880.png,0.3466,292.06,425.04,306.42,452.49
ch2_ohr_ncp_20251009T1006356898_d_img_d18_x11520_y58880.png,0.3449,425.78,213.71,440.5,231.49
ch2_ohr_ncp_20251009T1006356898_d_img_d18_x11520_y58880.png,0.3228,252.13,209.54,262.44,223.58
ch2_ohr_ncp_20251009T1006356898_d_img_d18_x11520_y58880.png,0.3138,455.44,187.85,465.44,203.31
ch2_ohr_ncp_20251009T1006356898_d_img_d18_x11520_y58880.png,0.3086,121.67,326.33,127.35,332.94
ch2_ohr_ncp_20251009T1006356898_d_img_d18_x11520_y58880.png,0.2852,0.33,254.78,9.32,267.79
ch2_ohr_ncp_20251009T1006356898_d_img_d18_x11520_y58880.png,0.2706,113.94,525.12,118.88,532.01
ch2_ohr_ncp_20251009T1006356898_d_img_d18_x11520_y58880.png,0.2676,0.36,547.55,6.06,565.54
ch2_ohr_ncp_20251009T1006356898_d_img_d18_x11520_y58880.png,0.2653,93.07,474.2,105.47,494.61
ch2_ohr_ncp_20251009T1006356898_d_img_d18_x11520_y58880.png,0.2642,225.13,584.43,235.33,600.04
ch2_ohr_ncp_20251009T1006356898_d_img_d18_x11520_y58880.png,0.2641,244.94,60.95,251.8,70.27
ch2_ohr_ncp_20251009T1006356898_d_img_d18_x11520_y58880.png,0.2483,109.43,408.42,119.27,421.84
ch2_ohr_ncp_20251009T1006356898_d_img_d18_x11520_y58880.png,0.2391,396.91,194.01,402.73,199.81
ch2_ohr_ncp_20251009T1006356898_d_img_d18_x11520_y58880.png,0.2323,143.66,438.93,152.01,448.27
ch2_ohr_ncp_20251009T1006356898_d_img_d18_x11520_y58880.png,0.2242,264.07,324.28,270.21,333.64
ch2_ohr_ncp_20251009T1006356898_d_img_d18_x11520_y58880.png,0.2157,244.22,196.41,251.31,204.8
ch2_ohr_ncp_20251009T1006356898_d_img_d18_x11520_y58880.png,0.2138,306.7,125.59,311.85,132.54
ch2_ohr_ncp_20251009T1006356898_d_img_d18_x11520_y58880.png,0.2128,409.26,201.63,417.43,212.56
ch2_ohr_ncp_20251009T1006356898_d_img_d18_x11520_y58880.png,0.2091,119.29,301.96,127.73,310.09
ch2_ohr_ncp_20251009T1006356898_d_img_d18_x11520_y58880.png,0.209,162.12,54.34,174.68,70.42
ch2_ohr_ncp_20251009T1006356898_d_img_d18_x11520_y58880.png,0.2008,267.12,163.48,273.87,174.49
ch2_ohr_ncp_20251009T1006356898_d_img_d18_x11520_y58880.png,0.2007,44.96,36.67,56.47,52.72
ch2_ohr_ncp_20251009T1006356898_d_img_d18_x11520_y59520.png,0.3088,363.31,185.63,372.88,199.4
ch2_ohr_ncp_20251009T1006356898_d_img_d18_x11520_y59520.png,0.2909,40.93,47.55,54.56,70.14
ch2_ohr_ncp_20251009T1006356898_d_img_d18_x11520_y59520.png,0.2873,186.63,243.09,204.14,277.39
ch2_ohr_ncp_20251009T1006356898_d_img_d18_x11520_y59520.png,0.2318,284.72,173.02,296.88,190.24
ch2_ohr_ncp_20251009T1006356898_d_img_d18_x11520_y59520.png,0.2039,374.46,193.37,401.45,237.56
ch2_ohr_ncp_20251009T1006356898_d_img_d18_x11520_y59520.png,0.2006,280.62,445.72,286.78,452.56
ch2_ohr_ncp_20251009T1006356898_d_img_d18_x11520_y60160.png,0.2852,289.09,597.51,324.26,640.0
ch2_ohr_ncp_20251009T1006356898_d_img_d18_x11520_y60160.png,0.2841,239.56,369.73,251.78,391.41
ch2_ohr_ncp_20251009T1006356898_d_img_d18_x11520_y60160.png,0.209,123.66,620.1,130.47,632.65
ch2_ohr_ncp_20251009T1006356898_d_img_d18_x11520_y60800.png,0.5355,461.5,616.34,479.6,639.51
ch2_ohr_ncp_20251009T1006356898_d_img_d18_x11520_y60800.png,0.4881,314.75,72.03,324.01,83.65
ch2_ohr_ncp_20251009T1006356898_d_img_d18_x11520_y60800.png,0.4699,63.02,188.25,72.91,201.32
ch2_ohr_ncp_20251009T1006356898_d_img_d18_x11520_y60800.png,0.4516,79.68,126.46,88.69,142.56
ch2_ohr_ncp_20251009T1006356898_d_img_d18_x11520_y60800.png,0.4267,159.86,442.39,183.01,476.69
ch2_ohr_ncp_20251009T1006356898_d_img_d18_x11520_y60800.png,0.4018,124.38,503.91,132.67,513.71
ch2_ohr_ncp_20251009T1006356898_d_img_d18_x11520_y60800.png,0.4009,444.58,110.8,451.17,117.93
ch2_ohr_ncp_20251009T1006356898_d_img_d18_x11520_y60800.png,0.3696,160.85,196.84,174.77,215.03
ch2_ohr_ncp_20251009T1006356898_d_img_d18_x11520_y60800.png,0.3366,146.27,503.64,151.88,510.15
ch2_ohr_ncp_20251009T1006356898_d_img_d18_x11520_y60800.png,0.3227,342.5,139.4,351.15,153.11
ch2_ohr_ncp_20251009T1006356898_d_img_d18_x11520_y60800.png,0.3087,291.2,0.0,320.75,13.5
ch2_ohr_ncp_20251009T1006356898_d_img_d18_x11520_y60800.png,0.306,143.87,180.13,150.69,189.71
ch2_ohr_ncp_20251009T1006356898_d_img_d18_x11520_y60800.png,0.3006,180.58,141.74,186.63,149.04
ch2_ohr_ncp_20251009T1006356898_d_img_d18_x11520_y60800.png,0.2882,80.46,52.1,85.16,59.31
ch2_ohr_ncp_20251009T1006356898_d_img_d18_x11520_y60800.png,0.2875,468.03,101.62,474.14,110.15
ch2_ohr_ncp_20251009T1006356898_d_img_d18_x11520_y60800.png,0.2778,122.26,186.4,129.88,194.99
ch2_ohr_ncp_20251009T1006356898_d_img_d18_x11520_y60800.png,0.2773,333.09,43.64,343.89,58.82
ch2_ohr_ncp_20251009T1006356898_d_img_d18_x11520_y60800.png,0.2752,106.85,79.93,112.09,86.56
ch2_ohr_ncp_20251009T1006356898_d_img_d18_x11520_y60800.png,0.2673,84.53,535.84,94.72,547.77
ch2_ohr_ncp_20251009T1006356898_d_img_d18_x11520_y60800.png,0.2657,284.82,234.13,292.63,243.56
ch2_ohr_ncp_20251009T1006356898_d_img_d18_x11520_y60800.png,0.2623,146.21,47.56,153.41,61.27
ch2_ohr_ncp_20251009T1006356898_d_img_d18_x11520_y60800.png,0.262,351.7,232.35,358.11,240.31
ch2_ohr_ncp_20251009T1006356898_d_img_d18_x11520_y60800.png,0.2519,189.06,393.84,202.92,414.86
ch2_ohr_ncp_20251009T1006356898_d_img_d18_x11520_y60800.png,0.2503,96.33,126.48,101.65,134.92
ch2_ohr_ncp_20251009T1006356898_d_img_d18_x11520_y60800.png,0.2433,141.55,525.57,146.58,530.99
ch2_ohr_ncp_20251009T1006356898_d_img_d18_x11520_y60800.png,0.2399,46.64,204.97,54.32,213.37
ch2_ohr_ncp_20251009T1006356898_d_img_d18_x11520_y60800.png,0.2311,448.88,72.99,454.91,81.2
ch2_ohr_ncp_20251009T1006356898_d_img_d18_x11520_y60800.png,0.2267,299.82,101.96,304.81,107.58
ch2_ohr_ncp_20251009T1006356898_d_img_d18_x11520_y60800.png,0.2222,443.13,554.85,451.71,566.32
ch2_ohr_ncp_20251009T1006356898_d_img_d18_x11520_y60800.png,0.2141,325.53,0.19,343.58,13.44
ch2_ohr_ncp_20251009T1006356898_d_img_d18_x11520_y60800.png,0.2085,363.4,80.62,368.41,86.36
ch2_ohr_ncp_20251009T1006356898_d_img_d18_x11520_y60800.png,0.2039,382.27,233.37,390.21,242.77
ch2_ohr_ncp_20251009T1006356898_d_img_d18_x11520_y60800.png,0.201,127.51,326.02,135.52,336.28
ch2_ohr_ncp_20251009T1006356898_d_img_d18_x11520_y60800.png,0.2008,130.55,357.13,146.14,385.15
ch2_ohr_ncp_20251009T1006356898_d_img_d18_x11520_y61440.png,0.6184,229.97,416.22,252.52,451.93
ch2_ohr_ncp_20251009T1006356898_d_img_d18_x11520_y61440.png,0.587,100.19,36.62,118.76,68.59
ch2_ohr_ncp_20251009T1006356898_d_img_d18_x11520_y61440.png,0.4513,142.5,591.23,152.85,604.82
ch2_ohr_ncp_20251009T1006356898_d_img_d18_x11520_y61440.png,0.4499,168.1,587.15,176.98,596.87
ch2_ohr_ncp_20251009T1006356898_d_img_d18_x11520_y61440.png,0.4421,140.91,523.21,148.42,530.97
ch2_ohr_ncp_20251009T1006356898_d_img_d18_x11520_y61440.png,0.4341,173.94,558.11,184.18,571.21
ch2_ohr_ncp_20251009T1006356898_d_img_d18_x11520_y61440.png,0.4216,160.7,155.35,174.82,177.01
ch2_ohr_ncp_20251009T1006356898_d_img_d18_x11520_y61440.png,0.4184,308.6,510.69,321.67,538.22
ch2_ohr_ncp_20251009T1006356898_d_img_d18_x11520_y61440.png,0.3969,81.34,224.3,88.84,236.5
ch2_ohr_ncp_20251009T1006356898_d_img_d18_x11520_y61440.png,0.3868,145.7,179.23,153.57,190.09
ch2_ohr_ncp_20251009T1006356898_d_img_d18_x11520_y61440.png,0.3836,176.84,187.32,186.3,196.67
ch2_ohr_ncp_20251009T1006356898_d_img_d18_x11520_y61440.png,0.3751,290.05,454.75,304.0,479.92
ch2_ohr_ncp_20251009T1006356898_d_img_d18_x11520_y61440.png,0.3388,206.94,535.66,218.59,550.75
ch2_ohr_ncp_20251009T1006356898_d_img_d18_x11520_y61440.png,0.3143,275.36,368.62,282.53,376.94
ch2_ohr_ncp_20251009T1006356898_d_img_d18_x11520_y61440.png,0.3016,401.31,111.98,410.97,127.02
ch2_ohr_ncp_20251009T1006356898_d_img_d18_x11520_y61440.png,0.3,57.32,623.67,64.49,631.43
ch2_ohr_ncp_20251009T1006356898_d_img_d18_x11520_y61440.png,0.2786,97.75,622.38,108.47,635.68
ch2_ohr_ncp_20251009T1006356898_d_img_d18_x11520_y61440.png,0.2773,88.54,171.94,96.94,185.41
ch2_ohr_ncp_20251009T1006356898_d_img_d18_x11520_y61440.png,0.2747,180.2,501.1,186.73,508.65
ch2_ohr_ncp_20251009T1006356898_d_img_d18_x11520_y61440.png,0.2689,316.8,479.35,324.06,486.71
ch2_ohr_ncp_20251009T1006356898_d_img_d18_x11520_y61440.png,0.254,389.12,557.79,394.66,563.98
ch2_ohr_ncp_20251009T1006356898_d_img_d18_x11520_y61440.png,0.2433,208.04,533.67,221.43,550.91
ch2_ohr_ncp_20251009T1006356898_d_img_d18_x11520_y61440.png,0.2415,328.22,512.77,338.17,531.9
ch2_ohr_ncp_20251009T1006356898_d_img_d18_x11520_y61440.png,0.2411,291.01,453.87,306.8,477.36
ch2_ohr_ncp_20251009T1006356898_d_img_d18_x11520_y61440.png,0.2407,284.57,484.2,297.74,503.16
ch2_ohr_ncp_20251009T1006356898_d_img_d18_x11520_y61440.png,0.2357,337.13,336.01,343.8,343.85
ch2_ohr_ncp_20251009T1006356898_d_img_d18_x11520_y61440.png,0.2175,389.2,205.83,397.01,217.01
ch2_ohr_ncp_20251009T1006356898_d_img_d18_x11520_y61440.png,0.2167,123.23,195.74,128.88,201.5
ch2_ohr_ncp_20251009T1006356898_d_img_d18_x11520_y61440.png,0.2153,384.99,587.76,393.53,598.79
ch2_ohr_ncp_20251009T1006356898_d_img_d18_x11520_y61440.png,0.2146,427.48,0.0,448.6,9.32
ch2_ohr_ncp_20251009T1006356898_d_img_d18_x11520_y61440.png,0.2099,250.69,100.43,284.53,145.69
ch2_ohr_ncp_20251009T1006356898_d_img_d18_x11520_y61440.png,0.2095,432.77,307.17,440.51,315.27
ch2_ohr_ncp_20251009T1006356898_d_img_d18_x11520_y61440.png,0.2091,363.04,168.38,371.47,180.15
ch2_ohr_ncp_20251009T1006356898_d_img_d18_x11520_y61440.png,0.2077,232.25,116.49,240.23,128.06
ch2_ohr_ncp_20251009T1006356898_d_img_d18_x11520_y61440.png,0.2066,468.79,627.96,478.29,638.93
ch2_ohr_ncp_20251009T1006356898_d_img_d18_x11520_y61440.png,0.2042,275.89,101.74,289.0,117.37
ch2_ohr_ncp_20251009T1006356898_d_img_d18_x11520_y62080.png,0.379,45.3,428.76,57.83,447.39
ch2_ohr_ncp_20251009T1006356898_d_img_d18_x11520_y62080.png,0.3705,445.9,582.85,458.41,601.21
ch2_ohr_ncp_20251009T1006356898_d_img_d18_x11520_y62080.png,0.3495,222.42,496.15,230.82,505.75
ch2_ohr_ncp_20251009T1006356898_d_img_d18_x11520_y62080.png,0.3439,86.15,560.44,102.47,589.35
ch2_ohr_ncp_20251009T1006356898_d_img_d18_x11520_y62080.png,0.3436,289.71,117.73,297.44,127.66
ch2_ohr_ncp_20251009T1006356898_d_img_d18_x11520_y62080.png,0.3291,87.75,562.01,105.51,587.53
ch2_ohr_ncp_20251009T1006356898_d_img_d18_x11520_y62080.png,0.3095,239.24,461.65,246.62,469.53
ch2_ohr_ncp_20251009T1006356898_d_img_d18_x11520_y62080.png,0.3086,30.85,99.1,41.42,110.94
ch2_ohr_ncp_20251009T1006356898_d_img_d18_x11520_y62080.png,0.261,444.72,409.07,484.52,492.01
ch2_ohr_ncp_20251009T1006356898_d_img_d18_x11520_y62080.png,0.2422,184.47,556.31,193.16,568.03
ch2_ohr_ncp_20251009T1006356898_d_img_d18_x11520_y62080.png,0.233,185.39,495.7,191.61,502.59
ch2_ohr_ncp_20251009T1006356898_d_img_d18_x11520_y62080.png,0.2284,236.32,536.54,247.75,554.17
ch2_ohr_ncp_20251009T1006356898_d_img_d18_x11520_y62080.png,0.2275,281.17,253.74,287.65,260.96
ch2_ohr_ncp_20251009T1006356898_d_img_d18_x11520_y62080.png,0.2233,236.57,534.59,250.54,552.96
ch2_ohr_ncp_20251009T1006356898_d_img_d18_x11520_y62080.png,0.2218,271.55,142.86,283.28,161.1
ch2_ohr_ncp_20251009T1006356898_d_img_d18_x11520_y62080.png,0.2103,211.03,196.86,218.19,207.63
ch2_ohr_ncp_20251009T1006356898_d_img_d18_x11520_y62080.png,0.2058,67.94,546.88,73.65,555.09
ch2_ohr_ncp_20251009T1006356898_d_img_d18_x11520_y62720.png,0.3824,367.3,625.95,378.87,639.46
ch2_ohr_ncp_20251009T1006356898_d_img_d18_x11520_y62720.png,0.3081,310.66,151.2,319.84,164.8
ch2_ohr_ncp_20251009T1006356898_d_img_d18_x11520_y62720.png,0.2836,433.62,40.23,450.39,60.35
ch2_ohr_ncp_20251009T1006356898_d_img_d18_x11520_y63360.png,0.4485,221.99,453.27,233.84,468.32
ch2_ohr_ncp_20251009T1006356898_d_img_d18_x11520_y63360.png,0.3623,362.73,607.44,369.55,614.7
ch2_ohr_ncp_20251009T1006356898_d_img_d18_x11520_y63360.png,0.3288,307.29,417.58,315.72,426.87
ch2_ohr_ncp_20251009T1006356898_d_img_d18_x11520_y63360.png,0.3189,310.66,205.52,318.97,219.53
ch2_ohr_ncp_20251009T1006356898_d_img_d18_x11520_y63360.png,0.3139,2.6,475.67,9.56,485.26
ch2_ohr_ncp_20251009T1006356898_d_img_d18_x11520_y63360.png,0.271,197.58,539.84,207.95,556.38
ch2_ohr_ncp_20251009T1006356898_d_img_d18_x11520_y63360.png,0.2392,121.95,432.92,127.0,438.88
ch2_ohr_ncp_20251009T1006356898_d_img_d18_x11520_y63360.png,0.2294,244.13,509.32,251.63,517.96
ch2_ohr_ncp_20251009T1006356898_d_img_d18_x11520_y63360.png,0.2262,275.85,276.67,296.38,301.27
ch2_ohr_ncp_20251009T1006356898_d_img_d18_x11520_y63360.png,0.2228,131.39,431.71,153.27,459.43
ch2_ohr_ncp_20251009T1006356898_d_img_d18_x11520_y63360.png,0.2036,2.72,591.53,12.54,606.46
ch2_ohr_ncp_20251009T1006356898_d_img_d18_x11520_y64000.png,0.463,205.89,357.15,220.72,374.45
ch2_ohr_ncp_20251009T1006356898_d_img_d18_x11520_y64000.png,0.2955,376.56,241.11,388.77,258.83
ch2_ohr_ncp_20251009T1006356898_d_img_d18_x11520_y64000.png,0.2211,314.33,403.96,325.29,417.07
ch2_ohr_ncp_20251009T1006356898_d_img_d18_x11520_y64000.png,0.2189,98.28,179.47,107.37,192.69
ch2_ohr_ncp_20251009T1006356898_d_img_d18_x11520_y64000.png,0.2142,350.11,253.8,365.58,277.37
ch2_ohr_ncp_20251009T1006356898_d_img_d18_x11520_y64000.png,0.2036,6.4,412.98,16.73,429.33
ch2_ohr_ncp_20251009T1006356898_d_img_d18_x11520_y64000.png,0.2033,23.81,618.51,32.79,628.67
ch2_ohr_ncp_20251009T1006356898_d_img_d18_x11520_y64640.png,0.4084,325.53,620.89,336.09,636.56
ch2_ohr_ncp_20251009T1006356898_d_img_d18_x11520_y64640.png,0.3808,220.36,519.62,233.58,536.26
ch2_ohr_ncp_20251009T1006356898_d_img_d18_x11520_y64640.png,0.322,447.35,181.83,460.3,199.11
ch2_ohr_ncp_20251009T1006356898_d_img_d18_x11520_y64640.png,0.3094,256.53,241.12,265.34,251.81
ch2_ohr_ncp_20251009T1006356898_d_img_d18_x11520_y64640.png,0.2977,29.07,524.43,37.78,537.72
ch2_ohr_ncp_20251009T1006356898_d_img_d18_x11520_y64640.png,0.2772,275.34,606.66,288.27,624.37
ch2_ohr_ncp_20251009T1006356898_d_img_d18_x11520_y64640.png,0.2465,351.36,287.75,360.32,298.34
ch2_ohr_ncp_20251009T1006356898_d_img_d18_x11520_y64640.png,0.2376,222.34,320.13,235.12,341.22
ch2_ohr_ncp_20251009T1006356898_d_img_d18_x11520_y64640.png,0.2268,447.94,628.44,453.44,636.73
ch2_ohr_ncp_20251009T1006356898_d_img_d18_x11520_y64640.png,0.2239,307.46,304.39,316.11,317.87
ch2_ohr_ncp_20251009T1006356898_d_img_d18_x11520_y64640.png,0.2041,469.57,269.94,478.23,280.44
ch2_ohr_ncp_20251009T1006356898_d_img_d18_x11520_y65280.png,0.3194,270.46,390.93,285.67,417.41
ch2_ohr_ncp_20251009T1006356898_d_img_d18_x11520_y65280.png,0.2765,472.55,238.57,479.71,248.97
ch2_ohr_ncp_20251009T1006356898_d_img_d18_x11520_y65280.png,0.2635,363.52,216.99,368.72,223.03
ch2_ohr_ncp_20251009T1006356898_d_img_d18_x11520_y65280.png,0.2542,433.71,532.67,440.37,542.91
ch2_ohr_ncp_20251009T1006356898_d_img_d18_x11520_y65280.png,0.2095,96.62,112.65,103.9,121.39
ch2_ohr_ncp_20251009T1006356898_d_img_d18_x11520_y65920.png,0.4871,228.13,440.4,243.54,467.41
ch2_ohr_ncp_20251009T1006356898_d_img_d18_x11520_y65920.png,0.4664,342.67,576.08,350.94,585.28
ch2_ohr_ncp_20251009T1006356898_d_img_d18_x11520_y65920.png,0.4485,341.73,136.94,351.63,149.61
ch2_ohr_ncp_20251009T1006356898_d_img_d18_x11520_y65920.png,0.406,289.37,15.62,298.05,23.8
ch2_ohr_ncp_20251009T1006356898_d_img_d18_x11520_y65920.png,0.3634,329.98,585.5,339.04,598.3
ch2_ohr_ncp_20251009T1006356898_d_img_d18_x11520_y65920.png,0.3436,329.67,583.59,341.04,599.73
ch2_ohr_ncp_20251009T1006356898_d_img_d18_x11520_y65920.png,0.306,458.27,0.28,479.36,30.24
ch2_ohr_ncp_20251009T1006356898_d_img_d18_x11520_y65920.png,0.2964,364.21,6.33,371.91,16.77
ch2_ohr_ncp_20251009T1006356898_d_img_d18_x11520_y65920.png,0.2949,207.81,591.34,217.47,604.61
ch2_ohr_ncp_20251009T1006356898_d_img_d18_x11520_y65920.png,0.2914,295.11,123.79,304.46,139.73
ch2_ohr_ncp_20251009T1006356898_d_img_d18_x11520_y65920.png,0.2781,95.75,583.1,104.64,597.45
ch2_ohr_ncp_20251009T1006356898_d_img_d18_x11520_y65920.png,0.2768,277.64,24.91,285.11,34.93
ch2_ohr_ncp_20251009T1006356898_d_img_d18_x11520_y65920.png,0.2675,67.22,203.19,73.27,211.34
ch2_ohr_ncp_20251009T1006356898_d_img_d18_x11520_y65920.png,0.2605,391.49,0.0,408.05,7.42
ch2_ohr_ncp_20251009T1006356898_d_img_d18_x11520_y65920.png,0.2587,367.9,613.45,375.28,620.57
ch2_ohr_ncp_20251009T1006356898_d_img_d18_x11520_y65920.png,0.2397,293.09,253.52,298.06,259.92
ch2_ohr_ncp_20251009T1006356898_d_img_d18_x11520_y65920.png,0.2353,346.66,7.94,353.7,17.6
ch2_ohr_ncp_20251009T1006356898_d_img_d18_x11520_y65920.png,0.2209,284.8,430.8,290.89,437.9
ch2_ohr_ncp_20251009T1006356898_d_img_d18_x11520_y65920.png,0.2082,0.0,54.8,12.16,85.63
ch2_ohr_ncp_20251009T1006356898_d_img_d18_x11520_y66560.png,0.3828,380.63,98.63,387.08,105.09
ch2_ohr_ncp_20251009T1006356898_d_img_d18_x11520_y66560.png,0.3623,362.38,464.42,375.78,481.9
ch2_ohr_ncp_20251009T1006356898_d_img_d18_x11520_y66560.png,0.2867,405.13,59.42,415.54,76.78
ch2_ohr_ncp_20251009T1006356898_d_img_d18_x11520_y66560.png,0.23,266.49,397.1,283.69,427.83
ch2_ohr_ncp_20251009T1006356898_d_img_d18_x11520_y67200.png,0.4063,238.75,526.65,247.66,539.78
ch2_ohr_ncp_20251009T1006356898_d_img_d18_x11520_y67200.png,0.3502,329.2,268.2,338.34,281.69
ch2_ohr_ncp_20251009T1006356898_d_img_d18_x11520_y67200.png,0.2967,434.34,258.78,445.1,271.16
ch2_ohr_ncp_20251009T1006356898_d_img_d18_x11520_y67200.png,0.2724,396.93,432.42,409.75,447.2
ch2_ohr_ncp_20251009T1006356898_d_img_d18_x11520_y67200.png,0.2491,61.17,41.81,67.88,50.04
ch2_ohr_ncp_20251009T1006356898_d_img_d18_x11520_y67200.png,0.2408,10.12,378.04,22.54,394.64
ch2_ohr_ncp_20251009T1006356898_d_img_d18_x11520_y67200.png,0.2384,375.23,127.0,381.7,135.06
ch2_ohr_ncp_20251009T1006356898_d_img_d18_x11520_y67200.png,0.2384,467.15,259.07,473.4,266.76
ch2_ohr_ncp_20251009T1006356898_d_img_d18_x11520_y67200.png,0.2224,61.29,40.41,68.8,48.99
ch2_ohr_ncp_20251009T1006356898_d_img_d18_x11520_y67200.png,0.2194,6.98,376.07,21.74,396.54
ch2_ohr_ncp_20251009T1006356898_d_img_d18_x11520_y67200.png,0.2112,305.4,215.45,318.8,235.14
ch2_ohr_ncp_20251009T1006356898_d_img_d18_x11520_y67840.png,0.5259,84.47,356.29,110.29,390.51
ch2_ohr_ncp_20251009T1006356898_d_img_d18_x11520_y67840.png,0.4854,238.44,72.75,253.61,89.53
ch2_ohr_ncp_20251009T1006356898_d_img_d18_x11520_y67840.png,0.4832,148.83,397.18,168.42,433.11
ch2_ohr_ncp_20251009T1006356898_d_img_d18_x11520_y67840.png,0.4593,186.49,528.68,196.44,541.16
ch2_ohr_ncp_20251009T1006356898_d_img_d18_x11520_y67840.png,0.4312,220.88,146.77,229.42,156.57
ch2_ohr_ncp_20251009T1006356898_d_img_d18_x11520_y67840.png,0.4262,66.72,565.73,99.1,616.25
ch2_ohr_ncp_20251009T1006356898_d_img_d18_x11520_y67840.png,0.4035,67.5,60.7,79.33,83.86
ch2_ohr_ncp_20251009T1006356898_d_img_d18_x11520_y67840.png,0.3975,465.03,403.54,474.19,417.4
ch2_ohr_ncp_20251009T1006356898_d_img_d18_x11520_y67840.png,0.3894,436.15,5.91,448.89,21.92
ch2_ohr_ncp_20251009T1006356898_d_img_d18_x11520_y67840.png,0.3848,399.28,630.01,407.77,639.05
ch2_ohr_ncp_20251009T1006356898_d_img_d18_x11520_y67840.png,0.3658,401.39,410.75,408.52,418.66
ch2_ohr_ncp_20251009T1006356898_d_img_d18_x11520_y67840.png,0.3465,296.43,25.76,304.02,36.42
ch2_ohr_ncp_20251009T1006356898_d_img_d18_x11520_y67840.png,0.336,304.61,337.62,313.25,349.09
ch2_ohr_ncp_20251009T1006356898_d_img_d18_x11520_y67840.png,0.3052,327.02,85.88,333.96,93.72
ch2_ohr_ncp_20251009T1006356898_d_img_d18_x11520_y67840.png,0.2992,402.2,409.68,409.44,418.36
ch2_ohr_ncp_20251009T1006356898_d_img_d18_x11520_y67840.png,0.2976,150.08,528.18,157.49,536.35
ch2_ohr_ncp_20251009T1006356898_d_img_d18_x11520_y67840.png,0.2858,391.75,422.4,401.3,433.4
ch2_ohr_ncp_20251009T1006356898_d_img_d18_x11520_y67840.png,0.2807,331.69,24.41,338.55,32.45
ch2_ohr_ncp_20251009T1006356898_d_img_d18_x11520_y67840.png,0.2688,16.53,373.85,26.15,384.83
ch2_ohr_ncp_20251009T1006356898_d_img_d18_x11520_y67840.png,0.2666,89.58,57.14,102.35,78.21
ch2_ohr_ncp_20251009T1006356898_d_img_d18_x11520_y67840.png,0.2649,23.55,366.18,29.09,373.25
ch2_ohr_ncp_20251009T1006356898_d_img_d18_x11520_y67840.png,0.2551,227.3,73.1,234.97,83.12
ch2_ohr_ncp_20251009T1006356898_d_img_d18_x11520_y67840.png,0.2471,227.3,72.45,236.72,84.32
ch2_ohr_ncp_20251009T1006356898_d_img_d18_x11520_y67840.png,0.2469,453.1,2.97,476.56,26.3
ch2_ohr_ncp_20251009T1006356898_d_img_d18_x11520_y67840.png,0.2361,302.94,5.28,308.52,11.74
ch2_ohr_ncp_20251009T1006356898_d_img_d18_x11520_y67840.png,0.236,408.56,134.11,419.24,150.38
ch2_ohr_ncp_20251009T1006356898_d_img_d18_x11520_y67840.png,0.2318,473.41,507.97,479.29,520.44
ch2_ohr_ncp_20251009T1006356898_d_img_d18_x11520_y67840.png,0.2249,77.22,566.96,97.9,607.29
ch2_ohr_ncp_20251009T1006356898_d_img_d18_x11520_y67840.png,0.2217,55.98,492.59,62.05,500.58
ch2_ohr_ncp_20251009T1006356898_d_img_d18_x11520_y68480.png,0.5379,215.85,614.42,227.98,631.35
ch2_ohr_ncp_20251009T1006356898_d_img_d18_x11520_y68480.png,0.3302,132.55,598.86,142.71,611.47
ch2_ohr_ncp_20251009T1006356898_d_img_d18_x11520_y68480.png,0.3078,271.68,508.11,281.08,521.63
ch2_ohr_ncp_20251009T1006356898_d_img_d18_x11520_y68480.png,0.2697,72.53,212.89,82.01,225.23
ch2_ohr_ncp_20251009T1006356898_d_img_d18_x11520_y68480.png,0.262,206.52,356.3,228.49,387.14
ch2_ohr_ncp_20251009T1006356898_d_img_d18_x11520_y68480.png,0.2619,453.95,632.75,459.94,639.16
ch2_ohr_ncp_20251009T1006356898_d_img_d18_x11520_y68480.png,0.2469,458.41,191.74,469.23,208.7
ch2_ohr_ncp_20251009T1006356898_d_img_d18_x11520_y68480.png,0.2434,188.12,623.34,195.14,630.49
ch2_ohr_ncp_20251009T1006356898_d_img_d18_x11520_y68480.png,0.2248,263.6,589.69,272.61,601.81
ch2_ohr_ncp_20251009T1006356898_d_img_d18_x11520_y68480.png,0.2072,126.84,210.9,136.38,221.8
ch2_ohr_ncp_20251009T1006356898_d_img_d18_x11520_y68480.png,0.2065,136.5,278.42,148.34,293.27
ch2_ohr_ncp_20251009T1006356898_d_img_d18_x11520_y68480.png,0.2051,315.87,292.9,334.5,328.68
ch2_ohr_ncp_20251009T1006356898_d_img_d18_x11520_y68480.png,0.2027,320.07,240.73,329.14,253.5
ch2_ohr_ncp_20251009T1006356898_d_img_d18_x11520_y68480.png,0.2026,97.5,189.11,104.71,198.6
ch2_ohr_ncp_20251009T1006356898_d_img_d18_x11520_y69120.png,0.292,428.72,59.31,443.29,82.42
ch2_ohr_ncp_20251009T1006356898_d_img_d18_x11520_y69120.png,0.2225,112.68,476.47,121.71,489.04
ch2_ohr_ncp_20251009T1006356898_d_img_d18_x11520_y69760.png,0.2806,454.8,211.94,465.29,227.08
ch2_ohr_ncp_20251009T1006356898_d_img_d18_x11520_y69760.png,0.2678,442.71,191.81,451.62,200.4
ch2_ohr_ncp_20251009T1006356898_d_img_d18_x11520_y69760.png,0.2389,467.42,288.34,474.66,297.32
ch2_ohr_ncp_20251009T1006356898_d_img_d18_x11520_y69760.png,0.2368,324.1,199.67,338.79,221.39
ch2_ohr_ncp_20251009T1006356898_d_img_d18_x11520_y69760.png,0.2229,457.77,615.74,464.99,624.48
ch2_ohr_ncp_20251009T1006356898_d_img_d18_x11520_y69760.png,0.2088,174.48,544.02,180.34,551.02
ch2_ohr_ncp_20251009T1006356898_d_img_d18_x11520_y69760.png,0.2067,375.95,176.63,386.69,190.83
ch2_ohr_ncp_20251009T1006356898_d_img_d18_x11520_y70400.png,0.2784,471.38,274.92,478.37,287.48
ch2_ohr_ncp_20251009T1006356898_d_img_d18_x11520_y70400.png,0.2368,374.99,175.66,386.51,193.22
ch2_ohr_ncp_20251009T1006356898_d_img_d18_x11520_y70400.png,0.2286,415.26,348.16,424.5,363.05
ch2_ohr_ncp_20251009T1006356898_d_img_d18_x11520_y70400.png,0.2217,299.68,419.17,306.87,429.04
ch2_ohr_ncp_20251009T1006356898_d_img_d18_x11520_y70400.png,0.2075,197.65,150.85,202.87,156.99
ch2_ohr_ncp_20251009T1006356898_d_img_d18_x11520_y71040.png,0.4945,412.7,265.76,427.83,292.22
ch2_ohr_ncp_20251009T1006356898_d_img_d18_x11520_y71040.png,0.4691,450.5,101.35,461.92,117.26
ch2_ohr_ncp_20251009T1006356898_d_img_d18_x11520_y71040.png,0.467,189.32,292.92,202.79,311.09
ch2_ohr_ncp_20251009T1006356898_d_img_d18_x11520_y71040.png,0.4146,130.36,545.26,136.15,552.3
ch2_ohr_ncp_20251009T1006356898_d_img_d18_x11520_y71040.png,0.3969,229.21,257.22,244.1,281.29
ch2_ohr_ncp_20251009T1006356898_d_img_d18_x11520_y71040.png,0.391,274.15,511.64,289.05,533.45
ch2_ohr_ncp_20251009T1006356898_d_img_d18_x11520_y71040.png,0.3648,306.52,458.34,315.8,469.05
ch2_ohr_ncp_20251009T1006356898_d_img_d18_x11520_y71040.png,0.3624,238.84,622.24,248.38,632.02
ch2_ohr_ncp_20251009T1006356898_d_img_d18_x11520_y71040.png,0.3449,369.16,607.73,378.42,618.94
ch2_ohr_ncp_20251009T1006356898_d_img_d18_x11520_y71040.png,0.3435,215.63,204.29,223.04,212.98
ch2_ohr_ncp_20251009T1006356898_d_img_d18_x11520_y71040.png,0.3298,359.95,184.42,368.75,197.71
ch2_ohr_ncp_20251009T1006356898_d_img_d18_x11520_y71040.png,0.3291,300.18,419.97,306.36,428.77
ch2_ohr_ncp_20251009T1006356898_d_img_d18_x11520_y71040.png,0.3278,14.69,558.44,32.89,580.1
ch2_ohr_ncp_20251009T1006356898_d_img_d18_x11520_y71040.png,0.3249,153.59,270.59,160.78,279.7
ch2_ohr_ncp_20251009T1006356898_d_img_d18_x11520_y71040.png,0.2985,171.83,571.88,188.07,607.59
ch2_ohr_ncp_20251009T1006356898_d_img_d18_x11520_y71040.png,0.2947,338.18,423.61,346.51,436.92
ch2_ohr_ncp_20251009T1006356898_d_img_d18_x11520_y71040.png,0.2812,254.58,358.94,270.58,376.29
ch2_ohr_ncp_20251009T1006356898_d_img_d18_x11520_y71040.png,0.2721,290.13,608.43,306.12,622.23
ch2_ohr_ncp_20251009T1006356898_d_img_d18_x11520_y71040.png,0.271,453.62,618.89,460.68,627.75
ch2_ohr_ncp_20251009T1006356898_d_img_d18_x11520_y71040.png,0.2687,51.62,201.73,56.95,208.44
ch2_ohr_ncp_20251009T1006356898_d_img_d18_x11520_y71040.png,0.2666,250.97,259.77,261.76,272.4
ch2_ohr_ncp_20251009T1006356898_d_img_d18_x11520_y71040.png,0.2658,297.1,164.09,303.84,172.1
ch2_ohr_ncp_20251009T1006356898_d_img_d18_x11520_y71040.png,0.2634,243.11,456.81,247.63,462.44
ch2_ohr_ncp_20251009T1006356898_d_img_d18_x11520_y71040.png,0.2609,360.07,452.74,366.75,461.77
ch2_ohr_ncp_20251009T1006356898_d_img_d18_x11520_y71040.png,0.2536,269.37,93.91,275.05,101.49
ch2_ohr_ncp_20251009T1006356898_d_img_d18_x11520_y71040.png,0.2485,363.0,159.12,374.5,173.9
ch2_ohr_ncp_20251009T1006356898_d_img_d18_x11520_y71040.png,0.2467,74.5,269.07,86.41,281.55
ch2_ohr_ncp_20251009T1006356898_d_img_d18_x11520_y71040.png,0.2423,201.76,405.18,224.49,435.43
ch2_ohr_ncp_20251009T1006356898_d_img_d18_x11520_y71040.png,0.2404,474.7,627.61,480.08,636.96
ch2_ohr_ncp_20251009T1006356898_d_img_d18_x11520_y71040.png,0.2399,161.32,189.39,167.92,198.77
ch2_ohr_ncp_20251009T1006356898_d_img_d18_x11520_y71040.png,0.2371,402.26,448.18,408.51,454.93
ch2_ohr_ncp_20251009T1006356898_d_img_d18_x11520_y71040.png,0.2366,253.73,471.16,262.02,480.11
ch2_ohr_ncp_20251009T1006356898_d_img_d18_x11520_y71040.png,0.2332,102.8,417.85,124.67,444.62
ch2_ohr_ncp_20251009T1006356898_d_img_d18_x11520_y71040.png,0.2324,98.96,545.99,125.79,584.02
ch2_ohr_ncp_20251009T1006356898_d_img_d18_x11520_y71040.png,0.2316,19.45,551.75,33.93,566.98
ch2_ohr_ncp_20251009T1006356898_d_img_d18_x11520_y71040.png,0.2289,183.83,187.34,192.39,195.52
ch2_ohr_ncp_20251009T1006356898_d_img_d18_x11520_y71040.png,0.2242,302.68,478.43,314.54,496.94
ch2_ohr_ncp_20251009T1006356898_d_img_d18_x11520_y71040.png,0.2232,238.33,416.77,245.07,423.83
ch2_ohr_ncp_20251009T1006356898_d_img_d18_x11520_y71040.png,0.2187,136.0,501.64,144.86,510.68
ch2_ohr_ncp_20251009T1006356898_d_img_d18_x11520_y71040.png,0.2174,428.53,244.33,434.74,252.68
ch2_ohr_ncp_20251009T1006356898_d_img_d18_x11520_y71040.png,0.2157,92.18,498.19,101.17,509.48
ch2_ohr_ncp_20251009T1006356898_d_img_d18_x11520_y71040.png,0.2147,42.33,555.78,54.92,571.62
ch2_ohr_ncp_20251009T1006356898_d_img_d18_x11520_y71040.png,0.2134,10.81,545.06,15.82,550.56
ch2_ohr_ncp_20251009T1006356898_d_img_d18_x11520_y71040.png,0.2101,38.46,299.22,47.42,314.17
ch2_ohr_ncp_20251009T1006356898_d_img_d18_x11520_y71040.png,0.2086,172.89,212.59,179.04,219.8
ch2_ohr_ncp_20251009T1006356898_d_img_d18_x11520_y71040.png,0.2082,461.75,125.63,469.18,135.14
ch2_ohr_ncp_20251009T1006356898_d_img_d18_x11520_y71040.png,0.2076,423.1,613.74,432.91,622.7
ch2_ohr_ncp_20251009T1006356898_d_img_d18_x11520_y71040.png,0.206,115.27,338.67,120.1,344.46
ch2_ohr_ncp_20251009T1006356898_d_img_d18_x11520_y71040.png,0.2051,201.07,379.78,209.29,391.88
ch2_ohr_ncp_20251009T1006356898_d_img_d18_x11520_y71040.png,0.204,334.38,0.42,347.82,18.85
ch2_ohr_ncp_20251009T1006356898_d_img_d18_x11520_y71040.png,0.201,130.69,177.09,139.67,190.4
ch2_ohr_ncp_20251009T1006356898_d_img_d18_x11520_y71680.png,0.3322,416.98,90.27,434.23,120.99
ch2_ohr_ncp_20251009T1006356898_d_img_d18_x11520_y71680.png,0.3097,311.95,215.25,321.42,229.02
ch2_ohr_ncp_20251009T1006356898_d_img_d18_x11520_y71680.png,0.305,217.82,545.36,224.74,552.88
ch2_ohr_ncp_20251009T1006356898_d_img_d18_x11520_y71680.png,0.2852,108.33,525.22,118.94,541.5
ch2_ohr_ncp_20251009T1006356898_d_img_d18_x11520_y71680.png,0.2675,447.9,486.89,465.46,510.53
ch2_ohr_ncp_20251009T1006356898_d_img_d18_x11520_y71680.png,0.2514,257.16,26.43,265.74,38.69
ch2_ohr_ncp_20251009T1006356898_d_img_d18_x11520_y71680.png,0.2329,181.88,550.36,197.43,582.02
ch2_ohr_ncp_20251009T1006356898_d_img_d18_x11520_y71680.png,0.2225,331.8,466.43,340.31,476.71
ch2_ohr_ncp_20251009T1006356898_d_img_d18_x11520_y71680.png,0.2191,84.85,471.98,93.02,479.8
ch2_ohr_ncp_20251009T1006356898_d_img_d18_x11520_y71680.png,0.217,352.98,110.17,370.09,144.39
ch2_ohr_ncp_20251009T1006356898_d_img_d18_x11520_y71680.png,0.212,343.69,94.55,347.28,99.97
ch2_ohr_ncp_20251009T1006356898_d_img_d18_x11520_y71680.png,0.2075,131.54,10.2,137.55,16.19
ch2_ohr_ncp_20251009T1006356898_d_img_d18_x11520_y71680.png,0.2037,396.39,531.75,403.56,540.08
ch2_ohr_ncp_20251009T1006356898_d_img_d18_x11520_y72320.png,0.4018,337.48,486.81,355.0,517.87
ch2_ohr_ncp_20251009T1006356898_d_img_d18_x11520_y72320.png,0.3293,79.93,581.75,88.36,590.2
ch2_ohr_ncp_20251009T1006356898_d_img_d18_x11520_y72320.png,0.327,385.73,261.93,394.86,275.96
ch2_ohr_ncp_20251009T1006356898_d_img_d18_x11520_y72320.png,0.3156,464.81,552.77,475.38,565.29
ch2_ohr_ncp_20251009T1006356898_d_img_d18_x11520_y72320.png,0.311,402.96,247.3,410.95,259.78
ch2_ohr_ncp_20251009T1006356898_d_img_d18_x11520_y72320.png,0.2893,113.62,553.81,119.5,564.3
ch2_ohr_ncp_20251009T1006356898_d_img_d18_x11520_y72320.png,0.2657,215.86,461.44,223.62,470.75
ch2_ohr_ncp_20251009T1006356898_d_img_d18_x11520_y72320.png,0.2653,386.31,57.11,392.85,64.1
ch2_ohr_ncp_20251009T1006356898_d_img_d18_x11520_y72320.png,0.2623,181.23,520.5,189.24,531.88
ch2_ohr_ncp_20251009T1006356898_d_img_d18_x11520_y72320.png,0.2457,25.39,424.06,37.59,437.66
ch2_ohr_ncp_20251009T1006356898_d_img_d18_x11520_y72320.png,0.2418,52.28,230.19,58.07,236.85
ch2_ohr_ncp_20251009T1006356898_d_img_d18_x11520_y72320.png,0.2297,77.27,212.86,94.76,235.52
ch2_ohr_ncp_20251009T1006356898_d_img_d18_x11520_y72320.png,0.2243,0.0,443.25,10.2,464.08
ch2_ohr_ncp_20251009T1006356898_d_img_d18_x11520_y72320.png,0.2215,358.25,294.06,387.06,323.53
ch2_ohr_ncp_20251009T1006356898_d_img_d18_x11520_y72320.png,0.2203,84.88,570.5,91.56,577.62
ch2_ohr_ncp_20251009T1006356898_d_img_d18_x11520_y72320.png,0.2077,213.28,633.66,222.35,640.0
ch2_ohr_ncp_20251009T1006356898_d_img_d18_x11520_y72320.png,0.2015,396.37,235.65,406.83,251.57
ch2_ohr_ncp_20251009T1006356898_d_img_d18_x11520_y72960.png,0.4126,446.14,17.47,466.23,60.1
ch2_ohr_ncp_20251009T1006356898_d_img_d18_x11520_y72960.png,0.3865,416.57,228.03,445.34,274.41
ch2_ohr_ncp_20251009T1006356898_d_img_d18_x11520_y72960.png,0.292,442.84,72.02,451.6,84.09
ch2_ohr_ncp_20251009T1006356898_d_img_d18_x11520_y72960.png,0.2691,103.26,114.86,113.13,129.12
ch2_ohr_ncp_20251009T1006356898_d_img_d18_x11520_y72960.png,0.2495,154.0,463.76,159.54,470.69
ch2_ohr_ncp_20251009T1006356898_d_img_d18_x11520_y72960.png,0.2385,19.37,96.06,26.92,104.74
ch2_ohr_ncp_20251009T1006356898_d_img_d18_x11520_y72960.png,0.2377,135.11,102.24,148.48,117.93
ch2_ohr_ncp_20251009T1006356898_d_img_d18_x11520_y72960.png,0.2362,73.3,116.04,83.97,133.46
ch2_ohr_ncp_20251009T1006356898_d_img_d18_x11520_y72960.png,0.2356,51.98,343.45,57.28,349.47
ch2_ohr_ncp_20251009T1006356898_d_img_d18_x11520_y72960.png,0.2322,320.17,505.93,330.83,518.34
ch2_ohr_ncp_20251009T1006356898_d_img_d18_x11520_y72960.png,0.2269,123.01,552.72,129.02,559.71
ch2_ohr_ncp_20251009T1006356898_d_img_d18_x11520_y72960.png,0.2253,473.2,630.82,479.76,638.59
ch2_ohr_ncp_20251009T1006356898_d_img_d18_x11520_y72960.png,0.2196,127.58,482.52,138.1,501.54
ch2_ohr_ncp_20251009T1006356898_d_img_d18_x11520_y72960.png,0.206,242.17,485.68,249.78,493.36
ch2_ohr_ncp_20251009T1006356898_d_img_d18_x11520_y72960.png,0.2031,138.49,128.01,145.21,136.44
ch2_ohr_ncp_20251009T1006356898_d_img_d18_x11520_y72960.png,0.2027,84.76,111.75,90.18,117.94
ch2_ohr_ncp_20251009T1006356898_d_img_d18_x11520_y73600.png,0.476,41.29,624.01,47.82,632.25
ch2_ohr_ncp_20251009T1006356898_d_img_d18_x11520_y73600.png,0.4656,106.55,616.47,114.27,628.2
ch2_ohr_ncp_20251009T1006356898_d_img_d18_x11520_y73600.png,0.3921,432.46,266.31,439.97,277.3
ch2_ohr_ncp_20251009T1006356898_d_img_d18_x11520_y73600.png,0.3589,130.01,46.78,139.98,61.79
ch2_ohr_ncp_20251009T1006356898_d_img_d18_x11520_y73600.png,0.3481,419.6,299.73,424.82,306.73
ch2_ohr_ncp_20251009T1006356898_d_img_d18_x11520_y73600.png,0.3232,121.24,468.45,135.02,490.08
ch2_ohr_ncp_20251009T1006356898_d_img_d18_x11520_y73600.png,0.3156,353.2,469.29,384.09,517.64
ch2_ohr_ncp_20251009T1006356898_d_img_d18_x11520_y73600.png,0.3007,74.58,44.66,81.4,54.76
ch2_ohr_ncp_20251009T1006356898_d_img_d18_x11520_y73600.png,0.2988,1.68,618.36,9.97,636.78
ch2_ohr_ncp_20251009T1006356898_d_img_d18_x11520_y73600.png,0.2984,231.01,431.93,237.67,440.45
ch2_ohr_ncp_20251009T1006356898_d_img_d18_x11520_y73600.png,0.2863,249.8,615.32,257.91,627.66
ch2_ohr_ncp_20251009T1006356898_d_img_d18_x11520_y73600.png,0.2808,154.4,62.3,162.19,70.34
ch2_ohr_ncp_20251009T1006356898_d_img_d18_x11520_y73600.png,0.2778,282.29,149.71,290.28,158.63
ch2_ohr_ncp_20251009T1006356898_d_img_d18_x11520_y73600.png,0.2733,410.11,345.08,422.8,358.76
ch2_ohr_ncp_20251009T1006356898_d_img_d18_x11520_y73600.png,0.2727,46.74,315.44,56.73,333.48
ch2_ohr_ncp_20251009T1006356898_d_img_d18_x11520_y73600.png,0.2688,196.26,143.02,208.14,165.3
ch2_ohr_ncp_20251009T1006356898_d_img_d18_x11520_y73600.png,0.2587,212.3,35.8,218.07,43.55
ch2_ohr_ncp_20251009T1006356898_d_img_d18_x11520_y73600.png,0.2551,154.0,632.88,162.21,640.0
ch2_ohr_ncp_20251009T1006356898_d_img_d18_x11520_y73600.png,0.2547,265.73,538.57,272.15,545.79
ch2_ohr_ncp_20251009T1006356898_d_img_d18_x11520_y73600.png,0.2477,451.34,575.54,463.19,589.57
ch2_ohr_ncp_20251009T1006356898_d_img_d18_x11520_y73600.png,0.2461,399.76,616.76,407.01,628.9
ch2_ohr_ncp_20251009T1006356898_d_img_d18_x11520_y73600.png,0.244,2.62,226.12,9.79,237.34
ch2_ohr_ncp_20251009T1006356898_d_img_d18_x11520_y73600.png,0.2363,79.44,605.18,83.68,610.97
ch2_ohr_ncp_20251009T1006356898_d_img_d18_x11520_y73600.png,0.2274,36.57,563.41,42.4,570.79
ch2_ohr_ncp_20251009T1006356898_d_img_d18_x11520_y73600.png,0.2262,270.84,133.3,277.57,143.65
ch2_ohr_ncp_20251009T1006356898_d_img_d18_x11520_y73600.png,0.224,373.14,105.37,377.87,111.35
ch2_ohr_ncp_20251009T1006356898_d_img_d18_x11520_y73600.png,0.2233,392.85,71.94,401.59,81.33
ch2_ohr_ncp_20251009T1006356898_d_img_d18_x11520_y73600.png,0.2217,460.0,611.43,480.59,640.0
ch2_ohr_ncp_20251009T1006356898_d_img_d18_x11520_y73600.png,0.2211,42.94,572.01,58.43,590.23
ch2_ohr_ncp_20251009T1006356898_d_img_d18_x11520_y73600.png,0.2183,238.99,53.66,247.41,63.63
ch2_ohr_ncp_20251009T1006356898_d_img_d18_x11520_y73600.png,0.2112,401.71,535.11,410.67,546.41
ch2_ohr_ncp_20251009T1006356898_d_img_d18_x11520_y73600.png,0.2031,189.13,7.97,198.91,23.94
ch2_ohr_ncp_20251009T1006356898_d_img_d18_x11520_y73600.png,0.2016,53.62,515.78,67.36,544.32
ch2_ohr_ncp_20251009T1006356898_d_img_d18_x11520_y73600.png,0.2012,337.3,390.53,355.19,411.07
ch2_ohr_ncp_20251009T1006356898_d_img_d18_x11520_y74240.png,0.3735,58.91,152.05,66.21,161.24
ch2_ohr_ncp_20251009T1006356898_d_img_d18_x11520_y74240.png,0.3702,360.69,497.59,368.66,509.21
ch2_ohr_ncp_20251009T1006356898_d_img_d18_x11520_y74240.png,0.3441,24.45,550.09,32.25,565.69
ch2_ohr_ncp_20251009T1006356898_d_img_d18_x11520_y74240.png,0.3433,393.77,505.65,401.55,515.39
ch2_ohr_ncp_20251009T1006356898_d_img_d18_x11520_y74240.png,0.3112,373.98,495.29,381.99,506.5
ch2_ohr_ncp_20251009T1006356898_d_img_d18_x11520_y74240.png,0.3099,0.0,34.3,14.23,58.57
ch2_ohr_ncp_20251009T1006356898_d_img_d18_x11520_y74240.png,0.3032,27.5,625.3,34.58,632.54
ch2_ohr_ncp_20251009T1006356898_d_img_d18_x11520_y74240.png,0.298,420.64,94.29,426.0,100.59
ch2_ohr_ncp_20251009T1006356898_d_img_d18_x11520_y74240.png,0.2948,34.15,107.67,41.44,118.7
ch2_ohr_ncp_20251009T1006356898_d_img_d18_x11520_y74240.png,0.2867,64.57,544.06,71.18,551.1
ch2_ohr_ncp_20251009T1006356898_d_img_d18_x11520_y74240.png,0.2858,430.74,391.14,447.48,414.15
ch2_ohr_ncp_20251009T1006356898_d_img_d18_x11520_y74240.png,0.2766,127.95,40.0,135.66,53.5
ch2_ohr_ncp_20251009T1006356898_d_img_d18_x11520_y74240.png,0.2712,241.03,487.64,247.62,495.51
ch2_ohr_ncp_20251009T1006356898_d_img_d18_x11520_y74240.png,0.2703,388.75,80.57,400.91,98.75
ch2_ohr_ncp_20251009T1006356898_d_img_d18_x11520_y74240.png,0.2675,154.1,114.67,163.04,129.22
ch2_ohr_ncp_20251009T1006356898_d_img_d18_x11520_y74240.png,0.2664,32.64,124.26,40.23,132.19
ch2_ohr_ncp_20251009T1006356898_d_img_d18_x11520_y74240.png,0.2663,470.65,627.33,479.01,637.18
ch2_ohr_ncp_20251009T1006356898_d_img_d18_x11520_y74240.png,0.2638,312.9,503.01,321.7,511.32
ch2_ohr_ncp_20251009T1006356898_d_img_d18_x11520_y74240.png,0.259,150.21,42.9,163.88,62.31
ch2_ohr_ncp_20251009T1006356898_d_img_d18_x11520_y74240.png,0.2577,324.62,347.01,335.36,365.59
ch2_ohr_ncp_20251009T1006356898_d_img_d18_x11520_y74240.png,0.2523,210.11,277.15,227.81,298.07
ch2_ohr_ncp_20251009T1006356898_d_img_d18_x11520_y74240.png,0.2447,145.41,245.93,151.99,254.27
ch2_ohr_ncp_20251009T1006356898_d_img_d18_x11520_y74240.png,0.2445,365.51,42.78,376.86,63.32
ch2_ohr_ncp_20251009T1006356898_d_img_d18_x11520_y74240.png,0.2418,201.4,463.32,208.51,470.96
ch2_ohr_ncp_20251009T1006356898_d_img_d18_x11520_y74240.png,0.2365,44.8,104.14,61.81,123.13
ch2_ohr_ncp_20251009T1006356898_d_img_d18_x11520_y74240.png,0.2267,237.27,633.11,245.61,639.26
ch2_ohr_ncp_20251009T1006356898_d_img_d18_x11520_y74240.png,0.2224,103.0,504.96,109.26,512.71
ch2_ohr_ncp_20251009T1006356898_d_img_d18_x11520_y74240.png,0.2212,186.18,330.57,191.91,337.46
ch2_ohr_ncp_20251009T1006356898_d_img_d18_x11520_y74240.png,0.2098,273.72,322.01,288.3,345.45
ch2_ohr_ncp_20251009T1006356898_d_img_d18_x11520_y74240.png,0.2074,202.55,304.7,207.33,310.33
ch2_ohr_ncp_20251009T1006356898_d_img_d18_x11520_y74240.png,0.2072,452.51,597.41,457.95,604.68
ch2_ohr_ncp_20251009T1006356898_d_img_d18_x11520_y74240.png,0.2057,52.61,341.26,70.46,361.14
ch2_ohr_ncp_20251009T1006356898_d_img_d18_x11520_y74240.png,0.2037,299.87,325.66,306.02,332.73
ch2_ohr_ncp_20251009T1006356898_d_img_d18_x11520_y74240.png,0.2037,249.31,632.49,258.32,639.75
ch2_ohr_ncp_20251009T1006356898_d_img_d18_x11520_y74880.png,0.4142,58.9,169.12,66.64,178.3
ch2_ohr_ncp_20251009T1006356898_d_img_d18_x11520_y74880.png,0.3877,107.76,255.22,117.24,271.08
ch2_ohr_ncp_20251009T1006356898_d_img_d18_x11520_y74880.png,0.375,364.07,42.94,375.69,59.97
ch2_ohr_ncp_20251009T1006356898_d_img_d18_x11520_y74880.png,0.3049,110.79,229.57,120.21,241.04
ch2_ohr_ncp_20251009T1006356898_d_img_d18_x11520_y74880.png,0.3,144.39,469.21,152.8,479.87
ch2_ohr_ncp_20251009T1006356898_d_img_d18_x11520_y74880.png,0.2858,25.97,104.13,34.49,113.21
ch2_ohr_ncp_20251009T1006356898_d_img_d18_x11520_y74880.png,0.2819,266.81,424.3,303.41,473.8
ch2_ohr_ncp_20251009T1006356898_d_img_d18_x11520_y74880.png,0.2802,420.39,56.9,433.52,70.38
ch2_ohr_ncp_20251009T1006356898_d_img_d18_x11520_y74880.png,0.2794,462.37,513.45,479.08,545.55
ch2_ohr_ncp_20251009T1006356898_d_img_d18_x11520_y74880.png,0.2785,28.81,141.11,37.1,151.18
ch2_ohr_ncp_20251009T1006356898_d_img_d18_x11520_y74880.png,0.2723,222.74,372.16,230.85,383.26
ch2_ohr_ncp_20251009T1006356898_d_img_d18_x11520_y74880.png,0.2613,202.67,154.28,208.72,160.66
ch2_ohr_ncp_20251009T1006356898_d_img_d18_x11520_y74880.png,0.2482,142.09,457.67,148.82,466.7
ch2_ohr_ncp_20251009T1006356898_d_img_d18_x11520_y74880.png,0.2362,414.13,56.6,432.92,84.77
ch2_ohr_ncp_20251009T1006356898_d_img_d18_x11520_y74880.png,0.2339,401.37,453.97,408.71,461.67
ch2_ohr_ncp_20251009T1006356898_d_img_d18_x11520_y74880.png,0.2327,339.16,370.82,351.02,389.13
ch2_ohr_ncp_20251009T1006356898_d_img_d18_x11520_y74880.png,0.2228,182.87,512.56,191.38,523.61
ch2_ohr_ncp_20251009T1006356898_d_img_d18_x11520_y74880.png,0.2172,137.38,146.13,154.43,179.19
ch2_ohr_ncp_20251009T1006356898_d_img_d18_x11520_y74880.png,0.2147,416.87,56.95,433.48,77.25
ch2_ohr_ncp_20251009T1006356898_d_img_d18_x11520_y74880.png,0.2143,301.62,497.92,311.95,514.97
ch2_ohr_ncp_20251009T1006356898_d_img_d18_x11520_y74880.png,0.2119,442.43,541.89,447.85,548.54
ch2_ohr_ncp_20251009T1006356898_d_img_d18_x11520_y74880.png,0.2081,106.84,451.88,113.44,461.08
ch2_ohr_ncp_20251009T1006356898_d_img_d18_x11520_y75520.png,0.4539,22.17,612.9,33.02,630.1
ch2_ohr_ncp_20251009T1006356898_d_img_d18_x11520_y75520.png,0.45,231.07,629.61,241.41,638.75
ch2_ohr_ncp_20251009T1006356898_d_img_d18_x11520_y75520.png,0.435,366.72,92.01,374.82,103.03
ch2_ohr_ncp_20251009T1006356898_d_img_d18_x11520_y75520.png,0.4292,87.07,401.89,98.38,417.56
ch2_ohr_ncp_20251009T1006356898_d_img_d18_x11520_y75520.png,0.4096,333.37,290.41,350.07,311.5
ch2_ohr_ncp_20251009T1006356898_d_img_d18_x11520_y75520.png,0.4083,331.96,76.33,339.73,86.05
ch2_ohr_ncp_20251009T1006356898_d_img_d18_x11520_y75520.png,0.404,300.61,106.71,309.35,117.49
ch2_ohr_ncp_20251009T1006356898_d_img_d18_x11520_y75520.png,0.4029,141.61,121.79,151.1,134.48
ch2_ohr_ncp_20251009T1006356898_d_img_d18_x11520_y75520.png,0.3537,261.11,298.57,273.38,322.74
ch2_ohr_ncp_20251009T1006356898_d_img_d18_x11520_y75520.png,0.3511,221.1,541.94,228.9,553.63
ch2_ohr_ncp_20251009T1006356898_d_img_d18_x11520_y75520.png,0.3461,365.94,55.53,373.21,64.08
ch2_ohr_ncp_20251009T1006356898_d_img_d18_x11520_y75520.png,0.342,43.64,349.64,50.59,359.0
ch2_ohr_ncp_20251009T1006356898_d_img_d18_x11520_y75520.png,0.3404,43.99,268.27,58.26,292.19
ch2_ohr_ncp_20251009T1006356898_d_img_d18_x11520_y75520.png,0.3404,463.64,144.82,480.65,178.7
ch2_ohr_ncp_20251009T1006356898_d_img_d18_x11520_y75520.png,0.3396,244.24,354.07,250.29,362.8
ch2_ohr_ncp_20251009T1006356898_d_img_d18_x11520_y75520.png,0.3393,130.19,447.7,136.62,454.21
ch2_ohr_ncp_20251009T1006356898_d_img_d18_x11520_y75520.png,0.3383,371.81,390.75,378.59,399.78
ch2_ohr_ncp_20251009T1006356898_d_img_d18_x11520_y75520.png,0.335,325.26,88.68,338.54,104.81
ch2_ohr_ncp_20251009T1006356898_d_img_d18_x11520_y75520.png,0.3309,416.32,111.85,426.84,123.44
ch2_ohr_ncp_20251009T1006356898_d_img_d18_x11520_y75520.png,0.3306,268.59,276.04,273.23,282.01
ch2_ohr_ncp_20251009T1006356898_d_img_d18_x11520_y75520.png,0.3303,209.99,614.03,216.7,621.57
ch2_ohr_ncp_20251009T1006356898_d_img_d18_x11520_y75520.png,0.3235,355.4,17.11,361.96,27.93
ch2_ohr_ncp_20251009T1006356898_d_img_d18_x11520_y75520.png,0.3234,450.3,217.48,459.02,228.42
ch2_ohr_ncp_20251009T1006356898_d_img_d18_x11520_y75520.png,0.3168,397.5,510.35,410.58,527.71
ch2_ohr_ncp_20251009T1006356898_d_img_d18_x11520_y75520.png,0.3111,237.96,619.29,246.18,628.84
ch2_ohr_ncp_20251009T1006356898_d_img_d18_x11520_y75520.png,0.3097,427.59,393.08,432.95,398.67
ch2_ohr_ncp_20251009T1006356898_d_img_d18_x11520_y75520.png,0.3081,265.1,627.61,271.55,635.32
ch2_ohr_ncp_20251009T1006356898_d_img_d18_x11520_y75520.png,0.3041,153.76,525.93,162.71,536.09
ch2_ohr_ncp_20251009T1006356898_d_img_d18_x11520_y75520.png,0.304,83.78,608.75,100.24,628.42
ch2_ohr_ncp_20251009T1006356898_d_img_d18_x11520_y75520.png,0.2986,66.3,597.52,74.33,606.93
ch2_ohr_ncp_20251009T1006356898_d_img_d18_x11520_y75520.png,0.2981,291.73,474.93,297.9,482.96
ch2_ohr_ncp_20251009T1006356898_d_img_d18_x11520_y75520.png,0.2888,276.74,417.41,284.43,428.33
ch2_ohr_ncp_20251009T1006356898_d_img_d18_x11520_y75520.png,0.2854,293.34,53.05,298.99,60.96
ch2_ohr_ncp_20251009T1006356898_d_img_d18_x11520_y75520.png,0.2723,208.08,47.0,216.72,56.47
ch2_ohr_ncp_20251009T1006356898_d_img_d18_x11520_y75520.png,0.2674,252.05,623.9,258.49,630.81
ch2_ohr_ncp_20251009T1006356898_d_img_d18_x11520_y75520.png,0.2618,97.16,186.96,105.58,199.11
ch2_ohr_ncp_20251009T1006356898_d_img_d18_x11520_y75520.png,0.2595,57.71,34.37,63.57,41.11
ch2_ohr_ncp_20251009T1006356898_d_img_d18_x11520_y75520.png,0.2579,3.02,622.86,10.3,631.56
ch2_ohr_ncp_20251009T1006356898_d_img_d18_x11520_y75520.png,0.2579,332.89,344.92,339.33,351.68
ch2_ohr_ncp_20251009T1006356898_d_img_d18_x11520_y75520.png,0.2511,251.73,45.63,264.06,57.59
ch2_ohr_ncp_20251009T1006356898_d_img_d18_x11520_y75520.png,0.2462,230.14,630.79,240.18,639.34
ch2_ohr_ncp_20251009T1006356898_d_img_d18_x11520_y75520.png,0.2431,278.72,291.58,285.61,299.62
ch2_ohr_ncp_20251009T1006356898_d_img_d18_x11520_y75520.png,0.2362,268.87,275.32,273.75,281.42
ch2_ohr_ncp_20251009T1006356898_d_img_d18_x11520_y75520.png,0.2325,181.7,200.29,196.97,218.08
ch2_ohr_ncp_20251009T1006356898_d_img_d18_x11520_y75520.png,0.2318,60.46,351.46,66.85,358.29
ch2_ohr_ncp_20251009T1006356898_d_img_d18_x11520_y75520.png,0.2299,110.69,489.11,129.64,524.32
ch2_ohr_ncp_20251009T1006356898_d_img_d18_x11520_y75520.png,0.227,366.0,355.27,375.91,366.85
ch2_ohr_ncp_20251009T1006356898_d_img_d18_x11520_y75520.png,0.2241,74.91,486.79,80.51,495.27
ch2_ohr_ncp_20251009T1006356898_d_img_d18_x11520_y75520.png,0.2237,245.27,342.3,253.23,352.06
ch2_ohr_ncp_20251009T1006356898_d_img_d18_x11520_y75520.png,0.2199,300.92,11.12,309.9,22.37
ch2_ohr_ncp_20251009T1006356898_d_img_d18_x11520_y75520.png,0.2191,338.46,504.61,345.62,513.36
ch2_ohr_ncp_20251009T1006356898_d_img_d18_x11520_y75520.png,0.2191,457.71,128.76,475.89,151.36
ch2_ohr_ncp_20251009T1006356898_d_img_d18_x11520_y75520.png,0.2172,359.92,67.27,365.92,72.88
ch2_ohr_ncp_20251009T1006356898_d_img_d18_x11520_y75520.png,0.215,320.31,237.53,329.12,248.62
ch2_ohr_ncp_20251009T1006356898_d_img_d18_x11520_y75520.png,0.2123,300.96,106.0,310.63,115.49
ch2_ohr_ncp_20251009T1006356898_d_img_d18_x11520_y75520.png,0.211,284.32,246.63,295.16,261.64
ch2_ohr_ncp_20251009T1006356898_d_img_d18_x11520_y75520.png,0.2101,278.94,295.26,295.59,319.37
ch2_ohr_ncp_20251009T1006356898_d_img_d18_x11520_y75520.png,0.2085,283.9,241.74,296.99,261.24
ch2_ohr_ncp_20251009T1006356898_d_img_d18_x11520_y75520.png,0.2074,331.14,438.94,339.07,448.53
ch2_ohr_ncp_20251009T1006356898_d_img_d18_x11520_y75520.png,0.2054,267.94,218.95,284.44,244.76
ch2_ohr_ncp_20251009T1006356898_d_img_d18_x11520_y75520.png,0.2032,163.05,39.98,176.13,54.31
ch2_ohr_ncp_20251009T1006356898_d_img_d18_x11520_y76160.png,0.5799,410.93,203.13,427.34,227.85
ch2_ohr_ncp_20251009T1006356898_d_img_d18_x11520_y76160.png,0.5723,50.29,12.0,59.9,26.73
ch2_ohr_ncp_20251009T1006356898_d_img_d18_x11520_y76160.png,0.5483,101.77,18.58,121.0,54.0
ch2_ohr_ncp_20251009T1006356898_d_img_d18_x11520_y76160.png,0.5301,0.45,184.4,18.87,211.31
ch2_ohr_ncp_20251009T1006356898_d_img_d18_x11520_y76160.png,0.509,336.38,101.08,344.86,114.36
ch2_ohr_ncp_20251009T1006356898_d_img_d18_x11520_y76160.png,0.4797,229.05,0.0,238.83,7.68
ch2_ohr_ncp_20251009T1006356898_d_img_d18_x11520_y76160.png,0.4779,370.5,184.58,378.94,194.5
ch2_ohr_ncp_20251009T1006356898_d_img_d18_x11520_y76160.png,0.4649,337.71,382.57,354.0,402.47
ch2_ohr_ncp_20251009T1006356898_d_img_d18_x11520_y76160.png,0.4517,298.97,159.77,311.94,173.65
ch2_ohr_ncp_20251009T1006356898_d_img_d18_x11520_y76160.png,0.446,174.24,193.44,193.79,218.79
ch2_ohr_ncp_20251009T1006356898_d_img_d18_x11520_y76160.png,0.4253,415.95,263.81,451.04,322.17
ch2_ohr_ncp_20251009T1006356898_d_img_d18_x11520_y76160.png,0.4137,222.74,189.23,233.56,201.82
ch2_ohr_ncp_20251009T1006356898_d_img_d18_x11520_y76160.png,0.4016,436.38,116.2,469.85,148.57
ch2_ohr_ncp_20251009T1006356898_d_img_d18_x11520_y76160.png,0.3986,248.56,203.48,257.42,217.11
ch2_ohr_ncp_20251009T1006356898_d_img_d18_x11520_y76160.png,0.395,73.05,307.43,79.09,313.82
ch2_ohr_ncp_20251009T1006356898_d_img_d18_x11520_y76160.png,0.3888,177.48,349.82,186.45,360.03
ch2_ohr_ncp_20251009T1006356898_d_img_d18_x11520_y76160.png,0.3872,0.07,42.75,6.43,55.19
ch2_ohr_ncp_20251009T1006356898_d_img_d18_x11520_y76160.png,0.3857,163.25,464.98,176.19,487.49
ch2_ohr_ncp_20251009T1006356898_d_img_d18_x11520_y76160.png,0.3762,72.46,307.96,77.87,313.97
ch2_ohr_ncp_20251009T1006356898_d_img_d18_x11520_y76160.png,0.3759,338.83,384.59,350.51,402.84
ch2_ohr_ncp_20251009T1006356898_d_img_d18_x11520_y76160.png,0.3725,127.59,293.48,144.76,312.35
ch2_ohr_ncp_20251009T1006356898_d_img_d18_x11520_y76160.png,0.3479,283.93,548.3,297.29,564.39
ch2_ohr_ncp_20251009T1006356898_d_img_d18_x11520_y76160.png,0.3471,208.31,251.94,214.5,259.52
ch2_ohr_ncp_20251009T1006356898_d_img_d18_x11520_y76160.png,0.3425,362.45,8.89,368.15,15.39
ch2_ohr_ncp_20251009T1006356898_d_img_d18_x11520_y76160.png,0.3405,306.47,252.15,315.87,261.55
ch2_ohr_ncp_20251009T1006356898_d_img_d18_x11520_y76160.png,0.3321,440.93,113.93,472.19,144.04
ch2_ohr_ncp_20251009T1006356898_d_img_d18_x11520_y76160.png,0.3321,153.95,199.34,161.6,207.43
ch2_ohr_ncp_20251009T1006356898_d_img_d18_x11520_y76160.png,0.323,72.12,87.33,80.98,97.59
ch2_ohr_ncp_20251009T1006356898_d_img_d18_x11520_y76160.png,0.3223,23.35,49.84,32.75,61.55
ch2_ohr_ncp_20251009T1006356898_d_img_d18_x11520_y76160.png,0.3171,99.55,201.28,109.01,211.88
ch2_ohr_ncp_20251009T1006356898_d_img_d18_x11520_y76160.png,0.3164,328.48,250.02,334.65,256.0
ch2_ohr_ncp_20251009T1006356898_d_img_d18_x11520_y76160.png,0.3008,66.58,317.64,73.81,325.81
ch2_ohr_ncp_20251009T1006356898_d_img_d18_x11520_y76160.png,0.2921,420.51,201.78,430.97,213.56
ch2_ohr_ncp_20251009T1006356898_d_img_d18_x11520_y76160.png,0.2895,451.37,372.07,459.8,382.52
ch2_ohr_ncp_20251009T1006356898_d_img_d18_x11520_y76160.png,0.286,14.89,230.24,23.51,240.41
ch2_ohr_ncp_20251009T1006356898_d_img_d18_x11520_y76160.png,0.2782,456.84,256.64,464.34,265.35
ch2_ohr_ncp_20251009T1006356898_d_img_d18_x11520_y76160.png,0.2735,432.01,250.71,441.73,265.53
ch2_ohr_ncp_20251009T1006356898_d_img_d18_x11520_y76160.png,0.2681,275.3,561.95,284.73,575.03
ch2_ohr_ncp_20251009T1006356898_d_img_d18_x11520_y76160.png,0.2658,162.04,453.22,168.3,459.91
ch2_ohr_ncp_20251009T1006356898_d_img_d18_x11520_y76160.png,0.2637,66.51,67.75,76.97,78.54
ch2_ohr_ncp_20251009T1006356898_d_img_d18_x11520_y76160.png,0.2599,269.59,168.91,276.93,176.93
ch2_ohr_ncp_20251009T1006356898_d_img_d18_x11520_y76160.png,0.2555,124.57,609.84,135.97,623.89
ch2_ohr_ncp_20251009T1006356898_d_img_d18_x11520_y76160.png,0.2533,243.74,618.57,249.25,625.7
ch2_ohr_ncp_20251009T1006356898_d_img_d18_x11520_y76160.png,0.2504,120.79,491.31,149.84,517.85
ch2_ohr_ncp_20251009T1006356898_d_img_d18_x11520_y76160.png,0.2448,234.94,46.9,243.44,56.04
ch2_ohr_ncp_20251009T1006356898_d_img_d18_x11520_y76160.png,0.2353,59.4,526.7,83.85,546.32
ch2_ohr_ncp_20251009T1006356898_d_img_d18_x11520_y76160.png,0.2286,13.8,25.87,17.96,30.87
ch2_ohr_ncp_20251009T1006356898_d_img_d18_x11520_y76160.png,0.224,122.74,610.16,135.68,627.06
ch2_ohr_ncp_20251009T1006356898_d_img_d18_x11520_y76160.png,0.2217,113.04,610.98,136.26,638.71
ch2_ohr_ncp_20251009T1006356898_d_img_d18_x11520_y76160.png,0.2205,239.72,0.27,252.72,8.82
ch2_ohr_ncp_20251009T1006356898_d_img_d18_x11520_y76160.png,0.2182,271.07,132.08,276.51,139.18
ch2_ohr_ncp_20251009T1006356898_d_img_d18_x11520_y76160.png,0.2181,412.31,234.21,419.17,243.12
ch2_ohr_ncp_20251009T1006356898_d_img_d18_x11520_y76160.png,0.2176,434.72,181.14,439.94,187.14
ch2_ohr_ncp_20251009T1006356898_d_img_d18_x11520_y76160.png,0.2141,285.69,551.29,296.17,564.69
ch2_ohr_ncp_20251009T1006356898_d_img_d18_x11520_y76160.png,0.2137,11.56,348.69,18.94,359.7
ch2_ohr_ncp_20251009T1006356898_d_img_d18_x11520_y76160.png,0.2127,448.59,115.36,471.6,137.75
ch2_ohr_ncp_20251009T1006356898_d_img_d18_x11520_y76160.png,0.2071,57.16,442.57,62.74,448.43
ch2_ohr_ncp_20251009T1006356898_d_img_d18_x11520_y76160.png,0.203,3.03,183.24,21.28,208.36
ch2_ohr_ncp_20251009T1006356898_d_img_d18_x11520_y76800.png,0.4999,212.52,383.64,219.81,397.84
ch2_ohr_ncp_20251009T1006356898_d_img_d18_x11520_y76800.png,0.492,103.89,450.88,112.74,463.61
ch2_ohr_ncp_20251009T1006356898_d_img_d18_x11520_y76800.png,0.477,424.05,317.35,430.76,326.87
ch2_ohr_ncp_20251009T1006356898_d_img_d18_x11520_y76800.png,0.4462,335.03,597.8,342.57,606.8
ch2_ohr_ncp_20251009T1006356898_d_img_d18_x11520_y76800.png,0.4399,215.15,330.7,225.89,347.54
ch2_ohr_ncp_20251009T1006356898_d_img_d18_x11520_y76800.png,0.4303,398.29,448.37,407.18,458.02
ch2_ohr_ncp_20251009T1006356898_d_img_d18_x11520_y76800.png,0.4206,0.0,608.3,17.76,637.8
ch2_ohr_ncp_20251009T1006356898_d_img_d18_x11520_y76800.png,0.4145,136.28,430.16,144.65,442.02
ch2_ohr_ncp_20251009T1006356898_d_img_d18_x11520_y76800.png,0.4078,372.89,604.72,400.05,636.42
ch2_ohr_ncp_20251009T1006356898_d_img_d18_x11520_y76800.png,0.3897,466.34,568.53,478.48,584.12
ch2_ohr_ncp_20251009T1006356898_d_img_d18_x11520_y76800.png,0.3794,405.71,49.26,418.23,70.44
ch2_ohr_ncp_20251009T1006356898_d_img_d18_x11520_y76800.png,0.3639,188.78,372.2,195.89,380.22
ch2_ohr_ncp_20251009T1006356898_d_img_d18_x11520_y76800.png,0.36,128.64,171.81,138.12,180.23
ch2_ohr_ncp_20251009T1006356898_d_img_d18_x11520_y76800.png,0.3578,263.46,226.66,283.14,254.77
ch2_ohr_ncp_20251009T1006356898_d_img_d18_x11520_y76800.png,0.3548,345.23,613.83,352.69,621.92
ch2_ohr_ncp_20251009T1006356898_d_img_d18_x11520_y76800.png,0.3481,192.97,343.43,200.36,352.54
ch2_ohr_ncp_20251009T1006356898_d_img_d18_x11520_y76800.png,0.347,203.22,112.51,221.62,138.67
ch2_ohr_ncp_20251009T1006356898_d_img_d18_x11520_y76800.png,0.3438,442.51,388.9,450.91,400.98
ch2_ohr_ncp_20251009T1006356898_d_img_d18_x11520_y76800.png,0.3429,251.84,133.35,256.9,141.07
ch2_ohr_ncp_20251009T1006356898_d_img_d18_x11520_y76800.png,0.3385,463.79,548.91,474.1,559.84
ch2_ohr_ncp_20251009T1006356898_d_img_d18_x11520_y76800.png,0.3354,97.31,440.0,103.03,449.83
ch2_ohr_ncp_20251009T1006356898_d_img_d18_x11520_y76800.png,0.3274,205.66,177.75,211.79,185.67
ch2_ohr_ncp_20251009T1006356898_d_img_d18_x11520_y76800.png,0.3228,231.6,259.63,239.39,268.83
ch2_ohr_ncp_20251009T1006356898_d_img_d18_x11520_y76800.png,0.3203,443.6,213.69,450.99,224.69
ch2_ohr_ncp_20251009T1006356898_d_img_d18_x11520_y76800.png,0.3199,469.37,122.16,476.02,130.59
ch2_ohr_ncp_20251009T1006356898_d_img_d18_x11520_y76800.png,0.319,117.42,626.04,130.22,637.67
ch2_ohr_ncp_20251009T1006356898_d_img_d18_x11520_y76800.png,0.3172,292.11,231.25,303.71,244.78
ch2_ohr_ncp_20251009T1006356898_d_img_d18_x11520_y76800.png,0.3147,371.6,598.27,403.14,637.68
ch2_ohr_ncp_20251009T1006356898_d_img_d18_x11520_y76800.png,0.3111,213.0,303.19,231.71,318.96
ch2_ohr_ncp_20251009T1006356898_d_img_d18_x11520_y76800.png,0.3098,388.51,396.68,394.24,403.4
ch2_ohr_ncp_20251009T1006356898_d_img_d18_x11520_y76800.png,0.3073,72.77,382.8,80.12,392.03
ch2_ohr_ncp_20251009T1006356898_d_img_d18_x11520_y76800.png,0.3041,412.25,180.71,418.76,188.02
ch2_ohr_ncp_20251009T1006356898_d_img_d18_x11520_y76800.png,0.2977,56.15,439.31,66.36,449.18
ch2_ohr_ncp_20251009T1006356898_d_img_d18_x11520_y76800.png,0.2966,151.23,255.16,159.26,265.32
ch2_ohr_ncp_20251009T1006356898_d_img_d18_x11520_y76800.png,0.292,329.95,434.67,335.83,442.2
ch2_ohr_ncp_20251009T1006356898_d_img_d18_x11520_y76800.png,0.2875,21.15,620.84,32.05,631.86
ch2_ohr_ncp_20251009T1006356898_d_img_d18_x11520_y76800.png,0.2866,445.43,243.5,462.0,259.33
ch2_ohr_ncp_20251009T1006356898_d_img_d18_x11520_y76800.png,0.2817,260.61,507.74,265.83,514.26
ch2_ohr_ncp_20251009T1006356898_d_img_d18_x11520_y76800.png,0.2744,278.98,535.46,290.59,551.02
ch2_ohr_ncp_20251009T1006356898_d_img_d18_x11520_y76800.png,0.2648,200.0,307.09,205.65,314.47
ch2_ohr_ncp_20251009T1006356898_d_img_d18_x11520_y76800.png,0.2646,419.5,446.11,424.24,452.07
ch2_ohr_ncp_20251009T1006356898_d_img_d18_x11520_y76800.png,0.2643,414.21,521.24,419.56,528.3
ch2_ohr_ncp_20251009T1006356898_d_img_d18_x11520_y76800.png,0.2642,6.79,548.33,12.95,556.14
ch2_ohr_ncp_20251009T1006356898_d_img_d18_x11520_y76800.png,0.2632,128.49,341.71,136.71,350.8
ch2_ohr_ncp_20251009T1006356898_d_img_d18_x11520_y76800.png,0.2609,473.65,350.77,479.63,360.08
ch2_ohr_ncp_20251009T1006356898_d_img_d18_x11520_y76800.png,0.2608,401.6,579.94,426.81,609.06
ch2_ohr_ncp_20251009T1006356898_d_img_d18_x11520_y76800.png,0.2577,434.68,318.22,442.71,326.93
ch2_ohr_ncp_20251009T1006356898_d_img_d18_x11520_y76800.png,0.2527,160.38,620.13,168.23,629.42
ch2_ohr_ncp_20251009T1006356898_d_img_d18_x11520_y76800.png,0.2521,445.2,212.79,452.98,223.66
ch2_ohr_ncp_20251009T1006356898_d_img_d18_x11520_y76800.png,0.251,247.3,35.83,262.71,57.78
ch2_ohr_ncp_20251009T1006356898_d_img_d18_x11520_y76800.png,0.2506,141.07,604.28,147.13,610.73
ch2_ohr_ncp_20251009T1006356898_d_img_d18_x11520_y76800.png,0.2483,112.33,292.82,117.69,299.29
ch2_ohr_ncp_20251009T1006356898_d_img_d18_x11520_y76800.png,0.2477,284.19,622.09,289.97,629.17
ch2_ohr_ncp_20251009T1006356898_d_img_d18_x11520_y76800.png,0.2433,150.02,332.25,160.05,343.43
ch2_ohr_ncp_20251009T1006356898_d_img_d18_x11520_y76800.png,0.235,103.45,78.28,117.0,93.53
ch2_ohr_ncp_20251009T1006356898_d_img_d18_x11520_y76800.png,0.2345,88.62,535.61,94.98,544.55
ch2_ohr_ncp_20251009T1006356898_d_img_d18_x11520_y76800.png,0.2329,457.91,376.22,463.54,382.94
ch2_ohr_ncp_20251009T1006356898_d_img_d18_x11520_y76800.png,0.2308,286.44,452.56,292.85,461.13
ch2_ohr_ncp_20251009T1006356898_d_img_d18_x11520_y76800.png,0.2307,157.95,12.06,172.82,28.22
ch2_ohr_ncp_20251009T1006356898_d_img_d18_x11520_y76800.png,0.2303,122.88,434.81,128.06,441.46
ch2_ohr_ncp_20251009T1006356898_d_img_d18_x11520_y76800.png,0.2298,325.05,62.7,330.12,70.03
ch2_ohr_ncp_20251009T1006356898_d_img_d18_x11520_y76800.png,0.2296,285.24,454.31,291.11,461.68
ch2_ohr_ncp_20251009T1006356898_d_img_d18_x11520_y76800.png,0.2269,432.51,38.23,437.73,45.17
ch2_ohr_ncp_20251009T1006356898_d_img_d18_x11520_y76800.png,0.2235,461.32,277.29,468.48,287.4
ch2_ohr_ncp_20251009T1006356898_d_img_d18_x11520_y76800.png,0.2232,471.29,263.91,479.24,276.53
ch2_ohr_ncp_20251009T1006356898_d_img_d18_x11520_y76800.png,0.223,237.83,613.12,249.54,628.94
ch2_ohr_ncp_20251009T1006356898_d_img_d18_x11520_y76800.png,0.2203,271.99,48.39,307.87,93.93
ch2_ohr_ncp_20251009T1006356898_d_img_d18_x11520_y76800.png,0.2179,145.25,352.31,152.25,363.06
ch2_ohr_ncp_20251009T1006356898_d_img_d18_x11520_y76800.png,0.2107,1.36,0.0,11.1,6.72
ch2_ohr_ncp_20251009T1006356898_d_img_d18_x11520_y76800.png,0.2042,397.51,309.06,412.28,328.07
ch2_ohr_ncp_20251009T1006356898_d_img_d18_x11520_y77440.png,0.3716,329.16,602.97,343.69,622.5
ch2_ohr_ncp_20251009T1006356898_d_img_d18_x11520_y77440.png,0.2953,266.2,384.32,274.17,394.55
ch2_ohr_ncp_20251009T1006356898_d_img_d18_x11520_y77440.png,0.2913,24.25,369.55,50.18,412.97
ch2_ohr_ncp_20251009T1006356898_d_img_d18_x11520_y77440.png,0.2726,427.98,28.21,439.54,45.89
ch2_ohr_ncp_20251009T1006356898_d_img_d18_x11520_y77440.png,0.2518,367.12,613.85,374.63,624.48
ch2_ohr_ncp_20251009T1006356898_d_img_d18_x11520_y77440.png,0.2421,268.18,628.78,274.66,636.6
ch2_ohr_ncp_20251009T1006356898_d_img_d18_x11520_y77440.png,0.2401,311.05,216.92,319.63,227.99
ch2_ohr_ncp_20251009T1006356898_d_img_d18_x11520_y77440.png,0.234,420.79,362.67,431.86,376.16
ch2_ohr_ncp_20251009T1006356898_d_img_d18_x11520_y77440.png,0.2292,170.75,305.56,180.61,316.21
ch2_ohr_ncp_20251009T1006356898_d_img_d18_x11520_y77440.png,0.2146,454.12,587.01,464.0,602.48
ch2_ohr_ncp_20251009T1006356898_d_img_d18_x11520_y77440.png,0.214,289.64,625.68,298.81,636.83
ch2_ohr_ncp_20251009T1006356898_d_img_d18_x11520_y77440.png,0.2124,420.04,363.1,432.46,383.71
ch2_ohr_ncp_20251009T1006356898_d_img_d18_x11520_y78080.png,0.2997,260.86,225.18,266.52,231.93
ch2_ohr_ncp_20251009T1006356898_d_img_d18_x11520_y78080.png,0.2818,427.11,161.51,433.34,171.63
ch2_ohr_ncp_20251009T1006356898_d_img_d18_x11520_y78080.png,0.2185,32.36,360.19,45.66,374.92
ch2_ohr_ncp_20251009T1006356898_d_img_d18_x11520_y78080.png,0.2145,420.34,628.4,428.4,639.57
ch2_ohr_ncp_20251009T1006356898_d_img_d18_x11520_y78080.png,0.2081,0.0,216.22,7.34,235.5
ch2_ohr_ncp_20251009T1006356898_d_img_d18_x11520_y78080.png,0.2014,418.56,278.43,425.08,286.5
ch2_ohr_ncp_20251009T1006356898_d_img_d18_x11520_y78720.png,0.4748,306.89,563.76,313.77,572.86
ch2_ohr_ncp_20251009T1006356898_d_img_d18_x11520_y78720.png,0.4703,263.26,600.78,272.22,611.07
ch2_ohr_ncp_20251009T1006356898_d_img_d18_x11520_y78720.png,0.4279,277.08,453.94,290.81,486.0
ch2_ohr_ncp_20251009T1006356898_d_img_d18_x11520_y78720.png,0.4058,352.79,135.81,360.04,144.21
ch2_ohr_ncp_20251009T1006356898_d_img_d18_x11520_y78720.png,0.4009,447.6,289.61,455.43,304.38
ch2_ohr_ncp_20251009T1006356898_d_img_d18_x11520_y78720.png,0.3963,51.3,341.38,60.37,357.3
ch2_ohr_ncp_20251009T1006356898_d_img_d18_x11520_y78720.png,0.3673,34.92,557.82,53.34,587.34
ch2_ohr_ncp_20251009T1006356898_d_img_d18_x11520_y78720.png,0.3614,314.26,128.44,322.34,141.06
ch2_ohr_ncp_20251009T1006356898_d_img_d18_x11520_y78720.png,0.3513,25.34,541.56,33.1,555.05
ch2_ohr_ncp_20251009T1006356898_d_img_d18_x11520_y78720.png,0.3388,195.9,494.98,200.96,502.23
ch2_ohr_ncp_20251009T1006356898_d_img_d18_x11520_y78720.png,0.3356,234.45,584.07,241.66,592.39
ch2_ohr_ncp_20251009T1006356898_d_img_d18_x11520_y78720.png,0.328,131.35,73.78,140.23,87.43
ch2_ohr_ncp_20251009T1006356898_d_img_d18_x11520_y78720.png,0.3194,176.17,245.58,184.46,257.27
ch2_ohr_ncp_20251009T1006356898_d_img_d18_x11520_y78720.png,0.3169,150.97,287.33,161.29,302.16
ch2_ohr_ncp_20251009T1006356898_d_img_d18_x11520_y78720.png,0.3056,291.16,185.15,296.19,191.66
ch2_ohr_ncp_20251009T1006356898_d_img_d18_x11520_y78720.png,0.3008,328.62,262.52,334.59,269.73
ch2_ohr_ncp_20251009T1006356898_d_img_d18_x11520_y78720.png,0.2959,326.48,580.33,334.64,593.18
ch2_ohr_ncp_20251009T1006356898_d_img_d18_x11520_y78720.png,0.294,0.1,610.26,18.5,638.76
ch2_ohr_ncp_20251009T1006356898_d_img_d18_x11520_y78720.png,0.2921,226.06,493.6,233.15,503.33
ch2_ohr_ncp_20251009T1006356898_d_img_d18_x11520_y78720.png,0.289,143.1,382.15,157.13,407.11
ch2_ohr_ncp_20251009T1006356898_d_img_d18_x11520_y78720.png,0.284,10.23,217.96,16.93,225.28
ch2_ohr_ncp_20251009T1006356898_d_img_d18_x11520_y78720.png,0.2818,333.59,376.25,350.12,399.55
ch2_ohr_ncp_20251009T1006356898_d_img_d18_x11520_y78720.png,0.2805,355.68,544.76,367.04,561.65
ch2_ohr_ncp_20251009T1006356898_d_img_d18_x11520_y78720.png,0.2795,44.55,522.01,50.47,530.18
ch2_ohr_ncp_20251009T1006356898_d_img_d18_x11520_y78720.png,0.2792,140.26,608.91,152.45,624.34
ch2_ohr_ncp_20251009T1006356898_d_img_d18_x11520_y78720.png,0.2769,396.21,567.06,402.27,574.79
ch2_ohr_ncp_20251009T1006356898_d_img_d18_x11520_y78720.png,0.2758,220.06,138.07,232.64,166.14
ch2_ohr_ncp_20251009T1006356898_d_img_d18_x11520_y78720.png,0.263,340.93,318.82,346.39,324.56
ch2_ohr_ncp_20251009T1006356898_d_img_d18_x11520_y78720.png,0.2578,122.7,620.62,129.9,630.4
ch2_ohr_ncp_20251009T1006356898_d_img_d18_x11520_y78720.png,0.2546,90.95,349.29,104.58,372.37
ch2_ohr_ncp_20251009T1006356898_d_img_d18_x11520_y78720.png,0.2475,187.16,483.11,193.23,493.08
ch2_ohr_ncp_20251009T1006356898_d_img_d18_x11520_y78720.png,0.2433,297.85,257.78,305.72,271.99
ch2_ohr_ncp_20251009T1006356898_d_img_d18_x11520_y78720.png,0.2389,250.11,21.66,256.44,30.54
ch2_ohr_ncp_20251009T1006356898_d_img_d18_x11520_y78720.png,0.238,407.92,607.82,443.15,639.51
ch2_ohr_ncp_20251009T1006356898_d_img_d18_x11520_y78720.png,0.2365,250.98,23.22,256.89,31.24
ch2_ohr_ncp_20251009T1006356898_d_img_d18_x11520_y78720.png,0.2285,122.24,279.43,127.36,285.76
ch2_ohr_ncp_20251009T1006356898_d_img_d18_x11520_y78720.png,0.2284,211.23,484.11,216.33,490.63
ch2_ohr_ncp_20251009T1006356898_d_img_d18_x11520_y78720.png,0.2281,244.4,593.87,251.73,603.89
ch2_ohr_ncp_20251009T1006356898_d_img_d18_x11520_y78720.png,0.2271,230.16,30.06,235.79,36.43
ch2_ohr_ncp_20251009T1006356898_d_img_d18_x11520_y78720.png,0.2214,26.16,231.69,31.15,237.2
ch2_ohr_ncp_20251009T1006356898_d_img_d18_x11520_y78720.png,0.2187,143.61,13.77,148.44,19.4
ch2_ohr_ncp_20251009T1006356898_d_img_d18_x11520_y78720.png,0.2176,191.31,115.64,197.3,126.1
ch2_ohr_ncp_20251009T1006356898_d_img_d18_x11520_y78720.png,0.2173,155.64,160.45,162.59,168.5
ch2_ohr_ncp_20251009T1006356898_d_img_d18_x11520_y78720.png,0.2106,300.69,196.47,315.64,221.3
ch2_ohr_ncp_20251009T1006356898_d_img_d18_x11520_y78720.png,0.21,156.56,579.88,163.57,590.24
ch2_ohr_ncp_20251009T1006356898_d_img_d18_x11520_y78720.png,0.207,148.81,41.88,157.64,54.11
ch2_ohr_ncp_20251009T1006356898_d_img_d18_x11520_y78720.png,0.2055,155.68,145.09,162.54,154.03
ch2_ohr_ncp_20251009T1006356898_d_img_d18_x11520_y78720.png,0.2042,88.45,333.11,92.61,338.66
ch2_ohr_ncp_20251009T1006356898_d_img_d18_x11520_y78720.png,0.203,218.91,42.95,228.12,58.62
ch2_ohr_ncp_20251009T1006356898_d_img_d18_x11520_y79360.png,0.4342,274.58,444.65,291.95,475.02
ch2_ohr_ncp_20251009T1006356898_d_img_d18_x11520_y79360.png,0.423,395.08,375.34,400.21,382.1
ch2_ohr_ncp_20251009T1006356898_d_img_d18_x11520_y79360.png,0.3804,411.62,492.4,418.84,502.54
ch2_ohr_ncp_20251009T1006356898_d_img_d18_x11520_y79360.png,0.3662,363.49,504.0,373.19,518.06
ch2_ohr_ncp_20251009T1006356898_d_img_d18_x11520_y79360.png,0.3444,313.26,633.07,320.23,639.59
ch2_ohr_ncp_20251009T1006356898_d_img_d18_x11520_y79360.png,0.3376,269.3,321.89,274.74,329.15
ch2_ohr_ncp_20251009T1006356898_d_img_d18_x11520_y79360.png,0.3334,51.7,94.55,57.79,101.39
ch2_ohr_ncp_20251009T1006356898_d_img_d18_x11520_y79360.png,0.3313,379.96,475.89,385.83,485.3
ch2_ohr_ncp_20251009T1006356898_d_img_d18_x11520_y79360.png,0.3284,468.3,562.17,476.21,574.16
ch2_ohr_ncp_20251009T1006356898_d_img_d18_x11520_y79360.png,0.3172,121.42,459.08,131.57,474.75
ch2_ohr_ncp_20251009T1006356898_d_img_d18_x11520_y79360.png,0.311,344.21,380.93,355.1,400.36
ch2_ohr_ncp_20251009T1006356898_d_img_d18_x11520_y79360.png,0.2971,391.64,335.91,404.73,359.5
ch2_ohr_ncp_20251009T1006356898_d_img_d18_x11520_y79360.png,0.2961,294.32,123.86,305.28,136.42
ch2_ohr_ncp_20251009T1006356898_d_img_d18_x11520_y79360.png,0.2938,416.37,325.65,425.94,338.67
ch2_ohr_ncp_20251009T1006356898_d_img_d18_x11520_y79360.png,0.2934,453.5,371.37,458.5,378.46
ch2_ohr_ncp_20251009T1006356898_d_img_d18_x11520_y79360.png,0.2874,458.15,392.05,468.28,408.07
ch2_ohr_ncp_20251009T1006356898_d_img_d18_x11520_y79360.png,0.2874,391.21,157.52,399.62,172.04
ch2_ohr_ncp_20251009T1006356898_d_img_d18_x11520_y79360.png,0.2853,420.45,420.4,427.57,431.16
ch2_ohr_ncp_20251009T1006356898_d_img_d18_x11520_y79360.png,0.2803,409.49,409.01,415.5,418.25
ch2_ohr_ncp_20251009T1006356898_d_img_d18_x11520_y79360.png,0.2753,443.92,343.77,453.49,356.06
ch2_ohr_ncp_20251009T1006356898_d_img_d18_x11520_y79360.png,0.2707,58.29,409.12,62.75,414.87
ch2_ohr_ncp_20251009T1006356898_d_img_d18_x11520_y79360.png,0.2624,108.78,370.67,116.94,382.24
ch2_ohr_ncp_20251009T1006356898_d_img_d18_x11520_y79360.png,0.2583,442.73,317.16,447.42,322.51
ch2_ohr_ncp_20251009T1006356898_d_img_d18_x11520_y79360.png,0.2581,310.91,142.97,316.57,149.5
ch2_ohr_ncp_20251009T1006356898_d_img_d18_x11520_y79360.png,0.254,436.58,431.2,443.55,439.84
ch2_ohr_ncp_20251009T1006356898_d_img_d18_x11520_y79360.png,0.2531,418.18,79.44,425.81,87.41
ch2_ohr_ncp_20251009T1006356898_d_img_d18_x11520_y79360.png,0.251,258.27,398.17,265.27,407.85
ch2_ohr_ncp_20251009T1006356898_d_img_d18_x11520_y79360.png,0.249,400.86,391.98,405.63,398.09
ch2_ohr_ncp_20251009T1006356898_d_img_d18_x11520_y79360.png,0.2489,8.51,7.5,18.17,24.6
ch2_ohr_ncp_20251009T1006356898_d_img_d18_x11520_y79360.png,0.2478,266.67,527.08,272.64,534.37
ch2_ohr_ncp_20251009T1006356898_d_img_d18_x11520_y79360.png,0.2419,111.8,360.18,118.81,369.36
ch2_ohr_ncp_20251009T1006356898_d_img_d18_x11520_y79360.png,0.2402,20.83,73.13,32.74,91.01
ch2_ohr_ncp_20251009T1006356898_d_img_d18_x11520_y79360.png,0.2401,16.39,365.93,23.64,375.15
ch2_ohr_ncp_20251009T1006356898_d_img_d18_x11520_y79360.png,0.2354,178.16,292.09,182.61,297.81
ch2_ohr_ncp_20251009T1006356898_d_img_d18_x11520_y79360.png,0.2282,356.73,303.96,367.1,324.2
ch2_ohr_ncp_20251009T1006356898_d_img_d18_x11520_y79360.png,0.2254,46.6,40.35,56.73,53.92
ch2_ohr_ncp_20251009T1006356898_d_img_d18_x11520_y79360.png,0.2208,292.2,422.15,297.57,429.12
ch2_ohr_ncp_20251009T1006356898_d_img_d18_x11520_y79360.png,0.2167,135.14,479.25,143.95,493.41
ch2_ohr_ncp_20251009T1006356898_d_img_d18_x11520_y79360.png,0.2125,361.49,445.73,373.26,463.97
ch2_ohr_ncp_20251009T1006356898_d_img_d18_x11520_y79360.png,0.2102,31.85,377.17,37.3,384.93
ch2_ohr_ncp_20251009T1006356898_d_img_d18_x11520_y79360.png,0.2082,326.79,153.83,334.54,162.57
ch2_ohr_ncp_20251009T1006356898_d_img_d18_x11520_y79360.png,0.2002,73.28,425.31,81.77,436.14
ch2_ohr_ncp_20251009T1006356898_d_img_d18_x11520_y80000.png,0.4359,421.55,489.0,435.06,514.0
ch2_ohr_ncp_20251009T1006356898_d_img_d18_x11520_y80000.png,0.4249,300.07,111.81,323.23,157.06
ch2_ohr_ncp_20251009T1006356898_d_img_d18_x11520_y80000.png,0.4124,462.16,329.65,475.34,353.13
ch2_ohr_ncp_20251009T1006356898_d_img_d18_x11520_y80000.png,0.4004,387.87,323.94,398.1,340.75
ch2_ohr_ncp_20251009T1006356898_d_img_d18_x11520_y80000.png,0.3744,473.76,631.08,479.8,638.02
ch2_ohr_ncp_20251009T1006356898_d_img_d18_x11520_y80000.png,0.3634,379.11,177.81,386.27,188.3
ch2_ohr_ncp_20251009T1006356898_d_img_d18_x11520_y80000.png,0.3547,2.46,96.01,14.27,113.12
ch2_ohr_ncp_20251009T1006356898_d_img_d18_x11520_y80000.png,0.3498,238.57,359.2,252.47,388.94
ch2_ohr_ncp_20251009T1006356898_d_img_d18_x11520_y80000.png,0.3346,7.41,153.46,12.65,159.89
ch2_ohr_ncp_20251009T1006356898_d_img_d18_x11520_y80000.png,0.3292,298.56,505.07,306.8,516.06
ch2_ohr_ncp_20251009T1006356898_d_img_d18_x11520_y80000.png,0.3278,372.75,362.46,378.8,370.0
ch2_ohr_ncp_20251009T1006356898_d_img_d18_x11520_y80000.png,0.3231,162.48,418.62,177.8,439.48
ch2_ohr_ncp_20251009T1006356898_d_img_d18_x11520_y80000.png,0.3218,179.79,93.36,187.9,102.18
ch2_ohr_ncp_20251009T1006356898_d_img_d18_x11520_y80000.png,0.3069,429.66,627.39,436.36,636.29
ch2_ohr_ncp_20251009T1006356898_d_img_d18_x11520_y80000.png,0.305,389.45,265.67,395.08,272.24
ch2_ohr_ncp_20251009T1006356898_d_img_d18_x11520_y80000.png,0.2932,75.26,444.77,81.72,453.58
ch2_ohr_ncp_20251009T1006356898_d_img_d18_x11520_y80000.png,0.2827,335.95,598.6,345.44,609.23
ch2_ohr_ncp_20251009T1006356898_d_img_d18_x11520_y80000.png,0.2792,471.3,35.35,477.32,43.49
ch2_ohr_ncp_20251009T1006356898_d_img_d18_x11520_y80000.png,0.276,116.09,540.25,124.01,550.78
ch2_ohr_ncp_20251009T1006356898_d_img_d18_x11520_y80000.png,0.2747,316.09,538.93,321.4,545.2
ch2_ohr_ncp_20251009T1006356898_d_img_d18_x11520_y80000.png,0.2672,249.36,212.02,257.38,220.56
ch2_ohr_ncp_20251009T1006356898_d_img_d18_x11520_y80000.png,0.2654,88.71,171.36,98.84,183.75
ch2_ohr_ncp_20251009T1006356898_d_img_d18_x11520_y80000.png,0.2573,116.18,279.85,126.14,299.84
ch2_ohr_ncp_20251009T1006356898_d_img_d18_x11520_y80000.png,0.2547,340.92,353.75,347.44,361.66
ch2_ohr_ncp_20251009T1006356898_d_img_d18_x11520_y80000.png,0.2399,159.74,486.16,179.42,525.26
ch2_ohr_ncp_20251009T1006356898_d_img_d18_x11520_y80000.png,0.2397,9.33,276.93,17.73,292.34
ch2_ohr_ncp_20251009T1006356898_d_img_d18_x11520_y80000.png,0.2376,255.65,198.78,261.38,207.16
ch2_ohr_ncp_20251009T1006356898_d_img_d18_x11520_y80000.png,0.2342,11.26,315.35,17.63,323.63
ch2_ohr_ncp_20251009T1006356898_d_img_d18_x11520_y80000.png,0.2324,428.32,471.03,435.1,479.89
ch2_ohr_ncp_20251009T1006356898_d_img_d18_x11520_y80000.png,0.2303,11.3,325.69,21.5,339.37
ch2_ohr_ncp_20251009T1006356898_d_img_d18_x11520_y80000.png,0.2277,388.75,322.41,399.83,339.93
ch2_ohr_ncp_20251009T1006356898_d_img_d18_x11520_y80000.png,0.2199,282.79,518.79,290.31,528.55
ch2_ohr_ncp_20251009T1006356898_d_img_d18_x11520_y80000.png,0.2191,381.84,236.38,390.05,244.43
ch2_ohr_ncp_20251009T1006356898_d_img_d18_x11520_y80000.png,0.2179,311.39,0.0,320.25,8.16
ch2_ohr_ncp_20251009T1006356898_d_img_d18_x11520_y80000.png,0.2174,224.07,108.04,233.74,118.43
ch2_ohr_ncp_20251009T1006356898_d_img_d18_x11520_y80000.png,0.2162,470.49,621.08,478.12,630.07
ch2_ohr_ncp_20251009T1006356898_d_img_d18_x11520_y80000.png,0.2156,124.54,105.87,129.85,112.35
ch2_ohr_ncp_20251009T1006356898_d_img_d18_x11520_y80000.png,0.215,152.7,540.69,167.72,567.67
ch2_ohr_ncp_20251009T1006356898_d_img_d18_x11520_y80000.png,0.2146,355.17,129.14,360.75,136.31
ch2_ohr_ncp_20251009T1006356898_d_img_d18_x11520_y80000.png,0.2097,297.2,57.05,305.32,66.65
ch2_ohr_ncp_20251009T1006356898_d_img_d18_x11520_y80000.png,0.2083,64.89,285.36,69.32,290.53
ch2_ohr_ncp_20251009T1006356898_d_img_d18_x11520_y80000.png,0.2064,408.11,589.29,415.1,598.7
ch2_ohr_ncp_20251009T1006356898_d_img_d18_x11520_y80000.png,0.2063,463.65,44.3,469.08,51.7
ch2_ohr_ncp_20251009T1006356898_d_img_d18_x11520_y80000.png,0.2061,13.01,323.25,24.05,339.73
ch2_ohr_ncp_20251009T1006356898_d_img_d18_x11520_y80000.png,0.2059,460.4,12.15,465.89,18.41
ch2_ohr_ncp_20251009T1006356898_d_img_d18_x11520_y80000.png,0.2055,182.64,76.62,190.09,87.47
ch2_ohr_ncp_20251009T1006356898_d_img_d18_x11520_y80000.png,0.2047,405.61,358.2,418.76,374.68
ch2_ohr_ncp_20251009T1006356898_d_img_d18_x11520_y80000.png,0.2043,0.53,434.41,6.83,447.29
ch2_ohr_ncp_20251009T1006356898_d_img_d18_x11520_y80000.png,0.2019,0.17,250.85,5.47,260.16
ch2_ohr_ncp_20251009T1006356898_d_img_d18_x11520_y80640.png,0.5506,275.03,615.02,293.41,640.0
ch2_ohr_ncp_20251009T1006356898_d_img_d18_x11520_y80640.png,0.4422,343.66,520.66,352.26,532.83
ch2_ohr_ncp_20251009T1006356898_d_img_d18_x11520_y80640.png,0.4367,109.77,321.02,124.58,342.4
ch2_ohr_ncp_20251009T1006356898_d_img_d18_x11520_y80640.png,0.4337,16.95,186.93,27.5,211.71
ch2_ohr_ncp_20251009T1006356898_d_img_d18_x11520_y80640.png,0.4296,64.04,337.88,73.54,352.39
ch2_ohr_ncp_20251009T1006356898_d_img_d18_x11520_y80640.png,0.4205,449.53,376.72,459.12,396.13
ch2_ohr_ncp_20251009T1006356898_d_img_d18_x11520_y80640.png,0.4142,171.14,474.88,178.77,483.99
ch2_ohr_ncp_20251009T1006356898_d_img_d18_x11520_y80640.png,0.3983,386.52,329.16,393.61,338.19
ch2_ohr_ncp_20251009T1006356898_d_img_d18_x11520_y80640.png,0.3873,169.91,284.94,176.63,293.08
ch2_ohr_ncp_20251009T1006356898_d_img_d18_x11520_y80640.png,0.3816,343.44,633.14,351.19,639.8
ch2_ohr_ncp_20251009T1006356898_d_img_d18_x11520_y80640.png,0.3805,232.08,183.56,244.54,200.93
ch2_ohr_ncp_20251009T1006356898_d_img_d18_x11520_y80640.png,0.3793,21.31,338.48,32.76,352.26
ch2_ohr_ncp_20251009T1006356898_d_img_d18_x11520_y80640.png,0.3701,435.06,369.93,442.83,384.89
ch2_ohr_ncp_20251009T1006356898_d_img_d18_x11520_y80640.png,0.3678,90.47,632.32,96.9,639.25
ch2_ohr_ncp_20251009T1006356898_d_img_d18_x11520_y80640.png,0.3657,106.76,506.68,113.49,514.23
ch2_ohr_ncp_20251009T1006356898_d_img_d18_x11520_y80640.png,0.3625,295.67,507.9,304.26,520.9
ch2_ohr_ncp_20251009T1006356898_d_img_d18_x11520_y80640.png,0.3573,210.91,419.1,217.71,428.61
ch2_ohr_ncp_20251009T1006356898_d_img_d18_x11520_y80640.png,0.3559,146.63,605.1,155.27,616.06
ch2_ohr_ncp_20251009T1006356898_d_img_d18_x11520_y80640.png,0.3531,245.67,471.98,255.18,491.07
ch2_ohr_ncp_20251009T1006356898_d_img_d18_x11520_y80640.png,0.3514,449.4,242.21,457.95,254.79
ch2_ohr_ncp_20251009T1006356898_d_img_d18_x11520_y80640.png,0.3511,251.2,627.17,260.91,639.82
ch2_ohr_ncp_20251009T1006356898_d_img_d18_x11520_y80640.png,0.3414,170.81,521.57,178.59,531.68
ch2_ohr_ncp_20251009T1006356898_d_img_d18_x11520_y80640.png,0.3323,194.08,447.51,203.86,465.44
ch2_ohr_ncp_20251009T1006356898_d_img_d18_x11520_y80640.png,0.3123,436.82,261.5,443.44,269.94
ch2_ohr_ncp_20251009T1006356898_d_img_d18_x11520_y80640.png,0.295,297.19,258.34,303.8,267.56
ch2_ohr_ncp_20251009T1006356898_d_img_d18_x11520_y80640.png,0.2863,421.19,611.43,427.46,618.47
ch2_ohr_ncp_20251009T1006356898_d_img_d18_x11520_y80640.png,0.2845,212.27,586.41,220.83,598.45
ch2_ohr_ncp_20251009T1006356898_d_img_d18_x11520_y80640.png,0.2833,322.39,506.41,327.92,516.13
ch2_ohr_ncp_20251009T1006356898_d_img_d18_x11520_y80640.png,0.2816,54.34,607.17,60.86,617.31
ch2_ohr_ncp_20251009T1006356898_d_img_d18_x11520_y80640.png,0.2804,317.93,438.74,323.32,444.86
ch2_ohr_ncp_20251009T1006356898_d_img_d18_x11520_y80640.png,0.2791,404.73,522.62,413.83,536.07
ch2_ohr_ncp_20251009T1006356898_d_img_d18_x11520_y80640.png,0.2759,381.5,285.79,388.09,294.52
ch2_ohr_ncp_20251009T1006356898_d_img_d18_x11520_y80640.png,0.2729,260.61,472.72,271.48,489.35
ch2_ohr_ncp_20251009T1006356898_d_img_d18_x11520_y80640.png,0.2712,270.49,603.22,279.2,616.02
ch2_ohr_ncp_20251009T1006356898_d_img_d18_x11520_y80640.png,0.2704,251.97,616.97,264.22,640.0
ch2_ohr_ncp_20251009T1006356898_d_img_d18_x11520_y80640.png,0.2668,345.51,97.48,354.21,109.47
ch2_ohr_ncp_20251009T1006356898_d_img_d18_x11520_y80640.png,0.2665,463.64,144.41,472.53,156.42
ch2_ohr_ncp_20251009T1006356898_d_img_d18_x11520_y80640.png,0.2662,252.62,619.31,262.67,635.01
ch2_ohr_ncp_20251009T1006356898_d_img_d18_x11520_y80640.png,0.2554,19.22,581.67,25.18,589.24
ch2_ohr_ncp_20251009T1006356898_d_img_d18_x11520_y80640.png,0.2531,375.75,340.01,383.69,349.76
ch2_ohr_ncp_20251009T1006356898_d_img_d18_x11520_y80640.png,0.2456,289.38,202.9,298.83,216.28
ch2_ohr_ncp_20251009T1006356898_d_img_d18_x11520_y80640.png,0.2444,286.27,374.38,295.49,383.58
ch2_ohr_ncp_20251009T1006356898_d_img_d18_x11520_y80640.png,0.24,35.47,465.82,41.96,474.26
ch2_ohr_ncp_20251009T1006356898_d_img_d18_x11520_y80640.png,0.2394,115.72,585.94,120.75,591.46
ch2_ohr_ncp_20251009T1006356898_d_img_d18_x11520_y80640.png,0.2383,236.83,557.93,242.6,563.93
ch2_ohr_ncp_20251009T1006356898_d_img_d18_x11520_y80640.png,0.238,246.05,558.11,250.83,564.16
ch2_ohr_ncp_20251009T1006356898_d_img_d18_x11520_y80640.png,0.2336,285.24,313.75,291.56,322.66
ch2_ohr_ncp_20251009T1006356898_d_img_d18_x11520_y80640.png,0.2328,0.72,228.67,9.66,245.41
ch2_ohr_ncp_20251009T1006356898_d_img_d18_x11520_y80640.png,0.2309,285.17,285.35,301.2,307.09
ch2_ohr_ncp_20251009T1006356898_d_img_d18_x11520_y80640.png,0.2306,317.56,457.86,322.35,463.65
ch2_ohr_ncp_20251009T1006356898_d_img_d18_x11520_y80640.png,0.2242,25.67,630.84,31.47,638.13
ch2_ohr_ncp_20251009T1006356898_d_img_d18_x11520_y80640.png,0.223,252.98,618.54,263.11,630.7
ch2_ohr_ncp_20251009T1006356898_d_img_d18_x11520_y80640.png,0.2201,0.0,624.58,3.93,632.28
ch2_ohr_ncp_20251009T1006356898_d_img_d18_x11520_y80640.png,0.219,338.84,607.91,350.57,623.13
ch2_ohr_ncp_20251009T1006356898_d_img_d18_x11520_y80640.png,0.217,186.35,630.89,202.08,640.0
ch2_ohr_ncp_20251009T1006356898_d_img_d18_x11520_y80640.png,0.2168,189.46,306.29,198.26,315.89
ch2_ohr_ncp_20251009T1006356898_d_img_d18_x11520_y80640.png,0.2158,110.97,595.29,115.92,602.18
ch2_ohr_ncp_20251009T1006356898_d_img_d18_x11520_y80640.png,0.2153,205.84,631.46,216.77,639.85
ch2_ohr_ncp_20251009T1006356898_d_img_d18_x11520_y80640.png,0.2152,394.06,557.94,399.13,562.52
ch2_ohr_ncp_20251009T1006356898_d_img_d18_x11520_y80640.png,0.2151,389.13,581.88,401.52,596.35
ch2_ohr_ncp_20251009T1006356898_d_img_d18_x11520_y80640.png,0.2111,112.79,267.55,120.57,276.39
ch2_ohr_ncp_20251009T1006356898_d_img_d18_x11520_y80640.png,0.2107,92.38,340.77,100.24,350.66
ch2_ohr_ncp_20251009T1006356898_d_img_d18_x11520_y80640.png,0.2098,229.65,477.21,234.89,482.4
ch2_ohr_ncp_20251009T1006356898_d_img_d18_x11520_y80640.png,0.2096,176.78,161.16,184.28,170.94
ch2_ohr_ncp_20251009T1006356898_d_img_d18_x11520_y80640.png,0.208,291.22,436.8,297.44,445.59
ch2_ohr_ncp_20251009T1006356898_d_img_d18_x11520_y80640.png,0.208,256.28,412.86,262.66,421.24
ch2_ohr_ncp_20251009T1006356898_d_img_d18_x11520_y80640.png,0.203,372.1,313.84,380.25,323.15
ch2_ohr_ncp_20251009T1006356898_d_img_d18_x11520_y80640.png,0.2019,244.83,473.64,253.9,490.15
ch2_ohr_ncp_20251009T1006356898_d_img_d18_x11520_y81280.png,0.4438,52.72,509.4,63.81,533.17
ch2_ohr_ncp_20251009T1006356898_d_img_d18_x11520_y81280.png,0.4188,75.36,40.85,82.0,51.27
ch2_ohr_ncp_20251009T1006356898_d_img_d18_x11520_y81280.png,0.4069,188.87,101.96,207.04,136.57
ch2_ohr_ncp_20251009T1006356898_d_img_d18_x11520_y81280.png,0.3962,3.11,48.82,9.31,57.28
ch2_ohr_ncp_20251009T1006356898_d_img_d18_x11520_y81280.png,0.3869,367.74,583.75,375.84,598.06
ch2_ohr_ncp_20251009T1006356898_d_img_d18_x11520_y81280.png,0.3817,335.43,91.83,344.82,111.26
ch2_ohr_ncp_20251009T1006356898_d_img_d18_x11520_y81280.png,0.3444,394.88,85.4,412.61,109.72
ch2_ohr_ncp_20251009T1006356898_d_img_d18_x11520_y81280.png,0.3235,1.11,400.83,8.89,411.39
ch2_ohr_ncp_20251009T1006356898_d_img_d18_x11520_y81280.png,0.2946,349.03,377.07,354.05,383.49
ch2_ohr_ncp_20251009T1006356898_d_img_d18_x11520_y81280.png,0.291,222.07,71.32,231.63,83.18
ch2_ohr_ncp_20251009T1006356898_d_img_d18_x11520_y81280.png,0.287,101.11,348.5,107.29,356.1
ch2_ohr_ncp_20251009T1006356898_d_img_d18_x11520_y81280.png,0.279,79.22,518.32,96.13,547.73
ch2_ohr_ncp_20251009T1006356898_d_img_d18_x11520_y81280.png,0.2785,322.82,120.54,340.6,159.53
ch2_ohr_ncp_20251009T1006356898_d_img_d18_x11520_y81280.png,0.2555,220.82,523.65,233.67,546.61
ch2_ohr_ncp_20251009T1006356898_d_img_d18_x11520_y81280.png,0.2552,414.47,156.49,419.99,163.64
ch2_ohr_ncp_20251009T1006356898_d_img_d18_x11520_y81280.png,0.2532,291.31,232.78,297.89,240.82
ch2_ohr_ncp_20251009T1006356898_d_img_d18_x11520_y81280.png,0.2459,268.83,562.34,275.68,570.17
ch2_ohr_ncp_20251009T1006356898_d_img_d18_x11520_y81280.png,0.2441,210.95,416.58,216.24,422.96
ch2_ohr_ncp_20251009T1006356898_d_img_d18_x11520_y81280.png,0.2417,47.41,93.52,54.58,104.78
ch2_ohr_ncp_20251009T1006356898_d_img_d18_x11520_y81280.png,0.2336,356.83,305.88,361.62,311.39
ch2_ohr_ncp_20251009T1006356898_d_img_d18_x11520_y81280.png,0.2331,321.1,504.95,328.09,513.76
ch2_ohr_ncp_20251009T1006356898_d_img_d18_x11520_y81280.png,0.2211,53.57,497.29,58.97,504.11
ch2_ohr_ncp_20251009T1006356898_d_img_d18_x11520_y81280.png,0.2176,326.83,271.06,331.97,278.68
ch2_ohr_ncp_20251009T1006356898_d_img_d18_x11520_y81280.png,0.2165,398.07,583.93,405.72,594.49
ch2_ohr_ncp_20251009T1006356898_d_img_d18_x11520_y81280.png,0.2135,393.59,73.55,400.39,83.3
ch2_ohr_ncp_20251009T1006356898_d_img_d18_x11520_y81280.png,0.2064,173.08,556.43,179.62,565.27
ch2_ohr_ncp_20251009T1006356898_d_img_d18_x11520_y81280.png,0.2042,394.26,574.17,399.71,579.75
ch2_ohr_ncp_20251009T1006356898_d_img_d18_x11520_y81920.png,0.2451,346.74,294.6,354.76,304.35
ch2_ohr_ncp_20251009T1006356898_d_img_d18_x11520_y81920.png,0.2261,230.61,616.19,242.25,633.84
ch2_ohr_ncp_20251009T1006356898_d_img_d18_x11520_y81920.png,0.2086,422.47,605.12,435.98,626.24
ch2_ohr_ncp_20251009T1006356898_d_img_d18_x11520_y82560.png,0.3162,171.22,631.92,179.26,639.8
ch2_ohr_ncp_20251009T1006356898_d_img_d18_x11520_y82560.png,0.2946,451.18,271.45,465.9,291.31
ch2_ohr_ncp_20251009T1006356898_d_img_d18_x11520_y82560.png,0.2768,453.85,251.12,460.78,258.38
ch2_ohr_ncp_20251009T1006356898_d_img_d18_x11520_y82560.png,0.2705,451.76,271.05,468.47,288.38
ch2_ohr_ncp_20251009T1006356898_d_img_d18_x11520_y82560.png,0.2674,141.18,374.43,148.04,382.48
ch2_ohr_ncp_20251009T1006356898_d_img_d18_x11520_y82560.png,0.216,446.93,277.75,464.59,304.7
ch2_ohr_ncp_20251009T1006356898_d_img_d18_x11520_y82560.png,0.2105,194.44,628.46,199.93,634.91
ch2_ohr_ncp_20251009T1006356898_d_img_d18_x11520_y82560.png,0.21,171.6,630.68,179.52,638.57
ch2_ohr_ncp_20251009T1006356898_d_img_d18_x11520_y82560.png,0.2098,171.83,12.13,178.4,20.52
ch2_ohr_ncp_20251009T1006356898_d_img_d18_x11520_y83200.png,0.3108,204.63,274.13,218.58,303.11
ch2_ohr_ncp_20251009T1006356898_d_img_d18_x11520_y83200.png,0.2837,18.74,592.53,28.29,606.76
ch2_ohr_ncp_20251009T1006356898_d_img_d18_x11520_y83200.png,0.2827,2.98,614.65,15.41,639.8
ch2_ohr_ncp_20251009T1006356898_d_img_d18_x11520_y83200.png,0.2816,100.33,336.77,119.84,373.55
ch2_ohr_ncp_20251009T1006356898_d_img_d18_x11520_y83200.png,0.2642,435.93,456.54,449.4,485.61
ch2_ohr_ncp_20251009T1006356898_d_img_d18_x11520_y83200.png,0.2262,402.07,470.3,408.45,479.18
ch2_ohr_ncp_20251009T1006356898_d_img_d18_x11520_y83200.png,0.2227,52.18,621.63,60.41,635.94
ch2_ohr_ncp_20251009T1006356898_d_img_d18_x11520_y83200.png,0.2172,449.21,619.7,455.1,628.14
ch2_ohr_ncp_20251009T1006356898_d_img_d18_x11520_y83200.png,0.2149,271.61,345.92,278.04,355.97
ch2_ohr_ncp_20251009T1006356898_d_img_d18_x11520_y83200.png,0.2099,2.57,614.37,20.33,640.0
ch2_ohr_ncp_20251009T1006356898_d_img_d18_x11520_y83200.png,0.2046,461.35,398.66,474.62,420.57
ch2_ohr_ncp_20251009T1006356898_d_img_d18_x11520_y83840.png,0.3482,122.52,154.7,128.06,161.89
ch2_ohr_ncp_20251009T1006356898_d_img_d18_x11520_y83840.png,0.3153,320.22,457.62,327.58,464.74
ch2_ohr_ncp_20251009T1006356898_d_img_d18_x11520_y83840.png,0.3134,464.33,148.29,473.54,163.27
ch2_ohr_ncp_20251009T1006356898_d_img_d18_x11520_y83840.png,0.2988,245.3,235.81,250.65,243.71
ch2_ohr_ncp_20251009T1006356898_d_img_d18_x11520_y83840.png,0.2834,274.35,284.9,280.32,293.78
ch2_ohr_ncp_20251009T1006356898_d_img_d18_x11520_y83840.png,0.2646,274.17,80.09,288.98,104.39
ch2_ohr_ncp_20251009T1006356898_d_img_d18_x11520_y83840.png,0.2498,362.52,216.43,367.65,222.48
ch2_ohr_ncp_20251009T1006356898_d_img_d18_x11520_y83840.png,0.2289,108.56,267.16,117.95,280.25
ch2_ohr_ncp_20251009T1006356898_d_img_d18_x11520_y83840.png,0.2285,33.22,81.02,42.38,92.76
ch2_ohr_ncp_20251009T1006356898_d_img_d18_x11520_y83840.png,0.2215,3.6,344.63,13.12,357.51
ch2_ohr_ncp_20251009T1006356898_d_img_d18_x11520_y83840.png,0.2164,289.93,376.34,295.31,383.11
ch2_ohr_ncp_20251009T1006356898_d_img_d18_x11520_y83840.png,0.2158,100.5,578.06,106.24,586.57
ch2_ohr_ncp_20251009T1006356898_d_img_d18_x11520_y83840.png,0.2107,145.24,417.23,152.18,427.6
ch2_ohr_ncp_20251009T1006356898_d_img_d18_x11520_y83840.png,0.2068,266.27,55.74,273.62,64.35
ch2_ohr_ncp_20251009T1006356898_d_img_d18_x11520_y83840.png,0.2047,402.89,456.9,407.65,462.8
ch2_ohr_ncp_20251009T1006356898_d_img_d18_x11520_y83840.png,0.2038,176.96,236.26,185.12,248.95
ch2_ohr_ncp_20251009T1006356898_d_img_d18_x11520_y83840.png,0.2019,259.43,256.77,264.8,265.63
ch2_ohr_ncp_20251009T1006356898_d_img_d18_x11520_y83840.png,0.2018,155.12,91.21,160.85,100.51
ch2_ohr_ncp_20251009T1006356898_d_img_d18_x11520_y83840.png,0.2016,394.33,474.41,404.8,489.32
ch2_ohr_ncp_20251009T1006356898_d_img_d18_x11520_y83840.png,0.2011,124.52,274.19,137.12,298.54
ch2_ohr_ncp_20251009T1006356898_d_img_d18_x11520_y84480.png,0.5244,362.67,345.65,380.72,380.77
ch2_ohr_ncp_20251009T1006356898_d_img_d18_x11520_y84480.png,0.4187,387.56,103.57,400.53,123.19
ch2_ohr_ncp_20251009T1006356898_d_img_d18_x11520_y84480.png,0.4097,460.79,417.84,476.25,448.3
ch2_ohr_ncp_20251009T1006356898_d_img_d18_x11520_y84480.png,0.4018,435.87,66.48,442.17,75.65
ch2_ohr_ncp_20251009T1006356898_d_img_d18_x11520_y84480.png,0.3952,233.17,566.18,247.11,586.15
ch2_ohr_ncp_20251009T1006356898_d_img_d18_x11520_y84480.png,0.3887,433.95,0.48,441.78,14.15
ch2_ohr_ncp_20251009T1006356898_d_img_d18_x11520_y84480.png,0.3735,140.84,604.89,155.15,633.66
ch2_ohr_ncp_20251009T1006356898_d_img_d18_x11520_y84480.png,0.3694,440.62,396.73,445.73,404.69
ch2_ohr_ncp_20251009T1006356898_d_img_d18_x11520_y84480.png,0.3654,428.52,77.87,435.03,86.73
ch2_ohr_ncp_20251009T1006356898_d_img_d18_x11520_y84480.png,0.3642,100.18,23.68,109.74,39.62
ch2_ohr_ncp_20251009T1006356898_d_img_d18_x11520_y84480.png,0.3523,379.13,601.9,386.82,613.92
ch2_ohr_ncp_20251009T1006356898_d_img_d18_x11520_y84480.png,0.3484,468.6,624.43,476.94,635.89
ch2_ohr_ncp_20251009T1006356898_d_img_d18_x11520_y84480.png,0.3479,5.66,82.65,16.42,103.9
ch2_ohr_ncp_20251009T1006356898_d_img_d18_x11520_y84480.png,0.3433,270.83,181.43,282.3,205.32
ch2_ohr_ncp_20251009T1006356898_d_img_d18_x11520_y84480.png,0.333,274.83,576.63,281.39,584.94
ch2_ohr_ncp_20251009T1006356898_d_img_d18_x11520_y84480.png,0.3294,106.15,98.92,112.91,107.15
ch2_ohr_ncp_20251009T1006356898_d_img_d18_x11520_y84480.png,0.3283,169.73,306.54,178.23,320.4
ch2_ohr_ncp_20251009T1006356898_d_img_d18_x11520_y84480.png,0.325,218.43,286.84,233.41,316.21
ch2_ohr_ncp_20251009T1006356898_d_img_d18_x11520_y84480.png,0.3243,443.33,325.25,449.96,335.74
ch2_ohr_ncp_20251009T1006356898_d_img_d18_x11520_y84480.png,0.3139,451.77,390.43,456.86,396.15
ch2_ohr_ncp_20251009T1006356898_d_img_d18_x11520_y84480.png,0.3125,26.7,377.19,32.52,384.48
ch2_ohr_ncp_20251009T1006356898_d_img_d18_x11520_y84480.png,0.306,400.67,98.31,407.59,107.68
ch2_ohr_ncp_20251009T1006356898_d_img_d18_x11520_y84480.png,0.3012,354.0,88.74,363.05,98.52
ch2_ohr_ncp_20251009T1006356898_d_img_d18_x11520_y84480.png,0.2949,326.15,309.78,336.04,325.46
ch2_ohr_ncp_20251009T1006356898_d_img_d18_x11520_y84480.png,0.2911,122.65,360.65,128.1,367.49
ch2_ohr_ncp_20251009T1006356898_d_img_d18_x11520_y84480.png,0.2786,323.28,282.62,329.23,292.27
ch2_ohr_ncp_20251009T1006356898_d_img_d18_x11520_y84480.png,0.2783,288.23,371.69,305.46,407.5
ch2_ohr_ncp_20251009T1006356898_d_img_d18_x11520_y84480.png,0.2765,202.54,331.8,210.03,342.42
ch2_ohr_ncp_20251009T1006356898_d_img_d18_x11520_y84480.png,0.2711,133.64,377.87,140.18,387.5
ch2_ohr_ncp_20251009T1006356898_d_img_d18_x11520_y84480.png,0.2709,36.95,198.75,49.7,211.42
ch2_ohr_ncp_20251009T1006356898_d_img_d18_x11520_y84480.png,0.2683,139.66,55.32,144.72,61.03
ch2_ohr_ncp_20251009T1006356898_d_img_d18_x11520_y84480.png,0.2679,449.42,32.92,464.36,56.51
ch2_ohr_ncp_20251009T1006356898_d_img_d18_x11520_y84480.png,0.2666,271.6,410.82,277.89,420.3
ch2_ohr_ncp_20251009T1006356898_d_img_d18_x11520_y84480.png,0.2659,447.21,208.6,454.85,218.01
ch2_ohr_ncp_20251009T1006356898_d_img_d18_x11520_y84480.png,0.2627,329.74,340.28,339.04,354.25
ch2_ohr_ncp_20251009T1006356898_d_img_d18_x11520_y84480.png,0.2557,206.27,228.43,214.23,245.09
ch2_ohr_ncp_20251009T1006356898_d_img_d18_x11520_y84480.png,0.2518,353.67,192.15,367.16,213.84
ch2_ohr_ncp_20251009T1006356898_d_img_d18_x11520_y84480.png,0.2502,210.58,419.18,222.8,444.04
ch2_ohr_ncp_20251009T1006356898_d_img_d18_x11520_y84480.png,0.2464,324.89,91.34,337.65,107.1
ch2_ohr_ncp_20251009T1006356898_d_img_d18_x11520_y84480.png,0.2439,417.82,216.1,423.75,223.51
ch2_ohr_ncp_20251009T1006356898_d_img_d18_x11520_y84480.png,0.2417,454.83,131.5,462.05,141.18
ch2_ohr_ncp_20251009T1006356898_d_img_d18_x11520_y84480.png,0.2365,239.92,359.6,248.87,372.18
ch2_ohr_ncp_20251009T1006356898_d_img_d18_x11520_y84480.png,0.2335,323.54,531.96,338.41,556.39
ch2_ohr_ncp_20251009T1006356898_d_img_d18_x11520_y84480.png,0.2312,20.89,208.4,32.8,234.57
ch2_ohr_ncp_20251009T1006356898_d_img_d18_x11520_y84480.png,0.2296,276.01,611.2,283.9,622.01
ch2_ohr_ncp_20251009T1006356898_d_img_d18_x11520_y84480.png,0.229,111.89,393.38,120.16,403.73
ch2_ohr_ncp_20251009T1006356898_d_img_d18_x11520_y84480.png,0.2185,424.74,353.08,432.79,365.06
ch2_ohr_ncp_20251009T1006356898_d_img_d18_x11520_y84480.png,0.2148,3.4,144.81,8.73,150.14
ch2_ohr_ncp_20251009T1006356898_d_img_d18_x11520_y84480.png,0.211,48.01,370.41,57.21,385.14
ch2_ohr_ncp_20251009T1006356898_d_img_d18_x11520_y84480.png,0.21,60.99,140.61,67.35,147.36
ch2_ohr_ncp_20251009T1006356898_d_img_d18_x11520_y84480.png,0.2064,200.96,195.71,207.42,208.39
ch2_ohr_ncp_20251009T1006356898_d_img_d18_x11520_y84480.png,0.2061,258.15,157.49,263.29,164.03
ch2_ohr_ncp_20251009T1006356898_d_img_d18_x11520_y84480.png,0.2029,116.65,488.02,123.37,495.61
ch2_ohr_ncp_20251009T1006356898_d_img_d18_x11520_y84480.png,0.2008,15.47,522.96,23.66,536.57
ch2_ohr_ncp_20251009T1006356898_d_img_d18_x11520_y85120.png,0.4621,207.26,614.81,229.26,640.0
ch2_ohr_ncp_20251009T1006356898_d_img_d18_x11520_y85120.png,0.3612,150.14,476.17,160.91,500.92
ch2_ohr_ncp_20251009T1006356898_d_img_d18_x11520_y85120.png,0.3314,57.81,321.27,65.63,334.1
ch2_ohr_ncp_20251009T1006356898_d_img_d18_x11520_y85120.png,0.3131,364.62,120.17,375.9,136.97
ch2_ohr_ncp_20251009T1006356898_d_img_d18_x11520_y85120.png,0.2868,178.51,619.36,184.39,626.67
ch2_ohr_ncp_20251009T1006356898_d_img_d18_x11520_y85120.png,0.2557,250.06,613.7,260.02,629.73
ch2_ohr_ncp_20251009T1006356898_d_img_d18_x11520_y85120.png,0.2484,6.24,629.02,11.85,636.68
ch2_ohr_ncp_20251009T1006356898_d_img_d18_x11520_y85120.png,0.2414,197.42,8.55,205.96,21.67
ch2_ohr_ncp_20251009T1006356898_d_img_d18_x11520_y85120.png,0.2351,54.1,428.96,60.6,438.63
ch2_ohr_ncp_20251009T1006356898_d_img_d18_x11520_y85120.png,0.2219,126.29,39.92,164.84,82.1
ch2_ohr_ncp_20251009T1006356898_d_img_d18_x11520_y85120.png,0.2144,315.77,142.3,322.23,150.03
ch2_ohr_ncp_20251009T1006356898_d_img_d18_x11520_y85120.png,0.2014,268.72,628.55,279.56,639.43
ch2_ohr_ncp_20251009T1006356898_d_img_d18_x11520_y85760.png,0.4182,336.76,363.15,347.26,380.87
ch2_ohr_ncp_20251009T1006356898_d_img_d18_x11520_y85760.png,0.4144,252.9,378.07,260.46,389.18
ch2_ohr_ncp_20251009T1006356898_d_img_d18_x11520_y85760.png,0.3963,279.49,397.64,287.46,409.54
ch2_ohr_ncp_20251009T1006356898_d_img_d18_x11520_y85760.png,0.3937,365.31,338.64,391.54,385.42
ch2_ohr_ncp_20251009T1006356898_d_img_d18_x11520_y85760.png,0.3846,34.46,615.13,41.09,624.6
ch2_ohr_ncp_20251009T1006356898_d_img_d18_x11520_y85760.png,0.3823,19.5,633.0,26.42,639.6
ch2_ohr_ncp_20251009T1006356898_d_img_d18_x11520_y85760.png,0.357,251.54,452.5,258.03,461.26
ch2_ohr_ncp_20251009T1006356898_d_img_d18_x11520_y85760.png,0.3548,127.39,18.81,140.57,45.71
ch2_ohr_ncp_20251009T1006356898_d_img_d18_x11520_y85760.png,0.3457,357.94,394.28,365.38,404.59
ch2_ohr_ncp_20251009T1006356898_d_img_d18_x11520_y85760.png,0.3399,362.92,407.28,369.14,415.13
ch2_ohr_ncp_20251009T1006356898_d_img_d18_x11520_y85760.png,0.3387,363.04,418.69,376.79,444.11
ch2_ohr_ncp_20251009T1006356898_d_img_d18_x11520_y85760.png,0.3103,335.04,394.26,343.52,407.49
ch2_ohr_ncp_20251009T1006356898_d_img_d18_x11520_y85760.png,0.3069,199.77,260.45,222.3,286.29
ch2_ohr_ncp_20251009T1006356898_d_img_d18_x11520_y85760.png,0.3035,423.42,503.62,438.19,526.06
ch2_ohr_ncp_20251009T1006356898_d_img_d18_x11520_y85760.png,0.293,182.77,246.77,189.92,255.92
ch2_ohr_ncp_20251009T1006356898_d_img_d18_x11520_y85760.png,0.285,251.27,270.29,256.93,277.21
ch2_ohr_ncp_20251009T1006356898_d_img_d18_x11520_y85760.png,0.2765,72.2,263.9,79.47,273.19
ch2_ohr_ncp_20251009T1006356898_d_img_d18_x11520_y85760.png,0.2651,11.64,501.64,17.42,510.1
ch2_ohr_ncp_20251009T1006356898_d_img_d18_x11520_y85760.png,0.2639,207.11,216.13,214.06,225.56
ch2_ohr_ncp_20251009T1006356898_d_img_d18_x11520_y85760.png,0.2424,461.52,470.86,468.04,479.84
ch2_ohr_ncp_20251009T1006356898_d_img_d18_x11520_y85760.png,0.2398,33.81,154.81,39.81,165.27
ch2_ohr_ncp_20251009T1006356898_d_img_d18_x11520_y85760.png,0.2341,419.53,545.02,432.0,564.29
ch2_ohr_ncp_20251009T1006356898_d_img_d18_x11520_y85760.png,0.2338,268.53,177.58,276.69,186.3
ch2_ohr_ncp_20251009T1006356898_d_img_d18_x11520_y85760.png,0.2277,269.91,28.34,276.01,36.5
ch2_ohr_ncp_20251009T1006356898_d_img_d18_x11520_y85760.png,0.2131,13.85,177.45,25.72,197.13
ch2_ohr_ncp_20251009T1006356898_d_img_d18_x11520_y85760.png,0.2106,263.44,355.83,273.07,367.57
ch2_ohr_ncp_20251009T1006356898_d_img_d18_x11520_y85760.png,0.2099,199.51,265.29,216.03,285.96
ch2_ohr_ncp_20251009T1006356898_d_img_d18_x11520_y85760.png,0.2056,218.6,419.17,223.56,425.29
ch2_ohr_ncp_20251009T1006356898_d_img_d18_x11520_y85760.png,0.2023,390.63,259.59,397.34,270.29
ch2_ohr_ncp_20251009T1006356898_d_img_d18_x11520_y85760.png,0.2,372.12,246.41,378.65,254.1
ch2_ohr_ncp_20251009T1006356898_d_img_d18_x11520_y87040.png,0.3575,252.68,304.83,257.76,311.15
ch2_ohr_ncp_20251009T1006356898_d_img_d18_x11520_y87040.png,0.3474,409.51,505.99,416.09,513.96
ch2_ohr_ncp_20251009T1006356898_d_img_d18_x11520_y87040.png,0.3244,333.07,571.75,343.48,599.35
ch2_ohr_ncp_20251009T1006356898_d_img_d18_x11520_y87040.png,0.3233,334.23,570.81,343.66,593.5
ch2_ohr_ncp_20251009T1006356898_d_img_d18_x11520_y87040.png,0.3203,195.48,633.47,201.57,639.46
ch2_ohr_ncp_20251009T1006356898_d_img_d18_x11520_y87040.png,0.2954,115.07,305.94,122.29,314.77
ch2_ohr_ncp_20251009T1006356898_d_img_d18_x11520_y87040.png,0.2906,241.05,624.12,246.44,631.76
ch2_ohr_ncp_20251009T1006356898_d_img_d18_x11520_y87040.png,0.2615,416.33,550.46,432.0,582.12
ch2_ohr_ncp_20251009T1006356898_d_img_d18_x11520_y87040.png,0.2606,301.79,314.5,307.7,321.43
ch2_ohr_ncp_20251009T1006356898_d_img_d18_x11520_y87040.png,0.258,45.22,316.41,51.29,323.24
ch2_ohr_ncp_20251009T1006356898_d_img_d18_x11520_y87040.png,0.2569,314.87,357.67,330.36,388.41
ch2_ohr_ncp_20251009T1006356898_d_img_d18_x11520_y87040.png,0.2481,73.98,355.46,81.28,364.46
ch2_ohr_ncp_20251009T1006356898_d_img_d18_x11520_y87040.png,0.248,466.87,607.03,473.35,619.8
ch2_ohr_ncp_20251009T1006356898_d_img_d18_x11520_y87040.png,0.2338,298.61,560.11,306.01,569.8
ch2_ohr_ncp_20251009T1006356898_d_img_d18_x11520_y87040.png,0.2332,306.27,273.02,312.07,279.29
ch2_ohr_ncp_20251009T1006356898_d_img_d18_x11520_y87040.png,0.2309,211.4,571.83,217.51,580.32
ch2_ohr_ncp_20251009T1006356898_d_img_d18_x11520_y87040.png,0.2295,60.57,633.17,67.16,639.6
ch2_ohr_ncp_20251009T1006356898_d_img_d18_x11520_y87040.png,0.2235,186.27,428.24,192.2,435.28
ch2_ohr_ncp_20251009T1006356898_d_img_d18_x11520_y87040.png,0.2206,17.82,585.48,24.43,594.07
ch2_ohr_ncp_20251009T1006356898_d_img_d18_x11520_y87040.png,0.217,413.06,481.23,419.87,489.69
ch2_ohr_ncp_20251009T1006356898_d_img_d18_x11520_y87040.png,0.2162,467.31,606.68,475.02,620.3
ch2_ohr_ncp_20251009T1006356898_d_img_d18_x11520_y87040.png,0.2115,347.27,306.25,355.68,319.16
ch2_ohr_ncp_20251009T1006356898_d_img_d18_x11520_y87040.png,0.2082,280.0,291.97,287.78,302.42
ch2_ohr_ncp_20251009T1006356898_d_img_d18_x11520_y87680.png,0.409,290.58,89.69,299.6,101.01
ch2_ohr_ncp_20251009T1006356898_d_img_d18_x11520_y87680.png,0.3653,211.83,58.85,219.27,69.77
ch2_ohr_ncp_20251009T1006356898_d_img_d18_x11520_y87680.png,0.3411,195.44,73.66,201.97,83.01
ch2_ohr_ncp_20251009T1006356898_d_img_d18_x11520_y87680.png,0.3286,333.77,134.16,344.93,153.32
ch2_ohr_ncp_20251009T1006356898_d_img_d18_x11520_y87680.png,0.2806,199.63,629.09,209.87,639.22
ch2_ohr_ncp_20251009T1006356898_d_img_d18_x11520_y87680.png,0.2755,388.18,13.91,394.39,21.78
ch2_ohr_ncp_20251009T1006356898_d_img_d18_x11520_y87680.png,0.2573,64.14,12.9,72.95,23.42
ch2_ohr_ncp_20251009T1006356898_d_img_d18_x11520_y87680.png,0.2562,184.98,121.81,192.85,134.21
ch2_ohr_ncp_20251009T1006356898_d_img_d18_x11520_y87680.png,0.23,323.86,0.0,345.25,18.91
ch2_ohr_ncp_20251009T1006356898_d_img_d18_x11520_y87680.png,0.2093,66.53,0.0,93.1,23.46
ch2_ohr_ncp_20251009T1006356898_d_img_d18_x11520_y87680.png,0.2059,271.52,485.61,277.1,493.73
ch2_ohr_ncp_20251009T1006356898_d_img_d18_x11520_y87680.png,0.2033,259.83,23.51,266.63,32.54
ch2_ohr_ncp_20251009T1006356898_d_img_d18_x11520_y87680.png,0.2,350.06,0.28,361.18,12.17
ch2_ohr_ncp_20251009T1006356898_d_img_d18_x11520_y88320.png,0.2053,172.76,423.19,181.7,436.82
ch2_ohr_ncp_20251009T1006356898_d_img_d18_x11520_y88320.png,0.2032,139.85,419.81,153.94,450.0
ch2_ohr_ncp_20251009T1006356898_d_img_d18_x11520_y88960.png,0.4538,140.04,411.87,148.05,423.42
ch2_ohr_ncp_20251009T1006356898_d_img_d18_x11520_y88960.png,0.4297,148.86,46.02,160.3,70.47
ch2_ohr_ncp_20251009T1006356898_d_img_d18_x11520_y88960.png,0.4158,218.85,552.18,225.22,560.98
ch2_ohr_ncp_20251009T1006356898_d_img_d18_x11520_y88960.png,0.4138,40.07,64.84,50.43,79.82
ch2_ohr_ncp_20251009T1006356898_d_img_d18_x11520_y88960.png,0.4062,418.9,265.08,426.72,273.68
ch2_ohr_ncp_20251009T1006356898_d_img_d18_x11520_y88960.png,0.4011,60.58,561.47,71.95,585.99
ch2_ohr_ncp_20251009T1006356898_d_img_d18_x11520_y88960.png,0.3945,241.54,19.15,250.12,34.96
ch2_ohr_ncp_20251009T1006356898_d_img_d18_x11520_y88960.png,0.3895,65.98,503.38,87.5,543.21
ch2_ohr_ncp_20251009T1006356898_d_img_d18_x11520_y88960.png,0.3847,409.34,465.36,414.89,471.99
ch2_ohr_ncp_20251009T1006356898_d_img_d18_x11520_y88960.png,0.3841,42.42,530.86,49.13,543.42
ch2_ohr_ncp_20251009T1006356898_d_img_d18_x11520_y88960.png,0.3784,102.68,487.66,108.65,495.06
ch2_ohr_ncp_20251009T1006356898_d_img_d18_x11520_y88960.png,0.3694,458.81,161.47,465.85,172.75
ch2_ohr_ncp_20251009T1006356898_d_img_d18_x11520_y88960.png,0.3655,377.7,487.93,389.9,515.25
ch2_ohr_ncp_20251009T1006356898_d_img_d18_x11520_y88960.png,0.3565,234.06,106.88,242.78,120.61
ch2_ohr_ncp_20251009T1006356898_d_img_d18_x11520_y88960.png,0.347,33.4,555.78,39.05,564.39
ch2_ohr_ncp_20251009T1006356898_d_img_d18_x11520_y88960.png,0.3462,376.1,200.03,385.54,213.65
ch2_ohr_ncp_20251009T1006356898_d_img_d18_x11520_y88960.png,0.3358,457.09,575.99,467.43,593.5
ch2_ohr_ncp_20251009T1006356898_d_img_d18_x11520_y88960.png,0.3315,383.0,237.71,389.92,247.11
ch2_ohr_ncp_20251009T1006356898_d_img_d18_x11520_y88960.png,0.3251,65.9,346.66,72.94,357.63
ch2_ohr_ncp_20251009T1006356898_d_img_d18_x11520_y88960.png,0.3192,348.78,330.67,361.24,346.65
ch2_ohr_ncp_20251009T1006356898_d_img_d18_x11520_y88960.png,0.3091,370.01,0.0,422.13,61.2
ch2_ohr_ncp_20251009T1006356898_d_img_d18_x11520_y88960.png,0.3059,392.21,346.74,399.53,358.74
ch2_ohr_ncp_20251009T1006356898_d_img_d18_x11520_y88960.png,0.2943,46.94,451.06,60.27,475.6
ch2_ohr_ncp_20251009T1006356898_d_img_d18_x11520_y88960.png,0.2917,278.24,622.95,287.55,632.28
ch2_ohr_ncp_20251009T1006356898_d_img_d18_x11520_y88960.png,0.279,265.35,518.38,277.03,534.53
ch2_ohr_ncp_20251009T1006356898_d_img_d18_x11520_y88960.png,0.2764,221.64,563.11,230.64,576.44
ch2_ohr_ncp_20251009T1006356898_d_img_d18_x11520_y88960.png,0.2746,106.91,224.49,114.45,233.61
ch2_ohr_ncp_20251009T1006356898_d_img_d18_x11520_y88960.png,0.2725,102.92,449.38,108.73,458.5
ch2_ohr_ncp_20251009T1006356898_d_img_d18_x11520_y88960.png,0.2661,91.53,440.95,98.69,451.57
ch2_ohr_ncp_20251009T1006356898_d_img_d18_x11520_y88960.png,0.265,184.24,188.03,191.91,197.66
ch2_ohr_ncp_20251009T1006356898_d_img_d18_x11520_y88960.png,0.2632,196.22,65.18,201.07,71.75
ch2_ohr_ncp_20251009T1006356898_d_img_d18_x11520_y88960.png,0.2607,376.24,407.89,382.47,416.84
ch2_ohr_ncp_20251009T1006356898_d_img_d18_x11520_y88960.png,0.2607,252.57,324.22,258.36,332.49
ch2_ohr_ncp_20251009T1006356898_d_img_d18_x11520_y88960.png,0.2569,277.58,165.78,282.07,171.79
ch2_ohr_ncp_20251009T1006356898_d_img_d18_x11520_y88960.png,0.2569,264.53,539.83,271.46,550.88
ch2_ohr_ncp_20251009T1006356898_d_img_d18_x11520_y88960.png,0.2534,12.59,402.0,29.98,429.31
ch2_ohr_ncp_20251009T1006356898_d_img_d18_x11520_y88960.png,0.2494,365.77,539.71,378.17,563.15
ch2_ohr_ncp_20251009T1006356898_d_img_d18_x11520_y88960.png,0.2452,287.04,141.32,292.87,149.22
ch2_ohr_ncp_20251009T1006356898_d_img_d18_x11520_y88960.png,0.2423,37.47,89.06,44.58,99.96
ch2_ohr_ncp_20251009T1006356898_d_img_d18_x11520_y88960.png,0.2412,292.95,501.42,298.46,508.4
ch2_ohr_ncp_20251009T1006356898_d_img_d18_x11520_y88960.png,0.2406,208.48,497.57,216.13,507.54
ch2_ohr_ncp_20251009T1006356898_d_img_d18_x11520_y88960.png,0.2388,0.03,547.56,8.11,560.55
ch2_ohr_ncp_20251009T1006356898_d_img_d18_x11520_y88960.png,0.2373,351.57,457.3,357.32,464.92
ch2_ohr_ncp_20251009T1006356898_d_img_d18_x11520_y88960.png,0.2332,25.19,157.86,54.76,203.34
ch2_ohr_ncp_20251009T1006356898_d_img_d18_x11520_y88960.png,0.2323,420.54,573.83,425.91,579.79
ch2_ohr_ncp_20251009T1006356898_d_img_d18_x11520_y88960.png,0.2303,435.85,178.16,443.51,187.55
ch2_ohr_ncp_20251009T1006356898_d_img_d18_x11520_y88960.png,0.2283,398.84,561.37,406.95,571.47
ch2_ohr_ncp_20251009T1006356898_d_img_d18_x11520_y88960.png,0.2214,192.27,553.31,198.31,559.95
ch2_ohr_ncp_20251009T1006356898_d_img_d18_x11520_y88960.png,0.2119,465.64,623.81,472.72,633.06
ch2_ohr_ncp_20251009T1006356898_d_img_d18_x11520_y88960.png,0.211,69.16,503.04,87.74,534.72
ch2_ohr_ncp_20251009T1006356898_d_img_d18_x11520_y88960.png,0.211,319.68,557.11,324.7,564.28
ch2_ohr_ncp_20251009T1006356898_d_img_d18_x11520_y88960.png,0.2087,422.07,171.43,427.95,177.01
ch2_ohr_ncp_20251009T1006356898_d_img_d18_x11520_y88960.png,0.2076,266.3,501.89,272.51,508.62
ch2_ohr_ncp_20251009T1006356898_d_img_d18_x11520_y88960.png,0.2013,368.57,107.27,375.44,116.07
ch2_ohr_ncp_20251009T1006356898_d_img_d18_x11520_y88960.png,0.2009,18.73,484.28,23.07,490.43
ch2_ohr_ncp_20251009T1006356898_d_img_d18_x11520_y89600.png,0.4876,384.6,54.25,399.59,84.25
ch2_ohr_ncp_20251009T1006356898_d_img_d18_x11520_y89600.png,0.4442,59.01,224.73,65.93,234.65
ch2_ohr_ncp_20251009T1006356898_d_img_d18_x11520_y89600.png,0.4396,82.22,568.83,88.46,576.49
ch2_ohr_ncp_20251009T1006356898_d_img_d18_x11520_y89600.png,0.4122,398.73,451.78,408.15,466.61
ch2_ohr_ncp_20251009T1006356898_d_img_d18_x11520_y89600.png,0.3901,459.51,617.93,466.84,627.09
ch2_ohr_ncp_20251009T1006356898_d_img_d18_x11520_y89600.png,0.3748,58.04,610.04,65.02,620.27
ch2_ohr_ncp_20251009T1006356898_d_img_d18_x11520_y89600.png,0.3739,110.55,471.98,121.66,492.92
ch2_ohr_ncp_20251009T1006356898_d_img_d18_x11520_y89600.png,0.3714,314.5,41.02,323.55,55.55
ch2_ohr_ncp_20251009T1006356898_d_img_d18_x11520_y89600.png,0.3669,60.81,451.3,67.3,459.59
ch2_ohr_ncp_20251009T1006356898_d_img_d18_x11520_y89600.png,0.3601,405.59,340.76,420.29,363.37
ch2_ohr_ncp_20251009T1006356898_d_img_d18_x11520_y89600.png,0.3451,283.28,27.38,305.1,52.37
ch2_ohr_ncp_20251009T1006356898_d_img_d18_x11520_y89600.png,0.3386,221.83,300.64,232.65,321.58
ch2_ohr_ncp_20251009T1006356898_d_img_d18_x11520_y89600.png,0.3162,410.86,57.21,421.28,70.04
ch2_ohr_ncp_20251009T1006356898_d_img_d18_x11520_y89600.png,0.3152,325.79,325.89,338.85,342.72
ch2_ohr_ncp_20251009T1006356898_d_img_d18_x11520_y89600.png,0.3126,263.45,226.63,273.36,243.15
ch2_ohr_ncp_20251009T1006356898_d_img_d18_x11520_y89600.png,0.3116,412.83,57.87,421.35,68.58
ch2_ohr_ncp_20251009T1006356898_d_img_d18_x11520_y89600.png,0.2894,79.47,75.21,90.79,91.33
ch2_ohr_ncp_20251009T1006356898_d_img_d18_x11520_y89600.png,0.2723,404.3,222.54,414.83,243.01
ch2_ohr_ncp_20251009T1006356898_d_img_d18_x11520_y89600.png,0.2719,64.33,242.47,79.45,269.96
ch2_ohr_ncp_20251009T1006356898_d_img_d18_x11520_y89600.png,0.271,457.78,223.95,462.87,230.54
ch2_ohr_ncp_20251009T1006356898_d_img_d18_x11520_y89600.png,0.2526,329.23,361.32,338.21,372.8
ch2_ohr_ncp_20251009T1006356898_d_img_d18_x11520_y89600.png,0.2518,82.99,568.5,89.44,576.07
ch2_ohr_ncp_20251009T1006356898_d_img_d18_x11520_y89600.png,0.2509,426.0,409.33,431.8,415.98
ch2_ohr_ncp_20251009T1006356898_d_img_d18_x11520_y89600.png,0.2497,452.6,119.31,457.63,125.49
ch2_ohr_ncp_20251009T1006356898_d_img_d18_x11520_y89600.png,0.2475,452.5,248.16,457.25,254.05
ch2_ohr_ncp_20251009T1006356898_d_img_d18_x11520_y89600.png,0.2399,113.6,252.17,120.0,262.12
ch2_ohr_ncp_20251009T1006356898_d_img_d18_x11520_y89600.png,0.2395,440.0,445.62,451.51,461.47
ch2_ohr_ncp_20251009T1006356898_d_img_d18_x11520_y89600.png,0.2393,382.49,465.92,390.96,477.62
ch2_ohr_ncp_20251009T1006356898_d_img_d18_x11520_y89600.png,0.229,272.15,207.34,280.22,216.29
ch2_ohr_ncp_20251009T1006356898_d_img_d18_x11520_y89600.png,0.2286,84.09,317.79,98.45,348.55
ch2_ohr_ncp_20251009T1006356898_d_img_d18_x11520_y89600.png,0.2278,469.13,231.64,479.54,252.2
ch2_ohr_ncp_20251009T1006356898_d_img_d18_x11520_y89600.png,0.2241,0.0,106.9,10.62,134.78
ch2_ohr_ncp_20251009T1006356898_d_img_d18_x11520_y89600.png,0.2171,83.73,606.57,92.17,618.84
ch2_ohr_ncp_20251009T1006356898_d_img_d18_x11520_y89600.png,0.2106,135.02,460.37,142.9,471.0
ch2_ohr_ncp_20251009T1006356898_d_img_d18_x11520_y89600.png,0.2084,347.74,36.06,352.77,42.85
ch2_ohr_ncp_20251009T1006356898_d_img_d18_x11520_y89600.png,0.2067,461.59,320.43,467.71,327.45
ch2_ohr_ncp_20251009T1006356898_d_img_d18_x11520_y89600.png,0.2037,60.84,203.39,66.81,212.23
ch2_ohr_ncp_20251009T1006356898_d_img_d18_x11520_y89600.png,0.2037,52.72,630.88,59.79,638.81
ch2_ohr_ncp_20251009T1006356898_d_img_d18_x11520_y89600.png,0.203,346.81,36.35,352.15,43.68
ch2_ohr_ncp_20251009T1006356898_d_img_d18_x11520_y89600.png,0.2003,425.83,137.76,436.33,149.24
ch2_ohr_ncp_20251009T1006356898_d_img_d18_x11520_y90240.png,0.6571,21.63,108.89,34.31,128.71
ch2_ohr_ncp_20251009T1006356898_d_img_d18_x11520_y90240.png,0.5347,377.65,198.44,399.32,244.76
ch2_ohr_ncp_20251009T1006356898_d_img_d18_x11520_y90240.png,0.5264,435.26,400.39,445.04,417.22
ch2_ohr_ncp_20251009T1006356898_d_img_d18_x11520_y90240.png,0.5246,248.78,469.2,257.3,480.58
ch2_ohr_ncp_20251009T1006356898_d_img_d18_x11520_y90240.png,0.4912,130.47,232.59,138.84,242.92
ch2_ohr_ncp_20251009T1006356898_d_img_d18_x11520_y90240.png,0.4895,214.7,257.44,254.09,311.61
ch2_ohr_ncp_20251009T1006356898_d_img_d18_x11520_y90240.png,0.4602,273.34,425.51,280.24,435.7
ch2_ohr_ncp_20251009T1006356898_d_img_d18_x11520_y90240.png,0.4255,202.45,422.93,219.58,445.69
ch2_ohr_ncp_20251009T1006356898_d_img_d18_x11520_y90240.png,0.4248,99.55,127.37,114.68,148.79
ch2_ohr_ncp_20251009T1006356898_d_img_d18_x11520_y90240.png,0.421,448.4,428.52,464.12,451.82
ch2_ohr_ncp_20251009T1006356898_d_img_d18_x11520_y90240.png,0.4168,68.79,193.74,81.63,211.28
ch2_ohr_ncp_20251009T1006356898_d_img_d18_x11520_y90240.png,0.4167,178.06,600.76,185.0,610.32
ch2_ohr_ncp_20251009T1006356898_d_img_d18_x11520_y90240.png,0.4141,118.5,318.19,124.7,327.43
ch2_ohr_ncp_20251009T1006356898_d_img_d18_x11520_y90240.png,0.4093,228.44,140.79,236.63,152.84
ch2_ohr_ncp_20251009T1006356898_d_img_d18_x11520_y90240.png,0.3922,304.53,338.08,311.46,348.28
ch2_ohr_ncp_20251009T1006356898_d_img_d18_x11520_y90240.png,0.3879,287.83,537.61,295.28,549.65
ch2_ohr_ncp_20251009T1006356898_d_img_d18_x11520_y90240.png,0.3865,61.73,211.61,84.37,248.41
ch2_ohr_ncp_20251009T1006356898_d_img_d18_x11520_y90240.png,0.3849,334.65,527.6,344.47,541.63
ch2_ohr_ncp_20251009T1006356898_d_img_d18_x11520_y90240.png,0.3817,80.42,52.87,95.97,79.84
ch2_ohr_ncp_20251009T1006356898_d_img_d18_x11520_y90240.png,0.3746,120.24,293.76,131.87,309.72
ch2_ohr_ncp_20251009T1006356898_d_img_d18_x11520_y90240.png,0.3716,196.09,218.67,202.89,229.88
ch2_ohr_ncp_20251009T1006356898_d_img_d18_x11520_y90240.png,0.3582,191.97,404.26,198.26,411.95
ch2_ohr_ncp_20251009T1006356898_d_img_d18_x11520_y90240.png,0.3525,223.08,72.66,240.95,101.84
ch2_ohr_ncp_20251009T1006356898_d_img_d18_x11520_y90240.png,0.3468,63.77,148.34,74.02,162.16
ch2_ohr_ncp_20251009T1006356898_d_img_d18_x11520_y90240.png,0.3457,155.89,590.61,161.18,597.07
ch2_ohr_ncp_20251009T1006356898_d_img_d18_x11520_y90240.png,0.3404,406.13,522.22,412.9,530.7
ch2_ohr_ncp_20251009T1006356898_d_img_d18_x11520_y90240.png,0.338,424.41,526.48,431.49,535.29
ch2_ohr_ncp_20251009T1006356898_d_img_d18_x11520_y90240.png,0.3346,352.04,356.56,360.43,366.75
ch2_ohr_ncp_20251009T1006356898_d_img_d18_x11520_y90240.png,0.332,245.41,307.39,250.58,314.1
ch2_ohr_ncp_20251009T1006356898_d_img_d18_x11520_y90240.png,0.3278,359.97,466.68,369.67,478.51
ch2_ohr_ncp_20251009T1006356898_d_img_d18_x11520_y90240.png,0.3273,219.39,414.48,225.27,420.81
ch2_ohr_ncp_20251009T1006356898_d_img_d18_x11520_y90240.png,0.3272,129.88,396.81,135.84,404.45
ch2_ohr_ncp_20251009T1006356898_d_img_d18_x11520_y90240.png,0.3238,290.01,77.07,297.31,87.01
ch2_ohr_ncp_20251009T1006356898_d_img_d18_x11520_y90240.png,0.3236,165.03,23.59,170.97,30.16
ch2_ohr_ncp_20251009T1006356898_d_img_d18_x11520_y90240.png,0.3209,16.02,389.74,21.7,397.1
ch2_ohr_ncp_20251009T1006356898_d_img_d18_x11520_y90240.png,0.3154,162.89,599.16,169.26,605.21
ch2_ohr_ncp_20251009T1006356898_d_img_d18_x11520_y90240.png,0.3142,8.73,399.77,20.46,412.29
ch2_ohr_ncp_20251009T1006356898_d_img_d18_x11520_y90240.png,0.3127,190.48,422.2,197.96,434.85
ch2_ohr_ncp_20251009T1006356898_d_img_d18_x11520_y90240.png,0.3099,89.27,98.38,98.58,112.56
ch2_ohr_ncp_20251009T1006356898_d_img_d18_x11520_y90240.png,0.3007,6.98,534.42,23.63,567.55
ch2_ohr_ncp_20251009T1006356898_d_img_d18_x11520_y90240.png,0.2991,273.6,385.78,278.18,390.94
ch2_ohr_ncp_20251009T1006356898_d_img_d18_x11520_y90240.png,0.2935,37.16,423.32,49.23,438.11
ch2_ohr_ncp_20251009T1006356898_d_img_d18_x11520_y90240.png,0.2902,324.83,110.85,350.4,167.6
ch2_ohr_ncp_20251009T1006356898_d_img_d18_x11520_y90240.png,0.2883,346.82,412.37,355.15,422.3
ch2_ohr_ncp_20251009T1006356898_d_img_d18_x11520_y90240.png,0.2872,90.58,4.41,95.59,10.35
ch2_ohr_ncp_20251009T1006356898_d_img_d18_x11520_y90240.png,0.2793,433.48,33.99,439.23,41.43
ch2_ohr_ncp_20251009T1006356898_d_img_d18_x11520_y90240.png,0.2779,322.55,326.85,327.46,332.59
ch2_ohr_ncp_20251009T1006356898_d_img_d18_x11520_y90240.png,0.2687,30.4,167.68,40.5,181.11
ch2_ohr_ncp_20251009T1006356898_d_img_d18_x11520_y90240.png,0.2658,245.56,448.21,250.41,454.05
ch2_ohr_ncp_20251009T1006356898_d_img_d18_x11520_y90240.png,0.2616,154.9,619.86,160.18,625.68
ch2_ohr_ncp_20251009T1006356898_d_img_d18_x11520_y90240.png,0.2601,145.7,277.47,151.75,284.88
ch2_ohr_ncp_20251009T1006356898_d_img_d18_x11520_y90240.png,0.26,346.4,188.69,358.46,210.07
ch2_ohr_ncp_20251009T1006356898_d_img_d18_x11520_y90240.png,0.2594,291.1,98.08,297.52,106.83
ch2_ohr_ncp_20251009T1006356898_d_img_d18_x11520_y90240.png,0.2569,297.21,15.47,305.43,26.66
ch2_ohr_ncp_20251009T1006356898_d_img_d18_x11520_y90240.png,0.2565,85.11,196.92,94.71,209.91
ch2_ohr_ncp_20251009T1006356898_d_img_d18_x11520_y90240.png,0.2549,388.54,546.46,411.65,571.17
ch2_ohr_ncp_20251009T1006356898_d_img_d18_x11520_y90240.png,0.2479,57.64,438.31,63.54,445.68
ch2_ohr_ncp_20251009T1006356898_d_img_d18_x11520_y90240.png,0.2458,277.46,546.97,287.28,558.57
ch2_ohr_ncp_20251009T1006356898_d_img_d18_x11520_y90240.png,0.2455,250.61,502.74,255.24,508.81
ch2_ohr_ncp_20251009T1006356898_d_img_d18_x11520_y90240.png,0.2414,326.84,379.55,337.49,391.99
ch2_ohr_ncp_20251009T1006356898_d_img_d18_x11520_y90240.png,0.241,43.04,233.06,47.44,238.97
ch2_ohr_ncp_20251009T1006356898_d_img_d18_x11520_y90240.png,0.2407,90.98,101.24,98.58,112.61
ch2_ohr_ncp_20251009T1006356898_d_img_d18_x11520_y90240.png,0.2401,312.97,373.76,319.64,381.46
ch2_ohr_ncp_20251009T1006356898_d_img_d18_x11520_y90240.png,0.2356,161.18,396.33,166.45,401.36
ch2_ohr_ncp_20251009T1006356898_d_img_d18_x11520_y90240.png,0.2293,27.55,353.41,32.51,358.7
ch2_ohr_ncp_20251009T1006356898_d_img_d18_x11520_y90240.png,0.2292,261.35,575.05,266.74,581.21
ch2_ohr_ncp_20251009T1006356898_d_img_d18_x11520_y90240.png,0.2282,248.32,75.88,266.17,94.92
ch2_ohr_ncp_20251009T1006356898_d_img_d18_x11520_y90240.png,0.2267,176.94,290.67,184.38,300.53
ch2_ohr_ncp_20251009T1006356898_d_img_d18_x11520_y90240.png,0.2223,322.95,326.02,327.92,331.88
ch2_ohr_ncp_20251009T1006356898_d_img_d18_x11520_y90240.png,0.2179,383.79,537.76,390.58,545.4
ch2_ohr_ncp_20251009T1006356898_d_img_d18_x11520_y90240.png,0.2151,163.9,593.17,173.86,603.75
ch2_ohr_ncp_20251009T1006356898_d_img_d18_x11520_y90240.png,0.2138,166.65,579.92,171.0,585.53
ch2_ohr_ncp_20251009T1006356898_d_img_d18_x11520_y90240.png,0.2137,141.38,251.33,146.6,258.13
ch2_ohr_ncp_20251009T1006356898_d_img_d18_x11520_y90240.png,0.2123,434.21,34.22,439.98,40.77
ch2_ohr_ncp_20251009T1006356898_d_img_d18_x11520_y90240.png,0.2102,379.26,209.29,399.55,243.79
ch2_ohr_ncp_20251009T1006356898_d_img_d18_x11520_y90240.png,0.2096,255.59,625.61,263.13,636.06
ch2_ohr_ncp_20251009T1006356898_d_img_d18_x11520_y90240.png,0.208,127.29,413.74,133.66,422.88
ch2_ohr_ncp_20251009T1006356898_d_img_d18_x11520_y90240.png,0.2065,283.62,107.25,291.86,116.81
ch2_ohr_ncp_20251009T1006356898_d_img_d18_x11520_y90240.png,0.2063,256.41,625.44,262.63,633.58
ch2_ohr_ncp_20251009T1006356898_d_img_d18_x11520_y90240.png,0.2057,0.08,515.18,4.94,521.55
ch2_ohr_ncp_20251009T1006356898_d_img_d18_x11520_y90240.png,0.2007,241.48,592.54,246.73,598.73
ch2_ohr_ncp_20251009T1006356898_d_img_d18_x11520_y90880.png,0.5789,94.41,76.61,104.03,90.57
ch2_ohr_ncp_20251009T1006356898_d_img_d18_x11520_y90880.png,0.4927,453.77,362.74,462.8,375.46
ch2_ohr_ncp_20251009T1006356898_d_img_d18_x11520_y90880.png,0.4724,97.68,125.67,104.17,134.59
ch2_ohr_ncp_20251009T1006356898_d_img_d18_x11520_y90880.png,0.4598,384.97,202.66,399.42,225.75
ch2_ohr_ncp_20251009T1006356898_d_img_d18_x11520_y90880.png,0.4542,428.69,273.27,440.57,293.66
ch2_ohr_ncp_20251009T1006356898_d_img_d18_x11520_y90880.png,0.452,143.38,622.63,153.28,639.37
ch2_ohr_ncp_20251009T1006356898_d_img_d18_x11520_y90880.png,0.4338,270.11,189.11,282.17,207.93
ch2_ohr_ncp_20251009T1006356898_d_img_d18_x11520_y90880.png,0.4282,256.94,30.03,267.0,44.3
ch2_ohr_ncp_20251009T1006356898_d_img_d18_x11520_y90880.png,0.4169,0.0,209.09,6.93,221.03
ch2_ohr_ncp_20251009T1006356898_d_img_d18_x11520_y90880.png,0.4146,193.19,612.41,202.6,626.37
ch2_ohr_ncp_20251009T1006356898_d_img_d18_x11520_y90880.png,0.3864,194.61,95.97,207.25,117.56
ch2_ohr_ncp_20251009T1006356898_d_img_d18_x11520_y90880.png,0.3772,403.86,251.17,410.81,261.17
ch2_ohr_ncp_20251009T1006356898_d_img_d18_x11520_y90880.png,0.364,75.02,43.31,80.29,49.77
ch2_ohr_ncp_20251009T1006356898_d_img_d18_x11520_y90880.png,0.3637,23.24,601.95,33.78,616.71
ch2_ohr_ncp_20251009T1006356898_d_img_d18_x11520_y90880.png,0.3565,73.51,32.94,79.99,40.53
ch2_ohr_ncp_20251009T1006356898_d_img_d18_x11520_y90880.png,0.352,0.37,295.59,10.53,313.0
ch2_ohr_ncp_20251009T1006356898_d_img_d18_x11520_y90880.png,0.3512,341.66,205.02,352.62,226.31
ch2_ohr_ncp_20251009T1006356898_d_img_d18_x11520_y90880.png,0.3487,0.8,544.35,9.1,556.68
ch2_ohr_ncp_20251009T1006356898_d_img_d18_x11520_y90880.png,0.34,222.07,38.73,230.46,50.69
ch2_ohr_ncp_20251009T1006356898_d_img_d18_x11520_y90880.png,0.3384,80.34,493.8,89.93,507.64
ch2_ohr_ncp_20251009T1006356898_d_img_d18_x11520_y90880.png,0.3382,73.96,153.93,117.42,227.09
ch2_ohr_ncp_20251009T1006356898_d_img_d18_x11520_y90880.png,0.3268,0.23,295.81,9.02,319.19
ch2_ohr_ncp_20251009T1006356898_d_img_d18_x11520_y90880.png,0.3218,398.67,39.9,406.4,48.59
ch2_ohr_ncp_20251009T1006356898_d_img_d18_x11520_y90880.png,0.3206,392.13,75.05,412.66,110.13
ch2_ohr_ncp_20251009T1006356898_d_img_d18_x11520_y90880.png,0.3175,59.77,431.1,81.0,468.32
ch2_ohr_ncp_20251009T1006356898_d_img_d18_x11520_y90880.png,0.314,74.33,33.93,80.1,41.88
ch2_ohr_ncp_20251009T1006356898_d_img_d18_x11520_y90880.png,0.3137,427.99,130.31,437.86,144.95
ch2_ohr_ncp_20251009T1006356898_d_img_d18_x11520_y90880.png,0.2911,388.12,373.9,394.41,380.98
ch2_ohr_ncp_20251009T1006356898_d_img_d18_x11520_y90880.png,0.2885,27.28,289.91,37.92,308.96
ch2_ohr_ncp_20251009T1006356898_d_img_d18_x11520_y90880.png,0.2819,258.37,56.64,263.57,64.18
ch2_ohr_ncp_20251009T1006356898_d_img_d18_x11520_y90880.png,0.2782,463.67,214.15,476.62,234.43
ch2_ohr_ncp_20251009T1006356898_d_img_d18_x11520_y90880.png,0.2639,11.22,294.2,33.48,322.05
ch2_ohr_ncp_20251009T1006356898_d_img_d18_x11520_y90880.png,0.2571,469.1,250.01,475.65,257.89
ch2_ohr_ncp_20251009T1006356898_d_img_d18_x11520_y90880.png,0.2545,406.65,347.32,415.2,361.35
ch2_ohr_ncp_20251009T1006356898_d_img_d18_x11520_y90880.png,0.2524,341.93,201.75,351.52,218.03
ch2_ohr_ncp_20251009T1006356898_d_img_d18_x11520_y90880.png,0.2518,447.73,126.39,455.07,134.55
ch2_ohr_ncp_20251009T1006356898_d_img_d18_x11520_y90880.png,0.2445,163.14,215.74,174.39,235.16
ch2_ohr_ncp_20251009T1006356898_d_img_d18_x11520_y90880.png,0.2382,383.69,108.98,391.8,120.25
ch2_ohr_ncp_20251009T1006356898_d_img_d18_x11520_y90880.png,0.2289,7.04,263.7,13.06,271.4
ch2_ohr_ncp_20251009T1006356898_d_img_d18_x11520_y90880.png,0.222,153.03,480.88,159.39,489.18
ch2_ohr_ncp_20251009T1006356898_d_img_d18_x11520_y90880.png,0.2191,464.43,281.01,474.57,295.65
ch2_ohr_ncp_20251009T1006356898_d_img_d18_x11520_y90880.png,0.2166,387.15,373.64,393.61,381.49
ch2_ohr_ncp_20251009T1006356898_d_img_d18_x11520_y90880.png,0.2152,274.74,54.23,280.84,62.09
ch2_ohr_ncp_20251009T1006356898_d_img_d18_x11520_y90880.png,0.2147,356.6,6.01,361.58,11.46
ch2_ohr_ncp_20251009T1006356898_d_img_d18_x11520_y90880.png,0.2039,307.52,613.27,322.65,631.9
ch2_ohr_ncp_20251009T1006356898_d_img_d18_x11520_y90880.png,0.203,97.98,124.87,105.5,135.21
ch2_ohr_ncp_20251009T1006356898_d_img_d18_x11520_y91520.png,0.4399,24.48,631.88,31.27,639.16
ch2_ohr_ncp_20251009T1006356898_d_img_d18_x11520_y91520.png,0.3842,210.8,599.86,226.58,631.08
ch2_ohr_ncp_20251009T1006356898_d_img_d18_x11520_y91520.png,0.3732,89.77,62.52,98.07,75.41
ch2_ohr_ncp_20251009T1006356898_d_img_d18_x11520_y91520.png,0.3479,363.01,346.02,371.8,359.43
ch2_ohr_ncp_20251009T1006356898_d_img_d18_x11520_y91520.png,0.3447,106.39,617.97,113.23,627.2
ch2_ohr_ncp_20251009T1006356898_d_img_d18_x11520_y91520.png,0.3427,236.67,103.22,248.68,123.25
ch2_ohr_ncp_20251009T1006356898_d_img_d18_x11520_y91520.png,0.3357,235.39,524.02,242.73,535.7
ch2_ohr_ncp_20251009T1006356898_d_img_d18_x11520_y91520.png,0.3297,79.46,600.86,86.61,611.28
ch2_ohr_ncp_20251009T1006356898_d_img_d18_x11520_y91520.png,0.3286,46.91,621.96,54.98,637.3
ch2_ohr_ncp_20251009T1006356898_d_img_d18_x11520_y91520.png,0.3122,228.53,546.63,240.92,565.61
ch2_ohr_ncp_20251009T1006356898_d_img_d18_x11520_y91520.png,0.3073,203.21,368.13,222.15,400.58
ch2_ohr_ncp_20251009T1006356898_d_img_d18_x11520_y91520.png,0.304,124.87,267.09,131.62,275.78
ch2_ohr_ncp_20251009T1006356898_d_img_d18_x11520_y91520.png,0.2983,155.72,350.94,161.1,358.16
ch2_ohr_ncp_20251009T1006356898_d_img_d18_x11520_y91520.png,0.2962,45.72,118.11,50.78,125.01
ch2_ohr_ncp_20251009T1006356898_d_img_d18_x11520_y91520.png,0.2946,67.41,325.82,76.72,339.75
ch2_ohr_ncp_20251009T1006356898_d_img_d18_x11520_y91520.png,0.2841,333.3,352.43,340.37,365.38
ch2_ohr_ncp_20251009T1006356898_d_img_d18_x11520_y91520.png,0.275,14.0,202.35,25.08,220.76
ch2_ohr_ncp_20251009T1006356898_d_img_d18_x11520_y91520.png,0.2722,211.94,600.31,223.79,625.56
ch2_ohr_ncp_20251009T1006356898_d_img_d18_x11520_y91520.png,0.2692,22.89,109.14,33.81,124.98
ch2_ohr_ncp_20251009T1006356898_d_img_d18_x11520_y91520.png,0.2637,173.69,388.57,178.92,394.92
ch2_ohr_ncp_20251009T1006356898_d_img_d18_x11520_y91520.png,0.2525,275.57,489.58,282.67,499.18
ch2_ohr_ncp_20251009T1006356898_d_img_d18_x11520_y91520.png,0.2519,187.18,286.87,198.92,303.41
ch2_ohr_ncp_20251009T1006356898_d_img_d18_x11520_y91520.png,0.2518,457.82,440.32,464.76,448.8
ch2_ohr_ncp_20251009T1006356898_d_img_d18_x11520_y91520.png,0.2447,160.77,465.26,168.82,477.19
ch2_ohr_ncp_20251009T1006356898_d_img_d18_x11520_y91520.png,0.2425,70.17,229.73,79.66,243.96
ch2_ohr_ncp_20251009T1006356898_d_img_d18_x11520_y91520.png,0.2379,350.39,453.81,355.9,461.84
ch2_ohr_ncp_20251009T1006356898_d_img_d18_x11520_y91520.png,0.2229,26.74,88.07,33.76,100.22
ch2_ohr_ncp_20251009T1006356898_d_img_d18_x11520_y91520.png,0.2218,412.48,472.52,417.86,478.87
ch2_ohr_ncp_20251009T1006356898_d_img_d18_x11520_y91520.png,0.2182,113.65,615.77,137.04,640.0
ch2_ohr_ncp_20251009T1006356898_d_img_d18_x11520_y91520.png,0.2172,83.42,181.86,89.66,189.99
ch2_ohr_ncp_20251009T1006356898_d_img_d18_x11520_y91520.png,0.2124,310.57,412.55,323.5,433.54
ch2_ohr_ncp_20251009T1006356898_d_img_d18_x11520_y91520.png,0.2122,146.65,0.0,156.16,4.02
ch2_ohr_ncp_20251009T1006356898_d_img_d18_x11520_y91520.png,0.2101,254.4,16.89,267.03,37.98
ch2_ohr_ncp_20251009T1006356898_d_img_d18_x11520_y91520.png,0.2052,220.12,276.57,226.19,284.82
ch2_ohr_ncp_20251009T1006356898_d_img_d18_x11520_y92160.png,0.5452,269.18,556.38,294.25,601.02
ch2_ohr_ncp_20251009T1006356898_d_img_d18_x11520_y92160.png,0.5147,83.24,344.54,95.13,360.04
ch2_ohr_ncp_20251009T1006356898_d_img_d18_x11520_y92160.png,0.5092,251.27,362.18,258.83,373.07
ch2_ohr_ncp_20251009T1006356898_d_img_d18_x11520_y92160.png,0.4505,91.5,121.43,98.28,131.8
ch2_ohr_ncp_20251009T1006356898_d_img_d18_x11520_y92160.png,0.431,441.78,396.44,453.04,412.32
ch2_ohr_ncp_20251009T1006356898_d_img_d18_x11520_y92160.png,0.4239,136.41,31.28,152.75,51.44
ch2_ohr_ncp_20251009T1006356898_d_img_d18_x11520_y92160.png,0.4201,406.18,549.37,418.35,569.91
ch2_ohr_ncp_20251009T1006356898_d_img_d18_x11520_y92160.png,0.4176,197.25,514.18,203.81,523.02
ch2_ohr_ncp_20251009T1006356898_d_img_d18_x11520_y92160.png,0.4129,244.22,33.18,250.55,44.3
ch2_ohr_ncp_20251009T1006356898_d_img_d18_x11520_y92160.png,0.4113,107.91,202.43,114.65,211.45
ch2_ohr_ncp_20251009T1006356898_d_img_d18_x11520_y92160.png,0.4067,0.94,483.26,9.03,502.62
ch2_ohr_ncp_20251009T1006356898_d_img_d18_x11520_y92160.png,0.388,303.31,495.45,313.12,510.01
ch2_ohr_ncp_20251009T1006356898_d_img_d18_x11520_y92160.png,0.3802,423.77,254.5,432.88,268.44
ch2_ohr_ncp_20251009T1006356898_d_img_d18_x11520_y92160.png,0.3645,455.97,252.68,463.96,265.53
ch2_ohr_ncp_20251009T1006356898_d_img_d18_x11520_y92160.png,0.3427,148.36,219.64,154.67,226.47
ch2_ohr_ncp_20251009T1006356898_d_img_d18_x11520_y92160.png,0.3359,7.88,521.31,23.56,549.76
ch2_ohr_ncp_20251009T1006356898_d_img_d18_x11520_y92160.png,0.3351,274.38,409.38,290.39,435.66
ch2_ohr_ncp_20251009T1006356898_d_img_d18_x11520_y92160.png,0.3346,341.52,298.84,349.18,310.25
ch2_ohr_ncp_20251009T1006356898_d_img_d18_x11520_y92160.png,0.3337,174.95,312.26,186.27,334.24
ch2_ohr_ncp_20251009T1006356898_d_img_d18_x11520_y92160.png,0.3324,269.57,431.62,280.07,447.91
ch2_ohr_ncp_20251009T1006356898_d_img_d18_x11520_y92160.png,0.3208,8.22,518.84,26.02,554.63
ch2_ohr_ncp_20251009T1006356898_d_img_d18_x11520_y92160.png,0.3143,152.63,18.0,159.35,25.81
ch2_ohr_ncp_20251009T1006356898_d_img_d18_x11520_y92160.png,0.3076,74.81,571.03,79.49,577.06
ch2_ohr_ncp_20251009T1006356898_d_img_d18_x11520_y92160.png,0.2999,95.11,389.28,103.69,403.0
ch2_ohr_ncp_20251009T1006356898_d_img_d18_x11520_y92160.png,0.2956,42.46,510.29,48.89,516.75
ch2_ohr_ncp_20251009T1006356898_d_img_d18_x11520_y92160.png,0.2911,397.31,544.62,404.13,552.41
ch2_ohr_ncp_20251009T1006356898_d_img_d18_x11520_y92160.png,0.2868,44.43,90.74,50.72,96.66
ch2_ohr_ncp_20251009T1006356898_d_img_d18_x11520_y92160.png,0.2833,360.51,566.83,369.84,579.9
ch2_ohr_ncp_20251009T1006356898_d_img_d18_x11520_y92160.png,0.2745,0.43,204.45,7.79,225.53
ch2_ohr_ncp_20251009T1006356898_d_img_d18_x11520_y92160.png,0.274,9.57,566.49,15.67,573.93
ch2_ohr_ncp_20251009T1006356898_d_img_d18_x11520_y92160.png,0.2711,162.84,512.66,169.18,519.91
ch2_ohr_ncp_20251009T1006356898_d_img_d18_x11520_y92160.png,0.2622,217.07,420.57,227.09,436.43
ch2_ohr_ncp_20251009T1006356898_d_img_d18_x11520_y92160.png,0.2471,272.21,600.47,282.62,619.04
ch2_ohr_ncp_20251009T1006356898_d_img_d18_x11520_y92160.png,0.2425,233.44,534.42,243.71,549.96
ch2_ohr_ncp_20251009T1006356898_d_img_d18_x11520_y92160.png,0.2413,449.55,64.24,460.7,82.99
ch2_ohr_ncp_20251009T1006356898_d_img_d18_x11520_y92160.png,0.2381,202.91,402.69,207.74,408.81
ch2_ohr_ncp_20251009T1006356898_d_img_d18_x11520_y92160.png,0.2353,0.23,68.97,5.14,83.04
ch2_ohr_ncp_20251009T1006356898_d_img_d18_x11520_y92160.png,0.2328,333.71,232.39,346.04,248.64
ch2_ohr_ncp_20251009T1006356898_d_img_d18_x11520_y92160.png,0.2323,10.44,521.1,24.22,543.19
ch2_ohr_ncp_20251009T1006356898_d_img_d18_x11520_y92160.png,0.232,216.59,361.28,223.44,368.9
ch2_ohr_ncp_20251009T1006356898_d_img_d18_x11520_y92160.png,0.2294,342.73,27.65,347.69,34.49
ch2_ohr_ncp_20251009T1006356898_d_img_d18_x11520_y92160.png,0.2256,144.12,0.0,159.0,7.67
ch2_ohr_ncp_20251009T1006356898_d_img_d18_x11520_y92160.png,0.2173,3.45,280.68,10.5,289.45
ch2_ohr_ncp_20251009T1006356898_d_img_d18_x11520_y92160.png,0.2152,406.15,21.99,411.13,29.23
ch2_ohr_ncp_20251009T1006356898_d_img_d18_x11520_y92160.png,0.2131,357.63,297.33,364.68,304.43
ch2_ohr_ncp_20251009T1006356898_d_img_d18_x11520_y92160.png,0.2119,325.05,6.85,330.27,13.58
ch2_ohr_ncp_20251009T1006356898_d_img_d18_x11520_y92160.png,0.2052,103.27,115.14,110.35,122.33
ch2_ohr_ncp_20251009T1006356898_d_img_d18_x11520_y92160.png,0.2014,16.39,290.88,22.42,300.11
ch2_ohr_ncp_20251009T1006356898_d_img_d18_x11520_y92800.png,0.2527,9.21,267.59,16.53,275.51
ch2_ohr_ncp_20251009T1006356898_d_img_d18_x11520_y93440.png,0.6284,157.23,246.94,174.39,280.81
ch2_ohr_ncp_20251009T1006356898_d_img_d18_x11520_y93440.png,0.4268,446.64,574.99,459.89,598.97
ch2_ohr_ncp_20251009T1006356898_d_img_d18_x11520_y93440.png,0.4069,316.49,315.7,323.37,325.23
ch2_ohr_ncp_20251009T1006356898_d_img_d18_x11520_y93440.png,0.4036,346.35,407.29,353.92,420.44
ch2_ohr_ncp_20251009T1006356898_d_img_d18_x11520_y93440.png,0.3986,6.59,170.42,16.52,180.74
ch2_ohr_ncp_20251009T1006356898_d_img_d18_x11520_y93440.png,0.3865,8.66,525.74,18.17,539.78
ch2_ohr_ncp_20251009T1006356898_d_img_d18_x11520_y93440.png,0.3853,259.45,45.03,265.13,52.28
ch2_ohr_ncp_20251009T1006356898_d_img_d18_x11520_y93440.png,0.3555,408.57,480.74,415.91,491.84
ch2_ohr_ncp_20251009T1006356898_d_img_d18_x11520_y93440.png,0.3427,184.19,79.29,192.24,89.15
ch2_ohr_ncp_20251009T1006356898_d_img_d18_x11520_y93440.png,0.3423,160.54,72.94,169.92,84.42
ch2_ohr_ncp_20251009T1006356898_d_img_d18_x11520_y93440.png,0.3256,369.4,379.16,375.81,387.45
ch2_ohr_ncp_20251009T1006356898_d_img_d18_x11520_y93440.png,0.3136,196.11,584.77,202.57,591.77
ch2_ohr_ncp_20251009T1006356898_d_img_d18_x11520_y93440.png,0.3098,300.87,545.74,353.55,633.18
ch2_ohr_ncp_20251009T1006356898_d_img_d18_x11520_y93440.png,0.3095,174.31,37.41,183.87,50.36
ch2_ohr_ncp_20251009T1006356898_d_img_d18_x11520_y93440.png,0.2838,467.46,629.39,477.23,638.87
ch2_ohr_ncp_20251009T1006356898_d_img_d18_x11520_y93440.png,0.2825,371.83,434.75,380.18,444.83
ch2_ohr_ncp_20251009T1006356898_d_img_d18_x11520_y93440.png,0.2687,204.27,90.93,208.98,96.53
ch2_ohr_ncp_20251009T1006356898_d_img_d18_x11520_y93440.png,0.2678,206.87,188.79,212.5,197.32
ch2_ohr_ncp_20251009T1006356898_d_img_d18_x11520_y93440.png,0.2676,101.04,429.1,110.65,447.41
ch2_ohr_ncp_20251009T1006356898_d_img_d18_x11520_y93440.png,0.2674,468.13,415.48,477.5,429.25
ch2_ohr_ncp_20251009T1006356898_d_img_d18_x11520_y93440.png,0.2612,466.55,630.22,475.32,638.76
ch2_ohr_ncp_20251009T1006356898_d_img_d18_x11520_y93440.png,0.2598,392.3,87.7,401.62,99.69
ch2_ohr_ncp_20251009T1006356898_d_img_d18_x11520_y93440.png,0.2587,13.94,18.21,48.6,74.96
ch2_ohr_ncp_20251009T1006356898_d_img_d18_x11520_y93440.png,0.251,428.54,513.38,434.32,520.11
ch2_ohr_ncp_20251009T1006356898_d_img_d18_x11520_y93440.png,0.2466,140.41,495.34,151.81,513.55
ch2_ohr_ncp_20251009T1006356898_d_img_d18_x11520_y93440.png,0.2465,463.92,516.35,474.61,533.34
ch2_ohr_ncp_20251009T1006356898_d_img_d18_x11520_y93440.png,0.2346,369.3,511.24,378.07,522.94
ch2_ohr_ncp_20251009T1006356898_d_img_d18_x11520_y93440.png,0.2277,374.34,473.31,380.74,481.31
ch2_ohr_ncp_20251009T1006356898_d_img_d18_x11520_y93440.png,0.2236,214.95,65.56,223.65,76.93
ch2_ohr_ncp_20251009T1006356898_d_img_d18_x11520_y93440.png,0.2185,47.45,503.71,65.77,536.25
ch2_ohr_ncp_20251009T1006356898_d_img_d18_x11520_y93440.png,0.211,424.48,282.27,430.37,290.05
ch2_ohr_ncp_20251009T1006356898_d_img_d18_x11520_y93440.png,0.2066,227.2,48.67,232.63,54.34
ch2_ohr_ncp_20251009T1006356898_d_img_d18_x11520_y93440.png,0.2061,413.8,578.53,418.2,584.16
ch2_ohr_ncp_20251009T1006356898_d_img_d18_x11520_y93440.png,0.2055,240.7,502.71,249.37,514.29
ch2_ohr_ncp_20251009T1006356898_d_img_d18_x11520_y94080.png,0.2887,220.08,258.23,234.36,286.49
ch2_ohr_ncp_20251009T1006356898_d_img_d18_x11520_y94080.png,0.279,304.04,87.54,312.92,102.75
ch2_ohr_ncp_20251009T1006356898_d_img_d18_x11520_y94080.png,0.2389,48.2,246.26,58.03,261.03
ch2_ohr_ncp_20251009T1006356898_d_img_d18_x11520_y94080.png,0.2006,10.97,265.05,22.05,280.28
ch2_ohr_ncp_20251009T1006356898_d_img_d18_x11520_y94720.png,0.5528,285.61,42.1,313.96,88.66
ch2_ohr_ncp_20251009T1006356898_d_img_d18_x11520_y94720.png,0.4374,350.57,181.68,361.37,197.46
ch2_ohr_ncp_20251009T1006356898_d_img_d18_x11520_y94720.png,0.4318,458.0,0.0,479.65,20.79
ch2_ohr_ncp_20251009T1006356898_d_img_d18_x11520_y94720.png,0.4058,321.26,267.67,344.86,320.08
ch2_ohr_ncp_20251009T1006356898_d_img_d18_x11520_y94720.png,0.3588,183.02,295.25,197.91,320.2
ch2_ohr_ncp_20251009T1006356898_d_img_d18_x11520_y94720.png,0.3261,110.19,280.01,119.14,292.36
ch2_ohr_ncp_20251009T1006356898_d_img_d18_x11520_y94720.png,0.2967,5.73,296.56,19.68,320.64
ch2_ohr_ncp_20251009T1006356898_d_img_d18_x11520_y94720.png,0.2946,163.64,219.03,182.2,249.76
ch2_ohr_ncp_20251009T1006356898_d_img_d18_x11520_y94720.png,0.285,100.54,208.72,106.14,214.52
ch2_ohr_ncp_20251009T1006356898_d_img_d18_x11520_y94720.png,0.271,185.38,530.37,192.56,539.14
ch2_ohr_ncp_20251009T1006356898_d_img_d18_x11520_y94720.png,0.2679,145.95,225.19,151.74,233.09
ch2_ohr_ncp_20251009T1006356898_d_img_d18_x11520_y94720.png,0.2506,92.16,217.64,98.44,225.27
ch2_ohr_ncp_20251009T1006356898_d_img_d18_x11520_y94720.png,0.2444,338.75,488.21,345.81,497.73
ch2_ohr_ncp_20251009T1006356898_d_img_d18_x11520_y94720.png,0.244,276.93,14.03,287.87,28.72
ch2_ohr_ncp_20251009T1006356898_d_img_d18_x11520_y94720.png,0.2425,171.83,67.06,178.2,74.62
ch2_ohr_ncp_20251009T1006356898_d_img_d18_x11520_y94720.png,0.2341,136.87,503.19,145.65,514.7
ch2_ohr_ncp_20251009T1006356898_d_img_d18_x11520_y94720.png,0.2287,434.06,29.65,441.62,41.59
ch2_ohr_ncp_20251009T1006356898_d_img_d18_x11520_y94720.png,0.2263,86.07,443.57,95.06,457.05
ch2_ohr_ncp_20251009T1006356898_d_img_d18_x11520_y94720.png,0.2251,333.36,355.96,339.61,364.52
ch2_ohr_ncp_20251009T1006356898_d_img_d18_x11520_y94720.png,0.2096,76.81,198.29,84.27,207.27
ch2_ohr_ncp_20251009T1006356898_d_img_d18_x11520_y94720.png,0.2092,107.75,151.99,119.63,165.67
ch2_ohr_ncp_20251009T1006356898_d_img_d18_x11520_y94720.png,0.2035,51.48,361.85,55.97,367.22
ch2_ohr_ncp_20251009T1006356898_d_img_d18_x11520_y94720.png,0.2012,57.22,167.08,63.33,175.5
ch2_ohr_ncp_20251009T1006356898_d_img_d18_x11520_y95360.png,0.4542,94.63,269.86,106.4,292.27
ch2_ohr_ncp_20251009T1006356898_d_img_d18_x11520_y95360.png,0.3613,298.97,439.92,307.13,451.85
ch2_ohr_ncp_20251009T1006356898_d_img_d18_x11520_y95360.png,0.3337,12.62,161.35,35.46,194.12
ch2_ohr_ncp_20251009T1006356898_d_img_d18_x11520_y95360.png,0.3305,450.7,423.09,458.25,431.99
ch2_ohr_ncp_20251009T1006356898_d_img_d18_x11520_y95360.png,0.3291,407.95,487.59,413.42,495.07
ch2_ohr_ncp_20251009T1006356898_d_img_d18_x11520_y95360.png,0.3285,103.5,353.24,114.92,370.43
ch2_ohr_ncp_20251009T1006356898_d_img_d18_x11520_y95360.png,0.3149,258.74,109.93,265.76,122.34
ch2_ohr_ncp_20251009T1006356898_d_img_d18_x11520_y95360.png,0.2876,287.36,148.62,295.55,161.81
ch2_ohr_ncp_20251009T1006356898_d_img_d18_x11520_y95360.png,0.2547,219.3,209.81,226.24,220.74
ch2_ohr_ncp_20251009T1006356898_d_img_d18_x11520_y95360.png,0.2534,377.89,231.79,385.87,241.74
ch2_ohr_ncp_20251009T1006356898_d_img_d18_x11520_y95360.png,0.239,450.68,121.96,455.02,128.35
ch2_ohr_ncp_20251009T1006356898_d_img_d18_x11520_y95360.png,0.239,358.94,319.64,369.68,335.5
ch2_ohr_ncp_20251009T1006356898_d_img_d18_x11520_y95360.png,0.2304,346.25,565.51,354.47,577.08
ch2_ohr_ncp_20251009T1006356898_d_img_d18_x11520_y95360.png,0.2265,317.5,8.75,323.76,17.91
ch2_ohr_ncp_20251009T1006356898_d_img_d18_x11520_y95360.png,0.2255,4.15,626.48,17.0,637.99
ch2_ohr_ncp_20251009T1006356898_d_img_d18_x11520_y95360.png,0.222,163.17,295.97,168.14,302.22
ch2_ohr_ncp_20251009T1006356898_d_img_d18_x11520_y95360.png,0.2194,71.51,289.1,80.57,303.73
ch2_ohr_ncp_20251009T1006356898_d_img_d18_x11520_y95360.png,0.2165,431.18,117.78,436.8,123.65
ch2_ohr_ncp_20251009T1006356898_d_img_d18_x11520_y95360.png,0.2105,136.12,295.71,144.41,308.07
ch2_ohr_ncp_20251009T1006356898_d_img_d18_x11520_y95360.png,0.2067,197.02,363.91,203.39,371.99
ch2_ohr_ncp_20251009T1006356898_d_img_d18_x11520_y95360.png,0.2044,65.38,626.89,71.82,635.8
ch2_ohr_ncp_20251009T1006356898_d_img_d18_x11520_y95360.png,0.2031,119.37,186.5,134.38,209.25
ch2_ohr_ncp_20251009T1006356898_d_img_d18_x11520_y95360.png,0.2027,380.99,529.65,385.98,535.05
ch2_ohr_ncp_20251009T1006356898_d_img_d18_x11520_y95360.png,0.2021,55.62,354.8,60.85,360.88
ch2_ohr_ncp_20251009T1006356898_d_img_d18_x11520_y96000.png,0.5538,15.89,241.91,59.71,314.42
ch2_ohr_ncp_20251009T1006356898_d_img_d18_x11520_y96000.png,0.4515,165.37,339.67,175.23,354.58
ch2_ohr_ncp_20251009T1006356898_d_img_d18_x11520_y96000.png,0.3438,427.87,505.61,434.32,513.91
ch2_ohr_ncp_20251009T1006356898_d_img_d18_x11520_y96000.png,0.3342,432.42,272.58,438.82,281.96
ch2_ohr_ncp_20251009T1006356898_d_img_d18_x11520_y96000.png,0.3307,330.41,629.93,339.25,639.8
ch2_ohr_ncp_20251009T1006356898_d_img_d18_x11520_y96000.png,0.3232,424.78,626.07,433.54,636.36
ch2_ohr_ncp_20251009T1006356898_d_img_d18_x11520_y96000.png,0.3145,237.45,235.09,243.14,241.25
ch2_ohr_ncp_20251009T1006356898_d_img_d18_x11520_y96000.png,0.2996,411.84,616.07,419.13,624.6
ch2_ohr_ncp_20251009T1006356898_d_img_d18_x11520_y96000.png,0.2701,410.24,507.47,416.16,516.07
ch2_ohr_ncp_20251009T1006356898_d_img_d18_x11520_y96000.png,0.2674,130.17,232.96,137.98,242.26
ch2_ohr_ncp_20251009T1006356898_d_img_d18_x11520_y96000.png,0.2651,92.54,338.66,98.18,346.15
ch2_ohr_ncp_20251009T1006356898_d_img_d18_x11520_y96000.png,0.2553,248.52,224.82,255.41,234.04
ch2_ohr_ncp_20251009T1006356898_d_img_d18_x11520_y96000.png,0.254,109.72,335.51,115.51,342.34
ch2_ohr_ncp_20251009T1006356898_d_img_d18_x11520_y96000.png,0.2425,125.6,629.68,136.35,639.98
ch2_ohr_ncp_20251009T1006356898_d_img_d18_x11520_y96000.png,0.2351,88.57,625.89,94.53,635.65
ch2_ohr_ncp_20251009T1006356898_d_img_d18_x11520_y96000.png,0.2315,233.51,258.79,240.39,268.27
ch2_ohr_ncp_20251009T1006356898_d_img_d18_x11520_y96000.png,0.2295,417.54,201.32,423.26,209.55
ch2_ohr_ncp_20251009T1006356898_d_img_d18_x11520_y96000.png,0.2207,339.93,258.29,346.75,265.84
ch2_ohr_ncp_20251009T1006356898_d_img_d18_x11520_y96000.png,0.2199,234.16,257.81,241.22,266.8
ch2_ohr_ncp_20251009T1006356898_d_img_d18_x11520_y96000.png,0.2172,398.0,202.59,406.02,216.2
ch2_ohr_ncp_20251009T1006356898_d_img_d18_x11520_y96000.png,0.2148,277.87,134.58,282.96,141.04
ch2_ohr_ncp_20251009T1006356898_d_img_d18_x11520_y96000.png,0.2086,373.14,175.02,380.88,189.63
ch2_ohr_ncp_20251009T1006356898_d_img_d18_x11520_y96640.png,0.4308,220.95,597.05,238.97,634.43
ch2_ohr_ncp_20251009T1006356898_d_img_d18_x11520_y96640.png,0.4196,91.29,377.28,99.25,389.85
ch2_ohr_ncp_20251009T1006356898_d_img_d18_x11520_y96640.png,0.3811,42.44,312.5,50.49,321.99
ch2_ohr_ncp_20251009T1006356898_d_img_d18_x11520_y96640.png,0.3501,229.25,351.76,241.31,371.63
ch2_ohr_ncp_20251009T1006356898_d_img_d18_x11520_y96640.png,0.3501,142.03,216.18,149.91,227.43
ch2_ohr_ncp_20251009T1006356898_d_img_d18_x11520_y96640.png,0.3175,186.65,495.74,206.75,524.35
ch2_ohr_ncp_20251009T1006356898_d_img_d18_x11520_y96640.png,0.3133,321.48,456.56,329.78,468.57
ch2_ohr_ncp_20251009T1006356898_d_img_d18_x11520_y96640.png,0.2929,16.17,514.03,24.76,525.89
ch2_ohr_ncp_20251009T1006356898_d_img_d18_x11520_y96640.png,0.2856,125.61,381.22,137.26,397.79
ch2_ohr_ncp_20251009T1006356898_d_img_d18_x11520_y96640.png,0.2679,198.17,352.99,214.68,381.94
ch2_ohr_ncp_20251009T1006356898_d_img_d18_x11520_y96640.png,0.2612,308.1,97.97,313.85,105.34
ch2_ohr_ncp_20251009T1006356898_d_img_d18_x11520_y96640.png,0.2592,222.8,604.97,239.78,634.78
ch2_ohr_ncp_20251009T1006356898_d_img_d18_x11520_y96640.png,0.2514,205.2,274.47,217.68,301.62
ch2_ohr_ncp_20251009T1006356898_d_img_d18_x11520_y96640.png,0.2449,41.53,299.64,47.89,307.5
ch2_ohr_ncp_20251009T1006356898_d_img_d18_x11520_y96640.png,0.2439,379.19,169.63,384.7,176.62
ch2_ohr_ncp_20251009T1006356898_d_img_d18_x11520_y96640.png,0.241,419.45,333.35,431.78,344.91
ch2_ohr_ncp_20251009T1006356898_d_img_d18_x11520_y96640.png,0.2402,319.17,128.2,325.79,138.42
ch2_ohr_ncp_20251009T1006356898_d_img_d18_x11520_y96640.png,0.2299,371.97,138.29,378.32,145.8
ch2_ohr_ncp_20251009T1006356898_d_img_d18_x11520_y96640.png,0.2295,253.29,18.65,264.44,38.13
ch2_ohr_ncp_20251009T1006356898_d_img_d18_x11520_y96640.png,0.2289,0.1,190.75,17.85,223.59
ch2_ohr_ncp_20251009T1006356898_d_img_d18_x11520_y96640.png,0.2268,1.02,367.25,13.85,381.78
ch2_ohr_ncp_20251009T1006356898_d_img_d18_x11520_y96640.png,0.2254,341.24,124.58,352.79,144.66
ch2_ohr_ncp_20251009T1006356898_d_img_d18_x11520_y96640.png,0.225,20.36,355.8,27.12,364.76
ch2_ohr_ncp_20251009T1006356898_d_img_d18_x11520_y96640.png,0.2245,40.69,326.06,49.42,335.69
ch2_ohr_ncp_20251009T1006356898_d_img_d18_x11520_y96640.png,0.2204,324.04,509.55,329.97,519.14
ch2_ohr_ncp_20251009T1006356898_d_img_d18_x11520_y96640.png,0.2179,121.23,503.33,134.77,518.39
ch2_ohr_ncp_20251009T1006356898_d_img_d18_x11520_y96640.png,0.2124,42.7,313.58,50.21,320.63
ch2_ohr_ncp_20251009T1006356898_d_img_d18_x11520_y96640.png,0.2106,20.69,197.64,35.75,219.69
ch2_ohr_ncp_20251009T1006356898_d_img_d18_x11520_y96640.png,0.2095,29.55,348.11,37.55,358.21
ch2_ohr_ncp_20251009T1006356898_d_img_d18_x11520_y96640.png,0.2079,29.57,543.1,49.21,574.65
ch2_ohr_ncp_20251009T1006356898_d_img_d18_x11520_y97280.png,0.4869,26.72,20.67,45.69,65.78
ch2_ohr_ncp_20251009T1006356898_d_img_d18_x11520_y97280.png,0.4671,95.23,71.52,109.2,101.9
ch2_ohr_ncp_20251009T1006356898_d_img_d18_x11520_y97280.png,0.3985,244.38,103.31,254.87,126.19
ch2_ohr_ncp_20251009T1006356898_d_img_d18_x11520_y97280.png,0.3723,261.93,271.64,273.99,294.14
ch2_ohr_ncp_20251009T1006356898_d_img_d18_x11520_y97280.png,0.3664,349.04,220.65,354.68,227.81
ch2_ohr_ncp_20251009T1006356898_d_img_d18_x11520_y97280.png,0.3612,50.66,394.66,57.97,405.75
ch2_ohr_ncp_20251009T1006356898_d_img_d18_x11520_y97280.png,0.3543,433.78,262.63,441.48,271.33
ch2_ohr_ncp_20251009T1006356898_d_img_d18_x11520_y97280.png,0.3351,455.29,93.42,461.65,101.22
ch2_ohr_ncp_20251009T1006356898_d_img_d18_x11520_y97280.png,0.3265,468.89,76.52,480.41,104.73
ch2_ohr_ncp_20251009T1006356898_d_img_d18_x11520_y97280.png,0.3232,458.26,296.32,465.96,309.23
ch2_ohr_ncp_20251009T1006356898_d_img_d18_x11520_y97280.png,0.3219,57.14,107.1,63.8,115.36
ch2_ohr_ncp_20251009T1006356898_d_img_d18_x11520_y97280.png,0.3144,44.01,492.43,50.05,500.28
ch2_ohr_ncp_20251009T1006356898_d_img_d18_x11520_y97280.png,0.3117,150.28,442.04,158.54,451.39
ch2_ohr_ncp_20251009T1006356898_d_img_d18_x11520_y97280.png,0.2999,436.39,299.4,442.24,310.37
ch2_ohr_ncp_20251009T1006356898_d_img_d18_x11520_y97280.png,0.2943,264.09,104.13,277.17,116.49
ch2_ohr_ncp_20251009T1006356898_d_img_d18_x11520_y97280.png,0.2921,415.69,135.36,429.22,167.14
ch2_ohr_ncp_20251009T1006356898_d_img_d18_x11520_y97280.png,0.29,420.35,135.97,430.03,152.13
ch2_ohr_ncp_20251009T1006356898_d_img_d18_x11520_y97280.png,0.2849,101.26,457.17,108.78,466.37
ch2_ohr_ncp_20251009T1006356898_d_img_d18_x11520_y97280.png,0.2846,336.18,350.11,343.58,361.23
ch2_ohr_ncp_20251009T1006356898_d_img_d18_x11520_y97280.png,0.2776,421.88,209.97,431.12,227.49
ch2_ohr_ncp_20251009T1006356898_d_img_d18_x11520_y97280.png,0.2665,470.0,75.08,480.13,97.22
ch2_ohr_ncp_20251009T1006356898_d_img_d18_x11520_y97280.png,0.2647,0.94,104.64,7.64,113.42
ch2_ohr_ncp_20251009T1006356898_d_img_d18_x11520_y97280.png,0.2642,109.65,289.93,116.44,296.58
ch2_ohr_ncp_20251009T1006356898_d_img_d18_x11520_y97280.png,0.2592,267.08,254.15,272.36,260.68
ch2_ohr_ncp_20251009T1006356898_d_img_d18_x11520_y97280.png,0.2591,10.76,617.08,18.99,632.22
ch2_ohr_ncp_20251009T1006356898_d_img_d18_x11520_y97280.png,0.2567,86.49,295.85,104.87,336.5
ch2_ohr_ncp_20251009T1006356898_d_img_d18_x11520_y97280.png,0.2483,469.08,88.38,480.24,112.24
ch2_ohr_ncp_20251009T1006356898_d_img_d18_x11520_y97280.png,0.239,138.7,395.41,145.82,406.57
ch2_ohr_ncp_20251009T1006356898_d_img_d18_x11520_y97280.png,0.2378,338.86,192.4,345.42,201.98
ch2_ohr_ncp_20251009T1006356898_d_img_d18_x11520_y97280.png,0.2349,385.88,570.54,393.45,578.67
ch2_ohr_ncp_20251009T1006356898_d_img_d18_x11520_y97280.png,0.2322,418.99,367.75,433.23,394.26
ch2_ohr_ncp_20251009T1006356898_d_img_d18_x11520_y97280.png,0.2309,418.2,135.75,429.89,155.3
ch2_ohr_ncp_20251009T1006356898_d_img_d18_x11520_y97280.png,0.2289,32.76,93.35,36.64,98.46
ch2_ohr_ncp_20251009T1006356898_d_img_d18_x11520_y97280.png,0.2257,224.23,629.72,235.02,639.78
ch2_ohr_ncp_20251009T1006356898_d_img_d18_x11520_y97280.png,0.221,377.71,327.98,385.57,337.72
ch2_ohr_ncp_20251009T1006356898_d_img_d18_x11520_y97280.png,0.2196,366.39,293.23,378.93,311.01
ch2_ohr_ncp_20251009T1006356898_d_img_d18_x11520_y97280.png,0.2173,68.53,431.04,77.15,446.23
ch2_ohr_ncp_20251009T1006356898_d_img_d18_x11520_y97280.png,0.2151,218.24,226.17,224.45,233.13
ch2_ohr_ncp_20251009T1006356898_d_img_d18_x11520_y97280.png,0.2134,436.49,212.55,450.27,231.86
ch2_ohr_ncp_20251009T1006356898_d_img_d18_x11520_y97280.png,0.2116,331.98,236.85,339.64,243.94
ch2_ohr_ncp_20251009T1006356898_d_img_d18_x11520_y97280.png,0.2096,129.43,380.65,133.84,386.89
ch2_ohr_ncp_20251009T1006356898_d_img_d18_x11520_y97280.png,0.2059,211.28,450.07,216.28,458.83
ch2_ohr_ncp_20251009T1006356898_d_img_d18_x11520_y97280.png,0.2013,82.21,527.89,87.72,535.57
ch2_ohr_ncp_20251009T1006356898_d_img_d18_x11520_y97280.png,0.2011,396.54,247.89,402.3,254.4
ch2_ohr_ncp_20251009T1006356898_d_img_d18_x11520_y97280.png,0.2004,436.17,211.23,453.2,229.28
ch2_ohr_ncp_20251009T1006356898_d_img_d18_x11520_y97920.png,0.5379,192.33,85.63,222.28,132.87
ch2_ohr_ncp_20251009T1006356898_d_img_d18_x11520_y97920.png,0.3993,411.23,352.27,419.58,367.08
ch2_ohr_ncp_20251009T1006356898_d_img_d18_x11520_y97920.png,0.3766,70.78,389.77,82.56,401.19
ch2_ohr_ncp_20251009T1006356898_d_img_d18_x11520_y97920.png,0.3629,36.76,398.36,51.56,425.83
ch2_ohr_ncp_20251009T1006356898_d_img_d18_x11520_y97920.png,0.3545,449.6,287.42,455.89,295.18
ch2_ohr_ncp_20251009T1006356898_d_img_d18_x11520_y97920.png,0.3478,399.23,104.95,407.11,116.85
ch2_ohr_ncp_20251009T1006356898_d_img_d18_x11520_y97920.png,0.3457,462.45,205.94,477.2,234.62
ch2_ohr_ncp_20251009T1006356898_d_img_d18_x11520_y97920.png,0.3344,232.52,218.03,242.93,231.91
ch2_ohr_ncp_20251009T1006356898_d_img_d18_x11520_y97920.png,0.333,344.05,255.73,355.52,274.08
ch2_ohr_ncp_20251009T1006356898_d_img_d18_x11520_y97920.png,0.3138,126.32,515.07,134.22,523.82
ch2_ohr_ncp_20251009T1006356898_d_img_d18_x11520_y97920.png,0.3008,283.01,29.81,288.11,36.67
ch2_ohr_ncp_20251009T1006356898_d_img_d18_x11520_y97920.png,0.2941,17.58,627.86,32.72,640.0
ch2_ohr_ncp_20251009T1006356898_d_img_d18_x11520_y97920.png,0.2799,275.26,361.47,281.68,370.72
ch2_ohr_ncp_20251009T1006356898_d_img_d18_x11520_y97920.png,0.2749,15.81,591.32,24.91,600.61
ch2_ohr_ncp_20251009T1006356898_d_img_d18_x11520_y97920.png,0.2706,89.44,375.89,100.76,391.08
ch2_ohr_ncp_20251009T1006356898_d_img_d18_x11520_y97920.png,0.2648,273.13,338.93,281.45,350.36
ch2_ohr_ncp_20251009T1006356898_d_img_d18_x11520_y97920.png,0.2603,359.56,106.29,367.95,122.5
ch2_ohr_ncp_20251009T1006356898_d_img_d18_x11520_y97920.png,0.2504,106.65,64.63,113.98,74.65
ch2_ohr_ncp_20251009T1006356898_d_img_d18_x11520_y97920.png,0.2491,300.45,613.88,305.96,621.8
ch2_ohr_ncp_20251009T1006356898_d_img_d18_x11520_y97920.png,0.2449,100.03,144.76,107.26,152.24
ch2_ohr_ncp_20251009T1006356898_d_img_d18_x11520_y97920.png,0.2415,308.0,300.24,321.42,322.31
ch2_ohr_ncp_20251009T1006356898_d_img_d18_x11520_y97920.png,0.2411,420.13,288.75,425.88,294.6
ch2_ohr_ncp_20251009T1006356898_d_img_d18_x11520_y97920.png,0.241,334.98,372.67,342.83,384.39
ch2_ohr_ncp_20251009T1006356898_d_img_d18_x11520_y97920.png,0.2318,242.04,323.93,248.05,331.97
ch2_ohr_ncp_20251009T1006356898_d_img_d18_x11520_y97920.png,0.2305,450.66,603.96,457.33,613.35
ch2_ohr_ncp_20251009T1006356898_d_img_d18_x11520_y97920.png,0.2293,327.36,288.09,333.61,295.51
ch2_ohr_ncp_20251009T1006356898_d_img_d18_x11520_y97920.png,0.2262,418.5,175.82,424.31,181.98
ch2_ohr_ncp_20251009T1006356898_d_img_d18_x11520_y97920.png,0.2221,57.03,618.61,63.12,625.16
ch2_ohr_ncp_20251009T1006356898_d_img_d18_x11520_y97920.png,0.2197,7.79,219.28,28.19,249.79
ch2_ohr_ncp_20251009T1006356898_d_img_d18_x11520_y97920.png,0.2142,183.99,526.04,190.98,535.6
ch2_ohr_ncp_20251009T1006356898_d_img_d18_x11520_y97920.png,0.206,420.99,153.67,428.99,162.62
ch2_ohr_ncp_20251009T1006356898_d_img_d18_x11520_y97920.png,0.2051,463.91,211.64,475.99,234.96
ch2_ohr_ncp_20251009T1006356898_d_img_d18_x11520_y97920.png,0.2038,313.39,626.05,324.83,637.75
ch2_ohr_ncp_20251009T1205142094_d_img_d18_x00000_y83200.png,0.2767,624.8,252.83,633.11,263.38
ch2_ohr_ncp_20251009T1205142094_d_img_d18_x00000_y83200.png,0.269,137.95,139.24,144.76,149.54
ch2_ohr_ncp_20251009T1205142094_d_img_d18_x00000_y83200.png,0.2402,445.25,603.55,462.54,631.96
ch2_ohr_ncp_20251009T1205142094_d_img_d18_x00000_y83200.png,0.2199,476.12,45.83,490.44,69.74
ch2_ohr_ncp_20251009T1205142094_d_img_d18_x00000_y83200.png,0.2112,526.91,324.93,548.93,360.59
ch2_ohr_ncp_20251009T1205142094_d_img_d18_x00000_y83840.png,0.2251,82.8,90.73,89.95,102.25
ch2_ohr_ncp_20251009T1205142094_d_img_d18_x00000_y85120.png,0.2012,126.44,335.02,149.07,360.69
ch2_ohr_ncp_20251009T1205142094_d_img_d18_x00000_y85760.png,0.2056,243.25,268.67,249.87,277.56
ch2_ohr_ncp_20251009T1205142094_d_img_d18_x00640_y82560.png,0.3319,370.79,281.14,376.74,288.44
ch2_ohr_ncp_20251009T1205142094_d_img_d18_x00640_y82560.png,0.2966,409.61,388.31,416.11,396.69
ch2_ohr_ncp_20251009T1205142094_d_img_d18_x00640_y82560.png,0.2948,220.94,220.96,232.94,244.41
ch2_ohr_ncp_20251009T1205142094_d_img_d18_x00640_y82560.png,0.2944,78.32,47.29,88.37,60.09
ch2_ohr_ncp_20251009T1205142094_d_img_d18_x00640_y82560.png,0.2325,402.88,299.08,409.49,307.61
ch2_ohr_ncp_20251009T1205142094_d_img_d18_x00640_y82560.png,0.2279,226.28,13.27,242.15,41.42
ch2_ohr_ncp_20251009T1205142094_d_img_d18_x00640_y82560.png,0.2048,345.83,624.71,352.8,636.4
ch2_ohr_ncp_20251009T1205142094_d_img_d18_x00640_y82560.png,0.2044,314.37,237.19,321.06,245.77
ch2_ohr_ncp_20251009T1205142094_d_img_d18_x00640_y83840.png,0.2017,251.09,272.17,256.87,278.41
ch2_ohr_ncp_20251009T1205142094_d_img_d18_x00640_y84480.png,0.213,230.34,0.0,267.26,21.84
ch2_ohr_ncp_20251009T1205142094_d_img_d18_x00640_y85120.png,0.3823,625.67,98.53,632.87,109.42
ch2_ohr_ncp_20251009T1205142094_d_img_d18_x00640_y85120.png,0.3776,507.42,476.12,527.6,514.21
ch2_ohr_ncp_20251009T1205142094_d_img_d18_x00640_y85120.png,0.3535,433.07,228.04,440.57,237.51
ch2_ohr_ncp_20251009T1205142094_d_img_d18_x00640_y85120.png,0.3281,444.86,209.43,451.65,220.37
ch2_ohr_ncp_20251009T1205142094_d_img_d18_x00640_y85120.png,0.3009,586.08,169.53,592.91,180.57
ch2_ohr_ncp_20251009T1205142094_d_img_d18_x00640_y85120.png,0.2952,333.11,569.41,350.14,599.92
ch2_ohr_ncp_20251009T1205142094_d_img_d18_x00640_y85120.png,0.2951,231.37,301.14,238.94,310.84
ch2_ohr_ncp_20251009T1205142094_d_img_d18_x00640_y85120.png,0.287,342.61,140.3,352.7,152.93
ch2_ohr_ncp_20251009T1205142094_d_img_d18_x00640_y85120.png,0.2698,410.97,467.03,416.89,474.1
ch2_ohr_ncp_20251009T1205142094_d_img_d18_x00640_y85120.png,0.2684,303.92,373.7,309.13,379.92
ch2_ohr_ncp_20251009T1205142094_d_img_d18_x00640_y85120.png,0.2281,282.51,595.47,289.77,604.91
ch2_ohr_ncp_20251009T1205142094_d_img_d18_x00640_y85120.png,0.2226,139.81,414.34,146.58,421.14
ch2_ohr_ncp_20251009T1205142094_d_img_d18_x00640_y85120.png,0.216,337.62,352.04,353.16,371.86
ch2_ohr_ncp_20251009T1205142094_d_img_d18_x00640_y85120.png,0.2149,154.03,182.75,161.3,191.63
ch2_ohr_ncp_20251009T1205142094_d_img_d18_x00640_y85120.png,0.2099,353.02,68.08,361.16,79.22
ch2_ohr_ncp_20251009T1205142094_d_img_d18_x00640_y85120.png,0.209,562.33,75.97,569.4,85.4
ch2_ohr_ncp_20251009T1205142094_d_img_d18_x00640_y85760.png,0.3867,106.7,74.56,113.09,82.95
ch2_ohr_ncp_20251009T1205142094_d_img_d18_x00640_y85760.png,0.2695,130.81,419.49,137.92,430.34
ch2_ohr_ncp_20251009T1205142094_d_img_d18_x00640_y85760.png,0.2591,117.32,424.35,125.69,434.73
ch2_ohr_ncp_20251009T1205142094_d_img_d18_x00640_y85760.png,0.2587,141.21,196.54,152.1,215.67
ch2_ohr_ncp_20251009T1205142094_d_img_d18_x00640_y85760.png,0.2458,276.26,617.9,284.6,627.59
ch2_ohr_ncp_20251009T1205142094_d_img_d18_x00640_y85760.png,0.2404,531.44,9.46,537.7,16.0
ch2_ohr_ncp_20251009T1205142094_d_img_d18_x00640_y85760.png,0.2294,100.16,417.69,106.46,423.85
ch2_ohr_ncp_20251009T1205142094_d_img_d18_x00640_y85760.png,0.2181,140.05,198.71,153.81,226.2
ch2_ohr_ncp_20251009T1205142094_d_img_d18_x00640_y85760.png,0.2141,128.52,93.29,133.75,100.41
ch2_ohr_ncp_20251009T1205142094_d_img_d18_x00640_y85760.png,0.2078,81.33,590.38,90.59,604.7
ch2_ohr_ncp_20251009T1205142094_d_img_d18_x00640_y87680.png,0.2913,318.22,285.65,333.0,305.85
ch2_ohr_ncp_20251009T1205142094_d_img_d18_x00640_y87680.png,0.2445,124.56,626.02,130.57,633.8
ch2_ohr_ncp_20251009T1205142094_d_img_d18_x01280_y79360.png,0.2274,499.92,338.4,506.77,348.02
ch2_ohr_ncp_20251009T1205142094_d_img_d18_x01280_y79360.png,0.201,576.19,628.2,582.3,635.66
ch2_ohr_ncp_20251009T1205142094_d_img_d18_x01280_y80000.png,0.3238,418.93,630.11,428.35,639.51
ch2_ohr_ncp_20251009T1205142094_d_img_d18_x01280_y80000.png,0.3027,242.43,345.61,251.88,359.47
ch2_ohr_ncp_20251009T1205142094_d_img_d18_x01280_y80000.png,0.2966,171.85,552.36,183.07,569.13
ch2_ohr_ncp_20251009T1205142094_d_img_d18_x01280_y80000.png,0.273,416.74,0.76,432.43,18.06
ch2_ohr_ncp_20251009T1205142094_d_img_d18_x01280_y80000.png,0.2693,96.44,81.87,127.4,109.86
ch2_ohr_ncp_20251009T1205142094_d_img_d18_x01280_y80000.png,0.2677,297.55,89.85,304.56,99.06
ch2_ohr_ncp_20251009T1205142094_d_img_d18_x01280_y80000.png,0.2372,555.91,272.84,563.15,283.07
ch2_ohr_ncp_20251009T1205142094_d_img_d18_x01280_y80000.png,0.2315,628.83,167.17,634.18,173.74
ch2_ohr_ncp_20251009T1205142094_d_img_d18_x01280_y80000.png,0.225,106.92,276.32,113.34,285.27
ch2_ohr_ncp_20251009T1205142094_d_img_d18_x01280_y80000.png,0.2225,373.13,118.89,378.66,125.85
ch2_ohr_ncp_20251009T1205142094_d_img_d18_x01280_y80000.png,0.2091,83.69,530.13,92.47,540.95
ch2_ohr_ncp_20251009T1205142094_d_img_d18_x01280_y80000.png,0.2018,210.4,623.16,222.5,637.69
ch2_ohr_ncp_20251009T1205142094_d_img_d18_x01280_y80640.png,0.3364,491.99,318.63,510.16,348.92
ch2_ohr_ncp_20251009T1205142094_d_img_d18_x01280_y80640.png,0.2733,484.07,624.65,496.93,638.27
ch2_ohr_ncp_20251009T1205142094_d_img_d18_x01280_y80640.png,0.2244,319.26,537.22,334.14,562.27
ch2_ohr_ncp_20251009T1205142094_d_img_d18_x01280_y81280.png,0.3333,42.34,15.93,49.13,22.15
ch2_ohr_ncp_20251009T1205142094_d_img_d18_x01280_y81280.png,0.2519,428.56,358.69,435.9,366.83
ch2_ohr_ncp_20251009T1205142094_d_img_d18_x01280_y81280.png,0.2494,40.96,184.02,65.52,213.88
ch2_ohr_ncp_20251009T1205142094_d_img_d18_x01280_y81280.png,0.2476,273.17,41.09,281.12,48.38
ch2_ohr_ncp_20251009T1205142094_d_img_d18_x01280_y81280.png,0.2452,192.55,127.15,200.23,137.6
ch2_ohr_ncp_20251009T1205142094_d_img_d18_x01280_y81280.png,0.2214,86.7,411.42,93.74,420.42
ch2_ohr_ncp_20251009T1205142094_d_img_d18_x01280_y81280.png,0.2205,469.75,629.72,481.59,639.52
ch2_ohr_ncp_20251009T1205142094_d_img_d18_x01280_y81280.png,0.2057,435.23,490.23,441.23,497.81
ch2_ohr_ncp_20251009T1205142094_d_img_d18_x01280_y81280.png,0.2018,409.71,62.47,425.91,78.91
ch2_ohr_ncp_20251009T1205142094_d_img_d18_x01280_y81920.png,0.2447,435.48,245.63,441.9,252.98
ch2_ohr_ncp_20251009T1205142094_d_img_d18_x01280_y82560.png,0.2685,149.07,390.9,169.4,422.45
ch2_ohr_ncp_20251009T1205142094_d_img_d18_x01280_y82560.png,0.2626,624.34,122.12,632.99,136.82
ch2_ohr_ncp_20251009T1205142094_d_img_d18_x01280_y82560.png,0.2445,150.05,389.89,170.11,412.38
ch2_ohr_ncp_20251009T1205142094_d_img_d18_x01280_y82560.png,0.2322,191.6,154.01,198.39,163.17
ch2_ohr_ncp_20251009T1205142094_d_img_d18_x01280_y82560.png,0.2185,266.39,50.29,277.28,65.59
ch2_ohr_ncp_20251009T1205142094_d_img_d18_x01280_y82560.png,0.2176,143.42,366.89,151.32,375.72
ch2_ohr_ncp_20251009T1205142094_d_img_d18_x01280_y82560.png,0.208,135.72,254.87,143.14,263.75
ch2_ohr_ncp_20251009T1205142094_d_img_d18_x01280_y82560.png,0.2051,206.68,142.6,214.35,151.98
ch2_ohr_ncp_20251009T1205142094_d_img_d18_x01280_y83840.png,0.2,359.13,385.22,366.18,396.88
ch2_ohr_ncp_20251009T1205142094_d_img_d18_x01280_y84480.png,0.246,626.02,594.25,633.23,603.8
ch2_ohr_ncp_20251009T1205142094_d_img_d18_x01280_y85760.png,0.2597,178.63,31.02,185.91,38.32
ch2_ohr_ncp_20251009T1205142094_d_img_d18_x01280_y85760.png,0.2042,248.38,139.87,262.52,167.12
ch2_ohr_ncp_20251009T1205142094_d_img_d18_x01280_y87040.png,0.2449,235.0,632.24,242.5,639.39
ch2_ohr_ncp_20251009T1205142094_d_img_d18_x01280_y87040.png,0.2092,178.47,631.28,183.99,638.45
ch2_ohr_ncp_20251009T1205142094_d_img_d18_x01920_y76160.png,0.5505,60.64,275.83,73.34,288.41
ch2_ohr_ncp_20251009T1205142094_d_img_d18_x01920_y76160.png,0.5061,277.88,58.86,293.41,81.97
ch2_ohr_ncp_20251009T1205142094_d_img_d18_x01920_y76160.png,0.4726,574.38,79.44,587.73,101.08
ch2_ohr_ncp_20251009T1205142094_d_img_d18_x01920_y76160.png,0.4696,186.04,134.86,194.59,143.84
ch2_ohr_ncp_20251009T1205142094_d_img_d18_x01920_y76160.png,0.4515,179.14,22.11,185.51,29.67
ch2_ohr_ncp_20251009T1205142094_d_img_d18_x01920_y76160.png,0.4404,397.9,215.56,409.88,234.86
ch2_ohr_ncp_20251009T1205142094_d_img_d18_x01920_y76160.png,0.4385,39.52,224.03,51.86,247.6
ch2_ohr_ncp_20251009T1205142094_d_img_d18_x01920_y76160.png,0.4236,170.92,45.47,177.55,53.31
ch2_ohr_ncp_20251009T1205142094_d_img_d18_x01920_y76160.png,0.42,330.71,118.08,339.36,132.33
ch2_ohr_ncp_20251009T1205142094_d_img_d18_x01920_y76160.png,0.4102,44.28,109.3,66.11,141.17
ch2_ohr_ncp_20251009T1205142094_d_img_d18_x01920_y76160.png,0.4076,305.83,251.37,313.92,262.84
ch2_ohr_ncp_20251009T1205142094_d_img_d18_x01920_y76160.png,0.3984,99.78,276.76,106.34,287.22
ch2_ohr_ncp_20251009T1205142094_d_img_d18_x01920_y76160.png,0.3894,615.83,75.81,624.62,89.79
ch2_ohr_ncp_20251009T1205142094_d_img_d18_x01920_y76160.png,0.3811,549.66,92.23,556.92,102.27
ch2_ohr_ncp_20251009T1205142094_d_img_d18_x01920_y76160.png,0.35,208.94,212.84,217.51,223.3
ch2_ohr_ncp_20251009T1205142094_d_img_d18_x01920_y76160.png,0.3452,65.61,218.49,73.71,227.96
ch2_ohr_ncp_20251009T1205142094_d_img_d18_x01920_y76160.png,0.3398,535.8,283.5,546.79,303.2
ch2_ohr_ncp_20251009T1205142094_d_img_d18_x01920_y76160.png,0.3387,105.09,399.42,114.8,411.79
ch2_ohr_ncp_20251009T1205142094_d_img_d18_x01920_y76160.png,0.3349,506.74,386.42,513.85,396.5
ch2_ohr_ncp_20251009T1205142094_d_img_d18_x01920_y76160.png,0.3093,408.13,68.16,417.33,79.32
ch2_ohr_ncp_20251009T1205142094_d_img_d18_x01920_y76160.png,0.3019,317.64,34.0,324.91,41.82
ch2_ohr_ncp_20251009T1205142094_d_img_d18_x01920_y76160.png,0.2968,516.6,299.57,523.11,306.88
ch2_ohr_ncp_20251009T1205142094_d_img_d18_x01920_y76160.png,0.2923,417.28,194.18,424.47,202.0
ch2_ohr_ncp_20251009T1205142094_d_img_d18_x01920_y76160.png,0.2667,71.97,14.48,80.81,26.05
ch2_ohr_ncp_20251009T1205142094_d_img_d18_x01920_y76160.png,0.2617,74.44,443.95,80.56,453.0
ch2_ohr_ncp_20251009T1205142094_d_img_d18_x01920_y76160.png,0.2563,467.77,223.8,474.4,232.74
ch2_ohr_ncp_20251009T1205142094_d_img_d18_x01920_y76160.png,0.2444,351.97,574.67,361.55,588.6
ch2_ohr_ncp_20251009T1205142094_d_img_d18_x01920_y76160.png,0.2396,81.29,200.75,89.95,212.21
ch2_ohr_ncp_20251009T1205142094_d_img_d18_x01920_y76160.png,0.2373,382.56,426.22,410.17,468.88
ch2_ohr_ncp_20251009T1205142094_d_img_d18_x01920_y76160.png,0.2343,251.89,183.76,259.31,199.42
ch2_ohr_ncp_20251009T1205142094_d_img_d18_x01920_y76160.png,0.2281,156.53,164.22,162.93,170.89
ch2_ohr_ncp_20251009T1205142094_d_img_d18_x01920_y76160.png,0.222,104.82,492.49,136.71,546.36
ch2_ohr_ncp_20251009T1205142094_d_img_d18_x01920_y76160.png,0.2197,375.82,61.11,384.82,77.26
ch2_ohr_ncp_20251009T1205142094_d_img_d18_x01920_y76160.png,0.2187,42.45,173.87,47.71,179.72
ch2_ohr_ncp_20251009T1205142094_d_img_d18_x01920_y76160.png,0.2177,19.42,12.16,26.72,22.35
ch2_ohr_ncp_20251009T1205142094_d_img_d18_x01920_y76160.png,0.2161,65.86,401.36,72.8,410.02
ch2_ohr_ncp_20251009T1205142094_d_img_d18_x01920_y76160.png,0.2112,315.72,311.71,326.98,328.4
ch2_ohr_ncp_20251009T1205142094_d_img_d18_x01920_y76160.png,0.2106,421.67,207.22,426.39,212.9
ch2_ohr_ncp_20251009T1205142094_d_img_d18_x01920_y76160.png,0.2088,417.27,71.34,435.51,95.96
ch2_ohr_ncp_20251009T1205142094_d_img_d18_x01920_y76160.png,0.2069,218.08,62.06,224.71,70.52
ch2_ohr_ncp_20251009T1205142094_d_img_d18_x01920_y76160.png,0.2058,149.25,388.91,158.82,399.31
ch2_ohr_ncp_20251009T1205142094_d_img_d18_x01920_y76160.png,0.2043,356.6,208.18,370.97,225.75
ch2_ohr_ncp_20251009T1205142094_d_img_d18_x01920_y76800.png,0.2596,321.66,448.66,327.68,455.73
ch2_ohr_ncp_20251009T1205142094_d_img_d18_x01920_y76800.png,0.2289,43.26,53.11,49.75,61.15
ch2_ohr_ncp_20251009T1205142094_d_img_d18_x01920_y76800.png,0.2279,57.13,338.5,66.27,349.09
ch2_ohr_ncp_20251009T1205142094_d_img_d18_x01920_y76800.png,0.2233,84.53,129.53,90.46,136.33
ch2_ohr_ncp_20251009T1205142094_d_img_d18_x01920_y80000.png,0.3379,607.19,140.31,615.19,152.33
ch2_ohr_ncp_20251009T1205142094_d_img_d18_x01920_y80000.png,0.2967,94.47,139.88,107.72,162.16
ch2_ohr_ncp_20251009T1205142094_d_img_d18_x01920_y80000.png,0.2569,205.69,136.04,225.28,165.78
ch2_ohr_ncp_20251009T1205142094_d_img_d18_x01920_y80000.png,0.2251,119.28,96.27,127.5,105.89
ch2_ohr_ncp_20251009T1205142094_d_img_d18_x01920_y80640.png,0.2146,509.35,57.89,521.83,73.96
ch2_ohr_ncp_20251009T1205142094_d_img_d18_x01920_y81920.png,0.257,541.92,633.11,547.84,639.48
ch2_ohr_ncp_20251009T1205142094_d_img_d18_x01920_y81920.png,0.2298,342.8,579.23,357.76,595.23
ch2_ohr_ncp_20251009T1205142094_d_img_d18_x01920_y83840.png,0.2251,509.12,383.78,520.37,402.26
ch2_ohr_ncp_20251009T1205142094_d_img_d18_x01920_y84480.png,0.2358,235.0,74.01,240.49,83.01
ch2_ohr_ncp_20251009T1205142094_d_img_d18_x01920_y86400.png,0.2533,229.19,4.96,244.68,25.79
ch2_ohr_ncp_20251009T1205142094_d_img_d18_x02560_y78720.png,0.2355,315.03,624.68,329.05,639.71
ch2_ohr_ncp_20251009T1205142094_d_img_d18_x02560_y79360.png,0.289,211.04,547.25,217.74,556.42
ch2_ohr_ncp_20251009T1205142094_d_img_d18_x02560_y79360.png,0.2744,613.58,120.11,622.36,132.8
ch2_ohr_ncp_20251009T1205142094_d_img_d18_x02560_y79360.png,0.2459,617.7,57.94,625.21,70.03
ch2_ohr_ncp_20251009T1205142094_d_img_d18_x02560_y79360.png,0.2438,210.76,312.84,217.31,322.02
ch2_ohr_ncp_20251009T1205142094_d_img_d18_x02560_y79360.png,0.2333,103.31,45.28,111.59,55.74
ch2_ohr_ncp_20251009T1205142094_d_img_d18_x02560_y79360.png,0.2216,343.65,32.54,358.03,50.54
ch2_ohr_ncp_20251009T1205142094_d_img_d18_x02560_y79360.png,0.22,111.72,322.48,122.67,336.77
ch2_ohr_ncp_20251009T1205142094_d_img_d18_x02560_y79360.png,0.2147,560.11,43.81,567.33,53.03
ch2_ohr_ncp_20251009T1205142094_d_img_d18_x02560_y79360.png,0.2003,625.06,257.93,633.06,269.48
ch2_ohr_ncp_20251009T1205142094_d_img_d18_x02560_y80000.png,0.2185,265.94,241.82,275.06,254.6
ch2_ohr_ncp_20251009T1205142094_d_img_d18_x02560_y80640.png,0.2823,186.97,523.29,193.21,533.35
ch2_ohr_ncp_20251009T1205142094_d_img_d18_x02560_y83840.png,0.2328,196.11,627.32,201.58,635.79
ch2_ohr_ncp_20251009T1205142094_d_img_d18_x02560_y89600.png,0.218,330.29,631.69,338.02,639.33
ch2_ohr_ncp_20251009T1205142094_d_img_d18_x03200_y76160.png,0.2548,628.26,326.97,635.38,335.88
ch2_ohr_ncp_20251009T1205142094_d_img_d18_x03200_y77440.png,0.2175,397.29,332.63,410.81,356.95
ch2_ohr_ncp_20251009T1205142094_d_img_d18_x03200_y78720.png,0.4277,257.46,357.14,266.35,368.17
ch2_ohr_ncp_20251009T1205142094_d_img_d18_x03200_y78720.png,0.3753,60.56,347.85,67.05,357.34
ch2_ohr_ncp_20251009T1205142094_d_img_d18_x03200_y78720.png,0.3751,250.92,345.04,257.95,354.4
ch2_ohr_ncp_20251009T1205142094_d_img_d18_x03200_y78720.png,0.3396,105.44,216.86,113.61,232.15
ch2_ohr_ncp_20251009T1205142094_d_img_d18_x03200_y78720.png,0.3089,358.84,567.64,377.7,596.21
ch2_ohr_ncp_20251009T1205142094_d_img_d18_x03200_y78720.png,0.2477,240.14,630.07,247.76,639.45
ch2_ohr_ncp_20251009T1205142094_d_img_d18_x03200_y78720.png,0.2385,363.23,143.1,374.97,158.57
ch2_ohr_ncp_20251009T1205142094_d_img_d18_x03200_y78720.png,0.2366,56.53,554.59,65.33,565.66
ch2_ohr_ncp_20251009T1205142094_d_img_d18_x03200_y78720.png,0.2287,568.67,106.78,576.83,118.15
ch2_ohr_ncp_20251009T1205142094_d_img_d18_x03200_y78720.png,0.223,26.99,306.19,36.93,320.54
ch2_ohr_ncp_20251009T1205142094_d_img_d18_x03200_y78720.png,0.2173,191.9,407.51,199.94,418.54
ch2_ohr_ncp_20251009T1205142094_d_img_d18_x03200_y78720.png,0.2107,188.19,176.66,199.71,197.95
ch2_ohr_ncp_20251009T1205142094_d_img_d18_x03200_y78720.png,0.2107,233.02,476.96,241.1,488.45
ch2_ohr_ncp_20251009T1205142094_d_img_d18_x03200_y78720.png,0.2103,400.39,60.4,408.62,70.61
ch2_ohr_ncp_20251009T1205142094_d_img_d18_x03200_y79360.png,0.2965,556.31,568.68,563.48,578.37
ch2_ohr_ncp_20251009T1205142094_d_img_d18_x03200_y79360.png,0.2825,493.78,275.44,508.0,293.4
ch2_ohr_ncp_20251009T1205142094_d_img_d18_x03200_y79360.png,0.2375,598.29,527.24,615.05,549.49
ch2_ohr_ncp_20251009T1205142094_d_img_d18_x03200_y79360.png,0.2256,541.41,315.64,549.57,325.39
ch2_ohr_ncp_20251009T1205142094_d_img_d18_x03200_y79360.png,0.2229,613.87,0.26,622.69,12.8
ch2_ohr_ncp_20251009T1205142094_d_img_d18_x03200_y79360.png,0.2119,547.63,394.52,554.19,402.81
ch2_ohr_ncp_20251009T1205142094_d_img_d18_x03200_y80640.png,0.4638,398.4,95.49,417.5,122.57
ch2_ohr_ncp_20251009T1205142094_d_img_d18_x03200_y80640.png,0.2875,123.24,369.09,129.96,379.55
ch2_ohr_ncp_20251009T1205142094_d_img_d18_x03200_y80640.png,0.2861,622.06,0.0,633.49,7.65
ch2_ohr_ncp_20251009T1205142094_d_img_d18_x03200_y80640.png,0.2785,314.22,155.77,321.96,164.55
ch2_ohr_ncp_20251009T1205142094_d_img_d18_x03200_y80640.png,0.2769,443.92,37.5,450.52,45.85
ch2_ohr_ncp_20251009T1205142094_d_img_d18_x03200_y80640.png,0.271,434.83,308.2,441.34,317.62
ch2_ohr_ncp_20251009T1205142094_d_img_d18_x03200_y80640.png,0.2307,299.62,157.37,307.52,167.4
ch2_ohr_ncp_20251009T1205142094_d_img_d18_x03200_y80640.png,0.2234,329.07,144.9,337.09,153.81
ch2_ohr_ncp_20251009T1205142094_d_img_d18_x03200_y81280.png,0.2356,331.52,117.03,350.55,149.36
ch2_ohr_ncp_20251009T1205142094_d_img_d18_x03200_y88320.png,0.2228,2.84,228.18,10.3,238.21
ch2_ohr_ncp_20251009T1205142094_d_img_d18_x03840_y69120.png,0.2421,611.38,142.29,617.2,149.31
ch2_ohr_ncp_20251009T1205142094_d_img_d18_x03840_y69120.png,0.2363,93.76,350.89,101.15,359.86
ch2_ohr_ncp_20251009T1205142094_d_img_d18_x03840_y69120.png,0.236,111.18,333.43,117.66,341.07
ch2_ohr_ncp_20251009T1205142094_d_img_d18_x03840_y69120.png,0.2057,387.82,102.67,395.1,110.87
ch2_ohr_ncp_20251009T1205142094_d_img_d18_x03840_y69760.png,0.2255,632.37,622.63,637.95,632.65
ch2_ohr_ncp_20251009T1205142094_d_img_d18_x03840_y69760.png,0.2054,56.48,472.07,69.47,492.38
ch2_ohr_ncp_20251009T1205142094_d_img_d18_x03840_y73600.png,0.2166,224.14,625.46,237.18,638.67
ch2_ohr_ncp_20251009T1205142094_d_img_d18_x03840_y74880.png,0.3698,31.25,138.9,40.79,154.24
ch2_ohr_ncp_20251009T1205142094_d_img_d18_x03840_y74880.png,0.2768,263.47,630.19,272.58,639.03
ch2_ohr_ncp_20251009T1205142094_d_img_d18_x03840_y74880.png,0.2514,384.01,628.33,393.25,639.04
ch2_ohr_ncp_20251009T1205142094_d_img_d18_x03840_y76160.png,0.2185,347.89,411.86,362.01,437.41
ch2_ohr_ncp_20251009T1205142094_d_img_d18_x03840_y76160.png,0.2006,580.93,59.44,602.53,93.63
ch2_ohr_ncp_20251009T1205142094_d_img_d18_x03840_y77440.png,0.2229,469.02,632.27,478.67,639.67
ch2_ohr_ncp_20251009T1205142094_d_img_d18_x03840_y78720.png,0.2378,461.03,27.07,468.28,35.91
ch2_ohr_ncp_20251009T1205142094_d_img_d18_x03840_y78720.png,0.2302,450.41,632.25,458.25,639.56
ch2_ohr_ncp_20251009T1205142094_d_img_d18_x03840_y78720.png,0.202,75.68,20.47,81.6,27.31
ch2_ohr_ncp_20251009T1205142094_d_img_d18_x03840_y80000.png,0.2316,614.56,217.38,639.87,266.1
ch2_ohr_ncp_20251009T1205142094_d_img_d18_x03840_y81280.png,0.2125,608.29,2.34,624.58,32.38
ch2_ohr_ncp_20251009T1205142094_d_img_d18_x03840_y81920.png,0.2311,139.44,630.41,146.37,639.21
ch2_ohr_ncp_20251009T1205142094_d_img_d18_x03840_y86400.png,0.2017,268.52,221.5,284.55,247.21
ch2_ohr_ncp_20251009T1205142094_d_img_d18_x04480_y72320.png,0.3889,378.54,510.06,405.69,544.89
ch2_ohr_ncp_20251009T1205142094_d_img_d18_x04480_y72320.png,0.2991,268.99,336.48,277.25,345.93
ch2_ohr_ncp_20251009T1205142094_d_img_d18_x04480_y72320.png,0.2183,473.62,163.33,481.46,173.93
ch2_ohr_ncp_20251009T1205142094_d_img_d18_x04480_y72320.png,0.2071,317.23,497.27,327.13,509.51
ch2_ohr_ncp_20251009T1205142094_d_img_d18_x04480_y72320.png,0.2064,455.74,87.38,471.57,109.77
ch2_ohr_ncp_20251009T1205142094_d_img_d18_x04480_y72320.png,0.206,250.52,348.32,257.88,358.14
ch2_ohr_ncp_20251009T1205142094_d_img_d18_x04480_y74880.png,0.2368,460.79,43.82,466.46,52.28
ch2_ohr_ncp_20251009T1205142094_d_img_d18_x04480_y74880.png,0.2364,42.9,570.81,49.67,580.8
ch2_ohr_ncp_20251009T1205142094_d_img_d18_x04480_y77440.png,0.3396,530.59,282.78,537.11,291.87
ch2_ohr_ncp_20251009T1205142094_d_img_d18_x04480_y77440.png,0.2516,411.51,389.97,418.87,398.46
ch2_ohr_ncp_20251009T1205142094_d_img_d18_x04480_y77440.png,0.2078,452.75,491.16,459.05,501.25
ch2_ohr_ncp_20251009T1205142094_d_img_d18_x04480_y78720.png,0.2523,493.54,233.39,507.51,251.31
ch2_ohr_ncp_20251009T1205142094_d_img_d18_x04480_y78720.png,0.224,27.33,82.87,35.26,93.08
ch2_ohr_ncp_20251009T1205142094_d_img_d18_x04480_y78720.png,0.2181,316.19,36.89,324.77,51.05
ch2_ohr_ncp_20251009T1205142094_d_img_d18_x04480_y78720.png,0.2063,251.89,621.37,267.79,639.05
ch2_ohr_ncp_20251009T1205142094_d_img_d18_x04480_y78720.png,0.2014,143.74,216.24,154.93,231.59
ch2_ohr_ncp_20251009T1205142094_d_img_d18_x04480_y87040.png,0.2519,218.84,0.0,241.98,31.82
ch2_ohr_ncp_20251009T1205142094_d_img_d18_x05120_y74240.png,0.2481,43.54,632.83,49.84,639.64
ch2_ohr_ncp_20251009T1205142094_d_img_d18_x05120_y76800.png,0.2116,346.59,627.18,352.19,634.82
ch2_ohr_ncp_20251009T1205142094_d_img_d18_x05120_y78720.png,0.24,613.95,594.7,630.84,628.12
ch2_ohr_ncp_20251009T1205142094_d_img_d18_x05120_y79360.png,0.2325,182.05,187.2,196.8,210.86
ch2_ohr_ncp_20251009T1205142094_d_img_d18_x05120_y80000.png,0.3048,396.89,0.0,417.46,29.35
ch2_ohr_ncp_20251009T1205142094_d_img_d18_x05760_y69760.png,0.2041,541.63,209.03,558.28,235.1
ch2_ohr_ncp_20251009T1205142094_d_img_d18_x05760_y78080.png,0.2293,452.82,630.69,461.6,639.38
ch2_ohr_ncp_20251009T1205142094_d_img_d18_x06400_y67200.png,0.2423,522.31,174.27,529.75,183.24
ch2_ohr_ncp_20251009T1205142094_d_img_d18_x06400_y74880.png,0.3127,462.91,623.64,473.94,638.86
ch2_ohr_ncp_20251009T1205142094_d_img_d18_x06400_y76160.png,0.2938,197.1,22.3,220.93,57.54
ch2_ohr_ncp_20251009T1205142094_d_img_d18_x06400_y76160.png,0.2214,298.55,56.95,312.27,76.04
ch2_ohr_ncp_20251009T1205142094_d_img_d18_x06400_y76160.png,0.2071,186.89,138.15,193.66,148.56
ch2_ohr_ncp_20251009T1205142094_d_img_d18_x06400_y80640.png,0.3988,299.62,61.31,306.81,69.96
ch2_ohr_ncp_20251009T1205142094_d_img_d18_x06400_y80640.png,0.3831,360.35,160.87,370.67,176.01
ch2_ohr_ncp_20251009T1205142094_d_img_d18_x06400_y80640.png,0.3413,186.69,55.99,194.43,66.49
ch2_ohr_ncp_20251009T1205142094_d_img_d18_x06400_y80640.png,0.262,614.53,383.87,631.2,412.52
ch2_ohr_ncp_20251009T1205142094_d_img_d18_x06400_y80640.png,0.2335,386.07,170.36,395.49,184.26
ch2_ohr_ncp_20251009T1205142094_d_img_d18_x06400_y80640.png,0.2012,434.47,279.74,442.37,290.15
ch2_ohr_ncp_20251009T1205142094_d_img_d18_x06400_y90240.png,0.2122,502.93,0.0,532.45,27.84
ch2_ohr_ncp_20251009T1205142094_d_img_d18_x07040_y74240.png,0.2022,181.76,294.31,200.8,324.77
ch2_ohr_ncp_20251009T1205142094_d_img_d18_x07040_y76160.png,0.2215,299.86,184.51,314.64,216.31
ch2_ohr_ncp_20251009T1205142094_d_img_d18_x07040_y78720.png,0.2439,155.11,317.58,161.36,325.8
ch2_ohr_ncp_20251009T1205142094_d_img_d18_x07040_y78720.png,0.2254,147.53,437.51,154.66,446.26
ch2_ohr_ncp_20251009T1205142094_d_img_d18_x07040_y79360.png,0.2699,251.64,458.37,257.43,467.09
ch2_ohr_ncp_20251009T1205142094_d_img_d18_x07040_y79360.png,0.2495,619.8,624.26,633.42,639.07
ch2_ohr_ncp_20251009T1205142094_d_img_d18_x07040_y80640.png,0.2162,302.68,464.47,315.82,490.65
ch2_ohr_ncp_20251009T1205142094_d_img_d18_x07680_y75520.png,0.2872,399.62,316.88,416.47,347.59
ch2_ohr_ncp_20251009T1205142094_d_img_d18_x07680_y76160.png,0.215,157.28,313.98,174.37,341.96
ch2_ohr_ncp_20251009T1205142094_d_img_d18_x07680_y76160.png,0.2097,346.06,164.28,362.15,187.57
ch2_ohr_ncp_20251009T1205142094_d_img_d18_x07680_y80000.png,0.3119,115.21,170.97,122.84,182.31
ch2_ohr_ncp_20251009T1205142094_d_img_d18_x07680_y80000.png,0.2633,371.39,179.87,378.2,189.07
ch2_ohr_ncp_20251009T1205142094_d_img_d18_x07680_y80000.png,0.2469,91.69,633.47,97.63,639.07
ch2_ohr_ncp_20251009T1205142094_d_img_d18_x07680_y80000.png,0.2028,418.96,629.27,426.5,638.72
ch2_ohr_ncp_20251009T1205142094_d_img_d18_x08320_y62720.png,0.2197,270.64,35.16,279.16,46.66
ch2_ohr_ncp_20251009T1205142094_d_img_d18_x08320_y64000.png,0.4072,188.72,215.69,199.73,231.98
ch2_ohr_ncp_20251009T1205142094_d_img_d18_x08320_y64000.png,0.3439,244.32,604.26,265.16,637.73
ch2_ohr_ncp_20251009T1205142094_d_img_d18_x08320_y64000.png,0.2902,592.46,417.19,616.53,459.87
ch2_ohr_ncp_20251009T1205142094_d_img_d18_x08320_y64000.png,0.2283,307.51,248.93,314.58,258.36
ch2_ohr_ncp_20251009T1205142094_d_img_d18_x08320_y64000.png,0.2276,222.67,113.01,230.87,123.85
ch2_ohr_ncp_20251009T1205142094_d_img_d18_x08320_y64000.png,0.2255,164.04,572.57,171.04,580.5
ch2_ohr_ncp_20251009T1205142094_d_img_d18_x08320_y64000.png,0.2078,0.0,584.89,20.31,640.0
ch2_ohr_ncp_20251009T1205142094_d_img_d18_x08320_y64000.png,0.2059,265.69,517.04,273.39,526.94
ch2_ohr_ncp_20251009T1205142094_d_img_d18_x08320_y64000.png,0.2059,448.97,131.8,456.97,143.35
ch2_ohr_ncp_20251009T1205142094_d_img_d18_x08320_y64000.png,0.205,171.4,192.43,177.31,200.5
ch2_ohr_ncp_20251009T1205142094_d_img_d18_x08320_y64000.png,0.2029,497.78,183.61,504.93,193.15
ch2_ohr_ncp_20251009T1205142094_d_img_d18_x08320_y65280.png,0.2141,419.06,156.63,425.54,165.5
ch2_ohr_ncp_20251009T1205142094_d_img_d18_x08320_y76800.png,0.3747,615.59,160.88,629.81,184.21
ch2_ohr_ncp_20251009T1205142094_d_img_d18_x08320_y76800.png,0.3557,427.45,80.66,434.11,90.54
ch2_ohr_ncp_20251009T1205142094_d_img_d18_x08320_y76800.png,0.3453,554.04,56.19,567.91,74.05
ch2_ohr_ncp_20251009T1205142094_d_img_d18_x08320_y76800.png,0.3403,413.88,208.44,431.53,238.99
ch2_ohr_ncp_20251009T1205142094_d_img_d18_x08320_y76800.png,0.3152,141.86,560.49,149.19,571.77
ch2_ohr_ncp_20251009T1205142094_d_img_d18_x08320_y76800.png,0.3037,617.4,17.53,622.94,25.05
ch2_ohr_ncp_20251009T1205142094_d_img_d18_x08320_y76800.png,0.2997,396.28,621.18,411.57,638.09
ch2_ohr_ncp_20251009T1205142094_d_img_d18_x08320_y76800.png,0.2633,343.41,339.24,353.03,357.04
ch2_ohr_ncp_20251009T1205142094_d_img_d18_x08320_y76800.png,0.2624,578.47,75.96,584.8,84.96
ch2_ohr_ncp_20251009T1205142094_d_img_d18_x08320_y76800.png,0.2501,612.54,237.56,626.74,252.69
ch2_ohr_ncp_20251009T1205142094_d_img_d18_x08320_y76800.png,0.2406,338.68,416.29,345.4,424.92
ch2_ohr_ncp_20251009T1205142094_d_img_d18_x08320_y76800.png,0.2319,469.55,103.58,477.02,114.09
ch2_ohr_ncp_20251009T1205142094_d_img_d18_x08320_y76800.png,0.2189,494.6,89.04,505.46,101.03
ch2_ohr_ncp_20251009T1205142094_d_img_d18_x08320_y76800.png,0.2179,171.8,342.32,180.4,357.15
ch2_ohr_ncp_20251009T1205142094_d_img_d18_x08320_y76800.png,0.2142,590.49,227.13,596.87,234.46
ch2_ohr_ncp_20251009T1205142094_d_img_d18_x08320_y78720.png,0.2013,298.1,90.48,304.94,101.41
ch2_ohr_ncp_20251009T1205142094_d_img_d18_x08320_y79360.png,0.2648,471.61,399.31,478.9,408.08
ch2_ohr_ncp_20251009T1205142094_d_img_d18_x08320_y82560.png,0.2527,540.24,287.3,561.73,314.42
ch2_ohr_ncp_20251009T1205142094_d_img_d18_x08320_y96640.png,0.2434,125.91,36.89,136.62,48.16
ch2_ohr_ncp_20251009T1205142094_d_img_d18_x08960_y59520.png,0.2212,507.79,124.27,514.23,133.41
ch2_ohr_ncp_20251009T1205142094_d_img_d18_x08960_y60160.png,0.2284,115.59,76.75,122.29,83.24
ch2_ohr_ncp_20251009T1205142094_d_img_d18_x08960_y60160.png,0.2243,225.91,96.32,232.84,107.22
ch2_ohr_ncp_20251009T1205142094_d_img_d18_x08960_y60160.png,0.2181,241.47,375.03,249.01,386.32
ch2_ohr_ncp_20251009T1205142094_d_img_d18_x08960_y60160.png,0.2175,618.09,514.96,624.15,523.68
ch2_ohr_ncp_20251009T1205142094_d_img_d18_x08960_y60800.png,0.26,59.61,150.55,71.58,169.8
ch2_ohr_ncp_20251009T1205142094_d_img_d18_x08960_y60800.png,0.2149,355.36,622.23,360.79,628.39
ch2_ohr_ncp_20251009T1205142094_d_img_d18_x08960_y61440.png,0.2277,155.09,397.38,160.35,404.84
ch2_ohr_ncp_20251009T1205142094_d_img_d18_x08960_y62080.png,0.2692,538.59,76.41,546.06,85.57
ch2_ohr_ncp_20251009T1205142094_d_img_d18_x08960_y62080.png,0.2042,489.48,147.94,503.57,175.05
ch2_ohr_ncp_20251009T1205142094_d_img_d18_x08960_y62720.png,0.5272,589.83,110.29,604.16,131.26
ch2_ohr_ncp_20251009T1205142094_d_img_d18_x08960_y62720.png,0.4216,35.34,171.33,43.11,181.8
ch2_ohr_ncp_20251009T1205142094_d_img_d18_x08960_y62720.png,0.4186,201.1,490.69,209.69,501.91
ch2_ohr_ncp_20251009T1205142094_d_img_d18_x08960_y62720.png,0.2915,3.75,219.79,11.24,231.3
ch2_ohr_ncp_20251009T1205142094_d_img_d18_x08960_y62720.png,0.2797,128.05,162.22,137.42,173.96
ch2_ohr_ncp_20251009T1205142094_d_img_d18_x08960_y62720.png,0.2789,414.24,162.0,436.4,194.44
ch2_ohr_ncp_20251009T1205142094_d_img_d18_x08960_y62720.png,0.2434,239.94,628.81,245.36,637.33
ch2_ohr_ncp_20251009T1205142094_d_img_d18_x08960_y62720.png,0.2337,232.27,190.37,238.6,197.66
ch2_ohr_ncp_20251009T1205142094_d_img_d18_x08960_y62720.png,0.2326,257.69,199.61,267.68,211.66
ch2_ohr_ncp_20251009T1205142094_d_img_d18_x08960_y62720.png,0.23,215.73,181.4,225.97,196.2
ch2_ohr_ncp_20251009T1205142094_d_img_d18_x08960_y62720.png,0.2237,64.35,603.37,73.22,614.42
ch2_ohr_ncp_20251009T1205142094_d_img_d18_x08960_y62720.png,0.2105,60.51,188.42,66.32,195.57
ch2_ohr_ncp_20251009T1205142094_d_img_d18_x08960_y62720.png,0.2074,304.26,384.59,314.8,401.16
ch2_ohr_ncp_20251009T1205142094_d_img_d18_x08960_y63360.png,0.2245,568.21,0.0,611.21,34.11
ch2_ohr_ncp_20251009T1205142094_d_img_d18_x08960_y76160.png,0.5521,170.66,376.36,178.51,386.44
ch2_ohr_ncp_20251009T1205142094_d_img_d18_x08960_y76160.png,0.4412,300.12,396.23,306.67,405.42
ch2_ohr_ncp_20251009T1205142094_d_img_d18_x08960_y76160.png,0.3666,411.65,487.77,428.46,508.43
ch2_ohr_ncp_20251009T1205142094_d_img_d18_x08960_y76160.png,0.3643,553.71,100.56,561.44,110.52
ch2_ohr_ncp_20251009T1205142094_d_img_d18_x08960_y76160.png,0.3473,387.96,325.14,394.4,333.77
ch2_ohr_ncp_20251009T1205142094_d_img_d18_x08960_y76160.png,0.3104,299.19,413.97,314.46,434.21
ch2_ohr_ncp_20251009T1205142094_d_img_d18_x08960_y76160.png,0.3038,298.92,104.26,304.95,111.5
ch2_ohr_ncp_20251009T1205142094_d_img_d18_x08960_y76160.png,0.2957,178.65,366.96,185.0,374.18
ch2_ohr_ncp_20251009T1205142094_d_img_d18_x08960_y76160.png,0.2914,378.06,340.07,385.32,351.48
ch2_ohr_ncp_20251009T1205142094_d_img_d18_x08960_y76160.png,0.2845,558.36,120.49,564.68,128.66
ch2_ohr_ncp_20251009T1205142094_d_img_d18_x08960_y76160.png,0.2459,354.96,200.3,365.95,218.22
ch2_ohr_ncp_20251009T1205142094_d_img_d18_x08960_y76160.png,0.2409,463.65,87.71,470.89,99.9
ch2_ohr_ncp_20251009T1205142094_d_img_d18_x08960_y76160.png,0.2321,389.03,363.51,395.24,370.47
ch2_ohr_ncp_20251009T1205142094_d_img_d18_x08960_y76160.png,0.2254,508.6,159.71,520.42,178.72
ch2_ohr_ncp_20251009T1205142094_d_img_d18_x08960_y76160.png,0.2158,486.96,46.43,505.39,69.14
ch2_ohr_ncp_20251009T1205142094_d_img_d18_x08960_y76160.png,0.2138,624.2,342.59,631.09,350.6
ch2_ohr_ncp_20251009T1205142094_d_img_d18_x08960_y76160.png,0.211,372.35,382.58,377.49,389.1
ch2_ohr_ncp_20251009T1205142094_d_img_d18_x08960_y76160.png,0.2105,326.06,368.0,336.4,381.93
ch2_ohr_ncp_20251009T1205142094_d_img_d18_x08960_y76160.png,0.2094,372.5,381.46,377.67,387.29
ch2_ohr_ncp_20251009T1205142094_d_img_d18_x08960_y76160.png,0.2047,418.48,395.58,424.98,405.6
ch2_ohr_ncp_20251009T1205142094_d_img_d18_x08960_y76160.png,0.2023,146.13,628.89,152.5,637.31
ch2_ohr_ncp_20251009T1205142094_d_img_d18_x08960_y76160.png,0.202,379.5,63.98,387.26,73.3
ch2_ohr_ncp_20251009T1205142094_d_img_d18_x08960_y76160.png,0.2008,447.02,67.74,456.72,78.6
ch2_ohr_ncp_20251009T1205142094_d_img_d18_x08960_y78720.png,0.2503,156.0,533.21,169.68,555.23
ch2_ohr_ncp_20251009T1205142094_d_img_d18_x08960_y78720.png,0.2211,610.12,6.83,635.47,43.64
ch2_ohr_ncp_20251009T1205142094_d_img_d18_x08960_y79360.png,0.3809,131.39,631.55,138.48,639.4
ch2_ohr_ncp_20251009T1205142094_d_img_d18_x08960_y79360.png,0.2092,630.7,32.34,639.07,44.34
ch2_ohr_ncp_20251009T1205142094_d_img_d18_x08960_y81280.png,0.4695,609.76,1.82,628.35,25.09
ch2_ohr_ncp_20251009T1205142094_d_img_d18_x08960_y81280.png,0.4313,497.48,111.31,504.8,120.33
ch2_ohr_ncp_20251009T1205142094_d_img_d18_x08960_y81280.png,0.3727,220.05,139.28,226.72,149.54
ch2_ohr_ncp_20251009T1205142094_d_img_d18_x08960_y81280.png,0.334,272.44,487.09,281.53,499.18
ch2_ohr_ncp_20251009T1205142094_d_img_d18_x08960_y81280.png,0.3102,23.61,281.69,33.58,299.38
ch2_ohr_ncp_20251009T1205142094_d_img_d18_x08960_y81280.png,0.2929,61.36,125.25,78.06,149.03
ch2_ohr_ncp_20251009T1205142094_d_img_d18_x08960_y81280.png,0.2903,331.84,564.72,337.8,573.2
ch2_ohr_ncp_20251009T1205142094_d_img_d18_x08960_y81280.png,0.287,587.06,43.26,601.42,69.4
ch2_ohr_ncp_20251009T1205142094_d_img_d18_x08960_y81280.png,0.2816,571.47,298.85,578.81,309.29
ch2_ohr_ncp_20251009T1205142094_d_img_d18_x08960_y81280.png,0.2802,208.52,346.92,230.72,386.85
ch2_ohr_ncp_20251009T1205142094_d_img_d18_x08960_y81280.png,0.2797,461.09,222.75,474.1,245.02
ch2_ohr_ncp_20251009T1205142094_d_img_d18_x08960_y81280.png,0.2765,96.21,502.26,100.62,509.14
ch2_ohr_ncp_20251009T1205142094_d_img_d18_x08960_y81280.png,0.2692,624.71,111.87,632.08,120.68
ch2_ohr_ncp_20251009T1205142094_d_img_d18_x08960_y81280.png,0.2499,127.72,463.05,144.05,488.57
ch2_ohr_ncp_20251009T1205142094_d_img_d18_x08960_y81280.png,0.2367,462.66,480.22,470.73,490.25
ch2_ohr_ncp_20251009T1205142094_d_img_d18_x08960_y81280.png,0.2356,558.22,183.9,568.79,204.3
ch2_ohr_ncp_20251009T1205142094_d_img_d18_x08960_y81280.png,0.22,45.44,98.08,58.61,123.66
ch2_ohr_ncp_20251009T1205142094_d_img_d18_x08960_y81280.png,0.2139,150.26,328.94,156.92,338.51
ch2_ohr_ncp_20251009T1205142094_d_img_d18_x08960_y81280.png,0.2133,475.89,490.26,483.34,500.44
ch2_ohr_ncp_20251009T1205142094_d_img_d18_x08960_y81280.png,0.2079,479.34,574.79,492.04,594.85
ch2_ohr_ncp_20251009T1205142094_d_img_d18_x08960_y82560.png,0.2299,250.27,460.72,268.42,491.52
ch2_ohr_ncp_20251009T1205142094_d_img_d18_x08960_y96000.png,0.2228,409.49,285.42,417.04,293.96
ch2_ohr_ncp_20251009T1205142094_d_img_d18_x09600_y58240.png,0.207,294.35,550.74,309.66,578.96
ch2_ohr_ncp_20251009T1205142094_d_img_d18_x09600_y58880.png,0.2001,259.59,263.35,265.8,271.31
ch2_ohr_ncp_20251009T1205142094_d_img_d18_x09600_y60800.png,0.2454,423.35,268.86,438.2,297.8
ch2_ohr_ncp_20251009T1205142094_d_img_d18_x09600_y60800.png,0.2101,150.37,0.0,165.17,10.56
ch2_ohr_ncp_20251009T1205142094_d_img_d18_x09600_y60800.png,0.2035,61.41,390.49,74.36,410.7
ch2_ohr_ncp_20251009T1205142094_d_img_d18_x09600_y61440.png,0.4367,417.15,414.95,429.82,434.47
ch2_ohr_ncp_20251009T1205142094_d_img_d18_x09600_y61440.png,0.3753,471.17,59.75,478.59,71.91
ch2_ohr_ncp_20251009T1205142094_d_img_d18_x09600_y61440.png,0.3211,555.68,619.97,561.87,627.05
ch2_ohr_ncp_20251009T1205142094_d_img_d18_x09600_y61440.png,0.3075,264.01,247.22,273.73,262.5
ch2_ohr_ncp_20251009T1205142094_d_img_d18_x09600_y61440.png,0.2995,549.54,332.34,568.14,363.72
ch2_ohr_ncp_20251009T1205142094_d_img_d18_x09600_y61440.png,0.299,101.82,160.44,117.42,189.2
ch2_ohr_ncp_20251009T1205142094_d_img_d18_x09600_y61440.png,0.2903,396.65,119.62,412.57,148.51
ch2_ohr_ncp_20251009T1205142094_d_img_d18_x09600_y61440.png,0.2769,363.8,78.85,385.85,107.43
ch2_ohr_ncp_20251009T1205142094_d_img_d18_x09600_y61440.png,0.2624,329.46,238.06,336.0,246.05
ch2_ohr_ncp_20251009T1205142094_d_img_d18_x09600_y61440.png,0.2319,241.72,424.29,247.45,430.43
ch2_ohr_ncp_20251009T1205142094_d_img_d18_x09600_y61440.png,0.2096,273.67,353.74,286.18,373.11
ch2_ohr_ncp_20251009T1205142094_d_img_d18_x09600_y61440.png,0.2066,373.24,207.04,395.51,242.46
ch2_ohr_ncp_20251009T1205142094_d_img_d18_x09600_y62080.png,0.2746,498.81,562.81,504.65,571.74
ch2_ohr_ncp_20251009T1205142094_d_img_d18_x09600_y62720.png,0.2635,382.2,53.45,398.78,80.43
ch2_ohr_ncp_20251009T1205142094_d_img_d18_x09600_y62720.png,0.2613,504.47,65.28,536.17,92.24
ch2_ohr_ncp_20251009T1205142094_d_img_d18_x09600_y62720.png,0.2287,260.23,379.61,267.68,389.72
ch2_ohr_ncp_20251009T1205142094_d_img_d18_x09600_y62720.png,0.2078,64.15,486.08,84.07,522.23
ch2_ohr_ncp_20251009T1205142094_d_img_d18_x09600_y63360.png,0.4261,490.25,218.94,497.15,229.27
ch2_ohr_ncp_20251009T1205142094_d_img_d18_x09600_y63360.png,0.4102,562.83,59.16,570.93,69.05
ch2_ohr_ncp_20251009T1205142094_d_img_d18_x09600_y63360.png,0.3705,467.32,503.4,478.43,520.46
ch2_ohr_ncp_20251009T1205142094_d_img_d18_x09600_y63360.png,0.3377,135.0,394.04,143.96,410.71
ch2_ohr_ncp_20251009T1205142094_d_img_d18_x09600_y63360.png,0.3099,610.23,217.77,616.57,226.28
ch2_ohr_ncp_20251009T1205142094_d_img_d18_x09600_y63360.png,0.3085,617.33,590.92,631.24,605.71
ch2_ohr_ncp_20251009T1205142094_d_img_d18_x09600_y63360.png,0.3063,59.71,384.17,82.48,417.31
ch2_ohr_ncp_20251009T1205142094_d_img_d18_x09600_y63360.png,0.2889,138.5,128.06,144.06,134.66
ch2_ohr_ncp_20251009T1205142094_d_img_d18_x09600_y63360.png,0.2839,26.6,136.36,33.43,144.04
ch2_ohr_ncp_20251009T1205142094_d_img_d18_x09600_y63360.png,0.2827,606.17,561.59,612.14,569.4
ch2_ohr_ncp_20251009T1205142094_d_img_d18_x09600_y63360.png,0.2779,142.63,551.78,148.44,561.54
ch2_ohr_ncp_20251009T1205142094_d_img_d18_x09600_y63360.png,0.269,17.97,80.34,24.02,88.57
ch2_ohr_ncp_20251009T1205142094_d_img_d18_x09600_y63360.png,0.2643,70.59,41.37,76.24,47.16
ch2_ohr_ncp_20251009T1205142094_d_img_d18_x09600_y63360.png,0.2621,171.69,121.42,181.74,136.1
ch2_ohr_ncp_20251009T1205142094_d_img_d18_x09600_y63360.png,0.2564,515.43,240.72,521.92,250.36
ch2_ohr_ncp_20251009T1205142094_d_img_d18_x09600_y63360.png,0.2246,63.08,413.06,69.58,422.73
ch2_ohr_ncp_20251009T1205142094_d_img_d18_x09600_y63360.png,0.2119,205.18,528.09,220.23,552.23
ch2_ohr_ncp_20251009T1205142094_d_img_d18_x09600_y63360.png,0.2025,531.69,259.39,539.75,268.84
ch2_ohr_ncp_20251009T1205142094_d_img_d18_x09600_y64640.png,0.2362,36.0,22.05,55.34,53.26
ch2_ohr_ncp_20251009T1205142094_d_img_d18_x09600_y64640.png,0.2197,210.68,629.91,217.18,638.82
ch2_ohr_ncp_20251009T1205142094_d_img_d18_x09600_y65280.png,0.2087,530.67,115.9,558.76,150.56
ch2_ohr_ncp_20251009T1205142094_d_img_d18_x09600_y67840.png,0.2732,236.12,531.48,253.67,567.23
ch2_ohr_ncp_20251009T1205142094_d_img_d18_x09600_y67840.png,0.2211,375.74,126.78,383.81,136.5
ch2_ohr_ncp_20251009T1205142094_d_img_d18_x09600_y76160.png,0.4305,425.04,203.59,435.22,220.05
ch2_ohr_ncp_20251009T1205142094_d_img_d18_x09600_y76160.png,0.3735,255.1,410.8,264.65,427.89
ch2_ohr_ncp_20251009T1205142094_d_img_d18_x09600_y76160.png,0.3578,505.38,392.72,514.84,409.27
ch2_ohr_ncp_20251009T1205142094_d_img_d18_x09600_y76160.png,0.3523,68.82,75.07,83.55,101.63
ch2_ohr_ncp_20251009T1205142094_d_img_d18_x09600_y76160.png,0.3314,486.45,174.28,497.43,191.88
ch2_ohr_ncp_20251009T1205142094_d_img_d18_x09600_y76160.png,0.3252,554.54,161.67,561.13,171.41
ch2_ohr_ncp_20251009T1205142094_d_img_d18_x09600_y76160.png,0.3153,295.22,299.78,303.52,309.66
ch2_ohr_ncp_20251009T1205142094_d_img_d18_x09600_y76160.png,0.3021,338.71,55.22,351.95,75.78
ch2_ohr_ncp_20251009T1205142094_d_img_d18_x09600_y76160.png,0.2844,459.51,627.12,466.35,638.17
ch2_ohr_ncp_20251009T1205142094_d_img_d18_x09600_y76160.png,0.2816,463.72,444.1,473.09,459.17
ch2_ohr_ncp_20251009T1205142094_d_img_d18_x09600_y76160.png,0.281,547.5,180.17,554.4,189.99
ch2_ohr_ncp_20251009T1205142094_d_img_d18_x09600_y76160.png,0.2751,449.02,440.96,456.21,451.42
ch2_ohr_ncp_20251009T1205142094_d_img_d18_x09600_y76160.png,0.2715,355.67,305.15,362.02,315.34
ch2_ohr_ncp_20251009T1205142094_d_img_d18_x09600_y76160.png,0.2568,263.1,303.02,280.73,331.59
ch2_ohr_ncp_20251009T1205142094_d_img_d18_x09600_y76160.png,0.2489,527.21,380.63,534.85,393.55
ch2_ohr_ncp_20251009T1205142094_d_img_d18_x09600_y76160.png,0.2295,445.49,353.84,452.31,362.37
ch2_ohr_ncp_20251009T1205142094_d_img_d18_x09600_y76160.png,0.222,362.56,370.67,369.35,379.04
ch2_ohr_ncp_20251009T1205142094_d_img_d18_x09600_y76160.png,0.2202,432.57,0.0,458.11,31.19
ch2_ohr_ncp_20251009T1205142094_d_img_d18_x09600_y76160.png,0.2199,433.79,435.59,439.81,442.0
ch2_ohr_ncp_20251009T1205142094_d_img_d18_x09600_y76160.png,0.212,302.44,310.57,308.46,317.82
ch2_ohr_ncp_20251009T1205142094_d_img_d18_x09600_y76160.png,0.2058,324.24,305.82,330.13,312.91
ch2_ohr_ncp_20251009T1205142094_d_img_d18_x09600_y76160.png,0.2028,454.81,73.38,464.19,88.15
ch2_ohr_ncp_20251009T1205142094_d_img_d18_x09600_y76800.png,0.2898,308.88,489.41,320.68,508.14
ch2_ohr_ncp_20251009T1205142094_d_img_d18_x09600_y76800.png,0.2809,234.12,426.97,241.21,437.14
ch2_ohr_ncp_20251009T1205142094_d_img_d18_x09600_y76800.png,0.2762,538.43,81.75,545.31,91.02
ch2_ohr_ncp_20251009T1205142094_d_img_d18_x09600_y76800.png,0.2555,411.9,226.62,418.08,234.54
ch2_ohr_ncp_20251009T1205142094_d_img_d18_x09600_y76800.png,0.2097,499.54,268.11,504.69,276.93
ch2_ohr_ncp_20251009T1205142094_d_img_d18_x09600_y77440.png,0.3414,103.2,479.01,120.67,496.93
ch2_ohr_ncp_20251009T1205142094_d_img_d18_x09600_y78080.png,0.2617,120.67,479.88,131.11,497.96
ch2_ohr_ncp_20251009T1205142094_d_img_d18_x09600_y78720.png,0.2219,263.05,27.08,272.73,38.5
ch2_ohr_ncp_20251009T1205142094_d_img_d18_x09600_y83200.png,0.2675,439.02,105.43,443.46,111.1
ch2_ohr_ncp_20251009T1205142094_d_img_d18_x09600_y83840.png,0.2425,136.32,627.01,144.52,637.98
ch2_ohr_ncp_20251009T1205142094_d_img_d18_x09600_y92160.png,0.2296,177.5,468.52,185.21,480.14
ch2_ohr_ncp_20251009T1205142094_d_img_d18_x09600_y92800.png,0.2281,559.14,154.24,567.78,167.5
ch2_ohr_ncp_20251009T1205142094_d_img_d18_x09600_y92800.png,0.2232,304.9,328.22,319.48,347.94
ch2_ohr_ncp_20251009T1205142094_d_img_d18_x09600_y95360.png,0.3214,548.12,310.13,559.7,328.0
ch2_ohr_ncp_20251009T1205142094_d_img_d18_x09600_y95360.png,0.2712,626.6,16.64,632.41,24.28
ch2_ohr_ncp_20251009T1205142094_d_img_d18_x09600_y95360.png,0.2562,611.58,124.46,617.71,133.01
ch2_ohr_ncp_20251009T1205142094_d_img_d18_x09600_y95360.png,0.2251,67.31,237.78,72.96,245.45
ch2_ohr_ncp_20251009T1205142094_d_img_d18_x09600_y97280.png,0.21,386.44,306.76,392.92,315.5
ch2_ohr_ncp_20251009T1205142094_d_img_d18_x10240_y49280.png,0.2318,361.15,628.45,369.69,639.54
ch2_ohr_ncp_20251009T1205142094_d_img_d18_x10240_y55040.png,0.2491,626.24,480.12,631.72,486.92
ch2_ohr_ncp_20251009T1205142094_d_img_d18_x10240_y56960.png,0.2509,160.76,488.02,167.5,496.63
ch2_ohr_ncp_20251009T1205142094_d_img_d18_x10240_y56960.png,0.2427,323.61,521.65,329.78,528.95
ch2_ohr_ncp_20251009T1205142094_d_img_d18_x10240_y56960.png,0.2361,523.76,61.04,537.18,85.43
ch2_ohr_ncp_20251009T1205142094_d_img_d18_x10240_y56960.png,0.2264,289.74,341.39,306.5,365.47
ch2_ohr_ncp_20251009T1205142094_d_img_d18_x10240_y56960.png,0.2186,204.07,348.03,211.33,357.25
ch2_ohr_ncp_20251009T1205142094_d_img_d18_x10240_y56960.png,0.2142,626.42,191.71,632.78,198.47
ch2_ohr_ncp_20251009T1205142094_d_img_d18_x10240_y56960.png,0.2035,582.38,324.45,596.11,347.44
ch2_ohr_ncp_20251009T1205142094_d_img_d18_x10240_y58240.png,0.4574,42.32,391.71,57.12,412.63
ch2_ohr_ncp_20251009T1205142094_d_img_d18_x10240_y58240.png,0.3103,202.25,216.93,210.56,227.4
ch2_ohr_ncp_20251009T1205142094_d_img_d18_x10240_y58240.png,0.2681,200.54,216.2,210.81,229.1
ch2_ohr_ncp_20251009T1205142094_d_img_d18_x10240_y58240.png,0.261,208.74,198.56,216.36,207.29
ch2_ohr_ncp_20251009T1205142094_d_img_d18_x10240_y58240.png,0.2383,170.98,523.56,179.34,534.17
ch2_ohr_ncp_20251009T1205142094_d_img_d18_x10240_y58240.png,0.2377,541.24,87.2,553.62,107.25
ch2_ohr_ncp_20251009T1205142094_d_img_d18_x10240_y58240.png,0.2302,438.83,234.58,445.56,243.36
ch2_ohr_ncp_20251009T1205142094_d_img_d18_x10240_y58240.png,0.2296,129.78,70.62,140.85,81.94
ch2_ohr_ncp_20251009T1205142094_d_img_d18_x10240_y58240.png,0.2261,600.29,392.86,607.68,401.7
ch2_ohr_ncp_20251009T1205142094_d_img_d18_x10240_y58240.png,0.2146,436.29,494.11,441.99,502.32
ch2_ohr_ncp_20251009T1205142094_d_img_d18_x10240_y58880.png,0.2491,597.19,29.17,603.08,36.58
ch2_ohr_ncp_20251009T1205142094_d_img_d18_x10240_y58880.png,0.2439,615.43,22.71,625.42,38.38
ch2_ohr_ncp_20251009T1205142094_d_img_d18_x10240_y58880.png,0.2106,202.93,555.7,210.53,564.79
ch2_ohr_ncp_20251009T1205142094_d_img_d18_x10240_y58880.png,0.2073,457.81,607.81,467.67,622.67
ch2_ohr_ncp_20251009T1205142094_d_img_d18_x10240_y60160.png,0.2821,218.55,505.94,224.12,515.03
ch2_ohr_ncp_20251009T1205142094_d_img_d18_x10240_y61440.png,0.2498,396.74,633.38,403.39,639.67
ch2_ohr_ncp_20251009T1205142094_d_img_d18_x10240_y62080.png,0.277,244.32,83.43,270.38,120.0
ch2_ohr_ncp_20251009T1205142094_d_img_d18_x10240_y62720.png,0.2464,173.74,632.68,180.06,639.23
ch2_ohr_ncp_20251009T1205142094_d_img_d18_x10240_y63360.png,0.2085,117.54,353.37,133.97,383.43
ch2_ohr_ncp_20251009T1205142094_d_img_d18_x10240_y64000.png,0.2063,2.54,0.0,41.49,30.21
ch2_ohr_ncp_20251009T1205142094_d_img_d18_x10240_y65280.png,0.2463,291.41,0.0,321.36,31.38
ch2_ohr_ncp_20251009T1205142094_d_img_d18_x10240_y65280.png,0.2212,398.73,471.62,416.34,501.3
ch2_ohr_ncp_20251009T1205142094_d_img_d18_x10240_y65920.png,0.2241,620.58,0.0,636.22,26.77
ch2_ohr_ncp_20251009T1205142094_d_img_d18_x10240_y75520.png,0.3033,499.65,590.03,512.65,612.69
ch2_ohr_ncp_20251009T1205142094_d_img_d18_x10240_y75520.png,0.2461,402.59,631.68,410.42,639.83
ch2_ohr_ncp_20251009T1205142094_d_img_d18_x10240_y76800.png,0.272,289.74,78.05,307.29,112.97
ch2_ohr_ncp_20251009T1205142094_d_img_d18_x10240_y76800.png,0.2701,227.25,135.43,234.07,147.67
ch2_ohr_ncp_20251009T1205142094_d_img_d18_x10240_y76800.png,0.236,327.88,600.2,336.1,611.53
ch2_ohr_ncp_20251009T1205142094_d_img_d18_x10240_y76800.png,0.2225,181.2,127.36,189.58,139.52
ch2_ohr_ncp_20251009T1205142094_d_img_d18_x10240_y77440.png,0.2709,485.04,632.69,491.69,639.83
ch2_ohr_ncp_20251009T1205142094_d_img_d18_x10240_y78080.png,0.2883,410.13,0.0,451.28,25.01
ch2_ohr_ncp_20251009T1205142094_d_img_d18_x10240_y78080.png,0.2471,167.19,0.81,183.84,33.75
ch2_ohr_ncp_20251009T1205142094_d_img_d18_x10240_y78080.png,0.243,307.2,8.72,313.27,17.54
ch2_ohr_ncp_20251009T1205142094_d_img_d18_x10240_y78080.png,0.2145,447.81,310.66,458.24,330.15
ch2_ohr_ncp_20251009T1205142094_d_img_d18_x10240_y78720.png,0.3336,625.07,349.39,639.33,373.77
ch2_ohr_ncp_20251009T1205142094_d_img_d18_x10240_y82560.png,0.2819,628.85,151.29,637.35,165.41
ch2_ohr_ncp_20251009T1205142094_d_img_d18_x10240_y83200.png,0.211,513.72,486.87,537.34,517.71
ch2_ohr_ncp_20251009T1205142094_d_img_d18_x10240_y92800.png,0.2994,572.04,629.29,580.04,638.72
ch2_ohr_ncp_20251009T1205142094_d_img_d18_x10240_y94720.png,0.3441,205.25,108.05,212.65,118.18
ch2_ohr_ncp_20251009T1205142094_d_img_d18_x10240_y94720.png,0.2337,131.53,473.9,137.99,482.85
ch2_ohr_ncp_20251009T1205142094_d_img_d18_x10240_y94720.png,0.2235,36.64,546.73,42.6,553.1
ch2_ohr_ncp_20251009T1205142094_d_img_d18_x10240_y95360.png,0.3985,344.03,63.05,357.91,91.5
ch2_ohr_ncp_20251009T1205142094_d_img_d18_x10240_y96640.png,0.2073,510.8,265.63,520.21,281.59
ch2_ohr_ncp_20251009T1205142094_d_img_d18_x10240_y98560.png,0.2518,155.09,632.04,162.51,639.35
ch2_ohr_ncp_20251009T1205142094_d_img_d18_x10240_y98560.png,0.2223,490.87,625.97,497.11,636.53
ch2_ohr_ncp_20251009T1205142094_d_img_d18_x10880_y48640.png,0.293,553.42,112.37,575.37,147.3
ch2_ohr_ncp_20251009T1205142094_d_img_d18_x10880_y49280.png,0.2191,100.21,359.58,117.39,380.54
ch2_ohr_ncp_20251009T1205142094_d_img_d18_x10880_y49920.png,0.2154,203.39,49.9,210.43,58.07
ch2_ohr_ncp_20251009T1205142094_d_img_d18_x10880_y49920.png,0.2149,559.48,629.85,570.11,639.86
ch2_ohr_ncp_20251009T1205142094_d_img_d18_x10880_y52480.png,0.4014,59.51,79.87,67.44,88.9
ch2_ohr_ncp_20251009T1205142094_d_img_d18_x10880_y52480.png,0.3732,619.52,452.62,626.07,462.47
ch2_ohr_ncp_20251009T1205142094_d_img_d18_x10880_y52480.png,0.3601,156.69,576.82,166.1,586.88
ch2_ohr_ncp_20251009T1205142094_d_img_d18_x10880_y52480.png,0.3368,105.13,449.43,113.88,461.22
ch2_ohr_ncp_20251009T1205142094_d_img_d18_x10880_y52480.png,0.3016,66.19,65.7,71.34,71.75
ch2_ohr_ncp_20251009T1205142094_d_img_d18_x10880_y52480.png,0.2811,164.93,493.14,170.37,501.07
ch2_ohr_ncp_20251009T1205142094_d_img_d18_x10880_y52480.png,0.2779,442.03,259.22,454.14,279.89
ch2_ohr_ncp_20251009T1205142094_d_img_d18_x10880_y52480.png,0.2749,0.0,1.38,14.93,37.92
ch2_ohr_ncp_20251009T1205142094_d_img_d18_x10880_y52480.png,0.2608,156.63,193.42,162.33,199.41
ch2_ohr_ncp_20251009T1205142094_d_img_d18_x10880_y52480.png,0.2594,305.97,330.26,312.25,336.02
ch2_ohr_ncp_20251009T1205142094_d_img_d18_x10880_y52480.png,0.2526,111.24,173.1,120.22,186.27
ch2_ohr_ncp_20251009T1205142094_d_img_d18_x10880_y52480.png,0.2408,279.76,411.8,287.08,422.35
ch2_ohr_ncp_20251009T1205142094_d_img_d18_x10880_y52480.png,0.2377,96.28,264.86,101.56,271.07
ch2_ohr_ncp_20251009T1205142094_d_img_d18_x10880_y52480.png,0.2377,362.16,195.0,369.05,204.3
ch2_ohr_ncp_20251009T1205142094_d_img_d18_x10880_y52480.png,0.2374,5.25,358.73,13.11,374.46
ch2_ohr_ncp_20251009T1205142094_d_img_d18_x10880_y52480.png,0.2286,56.18,310.36,64.99,319.43
ch2_ohr_ncp_20251009T1205142094_d_img_d18_x10880_y52480.png,0.2276,54.37,626.01,65.44,638.04
ch2_ohr_ncp_20251009T1205142094_d_img_d18_x10880_y52480.png,0.2202,319.03,618.29,328.78,631.43
ch2_ohr_ncp_20251009T1205142094_d_img_d18_x10880_y52480.png,0.2172,139.51,575.31,144.38,581.23
ch2_ohr_ncp_20251009T1205142094_d_img_d18_x10880_y52480.png,0.2159,0.16,467.81,8.34,481.69
ch2_ohr_ncp_20251009T1205142094_d_img_d18_x10880_y52480.png,0.2129,548.43,353.65,558.48,375.69
ch2_ohr_ncp_20251009T1205142094_d_img_d18_x10880_y52480.png,0.2117,180.96,249.57,187.36,258.77
ch2_ohr_ncp_20251009T1205142094_d_img_d18_x10880_y52480.png,0.2113,52.93,457.37,59.49,464.88
ch2_ohr_ncp_20251009T1205142094_d_img_d18_x10880_y52480.png,0.211,168.1,380.62,180.51,397.6
ch2_ohr_ncp_20251009T1205142094_d_img_d18_x10880_y52480.png,0.2065,192.89,206.34,199.05,213.19
ch2_ohr_ncp_20251009T1205142094_d_img_d18_x10880_y52480.png,0.2018,387.97,372.46,394.51,380.96
ch2_ohr_ncp_20251009T1205142094_d_img_d18_x10880_y52480.png,0.2004,340.29,58.63,346.44,65.93
ch2_ohr_ncp_20251009T1205142094_d_img_d18_x10880_y53760.png,0.2689,187.76,42.17,194.07,50.01
ch2_ohr_ncp_20251009T1205142094_d_img_d18_x10880_y53760.png,0.2616,409.03,202.39,417.63,213.92
ch2_ohr_ncp_20251009T1205142094_d_img_d18_x10880_y53760.png,0.2543,267.85,201.93,274.9,210.53
ch2_ohr_ncp_20251009T1205142094_d_img_d18_x10880_y53760.png,0.2417,302.32,0.0,348.93,34.3
ch2_ohr_ncp_20251009T1205142094_d_img_d18_x10880_y53760.png,0.2344,524.62,629.53,539.31,640.0
ch2_ohr_ncp_20251009T1205142094_d_img_d18_x10880_y53760.png,0.2236,180.97,241.13,186.39,248.0
ch2_ohr_ncp_20251009T1205142094_d_img_d18_x10880_y53760.png,0.2223,330.58,56.34,337.69,65.74
ch2_ohr_ncp_20251009T1205142094_d_img_d18_x10880_y53760.png,0.204,483.8,524.11,489.2,532.05
ch2_ohr_ncp_20251009T1205142094_d_img_d18_x10880_y53760.png,0.2032,370.51,223.49,377.67,231.2
ch2_ohr_ncp_20251009T1205142094_d_img_d18_x10880_y53760.png,0.2004,70.91,244.89,85.56,268.24
ch2_ohr_ncp_20251009T1205142094_d_img_d18_x10880_y55680.png,0.2841,346.17,624.0,353.47,635.17
ch2_ohr_ncp_20251009T1205142094_d_img_d18_x10880_y55680.png,0.2394,306.05,536.67,312.15,543.66
ch2_ohr_ncp_20251009T1205142094_d_img_d18_x10880_y56320.png,0.3178,30.33,119.62,47.92,146.07
ch2_ohr_ncp_20251009T1205142094_d_img_d18_x10880_y56320.png,0.2809,209.84,74.77,214.8,80.51
ch2_ohr_ncp_20251009T1205142094_d_img_d18_x10880_y56320.png,0.2115,204.01,333.35,210.24,343.48
ch2_ohr_ncp_20251009T1205142094_d_img_d18_x10880_y56960.png,0.2631,252.42,129.31,263.91,147.03
ch2_ohr_ncp_20251009T1205142094_d_img_d18_x10880_y58880.png,0.2375,164.35,111.71,173.89,126.04
ch2_ohr_ncp_20251009T1205142094_d_img_d18_x10880_y58880.png,0.2221,291.37,513.5,299.12,524.54
ch2_ohr_ncp_20251009T1205142094_d_img_d18_x10880_y58880.png,0.2118,0.52,257.93,7.1,271.28
ch2_ohr_ncp_20251009T1205142094_d_img_d18_x10880_y60160.png,0.208,456.71,26.29,464.47,38.19
ch2_ohr_ncp_20251009T1205142094_d_img_d18_x10880_y60160.png,0.2052,171.97,417.32,179.54,425.99
ch2_ohr_ncp_20251009T1205142094_d_img_d18_x10880_y60800.png,0.2237,1.78,50.11,22.21,87.87
ch2_ohr_ncp_20251009T1205142094_d_img_d18_x10880_y62080.png,0.3362,92.84,629.93,99.62,639.07
ch2_ohr_ncp_20251009T1205142094_d_img_d18_x10880_y62080.png,0.2227,337.33,476.6,345.81,491.1
ch2_ohr_ncp_20251009T1205142094_d_img_d18_x10880_y62080.png,0.218,161.66,68.08,177.45,95.45
ch2_ohr_ncp_20251009T1205142094_d_img_d18_x10880_y62080.png,0.2163,590.13,138.06,606.43,164.41
ch2_ohr_ncp_20251009T1205142094_d_img_d18_x10880_y62080.png,0.2138,356.26,482.45,370.11,504.94
ch2_ohr_ncp_20251009T1205142094_d_img_d18_x10880_y80640.png,0.2502,358.48,506.57,371.84,523.69
ch2_ohr_ncp_20251009T1205142094_d_img_d18_x10880_y80640.png,0.2268,365.95,0.08,402.24,43.02
ch2_ohr_ncp_20251009T1205142094_d_img_d18_x10880_y80640.png,0.2149,243.52,49.15,250.08,55.89
ch2_ohr_ncp_20251009T1205142094_d_img_d18_x10880_y80640.png,0.2104,521.05,530.27,531.2,546.37
ch2_ohr_ncp_20251009T1205142094_d_img_d18_x10880_y80640.png,0.2088,450.84,407.8,457.08,418.42
ch2_ohr_ncp_20251009T1205142094_d_img_d18_x10880_y85120.png,0.2095,235.34,330.53,242.45,341.06
ch2_ohr_ncp_20251009T1205142094_d_img_d18_x10880_y93440.png,0.2806,564.9,132.59,573.56,144.59
ch2_ohr_ncp_20251009T1205142094_d_img_d18_x10880_y93440.png,0.2588,316.17,253.73,322.62,261.7
ch2_ohr_ncp_20251009T1205142094_d_img_d18_x10880_y93440.png,0.2476,607.55,88.1,616.73,99.98
ch2_ohr_ncp_20251009T1205142094_d_img_d18_x10880_y93440.png,0.2083,329.92,110.51,336.86,119.71
ch2_ohr_ncp_20251009T1205142094_d_img_d18_x10880_y97920.png,0.2662,216.31,251.33,225.3,261.46
ch2_ohr_ncp_20251009T1205142094_d_img_d18_x10880_y99840.png,0.2089,292.18,633.0,298.74,639.91
ch2_ohr_ncp_20251009T1205142094_d_img_d18_x11520_y100480.png,0.3879,23.07,193.79,36.48,219.69
ch2_ohr_ncp_20251009T1205142094_d_img_d18_x11520_y100480.png,0.2684,234.54,8.89,242.04,18.97
ch2_ohr_ncp_20251009T1205142094_d_img_d18_x11520_y100480.png,0.2427,179.74,98.45,186.13,108.97
ch2_ohr_ncp_20251009T1205142094_d_img_d18_x11520_y100480.png,0.2235,259.74,457.18,272.3,476.87
ch2_ohr_ncp_20251009T1205142094_d_img_d18_x11520_y46720.png,0.5285,236.25,202.89,243.35,211.0
ch2_ohr_ncp_20251009T1205142094_d_img_d18_x11520_y46720.png,0.4559,207.92,231.32,223.06,254.28
ch2_ohr_ncp_20251009T1205142094_d_img_d18_x11520_y46720.png,0.3598,429.01,478.06,445.59,508.76
ch2_ohr_ncp_20251009T1205142094_d_img_d18_x11520_y46720.png,0.3535,60.15,206.25,65.22,212.88
ch2_ohr_ncp_20251009T1205142094_d_img_d18_x11520_y46720.png,0.3198,435.65,39.23,443.97,52.41
ch2_ohr_ncp_20251009T1205142094_d_img_d18_x11520_y46720.png,0.2808,419.33,379.23,425.43,388.56
ch2_ohr_ncp_20251009T1205142094_d_img_d18_x11520_y46720.png,0.2667,273.94,32.81,280.4,40.59
ch2_ohr_ncp_20251009T1205142094_d_img_d18_x11520_y46720.png,0.2556,128.89,398.64,135.79,410.55
ch2_ohr_ncp_20251009T1205142094_d_img_d18_x11520_y46720.png,0.2492,280.93,177.53,289.19,186.48
ch2_ohr_ncp_20251009T1205142094_d_img_d18_x11520_y46720.png,0.2478,236.17,223.04,241.46,228.39
ch2_ohr_ncp_20251009T1205142094_d_img_d18_x11520_y46720.png,0.2331,273.3,541.24,279.88,548.26
ch2_ohr_ncp_20251009T1205142094_d_img_d18_x11520_y46720.png,0.226,210.63,329.85,216.97,337.58
ch2_ohr_ncp_20251009T1205142094_d_img_d18_x11520_y46720.png,0.2159,396.13,28.48,405.99,44.38
ch2_ohr_ncp_20251009T1205142094_d_img_d18_x11520_y46720.png,0.2148,302.14,159.67,310.63,175.01
ch2_ohr_ncp_20251009T1205142094_d_img_d18_x11520_y47360.png,0.3392,116.35,105.34,122.7,113.76
ch2_ohr_ncp_20251009T1205142094_d_img_d18_x11520_y47360.png,0.3321,419.37,393.27,426.06,403.92
ch2_ohr_ncp_20251009T1205142094_d_img_d18_x11520_y47360.png,0.3115,254.61,508.41,259.81,515.58
ch2_ohr_ncp_20251009T1205142094_d_img_d18_x11520_y47360.png,0.2812,308.92,275.55,314.42,283.21
ch2_ohr_ncp_20251009T1205142094_d_img_d18_x11520_y47360.png,0.25,90.69,322.1,97.33,331.63
ch2_ohr_ncp_20251009T1205142094_d_img_d18_x11520_y47360.png,0.2405,189.95,520.94,205.13,545.21
ch2_ohr_ncp_20251009T1205142094_d_img_d18_x11520_y47360.png,0.235,131.37,476.03,136.65,481.62
ch2_ohr_ncp_20251009T1205142094_d_img_d18_x11520_y47360.png,0.2255,44.18,189.35,49.47,196.42
ch2_ohr_ncp_20251009T1205142094_d_img_d18_x11520_y47360.png,0.2187,438.49,340.59,444.07,347.28
ch2_ohr_ncp_20251009T1205142094_d_img_d18_x11520_y48000.png,0.5041,172.36,87.44,181.18,97.85
ch2_ohr_ncp_20251009T1205142094_d_img_d18_x11520_y48000.png,0.4158,239.21,72.03,246.8,85.15
ch2_ohr_ncp_20251009T1205142094_d_img_d18_x11520_y48000.png,0.3892,169.39,0.0,185.87,30.57
ch2_ohr_ncp_20251009T1205142094_d_img_d18_x11520_y48000.png,0.3865,10.13,8.16,17.71,21.05
ch2_ohr_ncp_20251009T1205142094_d_img_d18_x11520_y48000.png,0.3855,230.72,261.2,238.63,279.49
ch2_ohr_ncp_20251009T1205142094_d_img_d18_x11520_y48000.png,0.3768,449.12,97.4,469.79,133.4
ch2_ohr_ncp_20251009T1205142094_d_img_d18_x11520_y48000.png,0.3647,161.64,145.41,169.53,154.28
ch2_ohr_ncp_20251009T1205142094_d_img_d18_x11520_y48000.png,0.3607,138.97,378.21,151.84,398.29
ch2_ohr_ncp_20251009T1205142094_d_img_d18_x11520_y48000.png,0.3591,272.4,103.69,278.32,110.94
ch2_ohr_ncp_20251009T1205142094_d_img_d18_x11520_y48000.png,0.3556,234.85,98.58,242.3,106.09
ch2_ohr_ncp_20251009T1205142094_d_img_d18_x11520_y48000.png,0.3537,251.65,274.32,262.29,289.52
ch2_ohr_ncp_20251009T1205142094_d_img_d18_x11520_y48000.png,0.3515,395.71,460.48,402.23,470.52
ch2_ohr_ncp_20251009T1205142094_d_img_d18_x11520_y48000.png,0.3364,449.52,95.32,472.15,123.2
ch2_ohr_ncp_20251009T1205142094_d_img_d18_x11520_y48000.png,0.3229,414.92,145.87,423.17,154.28
ch2_ohr_ncp_20251009T1205142094_d_img_d18_x11520_y48000.png,0.319,451.38,82.95,457.97,92.07
ch2_ohr_ncp_20251009T1205142094_d_img_d18_x11520_y48000.png,0.3038,211.06,73.86,217.89,82.14
ch2_ohr_ncp_20251009T1205142094_d_img_d18_x11520_y48000.png,0.2987,389.72,109.75,398.78,124.91
ch2_ohr_ncp_20251009T1205142094_d_img_d18_x11520_y48000.png,0.2957,358.61,433.6,368.25,448.42
ch2_ohr_ncp_20251009T1205142094_d_img_d18_x11520_y48000.png,0.2841,324.26,144.44,331.31,153.16
ch2_ohr_ncp_20251009T1205142094_d_img_d18_x11520_y48000.png,0.2829,279.4,65.93,285.18,72.72
ch2_ohr_ncp_20251009T1205142094_d_img_d18_x11520_y48000.png,0.2814,41.88,79.16,49.29,89.85
ch2_ohr_ncp_20251009T1205142094_d_img_d18_x11520_y48000.png,0.2706,125.55,426.96,131.84,435.77
ch2_ohr_ncp_20251009T1205142094_d_img_d18_x11520_y48000.png,0.2703,302.15,188.42,308.18,194.93
ch2_ohr_ncp_20251009T1205142094_d_img_d18_x11520_y48000.png,0.2669,321.76,207.18,329.89,218.52
ch2_ohr_ncp_20251009T1205142094_d_img_d18_x11520_y48000.png,0.2512,196.15,22.26,218.41,65.81
ch2_ohr_ncp_20251009T1205142094_d_img_d18_x11520_y48000.png,0.2455,235.48,357.7,241.55,365.08
ch2_ohr_ncp_20251009T1205142094_d_img_d18_x11520_y48000.png,0.2445,0.0,377.97,7.54,397.96
ch2_ohr_ncp_20251009T1205142094_d_img_d18_x11520_y48000.png,0.2403,233.26,111.59,257.67,158.57
ch2_ohr_ncp_20251009T1205142094_d_img_d18_x11520_y48000.png,0.2395,302.66,168.62,309.63,177.26
ch2_ohr_ncp_20251009T1205142094_d_img_d18_x11520_y48000.png,0.2375,280.46,33.9,286.86,44.72
ch2_ohr_ncp_20251009T1205142094_d_img_d18_x11520_y48000.png,0.2345,102.55,609.97,115.3,627.23
ch2_ohr_ncp_20251009T1205142094_d_img_d18_x11520_y48000.png,0.2343,42.52,424.29,47.68,430.28
ch2_ohr_ncp_20251009T1205142094_d_img_d18_x11520_y48000.png,0.2298,433.17,67.88,438.99,74.08
ch2_ohr_ncp_20251009T1205142094_d_img_d18_x11520_y48000.png,0.2244,139.48,377.65,152.87,403.4
ch2_ohr_ncp_20251009T1205142094_d_img_d18_x11520_y48000.png,0.2238,312.72,11.69,327.75,39.51
ch2_ohr_ncp_20251009T1205142094_d_img_d18_x11520_y48000.png,0.2174,261.31,100.68,266.45,106.95
ch2_ohr_ncp_20251009T1205142094_d_img_d18_x11520_y48000.png,0.2086,194.03,6.23,222.53,68.67
ch2_ohr_ncp_20251009T1205142094_d_img_d18_x11520_y48000.png,0.2042,294.3,101.5,303.33,110.35
ch2_ohr_ncp_20251009T1205142094_d_img_d18_x11520_y48640.png,0.579,309.79,115.88,320.21,133.4
ch2_ohr_ncp_20251009T1205142094_d_img_d18_x11520_y48640.png,0.4665,109.76,63.59,127.3,83.84
ch2_ohr_ncp_20251009T1205142094_d_img_d18_x11520_y48640.png,0.4001,294.58,152.06,302.51,166.03
ch2_ohr_ncp_20251009T1205142094_d_img_d18_x11520_y48640.png,0.3648,196.01,241.53,201.71,248.91
ch2_ohr_ncp_20251009T1205142094_d_img_d18_x11520_y48640.png,0.346,337.25,56.46,347.78,72.94
ch2_ohr_ncp_20251009T1205142094_d_img_d18_x11520_y48640.png,0.3215,389.03,18.75,398.51,34.68
ch2_ohr_ncp_20251009T1205142094_d_img_d18_x11520_y48640.png,0.3148,259.15,129.26,265.18,138.26
ch2_ohr_ncp_20251009T1205142094_d_img_d18_x11520_y48640.png,0.3121,353.87,70.93,362.36,86.79
ch2_ohr_ncp_20251009T1205142094_d_img_d18_x11520_y48640.png,0.3119,310.35,334.27,318.1,348.46
ch2_ohr_ncp_20251009T1205142094_d_img_d18_x11520_y48640.png,0.3085,363.11,367.82,370.99,378.27
ch2_ohr_ncp_20251009T1205142094_d_img_d18_x11520_y48640.png,0.3035,294.78,300.8,306.57,317.34
ch2_ohr_ncp_20251009T1205142094_d_img_d18_x11520_y48640.png,0.2583,299.08,100.37,306.46,106.71
ch2_ohr_ncp_20251009T1205142094_d_img_d18_x11520_y48640.png,0.2524,338.72,41.86,343.75,47.54
ch2_ohr_ncp_20251009T1205142094_d_img_d18_x11520_y48640.png,0.2359,240.04,508.8,261.88,538.12
ch2_ohr_ncp_20251009T1205142094_d_img_d18_x11520_y48640.png,0.2076,59.31,105.82,64.81,112.68
ch2_ohr_ncp_20251009T1205142094_d_img_d18_x11520_y48640.png,0.2063,115.7,462.61,128.69,480.69
ch2_ohr_ncp_20251009T1205142094_d_img_d18_x11520_y48640.png,0.205,419.11,44.84,424.52,53.6
ch2_ohr_ncp_20251009T1205142094_d_img_d18_x11520_y49280.png,0.5762,116.66,22.27,134.75,58.43
ch2_ohr_ncp_20251009T1205142094_d_img_d18_x11520_y49280.png,0.5276,147.65,170.44,153.96,179.98
ch2_ohr_ncp_20251009T1205142094_d_img_d18_x11520_y49280.png,0.4258,288.03,584.0,295.27,592.59
ch2_ohr_ncp_20251009T1205142094_d_img_d18_x11520_y49280.png,0.4,357.84,321.69,370.74,340.86
ch2_ohr_ncp_20251009T1205142094_d_img_d18_x11520_y49280.png,0.3872,126.32,243.95,145.42,276.13
ch2_ohr_ncp_20251009T1205142094_d_img_d18_x11520_y49280.png,0.3752,105.76,461.07,110.62,468.58
ch2_ohr_ncp_20251009T1205142094_d_img_d18_x11520_y49280.png,0.3718,437.99,399.75,445.47,409.46
ch2_ohr_ncp_20251009T1205142094_d_img_d18_x11520_y49280.png,0.3536,345.17,544.38,350.92,551.47
ch2_ohr_ncp_20251009T1205142094_d_img_d18_x11520_y49280.png,0.3443,366.57,604.08,374.78,621.17
ch2_ohr_ncp_20251009T1205142094_d_img_d18_x11520_y49280.png,0.3198,319.74,586.26,325.29,592.36
ch2_ohr_ncp_20251009T1205142094_d_img_d18_x11520_y49280.png,0.3073,374.2,632.78,382.85,639.82
ch2_ohr_ncp_20251009T1205142094_d_img_d18_x11520_y49280.png,0.3002,323.47,549.24,338.8,570.11
ch2_ohr_ncp_20251009T1205142094_d_img_d18_x11520_y49280.png,0.2985,124.11,440.05,129.51,446.29
ch2_ohr_ncp_20251009T1205142094_d_img_d18_x11520_y49280.png,0.2937,84.58,156.04,90.33,165.78
ch2_ohr_ncp_20251009T1205142094_d_img_d18_x11520_y49280.png,0.2861,403.37,373.92,408.94,380.67
ch2_ohr_ncp_20251009T1205142094_d_img_d18_x11520_y49280.png,0.2844,411.53,236.02,417.2,242.45
ch2_ohr_ncp_20251009T1205142094_d_img_d18_x11520_y49280.png,0.2787,97.19,474.11,103.69,482.8
ch2_ohr_ncp_20251009T1205142094_d_img_d18_x11520_y49280.png,0.2772,426.18,410.87,432.5,416.98
ch2_ohr_ncp_20251009T1205142094_d_img_d18_x11520_y49280.png,0.276,163.27,421.64,169.2,430.31
ch2_ohr_ncp_20251009T1205142094_d_img_d18_x11520_y49280.png,0.2621,172.3,530.13,179.76,540.73
ch2_ohr_ncp_20251009T1205142094_d_img_d18_x11520_y49280.png,0.2535,30.7,502.35,36.25,508.87
ch2_ohr_ncp_20251009T1205142094_d_img_d18_x11520_y49280.png,0.2485,77.06,9.6,98.02,38.35
ch2_ohr_ncp_20251009T1205142094_d_img_d18_x11520_y49280.png,0.2482,161.09,153.59,166.71,160.72
ch2_ohr_ncp_20251009T1205142094_d_img_d18_x11520_y49280.png,0.2444,427.82,518.16,433.2,524.91
ch2_ohr_ncp_20251009T1205142094_d_img_d18_x11520_y49280.png,0.2443,422.81,228.49,433.3,242.51
ch2_ohr_ncp_20251009T1205142094_d_img_d18_x11520_y49280.png,0.239,277.29,610.17,294.83,628.75
ch2_ohr_ncp_20251009T1205142094_d_img_d18_x11520_y49280.png,0.2389,1.8,440.91,8.0,449.98
ch2_ohr_ncp_20251009T1205142094_d_img_d18_x11520_y49280.png,0.2362,299.44,239.67,305.59,246.52
ch2_ohr_ncp_20251009T1205142094_d_img_d18_x11520_y49280.png,0.233,186.1,545.23,195.55,560.67
ch2_ohr_ncp_20251009T1205142094_d_img_d18_x11520_y49280.png,0.2326,314.26,578.8,318.97,583.97
ch2_ohr_ncp_20251009T1205142094_d_img_d18_x11520_y49280.png,0.2315,224.96,478.02,238.05,496.49
ch2_ohr_ncp_20251009T1205142094_d_img_d18_x11520_y49280.png,0.2208,265.0,394.77,271.75,404.27
ch2_ohr_ncp_20251009T1205142094_d_img_d18_x11520_y49280.png,0.2182,421.21,634.43,426.38,639.12
ch2_ohr_ncp_20251009T1205142094_d_img_d18_x11520_y49280.png,0.2165,284.81,370.89,291.15,376.87
ch2_ohr_ncp_20251009T1205142094_d_img_d18_x11520_y49280.png,0.2124,306.87,510.9,315.33,524.09
ch2_ohr_ncp_20251009T1205142094_d_img_d18_x11520_y49280.png,0.21,374.32,631.86,382.27,638.38
ch2_ohr_ncp_20251009T1205142094_d_img_d18_x11520_y49280.png,0.2078,176.46,8.63,181.75,15.69
ch2_ohr_ncp_20251009T1205142094_d_img_d18_x11520_y49280.png,0.2054,83.52,119.1,91.44,126.84
ch2_ohr_ncp_20251009T1205142094_d_img_d18_x11520_y49280.png,0.2016,156.69,167.29,166.27,177.95
ch2_ohr_ncp_20251009T1205142094_d_img_d18_x11520_y49280.png,0.2007,344.09,589.59,349.28,596.53
ch2_ohr_ncp_20251009T1205142094_d_img_d18_x11520_y49920.png,0.4215,356.43,402.54,363.19,410.87
ch2_ohr_ncp_20251009T1205142094_d_img_d18_x11520_y49920.png,0.404,6.98,631.66,16.1,639.51
ch2_ohr_ncp_20251009T1205142094_d_img_d18_x11520_y49920.png,0.3872,368.21,413.42,377.33,422.46
ch2_ohr_ncp_20251009T1205142094_d_img_d18_x11520_y49920.png,0.3745,446.16,9.46,465.88,36.67
ch2_ohr_ncp_20251009T1205142094_d_img_d18_x11520_y49920.png,0.3629,271.83,292.84,280.73,302.99
ch2_ohr_ncp_20251009T1205142094_d_img_d18_x11520_y49920.png,0.3617,21.06,573.67,26.92,580.81
ch2_ohr_ncp_20251009T1205142094_d_img_d18_x11520_y49920.png,0.3611,406.97,97.61,414.44,109.08
ch2_ohr_ncp_20251009T1205142094_d_img_d18_x11520_y49920.png,0.3584,84.76,516.82,91.4,526.2
ch2_ohr_ncp_20251009T1205142094_d_img_d18_x11520_y49920.png,0.34,159.92,224.43,168.02,235.19
ch2_ohr_ncp_20251009T1205142094_d_img_d18_x11520_y49920.png,0.3348,373.11,0.0,382.84,9.57
ch2_ohr_ncp_20251009T1205142094_d_img_d18_x11520_y49920.png,0.3108,297.45,511.5,306.12,525.04
ch2_ohr_ncp_20251009T1205142094_d_img_d18_x11520_y49920.png,0.309,131.3,432.97,139.68,446.52
ch2_ohr_ncp_20251009T1205142094_d_img_d18_x11520_y49920.png,0.3075,76.13,556.34,82.15,563.51
ch2_ohr_ncp_20251009T1205142094_d_img_d18_x11520_y49920.png,0.2922,146.91,359.96,152.75,366.47
ch2_ohr_ncp_20251009T1205142094_d_img_d18_x11520_y49920.png,0.2877,290.8,106.24,297.46,114.0
ch2_ohr_ncp_20251009T1205142094_d_img_d18_x11520_y49920.png,0.2816,37.11,336.3,43.02,344.29
ch2_ohr_ncp_20251009T1205142094_d_img_d18_x11520_y49920.png,0.2811,243.1,350.33,254.63,366.1
ch2_ohr_ncp_20251009T1205142094_d_img_d18_x11520_y49920.png,0.2715,425.42,104.22,430.72,111.05
ch2_ohr_ncp_20251009T1205142094_d_img_d18_x11520_y49920.png,0.2701,83.93,516.41,90.48,525.66
ch2_ohr_ncp_20251009T1205142094_d_img_d18_x11520_y49920.png,0.2683,35.01,304.99,42.58,317.35
ch2_ohr_ncp_20251009T1205142094_d_img_d18_x11520_y49920.png,0.2516,221.99,179.9,229.29,188.83
ch2_ohr_ncp_20251009T1205142094_d_img_d18_x11520_y49920.png,0.2484,105.59,510.17,110.42,516.3
ch2_ohr_ncp_20251009T1205142094_d_img_d18_x11520_y49920.png,0.2479,348.47,97.2,353.95,102.94
ch2_ohr_ncp_20251009T1205142094_d_img_d18_x11520_y49920.png,0.2478,406.64,37.85,412.61,47.07
ch2_ohr_ncp_20251009T1205142094_d_img_d18_x11520_y49920.png,0.2463,152.77,571.86,172.37,602.02
ch2_ohr_ncp_20251009T1205142094_d_img_d18_x11520_y49920.png,0.2446,27.54,503.64,34.5,513.4
ch2_ohr_ncp_20251009T1205142094_d_img_d18_x11520_y49920.png,0.2307,204.67,363.66,212.35,376.61
ch2_ohr_ncp_20251009T1205142094_d_img_d18_x11520_y49920.png,0.2251,369.16,411.65,378.9,422.67
ch2_ohr_ncp_20251009T1205142094_d_img_d18_x11520_y49920.png,0.2251,456.99,350.81,461.84,356.23
ch2_ohr_ncp_20251009T1205142094_d_img_d18_x11520_y49920.png,0.2244,352.6,84.19,357.06,89.51
ch2_ohr_ncp_20251009T1205142094_d_img_d18_x11520_y49920.png,0.2207,278.35,583.94,286.24,594.53
ch2_ohr_ncp_20251009T1205142094_d_img_d18_x11520_y49920.png,0.217,273.44,510.02,278.23,516.3
ch2_ohr_ncp_20251009T1205142094_d_img_d18_x11520_y49920.png,0.2113,367.17,502.42,381.31,519.92
ch2_ohr_ncp_20251009T1205142094_d_img_d18_x11520_y49920.png,0.2079,245.83,185.53,256.17,196.78
ch2_ohr_ncp_20251009T1205142094_d_img_d18_x11520_y49920.png,0.2052,290.95,630.66,303.26,639.92
ch2_ohr_ncp_20251009T1205142094_d_img_d18_x11520_y49920.png,0.203,310.41,325.71,319.21,337.53
ch2_ohr_ncp_20251009T1205142094_d_img_d18_x11520_y49920.png,0.2029,267.23,197.25,274.28,206.01
ch2_ohr_ncp_20251009T1205142094_d_img_d18_x11520_y50560.png,0.5281,219.58,27.61,226.16,35.95
ch2_ohr_ncp_20251009T1205142094_d_img_d18_x11520_y50560.png,0.5237,93.31,211.64,103.77,230.98
ch2_ohr_ncp_20251009T1205142094_d_img_d18_x11520_y50560.png,0.486,11.93,36.97,18.28,44.82
ch2_ohr_ncp_20251009T1205142094_d_img_d18_x11520_y50560.png,0.4671,388.19,10.51,394.24,20.67
ch2_ohr_ncp_20251009T1205142094_d_img_d18_x11520_y50560.png,0.4271,369.18,269.11,376.81,281.86
ch2_ohr_ncp_20251009T1205142094_d_img_d18_x11520_y50560.png,0.4264,329.53,259.97,338.43,274.44
ch2_ohr_ncp_20251009T1205142094_d_img_d18_x11520_y50560.png,0.4238,442.46,383.14,456.99,406.4
ch2_ohr_ncp_20251009T1205142094_d_img_d18_x11520_y50560.png,0.399,470.74,596.04,479.41,611.02
ch2_ohr_ncp_20251009T1205142094_d_img_d18_x11520_y50560.png,0.3912,121.36,106.55,129.0,117.94
ch2_ohr_ncp_20251009T1205142094_d_img_d18_x11520_y50560.png,0.3765,157.67,76.65,162.74,81.89
ch2_ohr_ncp_20251009T1205142094_d_img_d18_x11520_y50560.png,0.3495,63.62,235.58,69.01,242.34
ch2_ohr_ncp_20251009T1205142094_d_img_d18_x11520_y50560.png,0.341,258.46,522.12,266.16,533.04
ch2_ohr_ncp_20251009T1205142094_d_img_d18_x11520_y50560.png,0.3401,14.66,247.12,27.2,264.52
ch2_ohr_ncp_20251009T1205142094_d_img_d18_x11520_y50560.png,0.3384,298.9,266.79,305.39,275.03
ch2_ohr_ncp_20251009T1205142094_d_img_d18_x11520_y50560.png,0.3356,213.59,427.05,221.85,437.74
ch2_ohr_ncp_20251009T1205142094_d_img_d18_x11520_y50560.png,0.3314,163.69,538.64,169.58,545.62
ch2_ohr_ncp_20251009T1205142094_d_img_d18_x11520_y50560.png,0.3106,290.39,465.04,297.14,472.34
ch2_ohr_ncp_20251009T1205142094_d_img_d18_x11520_y50560.png,0.3048,285.96,401.91,294.84,415.88
ch2_ohr_ncp_20251009T1205142094_d_img_d18_x11520_y50560.png,0.3025,79.96,232.01,85.79,238.68
ch2_ohr_ncp_20251009T1205142094_d_img_d18_x11520_y50560.png,0.3009,341.12,80.97,346.73,90.32
ch2_ohr_ncp_20251009T1205142094_d_img_d18_x11520_y50560.png,0.2852,396.79,96.76,405.99,109.33
ch2_ohr_ncp_20251009T1205142094_d_img_d18_x11520_y50560.png,0.2676,174.11,44.56,185.04,59.6
ch2_ohr_ncp_20251009T1205142094_d_img_d18_x11520_y50560.png,0.2615,44.26,94.46,49.9,101.3
ch2_ohr_ncp_20251009T1205142094_d_img_d18_x11520_y50560.png,0.2599,0.66,293.7,7.13,307.61
ch2_ohr_ncp_20251009T1205142094_d_img_d18_x11520_y50560.png,0.2559,7.29,0.0,16.8,8.4
ch2_ohr_ncp_20251009T1205142094_d_img_d18_x11520_y50560.png,0.2428,143.21,479.74,149.69,490.31
ch2_ohr_ncp_20251009T1205142094_d_img_d18_x11520_y50560.png,0.2418,395.7,271.44,401.88,278.43
ch2_ohr_ncp_20251009T1205142094_d_img_d18_x11520_y50560.png,0.2308,454.04,612.75,479.19,639.72
ch2_ohr_ncp_20251009T1205142094_d_img_d18_x11520_y50560.png,0.2281,122.61,144.85,128.07,150.64
ch2_ohr_ncp_20251009T1205142094_d_img_d18_x11520_y50560.png,0.2239,191.14,354.46,202.19,371.82
ch2_ohr_ncp_20251009T1205142094_d_img_d18_x11520_y50560.png,0.2192,290.57,466.04,296.06,473.27
ch2_ohr_ncp_20251009T1205142094_d_img_d18_x11520_y50560.png,0.2188,167.8,58.02,176.05,68.94
ch2_ohr_ncp_20251009T1205142094_d_img_d18_x11520_y50560.png,0.2183,406.35,623.13,414.72,635.8
ch2_ohr_ncp_20251009T1205142094_d_img_d18_x11520_y50560.png,0.212,258.86,0.0,285.62,22.97
ch2_ohr_ncp_20251009T1205142094_d_img_d18_x11520_y50560.png,0.211,198.05,173.47,202.77,179.67
ch2_ohr_ncp_20251009T1205142094_d_img_d18_x11520_y50560.png,0.211,341.9,80.71,348.03,89.65
ch2_ohr_ncp_20251009T1205142094_d_img_d18_x11520_y50560.png,0.2065,202.56,437.88,211.33,446.74
ch2_ohr_ncp_20251009T1205142094_d_img_d18_x11520_y50560.png,0.2019,345.95,474.77,352.69,480.85
ch2_ohr_ncp_20251009T1205142094_d_img_d18_x11520_y50560.png,0.2012,70.98,503.59,81.23,515.43
ch2_ohr_ncp_20251009T1205142094_d_img_d18_x11520_y51200.png,0.4948,435.58,275.75,443.02,286.43
ch2_ohr_ncp_20251009T1205142094_d_img_d18_x11520_y51200.png,0.4036,51.22,275.19,66.18,300.84
ch2_ohr_ncp_20251009T1205142094_d_img_d18_x11520_y51200.png,0.377,139.99,206.11,158.06,231.64
ch2_ohr_ncp_20251009T1205142094_d_img_d18_x11520_y51200.png,0.3511,370.03,165.02,377.64,174.01
ch2_ohr_ncp_20251009T1205142094_d_img_d18_x11520_y51200.png,0.3442,50.43,362.82,65.01,390.53
ch2_ohr_ncp_20251009T1205142094_d_img_d18_x11520_y51200.png,0.3404,268.94,362.53,281.89,386.86
ch2_ohr_ncp_20251009T1205142094_d_img_d18_x11520_y51200.png,0.3338,90.35,0.02,96.37,5.99
ch2_ohr_ncp_20251009T1205142094_d_img_d18_x11520_y51200.png,0.3275,140.28,204.85,159.99,226.79
ch2_ohr_ncp_20251009T1205142094_d_img_d18_x11520_y51200.png,0.3075,160.77,341.9,185.55,383.19
ch2_ohr_ncp_20251009T1205142094_d_img_d18_x11520_y51200.png,0.3045,138.95,204.63,159.41,237.34
ch2_ohr_ncp_20251009T1205142094_d_img_d18_x11520_y51200.png,0.2997,460.48,46.4,469.05,60.53
ch2_ohr_ncp_20251009T1205142094_d_img_d18_x11520_y51200.png,0.2988,98.18,123.89,104.81,133.81
ch2_ohr_ncp_20251009T1205142094_d_img_d18_x11520_y51200.png,0.2753,116.2,244.96,122.71,253.35
ch2_ohr_ncp_20251009T1205142094_d_img_d18_x11520_y51200.png,0.2622,112.78,1.3,118.47,9.27
ch2_ohr_ncp_20251009T1205142094_d_img_d18_x11520_y51200.png,0.259,330.74,589.96,337.83,598.21
ch2_ohr_ncp_20251009T1205142094_d_img_d18_x11520_y51200.png,0.2362,164.52,164.07,169.93,170.15
ch2_ohr_ncp_20251009T1205142094_d_img_d18_x11520_y51200.png,0.2353,95.21,33.73,103.48,44.26
ch2_ohr_ncp_20251009T1205142094_d_img_d18_x11520_y51200.png,0.233,284.99,364.15,290.01,370.64
ch2_ohr_ncp_20251009T1205142094_d_img_d18_x11520_y51200.png,0.2267,89.23,48.36,120.73,120.61
ch2_ohr_ncp_20251009T1205142094_d_img_d18_x11520_y51200.png,0.2215,324.06,356.31,349.77,391.14
ch2_ohr_ncp_20251009T1205142094_d_img_d18_x11520_y51200.png,0.2159,213.0,51.55,238.35,103.56
ch2_ohr_ncp_20251009T1205142094_d_img_d18_x11520_y51200.png,0.2119,272.34,342.64,279.69,353.75
ch2_ohr_ncp_20251009T1205142094_d_img_d18_x11520_y51200.png,0.2025,86.68,259.84,92.81,268.66
ch2_ohr_ncp_20251009T1205142094_d_img_d18_x11520_y51840.png,0.5753,174.13,509.91,188.77,536.84
ch2_ohr_ncp_20251009T1205142094_d_img_d18_x11520_y51840.png,0.4224,131.69,110.03,142.36,128.87
ch2_ohr_ncp_20251009T1205142094_d_img_d18_x11520_y51840.png,0.3831,39.0,197.87,55.19,227.82
ch2_ohr_ncp_20251009T1205142094_d_img_d18_x11520_y51840.png,0.3792,188.32,347.66,193.68,355.27
ch2_ohr_ncp_20251009T1205142094_d_img_d18_x11520_y51840.png,0.3393,222.23,420.63,230.97,433.59
ch2_ohr_ncp_20251009T1205142094_d_img_d18_x11520_y51840.png,0.3264,142.05,100.79,152.02,112.04
ch2_ohr_ncp_20251009T1205142094_d_img_d18_x11520_y51840.png,0.3222,131.53,410.16,138.79,418.52
ch2_ohr_ncp_20251009T1205142094_d_img_d18_x11520_y51840.png,0.2962,352.45,81.71,358.67,87.85
ch2_ohr_ncp_20251009T1205142094_d_img_d18_x11520_y51840.png,0.2936,43.99,91.82,50.45,100.41
ch2_ohr_ncp_20251009T1205142094_d_img_d18_x11520_y51840.png,0.2671,138.77,281.56,147.64,296.69
ch2_ohr_ncp_20251009T1205142094_d_img_d18_x11520_y51840.png,0.2598,215.42,177.48,224.98,191.26
ch2_ohr_ncp_20251009T1205142094_d_img_d18_x11520_y51840.png,0.2352,251.97,440.3,257.84,448.28
ch2_ohr_ncp_20251009T1205142094_d_img_d18_x11520_y51840.png,0.2289,226.27,355.8,234.03,366.49
ch2_ohr_ncp_20251009T1205142094_d_img_d18_x11520_y51840.png,0.2243,268.12,52.66,280.14,69.6
ch2_ohr_ncp_20251009T1205142094_d_img_d18_x11520_y51840.png,0.2083,0.23,280.1,7.29,290.45
ch2_ohr_ncp_20251009T1205142094_d_img_d18_x11520_y51840.png,0.2009,404.46,232.2,409.69,238.51
ch2_ohr_ncp_20251009T1205142094_d_img_d18_x11520_y52480.png,0.4423,62.64,594.1,77.18,619.23
ch2_ohr_ncp_20251009T1205142094_d_img_d18_x11520_y52480.png,0.3027,292.15,342.65,309.62,374.83
ch2_ohr_ncp_20251009T1205142094_d_img_d18_x11520_y52480.png,0.3004,17.95,98.6,24.59,106.71
ch2_ohr_ncp_20251009T1205142094_d_img_d18_x11520_y52480.png,0.2939,9.38,107.24,16.3,115.37
ch2_ohr_ncp_20251009T1205142094_d_img_d18_x11520_y52480.png,0.2906,35.71,604.61,42.35,611.64
ch2_ohr_ncp_20251009T1205142094_d_img_d18_x11520_y52480.png,0.2782,243.76,283.39,260.33,313.43
ch2_ohr_ncp_20251009T1205142094_d_img_d18_x11520_y52480.png,0.2781,199.79,296.81,207.39,307.79
ch2_ohr_ncp_20251009T1205142094_d_img_d18_x11520_y52480.png,0.2726,417.24,266.43,424.06,276.34
ch2_ohr_ncp_20251009T1205142094_d_img_d18_x11520_y52480.png,0.2638,153.7,202.51,175.74,235.37
ch2_ohr_ncp_20251009T1205142094_d_img_d18_x11520_y52480.png,0.2524,194.37,395.53,200.68,403.92
ch2_ohr_ncp_20251009T1205142094_d_img_d18_x11520_y52480.png,0.2426,235.2,67.55,241.51,75.69
ch2_ohr_ncp_20251009T1205142094_d_img_d18_x11520_y52480.png,0.237,172.54,339.54,180.36,352.02
ch2_ohr_ncp_20251009T1205142094_d_img_d18_x11520_y52480.png,0.2153,394.38,78.67,414.44,111.09
ch2_ohr_ncp_20251009T1205142094_d_img_d18_x11520_y52480.png,0.2068,368.39,82.91,377.49,95.92
ch2_ohr_ncp_20251009T1205142094_d_img_d18_x11520_y52480.png,0.2058,8.16,611.36,16.25,618.56
ch2_ohr_ncp_20251009T1205142094_d_img_d18_x11520_y53120.png,0.4063,442.68,52.08,448.43,60.78
ch2_ohr_ncp_20251009T1205142094_d_img_d18_x11520_y53120.png,0.3838,282.25,404.11,289.54,414.47
ch2_ohr_ncp_20251009T1205142094_d_img_d18_x11520_y53120.png,0.315,338.27,352.66,345.06,362.52
ch2_ohr_ncp_20251009T1205142094_d_img_d18_x11520_y53120.png,0.2708,209.47,112.69,215.58,120.05
ch2_ohr_ncp_20251009T1205142094_d_img_d18_x11520_y53120.png,0.2641,6.62,492.63,10.92,498.38
ch2_ohr_ncp_20251009T1205142094_d_img_d18_x11520_y53120.png,0.2257,396.27,202.16,416.43,234.54
ch2_ohr_ncp_20251009T1205142094_d_img_d18_x11520_y53120.png,0.2229,168.89,156.07,177.01,164.82
ch2_ohr_ncp_20251009T1205142094_d_img_d18_x11520_y53120.png,0.2185,299.86,552.15,306.09,559.72
ch2_ohr_ncp_20251009T1205142094_d_img_d18_x11520_y53120.png,0.2151,302.98,319.47,314.29,336.55
ch2_ohr_ncp_20251009T1205142094_d_img_d18_x11520_y53120.png,0.2034,73.67,220.95,79.76,228.55
ch2_ohr_ncp_20251009T1205142094_d_img_d18_x11520_y53760.png,0.4394,91.96,131.27,108.28,154.89
ch2_ohr_ncp_20251009T1205142094_d_img_d18_x11520_y53760.png,0.4232,203.45,40.85,211.62,51.92
ch2_ohr_ncp_20251009T1205142094_d_img_d18_x11520_y53760.png,0.3908,176.78,429.66,186.27,445.33
ch2_ohr_ncp_20251009T1205142094_d_img_d18_x11520_y53760.png,0.3853,276.03,219.1,281.97,227.69
ch2_ohr_ncp_20251009T1205142094_d_img_d18_x11520_y53760.png,0.3663,140.78,52.17,160.94,84.16
ch2_ohr_ncp_20251009T1205142094_d_img_d18_x11520_y53760.png,0.3651,340.02,323.3,346.88,330.39
ch2_ohr_ncp_20251009T1205142094_d_img_d18_x11520_y53760.png,0.3625,283.44,88.0,291.33,100.69
ch2_ohr_ncp_20251009T1205142094_d_img_d18_x11520_y53760.png,0.351,370.76,610.89,386.83,633.76
ch2_ohr_ncp_20251009T1205142094_d_img_d18_x11520_y53760.png,0.3389,162.44,251.36,169.67,261.09
ch2_ohr_ncp_20251009T1205142094_d_img_d18_x11520_y53760.png,0.3272,170.72,615.98,178.19,623.06
ch2_ohr_ncp_20251009T1205142094_d_img_d18_x11520_y53760.png,0.3217,228.35,355.35,239.19,373.47
ch2_ohr_ncp_20251009T1205142094_d_img_d18_x11520_y53760.png,0.3213,179.42,384.1,188.48,397.78
ch2_ohr_ncp_20251009T1205142094_d_img_d18_x11520_y53760.png,0.3178,278.46,596.85,290.58,616.99
ch2_ohr_ncp_20251009T1205142094_d_img_d18_x11520_y53760.png,0.3011,131.94,283.96,137.5,291.07
ch2_ohr_ncp_20251009T1205142094_d_img_d18_x11520_y53760.png,0.2841,88.64,228.3,97.97,240.15
ch2_ohr_ncp_20251009T1205142094_d_img_d18_x11520_y53760.png,0.2673,220.21,83.06,233.25,100.89
ch2_ohr_ncp_20251009T1205142094_d_img_d18_x11520_y53760.png,0.2438,138.89,85.02,147.91,93.39
ch2_ohr_ncp_20251009T1205142094_d_img_d18_x11520_y53760.png,0.239,69.08,239.64,74.28,246.26
ch2_ohr_ncp_20251009T1205142094_d_img_d18_x11520_y53760.png,0.2345,202.72,410.78,236.76,452.91
ch2_ohr_ncp_20251009T1205142094_d_img_d18_x11520_y53760.png,0.2262,454.84,145.6,463.29,158.76
ch2_ohr_ncp_20251009T1205142094_d_img_d18_x11520_y53760.png,0.2257,48.69,276.68,54.93,286.27
ch2_ohr_ncp_20251009T1205142094_d_img_d18_x11520_y53760.png,0.2243,178.73,466.03,183.74,471.04
ch2_ohr_ncp_20251009T1205142094_d_img_d18_x11520_y53760.png,0.2132,205.15,480.29,215.78,495.21
ch2_ohr_ncp_20251009T1205142094_d_img_d18_x11520_y53760.png,0.2068,367.7,67.07,373.77,77.1
ch2_ohr_ncp_20251009T1205142094_d_img_d18_x11520_y53760.png,0.2065,132.32,283.3,138.65,290.91
ch2_ohr_ncp_20251009T1205142094_d_img_d18_x11520_y54400.png,0.4351,384.44,132.66,397.22,160.0
ch2_ohr_ncp_20251009T1205142094_d_img_d18_x11520_y54400.png,0.2937,434.0,469.54,440.7,477.47
ch2_ohr_ncp_20251009T1205142094_d_img_d18_x11520_y54400.png,0.29,333.38,106.77,348.85,127.43
ch2_ohr_ncp_20251009T1205142094_d_img_d18_x11520_y54400.png,0.2798,458.93,355.28,466.24,367.38
ch2_ohr_ncp_20251009T1205142094_d_img_d18_x11520_y54400.png,0.265,84.86,157.88,91.11,165.76
ch2_ohr_ncp_20251009T1205142094_d_img_d18_x11520_y54400.png,0.2623,173.93,227.51,185.6,246.29
ch2_ohr_ncp_20251009T1205142094_d_img_d18_x11520_y54400.png,0.2566,365.31,461.84,386.22,496.25
ch2_ohr_ncp_20251009T1205142094_d_img_d18_x11520_y54400.png,0.2532,324.11,119.03,330.73,130.56
ch2_ohr_ncp_20251009T1205142094_d_img_d18_x11520_y54400.png,0.2415,17.77,73.73,28.67,85.74
ch2_ohr_ncp_20251009T1205142094_d_img_d18_x11520_y54400.png,0.2367,437.92,361.27,445.62,371.36
ch2_ohr_ncp_20251009T1205142094_d_img_d18_x11520_y54400.png,0.2352,443.49,351.53,449.46,357.99
ch2_ohr_ncp_20251009T1205142094_d_img_d18_x11520_y54400.png,0.2336,116.44,284.78,122.36,292.74
ch2_ohr_ncp_20251009T1205142094_d_img_d18_x11520_y54400.png,0.2297,87.62,79.15,95.06,89.31
ch2_ohr_ncp_20251009T1205142094_d_img_d18_x11520_y54400.png,0.2172,371.62,186.82,379.24,195.62
ch2_ohr_ncp_20251009T1205142094_d_img_d18_x11520_y54400.png,0.2099,37.22,570.28,57.36,608.02
ch2_ohr_ncp_20251009T1205142094_d_img_d18_x11520_y54400.png,0.2067,446.75,401.6,453.45,411.08
ch2_ohr_ncp_20251009T1205142094_d_img_d18_x11520_y55040.png,0.5153,431.45,583.21,440.1,598.39
ch2_ohr_ncp_20251009T1205142094_d_img_d18_x11520_y55040.png,0.4767,415.06,489.69,423.2,500.68
ch2_ohr_ncp_20251009T1205142094_d_img_d18_x11520_y55040.png,0.4739,244.89,123.58,260.83,150.76
ch2_ohr_ncp_20251009T1205142094_d_img_d18_x11520_y55040.png,0.4378,222.71,40.95,232.67,58.7
ch2_ohr_ncp_20251009T1205142094_d_img_d18_x11520_y55040.png,0.4228,92.09,397.6,98.39,407.67
ch2_ohr_ncp_20251009T1205142094_d_img_d18_x11520_y55040.png,0.4085,231.31,124.51,239.52,140.51
ch2_ohr_ncp_20251009T1205142094_d_img_d18_x11520_y55040.png,0.3817,201.74,600.98,209.52,610.66
ch2_ohr_ncp_20251009T1205142094_d_img_d18_x11520_y55040.png,0.3775,248.88,107.57,255.26,114.65
ch2_ohr_ncp_20251009T1205142094_d_img_d18_x11520_y55040.png,0.36,60.22,429.0,74.44,457.91
ch2_ohr_ncp_20251009T1205142094_d_img_d18_x11520_y55040.png,0.3579,143.29,303.56,149.74,313.94
ch2_ohr_ncp_20251009T1205142094_d_img_d18_x11520_y55040.png,0.3511,181.85,112.35,189.84,121.89
ch2_ohr_ncp_20251009T1205142094_d_img_d18_x11520_y55040.png,0.3467,46.8,383.62,60.99,405.93
ch2_ohr_ncp_20251009T1205142094_d_img_d18_x11520_y55040.png,0.3228,142.82,303.57,148.74,312.62
ch2_ohr_ncp_20251009T1205142094_d_img_d18_x11520_y55040.png,0.3199,2.46,215.41,9.1,223.82
ch2_ohr_ncp_20251009T1205142094_d_img_d18_x11520_y55040.png,0.3194,78.07,555.1,85.59,565.05
ch2_ohr_ncp_20251009T1205142094_d_img_d18_x11520_y55040.png,0.3146,397.7,483.48,410.72,504.43
ch2_ohr_ncp_20251009T1205142094_d_img_d18_x11520_y55040.png,0.2957,423.75,474.68,430.2,482.7
ch2_ohr_ncp_20251009T1205142094_d_img_d18_x11520_y55040.png,0.2932,0.0,98.85,10.15,141.24
ch2_ohr_ncp_20251009T1205142094_d_img_d18_x11520_y55040.png,0.2831,412.47,314.74,437.23,358.63
ch2_ohr_ncp_20251009T1205142094_d_img_d18_x11520_y55040.png,0.2819,140.54,97.23,153.2,117.53
ch2_ohr_ncp_20251009T1205142094_d_img_d18_x11520_y55040.png,0.2643,361.56,86.28,368.24,93.26
ch2_ohr_ncp_20251009T1205142094_d_img_d18_x11520_y55040.png,0.2608,345.7,179.95,353.15,188.8
ch2_ohr_ncp_20251009T1205142094_d_img_d18_x11520_y55040.png,0.2595,66.56,330.43,73.19,339.54
ch2_ohr_ncp_20251009T1205142094_d_img_d18_x11520_y55040.png,0.2574,140.34,333.27,146.36,340.75
ch2_ohr_ncp_20251009T1205142094_d_img_d18_x11520_y55040.png,0.2557,113.36,366.09,119.95,373.95
ch2_ohr_ncp_20251009T1205142094_d_img_d18_x11520_y55040.png,0.2552,0.0,97.78,9.98,129.31
ch2_ohr_ncp_20251009T1205142094_d_img_d18_x11520_y55040.png,0.2538,402.6,369.9,408.47,376.83
ch2_ohr_ncp_20251009T1205142094_d_img_d18_x11520_y55040.png,0.2523,325.48,199.17,338.24,214.18
ch2_ohr_ncp_20251009T1205142094_d_img_d18_x11520_y55040.png,0.251,197.4,385.23,204.78,396.18
ch2_ohr_ncp_20251009T1205142094_d_img_d18_x11520_y55040.png,0.2506,0.26,99.53,7.97,123.02
ch2_ohr_ncp_20251009T1205142094_d_img_d18_x11520_y55040.png,0.2421,269.99,120.27,277.88,133.91
ch2_ohr_ncp_20251009T1205142094_d_img_d18_x11520_y55040.png,0.2346,267.17,387.91,271.75,393.45
ch2_ohr_ncp_20251009T1205142094_d_img_d18_x11520_y55040.png,0.2336,254.3,323.03,264.3,336.35
ch2_ohr_ncp_20251009T1205142094_d_img_d18_x11520_y55040.png,0.2321,78.81,387.5,85.01,394.6
ch2_ohr_ncp_20251009T1205142094_d_img_d18_x11520_y55040.png,0.2315,243.26,128.15,258.47,152.9
ch2_ohr_ncp_20251009T1205142094_d_img_d18_x11520_y55040.png,0.2311,361.6,343.53,371.73,357.28
ch2_ohr_ncp_20251009T1205142094_d_img_d18_x11520_y55040.png,0.2271,278.81,162.4,286.98,172.79
ch2_ohr_ncp_20251009T1205142094_d_img_d18_x11520_y55040.png,0.2246,256.52,281.38,263.66,291.06
ch2_ohr_ncp_20251009T1205142094_d_img_d18_x11520_y55040.png,0.2142,232.59,561.84,240.07,571.5
ch2_ohr_ncp_20251009T1205142094_d_img_d18_x11520_y55040.png,0.2083,441.61,620.47,448.68,630.6
ch2_ohr_ncp_20251009T1205142094_d_img_d18_x11520_y55040.png,0.2,410.22,71.24,416.9,78.24
ch2_ohr_ncp_20251009T1205142094_d_img_d18_x11520_y55680.png,0.6682,252.47,523.46,268.13,551.14
ch2_ohr_ncp_20251009T1205142094_d_img_d18_x11520_y55680.png,0.5608,406.81,282.95,417.26,301.2
ch2_ohr_ncp_20251009T1205142094_d_img_d18_x11520_y55680.png,0.5364,349.93,198.73,366.54,218.84
ch2_ohr_ncp_20251009T1205142094_d_img_d18_x11520_y55680.png,0.5338,460.46,60.31,466.84,69.71
ch2_ohr_ncp_20251009T1205142094_d_img_d18_x11520_y55680.png,0.5265,53.61,74.57,64.95,98.82
ch2_ohr_ncp_20251009T1205142094_d_img_d18_x11520_y55680.png,0.525,262.87,167.47,274.06,185.27
ch2_ohr_ncp_20251009T1205142094_d_img_d18_x11520_y55680.png,0.5205,55.13,171.4,70.37,205.15
ch2_ohr_ncp_20251009T1205142094_d_img_d18_x11520_y55680.png,0.5007,269.69,290.8,279.1,304.05
ch2_ohr_ncp_20251009T1205142094_d_img_d18_x11520_y55680.png,0.4951,12.86,333.2,26.59,355.15
ch2_ohr_ncp_20251009T1205142094_d_img_d18_x11520_y55680.png,0.4922,191.74,554.09,218.26,598.19
ch2_ohr_ncp_20251009T1205142094_d_img_d18_x11520_y55680.png,0.4865,89.68,403.07,109.77,444.02
ch2_ohr_ncp_20251009T1205142094_d_img_d18_x11520_y55680.png,0.4672,134.94,576.6,152.14,598.04
ch2_ohr_ncp_20251009T1205142094_d_img_d18_x11520_y55680.png,0.4492,21.47,146.37,32.24,162.13
ch2_ohr_ncp_20251009T1205142094_d_img_d18_x11520_y55680.png,0.4234,118.07,124.79,126.07,135.65
ch2_ohr_ncp_20251009T1205142094_d_img_d18_x11520_y55680.png,0.3956,130.48,161.05,139.84,173.19
ch2_ohr_ncp_20251009T1205142094_d_img_d18_x11520_y55680.png,0.3798,369.2,500.96,377.79,514.15
ch2_ohr_ncp_20251009T1205142094_d_img_d18_x11520_y55680.png,0.3722,27.5,173.09,34.08,181.08
ch2_ohr_ncp_20251009T1205142094_d_img_d18_x11520_y55680.png,0.3425,387.62,356.5,394.11,365.84
ch2_ohr_ncp_20251009T1205142094_d_img_d18_x11520_y55680.png,0.3375,411.65,87.87,424.98,104.94
ch2_ohr_ncp_20251009T1205142094_d_img_d18_x11520_y55680.png,0.3343,276.06,580.33,282.48,589.57
ch2_ohr_ncp_20251009T1205142094_d_img_d18_x11520_y55680.png,0.3336,158.6,598.6,165.9,608.84
ch2_ohr_ncp_20251009T1205142094_d_img_d18_x11520_y55680.png,0.3316,385.02,137.69,390.89,143.68
ch2_ohr_ncp_20251009T1205142094_d_img_d18_x11520_y55680.png,0.3314,335.84,181.89,341.58,189.39
ch2_ohr_ncp_20251009T1205142094_d_img_d18_x11520_y55680.png,0.3182,417.59,210.37,424.92,219.3
ch2_ohr_ncp_20251009T1205142094_d_img_d18_x11520_y55680.png,0.3173,24.73,593.24,33.1,603.32
ch2_ohr_ncp_20251009T1205142094_d_img_d18_x11520_y55680.png,0.3151,457.71,383.47,465.86,395.26
ch2_ohr_ncp_20251009T1205142094_d_img_d18_x11520_y55680.png,0.3133,202.56,479.85,211.45,492.86
ch2_ohr_ncp_20251009T1205142094_d_img_d18_x11520_y55680.png,0.3111,399.57,399.91,410.8,421.66
ch2_ohr_ncp_20251009T1205142094_d_img_d18_x11520_y55680.png,0.3108,162.03,280.62,168.01,287.56
ch2_ohr_ncp_20251009T1205142094_d_img_d18_x11520_y55680.png,0.3103,338.7,210.17,349.5,225.71
ch2_ohr_ncp_20251009T1205142094_d_img_d18_x11520_y55680.png,0.3084,200.97,72.39,208.67,82.07
ch2_ohr_ncp_20251009T1205142094_d_img_d18_x11520_y55680.png,0.3063,0.02,296.2,5.35,307.07
ch2_ohr_ncp_20251009T1205142094_d_img_d18_x11520_y55680.png,0.302,140.36,292.18,146.61,299.5
ch2_ohr_ncp_20251009T1205142094_d_img_d18_x11520_y55680.png,0.3005,284.16,511.39,291.37,519.08
ch2_ohr_ncp_20251009T1205142094_d_img_d18_x11520_y55680.png,0.2992,38.42,316.44,51.07,328.69
ch2_ohr_ncp_20251009T1205142094_d_img_d18_x11520_y55680.png,0.2938,258.65,506.64,263.26,511.26
ch2_ohr_ncp_20251009T1205142094_d_img_d18_x11520_y55680.png,0.2827,106.0,476.39,113.32,486.03
ch2_ohr_ncp_20251009T1205142094_d_img_d18_x11520_y55680.png,0.2801,113.43,138.67,124.15,150.28
ch2_ohr_ncp_20251009T1205142094_d_img_d18_x11520_y55680.png,0.2758,307.66,61.17,314.11,69.48
ch2_ohr_ncp_20251009T1205142094_d_img_d18_x11520_y55680.png,0.2742,328.98,492.95,335.18,502.38
ch2_ohr_ncp_20251009T1205142094_d_img_d18_x11520_y55680.png,0.2729,302.47,538.02,309.18,547.9
ch2_ohr_ncp_20251009T1205142094_d_img_d18_x11520_y55680.png,0.2705,231.2,459.51,239.09,470.77
ch2_ohr_ncp_20251009T1205142094_d_img_d18_x11520_y55680.png,0.2697,234.88,567.07,243.05,577.91
ch2_ohr_ncp_20251009T1205142094_d_img_d18_x11520_y55680.png,0.264,91.8,402.6,111.66,429.34
ch2_ohr_ncp_20251009T1205142094_d_img_d18_x11520_y55680.png,0.2581,444.01,325.96,451.21,337.28
ch2_ohr_ncp_20251009T1205142094_d_img_d18_x11520_y55680.png,0.2569,283.14,510.73,290.59,519.68
ch2_ohr_ncp_20251009T1205142094_d_img_d18_x11520_y55680.png,0.2553,330.25,609.45,336.79,618.46
ch2_ohr_ncp_20251009T1205142094_d_img_d18_x11520_y55680.png,0.253,323.85,75.71,330.58,85.12
ch2_ohr_ncp_20251009T1205142094_d_img_d18_x11520_y55680.png,0.2528,415.91,66.94,428.86,81.42
ch2_ohr_ncp_20251009T1205142094_d_img_d18_x11520_y55680.png,0.2522,201.43,538.15,205.96,543.79
ch2_ohr_ncp_20251009T1205142094_d_img_d18_x11520_y55680.png,0.2517,314.03,224.2,319.69,230.74
ch2_ohr_ncp_20251009T1205142094_d_img_d18_x11520_y55680.png,0.2503,91.39,213.16,97.46,222.71
ch2_ohr_ncp_20251009T1205142094_d_img_d18_x11520_y55680.png,0.2473,102.59,589.25,106.88,594.51
ch2_ohr_ncp_20251009T1205142094_d_img_d18_x11520_y55680.png,0.2457,73.13,16.43,78.94,24.45
ch2_ohr_ncp_20251009T1205142094_d_img_d18_x11520_y55680.png,0.2426,53.28,74.34,63.71,93.52
ch2_ohr_ncp_20251009T1205142094_d_img_d18_x11520_y55680.png,0.2392,369.31,578.68,377.39,588.55
ch2_ohr_ncp_20251009T1205142094_d_img_d18_x11520_y55680.png,0.2388,202.22,476.67,212.31,492.47
ch2_ohr_ncp_20251009T1205142094_d_img_d18_x11520_y55680.png,0.2384,379.62,156.04,389.5,171.13
ch2_ohr_ncp_20251009T1205142094_d_img_d18_x11520_y55680.png,0.2377,273.18,529.43,289.0,548.93
ch2_ohr_ncp_20251009T1205142094_d_img_d18_x11520_y55680.png,0.2368,384.31,555.49,389.47,562.91
ch2_ohr_ncp_20251009T1205142094_d_img_d18_x11520_y55680.png,0.2328,113.13,231.33,118.4,237.58
ch2_ohr_ncp_20251009T1205142094_d_img_d18_x11520_y55680.png,0.2326,90.65,411.07,108.43,442.97
ch2_ohr_ncp_20251009T1205142094_d_img_d18_x11520_y55680.png,0.231,72.73,235.84,78.4,243.27
ch2_ohr_ncp_20251009T1205142094_d_img_d18_x11520_y55680.png,0.23,29.62,633.52,36.06,639.5
ch2_ohr_ncp_20251009T1205142094_d_img_d18_x11520_y55680.png,0.2279,123.59,89.6,128.64,95.76
ch2_ohr_ncp_20251009T1205142094_d_img_d18_x11520_y55680.png,0.227,253.74,522.85,270.05,542.04
ch2_ohr_ncp_20251009T1205142094_d_img_d18_x11520_y55680.png,0.2261,63.76,146.23,86.81,168.14
ch2_ohr_ncp_20251009T1205142094_d_img_d18_x11520_y55680.png,0.2244,63.92,0.02,70.91,6.76
ch2_ohr_ncp_20251009T1205142094_d_img_d18_x11520_y55680.png,0.2216,433.49,501.03,438.71,507.59
ch2_ohr_ncp_20251009T1205142094_d_img_d18_x11520_y55680.png,0.2194,413.97,488.42,421.24,497.42
ch2_ohr_ncp_20251009T1205142094_d_img_d18_x11520_y55680.png,0.2161,403.84,78.92,408.99,87.16
ch2_ohr_ncp_20251009T1205142094_d_img_d18_x11520_y55680.png,0.2158,401.43,476.84,407.91,485.68
ch2_ohr_ncp_20251009T1205142094_d_img_d18_x11520_y55680.png,0.213,254.95,364.29,270.86,386.82
ch2_ohr_ncp_20251009T1205142094_d_img_d18_x11520_y55680.png,0.2091,15.77,43.28,20.45,49.44
ch2_ohr_ncp_20251009T1205142094_d_img_d18_x11520_y55680.png,0.2068,80.63,95.3,86.02,101.37
ch2_ohr_ncp_20251009T1205142094_d_img_d18_x11520_y55680.png,0.2064,246.79,574.55,254.25,585.67
ch2_ohr_ncp_20251009T1205142094_d_img_d18_x11520_y55680.png,0.2053,366.83,369.39,381.65,390.71
ch2_ohr_ncp_20251009T1205142094_d_img_d18_x11520_y55680.png,0.2028,314.51,527.05,320.22,533.97
ch2_ohr_ncp_20251009T1205142094_d_img_d18_x11520_y55680.png,0.2018,433.64,92.17,451.26,109.75
ch2_ohr_ncp_20251009T1205142094_d_img_d18_x11520_y55680.png,0.2013,411.25,485.94,420.88,496.8
ch2_ohr_ncp_20251009T1205142094_d_img_d18_x11520_y56320.png,0.4312,141.14,476.76,157.36,505.82
ch2_ohr_ncp_20251009T1205142094_d_img_d18_x11520_y56320.png,0.3939,337.07,354.25,345.74,365.87
ch2_ohr_ncp_20251009T1205142094_d_img_d18_x11520_y56320.png,0.3842,39.11,627.6,47.95,638.84
ch2_ohr_ncp_20251009T1205142094_d_img_d18_x11520_y56320.png,0.3171,73.38,559.84,105.61,614.41
ch2_ohr_ncp_20251009T1205142094_d_img_d18_x11520_y56320.png,0.274,378.68,114.05,386.19,124.05
ch2_ohr_ncp_20251009T1205142094_d_img_d18_x11520_y56320.png,0.2683,42.72,80.13,48.79,86.08
ch2_ohr_ncp_20251009T1205142094_d_img_d18_x11520_y56320.png,0.2313,432.35,345.78,439.34,357.33
ch2_ohr_ncp_20251009T1205142094_d_img_d18_x11520_y56320.png,0.2032,380.85,355.43,386.27,361.38
ch2_ohr_ncp_20251009T1205142094_d_img_d18_x11520_y56960.png,0.579,212.87,6.82,228.83,42.73
ch2_ohr_ncp_20251009T1205142094_d_img_d18_x11520_y56960.png,0.4924,424.37,87.68,437.5,110.38
ch2_ohr_ncp_20251009T1205142094_d_img_d18_x11520_y56960.png,0.4461,284.26,368.75,290.82,380.57
ch2_ohr_ncp_20251009T1205142094_d_img_d18_x11520_y56960.png,0.4409,428.84,461.52,434.81,468.98
ch2_ohr_ncp_20251009T1205142094_d_img_d18_x11520_y56960.png,0.4281,445.03,476.96,459.01,498.06
ch2_ohr_ncp_20251009T1205142094_d_img_d18_x11520_y56960.png,0.4216,442.98,212.97,447.98,219.44
ch2_ohr_ncp_20251009T1205142094_d_img_d18_x11520_y56960.png,0.4046,348.72,311.57,360.66,332.08
ch2_ohr_ncp_20251009T1205142094_d_img_d18_x11520_y56960.png,0.3495,52.02,44.95,56.87,51.75
ch2_ohr_ncp_20251009T1205142094_d_img_d18_x11520_y56960.png,0.3272,443.33,213.86,448.18,220.44
ch2_ohr_ncp_20251009T1205142094_d_img_d18_x11520_y56960.png,0.3069,401.74,368.83,413.92,383.97
ch2_ohr_ncp_20251009T1205142094_d_img_d18_x11520_y56960.png,0.3019,214.06,6.43,231.11,31.41
ch2_ohr_ncp_20251009T1205142094_d_img_d18_x11520_y56960.png,0.3016,202.09,86.39,206.76,91.99
ch2_ohr_ncp_20251009T1205142094_d_img_d18_x11520_y56960.png,0.2906,371.11,180.85,379.56,192.65
ch2_ohr_ncp_20251009T1205142094_d_img_d18_x11520_y56960.png,0.2865,375.37,118.27,382.7,129.64
ch2_ohr_ncp_20251009T1205142094_d_img_d18_x11520_y56960.png,0.2861,321.35,342.73,327.76,351.57
ch2_ohr_ncp_20251009T1205142094_d_img_d18_x11520_y56960.png,0.2857,40.77,372.23,47.84,382.22
ch2_ohr_ncp_20251009T1205142094_d_img_d18_x11520_y56960.png,0.2722,396.37,237.17,409.24,260.76
ch2_ohr_ncp_20251009T1205142094_d_img_d18_x11520_y56960.png,0.2681,418.59,471.28,422.97,476.32
ch2_ohr_ncp_20251009T1205142094_d_img_d18_x11520_y56960.png,0.2658,175.69,274.84,184.09,285.23
ch2_ohr_ncp_20251009T1205142094_d_img_d18_x11520_y56960.png,0.2643,131.17,409.33,138.62,421.83
ch2_ohr_ncp_20251009T1205142094_d_img_d18_x11520_y56960.png,0.2517,398.19,237.54,407.92,253.4
ch2_ohr_ncp_20251009T1205142094_d_img_d18_x11520_y56960.png,0.2511,460.47,375.52,467.67,384.94
ch2_ohr_ncp_20251009T1205142094_d_img_d18_x11520_y56960.png,0.238,204.2,96.47,210.4,104.39
ch2_ohr_ncp_20251009T1205142094_d_img_d18_x11520_y56960.png,0.229,355.58,365.22,362.94,375.32
ch2_ohr_ncp_20251009T1205142094_d_img_d18_x11520_y56960.png,0.2253,445.72,414.6,451.62,422.34
ch2_ohr_ncp_20251009T1205142094_d_img_d18_x11520_y56960.png,0.2192,358.74,44.84,366.67,55.44
ch2_ohr_ncp_20251009T1205142094_d_img_d18_x11520_y56960.png,0.2018,357.04,263.52,362.94,272.18
ch2_ohr_ncp_20251009T1205142094_d_img_d18_x11520_y57600.png,0.5752,231.02,302.86,248.96,331.82
ch2_ohr_ncp_20251009T1205142094_d_img_d18_x11520_y57600.png,0.4324,178.08,607.6,212.6,638.97
ch2_ohr_ncp_20251009T1205142094_d_img_d18_x11520_y57600.png,0.4148,63.82,244.74,72.68,261.39
ch2_ohr_ncp_20251009T1205142094_d_img_d18_x11520_y57600.png,0.4121,430.14,226.32,441.66,244.79
ch2_ohr_ncp_20251009T1205142094_d_img_d18_x11520_y57600.png,0.4105,389.87,310.35,402.99,331.59
ch2_ohr_ncp_20251009T1205142094_d_img_d18_x11520_y57600.png,0.4094,74.66,405.0,81.99,415.23
ch2_ohr_ncp_20251009T1205142094_d_img_d18_x11520_y57600.png,0.4019,407.03,71.0,412.43,78.45
ch2_ohr_ncp_20251009T1205142094_d_img_d18_x11520_y57600.png,0.3974,181.34,57.34,194.08,82.02
ch2_ohr_ncp_20251009T1205142094_d_img_d18_x11520_y57600.png,0.3453,220.97,362.15,226.4,369.17
ch2_ohr_ncp_20251009T1205142094_d_img_d18_x11520_y57600.png,0.3384,445.82,308.88,451.03,315.19
ch2_ohr_ncp_20251009T1205142094_d_img_d18_x11520_y57600.png,0.3315,27.6,426.73,35.12,435.44
ch2_ohr_ncp_20251009T1205142094_d_img_d18_x11520_y57600.png,0.3298,59.78,105.9,66.76,116.32
ch2_ohr_ncp_20251009T1205142094_d_img_d18_x11520_y57600.png,0.3277,354.47,91.67,361.22,101.01
ch2_ohr_ncp_20251009T1205142094_d_img_d18_x11520_y57600.png,0.3223,138.93,181.04,149.31,198.02
ch2_ohr_ncp_20251009T1205142094_d_img_d18_x11520_y57600.png,0.3208,377.48,570.12,385.65,583.68
ch2_ohr_ncp_20251009T1205142094_d_img_d18_x11520_y57600.png,0.3161,409.11,60.46,416.13,69.42
ch2_ohr_ncp_20251009T1205142094_d_img_d18_x11520_y57600.png,0.314,291.22,272.27,305.07,292.28
ch2_ohr_ncp_20251009T1205142094_d_img_d18_x11520_y57600.png,0.3043,140.66,36.23,146.2,43.39
ch2_ohr_ncp_20251009T1205142094_d_img_d18_x11520_y57600.png,0.2917,271.34,84.24,279.87,96.07
ch2_ohr_ncp_20251009T1205142094_d_img_d18_x11520_y57600.png,0.2879,164.93,612.6,173.22,624.25
ch2_ohr_ncp_20251009T1205142094_d_img_d18_x11520_y57600.png,0.2873,374.89,330.74,384.81,350.7
ch2_ohr_ncp_20251009T1205142094_d_img_d18_x11520_y57600.png,0.2852,294.91,180.46,308.1,202.42
ch2_ohr_ncp_20251009T1205142094_d_img_d18_x11520_y57600.png,0.2723,22.82,53.78,34.31,65.77
ch2_ohr_ncp_20251009T1205142094_d_img_d18_x11520_y57600.png,0.2606,436.84,59.63,449.62,77.34
ch2_ohr_ncp_20251009T1205142094_d_img_d18_x11520_y57600.png,0.2553,310.35,6.54,333.41,57.44
ch2_ohr_ncp_20251009T1205142094_d_img_d18_x11520_y57600.png,0.2499,118.87,173.73,128.57,190.84
ch2_ohr_ncp_20251009T1205142094_d_img_d18_x11520_y57600.png,0.2395,126.15,157.79,134.94,167.08
ch2_ohr_ncp_20251009T1205142094_d_img_d18_x11520_y57600.png,0.2392,343.31,267.82,351.65,280.97
ch2_ohr_ncp_20251009T1205142094_d_img_d18_x11520_y57600.png,0.2335,325.17,527.26,343.8,554.66
ch2_ohr_ncp_20251009T1205142094_d_img_d18_x11520_y57600.png,0.2328,56.72,133.04,63.47,140.31
ch2_ohr_ncp_20251009T1205142094_d_img_d18_x11520_y57600.png,0.2305,207.43,62.29,218.02,73.97
ch2_ohr_ncp_20251009T1205142094_d_img_d18_x11520_y57600.png,0.2252,370.93,63.91,378.46,71.86
ch2_ohr_ncp_20251009T1205142094_d_img_d18_x11520_y57600.png,0.2208,420.62,575.28,425.88,581.83
ch2_ohr_ncp_20251009T1205142094_d_img_d18_x11520_y57600.png,0.2004,25.37,444.89,30.82,452.58
ch2_ohr_ncp_20251009T1205142094_d_img_d18_x11520_y58240.png,0.5233,461.05,109.32,480.05,144.42
ch2_ohr_ncp_20251009T1205142094_d_img_d18_x11520_y58240.png,0.5036,37.52,37.94,49.47,56.26
ch2_ohr_ncp_20251009T1205142094_d_img_d18_x11520_y58240.png,0.4581,314.5,627.7,328.4,640.0
ch2_ohr_ncp_20251009T1205142094_d_img_d18_x11520_y58240.png,0.4524,25.48,385.09,33.25,398.34
ch2_ohr_ncp_20251009T1205142094_d_img_d18_x11520_y58240.png,0.3774,186.28,0.02,202.75,19.26
ch2_ohr_ncp_20251009T1205142094_d_img_d18_x11520_y58240.png,0.3733,355.18,73.29,364.04,85.52
ch2_ohr_ncp_20251009T1205142094_d_img_d18_x11520_y58240.png,0.3605,273.37,57.13,281.77,72.72
ch2_ohr_ncp_20251009T1205142094_d_img_d18_x11520_y58240.png,0.359,22.07,339.9,40.23,368.8
ch2_ohr_ncp_20251009T1205142094_d_img_d18_x11520_y58240.png,0.3534,413.7,103.49,420.6,113.95
ch2_ohr_ncp_20251009T1205142094_d_img_d18_x11520_y58240.png,0.3433,336.46,363.96,343.2,373.16
ch2_ohr_ncp_20251009T1205142094_d_img_d18_x11520_y58240.png,0.3367,393.5,375.55,402.9,389.34
ch2_ohr_ncp_20251009T1205142094_d_img_d18_x11520_y58240.png,0.3238,430.88,203.52,437.33,210.45
ch2_ohr_ncp_20251009T1205142094_d_img_d18_x11520_y58240.png,0.3182,246.45,611.57,256.48,621.87
ch2_ohr_ncp_20251009T1205142094_d_img_d18_x11520_y58240.png,0.318,358.07,131.12,369.83,144.46
ch2_ohr_ncp_20251009T1205142094_d_img_d18_x11520_y58240.png,0.3141,91.36,73.32,98.7,81.68
ch2_ohr_ncp_20251009T1205142094_d_img_d18_x11520_y58240.png,0.3112,459.18,112.04,479.63,158.5
ch2_ohr_ncp_20251009T1205142094_d_img_d18_x11520_y58240.png,0.3101,229.04,607.83,239.27,620.58
ch2_ohr_ncp_20251009T1205142094_d_img_d18_x11520_y58240.png,0.3097,114.23,307.01,128.57,336.82
ch2_ohr_ncp_20251009T1205142094_d_img_d18_x11520_y58240.png,0.3058,357.37,375.53,369.22,388.72
ch2_ohr_ncp_20251009T1205142094_d_img_d18_x11520_y58240.png,0.305,361.93,220.8,384.48,257.84
ch2_ohr_ncp_20251009T1205142094_d_img_d18_x11520_y58240.png,0.3033,26.41,34.46,33.15,44.34
ch2_ohr_ncp_20251009T1205142094_d_img_d18_x11520_y58240.png,0.2774,356.24,330.76,363.41,339.85
ch2_ohr_ncp_20251009T1205142094_d_img_d18_x11520_y58240.png,0.2769,328.78,447.08,341.23,464.38
ch2_ohr_ncp_20251009T1205142094_d_img_d18_x11520_y58240.png,0.2751,225.78,48.78,232.94,57.52
ch2_ohr_ncp_20251009T1205142094_d_img_d18_x11520_y58240.png,0.2746,425.26,40.97,434.8,57.42
ch2_ohr_ncp_20251009T1205142094_d_img_d18_x11520_y58240.png,0.2734,342.08,410.9,349.0,421.05
ch2_ohr_ncp_20251009T1205142094_d_img_d18_x11520_y58240.png,0.2718,173.08,479.21,179.09,486.23
ch2_ohr_ncp_20251009T1205142094_d_img_d18_x11520_y58240.png,0.2577,233.92,234.68,240.34,244.15
ch2_ohr_ncp_20251009T1205142094_d_img_d18_x11520_y58240.png,0.2559,376.04,575.71,386.92,593.44
ch2_ohr_ncp_20251009T1205142094_d_img_d18_x11520_y58240.png,0.2518,441.62,296.43,448.77,306.19
ch2_ohr_ncp_20251009T1205142094_d_img_d18_x11520_y58240.png,0.2416,422.92,556.47,429.38,565.39
ch2_ohr_ncp_20251009T1205142094_d_img_d18_x11520_y58240.png,0.2402,69.43,337.17,81.37,363.48
ch2_ohr_ncp_20251009T1205142094_d_img_d18_x11520_y58240.png,0.235,229.53,632.46,236.17,639.26
ch2_ohr_ncp_20251009T1205142094_d_img_d18_x11520_y58240.png,0.2302,0.22,52.68,4.83,64.96
ch2_ohr_ncp_20251009T1205142094_d_img_d18_x11520_y58240.png,0.2263,245.27,184.66,252.89,197.0
ch2_ohr_ncp_20251009T1205142094_d_img_d18_x11520_y58240.png,0.2244,5.1,295.96,9.81,301.36
ch2_ohr_ncp_20251009T1205142094_d_img_d18_x11520_y58240.png,0.2187,403.6,107.4,409.76,117.3
ch2_ohr_ncp_20251009T1205142094_d_img_d18_x11520_y58240.png,0.2163,60.31,487.82,74.16,508.82
ch2_ohr_ncp_20251009T1205142094_d_img_d18_x11520_y58240.png,0.2128,216.13,36.66,222.72,44.36
ch2_ohr_ncp_20251009T1205142094_d_img_d18_x11520_y58240.png,0.212,370.09,405.22,379.56,414.94
ch2_ohr_ncp_20251009T1205142094_d_img_d18_x11520_y58240.png,0.2076,416.42,178.62,422.51,186.75
ch2_ohr_ncp_20251009T1205142094_d_img_d18_x11520_y58240.png,0.2055,0.0,414.79,6.65,436.4
ch2_ohr_ncp_20251009T1205142094_d_img_d18_x11520_y58240.png,0.2045,464.19,514.27,471.9,524.68
ch2_ohr_ncp_20251009T1205142094_d_img_d18_x11520_y58240.png,0.2038,263.31,122.42,269.43,131.32
ch2_ohr_ncp_20251009T1205142094_d_img_d18_x11520_y58880.png,0.3039,427.51,407.31,433.81,414.96
ch2_ohr_ncp_20251009T1205142094_d_img_d18_x11520_y58880.png,0.2802,189.55,94.68,209.24,127.0
ch2_ohr_ncp_20251009T1205142094_d_img_d18_x11520_y58880.png,0.2643,411.52,169.86,417.39,176.78
ch2_ohr_ncp_20251009T1205142094_d_img_d18_x11520_y58880.png,0.2417,369.46,318.18,375.87,325.58
ch2_ohr_ncp_20251009T1205142094_d_img_d18_x11520_y58880.png,0.2342,233.88,47.72,239.67,55.26
ch2_ohr_ncp_20251009T1205142094_d_img_d18_x11520_y58880.png,0.2276,303.29,68.85,312.64,81.13
ch2_ohr_ncp_20251009T1205142094_d_img_d18_x11520_y58880.png,0.221,107.78,338.67,121.29,359.13
ch2_ohr_ncp_20251009T1205142094_d_img_d18_x11520_y58880.png,0.2176,243.29,19.02,249.84,28.47
ch2_ohr_ncp_20251009T1205142094_d_img_d18_x11520_y59520.png,0.2951,355.6,558.99,370.01,578.1
ch2_ohr_ncp_20251009T1205142094_d_img_d18_x11520_y59520.png,0.2386,385.82,556.18,400.46,582.35
ch2_ohr_ncp_20251009T1205142094_d_img_d18_x11520_y59520.png,0.2122,347.81,267.24,356.23,279.55
ch2_ohr_ncp_20251009T1205142094_d_img_d18_x11520_y59520.png,0.2048,243.3,269.26,258.43,290.08
ch2_ohr_ncp_20251009T1205142094_d_img_d18_x11520_y60160.png,0.5223,263.95,325.37,270.1,333.46
ch2_ohr_ncp_20251009T1205142094_d_img_d18_x11520_y60160.png,0.4496,417.67,377.87,425.06,390.12
ch2_ohr_ncp_20251009T1205142094_d_img_d18_x11520_y60160.png,0.449,433.72,459.46,441.5,471.52
ch2_ohr_ncp_20251009T1205142094_d_img_d18_x11520_y60160.png,0.4451,417.62,629.74,425.73,638.58
ch2_ohr_ncp_20251009T1205142094_d_img_d18_x11520_y60160.png,0.4333,331.39,33.48,340.48,48.17
ch2_ohr_ncp_20251009T1205142094_d_img_d18_x11520_y60160.png,0.425,447.31,617.15,458.31,629.95
ch2_ohr_ncp_20251009T1205142094_d_img_d18_x11520_y60160.png,0.3511,175.59,60.72,184.0,71.57
ch2_ohr_ncp_20251009T1205142094_d_img_d18_x11520_y60160.png,0.3259,2.69,173.59,9.91,183.57
ch2_ohr_ncp_20251009T1205142094_d_img_d18_x11520_y60160.png,0.3136,178.22,277.13,189.8,299.92
ch2_ohr_ncp_20251009T1205142094_d_img_d18_x11520_y60160.png,0.3111,179.64,276.69,190.25,295.59
ch2_ohr_ncp_20251009T1205142094_d_img_d18_x11520_y60160.png,0.2972,296.17,241.1,304.94,253.9
ch2_ohr_ncp_20251009T1205142094_d_img_d18_x11520_y60160.png,0.2955,201.3,467.55,207.8,476.36
ch2_ohr_ncp_20251009T1205142094_d_img_d18_x11520_y60160.png,0.2867,74.78,99.77,79.85,104.95
ch2_ohr_ncp_20251009T1205142094_d_img_d18_x11520_y60160.png,0.2762,157.61,290.73,172.0,317.64
ch2_ohr_ncp_20251009T1205142094_d_img_d18_x11520_y60160.png,0.2735,233.34,581.23,238.8,589.27
ch2_ohr_ncp_20251009T1205142094_d_img_d18_x11520_y60160.png,0.2711,418.51,628.7,427.27,639.1
ch2_ohr_ncp_20251009T1205142094_d_img_d18_x11520_y60160.png,0.2697,0.0,142.91,9.1,166.8
ch2_ohr_ncp_20251009T1205142094_d_img_d18_x11520_y60160.png,0.2679,239.02,614.97,245.63,623.65
ch2_ohr_ncp_20251009T1205142094_d_img_d18_x11520_y60160.png,0.2617,80.4,559.51,87.56,569.53
ch2_ohr_ncp_20251009T1205142094_d_img_d18_x11520_y60160.png,0.2477,450.15,357.27,455.93,364.99
ch2_ohr_ncp_20251009T1205142094_d_img_d18_x11520_y60160.png,0.2414,264.0,610.54,270.37,619.68
ch2_ohr_ncp_20251009T1205142094_d_img_d18_x11520_y60160.png,0.2403,38.86,335.87,55.67,361.92
ch2_ohr_ncp_20251009T1205142094_d_img_d18_x11520_y60160.png,0.2342,315.06,454.28,320.7,461.46
ch2_ohr_ncp_20251009T1205142094_d_img_d18_x11520_y60160.png,0.2215,97.82,570.89,105.01,580.66
ch2_ohr_ncp_20251009T1205142094_d_img_d18_x11520_y60160.png,0.2124,397.88,616.59,407.51,633.59
ch2_ohr_ncp_20251009T1205142094_d_img_d18_x11520_y60160.png,0.2123,338.17,631.47,345.51,639.69
ch2_ohr_ncp_20251009T1205142094_d_img_d18_x11520_y60160.png,0.2099,251.83,411.2,257.0,417.56
ch2_ohr_ncp_20251009T1205142094_d_img_d18_x11520_y60160.png,0.2052,45.03,395.01,50.53,401.8
ch2_ohr_ncp_20251009T1205142094_d_img_d18_x11520_y60160.png,0.2032,26.01,127.75,36.08,145.56
ch2_ohr_ncp_20251009T1205142094_d_img_d18_x11520_y60160.png,0.2026,182.66,257.09,193.17,268.33
ch2_ohr_ncp_20251009T1205142094_d_img_d18_x11520_y60160.png,0.2025,179.53,276.05,190.16,288.74
ch2_ohr_ncp_20251009T1205142094_d_img_d18_x11520_y60160.png,0.2003,274.58,622.15,279.66,627.54
ch2_ohr_ncp_20251009T1205142094_d_img_d18_x11520_y60160.png,0.2002,154.11,74.09,159.45,80.48
ch2_ohr_ncp_20251009T1205142094_d_img_d18_x11520_y60800.png,0.4004,39.43,490.1,49.9,502.68
ch2_ohr_ncp_20251009T1205142094_d_img_d18_x11520_y60800.png,0.3784,33.39,34.83,41.39,46.35
ch2_ohr_ncp_20251009T1205142094_d_img_d18_x11520_y60800.png,0.3175,65.41,617.38,70.43,624.87
ch2_ohr_ncp_20251009T1205142094_d_img_d18_x11520_y60800.png,0.3005,72.15,319.68,80.54,331.46
ch2_ohr_ncp_20251009T1205142094_d_img_d18_x11520_y60800.png,0.2801,420.05,585.5,437.95,612.76
ch2_ohr_ncp_20251009T1205142094_d_img_d18_x11520_y60800.png,0.28,187.18,0.0,200.53,10.03
ch2_ohr_ncp_20251009T1205142094_d_img_d18_x11520_y60800.png,0.2647,375.22,138.46,382.96,151.47
ch2_ohr_ncp_20251009T1205142094_d_img_d18_x11520_y60800.png,0.2582,80.01,579.31,98.64,607.27
ch2_ohr_ncp_20251009T1205142094_d_img_d18_x11520_y60800.png,0.2435,456.72,451.57,474.39,479.07
ch2_ohr_ncp_20251009T1205142094_d_img_d18_x11520_y60800.png,0.2382,108.15,517.95,116.89,532.94
ch2_ohr_ncp_20251009T1205142094_d_img_d18_x11520_y60800.png,0.2368,110.8,187.6,121.72,201.29
ch2_ohr_ncp_20251009T1205142094_d_img_d18_x11520_y60800.png,0.2274,149.4,75.92,182.89,129.78
ch2_ohr_ncp_20251009T1205142094_d_img_d18_x11520_y60800.png,0.2242,57.66,30.46,63.96,39.15
ch2_ohr_ncp_20251009T1205142094_d_img_d18_x11520_y60800.png,0.2153,171.64,597.22,194.6,626.92
ch2_ohr_ncp_20251009T1205142094_d_img_d18_x11520_y60800.png,0.2076,233.79,303.08,242.76,314.29
ch2_ohr_ncp_20251009T1205142094_d_img_d18_x11520_y61440.png,0.5445,76.51,412.83,82.68,421.39
ch2_ohr_ncp_20251009T1205142094_d_img_d18_x11520_y61440.png,0.4972,433.15,343.21,456.51,386.13
ch2_ohr_ncp_20251009T1205142094_d_img_d18_x11520_y61440.png,0.4936,415.0,363.33,424.84,380.73
ch2_ohr_ncp_20251009T1205142094_d_img_d18_x11520_y61440.png,0.4791,252.71,610.13,261.04,621.85
ch2_ohr_ncp_20251009T1205142094_d_img_d18_x11520_y61440.png,0.437,436.05,344.84,455.76,369.81
ch2_ohr_ncp_20251009T1205142094_d_img_d18_x11520_y61440.png,0.423,73.4,472.17,80.11,480.48
ch2_ohr_ncp_20251009T1205142094_d_img_d18_x11520_y61440.png,0.3851,258.52,372.66,275.26,398.43
ch2_ohr_ncp_20251009T1205142094_d_img_d18_x11520_y61440.png,0.383,11.7,617.49,18.65,625.58
ch2_ohr_ncp_20251009T1205142094_d_img_d18_x11520_y61440.png,0.3595,77.97,533.8,85.43,543.73
ch2_ohr_ncp_20251009T1205142094_d_img_d18_x11520_y61440.png,0.3571,389.9,346.18,397.87,359.98
ch2_ohr_ncp_20251009T1205142094_d_img_d18_x11520_y61440.png,0.3549,23.92,472.8,31.94,482.84
ch2_ohr_ncp_20251009T1205142094_d_img_d18_x11520_y61440.png,0.3482,99.95,514.97,105.95,522.71
ch2_ohr_ncp_20251009T1205142094_d_img_d18_x11520_y61440.png,0.3444,0.03,171.42,7.36,180.91
ch2_ohr_ncp_20251009T1205142094_d_img_d18_x11520_y61440.png,0.31,102.75,443.11,110.99,453.88
ch2_ohr_ncp_20251009T1205142094_d_img_d18_x11520_y61440.png,0.3075,12.26,616.43,19.79,625.29
ch2_ohr_ncp_20251009T1205142094_d_img_d18_x11520_y61440.png,0.2962,222.6,435.67,231.02,447.96
ch2_ohr_ncp_20251009T1205142094_d_img_d18_x11520_y61440.png,0.2863,305.45,377.65,314.19,390.01
ch2_ohr_ncp_20251009T1205142094_d_img_d18_x11520_y61440.png,0.2797,118.41,168.4,131.38,193.32
ch2_ohr_ncp_20251009T1205142094_d_img_d18_x11520_y61440.png,0.2684,162.66,211.83,168.3,218.56
ch2_ohr_ncp_20251009T1205142094_d_img_d18_x11520_y61440.png,0.2562,9.85,631.67,15.05,638.11
ch2_ohr_ncp_20251009T1205142094_d_img_d18_x11520_y61440.png,0.2454,78.33,261.25,87.4,275.39
ch2_ohr_ncp_20251009T1205142094_d_img_d18_x11520_y61440.png,0.2205,458.39,415.51,466.75,430.1
ch2_ohr_ncp_20251009T1205142094_d_img_d18_x11520_y61440.png,0.2045,5.66,91.53,9.94,97.01
ch2_ohr_ncp_20251009T1205142094_d_img_d18_x11520_y61440.png,0.2032,75.7,19.24,82.78,26.65
ch2_ohr_ncp_20251009T1205142094_d_img_d18_x11520_y62080.png,0.5015,257.57,233.02,265.56,248.1
ch2_ohr_ncp_20251009T1205142094_d_img_d18_x11520_y62080.png,0.4725,53.67,395.13,65.95,415.05
ch2_ohr_ncp_20251009T1205142094_d_img_d18_x11520_y62080.png,0.4333,131.64,73.71,137.69,81.98
ch2_ohr_ncp_20251009T1205142094_d_img_d18_x11520_y62080.png,0.4297,262.57,42.63,273.18,64.28
ch2_ohr_ncp_20251009T1205142094_d_img_d18_x11520_y62080.png,0.4162,120.07,80.67,128.49,91.34
ch2_ohr_ncp_20251009T1205142094_d_img_d18_x11520_y62080.png,0.3901,204.57,101.74,213.2,111.25
ch2_ohr_ncp_20251009T1205142094_d_img_d18_x11520_y62080.png,0.3857,138.0,411.36,143.92,418.62
ch2_ohr_ncp_20251009T1205142094_d_img_d18_x11520_y62080.png,0.3829,161.46,486.91,169.38,496.95
ch2_ohr_ncp_20251009T1205142094_d_img_d18_x11520_y62080.png,0.3788,252.5,254.03,274.27,281.95
ch2_ohr_ncp_20251009T1205142094_d_img_d18_x11520_y62080.png,0.3709,284.44,349.9,289.11,356.09
ch2_ohr_ncp_20251009T1205142094_d_img_d18_x11520_y62080.png,0.3653,172.78,248.47,179.71,256.84
ch2_ohr_ncp_20251009T1205142094_d_img_d18_x11520_y62080.png,0.3374,63.55,306.26,73.18,319.32
ch2_ohr_ncp_20251009T1205142094_d_img_d18_x11520_y62080.png,0.3296,381.5,91.97,389.87,108.11
ch2_ohr_ncp_20251009T1205142094_d_img_d18_x11520_y62080.png,0.3148,31.09,608.3,39.0,622.91
ch2_ohr_ncp_20251009T1205142094_d_img_d18_x11520_y62080.png,0.3086,276.73,10.86,286.94,26.76
ch2_ohr_ncp_20251009T1205142094_d_img_d18_x11520_y62080.png,0.307,470.82,9.9,479.12,22.47
ch2_ohr_ncp_20251009T1205142094_d_img_d18_x11520_y62080.png,0.2763,275.39,408.09,284.36,417.26
ch2_ohr_ncp_20251009T1205142094_d_img_d18_x11520_y62080.png,0.271,283.12,87.18,300.42,112.66
ch2_ohr_ncp_20251009T1205142094_d_img_d18_x11520_y62080.png,0.2631,31.15,57.45,39.03,68.84
ch2_ohr_ncp_20251009T1205142094_d_img_d18_x11520_y62080.png,0.2608,157.28,211.25,162.83,217.81
ch2_ohr_ncp_20251009T1205142094_d_img_d18_x11520_y62080.png,0.253,126.63,119.09,133.34,128.06
ch2_ohr_ncp_20251009T1205142094_d_img_d18_x11520_y62080.png,0.242,418.42,61.52,423.94,68.24
ch2_ohr_ncp_20251009T1205142094_d_img_d18_x11520_y62080.png,0.2403,0.79,0.59,8.41,20.85
ch2_ohr_ncp_20251009T1205142094_d_img_d18_x11520_y62080.png,0.2319,230.67,438.09,239.08,449.25
ch2_ohr_ncp_20251009T1205142094_d_img_d18_x11520_y62080.png,0.23,391.82,186.63,401.05,198.88
ch2_ohr_ncp_20251009T1205142094_d_img_d18_x11520_y62080.png,0.2256,127.29,15.44,133.31,22.43
ch2_ohr_ncp_20251009T1205142094_d_img_d18_x11520_y62080.png,0.2093,161.74,258.11,169.72,266.6
ch2_ohr_ncp_20251009T1205142094_d_img_d18_x11520_y62080.png,0.2019,17.36,12.97,25.73,22.49
ch2_ohr_ncp_20251009T1205142094_d_img_d18_x11520_y62720.png,0.5321,415.8,494.05,422.28,505.68
ch2_ohr_ncp_20251009T1205142094_d_img_d18_x11520_y62720.png,0.4884,136.44,138.2,146.31,153.61
ch2_ohr_ncp_20251009T1205142094_d_img_d18_x11520_y62720.png,0.4881,77.72,73.52,85.12,80.49
ch2_ohr_ncp_20251009T1205142094_d_img_d18_x11520_y62720.png,0.4872,183.5,281.92,194.15,299.37
ch2_ohr_ncp_20251009T1205142094_d_img_d18_x11520_y62720.png,0.4794,98.42,427.79,106.78,439.72
ch2_ohr_ncp_20251009T1205142094_d_img_d18_x11520_y62720.png,0.4587,353.97,163.44,361.71,172.41
ch2_ohr_ncp_20251009T1205142094_d_img_d18_x11520_y62720.png,0.4577,112.06,0.0,120.47,10.6
ch2_ohr_ncp_20251009T1205142094_d_img_d18_x11520_y62720.png,0.4523,469.82,616.28,477.04,626.65
ch2_ohr_ncp_20251009T1205142094_d_img_d18_x11520_y62720.png,0.451,164.36,154.28,170.4,161.38
ch2_ohr_ncp_20251009T1205142094_d_img_d18_x11520_y62720.png,0.4397,269.45,496.01,278.84,511.19
ch2_ohr_ncp_20251009T1205142094_d_img_d18_x11520_y62720.png,0.4332,75.56,101.56,81.97,109.32
ch2_ohr_ncp_20251009T1205142094_d_img_d18_x11520_y62720.png,0.4181,423.83,60.73,440.14,86.73
ch2_ohr_ncp_20251009T1205142094_d_img_d18_x11520_y62720.png,0.4104,28.31,490.06,35.5,498.75
ch2_ohr_ncp_20251009T1205142094_d_img_d18_x11520_y62720.png,0.4089,235.31,325.46,242.96,334.86
ch2_ohr_ncp_20251009T1205142094_d_img_d18_x11520_y62720.png,0.3983,28.99,258.42,40.7,271.07
ch2_ohr_ncp_20251009T1205142094_d_img_d18_x11520_y62720.png,0.3964,451.99,490.09,458.52,499.82
ch2_ohr_ncp_20251009T1205142094_d_img_d18_x11520_y62720.png,0.3929,393.85,608.26,403.22,617.07
ch2_ohr_ncp_20251009T1205142094_d_img_d18_x11520_y62720.png,0.3837,97.04,54.87,103.9,65.26
ch2_ohr_ncp_20251009T1205142094_d_img_d18_x11520_y62720.png,0.3788,12.48,258.6,23.16,278.18
ch2_ohr_ncp_20251009T1205142094_d_img_d18_x11520_y62720.png,0.3758,220.34,459.1,230.42,471.35
ch2_ohr_ncp_20251009T1205142094_d_img_d18_x11520_y62720.png,0.352,51.0,565.86,59.78,575.8
ch2_ohr_ncp_20251009T1205142094_d_img_d18_x11520_y62720.png,0.3454,66.86,110.55,75.43,124.71
ch2_ohr_ncp_20251009T1205142094_d_img_d18_x11520_y62720.png,0.3233,194.84,315.09,201.94,325.14
ch2_ohr_ncp_20251009T1205142094_d_img_d18_x11520_y62720.png,0.3051,115.96,60.21,121.93,68.55
ch2_ohr_ncp_20251009T1205142094_d_img_d18_x11520_y62720.png,0.3016,362.45,142.8,375.01,162.36
ch2_ohr_ncp_20251009T1205142094_d_img_d18_x11520_y62720.png,0.3002,343.4,522.25,349.99,529.56
ch2_ohr_ncp_20251009T1205142094_d_img_d18_x11520_y62720.png,0.2865,179.36,255.36,185.0,262.1
ch2_ohr_ncp_20251009T1205142094_d_img_d18_x11520_y62720.png,0.2861,185.09,370.19,190.42,376.61
ch2_ohr_ncp_20251009T1205142094_d_img_d18_x11520_y62720.png,0.2836,114.84,145.95,123.09,159.2
ch2_ohr_ncp_20251009T1205142094_d_img_d18_x11520_y62720.png,0.2739,280.51,555.89,297.94,585.18
ch2_ohr_ncp_20251009T1205142094_d_img_d18_x11520_y62720.png,0.2655,269.28,545.85,275.32,552.06
ch2_ohr_ncp_20251009T1205142094_d_img_d18_x11520_y62720.png,0.2575,226.4,100.75,233.17,109.89
ch2_ohr_ncp_20251009T1205142094_d_img_d18_x11520_y62720.png,0.2484,414.6,162.79,432.67,184.04
ch2_ohr_ncp_20251009T1205142094_d_img_d18_x11520_y62720.png,0.2316,237.88,621.67,243.71,629.08
ch2_ohr_ncp_20251009T1205142094_d_img_d18_x11520_y62720.png,0.2132,335.62,140.93,340.51,147.39
ch2_ohr_ncp_20251009T1205142094_d_img_d18_x11520_y62720.png,0.2097,389.1,266.68,397.88,277.37
ch2_ohr_ncp_20251009T1205142094_d_img_d18_x11520_y62720.png,0.2094,332.64,513.03,338.52,521.01
ch2_ohr_ncp_20251009T1205142094_d_img_d18_x11520_y62720.png,0.2086,74.5,102.24,80.99,109.62
ch2_ohr_ncp_20251009T1205142094_d_img_d18_x11520_y62720.png,0.2072,149.46,21.42,153.96,27.95
ch2_ohr_ncp_20251009T1205142094_d_img_d18_x11520_y62720.png,0.2057,9.57,224.94,15.07,230.97
ch2_ohr_ncp_20251009T1205142094_d_img_d18_x11520_y62720.png,0.2045,120.75,470.74,126.49,479.63
ch2_ohr_ncp_20251009T1205142094_d_img_d18_x11520_y63360.png,0.6417,325.69,380.76,335.54,397.73
ch2_ohr_ncp_20251009T1205142094_d_img_d18_x11520_y63360.png,0.6011,374.77,4.62,383.32,18.27
ch2_ohr_ncp_20251009T1205142094_d_img_d18_x11520_y63360.png,0.5602,429.35,160.5,437.19,170.83
ch2_ohr_ncp_20251009T1205142094_d_img_d18_x11520_y63360.png,0.5318,178.3,90.72,192.25,119.28
ch2_ohr_ncp_20251009T1205142094_d_img_d18_x11520_y63360.png,0.4842,362.72,616.31,369.4,626.28
ch2_ohr_ncp_20251009T1205142094_d_img_d18_x11520_y63360.png,0.4771,307.8,202.45,315.35,212.8
ch2_ohr_ncp_20251009T1205142094_d_img_d18_x11520_y63360.png,0.4679,371.14,235.22,377.64,244.49
ch2_ohr_ncp_20251009T1205142094_d_img_d18_x11520_y63360.png,0.4367,254.79,597.1,264.5,609.82
ch2_ohr_ncp_20251009T1205142094_d_img_d18_x11520_y63360.png,0.4317,413.64,25.85,419.79,35.21
ch2_ohr_ncp_20251009T1205142094_d_img_d18_x11520_y63360.png,0.4191,329.57,613.19,338.34,629.07
ch2_ohr_ncp_20251009T1205142094_d_img_d18_x11520_y63360.png,0.4146,4.24,123.89,10.01,131.47
ch2_ohr_ncp_20251009T1205142094_d_img_d18_x11520_y63360.png,0.343,195.86,460.88,202.72,472.6
ch2_ohr_ncp_20251009T1205142094_d_img_d18_x11520_y63360.png,0.3148,370.56,110.69,375.9,117.12
ch2_ohr_ncp_20251009T1205142094_d_img_d18_x11520_y63360.png,0.305,102.22,424.75,115.24,447.63
ch2_ohr_ncp_20251009T1205142094_d_img_d18_x11520_y63360.png,0.2889,211.02,284.61,217.08,293.65
ch2_ohr_ncp_20251009T1205142094_d_img_d18_x11520_y63360.png,0.2618,242.8,602.22,249.74,611.62
ch2_ohr_ncp_20251009T1205142094_d_img_d18_x11520_y63360.png,0.2435,420.72,410.43,428.24,417.79
ch2_ohr_ncp_20251009T1205142094_d_img_d18_x11520_y63360.png,0.242,5.05,123.59,10.95,131.73
ch2_ohr_ncp_20251009T1205142094_d_img_d18_x11520_y63360.png,0.2419,12.02,0.75,16.62,5.8
ch2_ohr_ncp_20251009T1205142094_d_img_d18_x11520_y63360.png,0.2314,179.82,237.28,186.4,247.02
ch2_ohr_ncp_20251009T1205142094_d_img_d18_x11520_y63360.png,0.2141,11.7,509.18,21.97,525.22
ch2_ohr_ncp_20251009T1205142094_d_img_d18_x11520_y63360.png,0.2093,362.98,338.33,368.32,346.16
ch2_ohr_ncp_20251009T1205142094_d_img_d18_x11520_y63360.png,0.2054,31.33,377.1,40.27,394.84
ch2_ohr_ncp_20251009T1205142094_d_img_d18_x11520_y64000.png,0.7607,388.19,614.52,401.49,631.8
ch2_ohr_ncp_20251009T1205142094_d_img_d18_x11520_y64000.png,0.4836,323.77,619.23,330.59,632.27
ch2_ohr_ncp_20251009T1205142094_d_img_d18_x11520_y64000.png,0.4797,366.27,309.81,376.29,327.18
ch2_ohr_ncp_20251009T1205142094_d_img_d18_x11520_y64000.png,0.4609,225.1,473.79,236.75,492.44
ch2_ohr_ncp_20251009T1205142094_d_img_d18_x11520_y64000.png,0.4398,203.02,68.88,210.31,79.14
ch2_ohr_ncp_20251009T1205142094_d_img_d18_x11520_y64000.png,0.4389,431.77,585.8,439.99,596.56
ch2_ohr_ncp_20251009T1205142094_d_img_d18_x11520_y64000.png,0.4215,208.31,504.11,215.43,511.64
ch2_ohr_ncp_20251009T1205142094_d_img_d18_x11520_y64000.png,0.4191,401.8,153.48,410.48,164.88
ch2_ohr_ncp_20251009T1205142094_d_img_d18_x11520_y64000.png,0.418,330.44,523.55,337.07,532.9
ch2_ohr_ncp_20251009T1205142094_d_img_d18_x11520_y64000.png,0.4114,283.97,421.64,291.33,432.19
ch2_ohr_ncp_20251009T1205142094_d_img_d18_x11520_y64000.png,0.4097,78.57,271.02,86.41,282.19
ch2_ohr_ncp_20251009T1205142094_d_img_d18_x11520_y64000.png,0.3849,425.87,419.31,433.56,430.55
ch2_ohr_ncp_20251009T1205142094_d_img_d18_x11520_y64000.png,0.3606,410.16,85.48,421.34,103.06
ch2_ohr_ncp_20251009T1205142094_d_img_d18_x11520_y64000.png,0.3602,229.22,634.06,236.87,639.7
ch2_ohr_ncp_20251009T1205142094_d_img_d18_x11520_y64000.png,0.3535,313.6,260.14,319.45,269.62
ch2_ohr_ncp_20251009T1205142094_d_img_d18_x11520_y64000.png,0.3358,244.07,475.82,250.49,483.61
ch2_ohr_ncp_20251009T1205142094_d_img_d18_x11520_y64000.png,0.3241,39.33,626.95,44.61,637.58
ch2_ohr_ncp_20251009T1205142094_d_img_d18_x11520_y64000.png,0.311,454.72,169.8,466.62,184.88
ch2_ohr_ncp_20251009T1205142094_d_img_d18_x11520_y64000.png,0.293,423.5,148.71,431.78,159.32
ch2_ohr_ncp_20251009T1205142094_d_img_d18_x11520_y64000.png,0.276,27.67,532.34,38.3,552.93
ch2_ohr_ncp_20251009T1205142094_d_img_d18_x11520_y64000.png,0.2676,345.99,72.64,360.15,93.48
ch2_ohr_ncp_20251009T1205142094_d_img_d18_x11520_y64000.png,0.2643,454.58,402.74,461.9,412.97
ch2_ohr_ncp_20251009T1205142094_d_img_d18_x11520_y64000.png,0.2592,53.43,26.73,59.98,36.17
ch2_ohr_ncp_20251009T1205142094_d_img_d18_x11520_y64000.png,0.2572,295.37,477.73,303.76,487.25
ch2_ohr_ncp_20251009T1205142094_d_img_d18_x11520_y64000.png,0.2429,466.91,287.04,477.39,301.99
ch2_ohr_ncp_20251009T1205142094_d_img_d18_x11520_y64000.png,0.2314,39.05,392.88,46.95,402.46
ch2_ohr_ncp_20251009T1205142094_d_img_d18_x11520_y64000.png,0.2279,200.51,277.71,207.86,287.68
ch2_ohr_ncp_20251009T1205142094_d_img_d18_x11520_y64000.png,0.2179,467.32,0.0,479.83,33.92
ch2_ohr_ncp_20251009T1205142094_d_img_d18_x11520_y64000.png,0.2095,198.91,501.56,204.78,509.74
ch2_ohr_ncp_20251009T1205142094_d_img_d18_x11520_y64000.png,0.2082,11.7,634.49,16.92,639.42
ch2_ohr_ncp_20251009T1205142094_d_img_d18_x11520_y64000.png,0.2047,279.27,130.03,308.11,172.3
ch2_ohr_ncp_20251009T1205142094_d_img_d18_x11520_y64000.png,0.203,92.84,243.83,103.44,259.25
ch2_ohr_ncp_20251009T1205142094_d_img_d18_x11520_y64000.png,0.2023,427.01,218.83,441.06,236.69
ch2_ohr_ncp_20251009T1205142094_d_img_d18_x11520_y64000.png,0.2012,6.48,477.41,14.84,487.17
ch2_ohr_ncp_20251009T1205142094_d_img_d18_x11520_y64640.png,0.5109,221.9,73.24,232.65,90.7
ch2_ohr_ncp_20251009T1205142094_d_img_d18_x11520_y64640.png,0.4348,188.73,604.18,195.13,613.64
ch2_ohr_ncp_20251009T1205142094_d_img_d18_x11520_y64640.png,0.4085,357.35,409.97,365.96,420.63
ch2_ohr_ncp_20251009T1205142094_d_img_d18_x11520_y64640.png,0.3762,394.65,498.41,402.44,509.71
ch2_ohr_ncp_20251009T1205142094_d_img_d18_x11520_y64640.png,0.351,323.03,491.04,329.17,499.18
ch2_ohr_ncp_20251009T1205142094_d_img_d18_x11520_y64640.png,0.3381,18.73,113.34,25.98,125.04
ch2_ohr_ncp_20251009T1205142094_d_img_d18_x11520_y64640.png,0.3221,28.46,63.48,34.66,70.68
ch2_ohr_ncp_20251009T1205142094_d_img_d18_x11520_y64640.png,0.3164,195.12,468.94,204.36,480.56
ch2_ohr_ncp_20251009T1205142094_d_img_d18_x11520_y64640.png,0.2863,186.22,623.86,193.29,634.0
ch2_ohr_ncp_20251009T1205142094_d_img_d18_x11520_y64640.png,0.2567,260.97,348.57,267.84,361.19
ch2_ohr_ncp_20251009T1205142094_d_img_d18_x11520_y64640.png,0.2455,370.19,630.57,376.21,638.57
ch2_ohr_ncp_20251009T1205142094_d_img_d18_x11520_y64640.png,0.2408,35.21,15.96,43.07,29.01
ch2_ohr_ncp_20251009T1205142094_d_img_d18_x11520_y64640.png,0.24,432.13,505.12,443.27,516.02
ch2_ohr_ncp_20251009T1205142094_d_img_d18_x11520_y64640.png,0.2311,0.01,319.89,4.46,329.26
ch2_ohr_ncp_20251009T1205142094_d_img_d18_x11520_y64640.png,0.2217,56.78,307.23,65.73,318.75
ch2_ohr_ncp_20251009T1205142094_d_img_d18_x11520_y64640.png,0.2198,83.35,208.66,92.73,216.82
ch2_ohr_ncp_20251009T1205142094_d_img_d18_x11520_y64640.png,0.207,361.08,451.91,379.69,476.32
ch2_ohr_ncp_20251009T1205142094_d_img_d18_x11520_y64640.png,0.2025,314.15,289.15,329.72,309.25
ch2_ohr_ncp_20251009T1205142094_d_img_d18_x11520_y64640.png,0.2024,387.53,308.31,393.75,316.66
ch2_ohr_ncp_20251009T1205142094_d_img_d18_x11520_y64640.png,0.2015,171.03,132.21,179.84,142.15
ch2_ohr_ncp_20251009T1205142094_d_img_d18_x11520_y65280.png,0.571,359.48,568.92,374.49,599.51
ch2_ohr_ncp_20251009T1205142094_d_img_d18_x11520_y65280.png,0.4073,309.97,207.89,328.44,238.04
ch2_ohr_ncp_20251009T1205142094_d_img_d18_x11520_y65280.png,0.3854,331.73,397.55,348.78,429.82
ch2_ohr_ncp_20251009T1205142094_d_img_d18_x11520_y65280.png,0.3271,107.68,124.01,119.53,144.9
ch2_ohr_ncp_20251009T1205142094_d_img_d18_x11520_y65280.png,0.3224,111.27,389.46,119.12,400.01
ch2_ohr_ncp_20251009T1205142094_d_img_d18_x11520_y65280.png,0.3038,240.17,346.69,248.1,357.61
ch2_ohr_ncp_20251009T1205142094_d_img_d18_x11520_y65280.png,0.2749,440.41,246.7,449.02,257.49
ch2_ohr_ncp_20251009T1205142094_d_img_d18_x11520_y65280.png,0.2723,295.59,581.76,303.66,596.19
ch2_ohr_ncp_20251009T1205142094_d_img_d18_x11520_y65280.png,0.2672,319.55,429.42,327.37,440.4
ch2_ohr_ncp_20251009T1205142094_d_img_d18_x11520_y65280.png,0.2596,271.65,430.57,277.97,438.1
ch2_ohr_ncp_20251009T1205142094_d_img_d18_x11520_y65280.png,0.2394,332.2,396.8,353.67,425.79
ch2_ohr_ncp_20251009T1205142094_d_img_d18_x11520_y65280.png,0.2292,270.31,549.76,276.54,558.21
ch2_ohr_ncp_20251009T1205142094_d_img_d18_x11520_y65280.png,0.2144,200.35,246.78,207.35,257.23
ch2_ohr_ncp_20251009T1205142094_d_img_d18_x11520_y65280.png,0.2114,181.01,439.1,197.3,459.87
ch2_ohr_ncp_20251009T1205142094_d_img_d18_x11520_y65280.png,0.2077,201.15,303.91,210.44,317.17
ch2_ohr_ncp_20251009T1205142094_d_img_d18_x11520_y65280.png,0.2053,437.18,287.02,446.3,299.21
ch2_ohr_ncp_20251009T1205142094_d_img_d18_x11520_y65920.png,0.4435,299.95,168.06,308.13,180.77
ch2_ohr_ncp_20251009T1205142094_d_img_d18_x11520_y65920.png,0.4426,93.34,293.37,106.47,314.17
ch2_ohr_ncp_20251009T1205142094_d_img_d18_x11520_y65920.png,0.413,324.35,210.58,331.5,221.93
ch2_ohr_ncp_20251009T1205142094_d_img_d18_x11520_y65920.png,0.3837,220.54,2.21,242.48,26.28
ch2_ohr_ncp_20251009T1205142094_d_img_d18_x11520_y65920.png,0.3258,308.12,5.35,314.16,13.68
ch2_ohr_ncp_20251009T1205142094_d_img_d18_x11520_y65920.png,0.2577,283.06,325.96,290.02,334.2
ch2_ohr_ncp_20251009T1205142094_d_img_d18_x11520_y65920.png,0.2403,64.97,277.58,71.94,286.6
ch2_ohr_ncp_20251009T1205142094_d_img_d18_x11520_y65920.png,0.2374,284.42,194.59,298.66,214.48
ch2_ohr_ncp_20251009T1205142094_d_img_d18_x11520_y65920.png,0.2308,329.13,228.84,339.03,242.93
ch2_ohr_ncp_20251009T1205142094_d_img_d18_x11520_y65920.png,0.2078,36.34,482.77,50.0,504.32
ch2_ohr_ncp_20251009T1205142094_d_img_d18_x11520_y65920.png,0.2075,286.35,162.39,296.65,181.0
ch2_ohr_ncp_20251009T1205142094_d_img_d18_x11520_y66560.png,0.3748,251.6,449.05,265.04,466.52
ch2_ohr_ncp_20251009T1205142094_d_img_d18_x11520_y66560.png,0.355,306.2,615.96,316.06,633.25
ch2_ohr_ncp_20251009T1205142094_d_img_d18_x11520_y66560.png,0.3459,217.3,458.04,226.67,468.75
ch2_ohr_ncp_20251009T1205142094_d_img_d18_x11520_y66560.png,0.3132,233.95,202.09,241.88,213.4
ch2_ohr_ncp_20251009T1205142094_d_img_d18_x11520_y66560.png,0.2966,426.51,322.53,440.97,353.4
ch2_ohr_ncp_20251009T1205142094_d_img_d18_x11520_y66560.png,0.282,235.0,232.64,245.34,247.34
ch2_ohr_ncp_20251009T1205142094_d_img_d18_x11520_y66560.png,0.2168,125.34,306.88,133.07,317.47
ch2_ohr_ncp_20251009T1205142094_d_img_d18_x11520_y66560.png,0.2104,92.97,625.17,101.13,638.3
ch2_ohr_ncp_20251009T1205142094_d_img_d18_x11520_y66560.png,0.2017,338.55,417.44,344.53,425.86
ch2_ohr_ncp_20251009T1205142094_d_img_d18_x11520_y67200.png,0.5829,48.22,121.21,63.8,142.95
ch2_ohr_ncp_20251009T1205142094_d_img_d18_x11520_y67200.png,0.5667,190.99,0.0,209.53,24.7
ch2_ohr_ncp_20251009T1205142094_d_img_d18_x11520_y67200.png,0.402,350.96,362.35,364.43,385.02
ch2_ohr_ncp_20251009T1205142094_d_img_d18_x11520_y67200.png,0.3953,84.38,555.48,98.02,581.43
ch2_ohr_ncp_20251009T1205142094_d_img_d18_x11520_y67200.png,0.3447,321.03,247.3,328.82,257.82
ch2_ohr_ncp_20251009T1205142094_d_img_d18_x11520_y67200.png,0.3323,193.8,616.23,211.14,632.56
ch2_ohr_ncp_20251009T1205142094_d_img_d18_x11520_y67200.png,0.3252,107.81,184.66,122.36,208.12
ch2_ohr_ncp_20251009T1205142094_d_img_d18_x11520_y67200.png,0.309,227.37,501.75,238.46,517.21
ch2_ohr_ncp_20251009T1205142094_d_img_d18_x11520_y67200.png,0.3002,91.2,533.9,97.28,542.18
ch2_ohr_ncp_20251009T1205142094_d_img_d18_x11520_y67200.png,0.2995,125.57,72.9,134.84,82.69
ch2_ohr_ncp_20251009T1205142094_d_img_d18_x11520_y67200.png,0.2885,252.73,236.97,258.26,243.83
ch2_ohr_ncp_20251009T1205142094_d_img_d18_x11520_y67200.png,0.2867,331.06,365.04,339.5,379.53
ch2_ohr_ncp_20251009T1205142094_d_img_d18_x11520_y67200.png,0.2846,182.93,617.97,190.35,629.24
ch2_ohr_ncp_20251009T1205142094_d_img_d18_x11520_y67200.png,0.2545,92.34,311.58,99.75,321.15
ch2_ohr_ncp_20251009T1205142094_d_img_d18_x11520_y67200.png,0.249,263.83,107.82,273.05,121.32
ch2_ohr_ncp_20251009T1205142094_d_img_d18_x11520_y67200.png,0.2405,262.67,101.53,272.9,119.2
ch2_ohr_ncp_20251009T1205142094_d_img_d18_x11520_y67200.png,0.2366,298.2,628.7,304.85,637.93
ch2_ohr_ncp_20251009T1205142094_d_img_d18_x11520_y67200.png,0.2283,211.35,319.42,225.86,343.31
ch2_ohr_ncp_20251009T1205142094_d_img_d18_x11520_y67200.png,0.2262,347.68,218.24,354.31,226.15
ch2_ohr_ncp_20251009T1205142094_d_img_d18_x11520_y67200.png,0.2171,385.66,390.47,394.56,402.73
ch2_ohr_ncp_20251009T1205142094_d_img_d18_x11520_y67200.png,0.2155,282.92,217.2,288.2,223.4
ch2_ohr_ncp_20251009T1205142094_d_img_d18_x11520_y67200.png,0.206,292.46,451.43,299.31,461.32
ch2_ohr_ncp_20251009T1205142094_d_img_d18_x11520_y67200.png,0.202,76.4,190.05,83.69,200.3
ch2_ohr_ncp_20251009T1205142094_d_img_d18_x11520_y67200.png,0.2008,1.39,0.0,20.65,18.43
ch2_ohr_ncp_20251009T1205142094_d_img_d18_x11520_y67840.png,0.6662,27.36,261.74,42.85,288.3
ch2_ohr_ncp_20251009T1205142094_d_img_d18_x11520_y67840.png,0.4554,216.1,123.87,230.96,148.38
ch2_ohr_ncp_20251009T1205142094_d_img_d18_x11520_y67840.png,0.4375,177.71,108.05,190.7,139.58
ch2_ohr_ncp_20251009T1205142094_d_img_d18_x11520_y67840.png,0.4153,83.73,322.01,90.2,332.26
ch2_ohr_ncp_20251009T1205142094_d_img_d18_x11520_y67840.png,0.4034,311.2,261.16,319.57,275.21
ch2_ohr_ncp_20251009T1205142094_d_img_d18_x11520_y67840.png,0.3846,292.13,601.28,303.22,618.05
ch2_ohr_ncp_20251009T1205142094_d_img_d18_x11520_y67840.png,0.3693,147.3,290.56,156.0,301.57
ch2_ohr_ncp_20251009T1205142094_d_img_d18_x11520_y67840.png,0.3522,399.15,397.68,408.5,414.55
ch2_ohr_ncp_20251009T1205142094_d_img_d18_x11520_y67840.png,0.3506,136.06,529.98,142.91,541.85
ch2_ohr_ncp_20251009T1205142094_d_img_d18_x11520_y67840.png,0.3487,146.22,357.21,154.76,367.15
ch2_ohr_ncp_20251009T1205142094_d_img_d18_x11520_y67840.png,0.344,160.32,18.82,169.0,32.86
ch2_ohr_ncp_20251009T1205142094_d_img_d18_x11520_y67840.png,0.3309,131.76,366.77,140.31,381.94
ch2_ohr_ncp_20251009T1205142094_d_img_d18_x11520_y67840.png,0.2845,239.29,346.02,251.6,369.84
ch2_ohr_ncp_20251009T1205142094_d_img_d18_x11520_y67840.png,0.2824,425.5,184.56,431.63,192.47
ch2_ohr_ncp_20251009T1205142094_d_img_d18_x11520_y67840.png,0.2755,210.54,320.72,217.77,331.73
ch2_ohr_ncp_20251009T1205142094_d_img_d18_x11520_y67840.png,0.2661,257.34,508.46,263.99,519.2
ch2_ohr_ncp_20251009T1205142094_d_img_d18_x11520_y67840.png,0.2624,265.07,625.78,280.7,640.0
ch2_ohr_ncp_20251009T1205142094_d_img_d18_x11520_y67840.png,0.2577,29.38,262.64,44.81,282.42
ch2_ohr_ncp_20251009T1205142094_d_img_d18_x11520_y67840.png,0.2558,266.96,540.24,278.33,562.18
ch2_ohr_ncp_20251009T1205142094_d_img_d18_x11520_y67840.png,0.254,162.91,155.36,168.74,161.77
ch2_ohr_ncp_20251009T1205142094_d_img_d18_x11520_y67840.png,0.2497,8.94,264.78,17.1,279.15
ch2_ohr_ncp_20251009T1205142094_d_img_d18_x11520_y67840.png,0.2325,194.99,184.96,200.37,191.5
ch2_ohr_ncp_20251009T1205142094_d_img_d18_x11520_y67840.png,0.232,265.96,124.33,274.24,137.68
ch2_ohr_ncp_20251009T1205142094_d_img_d18_x11520_y67840.png,0.2163,415.57,399.82,434.08,424.99
ch2_ohr_ncp_20251009T1205142094_d_img_d18_x11520_y67840.png,0.2162,222.43,94.69,234.61,112.54
ch2_ohr_ncp_20251009T1205142094_d_img_d18_x11520_y67840.png,0.2101,371.74,569.41,377.52,576.91
ch2_ohr_ncp_20251009T1205142094_d_img_d18_x11520_y67840.png,0.2039,121.57,432.29,129.97,444.37
ch2_ohr_ncp_20251009T1205142094_d_img_d18_x11520_y68480.png,0.5805,232.84,0.0,259.1,27.3
ch2_ohr_ncp_20251009T1205142094_d_img_d18_x11520_y68480.png,0.4684,277.69,250.91,290.49,275.33
ch2_ohr_ncp_20251009T1205142094_d_img_d18_x11520_y68480.png,0.4592,40.76,249.09,49.64,262.63
ch2_ohr_ncp_20251009T1205142094_d_img_d18_x11520_y68480.png,0.4131,116.01,170.58,123.84,181.61
ch2_ohr_ncp_20251009T1205142094_d_img_d18_x11520_y68480.png,0.3883,129.69,403.29,137.3,414.26
ch2_ohr_ncp_20251009T1205142094_d_img_d18_x11520_y68480.png,0.3773,455.78,425.96,462.17,437.27
ch2_ohr_ncp_20251009T1205142094_d_img_d18_x11520_y68480.png,0.3697,76.68,303.59,83.36,311.02
ch2_ohr_ncp_20251009T1205142094_d_img_d18_x11520_y68480.png,0.3682,342.9,188.28,352.92,204.53
ch2_ohr_ncp_20251009T1205142094_d_img_d18_x11520_y68480.png,0.3542,245.51,131.66,255.6,147.25
ch2_ohr_ncp_20251009T1205142094_d_img_d18_x11520_y68480.png,0.333,434.65,422.45,441.08,429.28
ch2_ohr_ncp_20251009T1205142094_d_img_d18_x11520_y68480.png,0.3083,470.9,44.49,478.23,55.1
ch2_ohr_ncp_20251009T1205142094_d_img_d18_x11520_y68480.png,0.2911,433.32,196.62,441.52,207.64
ch2_ohr_ncp_20251009T1205142094_d_img_d18_x11520_y68480.png,0.2852,128.32,257.81,153.7,291.66
ch2_ohr_ncp_20251009T1205142094_d_img_d18_x11520_y68480.png,0.2826,304.32,76.92,326.71,103.51
ch2_ohr_ncp_20251009T1205142094_d_img_d18_x11520_y68480.png,0.2708,93.0,337.97,101.8,349.08
ch2_ohr_ncp_20251009T1205142094_d_img_d18_x11520_y68480.png,0.2708,278.09,250.54,290.09,269.2
ch2_ohr_ncp_20251009T1205142094_d_img_d18_x11520_y68480.png,0.2694,234.36,216.2,240.23,225.5
ch2_ohr_ncp_20251009T1205142094_d_img_d18_x11520_y68480.png,0.259,250.69,104.06,258.56,113.75
ch2_ohr_ncp_20251009T1205142094_d_img_d18_x11520_y68480.png,0.2514,298.49,58.45,304.5,66.22
ch2_ohr_ncp_20251009T1205142094_d_img_d18_x11520_y68480.png,0.2503,119.65,472.94,125.95,479.42
ch2_ohr_ncp_20251009T1205142094_d_img_d18_x11520_y68480.png,0.2459,67.42,330.93,73.17,337.65
ch2_ohr_ncp_20251009T1205142094_d_img_d18_x11520_y68480.png,0.2409,388.87,520.14,396.38,528.93
ch2_ohr_ncp_20251009T1205142094_d_img_d18_x11520_y68480.png,0.2398,361.9,530.62,370.44,541.5
ch2_ohr_ncp_20251009T1205142094_d_img_d18_x11520_y68480.png,0.2313,0.09,26.64,4.04,36.43
ch2_ohr_ncp_20251009T1205142094_d_img_d18_x11520_y68480.png,0.2185,164.48,419.54,171.38,429.34
ch2_ohr_ncp_20251009T1205142094_d_img_d18_x11520_y68480.png,0.2028,114.49,152.9,126.31,172.4
ch2_ohr_ncp_20251009T1205142094_d_img_d18_x11520_y69120.png,0.5568,23.46,129.95,36.38,152.76
ch2_ohr_ncp_20251009T1205142094_d_img_d18_x11520_y69120.png,0.4747,446.36,453.69,454.13,463.84
ch2_ohr_ncp_20251009T1205142094_d_img_d18_x11520_y69120.png,0.4561,259.66,178.17,266.38,187.4
ch2_ohr_ncp_20251009T1205142094_d_img_d18_x11520_y69120.png,0.4383,334.15,615.38,350.22,638.59
ch2_ohr_ncp_20251009T1205142094_d_img_d18_x11520_y69120.png,0.4311,448.44,64.63,464.49,91.03
ch2_ohr_ncp_20251009T1205142094_d_img_d18_x11520_y69120.png,0.4027,225.19,556.81,234.07,572.13
ch2_ohr_ncp_20251009T1205142094_d_img_d18_x11520_y69120.png,0.4019,322.93,301.78,330.12,310.77
ch2_ohr_ncp_20251009T1205142094_d_img_d18_x11520_y69120.png,0.3965,311.48,458.1,318.91,469.77
ch2_ohr_ncp_20251009T1205142094_d_img_d18_x11520_y69120.png,0.3899,31.4,525.56,40.52,537.26
ch2_ohr_ncp_20251009T1205142094_d_img_d18_x11520_y69120.png,0.3861,4.81,630.23,11.86,637.45
ch2_ohr_ncp_20251009T1205142094_d_img_d18_x11520_y69120.png,0.3689,227.66,137.17,235.51,147.75
ch2_ohr_ncp_20251009T1205142094_d_img_d18_x11520_y69120.png,0.3641,443.26,586.78,448.7,594.11
ch2_ohr_ncp_20251009T1205142094_d_img_d18_x11520_y69120.png,0.3625,49.26,417.2,58.71,434.17
ch2_ohr_ncp_20251009T1205142094_d_img_d18_x11520_y69120.png,0.3569,410.71,384.87,417.42,393.76
ch2_ohr_ncp_20251009T1205142094_d_img_d18_x11520_y69120.png,0.3548,226.93,137.23,233.83,148.05
ch2_ohr_ncp_20251009T1205142094_d_img_d18_x11520_y69120.png,0.3537,421.28,487.69,429.65,497.05
ch2_ohr_ncp_20251009T1205142094_d_img_d18_x11520_y69120.png,0.3512,15.16,364.69,25.33,378.47
ch2_ohr_ncp_20251009T1205142094_d_img_d18_x11520_y69120.png,0.3478,333.69,171.32,342.05,183.69
ch2_ohr_ncp_20251009T1205142094_d_img_d18_x11520_y69120.png,0.3429,19.44,21.39,26.29,30.89
ch2_ohr_ncp_20251009T1205142094_d_img_d18_x11520_y69120.png,0.332,413.09,235.81,421.58,244.8
ch2_ohr_ncp_20251009T1205142094_d_img_d18_x11520_y69120.png,0.3012,52.49,86.06,60.08,95.18
ch2_ohr_ncp_20251009T1205142094_d_img_d18_x11520_y69120.png,0.3001,64.37,240.98,99.25,305.52
ch2_ohr_ncp_20251009T1205142094_d_img_d18_x11520_y69120.png,0.2943,390.63,70.24,399.01,81.63
ch2_ohr_ncp_20251009T1205142094_d_img_d18_x11520_y69120.png,0.2776,12.69,401.21,19.9,413.34
ch2_ohr_ncp_20251009T1205142094_d_img_d18_x11520_y69120.png,0.2757,366.9,161.53,387.48,193.17
ch2_ohr_ncp_20251009T1205142094_d_img_d18_x11520_y69120.png,0.2633,461.53,146.89,481.04,170.48
ch2_ohr_ncp_20251009T1205142094_d_img_d18_x11520_y69120.png,0.2618,19.5,23.79,25.96,31.22
ch2_ohr_ncp_20251009T1205142094_d_img_d18_x11520_y69120.png,0.2591,204.66,617.31,211.69,626.35
ch2_ohr_ncp_20251009T1205142094_d_img_d18_x11520_y69120.png,0.2534,212.55,70.32,218.87,78.7
ch2_ohr_ncp_20251009T1205142094_d_img_d18_x11520_y69120.png,0.2497,160.17,529.52,171.52,546.19
ch2_ohr_ncp_20251009T1205142094_d_img_d18_x11520_y69120.png,0.2442,235.08,624.01,242.7,634.19
ch2_ohr_ncp_20251009T1205142094_d_img_d18_x11520_y69120.png,0.2424,18.54,19.61,26.82,30.8
ch2_ohr_ncp_20251009T1205142094_d_img_d18_x11520_y69120.png,0.2295,205.71,616.96,212.85,625.96
ch2_ohr_ncp_20251009T1205142094_d_img_d18_x11520_y69120.png,0.2256,433.99,319.79,455.72,354.62
ch2_ohr_ncp_20251009T1205142094_d_img_d18_x11520_y69120.png,0.2217,307.3,419.81,314.36,429.37
ch2_ohr_ncp_20251009T1205142094_d_img_d18_x11520_y69120.png,0.2213,354.96,625.1,363.81,638.2
ch2_ohr_ncp_20251009T1205142094_d_img_d18_x11520_y69120.png,0.2193,272.76,567.55,289.49,592.89
ch2_ohr_ncp_20251009T1205142094_d_img_d18_x11520_y69120.png,0.2178,77.59,454.05,87.21,468.66
ch2_ohr_ncp_20251009T1205142094_d_img_d18_x11520_y69120.png,0.2148,183.28,332.32,193.27,348.64
ch2_ohr_ncp_20251009T1205142094_d_img_d18_x11520_y69120.png,0.2077,177.72,79.19,184.99,89.43
ch2_ohr_ncp_20251009T1205142094_d_img_d18_x11520_y69120.png,0.2055,33.78,11.33,40.56,19.66
ch2_ohr_ncp_20251009T1205142094_d_img_d18_x11520_y69760.png,0.4726,254.99,431.81,263.78,440.22
ch2_ohr_ncp_20251009T1205142094_d_img_d18_x11520_y69760.png,0.4494,404.3,447.74,410.58,457.1
ch2_ohr_ncp_20251009T1205142094_d_img_d18_x11520_y69760.png,0.4293,212.67,245.76,222.1,261.2
ch2_ohr_ncp_20251009T1205142094_d_img_d18_x11520_y69760.png,0.3923,197.85,69.96,210.94,88.86
ch2_ohr_ncp_20251009T1205142094_d_img_d18_x11520_y69760.png,0.3541,211.94,123.7,218.01,132.09
ch2_ohr_ncp_20251009T1205142094_d_img_d18_x11520_y69760.png,0.3472,337.49,282.39,344.98,292.37
ch2_ohr_ncp_20251009T1205142094_d_img_d18_x11520_y69760.png,0.34,384.38,460.55,394.07,478.78
ch2_ohr_ncp_20251009T1205142094_d_img_d18_x11520_y69760.png,0.325,383.45,462.48,392.67,478.64
ch2_ohr_ncp_20251009T1205142094_d_img_d18_x11520_y69760.png,0.3237,60.38,5.02,67.5,14.33
ch2_ohr_ncp_20251009T1205142094_d_img_d18_x11520_y69760.png,0.3172,347.0,19.8,369.57,52.7
ch2_ohr_ncp_20251009T1205142094_d_img_d18_x11520_y69760.png,0.316,328.74,506.6,336.91,517.08
ch2_ohr_ncp_20251009T1205142094_d_img_d18_x11520_y69760.png,0.3143,281.3,542.7,290.09,556.27
ch2_ohr_ncp_20251009T1205142094_d_img_d18_x11520_y69760.png,0.308,189.8,625.04,199.58,637.02
ch2_ohr_ncp_20251009T1205142094_d_img_d18_x11520_y69760.png,0.3027,119.89,38.84,136.45,63.35
ch2_ohr_ncp_20251009T1205142094_d_img_d18_x11520_y69760.png,0.301,31.31,185.15,38.91,196.44
ch2_ohr_ncp_20251009T1205142094_d_img_d18_x11520_y69760.png,0.2981,449.54,95.88,457.03,104.74
ch2_ohr_ncp_20251009T1205142094_d_img_d18_x11520_y69760.png,0.2922,176.32,203.08,185.28,215.84
ch2_ohr_ncp_20251009T1205142094_d_img_d18_x11520_y69760.png,0.2849,212.39,423.67,220.92,430.41
ch2_ohr_ncp_20251009T1205142094_d_img_d18_x11520_y69760.png,0.2681,158.69,450.1,166.11,463.06
ch2_ohr_ncp_20251009T1205142094_d_img_d18_x11520_y69760.png,0.2667,44.43,482.65,51.24,489.43
ch2_ohr_ncp_20251009T1205142094_d_img_d18_x11520_y69760.png,0.2631,301.56,619.43,307.83,627.04
ch2_ohr_ncp_20251009T1205142094_d_img_d18_x11520_y69760.png,0.2447,235.14,276.55,241.7,282.62
ch2_ohr_ncp_20251009T1205142094_d_img_d18_x11520_y69760.png,0.2371,341.0,208.4,346.78,215.05
ch2_ohr_ncp_20251009T1205142094_d_img_d18_x11520_y69760.png,0.2271,47.47,234.82,63.96,255.52
ch2_ohr_ncp_20251009T1205142094_d_img_d18_x11520_y69760.png,0.2263,175.8,75.87,189.77,95.93
ch2_ohr_ncp_20251009T1205142094_d_img_d18_x11520_y69760.png,0.2158,236.8,383.1,245.84,392.8
ch2_ohr_ncp_20251009T1205142094_d_img_d18_x11520_y69760.png,0.215,315.39,176.88,322.41,185.29
ch2_ohr_ncp_20251009T1205142094_d_img_d18_x11520_y69760.png,0.2148,412.51,170.56,418.23,178.74
ch2_ohr_ncp_20251009T1205142094_d_img_d18_x11520_y69760.png,0.2116,210.72,401.94,221.32,414.33
ch2_ohr_ncp_20251009T1205142094_d_img_d18_x11520_y69760.png,0.2069,193.97,448.92,216.21,474.83
ch2_ohr_ncp_20251009T1205142094_d_img_d18_x11520_y69760.png,0.2057,66.43,229.07,85.3,248.3
ch2_ohr_ncp_20251009T1205142094_d_img_d18_x11520_y69760.png,0.2039,396.9,460.04,406.8,474.74
ch2_ohr_ncp_20251009T1205142094_d_img_d18_x11520_y70400.png,0.4962,319.23,128.72,330.95,149.44
ch2_ohr_ncp_20251009T1205142094_d_img_d18_x11520_y70400.png,0.469,205.77,10.22,217.26,23.37
ch2_ohr_ncp_20251009T1205142094_d_img_d18_x11520_y70400.png,0.464,176.08,373.47,185.31,383.56
ch2_ohr_ncp_20251009T1205142094_d_img_d18_x11520_y70400.png,0.4283,158.94,20.51,167.35,34.05
ch2_ohr_ncp_20251009T1205142094_d_img_d18_x11520_y70400.png,0.395,188.38,13.16,194.3,20.23
ch2_ohr_ncp_20251009T1205142094_d_img_d18_x11520_y70400.png,0.3865,369.85,484.22,378.66,498.51
ch2_ohr_ncp_20251009T1205142094_d_img_d18_x11520_y70400.png,0.3804,257.35,240.1,263.87,248.9
ch2_ohr_ncp_20251009T1205142094_d_img_d18_x11520_y70400.png,0.3768,27.04,506.05,32.83,514.08
ch2_ohr_ncp_20251009T1205142094_d_img_d18_x11520_y70400.png,0.3639,179.47,0.49,191.7,12.1
ch2_ohr_ncp_20251009T1205142094_d_img_d18_x11520_y70400.png,0.3363,311.2,34.8,318.84,46.45
ch2_ohr_ncp_20251009T1205142094_d_img_d18_x11520_y70400.png,0.3342,163.12,80.49,170.67,91.8
ch2_ohr_ncp_20251009T1205142094_d_img_d18_x11520_y70400.png,0.3017,10.82,505.97,17.8,516.09
ch2_ohr_ncp_20251009T1205142094_d_img_d18_x11520_y70400.png,0.2864,333.82,31.2,343.92,40.83
ch2_ohr_ncp_20251009T1205142094_d_img_d18_x11520_y70400.png,0.2749,137.37,4.94,156.93,29.67
ch2_ohr_ncp_20251009T1205142094_d_img_d18_x11520_y70400.png,0.2606,379.39,290.31,401.01,325.11
ch2_ohr_ncp_20251009T1205142094_d_img_d18_x11520_y70400.png,0.258,187.72,11.9,195.47,20.14
ch2_ohr_ncp_20251009T1205142094_d_img_d18_x11520_y70400.png,0.2528,313.52,66.2,320.61,75.37
ch2_ohr_ncp_20251009T1205142094_d_img_d18_x11520_y70400.png,0.2361,396.89,333.02,405.48,346.2
ch2_ohr_ncp_20251009T1205142094_d_img_d18_x11520_y70400.png,0.2275,100.75,95.65,108.64,108.24
ch2_ohr_ncp_20251009T1205142094_d_img_d18_x11520_y70400.png,0.2247,236.65,187.22,244.81,198.52
ch2_ohr_ncp_20251009T1205142094_d_img_d18_x11520_y70400.png,0.2223,116.17,417.83,123.94,426.15
ch2_ohr_ncp_20251009T1205142094_d_img_d18_x11520_y70400.png,0.2123,342.96,259.72,351.77,272.52
ch2_ohr_ncp_20251009T1205142094_d_img_d18_x11520_y70400.png,0.2108,441.28,250.56,447.91,258.26
ch2_ohr_ncp_20251009T1205142094_d_img_d18_x11520_y70400.png,0.2006,115.56,466.96,122.14,476.04
ch2_ohr_ncp_20251009T1205142094_d_img_d18_x11520_y71040.png,0.5608,439.87,75.67,449.61,91.96
ch2_ohr_ncp_20251009T1205142094_d_img_d18_x11520_y71040.png,0.5046,411.38,190.91,432.13,222.89
ch2_ohr_ncp_20251009T1205142094_d_img_d18_x11520_y71040.png,0.5005,455.34,264.14,468.26,287.69
ch2_ohr_ncp_20251009T1205142094_d_img_d18_x11520_y71040.png,0.4991,26.44,424.66,35.0,439.88
ch2_ohr_ncp_20251009T1205142094_d_img_d18_x11520_y71040.png,0.4678,2.73,360.69,10.02,372.25
ch2_ohr_ncp_20251009T1205142094_d_img_d18_x11520_y71040.png,0.4521,380.03,187.94,385.96,196.64
ch2_ohr_ncp_20251009T1205142094_d_img_d18_x11520_y71040.png,0.3926,344.49,620.63,354.42,631.15
ch2_ohr_ncp_20251009T1205142094_d_img_d18_x11520_y71040.png,0.3447,303.91,492.1,311.0,503.99
ch2_ohr_ncp_20251009T1205142094_d_img_d18_x11520_y71040.png,0.3436,0.35,429.6,8.05,454.74
ch2_ohr_ncp_20251009T1205142094_d_img_d18_x11520_y71040.png,0.3429,456.64,509.93,464.26,519.72
ch2_ohr_ncp_20251009T1205142094_d_img_d18_x11520_y71040.png,0.3319,143.79,627.27,152.12,638.98
ch2_ohr_ncp_20251009T1205142094_d_img_d18_x11520_y71040.png,0.3193,285.68,259.96,293.27,274.7
ch2_ohr_ncp_20251009T1205142094_d_img_d18_x11520_y71040.png,0.3062,367.17,149.66,374.81,158.86
ch2_ohr_ncp_20251009T1205142094_d_img_d18_x11520_y71040.png,0.2994,215.07,503.63,224.84,518.9
ch2_ohr_ncp_20251009T1205142094_d_img_d18_x11520_y71040.png,0.2723,106.58,501.01,115.71,510.83
ch2_ohr_ncp_20251009T1205142094_d_img_d18_x11520_y71040.png,0.2681,154.81,250.25,162.79,261.06
ch2_ohr_ncp_20251009T1205142094_d_img_d18_x11520_y71040.png,0.2641,107.29,313.31,113.65,321.92
ch2_ohr_ncp_20251009T1205142094_d_img_d18_x11520_y71040.png,0.2154,387.01,205.22,399.57,225.12
ch2_ohr_ncp_20251009T1205142094_d_img_d18_x11520_y71040.png,0.2145,426.68,95.84,433.11,104.31
ch2_ohr_ncp_20251009T1205142094_d_img_d18_x11520_y71040.png,0.2126,0.3,430.02,6.77,450.46
ch2_ohr_ncp_20251009T1205142094_d_img_d18_x11520_y71040.png,0.2044,451.35,126.8,461.93,143.51
ch2_ohr_ncp_20251009T1205142094_d_img_d18_x11520_y71040.png,0.2032,402.65,283.97,409.29,293.52
ch2_ohr_ncp_20251009T1205142094_d_img_d18_x11520_y71040.png,0.2029,354.94,334.33,362.33,343.83
ch2_ohr_ncp_20251009T1205142094_d_img_d18_x11520_y71680.png,0.3733,300.22,361.85,306.15,369.72
ch2_ohr_ncp_20251009T1205142094_d_img_d18_x11520_y71680.png,0.3642,335.45,573.28,347.8,596.73
ch2_ohr_ncp_20251009T1205142094_d_img_d18_x11520_y71680.png,0.3419,267.61,570.92,284.12,600.07
ch2_ohr_ncp_20251009T1205142094_d_img_d18_x11520_y71680.png,0.3241,131.51,626.65,139.68,638.42
ch2_ohr_ncp_20251009T1205142094_d_img_d18_x11520_y71680.png,0.2638,466.78,631.11,477.98,640.0
ch2_ohr_ncp_20251009T1205142094_d_img_d18_x11520_y71680.png,0.2621,461.39,44.61,466.81,53.8
ch2_ohr_ncp_20251009T1205142094_d_img_d18_x11520_y71680.png,0.2498,225.86,611.94,235.4,621.58
ch2_ohr_ncp_20251009T1205142094_d_img_d18_x11520_y71680.png,0.2466,158.83,261.16,165.86,270.7
ch2_ohr_ncp_20251009T1205142094_d_img_d18_x11520_y71680.png,0.2253,471.63,104.95,479.65,123.5
ch2_ohr_ncp_20251009T1205142094_d_img_d18_x11520_y71680.png,0.2185,340.6,503.55,352.93,524.65
ch2_ohr_ncp_20251009T1205142094_d_img_d18_x11520_y71680.png,0.2125,222.22,494.56,232.06,505.12
ch2_ohr_ncp_20251009T1205142094_d_img_d18_x11520_y72320.png,0.4698,119.31,290.6,130.78,306.67
ch2_ohr_ncp_20251009T1205142094_d_img_d18_x11520_y72320.png,0.4394,317.49,272.51,327.34,286.83
ch2_ohr_ncp_20251009T1205142094_d_img_d18_x11520_y72320.png,0.4252,254.02,135.55,262.82,145.57
ch2_ohr_ncp_20251009T1205142094_d_img_d18_x11520_y72320.png,0.425,65.37,20.84,81.05,42.36
ch2_ohr_ncp_20251009T1205142094_d_img_d18_x11520_y72320.png,0.4204,124.91,406.91,142.89,436.1
ch2_ohr_ncp_20251009T1205142094_d_img_d18_x11520_y72320.png,0.4147,63.97,22.09,80.29,50.29
ch2_ohr_ncp_20251009T1205142094_d_img_d18_x11520_y72320.png,0.4105,362.77,189.83,379.44,219.02
ch2_ohr_ncp_20251009T1205142094_d_img_d18_x11520_y72320.png,0.3949,351.11,263.5,360.85,277.08
ch2_ohr_ncp_20251009T1205142094_d_img_d18_x11520_y72320.png,0.3601,46.53,578.3,54.86,590.33
ch2_ohr_ncp_20251009T1205142094_d_img_d18_x11520_y72320.png,0.3306,247.19,622.74,256.08,632.55
ch2_ohr_ncp_20251009T1205142094_d_img_d18_x11520_y72320.png,0.3209,367.79,87.96,374.8,96.26
ch2_ohr_ncp_20251009T1205142094_d_img_d18_x11520_y72320.png,0.3015,412.19,47.84,418.74,54.61
ch2_ohr_ncp_20251009T1205142094_d_img_d18_x11520_y72320.png,0.2894,362.61,522.13,369.8,533.06
ch2_ohr_ncp_20251009T1205142094_d_img_d18_x11520_y72320.png,0.2769,330.41,262.83,338.39,273.29
ch2_ohr_ncp_20251009T1205142094_d_img_d18_x11520_y72320.png,0.2742,135.61,520.49,153.49,544.8
ch2_ohr_ncp_20251009T1205142094_d_img_d18_x11520_y72320.png,0.2577,260.24,181.1,266.26,189.88
ch2_ohr_ncp_20251009T1205142094_d_img_d18_x11520_y72320.png,0.2562,19.09,337.18,41.73,367.67
ch2_ohr_ncp_20251009T1205142094_d_img_d18_x11520_y72320.png,0.2437,316.53,448.67,323.77,457.9
ch2_ohr_ncp_20251009T1205142094_d_img_d18_x11520_y72320.png,0.2314,281.82,99.28,287.75,106.43
ch2_ohr_ncp_20251009T1205142094_d_img_d18_x11520_y72320.png,0.2301,181.56,396.11,190.83,412.78
ch2_ohr_ncp_20251009T1205142094_d_img_d18_x11520_y72320.png,0.2217,323.59,536.7,336.35,567.11
ch2_ohr_ncp_20251009T1205142094_d_img_d18_x11520_y72320.png,0.2214,179.02,30.95,193.13,56.51
ch2_ohr_ncp_20251009T1205142094_d_img_d18_x11520_y72320.png,0.2207,401.99,95.49,413.41,112.8
ch2_ohr_ncp_20251009T1205142094_d_img_d18_x11520_y72320.png,0.2159,247.67,580.85,255.97,592.56
ch2_ohr_ncp_20251009T1205142094_d_img_d18_x11520_y72320.png,0.213,253.32,13.83,258.06,20.42
ch2_ohr_ncp_20251009T1205142094_d_img_d18_x11520_y72960.png,0.4002,219.78,195.0,226.59,202.93
ch2_ohr_ncp_20251009T1205142094_d_img_d18_x11520_y72960.png,0.3659,237.33,43.95,247.91,55.98
ch2_ohr_ncp_20251009T1205142094_d_img_d18_x11520_y72960.png,0.3142,107.18,113.14,114.08,120.37
ch2_ohr_ncp_20251009T1205142094_d_img_d18_x11520_y72960.png,0.3034,136.13,0.0,154.59,24.2
ch2_ohr_ncp_20251009T1205142094_d_img_d18_x11520_y72960.png,0.3023,130.22,384.26,138.34,393.07
ch2_ohr_ncp_20251009T1205142094_d_img_d18_x11520_y72960.png,0.2989,387.17,226.99,394.0,236.85
ch2_ohr_ncp_20251009T1205142094_d_img_d18_x11520_y72960.png,0.2839,115.93,372.01,122.43,382.24
ch2_ohr_ncp_20251009T1205142094_d_img_d18_x11520_y72960.png,0.2836,191.31,213.2,199.37,224.17
ch2_ohr_ncp_20251009T1205142094_d_img_d18_x11520_y72960.png,0.2801,187.73,354.55,201.71,370.67
ch2_ohr_ncp_20251009T1205142094_d_img_d18_x11520_y72960.png,0.264,252.91,26.6,257.69,32.2
ch2_ohr_ncp_20251009T1205142094_d_img_d18_x11520_y72960.png,0.2542,326.6,215.09,343.9,241.91
ch2_ohr_ncp_20251009T1205142094_d_img_d18_x11520_y72960.png,0.2456,413.32,84.32,440.39,131.92
ch2_ohr_ncp_20251009T1205142094_d_img_d18_x11520_y72960.png,0.2439,188.66,185.45,194.75,192.95
ch2_ohr_ncp_20251009T1205142094_d_img_d18_x11520_y72960.png,0.2437,170.61,204.57,181.5,217.81
ch2_ohr_ncp_20251009T1205142094_d_img_d18_x11520_y72960.png,0.234,122.77,102.94,129.86,111.49
ch2_ohr_ncp_20251009T1205142094_d_img_d18_x11520_y72960.png,0.2313,116.07,297.91,122.58,307.74
ch2_ohr_ncp_20251009T1205142094_d_img_d18_x11520_y72960.png,0.23,166.3,90.24,174.6,99.6
ch2_ohr_ncp_20251009T1205142094_d_img_d18_x11520_y72960.png,0.222,223.9,618.43,231.18,628.69
ch2_ohr_ncp_20251009T1205142094_d_img_d18_x11520_y72960.png,0.2135,23.26,623.89,31.94,637.89
ch2_ohr_ncp_20251009T1205142094_d_img_d18_x11520_y72960.png,0.213,63.9,137.0,73.26,148.69
ch2_ohr_ncp_20251009T1205142094_d_img_d18_x11520_y72960.png,0.2093,268.1,411.25,274.87,419.76
ch2_ohr_ncp_20251009T1205142094_d_img_d18_x11520_y72960.png,0.2069,15.39,324.51,27.08,344.57
ch2_ohr_ncp_20251009T1205142094_d_img_d18_x11520_y72960.png,0.2021,406.7,178.09,413.71,187.74
ch2_ohr_ncp_20251009T1205142094_d_img_d18_x11520_y73600.png,0.4898,379.23,233.14,392.29,249.67
ch2_ohr_ncp_20251009T1205142094_d_img_d18_x11520_y73600.png,0.3863,146.84,453.16,174.49,482.5
ch2_ohr_ncp_20251009T1205142094_d_img_d18_x11520_y73600.png,0.328,124.33,27.83,130.82,36.96
ch2_ohr_ncp_20251009T1205142094_d_img_d18_x11520_y73600.png,0.2506,315.57,257.28,322.48,266.05
ch2_ohr_ncp_20251009T1205142094_d_img_d18_x11520_y73600.png,0.2411,235.97,159.06,247.53,178.97
ch2_ohr_ncp_20251009T1205142094_d_img_d18_x11520_y73600.png,0.2235,66.52,348.43,72.11,354.51
ch2_ohr_ncp_20251009T1205142094_d_img_d18_x11520_y73600.png,0.2132,194.16,434.37,201.8,443.17
ch2_ohr_ncp_20251009T1205142094_d_img_d18_x11520_y73600.png,0.2103,264.66,66.3,286.97,103.5
ch2_ohr_ncp_20251009T1205142094_d_img_d18_x11520_y74240.png,0.4748,407.3,622.56,422.45,639.73
ch2_ohr_ncp_20251009T1205142094_d_img_d18_x11520_y74240.png,0.4039,427.54,449.25,436.36,462.64
ch2_ohr_ncp_20251009T1205142094_d_img_d18_x11520_y74240.png,0.3865,160.57,108.07,169.01,118.89
ch2_ohr_ncp_20251009T1205142094_d_img_d18_x11520_y74240.png,0.3068,171.88,297.27,185.91,317.86
ch2_ohr_ncp_20251009T1205142094_d_img_d18_x11520_y74240.png,0.2727,236.65,610.61,266.78,639.5
ch2_ohr_ncp_20251009T1205142094_d_img_d18_x11520_y74240.png,0.2643,46.36,361.85,56.92,378.0
ch2_ohr_ncp_20251009T1205142094_d_img_d18_x11520_y74240.png,0.2519,148.01,219.55,156.08,228.54
ch2_ohr_ncp_20251009T1205142094_d_img_d18_x11520_y74240.png,0.2483,131.02,249.59,137.67,259.26
ch2_ohr_ncp_20251009T1205142094_d_img_d18_x11520_y74240.png,0.2467,392.67,182.88,403.45,199.07
ch2_ohr_ncp_20251009T1205142094_d_img_d18_x11520_y74240.png,0.2445,214.15,260.93,224.62,282.83
ch2_ohr_ncp_20251009T1205142094_d_img_d18_x11520_y74240.png,0.2427,0.45,193.98,9.11,214.61
ch2_ohr_ncp_20251009T1205142094_d_img_d18_x11520_y74240.png,0.2389,0.16,567.21,20.97,603.45
ch2_ohr_ncp_20251009T1205142094_d_img_d18_x11520_y74240.png,0.2374,91.35,155.36,96.73,163.41
ch2_ohr_ncp_20251009T1205142094_d_img_d18_x11520_y74240.png,0.2368,184.75,74.56,192.66,84.73
ch2_ohr_ncp_20251009T1205142094_d_img_d18_x11520_y74240.png,0.2268,35.8,293.6,43.56,304.14
ch2_ohr_ncp_20251009T1205142094_d_img_d18_x11520_y74240.png,0.2031,27.89,569.13,34.08,579.83
ch2_ohr_ncp_20251009T1205142094_d_img_d18_x11520_y74240.png,0.2009,174.44,492.9,182.73,509.36
ch2_ohr_ncp_20251009T1205142094_d_img_d18_x11520_y74880.png,0.4345,346.33,252.27,354.18,261.52
ch2_ohr_ncp_20251009T1205142094_d_img_d18_x11520_y74880.png,0.4307,346.61,98.33,365.74,131.38
ch2_ohr_ncp_20251009T1205142094_d_img_d18_x11520_y74880.png,0.4288,25.52,212.98,38.44,239.32
ch2_ohr_ncp_20251009T1205142094_d_img_d18_x11520_y74880.png,0.4283,389.76,352.84,418.31,410.91
ch2_ohr_ncp_20251009T1205142094_d_img_d18_x11520_y74880.png,0.3767,101.88,533.2,114.93,561.43
ch2_ohr_ncp_20251009T1205142094_d_img_d18_x11520_y74880.png,0.3353,462.07,455.77,475.91,474.79
ch2_ohr_ncp_20251009T1205142094_d_img_d18_x11520_y74880.png,0.3343,410.42,252.67,430.87,280.33
ch2_ohr_ncp_20251009T1205142094_d_img_d18_x11520_y74880.png,0.3282,284.84,13.06,290.68,21.21
ch2_ohr_ncp_20251009T1205142094_d_img_d18_x11520_y74880.png,0.3137,184.04,287.6,188.26,294.64
ch2_ohr_ncp_20251009T1205142094_d_img_d18_x11520_y74880.png,0.3133,347.58,445.1,355.14,455.31
ch2_ohr_ncp_20251009T1205142094_d_img_d18_x11520_y74880.png,0.3054,447.54,627.02,466.49,640.0
ch2_ohr_ncp_20251009T1205142094_d_img_d18_x11520_y74880.png,0.2917,284.71,34.88,289.66,40.94
ch2_ohr_ncp_20251009T1205142094_d_img_d18_x11520_y74880.png,0.2821,447.34,437.0,452.3,445.16
ch2_ohr_ncp_20251009T1205142094_d_img_d18_x11520_y74880.png,0.2808,451.16,101.32,458.89,111.51
ch2_ohr_ncp_20251009T1205142094_d_img_d18_x11520_y74880.png,0.2713,292.57,457.54,298.47,464.58
ch2_ohr_ncp_20251009T1205142094_d_img_d18_x11520_y74880.png,0.27,325.04,502.29,333.02,511.75
ch2_ohr_ncp_20251009T1205142094_d_img_d18_x11520_y74880.png,0.2675,322.29,113.46,329.54,126.71
ch2_ohr_ncp_20251009T1205142094_d_img_d18_x11520_y74880.png,0.2634,461.69,456.75,472.6,477.19
ch2_ohr_ncp_20251009T1205142094_d_img_d18_x11520_y74880.png,0.2629,325.39,237.65,333.91,247.4
ch2_ohr_ncp_20251009T1205142094_d_img_d18_x11520_y74880.png,0.2625,382.54,314.4,392.57,328.77
ch2_ohr_ncp_20251009T1205142094_d_img_d18_x11520_y74880.png,0.2624,443.44,616.89,452.83,627.65
ch2_ohr_ncp_20251009T1205142094_d_img_d18_x11520_y74880.png,0.2548,118.22,429.02,123.37,434.94
ch2_ohr_ncp_20251009T1205142094_d_img_d18_x11520_y74880.png,0.253,103.72,623.68,122.88,639.79
ch2_ohr_ncp_20251009T1205142094_d_img_d18_x11520_y74880.png,0.2428,85.98,474.86,93.67,484.61
ch2_ohr_ncp_20251009T1205142094_d_img_d18_x11520_y74880.png,0.2418,72.45,174.83,76.87,181.72
ch2_ohr_ncp_20251009T1205142094_d_img_d18_x11520_y74880.png,0.2307,465.07,554.41,473.06,566.26
ch2_ohr_ncp_20251009T1205142094_d_img_d18_x11520_y74880.png,0.23,455.95,219.1,461.68,227.22
ch2_ohr_ncp_20251009T1205142094_d_img_d18_x11520_y74880.png,0.2295,298.5,126.0,303.24,133.15
ch2_ohr_ncp_20251009T1205142094_d_img_d18_x11520_y74880.png,0.2277,328.91,629.4,337.07,638.34
ch2_ohr_ncp_20251009T1205142094_d_img_d18_x11520_y74880.png,0.2271,65.88,403.89,74.73,415.72
ch2_ohr_ncp_20251009T1205142094_d_img_d18_x11520_y74880.png,0.2197,17.63,91.02,25.41,102.96
ch2_ohr_ncp_20251009T1205142094_d_img_d18_x11520_y74880.png,0.2188,407.05,276.58,412.55,284.64
ch2_ohr_ncp_20251009T1205142094_d_img_d18_x11520_y74880.png,0.2166,304.53,419.3,309.59,425.52
ch2_ohr_ncp_20251009T1205142094_d_img_d18_x11520_y74880.png,0.2152,91.06,167.39,96.06,173.36
ch2_ohr_ncp_20251009T1205142094_d_img_d18_x11520_y74880.png,0.2117,115.2,119.4,121.92,127.43
ch2_ohr_ncp_20251009T1205142094_d_img_d18_x11520_y74880.png,0.2093,92.81,463.9,103.07,472.47
ch2_ohr_ncp_20251009T1205142094_d_img_d18_x11520_y74880.png,0.2089,423.95,629.44,431.07,638.71
ch2_ohr_ncp_20251009T1205142094_d_img_d18_x11520_y74880.png,0.2089,457.99,547.36,463.48,555.65
ch2_ohr_ncp_20251009T1205142094_d_img_d18_x11520_y74880.png,0.2088,313.78,428.45,318.38,433.88
ch2_ohr_ncp_20251009T1205142094_d_img_d18_x11520_y74880.png,0.2061,258.36,67.74,279.66,102.85
ch2_ohr_ncp_20251009T1205142094_d_img_d18_x11520_y74880.png,0.2049,449.48,627.0,464.17,638.77
ch2_ohr_ncp_20251009T1205142094_d_img_d18_x11520_y74880.png,0.2049,260.79,604.46,266.7,611.21
ch2_ohr_ncp_20251009T1205142094_d_img_d18_x11520_y74880.png,0.2048,87.81,403.32,101.68,424.78
ch2_ohr_ncp_20251009T1205142094_d_img_d18_x11520_y74880.png,0.2021,387.1,413.84,402.17,435.4
ch2_ohr_ncp_20251009T1205142094_d_img_d18_x11520_y74880.png,0.2005,2.02,627.89,10.93,638.3
ch2_ohr_ncp_20251009T1205142094_d_img_d18_x11520_y75520.png,0.3574,127.59,135.42,134.29,145.29
ch2_ohr_ncp_20251009T1205142094_d_img_d18_x11520_y75520.png,0.2383,3.42,82.3,9.87,90.58
ch2_ohr_ncp_20251009T1205142094_d_img_d18_x11520_y75520.png,0.2102,286.83,605.58,300.99,631.99
ch2_ohr_ncp_20251009T1205142094_d_img_d18_x11520_y75520.png,0.2041,196.53,367.19,212.51,395.86
ch2_ohr_ncp_20251009T1205142094_d_img_d18_x11520_y76160.png,0.2926,178.52,618.42,184.28,626.39
ch2_ohr_ncp_20251009T1205142094_d_img_d18_x11520_y76160.png,0.2255,129.98,616.81,137.0,629.55
ch2_ohr_ncp_20251009T1205142094_d_img_d18_x11520_y76800.png,0.4598,370.91,386.13,376.88,395.74
ch2_ohr_ncp_20251009T1205142094_d_img_d18_x11520_y76800.png,0.447,318.16,20.63,327.24,35.57
ch2_ohr_ncp_20251009T1205142094_d_img_d18_x11520_y76800.png,0.4183,10.42,324.19,30.27,356.36
ch2_ohr_ncp_20251009T1205142094_d_img_d18_x11520_y76800.png,0.3808,275.92,250.9,281.84,260.7
ch2_ohr_ncp_20251009T1205142094_d_img_d18_x11520_y76800.png,0.3715,242.03,38.88,248.4,47.23
ch2_ohr_ncp_20251009T1205142094_d_img_d18_x11520_y76800.png,0.3293,363.04,43.17,368.87,51.76
ch2_ohr_ncp_20251009T1205142094_d_img_d18_x11520_y76800.png,0.3277,301.59,32.06,308.39,41.37
ch2_ohr_ncp_20251009T1205142094_d_img_d18_x11520_y76800.png,0.3252,254.91,612.12,265.07,627.92
ch2_ohr_ncp_20251009T1205142094_d_img_d18_x11520_y76800.png,0.3119,12.05,322.68,31.3,347.5
ch2_ohr_ncp_20251009T1205142094_d_img_d18_x11520_y76800.png,0.307,289.75,619.21,296.99,630.16
ch2_ohr_ncp_20251009T1205142094_d_img_d18_x11520_y76800.png,0.3049,337.74,153.58,344.46,162.5
ch2_ohr_ncp_20251009T1205142094_d_img_d18_x11520_y76800.png,0.3029,253.61,116.71,264.44,129.24
ch2_ohr_ncp_20251009T1205142094_d_img_d18_x11520_y76800.png,0.3016,404.77,331.77,412.92,341.48
ch2_ohr_ncp_20251009T1205142094_d_img_d18_x11520_y76800.png,0.301,266.85,0.46,275.45,16.34
ch2_ohr_ncp_20251009T1205142094_d_img_d18_x11520_y76800.png,0.2988,269.9,626.73,277.9,634.56
ch2_ohr_ncp_20251009T1205142094_d_img_d18_x11520_y76800.png,0.2866,283.16,439.91,289.34,446.65
ch2_ohr_ncp_20251009T1205142094_d_img_d18_x11520_y76800.png,0.2709,98.73,120.46,105.21,128.8
ch2_ohr_ncp_20251009T1205142094_d_img_d18_x11520_y76800.png,0.261,432.05,289.89,440.48,302.53
ch2_ohr_ncp_20251009T1205142094_d_img_d18_x11520_y76800.png,0.255,5.63,124.62,14.78,140.39
ch2_ohr_ncp_20251009T1205142094_d_img_d18_x11520_y76800.png,0.2523,331.12,428.47,338.37,437.85
ch2_ohr_ncp_20251009T1205142094_d_img_d18_x11520_y76800.png,0.2495,182.04,335.73,190.22,348.96
ch2_ohr_ncp_20251009T1205142094_d_img_d18_x11520_y76800.png,0.2436,104.83,327.99,112.35,340.19
ch2_ohr_ncp_20251009T1205142094_d_img_d18_x11520_y76800.png,0.2396,82.41,464.3,88.96,474.41
ch2_ohr_ncp_20251009T1205142094_d_img_d18_x11520_y76800.png,0.2372,443.54,342.56,451.32,353.92
ch2_ohr_ncp_20251009T1205142094_d_img_d18_x11520_y76800.png,0.233,403.89,303.62,409.96,311.22
ch2_ohr_ncp_20251009T1205142094_d_img_d18_x11520_y76800.png,0.2327,275.33,109.64,282.2,117.07
ch2_ohr_ncp_20251009T1205142094_d_img_d18_x11520_y76800.png,0.2323,292.5,90.78,297.79,98.43
ch2_ohr_ncp_20251009T1205142094_d_img_d18_x11520_y76800.png,0.221,166.5,449.03,178.73,468.63
ch2_ohr_ncp_20251009T1205142094_d_img_d18_x11520_y76800.png,0.2167,309.8,435.31,317.9,446.99
ch2_ohr_ncp_20251009T1205142094_d_img_d18_x11520_y76800.png,0.2148,372.03,198.76,387.47,220.54
ch2_ohr_ncp_20251009T1205142094_d_img_d18_x11520_y76800.png,0.2088,311.23,158.41,327.32,179.02
ch2_ohr_ncp_20251009T1205142094_d_img_d18_x11520_y76800.png,0.2074,0.3,382.08,8.96,407.39
ch2_ohr_ncp_20251009T1205142094_d_img_d18_x11520_y76800.png,0.2065,34.42,144.54,39.32,151.75
ch2_ohr_ncp_20251009T1205142094_d_img_d18_x11520_y76800.png,0.2038,146.87,368.04,152.61,373.9
ch2_ohr_ncp_20251009T1205142094_d_img_d18_x11520_y76800.png,0.2029,431.92,519.08,439.38,529.69
ch2_ohr_ncp_20251009T1205142094_d_img_d18_x11520_y76800.png,0.2023,373.11,405.5,377.82,411.14
ch2_ohr_ncp_20251009T1205142094_d_img_d18_x11520_y76800.png,0.2002,340.05,390.73,347.85,399.94
ch2_ohr_ncp_20251009T1205142094_d_img_d18_x11520_y77440.png,0.5337,228.59,522.45,239.89,545.94
ch2_ohr_ncp_20251009T1205142094_d_img_d18_x11520_y77440.png,0.4747,91.91,306.59,98.64,317.1
ch2_ohr_ncp_20251009T1205142094_d_img_d18_x11520_y77440.png,0.4534,252.81,524.0,265.29,547.2
ch2_ohr_ncp_20251009T1205142094_d_img_d18_x11520_y77440.png,0.4453,221.68,357.85,235.41,380.12
ch2_ohr_ncp_20251009T1205142094_d_img_d18_x11520_y77440.png,0.4344,277.23,543.49,292.77,576.43
ch2_ohr_ncp_20251009T1205142094_d_img_d18_x11520_y77440.png,0.4127,459.15,10.5,465.14,19.65
ch2_ohr_ncp_20251009T1205142094_d_img_d18_x11520_y77440.png,0.4107,361.8,423.96,372.41,440.68
ch2_ohr_ncp_20251009T1205142094_d_img_d18_x11520_y77440.png,0.3913,143.12,482.4,152.48,495.46
ch2_ohr_ncp_20251009T1205142094_d_img_d18_x11520_y77440.png,0.3908,265.37,507.22,272.15,516.77
ch2_ohr_ncp_20251009T1205142094_d_img_d18_x11520_y77440.png,0.3884,449.92,625.77,469.72,640.0
ch2_ohr_ncp_20251009T1205142094_d_img_d18_x11520_y77440.png,0.3841,200.3,515.32,206.1,523.06
ch2_ohr_ncp_20251009T1205142094_d_img_d18_x11520_y77440.png,0.3826,207.84,616.46,217.15,632.84
ch2_ohr_ncp_20251009T1205142094_d_img_d18_x11520_y77440.png,0.3815,415.28,366.79,422.68,378.11
ch2_ohr_ncp_20251009T1205142094_d_img_d18_x11520_y77440.png,0.3576,332.73,202.6,338.82,211.25
ch2_ohr_ncp_20251009T1205142094_d_img_d18_x11520_y77440.png,0.352,216.19,426.75,225.02,437.72
ch2_ohr_ncp_20251009T1205142094_d_img_d18_x11520_y77440.png,0.3484,179.88,415.49,189.62,433.34
ch2_ohr_ncp_20251009T1205142094_d_img_d18_x11520_y77440.png,0.3415,248.17,477.01,256.25,488.83
ch2_ohr_ncp_20251009T1205142094_d_img_d18_x11520_y77440.png,0.3404,99.21,234.83,105.49,244.0
ch2_ohr_ncp_20251009T1205142094_d_img_d18_x11520_y77440.png,0.3347,236.24,500.25,241.71,505.71
ch2_ohr_ncp_20251009T1205142094_d_img_d18_x11520_y77440.png,0.3293,451.72,306.58,464.96,331.81
ch2_ohr_ncp_20251009T1205142094_d_img_d18_x11520_y77440.png,0.3285,327.73,99.67,334.1,108.86
ch2_ohr_ncp_20251009T1205142094_d_img_d18_x11520_y77440.png,0.3143,356.37,516.22,361.94,522.84
ch2_ohr_ncp_20251009T1205142094_d_img_d18_x11520_y77440.png,0.2968,246.34,511.64,251.79,518.37
ch2_ohr_ncp_20251009T1205142094_d_img_d18_x11520_y77440.png,0.2916,134.68,245.92,143.12,258.36
ch2_ohr_ncp_20251009T1205142094_d_img_d18_x11520_y77440.png,0.2897,50.65,540.08,57.71,550.79
ch2_ohr_ncp_20251009T1205142094_d_img_d18_x11520_y77440.png,0.2664,156.64,322.41,162.54,329.38
ch2_ohr_ncp_20251009T1205142094_d_img_d18_x11520_y77440.png,0.2573,154.46,214.27,159.5,219.81
ch2_ohr_ncp_20251009T1205142094_d_img_d18_x11520_y77440.png,0.2568,351.75,467.3,358.0,477.47
ch2_ohr_ncp_20251009T1205142094_d_img_d18_x11520_y77440.png,0.2512,150.66,240.76,158.74,253.77
ch2_ohr_ncp_20251009T1205142094_d_img_d18_x11520_y77440.png,0.2446,29.93,395.86,38.41,407.27
ch2_ohr_ncp_20251009T1205142094_d_img_d18_x11520_y77440.png,0.24,260.94,471.6,266.3,477.89
ch2_ohr_ncp_20251009T1205142094_d_img_d18_x11520_y77440.png,0.239,51.77,291.85,58.95,299.04
ch2_ohr_ncp_20251009T1205142094_d_img_d18_x11520_y77440.png,0.2342,439.15,201.79,445.88,209.25
ch2_ohr_ncp_20251009T1205142094_d_img_d18_x11520_y77440.png,0.234,135.17,123.11,143.37,136.02
ch2_ohr_ncp_20251009T1205142094_d_img_d18_x11520_y77440.png,0.2253,257.27,448.93,262.64,455.63
ch2_ohr_ncp_20251009T1205142094_d_img_d18_x11520_y77440.png,0.2226,326.33,0.06,336.17,12.76
ch2_ohr_ncp_20251009T1205142094_d_img_d18_x11520_y77440.png,0.2143,162.42,471.79,168.56,479.19
ch2_ohr_ncp_20251009T1205142094_d_img_d18_x11520_y77440.png,0.2131,259.36,471.91,264.64,479.05
ch2_ohr_ncp_20251009T1205142094_d_img_d18_x11520_y77440.png,0.2118,349.51,170.5,355.91,177.08
ch2_ohr_ncp_20251009T1205142094_d_img_d18_x11520_y77440.png,0.2109,378.8,181.37,389.3,193.54
ch2_ohr_ncp_20251009T1205142094_d_img_d18_x11520_y77440.png,0.21,65.4,549.31,73.77,561.72
ch2_ohr_ncp_20251009T1205142094_d_img_d18_x11520_y77440.png,0.2098,380.33,299.78,391.96,322.99
ch2_ohr_ncp_20251009T1205142094_d_img_d18_x11520_y77440.png,0.2098,272.43,528.06,284.55,546.71
ch2_ohr_ncp_20251009T1205142094_d_img_d18_x11520_y77440.png,0.2096,349.27,483.74,364.67,503.76
ch2_ohr_ncp_20251009T1205142094_d_img_d18_x11520_y77440.png,0.2069,277.36,373.03,283.41,378.83
ch2_ohr_ncp_20251009T1205142094_d_img_d18_x11520_y77440.png,0.2064,357.26,367.54,364.39,375.09
ch2_ohr_ncp_20251009T1205142094_d_img_d18_x11520_y77440.png,0.2005,185.92,550.03,191.14,556.3
ch2_ohr_ncp_20251009T1205142094_d_img_d18_x11520_y78080.png,0.5464,140.27,351.85,151.05,371.06
ch2_ohr_ncp_20251009T1205142094_d_img_d18_x11520_y78080.png,0.4551,164.1,246.29,172.46,257.55
ch2_ohr_ncp_20251009T1205142094_d_img_d18_x11520_y78080.png,0.45,220.01,315.53,226.79,322.98
ch2_ohr_ncp_20251009T1205142094_d_img_d18_x11520_y78080.png,0.4465,265.53,279.8,274.38,288.9
ch2_ohr_ncp_20251009T1205142094_d_img_d18_x11520_y78080.png,0.4022,153.26,468.14,160.52,477.67
ch2_ohr_ncp_20251009T1205142094_d_img_d18_x11520_y78080.png,0.3981,223.63,55.79,232.05,66.3
ch2_ohr_ncp_20251009T1205142094_d_img_d18_x11520_y78080.png,0.3675,92.1,383.41,99.53,391.61
ch2_ohr_ncp_20251009T1205142094_d_img_d18_x11520_y78080.png,0.3646,379.43,618.84,386.35,627.8
ch2_ohr_ncp_20251009T1205142094_d_img_d18_x11520_y78080.png,0.3591,68.99,248.26,75.83,257.6
ch2_ohr_ncp_20251009T1205142094_d_img_d18_x11520_y78080.png,0.3545,52.75,48.42,63.61,65.93
ch2_ohr_ncp_20251009T1205142094_d_img_d18_x11520_y78080.png,0.3532,224.44,128.68,233.87,141.91
ch2_ohr_ncp_20251009T1205142094_d_img_d18_x11520_y78080.png,0.3521,210.69,254.15,217.87,267.58
ch2_ohr_ncp_20251009T1205142094_d_img_d18_x11520_y78080.png,0.3415,250.14,297.94,258.38,308.99
ch2_ohr_ncp_20251009T1205142094_d_img_d18_x11520_y78080.png,0.336,159.35,260.54,165.3,269.61
ch2_ohr_ncp_20251009T1205142094_d_img_d18_x11520_y78080.png,0.3302,417.67,0.0,436.65,27.82
ch2_ohr_ncp_20251009T1205142094_d_img_d18_x11520_y78080.png,0.327,438.22,622.85,446.71,638.32
ch2_ohr_ncp_20251009T1205142094_d_img_d18_x11520_y78080.png,0.3209,87.51,500.13,100.84,521.24
ch2_ohr_ncp_20251009T1205142094_d_img_d18_x11520_y78080.png,0.3183,328.38,352.31,336.3,362.81
ch2_ohr_ncp_20251009T1205142094_d_img_d18_x11520_y78080.png,0.3165,189.49,345.52,197.17,353.71
ch2_ohr_ncp_20251009T1205142094_d_img_d18_x11520_y78080.png,0.3148,322.39,274.97,328.87,283.97
ch2_ohr_ncp_20251009T1205142094_d_img_d18_x11520_y78080.png,0.3095,35.66,554.86,42.81,566.79
ch2_ohr_ncp_20251009T1205142094_d_img_d18_x11520_y78080.png,0.3081,112.85,614.71,128.21,636.1
ch2_ohr_ncp_20251009T1205142094_d_img_d18_x11520_y78080.png,0.3045,133.1,258.83,138.28,265.41
ch2_ohr_ncp_20251009T1205142094_d_img_d18_x11520_y78080.png,0.3024,352.91,506.61,358.71,514.46
ch2_ohr_ncp_20251009T1205142094_d_img_d18_x11520_y78080.png,0.3021,349.02,452.75,358.48,474.4
ch2_ohr_ncp_20251009T1205142094_d_img_d18_x11520_y78080.png,0.2933,252.92,461.62,259.43,470.44
ch2_ohr_ncp_20251009T1205142094_d_img_d18_x11520_y78080.png,0.293,43.56,230.66,50.2,238.39
ch2_ohr_ncp_20251009T1205142094_d_img_d18_x11520_y78080.png,0.2898,401.59,544.54,408.37,552.97
ch2_ohr_ncp_20251009T1205142094_d_img_d18_x11520_y78080.png,0.2863,397.36,341.43,406.05,352.42
ch2_ohr_ncp_20251009T1205142094_d_img_d18_x11520_y78080.png,0.2844,194.18,118.38,199.37,125.95
ch2_ohr_ncp_20251009T1205142094_d_img_d18_x11520_y78080.png,0.2793,85.81,218.22,94.09,229.95
ch2_ohr_ncp_20251009T1205142094_d_img_d18_x11520_y78080.png,0.2768,327.0,229.73,336.28,239.97
ch2_ohr_ncp_20251009T1205142094_d_img_d18_x11520_y78080.png,0.2704,359.97,527.85,373.95,547.17
ch2_ohr_ncp_20251009T1205142094_d_img_d18_x11520_y78080.png,0.2665,10.4,33.78,17.99,45.03
ch2_ohr_ncp_20251009T1205142094_d_img_d18_x11520_y78080.png,0.2633,103.45,271.81,110.19,285.4
ch2_ohr_ncp_20251009T1205142094_d_img_d18_x11520_y78080.png,0.2624,334.1,633.95,340.09,639.57
ch2_ohr_ncp_20251009T1205142094_d_img_d18_x11520_y78080.png,0.2614,304.06,358.0,315.62,367.87
ch2_ohr_ncp_20251009T1205142094_d_img_d18_x11520_y78080.png,0.2571,242.84,34.16,249.42,44.01
ch2_ohr_ncp_20251009T1205142094_d_img_d18_x11520_y78080.png,0.2558,349.84,114.02,357.37,124.66
ch2_ohr_ncp_20251009T1205142094_d_img_d18_x11520_y78080.png,0.2529,369.14,339.0,374.61,345.63
ch2_ohr_ncp_20251009T1205142094_d_img_d18_x11520_y78080.png,0.2453,286.82,586.37,294.95,597.56
ch2_ohr_ncp_20251009T1205142094_d_img_d18_x11520_y78080.png,0.244,264.2,484.5,270.21,492.36
ch2_ohr_ncp_20251009T1205142094_d_img_d18_x11520_y78080.png,0.244,77.87,1.14,101.29,34.24
ch2_ohr_ncp_20251009T1205142094_d_img_d18_x11520_y78080.png,0.2429,433.2,54.63,438.35,61.42
ch2_ohr_ncp_20251009T1205142094_d_img_d18_x11520_y78080.png,0.2421,297.22,524.51,318.43,546.54
ch2_ohr_ncp_20251009T1205142094_d_img_d18_x11520_y78080.png,0.2358,213.99,280.16,223.95,289.75
ch2_ohr_ncp_20251009T1205142094_d_img_d18_x11520_y78080.png,0.2358,373.13,167.43,381.17,180.39
ch2_ohr_ncp_20251009T1205142094_d_img_d18_x11520_y78080.png,0.2347,288.05,410.32,294.7,419.09
ch2_ohr_ncp_20251009T1205142094_d_img_d18_x11520_y78080.png,0.2305,223.63,393.51,234.73,419.12
ch2_ohr_ncp_20251009T1205142094_d_img_d18_x11520_y78080.png,0.2302,367.56,410.79,373.37,416.72
ch2_ohr_ncp_20251009T1205142094_d_img_d18_x11520_y78080.png,0.2299,292.94,361.33,299.75,369.49
ch2_ohr_ncp_20251009T1205142094_d_img_d18_x11520_y78080.png,0.2292,420.5,362.01,426.08,369.64
ch2_ohr_ncp_20251009T1205142094_d_img_d18_x11520_y78080.png,0.2282,151.38,490.93,157.39,498.88
ch2_ohr_ncp_20251009T1205142094_d_img_d18_x11520_y78080.png,0.2262,65.35,398.96,73.82,410.67
ch2_ohr_ncp_20251009T1205142094_d_img_d18_x11520_y78080.png,0.2198,360.89,353.56,365.7,359.6
ch2_ohr_ncp_20251009T1205142094_d_img_d18_x11520_y78080.png,0.2186,459.67,50.45,465.44,59.52
ch2_ohr_ncp_20251009T1205142094_d_img_d18_x11520_y78080.png,0.2121,226.23,392.75,236.12,406.79
ch2_ohr_ncp_20251009T1205142094_d_img_d18_x11520_y78080.png,0.2119,165.3,248.14,172.84,257.25
ch2_ohr_ncp_20251009T1205142094_d_img_d18_x11520_y78080.png,0.2098,231.18,230.38,241.02,240.99
ch2_ohr_ncp_20251009T1205142094_d_img_d18_x11520_y78080.png,0.2097,106.84,531.04,128.92,566.52
ch2_ohr_ncp_20251009T1205142094_d_img_d18_x11520_y78080.png,0.2078,174.12,357.8,185.91,375.86
ch2_ohr_ncp_20251009T1205142094_d_img_d18_x11520_y78080.png,0.2075,204.65,282.42,216.28,303.78
ch2_ohr_ncp_20251009T1205142094_d_img_d18_x11520_y78080.png,0.2072,290.62,24.05,296.12,31.39
ch2_ohr_ncp_20251009T1205142094_d_img_d18_x11520_y78080.png,0.2038,316.18,21.24,333.7,45.89
ch2_ohr_ncp_20251009T1205142094_d_img_d18_x11520_y78080.png,0.2014,339.23,507.68,344.23,514.22
ch2_ohr_ncp_20251009T1205142094_d_img_d18_x11520_y78080.png,0.2013,35.0,78.85,41.03,85.51
ch2_ohr_ncp_20251009T1205142094_d_img_d18_x11520_y78080.png,0.2008,134.81,618.73,144.26,633.11
ch2_ohr_ncp_20251009T1205142094_d_img_d18_x11520_y78080.png,0.2006,345.89,588.0,354.9,597.54
ch2_ohr_ncp_20251009T1205142094_d_img_d18_x11520_y78720.png,0.4879,70.27,419.51,79.14,433.31
ch2_ohr_ncp_20251009T1205142094_d_img_d18_x11520_y78720.png,0.451,249.92,328.12,265.25,350.68
ch2_ohr_ncp_20251009T1205142094_d_img_d18_x11520_y78720.png,0.3565,194.84,632.47,202.05,638.91
ch2_ohr_ncp_20251009T1205142094_d_img_d18_x11520_y78720.png,0.3365,245.96,293.39,254.18,308.12
ch2_ohr_ncp_20251009T1205142094_d_img_d18_x11520_y78720.png,0.3327,16.88,405.85,23.58,413.76
ch2_ohr_ncp_20251009T1205142094_d_img_d18_x11520_y78720.png,0.3295,119.91,47.17,136.86,70.29
ch2_ohr_ncp_20251009T1205142094_d_img_d18_x11520_y78720.png,0.3147,455.47,261.51,464.23,274.49
ch2_ohr_ncp_20251009T1205142094_d_img_d18_x11520_y78720.png,0.313,417.4,401.45,425.84,412.47
ch2_ohr_ncp_20251009T1205142094_d_img_d18_x11520_y78720.png,0.3083,34.09,246.54,46.69,270.02
ch2_ohr_ncp_20251009T1205142094_d_img_d18_x11520_y78720.png,0.3049,355.19,139.29,360.26,145.26
ch2_ohr_ncp_20251009T1205142094_d_img_d18_x11520_y78720.png,0.3016,407.32,191.25,413.81,202.29
ch2_ohr_ncp_20251009T1205142094_d_img_d18_x11520_y78720.png,0.2982,198.42,337.76,207.97,349.16
ch2_ohr_ncp_20251009T1205142094_d_img_d18_x11520_y78720.png,0.2882,430.79,513.52,454.35,552.05
ch2_ohr_ncp_20251009T1205142094_d_img_d18_x11520_y78720.png,0.287,315.91,557.44,320.87,563.35
ch2_ohr_ncp_20251009T1205142094_d_img_d18_x11520_y78720.png,0.2864,255.2,243.56,263.11,254.29
ch2_ohr_ncp_20251009T1205142094_d_img_d18_x11520_y78720.png,0.281,330.59,592.76,338.52,605.9
ch2_ohr_ncp_20251009T1205142094_d_img_d18_x11520_y78720.png,0.2769,449.99,408.05,457.86,418.57
ch2_ohr_ncp_20251009T1205142094_d_img_d18_x11520_y78720.png,0.2765,228.78,332.22,235.0,341.31
ch2_ohr_ncp_20251009T1205142094_d_img_d18_x11520_y78720.png,0.2762,433.06,391.94,439.84,400.67
ch2_ohr_ncp_20251009T1205142094_d_img_d18_x11520_y78720.png,0.273,121.59,366.82,128.72,376.18
ch2_ohr_ncp_20251009T1205142094_d_img_d18_x11520_y78720.png,0.2689,98.08,559.21,112.39,578.37
ch2_ohr_ncp_20251009T1205142094_d_img_d18_x11520_y78720.png,0.2669,390.27,353.51,400.32,367.99
ch2_ohr_ncp_20251009T1205142094_d_img_d18_x11520_y78720.png,0.2619,322.01,164.6,327.14,172.36
ch2_ohr_ncp_20251009T1205142094_d_img_d18_x11520_y78720.png,0.257,292.13,23.81,297.27,30.18
ch2_ohr_ncp_20251009T1205142094_d_img_d18_x11520_y78720.png,0.254,339.07,161.29,346.98,173.22
ch2_ohr_ncp_20251009T1205142094_d_img_d18_x11520_y78720.png,0.2533,123.12,404.7,130.01,413.46
ch2_ohr_ncp_20251009T1205142094_d_img_d18_x11520_y78720.png,0.2527,433.97,272.58,440.02,282.93
ch2_ohr_ncp_20251009T1205142094_d_img_d18_x11520_y78720.png,0.2484,68.1,341.13,85.23,371.53
ch2_ohr_ncp_20251009T1205142094_d_img_d18_x11520_y78720.png,0.2416,41.66,2.23,64.83,32.61
ch2_ohr_ncp_20251009T1205142094_d_img_d18_x11520_y78720.png,0.2406,380.13,351.29,385.54,358.28
ch2_ohr_ncp_20251009T1205142094_d_img_d18_x11520_y78720.png,0.2403,334.1,562.55,342.21,568.63
ch2_ohr_ncp_20251009T1205142094_d_img_d18_x11520_y78720.png,0.2399,71.52,2.81,78.36,13.52
ch2_ohr_ncp_20251009T1205142094_d_img_d18_x11520_y78720.png,0.2395,80.95,399.71,85.72,406.35
ch2_ohr_ncp_20251009T1205142094_d_img_d18_x11520_y78720.png,0.2382,341.99,574.31,350.24,585.68
ch2_ohr_ncp_20251009T1205142094_d_img_d18_x11520_y78720.png,0.2357,195.71,228.16,206.53,241.54
ch2_ohr_ncp_20251009T1205142094_d_img_d18_x11520_y78720.png,0.2245,330.6,368.64,346.92,403.07
ch2_ohr_ncp_20251009T1205142094_d_img_d18_x11520_y78720.png,0.2212,377.79,488.4,385.1,497.51
ch2_ohr_ncp_20251009T1205142094_d_img_d18_x11520_y78720.png,0.2204,175.96,424.03,183.94,432.89
ch2_ohr_ncp_20251009T1205142094_d_img_d18_x11520_y78720.png,0.2186,45.0,368.33,50.26,376.32
ch2_ohr_ncp_20251009T1205142094_d_img_d18_x11520_y78720.png,0.2176,189.43,262.93,197.01,272.56
ch2_ohr_ncp_20251009T1205142094_d_img_d18_x11520_y78720.png,0.2173,448.52,368.72,456.56,378.88
ch2_ohr_ncp_20251009T1205142094_d_img_d18_x11520_y78720.png,0.2097,398.43,114.89,407.06,127.43
ch2_ohr_ncp_20251009T1205142094_d_img_d18_x11520_y78720.png,0.2091,397.48,518.7,411.75,540.84
ch2_ohr_ncp_20251009T1205142094_d_img_d18_x11520_y78720.png,0.2051,0.68,411.73,7.39,420.51
ch2_ohr_ncp_20251009T1205142094_d_img_d18_x11520_y78720.png,0.2029,334.46,312.31,345.96,327.84
ch2_ohr_ncp_20251009T1205142094_d_img_d18_x11520_y79360.png,0.3714,53.79,425.08,61.96,437.11
ch2_ohr_ncp_20251009T1205142094_d_img_d18_x11520_y79360.png,0.3358,386.45,457.05,393.32,467.27
ch2_ohr_ncp_20251009T1205142094_d_img_d18_x11520_y79360.png,0.3283,337.37,628.76,345.38,638.26
ch2_ohr_ncp_20251009T1205142094_d_img_d18_x11520_y79360.png,0.3195,252.26,559.8,267.84,581.45
ch2_ohr_ncp_20251009T1205142094_d_img_d18_x11520_y79360.png,0.2916,400.49,242.16,408.21,252.26
ch2_ohr_ncp_20251009T1205142094_d_img_d18_x11520_y79360.png,0.291,206.28,433.4,214.01,444.98
ch2_ohr_ncp_20251009T1205142094_d_img_d18_x11520_y79360.png,0.2867,298.4,81.29,306.41,91.08
ch2_ohr_ncp_20251009T1205142094_d_img_d18_x11520_y79360.png,0.2857,232.54,506.05,240.79,515.11
ch2_ohr_ncp_20251009T1205142094_d_img_d18_x11520_y79360.png,0.2722,250.19,0.29,258.27,6.41
ch2_ohr_ncp_20251009T1205142094_d_img_d18_x11520_y79360.png,0.2673,0.0,8.45,13.26,39.8
ch2_ohr_ncp_20251009T1205142094_d_img_d18_x11520_y79360.png,0.2635,369.91,506.13,375.82,514.0
ch2_ohr_ncp_20251009T1205142094_d_img_d18_x11520_y79360.png,0.2552,364.17,425.54,373.62,438.09
ch2_ohr_ncp_20251009T1205142094_d_img_d18_x11520_y79360.png,0.2448,346.41,425.47,351.64,431.15
ch2_ohr_ncp_20251009T1205142094_d_img_d18_x11520_y79360.png,0.2444,307.1,592.01,313.04,598.77
ch2_ohr_ncp_20251009T1205142094_d_img_d18_x11520_y79360.png,0.2422,201.43,347.42,211.14,359.37
ch2_ohr_ncp_20251009T1205142094_d_img_d18_x11520_y79360.png,0.2352,313.41,7.43,319.76,16.14
ch2_ohr_ncp_20251009T1205142094_d_img_d18_x11520_y79360.png,0.2317,230.68,399.24,238.43,410.14
ch2_ohr_ncp_20251009T1205142094_d_img_d18_x11520_y79360.png,0.2312,378.48,602.31,384.83,612.63
ch2_ohr_ncp_20251009T1205142094_d_img_d18_x11520_y79360.png,0.2309,323.83,450.05,340.02,477.9
ch2_ohr_ncp_20251009T1205142094_d_img_d18_x11520_y79360.png,0.2191,186.84,178.23,193.63,188.4
ch2_ohr_ncp_20251009T1205142094_d_img_d18_x11520_y79360.png,0.2188,402.33,401.85,409.5,411.54
ch2_ohr_ncp_20251009T1205142094_d_img_d18_x11520_y79360.png,0.2147,243.75,23.59,252.38,34.37
ch2_ohr_ncp_20251009T1205142094_d_img_d18_x11520_y79360.png,0.2124,183.83,367.27,199.94,385.5
ch2_ohr_ncp_20251009T1205142094_d_img_d18_x11520_y79360.png,0.208,374.99,535.83,381.59,543.7
ch2_ohr_ncp_20251009T1205142094_d_img_d18_x11520_y79360.png,0.2076,213.65,564.56,219.09,571.54
ch2_ohr_ncp_20251009T1205142094_d_img_d18_x11520_y79360.png,0.2029,83.11,546.55,95.21,575.7
ch2_ohr_ncp_20251009T1205142094_d_img_d18_x11520_y79360.png,0.2024,236.39,333.66,242.23,341.33
ch2_ohr_ncp_20251009T1205142094_d_img_d18_x11520_y80000.png,0.6419,446.45,574.68,462.78,600.75
ch2_ohr_ncp_20251009T1205142094_d_img_d18_x11520_y80000.png,0.5704,351.5,165.15,360.3,176.85
ch2_ohr_ncp_20251009T1205142094_d_img_d18_x11520_y80000.png,0.5262,158.03,222.1,170.0,245.4
ch2_ohr_ncp_20251009T1205142094_d_img_d18_x11520_y80000.png,0.5044,19.27,613.28,35.46,637.43
ch2_ohr_ncp_20251009T1205142094_d_img_d18_x11520_y80000.png,0.4794,367.49,534.38,376.71,548.17
ch2_ohr_ncp_20251009T1205142094_d_img_d18_x11520_y80000.png,0.4659,20.23,613.95,36.1,631.9
ch2_ohr_ncp_20251009T1205142094_d_img_d18_x11520_y80000.png,0.4317,82.9,606.11,96.6,629.09
ch2_ohr_ncp_20251009T1205142094_d_img_d18_x11520_y80000.png,0.4263,438.43,416.33,451.17,435.55
ch2_ohr_ncp_20251009T1205142094_d_img_d18_x11520_y80000.png,0.417,194.53,457.72,202.05,467.66
ch2_ohr_ncp_20251009T1205142094_d_img_d18_x11520_y80000.png,0.4163,355.49,188.87,367.03,207.73
ch2_ohr_ncp_20251009T1205142094_d_img_d18_x11520_y80000.png,0.4136,345.34,372.43,357.85,390.83
ch2_ohr_ncp_20251009T1205142094_d_img_d18_x11520_y80000.png,0.405,2.96,150.41,18.46,172.55
ch2_ohr_ncp_20251009T1205142094_d_img_d18_x11520_y80000.png,0.3978,281.57,258.97,290.86,274.08
ch2_ohr_ncp_20251009T1205142094_d_img_d18_x11520_y80000.png,0.3947,334.51,164.19,346.54,181.62
ch2_ohr_ncp_20251009T1205142094_d_img_d18_x11520_y80000.png,0.3928,243.69,605.46,250.7,615.27
ch2_ohr_ncp_20251009T1205142094_d_img_d18_x11520_y80000.png,0.3791,411.17,92.77,418.03,100.73
ch2_ohr_ncp_20251009T1205142094_d_img_d18_x11520_y80000.png,0.376,335.05,388.11,343.01,400.87
ch2_ohr_ncp_20251009T1205142094_d_img_d18_x11520_y80000.png,0.3683,428.9,79.72,433.32,85.08
ch2_ohr_ncp_20251009T1205142094_d_img_d18_x11520_y80000.png,0.3667,316.43,563.59,324.52,575.01
ch2_ohr_ncp_20251009T1205142094_d_img_d18_x11520_y80000.png,0.3658,384.55,419.3,398.43,438.91
ch2_ohr_ncp_20251009T1205142094_d_img_d18_x11520_y80000.png,0.3632,0.46,260.88,7.6,276.02
ch2_ohr_ncp_20251009T1205142094_d_img_d18_x11520_y80000.png,0.3599,464.35,40.02,471.49,52.72
ch2_ohr_ncp_20251009T1205142094_d_img_d18_x11520_y80000.png,0.3511,175.65,459.31,184.83,471.49
ch2_ohr_ncp_20251009T1205142094_d_img_d18_x11520_y80000.png,0.345,123.11,168.24,129.32,175.25
ch2_ohr_ncp_20251009T1205142094_d_img_d18_x11520_y80000.png,0.3424,363.42,55.59,369.51,63.38
ch2_ohr_ncp_20251009T1205142094_d_img_d18_x11520_y80000.png,0.3313,89.21,580.52,95.96,588.0
ch2_ohr_ncp_20251009T1205142094_d_img_d18_x11520_y80000.png,0.3289,398.63,629.81,408.45,638.92
ch2_ohr_ncp_20251009T1205142094_d_img_d18_x11520_y80000.png,0.3208,419.86,123.74,428.11,134.45
ch2_ohr_ncp_20251009T1205142094_d_img_d18_x11520_y80000.png,0.317,24.55,82.67,31.33,90.75
ch2_ohr_ncp_20251009T1205142094_d_img_d18_x11520_y80000.png,0.3055,16.87,504.11,24.4,514.79
ch2_ohr_ncp_20251009T1205142094_d_img_d18_x11520_y80000.png,0.3049,378.42,548.0,386.25,557.53
ch2_ohr_ncp_20251009T1205142094_d_img_d18_x11520_y80000.png,0.3047,380.47,170.06,387.77,180.22
ch2_ohr_ncp_20251009T1205142094_d_img_d18_x11520_y80000.png,0.3009,319.85,623.05,325.86,632.29
ch2_ohr_ncp_20251009T1205142094_d_img_d18_x11520_y80000.png,0.2935,240.02,312.23,249.17,324.97
ch2_ohr_ncp_20251009T1205142094_d_img_d18_x11520_y80000.png,0.2913,380.64,144.23,388.01,151.52
ch2_ohr_ncp_20251009T1205142094_d_img_d18_x11520_y80000.png,0.2882,52.75,498.41,58.06,504.77
ch2_ohr_ncp_20251009T1205142094_d_img_d18_x11520_y80000.png,0.2871,306.65,172.07,321.94,194.0
ch2_ohr_ncp_20251009T1205142094_d_img_d18_x11520_y80000.png,0.287,137.0,493.83,144.11,502.65
ch2_ohr_ncp_20251009T1205142094_d_img_d18_x11520_y80000.png,0.2867,370.75,115.8,377.25,124.18
ch2_ohr_ncp_20251009T1205142094_d_img_d18_x11520_y80000.png,0.2832,425.38,498.65,431.94,505.15
ch2_ohr_ncp_20251009T1205142094_d_img_d18_x11520_y80000.png,0.2785,383.54,500.13,390.7,510.9
ch2_ohr_ncp_20251009T1205142094_d_img_d18_x11520_y80000.png,0.2772,434.73,365.27,441.93,374.13
ch2_ohr_ncp_20251009T1205142094_d_img_d18_x11520_y80000.png,0.2772,181.65,152.47,186.71,158.56
ch2_ohr_ncp_20251009T1205142094_d_img_d18_x11520_y80000.png,0.274,306.5,440.32,319.01,457.11
ch2_ohr_ncp_20251009T1205142094_d_img_d18_x11520_y80000.png,0.2737,246.45,182.02,255.62,197.46
ch2_ohr_ncp_20251009T1205142094_d_img_d18_x11520_y80000.png,0.2703,298.69,2.66,331.82,56.35
ch2_ohr_ncp_20251009T1205142094_d_img_d18_x11520_y80000.png,0.2623,2.38,137.39,11.04,147.9
ch2_ohr_ncp_20251009T1205142094_d_img_d18_x11520_y80000.png,0.2614,429.66,79.39,434.12,84.7
ch2_ohr_ncp_20251009T1205142094_d_img_d18_x11520_y80000.png,0.2551,274.71,226.89,280.61,234.96
ch2_ohr_ncp_20251009T1205142094_d_img_d18_x11520_y80000.png,0.2529,143.56,475.26,149.22,481.61
ch2_ohr_ncp_20251009T1205142094_d_img_d18_x11520_y80000.png,0.2522,343.83,103.57,350.09,113.34
ch2_ohr_ncp_20251009T1205142094_d_img_d18_x11520_y80000.png,0.2517,58.79,254.81,65.92,265.87
ch2_ohr_ncp_20251009T1205142094_d_img_d18_x11520_y80000.png,0.2465,27.85,72.03,33.85,79.29
ch2_ohr_ncp_20251009T1205142094_d_img_d18_x11520_y80000.png,0.2392,418.53,616.19,429.26,629.89
ch2_ohr_ncp_20251009T1205142094_d_img_d18_x11520_y80000.png,0.2361,433.38,96.9,439.9,107.21
ch2_ohr_ncp_20251009T1205142094_d_img_d18_x11520_y80000.png,0.2274,381.91,167.61,388.37,179.86
ch2_ohr_ncp_20251009T1205142094_d_img_d18_x11520_y80000.png,0.2254,439.95,476.42,447.78,484.76
ch2_ohr_ncp_20251009T1205142094_d_img_d18_x11520_y80000.png,0.2251,51.82,498.64,57.42,506.19
ch2_ohr_ncp_20251009T1205142094_d_img_d18_x11520_y80000.png,0.2216,243.45,604.39,251.99,615.9
ch2_ohr_ncp_20251009T1205142094_d_img_d18_x11520_y80000.png,0.2184,465.66,596.77,480.27,619.04
ch2_ohr_ncp_20251009T1205142094_d_img_d18_x11520_y80000.png,0.2169,304.29,578.54,311.9,586.52
ch2_ohr_ncp_20251009T1205142094_d_img_d18_x11520_y80000.png,0.2115,350.6,430.9,360.12,444.63
ch2_ohr_ncp_20251009T1205142094_d_img_d18_x11520_y80000.png,0.211,356.35,360.4,363.65,369.65
ch2_ohr_ncp_20251009T1205142094_d_img_d18_x11520_y80000.png,0.2107,405.85,243.98,411.98,252.01
ch2_ohr_ncp_20251009T1205142094_d_img_d18_x11520_y80000.png,0.2085,37.31,473.24,43.29,480.17
ch2_ohr_ncp_20251009T1205142094_d_img_d18_x11520_y80000.png,0.2081,366.98,414.64,376.39,426.35
ch2_ohr_ncp_20251009T1205142094_d_img_d18_x11520_y80640.png,0.5445,15.27,362.45,22.94,371.95
ch2_ohr_ncp_20251009T1205142094_d_img_d18_x11520_y80640.png,0.5195,456.27,427.82,465.03,442.1
ch2_ohr_ncp_20251009T1205142094_d_img_d18_x11520_y80640.png,0.5142,332.95,109.74,347.01,134.38
ch2_ohr_ncp_20251009T1205142094_d_img_d18_x11520_y80640.png,0.49,207.29,330.11,215.35,340.69
ch2_ohr_ncp_20251009T1205142094_d_img_d18_x11520_y80640.png,0.453,376.96,88.89,383.81,98.39
ch2_ohr_ncp_20251009T1205142094_d_img_d18_x11520_y80640.png,0.4527,203.47,127.19,210.54,136.71
ch2_ohr_ncp_20251009T1205142094_d_img_d18_x11520_y80640.png,0.4439,127.56,617.3,137.84,631.58
ch2_ohr_ncp_20251009T1205142094_d_img_d18_x11520_y80640.png,0.442,260.3,138.32,271.75,159.89
ch2_ohr_ncp_20251009T1205142094_d_img_d18_x11520_y80640.png,0.4362,377.58,12.82,397.58,57.2
ch2_ohr_ncp_20251009T1205142094_d_img_d18_x11520_y80640.png,0.4361,261.24,268.53,270.64,283.65
ch2_ohr_ncp_20251009T1205142094_d_img_d18_x11520_y80640.png,0.4343,78.17,605.63,84.23,613.6
ch2_ohr_ncp_20251009T1205142094_d_img_d18_x11520_y80640.png,0.4302,222.29,247.32,230.09,258.03
ch2_ohr_ncp_20251009T1205142094_d_img_d18_x11520_y80640.png,0.4299,302.01,406.1,314.17,424.21
ch2_ohr_ncp_20251009T1205142094_d_img_d18_x11520_y80640.png,0.4229,339.94,452.58,349.98,464.7
ch2_ohr_ncp_20251009T1205142094_d_img_d18_x11520_y80640.png,0.4222,368.87,375.25,383.73,394.85
ch2_ohr_ncp_20251009T1205142094_d_img_d18_x11520_y80640.png,0.4139,452.96,219.6,466.13,246.04
ch2_ohr_ncp_20251009T1205142094_d_img_d18_x11520_y80640.png,0.4123,36.22,614.88,45.12,625.48
ch2_ohr_ncp_20251009T1205142094_d_img_d18_x11520_y80640.png,0.4079,17.66,515.15,25.56,524.61
ch2_ohr_ncp_20251009T1205142094_d_img_d18_x11520_y80640.png,0.4018,318.98,44.71,336.23,84.85
ch2_ohr_ncp_20251009T1205142094_d_img_d18_x11520_y80640.png,0.4015,211.44,71.97,217.62,85.28
ch2_ohr_ncp_20251009T1205142094_d_img_d18_x11520_y80640.png,0.3971,191.81,68.32,198.1,76.66
ch2_ohr_ncp_20251009T1205142094_d_img_d18_x11520_y80640.png,0.3969,12.31,589.52,18.33,597.83
ch2_ohr_ncp_20251009T1205142094_d_img_d18_x11520_y80640.png,0.3968,339.71,432.56,345.57,438.78
ch2_ohr_ncp_20251009T1205142094_d_img_d18_x11520_y80640.png,0.3968,203.83,50.47,209.77,56.61
ch2_ohr_ncp_20251009T1205142094_d_img_d18_x11520_y80640.png,0.3762,97.27,419.89,117.79,448.13
ch2_ohr_ncp_20251009T1205142094_d_img_d18_x11520_y80640.png,0.3757,7.74,439.73,15.14,449.43
ch2_ohr_ncp_20251009T1205142094_d_img_d18_x11520_y80640.png,0.3737,313.0,459.86,320.34,470.96
ch2_ohr_ncp_20251009T1205142094_d_img_d18_x11520_y80640.png,0.3726,135.55,111.58,151.77,144.66
ch2_ohr_ncp_20251009T1205142094_d_img_d18_x11520_y80640.png,0.372,196.85,350.77,203.04,359.16
ch2_ohr_ncp_20251009T1205142094_d_img_d18_x11520_y80640.png,0.3671,4.58,400.76,10.9,408.89
ch2_ohr_ncp_20251009T1205142094_d_img_d18_x11520_y80640.png,0.3656,194.13,289.48,203.68,305.8
ch2_ohr_ncp_20251009T1205142094_d_img_d18_x11520_y80640.png,0.3627,123.71,125.89,129.71,133.87
ch2_ohr_ncp_20251009T1205142094_d_img_d18_x11520_y80640.png,0.3606,387.34,259.01,402.86,285.3
ch2_ohr_ncp_20251009T1205142094_d_img_d18_x11520_y80640.png,0.36,403.59,322.97,409.98,332.93
ch2_ohr_ncp_20251009T1205142094_d_img_d18_x11520_y80640.png,0.355,5.06,632.33,14.64,639.81
ch2_ohr_ncp_20251009T1205142094_d_img_d18_x11520_y80640.png,0.3545,36.85,481.6,42.45,487.9
ch2_ohr_ncp_20251009T1205142094_d_img_d18_x11520_y80640.png,0.3497,64.44,329.37,73.61,340.49
ch2_ohr_ncp_20251009T1205142094_d_img_d18_x11520_y80640.png,0.3493,165.19,601.55,170.7,609.0
ch2_ohr_ncp_20251009T1205142094_d_img_d18_x11520_y80640.png,0.347,50.77,440.67,57.93,451.2
ch2_ohr_ncp_20251009T1205142094_d_img_d18_x11520_y80640.png,0.337,351.89,518.51,360.38,529.0
ch2_ohr_ncp_20251009T1205142094_d_img_d18_x11520_y80640.png,0.3361,15.72,468.76,22.06,478.2
ch2_ohr_ncp_20251009T1205142094_d_img_d18_x11520_y80640.png,0.3317,0.95,90.05,8.66,101.41
ch2_ohr_ncp_20251009T1205142094_d_img_d18_x11520_y80640.png,0.3315,177.15,55.93,185.68,67.06
ch2_ohr_ncp_20251009T1205142094_d_img_d18_x11520_y80640.png,0.3287,399.01,406.21,410.21,419.5
ch2_ohr_ncp_20251009T1205142094_d_img_d18_x11520_y80640.png,0.3284,196.06,115.68,203.2,124.56
ch2_ohr_ncp_20251009T1205142094_d_img_d18_x11520_y80640.png,0.3279,13.34,489.45,20.87,498.17
ch2_ohr_ncp_20251009T1205142094_d_img_d18_x11520_y80640.png,0.3275,18.18,442.86,25.76,453.11
ch2_ohr_ncp_20251009T1205142094_d_img_d18_x11520_y80640.png,0.324,167.61,90.9,174.99,101.85
ch2_ohr_ncp_20251009T1205142094_d_img_d18_x11520_y80640.png,0.32,354.33,474.68,369.73,493.26
ch2_ohr_ncp_20251009T1205142094_d_img_d18_x11520_y80640.png,0.3185,346.73,38.95,354.0,47.2
ch2_ohr_ncp_20251009T1205142094_d_img_d18_x11520_y80640.png,0.3127,263.82,212.37,274.61,227.36
ch2_ohr_ncp_20251009T1205142094_d_img_d18_x11520_y80640.png,0.3121,213.47,120.89,219.87,129.98
ch2_ohr_ncp_20251009T1205142094_d_img_d18_x11520_y80640.png,0.3118,131.95,498.95,139.8,510.25
ch2_ohr_ncp_20251009T1205142094_d_img_d18_x11520_y80640.png,0.3115,369.45,297.48,375.78,306.02
ch2_ohr_ncp_20251009T1205142094_d_img_d18_x11520_y80640.png,0.308,147.0,180.89,153.32,187.49
ch2_ohr_ncp_20251009T1205142094_d_img_d18_x11520_y80640.png,0.3066,309.61,156.08,314.79,161.67
ch2_ohr_ncp_20251009T1205142094_d_img_d18_x11520_y80640.png,0.3059,405.78,437.96,419.26,453.45
ch2_ohr_ncp_20251009T1205142094_d_img_d18_x11520_y80640.png,0.2987,270.64,241.3,287.97,261.29
ch2_ohr_ncp_20251009T1205142094_d_img_d18_x11520_y80640.png,0.2982,257.16,464.66,262.39,471.26
ch2_ohr_ncp_20251009T1205142094_d_img_d18_x11520_y80640.png,0.297,75.44,383.93,89.93,398.56
ch2_ohr_ncp_20251009T1205142094_d_img_d18_x11520_y80640.png,0.2965,252.6,107.41,261.92,119.1
ch2_ohr_ncp_20251009T1205142094_d_img_d18_x11520_y80640.png,0.2932,352.25,623.73,359.8,636.47
ch2_ohr_ncp_20251009T1205142094_d_img_d18_x11520_y80640.png,0.2904,45.42,453.82,50.53,460.2
ch2_ohr_ncp_20251009T1205142094_d_img_d18_x11520_y80640.png,0.2882,352.52,520.73,360.31,529.65
ch2_ohr_ncp_20251009T1205142094_d_img_d18_x11520_y80640.png,0.2881,332.3,111.92,342.76,134.55
ch2_ohr_ncp_20251009T1205142094_d_img_d18_x11520_y80640.png,0.2848,23.54,627.56,27.5,632.9
ch2_ohr_ncp_20251009T1205142094_d_img_d18_x11520_y80640.png,0.284,129.89,333.41,135.66,340.41
ch2_ohr_ncp_20251009T1205142094_d_img_d18_x11520_y80640.png,0.2823,204.61,492.31,217.39,518.47
ch2_ohr_ncp_20251009T1205142094_d_img_d18_x11520_y80640.png,0.274,234.98,532.0,241.32,540.87
ch2_ohr_ncp_20251009T1205142094_d_img_d18_x11520_y80640.png,0.2701,205.96,330.35,214.98,342.46
ch2_ohr_ncp_20251009T1205142094_d_img_d18_x11520_y80640.png,0.2638,385.54,106.38,391.49,112.74
ch2_ohr_ncp_20251009T1205142094_d_img_d18_x11520_y80640.png,0.2597,78.99,288.35,85.3,295.6
ch2_ohr_ncp_20251009T1205142094_d_img_d18_x11520_y80640.png,0.2593,322.01,329.04,327.51,336.08
ch2_ohr_ncp_20251009T1205142094_d_img_d18_x11520_y80640.png,0.2578,19.05,500.43,25.64,507.93
ch2_ohr_ncp_20251009T1205142094_d_img_d18_x11520_y80640.png,0.2561,47.22,69.88,53.59,78.05
ch2_ohr_ncp_20251009T1205142094_d_img_d18_x11520_y80640.png,0.2546,105.85,623.93,112.56,634.29
ch2_ohr_ncp_20251009T1205142094_d_img_d18_x11520_y80640.png,0.2519,219.91,151.0,225.89,158.35
ch2_ohr_ncp_20251009T1205142094_d_img_d18_x11520_y80640.png,0.2506,293.2,609.35,306.29,622.31
ch2_ohr_ncp_20251009T1205142094_d_img_d18_x11520_y80640.png,0.248,318.21,502.21,323.95,509.97
ch2_ohr_ncp_20251009T1205142094_d_img_d18_x11520_y80640.png,0.2469,24.35,627.27,28.88,633.51
ch2_ohr_ncp_20251009T1205142094_d_img_d18_x11520_y80640.png,0.2427,399.4,0.0,408.82,6.34
ch2_ohr_ncp_20251009T1205142094_d_img_d18_x11520_y80640.png,0.2417,1.97,90.12,9.26,99.83
ch2_ohr_ncp_20251009T1205142094_d_img_d18_x11520_y80640.png,0.2407,343.29,547.37,348.83,552.87
ch2_ohr_ncp_20251009T1205142094_d_img_d18_x11520_y80640.png,0.2399,14.96,461.71,23.14,477.1
ch2_ohr_ncp_20251009T1205142094_d_img_d18_x11520_y80640.png,0.2362,308.56,156.82,314.02,162.36
ch2_ohr_ncp_20251009T1205142094_d_img_d18_x11520_y80640.png,0.2351,23.49,626.92,28.06,633.63
ch2_ohr_ncp_20251009T1205142094_d_img_d18_x11520_y80640.png,0.2341,34.88,628.74,50.53,640.0
ch2_ohr_ncp_20251009T1205142094_d_img_d18_x11520_y80640.png,0.2322,1.71,552.21,11.09,563.95
ch2_ohr_ncp_20251009T1205142094_d_img_d18_x11520_y80640.png,0.2318,397.43,623.02,406.56,633.14
ch2_ohr_ncp_20251009T1205142094_d_img_d18_x11520_y80640.png,0.2304,470.63,624.87,478.6,633.59
ch2_ohr_ncp_20251009T1205142094_d_img_d18_x11520_y80640.png,0.2296,469.78,261.03,478.55,272.1
ch2_ohr_ncp_20251009T1205142094_d_img_d18_x11520_y80640.png,0.2281,291.11,415.14,296.85,422.47
ch2_ohr_ncp_20251009T1205142094_d_img_d18_x11520_y80640.png,0.2276,143.0,463.01,147.9,468.73
ch2_ohr_ncp_20251009T1205142094_d_img_d18_x11520_y80640.png,0.226,321.33,51.18,336.06,83.97
ch2_ohr_ncp_20251009T1205142094_d_img_d18_x11520_y80640.png,0.22,360.21,615.62,366.59,624.41
ch2_ohr_ncp_20251009T1205142094_d_img_d18_x11520_y80640.png,0.219,113.66,535.79,124.67,549.81
ch2_ohr_ncp_20251009T1205142094_d_img_d18_x11520_y80640.png,0.2169,212.42,124.13,218.96,134.05
ch2_ohr_ncp_20251009T1205142094_d_img_d18_x11520_y80640.png,0.2165,345.86,283.07,350.37,288.33
ch2_ohr_ncp_20251009T1205142094_d_img_d18_x11520_y80640.png,0.2151,245.42,475.86,251.03,482.92
ch2_ohr_ncp_20251009T1205142094_d_img_d18_x11520_y80640.png,0.2138,356.81,291.22,362.41,297.56
ch2_ohr_ncp_20251009T1205142094_d_img_d18_x11520_y80640.png,0.2127,172.17,618.32,178.61,627.51
ch2_ohr_ncp_20251009T1205142094_d_img_d18_x11520_y80640.png,0.2124,259.13,247.29,264.52,254.59
ch2_ohr_ncp_20251009T1205142094_d_img_d18_x11520_y80640.png,0.2096,319.66,414.33,326.75,426.15
ch2_ohr_ncp_20251009T1205142094_d_img_d18_x11520_y80640.png,0.2094,296.05,334.13,300.97,341.01
ch2_ohr_ncp_20251009T1205142094_d_img_d18_x11520_y80640.png,0.2081,10.99,338.42,20.97,348.96
ch2_ohr_ncp_20251009T1205142094_d_img_d18_x11520_y80640.png,0.208,276.1,60.43,283.49,69.93
ch2_ohr_ncp_20251009T1205142094_d_img_d18_x11520_y80640.png,0.208,391.5,140.79,397.64,148.99
ch2_ohr_ncp_20251009T1205142094_d_img_d18_x11520_y80640.png,0.2079,261.38,90.2,266.47,96.84
ch2_ohr_ncp_20251009T1205142094_d_img_d18_x11520_y80640.png,0.204,164.99,194.06,173.09,204.5
ch2_ohr_ncp_20251009T1205142094_d_img_d18_x11520_y80640.png,0.2035,224.89,39.92,237.75,56.05
ch2_ohr_ncp_20251009T1205142094_d_img_d18_x11520_y80640.png,0.2014,137.77,109.19,154.78,142.8
ch2_ohr_ncp_20251009T1205142094_d_img_d18_x11520_y80640.png,0.2004,260.27,632.86,269.67,639.88
ch2_ohr_ncp_20251009T1205142094_d_img_d18_x11520_y81280.png,0.5008,111.82,267.76,121.84,284.96
ch2_ohr_ncp_20251009T1205142094_d_img_d18_x11520_y81280.png,0.4942,297.66,100.01,307.33,122.05
ch2_ohr_ncp_20251009T1205142094_d_img_d18_x11520_y81280.png,0.4858,35.54,402.31,41.43,409.86
ch2_ohr_ncp_20251009T1205142094_d_img_d18_x11520_y81280.png,0.4457,4.13,78.9,17.41,97.27
ch2_ohr_ncp_20251009T1205142094_d_img_d18_x11520_y81280.png,0.4441,31.06,43.68,36.22,49.91
ch2_ohr_ncp_20251009T1205142094_d_img_d18_x11520_y81280.png,0.4379,339.11,306.03,345.76,315.84
ch2_ohr_ncp_20251009T1205142094_d_img_d18_x11520_y81280.png,0.4257,430.74,435.67,446.27,457.96
ch2_ohr_ncp_20251009T1205142094_d_img_d18_x11520_y81280.png,0.4255,183.71,144.66,193.08,160.92
ch2_ohr_ncp_20251009T1205142094_d_img_d18_x11520_y81280.png,0.423,196.04,246.19,201.81,254.06
ch2_ohr_ncp_20251009T1205142094_d_img_d18_x11520_y81280.png,0.4164,350.66,259.9,359.06,277.5
ch2_ohr_ncp_20251009T1205142094_d_img_d18_x11520_y81280.png,0.403,168.63,237.72,175.01,246.73
ch2_ohr_ncp_20251009T1205142094_d_img_d18_x11520_y81280.png,0.4028,313.53,378.18,322.7,391.31
ch2_ohr_ncp_20251009T1205142094_d_img_d18_x11520_y81280.png,0.4015,299.82,144.0,314.01,166.15
ch2_ohr_ncp_20251009T1205142094_d_img_d18_x11520_y81280.png,0.3929,322.51,288.19,330.7,302.22
ch2_ohr_ncp_20251009T1205142094_d_img_d18_x11520_y81280.png,0.3836,231.34,249.31,239.64,263.76
ch2_ohr_ncp_20251009T1205142094_d_img_d18_x11520_y81280.png,0.3705,125.72,523.31,132.56,532.03
ch2_ohr_ncp_20251009T1205142094_d_img_d18_x11520_y81280.png,0.3704,36.29,237.4,41.49,244.9
ch2_ohr_ncp_20251009T1205142094_d_img_d18_x11520_y81280.png,0.3525,152.58,95.72,167.73,126.5
ch2_ohr_ncp_20251009T1205142094_d_img_d18_x11520_y81280.png,0.352,1.56,122.16,9.69,137.5
ch2_ohr_ncp_20251009T1205142094_d_img_d18_x11520_y81280.png,0.3511,309.54,185.95,329.43,222.74
ch2_ohr_ncp_20251009T1205142094_d_img_d18_x11520_y81280.png,0.3456,248.3,114.96,256.4,127.27
ch2_ohr_ncp_20251009T1205142094_d_img_d18_x11520_y81280.png,0.3421,62.33,102.78,75.57,120.99
ch2_ohr_ncp_20251009T1205142094_d_img_d18_x11520_y81280.png,0.3408,115.58,226.73,121.79,233.81
ch2_ohr_ncp_20251009T1205142094_d_img_d18_x11520_y81280.png,0.3406,356.84,291.18,362.42,297.63
ch2_ohr_ncp_20251009T1205142094_d_img_d18_x11520_y81280.png,0.3384,151.98,480.71,159.49,491.52
ch2_ohr_ncp_20251009T1205142094_d_img_d18_x11520_y81280.png,0.3327,7.54,223.4,17.57,237.56
ch2_ohr_ncp_20251009T1205142094_d_img_d18_x11520_y81280.png,0.3235,148.64,424.03,156.39,433.64
ch2_ohr_ncp_20251009T1205142094_d_img_d18_x11520_y81280.png,0.3234,329.14,486.8,335.62,496.05
ch2_ohr_ncp_20251009T1205142094_d_img_d18_x11520_y81280.png,0.3228,462.22,121.06,471.02,134.05
ch2_ohr_ncp_20251009T1205142094_d_img_d18_x11520_y81280.png,0.3226,379.82,493.96,387.17,503.4
ch2_ohr_ncp_20251009T1205142094_d_img_d18_x11520_y81280.png,0.3225,171.0,71.03,176.73,78.17
ch2_ohr_ncp_20251009T1205142094_d_img_d18_x11520_y81280.png,0.3177,442.91,288.52,450.23,297.45
ch2_ohr_ncp_20251009T1205142094_d_img_d18_x11520_y81280.png,0.3064,468.54,484.21,479.91,501.35
ch2_ohr_ncp_20251009T1205142094_d_img_d18_x11520_y81280.png,0.3034,50.26,503.81,57.86,512.71
ch2_ohr_ncp_20251009T1205142094_d_img_d18_x11520_y81280.png,0.2976,273.69,571.58,283.5,584.49
ch2_ohr_ncp_20251009T1205142094_d_img_d18_x11520_y81280.png,0.2972,73.32,421.59,77.91,428.41
ch2_ohr_ncp_20251009T1205142094_d_img_d18_x11520_y81280.png,0.2969,89.13,87.63,96.17,97.61
ch2_ohr_ncp_20251009T1205142094_d_img_d18_x11520_y81280.png,0.2929,168.4,568.77,174.41,576.54
ch2_ohr_ncp_20251009T1205142094_d_img_d18_x11520_y81280.png,0.2895,356.53,290.66,361.6,296.87
ch2_ohr_ncp_20251009T1205142094_d_img_d18_x11520_y81280.png,0.2877,244.5,80.14,253.99,94.65
ch2_ohr_ncp_20251009T1205142094_d_img_d18_x11520_y81280.png,0.2877,233.42,602.69,242.91,616.11
ch2_ohr_ncp_20251009T1205142094_d_img_d18_x11520_y81280.png,0.2871,88.18,178.35,95.86,186.51
ch2_ohr_ncp_20251009T1205142094_d_img_d18_x11520_y81280.png,0.2847,284.15,28.23,297.52,49.85
ch2_ohr_ncp_20251009T1205142094_d_img_d18_x11520_y81280.png,0.2775,97.2,343.27,105.78,355.67
ch2_ohr_ncp_20251009T1205142094_d_img_d18_x11520_y81280.png,0.277,415.63,94.12,422.35,100.73
ch2_ohr_ncp_20251009T1205142094_d_img_d18_x11520_y81280.png,0.2732,295.63,97.29,304.59,118.44
ch2_ohr_ncp_20251009T1205142094_d_img_d18_x11520_y81280.png,0.2727,49.33,415.37,56.51,423.91
ch2_ohr_ncp_20251009T1205142094_d_img_d18_x11520_y81280.png,0.2697,296.1,98.42,306.03,122.92
ch2_ohr_ncp_20251009T1205142094_d_img_d18_x11520_y81280.png,0.2625,384.95,401.4,393.96,412.56
ch2_ohr_ncp_20251009T1205142094_d_img_d18_x11520_y81280.png,0.2614,216.04,556.77,221.16,564.7
ch2_ohr_ncp_20251009T1205142094_d_img_d18_x11520_y81280.png,0.2609,255.4,204.11,260.94,211.85
ch2_ohr_ncp_20251009T1205142094_d_img_d18_x11520_y81280.png,0.2608,126.65,483.47,132.52,490.68
ch2_ohr_ncp_20251009T1205142094_d_img_d18_x11520_y81280.png,0.2554,448.65,433.65,454.62,441.75
ch2_ohr_ncp_20251009T1205142094_d_img_d18_x11520_y81280.png,0.2534,132.78,372.91,144.12,390.31
ch2_ohr_ncp_20251009T1205142094_d_img_d18_x11520_y81280.png,0.2485,179.77,576.37,186.41,585.03
ch2_ohr_ncp_20251009T1205142094_d_img_d18_x11520_y81280.png,0.2443,468.22,484.64,479.56,508.32
ch2_ohr_ncp_20251009T1205142094_d_img_d18_x11520_y81280.png,0.244,146.55,223.47,151.47,228.8
ch2_ohr_ncp_20251009T1205142094_d_img_d18_x11520_y81280.png,0.2423,215.24,237.88,225.58,246.41
ch2_ohr_ncp_20251009T1205142094_d_img_d18_x11520_y81280.png,0.2419,339.14,546.91,349.33,557.73
ch2_ohr_ncp_20251009T1205142094_d_img_d18_x11520_y81280.png,0.2378,135.7,500.86,143.69,509.24
ch2_ohr_ncp_20251009T1205142094_d_img_d18_x11520_y81280.png,0.234,57.31,455.39,66.12,463.79
ch2_ohr_ncp_20251009T1205142094_d_img_d18_x11520_y81280.png,0.2337,114.79,508.38,120.02,515.31
ch2_ohr_ncp_20251009T1205142094_d_img_d18_x11520_y81280.png,0.2332,456.38,279.86,462.1,287.66
ch2_ohr_ncp_20251009T1205142094_d_img_d18_x11520_y81280.png,0.2309,168.2,223.61,173.72,230.16
ch2_ohr_ncp_20251009T1205142094_d_img_d18_x11520_y81280.png,0.2294,49.22,414.04,55.95,422.82
ch2_ohr_ncp_20251009T1205142094_d_img_d18_x11520_y81280.png,0.2271,162.68,580.42,170.65,588.3
ch2_ohr_ncp_20251009T1205142094_d_img_d18_x11520_y81280.png,0.2258,270.16,11.19,280.67,27.61
ch2_ohr_ncp_20251009T1205142094_d_img_d18_x11520_y81280.png,0.2212,112.78,432.81,121.09,441.05
ch2_ohr_ncp_20251009T1205142094_d_img_d18_x11520_y81280.png,0.2144,9.31,616.88,16.38,626.98
ch2_ohr_ncp_20251009T1205142094_d_img_d18_x11520_y81280.png,0.2134,294.85,469.25,301.54,480.0
ch2_ohr_ncp_20251009T1205142094_d_img_d18_x11520_y81280.png,0.2104,322.89,417.93,327.88,423.87
ch2_ohr_ncp_20251009T1205142094_d_img_d18_x11520_y81280.png,0.204,105.79,189.54,113.43,197.11
ch2_ohr_ncp_20251009T1205142094_d_img_d18_x11520_y81280.png,0.2034,17.54,67.04,22.14,71.77
ch2_ohr_ncp_20251009T1205142094_d_img_d18_x11520_y81280.png,0.2028,308.94,310.39,313.62,315.84
ch2_ohr_ncp_20251009T1205142094_d_img_d18_x11520_y81280.png,0.2026,50.3,630.17,57.19,638.38
ch2_ohr_ncp_20251009T1205142094_d_img_d18_x11520_y81920.png,0.6092,190.28,580.01,208.63,616.25
ch2_ohr_ncp_20251009T1205142094_d_img_d18_x11520_y81920.png,0.5689,428.67,400.18,452.66,442.13
ch2_ohr_ncp_20251009T1205142094_d_img_d18_x11520_y81920.png,0.5524,37.16,605.15,53.26,635.61
ch2_ohr_ncp_20251009T1205142094_d_img_d18_x11520_y81920.png,0.5199,364.91,373.49,374.77,394.54
ch2_ohr_ncp_20251009T1205142094_d_img_d18_x11520_y81920.png,0.5114,444.17,114.45,451.32,127.26
ch2_ohr_ncp_20251009T1205142094_d_img_d18_x11520_y81920.png,0.5017,253.77,389.36,264.79,408.55
ch2_ohr_ncp_20251009T1205142094_d_img_d18_x11520_y81920.png,0.4864,195.84,502.65,209.76,524.57
ch2_ohr_ncp_20251009T1205142094_d_img_d18_x11520_y81920.png,0.4849,311.66,300.74,318.37,308.67
ch2_ohr_ncp_20251009T1205142094_d_img_d18_x11520_y81920.png,0.4831,347.61,595.14,354.55,603.79
ch2_ohr_ncp_20251009T1205142094_d_img_d18_x11520_y81920.png,0.4614,364.62,371.78,377.4,395.22
ch2_ohr_ncp_20251009T1205142094_d_img_d18_x11520_y81920.png,0.4571,222.1,5.21,234.06,22.12
ch2_ohr_ncp_20251009T1205142094_d_img_d18_x11520_y81920.png,0.4571,292.94,303.0,301.81,318.07
ch2_ohr_ncp_20251009T1205142094_d_img_d18_x11520_y81920.png,0.4356,240.3,397.71,248.47,409.39
ch2_ohr_ncp_20251009T1205142094_d_img_d18_x11520_y81920.png,0.4281,134.23,215.13,143.1,229.75
ch2_ohr_ncp_20251009T1205142094_d_img_d18_x11520_y81920.png,0.4215,235.97,489.71,243.14,498.46
ch2_ohr_ncp_20251009T1205142094_d_img_d18_x11520_y81920.png,0.4202,389.64,272.65,399.86,284.96
ch2_ohr_ncp_20251009T1205142094_d_img_d18_x11520_y81920.png,0.4083,108.2,316.05,114.63,324.88
ch2_ohr_ncp_20251009T1205142094_d_img_d18_x11520_y81920.png,0.4062,266.76,0.0,282.79,18.97
ch2_ohr_ncp_20251009T1205142094_d_img_d18_x11520_y81920.png,0.3968,335.39,58.63,345.27,71.12
ch2_ohr_ncp_20251009T1205142094_d_img_d18_x11520_y81920.png,0.3911,283.38,600.81,290.44,609.84
ch2_ohr_ncp_20251009T1205142094_d_img_d18_x11520_y81920.png,0.3741,145.18,275.96,153.92,288.86
ch2_ohr_ncp_20251009T1205142094_d_img_d18_x11520_y81920.png,0.3679,417.93,285.39,423.98,294.77
ch2_ohr_ncp_20251009T1205142094_d_img_d18_x11520_y81920.png,0.3642,240.8,476.8,248.55,487.84
ch2_ohr_ncp_20251009T1205142094_d_img_d18_x11520_y81920.png,0.3594,111.11,605.13,119.5,616.45
ch2_ohr_ncp_20251009T1205142094_d_img_d18_x11520_y81920.png,0.3591,386.71,352.46,394.01,361.19
ch2_ohr_ncp_20251009T1205142094_d_img_d18_x11520_y81920.png,0.3582,269.39,27.48,277.31,36.78
ch2_ohr_ncp_20251009T1205142094_d_img_d18_x11520_y81920.png,0.3467,327.32,284.28,333.31,291.23
ch2_ohr_ncp_20251009T1205142094_d_img_d18_x11520_y81920.png,0.3417,444.83,304.42,451.02,312.16
ch2_ohr_ncp_20251009T1205142094_d_img_d18_x11520_y81920.png,0.338,291.45,556.29,297.21,563.21
ch2_ohr_ncp_20251009T1205142094_d_img_d18_x11520_y81920.png,0.3373,396.26,451.13,409.18,468.56
ch2_ohr_ncp_20251009T1205142094_d_img_d18_x11520_y81920.png,0.3361,433.02,402.19,456.1,429.1
ch2_ohr_ncp_20251009T1205142094_d_img_d18_x11520_y81920.png,0.336,332.99,87.1,342.04,99.49
ch2_ohr_ncp_20251009T1205142094_d_img_d18_x11520_y81920.png,0.3343,196.54,119.64,204.19,128.95
ch2_ohr_ncp_20251009T1205142094_d_img_d18_x11520_y81920.png,0.33,97.85,503.65,114.27,524.13
ch2_ohr_ncp_20251009T1205142094_d_img_d18_x11520_y81920.png,0.3284,310.75,631.72,319.04,639.62
ch2_ohr_ncp_20251009T1205142094_d_img_d18_x11520_y81920.png,0.325,39.09,605.75,54.98,627.61
ch2_ohr_ncp_20251009T1205142094_d_img_d18_x11520_y81920.png,0.3245,20.05,226.11,27.01,235.12
ch2_ohr_ncp_20251009T1205142094_d_img_d18_x11520_y81920.png,0.3215,436.29,500.93,443.07,511.07
ch2_ohr_ncp_20251009T1205142094_d_img_d18_x11520_y81920.png,0.3215,349.06,505.18,356.09,512.51
ch2_ohr_ncp_20251009T1205142094_d_img_d18_x11520_y81920.png,0.3207,200.48,539.04,209.48,556.58
ch2_ohr_ncp_20251009T1205142094_d_img_d18_x11520_y81920.png,0.3063,124.71,372.74,129.75,379.96
ch2_ohr_ncp_20251009T1205142094_d_img_d18_x11520_y81920.png,0.3056,248.76,502.19,256.15,510.65
ch2_ohr_ncp_20251009T1205142094_d_img_d18_x11520_y81920.png,0.3038,39.16,615.64,52.43,638.15
ch2_ohr_ncp_20251009T1205142094_d_img_d18_x11520_y81920.png,0.3015,367.18,401.52,377.91,416.4
ch2_ohr_ncp_20251009T1205142094_d_img_d18_x11520_y81920.png,0.3006,23.91,626.88,36.7,639.85
ch2_ohr_ncp_20251009T1205142094_d_img_d18_x11520_y81920.png,0.2977,267.82,557.62,273.42,564.18
ch2_ohr_ncp_20251009T1205142094_d_img_d18_x11520_y81920.png,0.2935,177.59,272.61,183.0,279.96
ch2_ohr_ncp_20251009T1205142094_d_img_d18_x11520_y81920.png,0.2921,230.26,623.51,248.47,639.62
ch2_ohr_ncp_20251009T1205142094_d_img_d18_x11520_y81920.png,0.2877,410.09,349.73,417.14,358.19
ch2_ohr_ncp_20251009T1205142094_d_img_d18_x11520_y81920.png,0.2864,114.45,444.23,119.68,450.02
ch2_ohr_ncp_20251009T1205142094_d_img_d18_x11520_y81920.png,0.2839,398.01,154.59,411.32,178.05
ch2_ohr_ncp_20251009T1205142094_d_img_d18_x11520_y81920.png,0.2827,215.94,352.18,221.61,358.48
ch2_ohr_ncp_20251009T1205142094_d_img_d18_x11520_y81920.png,0.2794,421.89,126.17,428.32,133.33
ch2_ohr_ncp_20251009T1205142094_d_img_d18_x11520_y81920.png,0.2779,302.21,145.78,310.05,153.74
ch2_ohr_ncp_20251009T1205142094_d_img_d18_x11520_y81920.png,0.2776,194.44,239.81,199.46,246.01
ch2_ohr_ncp_20251009T1205142094_d_img_d18_x11520_y81920.png,0.2756,360.94,197.1,368.47,206.93
ch2_ohr_ncp_20251009T1205142094_d_img_d18_x11520_y81920.png,0.2748,445.26,392.1,452.53,399.96
ch2_ohr_ncp_20251009T1205142094_d_img_d18_x11520_y81920.png,0.274,47.73,314.73,53.74,323.7
ch2_ohr_ncp_20251009T1205142094_d_img_d18_x11520_y81920.png,0.2722,420.32,91.17,440.18,118.35
ch2_ohr_ncp_20251009T1205142094_d_img_d18_x11520_y81920.png,0.2716,41.61,33.73,46.97,41.55
ch2_ohr_ncp_20251009T1205142094_d_img_d18_x11520_y81920.png,0.2706,84.7,498.16,91.82,507.36
ch2_ohr_ncp_20251009T1205142094_d_img_d18_x11520_y81920.png,0.2694,215.57,87.73,223.34,96.87
ch2_ohr_ncp_20251009T1205142094_d_img_d18_x11520_y81920.png,0.2686,241.08,63.27,249.92,77.72
ch2_ohr_ncp_20251009T1205142094_d_img_d18_x11520_y81920.png,0.2673,468.75,631.02,475.85,639.2
ch2_ohr_ncp_20251009T1205142094_d_img_d18_x11520_y81920.png,0.2672,417.92,469.21,422.55,476.42
ch2_ohr_ncp_20251009T1205142094_d_img_d18_x11520_y81920.png,0.2645,91.19,169.1,99.81,179.42
ch2_ohr_ncp_20251009T1205142094_d_img_d18_x11520_y81920.png,0.2626,447.64,440.33,457.95,458.69
ch2_ohr_ncp_20251009T1205142094_d_img_d18_x11520_y81920.png,0.2621,439.72,386.42,444.5,391.46
ch2_ohr_ncp_20251009T1205142094_d_img_d18_x11520_y81920.png,0.2578,187.89,132.13,193.16,139.68
ch2_ohr_ncp_20251009T1205142094_d_img_d18_x11520_y81920.png,0.2543,80.4,436.1,87.07,446.3
ch2_ohr_ncp_20251009T1205142094_d_img_d18_x11520_y81920.png,0.2458,39.87,519.76,48.03,530.31
ch2_ohr_ncp_20251009T1205142094_d_img_d18_x11520_y81920.png,0.2445,316.33,392.26,322.41,399.23
ch2_ohr_ncp_20251009T1205142094_d_img_d18_x11520_y81920.png,0.2444,429.8,371.09,433.93,375.82
ch2_ohr_ncp_20251009T1205142094_d_img_d18_x11520_y81920.png,0.244,207.83,231.72,215.99,240.85
ch2_ohr_ncp_20251009T1205142094_d_img_d18_x11520_y81920.png,0.2409,417.25,468.86,421.77,476.14
ch2_ohr_ncp_20251009T1205142094_d_img_d18_x11520_y81920.png,0.2377,311.13,299.88,318.19,310.36
ch2_ohr_ncp_20251009T1205142094_d_img_d18_x11520_y81920.png,0.2342,215.84,481.75,228.56,498.47
ch2_ohr_ncp_20251009T1205142094_d_img_d18_x11520_y81920.png,0.2331,310.69,446.78,320.03,457.27
ch2_ohr_ncp_20251009T1205142094_d_img_d18_x11520_y81920.png,0.2325,241.51,476.37,248.86,485.75
ch2_ohr_ncp_20251009T1205142094_d_img_d18_x11520_y81920.png,0.2273,74.03,224.74,82.17,240.23
ch2_ohr_ncp_20251009T1205142094_d_img_d18_x11520_y81920.png,0.2225,253.54,388.21,266.53,412.37
ch2_ohr_ncp_20251009T1205142094_d_img_d18_x11520_y81920.png,0.218,216.57,485.89,228.97,499.29
ch2_ohr_ncp_20251009T1205142094_d_img_d18_x11520_y81920.png,0.2175,409.4,130.44,415.3,137.07
ch2_ohr_ncp_20251009T1205142094_d_img_d18_x11520_y81920.png,0.217,76.01,40.88,83.98,49.78
ch2_ohr_ncp_20251009T1205142094_d_img_d18_x11520_y81920.png,0.2167,387.25,615.21,418.44,639.36
ch2_ohr_ncp_20251009T1205142094_d_img_d18_x11520_y81920.png,0.2151,106.55,491.48,114.39,500.5
ch2_ohr_ncp_20251009T1205142094_d_img_d18_x11520_y81920.png,0.2118,229.9,153.01,243.27,168.85
ch2_ohr_ncp_20251009T1205142094_d_img_d18_x11520_y81920.png,0.2117,58.06,322.4,63.92,332.79
ch2_ohr_ncp_20251009T1205142094_d_img_d18_x11520_y81920.png,0.2069,331.7,537.6,338.3,547.8
ch2_ohr_ncp_20251009T1205142094_d_img_d18_x11520_y81920.png,0.2044,82.17,96.43,88.53,103.15
ch2_ohr_ncp_20251009T1205142094_d_img_d18_x11520_y81920.png,0.2026,234.28,444.17,239.9,450.22
ch2_ohr_ncp_20251009T1205142094_d_img_d18_x11520_y81920.png,0.2003,439.77,386.95,444.93,392.63
ch2_ohr_ncp_20251009T1205142094_d_img_d18_x11520_y82560.png,0.356,79.29,507.42,87.17,519.39
ch2_ohr_ncp_20251009T1205142094_d_img_d18_x11520_y82560.png,0.3364,323.7,404.13,330.01,413.08
ch2_ohr_ncp_20251009T1205142094_d_img_d18_x11520_y82560.png,0.3108,99.59,457.3,107.16,467.8
ch2_ohr_ncp_20251009T1205142094_d_img_d18_x11520_y82560.png,0.2927,185.7,82.97,193.61,95.18
ch2_ohr_ncp_20251009T1205142094_d_img_d18_x11520_y82560.png,0.2918,91.29,248.34,98.37,257.88
ch2_ohr_ncp_20251009T1205142094_d_img_d18_x11520_y82560.png,0.2781,101.3,523.57,112.22,539.44
ch2_ohr_ncp_20251009T1205142094_d_img_d18_x11520_y82560.png,0.2777,216.85,348.18,223.99,357.27
ch2_ohr_ncp_20251009T1205142094_d_img_d18_x11520_y82560.png,0.2727,107.82,71.33,114.7,79.09
ch2_ohr_ncp_20251009T1205142094_d_img_d18_x11520_y82560.png,0.2546,31.89,19.25,42.13,35.04
ch2_ohr_ncp_20251009T1205142094_d_img_d18_x11520_y82560.png,0.2493,228.04,0.0,247.91,25.46
ch2_ohr_ncp_20251009T1205142094_d_img_d18_x11520_y82560.png,0.2388,76.46,561.34,84.48,571.12
ch2_ohr_ncp_20251009T1205142094_d_img_d18_x11520_y82560.png,0.2274,104.9,437.24,120.87,457.94
ch2_ohr_ncp_20251009T1205142094_d_img_d18_x11520_y82560.png,0.2263,187.01,562.76,193.39,574.95
ch2_ohr_ncp_20251009T1205142094_d_img_d18_x11520_y82560.png,0.2235,37.17,140.94,45.95,151.13
ch2_ohr_ncp_20251009T1205142094_d_img_d18_x11520_y82560.png,0.2182,86.79,468.6,94.47,480.99
ch2_ohr_ncp_20251009T1205142094_d_img_d18_x11520_y82560.png,0.2161,170.06,505.33,177.84,515.6
ch2_ohr_ncp_20251009T1205142094_d_img_d18_x11520_y83200.png,0.4785,84.16,194.43,91.24,202.79
ch2_ohr_ncp_20251009T1205142094_d_img_d18_x11520_y83200.png,0.4632,330.51,0.94,345.26,25.87
ch2_ohr_ncp_20251009T1205142094_d_img_d18_x11520_y83200.png,0.441,300.73,271.58,318.2,299.85
ch2_ohr_ncp_20251009T1205142094_d_img_d18_x11520_y83200.png,0.3867,183.96,571.12,191.86,580.21
ch2_ohr_ncp_20251009T1205142094_d_img_d18_x11520_y83200.png,0.3829,115.43,325.17,121.08,332.85
ch2_ohr_ncp_20251009T1205142094_d_img_d18_x11520_y83200.png,0.3814,262.6,248.63,272.18,260.56
ch2_ohr_ncp_20251009T1205142094_d_img_d18_x11520_y83200.png,0.3753,174.03,169.19,183.23,186.2
ch2_ohr_ncp_20251009T1205142094_d_img_d18_x11520_y83200.png,0.3718,128.5,209.98,138.81,225.97
ch2_ohr_ncp_20251009T1205142094_d_img_d18_x11520_y83200.png,0.3569,443.17,114.76,449.94,123.9
ch2_ohr_ncp_20251009T1205142094_d_img_d18_x11520_y83200.png,0.3541,340.57,252.5,347.45,260.99
ch2_ohr_ncp_20251009T1205142094_d_img_d18_x11520_y83200.png,0.3413,381.17,509.08,387.23,516.83
ch2_ohr_ncp_20251009T1205142094_d_img_d18_x11520_y83200.png,0.3368,86.73,309.69,95.63,320.87
ch2_ohr_ncp_20251009T1205142094_d_img_d18_x11520_y83200.png,0.3367,88.1,162.57,100.64,178.45
ch2_ohr_ncp_20251009T1205142094_d_img_d18_x11520_y83200.png,0.3268,445.38,357.32,450.92,362.77
ch2_ohr_ncp_20251009T1205142094_d_img_d18_x11520_y83200.png,0.3212,407.89,228.86,416.61,245.01
ch2_ohr_ncp_20251009T1205142094_d_img_d18_x11520_y83200.png,0.3206,285.46,6.34,296.16,17.94
ch2_ohr_ncp_20251009T1205142094_d_img_d18_x11520_y83200.png,0.3194,448.15,314.26,457.27,326.85
ch2_ohr_ncp_20251009T1205142094_d_img_d18_x11520_y83200.png,0.3165,204.02,464.33,210.42,473.52
ch2_ohr_ncp_20251009T1205142094_d_img_d18_x11520_y83200.png,0.3102,188.19,382.03,202.53,413.71
ch2_ohr_ncp_20251009T1205142094_d_img_d18_x11520_y83200.png,0.3029,352.26,221.74,358.66,236.77
ch2_ohr_ncp_20251009T1205142094_d_img_d18_x11520_y83200.png,0.2942,258.95,459.64,265.65,469.44
ch2_ohr_ncp_20251009T1205142094_d_img_d18_x11520_y83200.png,0.2916,126.45,548.23,133.19,561.07
ch2_ohr_ncp_20251009T1205142094_d_img_d18_x11520_y83200.png,0.2817,229.24,631.45,238.45,640.0
ch2_ohr_ncp_20251009T1205142094_d_img_d18_x11520_y83200.png,0.2806,431.1,69.7,440.76,81.0
ch2_ohr_ncp_20251009T1205142094_d_img_d18_x11520_y83200.png,0.2461,40.5,156.96,49.24,170.85
ch2_ohr_ncp_20251009T1205142094_d_img_d18_x11520_y83200.png,0.2437,405.72,293.35,412.22,301.72
ch2_ohr_ncp_20251009T1205142094_d_img_d18_x11520_y83200.png,0.2408,415.81,261.45,423.67,272.03
ch2_ohr_ncp_20251009T1205142094_d_img_d18_x11520_y83200.png,0.2392,423.34,375.35,431.2,384.13
ch2_ohr_ncp_20251009T1205142094_d_img_d18_x11520_y83200.png,0.2371,331.75,273.11,337.44,279.89
ch2_ohr_ncp_20251009T1205142094_d_img_d18_x11520_y83200.png,0.2327,193.17,441.92,199.01,448.87
ch2_ohr_ncp_20251009T1205142094_d_img_d18_x11520_y83200.png,0.2298,209.7,436.94,215.91,445.9
ch2_ohr_ncp_20251009T1205142094_d_img_d18_x11520_y83200.png,0.2267,170.23,568.16,179.34,579.68
ch2_ohr_ncp_20251009T1205142094_d_img_d18_x11520_y83200.png,0.2242,394.07,91.54,402.63,109.0
ch2_ohr_ncp_20251009T1205142094_d_img_d18_x11520_y83200.png,0.222,450.96,568.77,466.65,589.86
ch2_ohr_ncp_20251009T1205142094_d_img_d18_x11520_y83200.png,0.2211,247.31,254.18,257.12,269.47
ch2_ohr_ncp_20251009T1205142094_d_img_d18_x11520_y83200.png,0.2132,206.25,128.11,212.76,138.05
ch2_ohr_ncp_20251009T1205142094_d_img_d18_x11520_y83200.png,0.207,123.73,579.34,149.83,631.78
ch2_ohr_ncp_20251009T1205142094_d_img_d18_x11520_y83200.png,0.2059,380.39,147.05,394.31,169.76
ch2_ohr_ncp_20251009T1205142094_d_img_d18_x11520_y83200.png,0.2033,170.13,628.49,178.25,637.66
ch2_ohr_ncp_20251009T1205142094_d_img_d18_x11520_y83840.png,0.3183,230.89,212.95,239.32,224.57
ch2_ohr_ncp_20251009T1205142094_d_img_d18_x11520_y83840.png,0.315,62.23,45.4,70.88,57.85
ch2_ohr_ncp_20251009T1205142094_d_img_d18_x11520_y83840.png,0.3033,435.61,518.6,441.98,527.21
ch2_ohr_ncp_20251009T1205142094_d_img_d18_x11520_y83840.png,0.2713,235.24,130.92,248.27,148.62
ch2_ohr_ncp_20251009T1205142094_d_img_d18_x11520_y83840.png,0.2708,456.21,492.9,464.93,508.0
ch2_ohr_ncp_20251009T1205142094_d_img_d18_x11520_y83840.png,0.2693,107.53,40.23,116.98,56.02
ch2_ohr_ncp_20251009T1205142094_d_img_d18_x11520_y83840.png,0.2653,248.89,208.72,258.37,219.42
ch2_ohr_ncp_20251009T1205142094_d_img_d18_x11520_y83840.png,0.2225,400.78,442.61,408.88,453.1
ch2_ohr_ncp_20251009T1205142094_d_img_d18_x11520_y83840.png,0.2209,121.27,577.31,128.69,589.16
ch2_ohr_ncp_20251009T1205142094_d_img_d18_x11520_y83840.png,0.2191,212.33,548.77,224.93,564.74
ch2_ohr_ncp_20251009T1205142094_d_img_d18_x11520_y83840.png,0.2078,324.41,117.79,343.7,143.87
ch2_ohr_ncp_20251009T1205142094_d_img_d18_x11520_y83840.png,0.2023,415.41,198.83,422.87,211.2
ch2_ohr_ncp_20251009T1205142094_d_img_d18_x11520_y84480.png,0.3904,278.79,270.57,292.67,294.47
ch2_ohr_ncp_20251009T1205142094_d_img_d18_x11520_y84480.png,0.369,412.62,20.75,426.26,41.62
ch2_ohr_ncp_20251009T1205142094_d_img_d18_x11520_y84480.png,0.3605,312.04,111.06,322.18,121.99
ch2_ohr_ncp_20251009T1205142094_d_img_d18_x11520_y84480.png,0.3534,257.63,70.27,270.75,90.89
ch2_ohr_ncp_20251009T1205142094_d_img_d18_x11520_y84480.png,0.3114,201.82,309.74,216.37,339.48
ch2_ohr_ncp_20251009T1205142094_d_img_d18_x11520_y84480.png,0.2462,54.28,338.8,64.8,354.84
ch2_ohr_ncp_20251009T1205142094_d_img_d18_x11520_y84480.png,0.2138,342.99,108.37,355.09,127.8
ch2_ohr_ncp_20251009T1205142094_d_img_d18_x11520_y84480.png,0.2099,335.48,632.15,343.28,639.39
ch2_ohr_ncp_20251009T1205142094_d_img_d18_x11520_y84480.png,0.2086,355.51,293.02,361.7,301.51
ch2_ohr_ncp_20251009T1205142094_d_img_d18_x11520_y84480.png,0.2078,441.27,188.52,447.52,197.47
ch2_ohr_ncp_20251009T1205142094_d_img_d18_x11520_y85120.png,0.4248,284.48,380.71,291.18,389.01
ch2_ohr_ncp_20251009T1205142094_d_img_d18_x11520_y85120.png,0.3304,398.02,352.56,407.97,369.55
ch2_ohr_ncp_20251009T1205142094_d_img_d18_x11520_y85120.png,0.3302,238.52,452.95,249.95,468.54
ch2_ohr_ncp_20251009T1205142094_d_img_d18_x11520_y85120.png,0.2985,2.94,105.53,9.12,114.21
ch2_ohr_ncp_20251009T1205142094_d_img_d18_x11520_y85120.png,0.2503,328.46,254.18,336.53,265.39
ch2_ohr_ncp_20251009T1205142094_d_img_d18_x11520_y85120.png,0.2502,279.58,262.87,287.41,275.53
ch2_ohr_ncp_20251009T1205142094_d_img_d18_x11520_y85120.png,0.2429,449.18,115.63,456.45,126.48
ch2_ohr_ncp_20251009T1205142094_d_img_d18_x11520_y85120.png,0.2329,370.98,477.57,382.68,500.12
ch2_ohr_ncp_20251009T1205142094_d_img_d18_x11520_y85120.png,0.2264,403.09,409.77,409.02,419.6
ch2_ohr_ncp_20251009T1205142094_d_img_d18_x11520_y85120.png,0.217,430.02,105.75,436.45,113.45
ch2_ohr_ncp_20251009T1205142094_d_img_d18_x11520_y85120.png,0.2111,467.4,551.51,474.53,559.69
ch2_ohr_ncp_20251009T1205142094_d_img_d18_x11520_y85120.png,0.2096,318.58,632.15,327.99,639.97
ch2_ohr_ncp_20251009T1205142094_d_img_d18_x11520_y85120.png,0.2017,446.22,281.63,453.82,292.67
ch2_ohr_ncp_20251009T1205142094_d_img_d18_x11520_y85120.png,0.2014,108.68,227.48,118.73,244.74
ch2_ohr_ncp_20251009T1205142094_d_img_d18_x11520_y85760.png,0.2858,53.63,444.9,76.19,480.96
ch2_ohr_ncp_20251009T1205142094_d_img_d18_x11520_y85760.png,0.259,414.26,458.06,423.07,470.28
ch2_ohr_ncp_20251009T1205142094_d_img_d18_x11520_y86400.png,0.3028,107.85,631.55,115.4,639.78
ch2_ohr_ncp_20251009T1205142094_d_img_d18_x11520_y86400.png,0.274,206.33,89.77,216.83,105.87
ch2_ohr_ncp_20251009T1205142094_d_img_d18_x11520_y86400.png,0.2689,241.27,0.53,273.92,29.35
ch2_ohr_ncp_20251009T1205142094_d_img_d18_x11520_y87040.png,0.3478,22.74,512.02,36.44,530.72
ch2_ohr_ncp_20251009T1205142094_d_img_d18_x11520_y87040.png,0.3211,379.74,47.05,399.38,78.56
ch2_ohr_ncp_20251009T1205142094_d_img_d18_x11520_y87040.png,0.2979,71.25,443.57,79.34,460.12
ch2_ohr_ncp_20251009T1205142094_d_img_d18_x11520_y87040.png,0.2153,330.78,160.05,335.95,166.11
ch2_ohr_ncp_20251009T1205142094_d_img_d18_x11520_y89600.png,0.2826,355.91,216.11,366.36,235.29
ch2_ohr_ncp_20251009T1205142094_d_img_d18_x11520_y89600.png,0.2767,115.63,268.76,122.22,278.38
ch2_ohr_ncp_20251009T1205142094_d_img_d18_x11520_y89600.png,0.2575,414.4,60.0,420.3,68.23
ch2_ohr_ncp_20251009T1205142094_d_img_d18_x11520_y89600.png,0.2443,156.77,540.97,162.86,548.24
ch2_ohr_ncp_20251009T1205142094_d_img_d18_x11520_y89600.png,0.231,303.88,364.58,310.48,372.9
ch2_ohr_ncp_20251009T1205142094_d_img_d18_x11520_y89600.png,0.2103,374.38,618.84,382.21,631.92
ch2_ohr_ncp_20251009T1205142094_d_img_d18_x11520_y89600.png,0.2064,325.29,425.11,337.93,443.79
ch2_ohr_ncp_20251009T1205142094_d_img_d18_x11520_y91520.png,0.3152,291.44,633.3,297.05,639.52
ch2_ohr_ncp_20251009T1205142094_d_img_d18_x11520_y91520.png,0.3043,28.57,53.04,48.17,78.1
ch2_ohr_ncp_20251009T1205142094_d_img_d18_x11520_y92160.png,0.5396,138.39,217.48,146.93,229.6
ch2_ohr_ncp_20251009T1205142094_d_img_d18_x11520_y92160.png,0.474,247.67,460.24,262.38,486.75
ch2_ohr_ncp_20251009T1205142094_d_img_d18_x11520_y92160.png,0.3828,350.47,41.37,358.1,51.46
ch2_ohr_ncp_20251009T1205142094_d_img_d18_x11520_y92160.png,0.3652,251.49,85.64,268.86,113.4
ch2_ohr_ncp_20251009T1205142094_d_img_d18_x11520_y92160.png,0.3069,336.52,131.24,343.37,139.17
ch2_ohr_ncp_20251009T1205142094_d_img_d18_x11520_y92160.png,0.3013,10.32,209.07,16.24,216.17
ch2_ohr_ncp_20251009T1205142094_d_img_d18_x11520_y92160.png,0.2857,198.99,495.97,213.17,515.57
ch2_ohr_ncp_20251009T1205142094_d_img_d18_x11520_y92160.png,0.2708,251.83,85.86,267.69,106.67
ch2_ohr_ncp_20251009T1205142094_d_img_d18_x11520_y92160.png,0.2616,209.48,444.88,225.91,472.51
ch2_ohr_ncp_20251009T1205142094_d_img_d18_x11520_y92160.png,0.2615,316.56,134.55,323.15,141.84
ch2_ohr_ncp_20251009T1205142094_d_img_d18_x11520_y92160.png,0.2529,261.05,301.02,267.72,309.88
ch2_ohr_ncp_20251009T1205142094_d_img_d18_x11520_y92160.png,0.2476,379.61,64.05,386.5,70.5
ch2_ohr_ncp_20251009T1205142094_d_img_d18_x11520_y92160.png,0.2394,113.31,238.98,120.38,250.81
ch2_ohr_ncp_20251009T1205142094_d_img_d18_x11520_y92160.png,0.2382,260.29,322.34,266.52,330.84
ch2_ohr_ncp_20251009T1205142094_d_img_d18_x11520_y92160.png,0.2308,272.94,444.58,278.86,451.86
ch2_ohr_ncp_20251009T1205142094_d_img_d18_x11520_y92160.png,0.215,150.0,262.04,158.3,275.71
ch2_ohr_ncp_20251009T1205142094_d_img_d18_x11520_y92160.png,0.2099,125.73,606.03,141.67,624.74
ch2_ohr_ncp_20251009T1205142094_d_img_d18_x11520_y92160.png,0.202,318.96,61.5,326.4,72.2
ch2_ohr_ncp_20251009T1205142094_d_img_d18_x11520_y92800.png,0.5082,104.91,568.42,121.22,597.1
ch2_ohr_ncp_20251009T1205142094_d_img_d18_x11520_y92800.png,0.4218,165.31,116.2,175.81,134.69
ch2_ohr_ncp_20251009T1205142094_d_img_d18_x11520_y92800.png,0.4117,82.62,27.65,89.77,37.59
ch2_ohr_ncp_20251009T1205142094_d_img_d18_x11520_y92800.png,0.3672,208.28,608.12,217.85,624.74
ch2_ohr_ncp_20251009T1205142094_d_img_d18_x11520_y92800.png,0.3605,307.27,407.07,314.28,420.18
ch2_ohr_ncp_20251009T1205142094_d_img_d18_x11520_y92800.png,0.3372,386.65,41.61,394.16,54.28
ch2_ohr_ncp_20251009T1205142094_d_img_d18_x11520_y92800.png,0.3089,211.96,92.78,217.69,101.07
ch2_ohr_ncp_20251009T1205142094_d_img_d18_x11520_y92800.png,0.306,319.34,405.47,331.61,421.05
ch2_ohr_ncp_20251009T1205142094_d_img_d18_x11520_y92800.png,0.2895,453.46,157.68,457.48,163.87
ch2_ohr_ncp_20251009T1205142094_d_img_d18_x11520_y92800.png,0.2728,320.05,449.71,327.8,459.88
ch2_ohr_ncp_20251009T1205142094_d_img_d18_x11520_y92800.png,0.2626,126.64,448.58,134.91,462.23
ch2_ohr_ncp_20251009T1205142094_d_img_d18_x11520_y92800.png,0.2595,21.54,359.81,32.5,377.48
ch2_ohr_ncp_20251009T1205142094_d_img_d18_x11520_y92800.png,0.2586,32.97,242.61,43.73,258.79
ch2_ohr_ncp_20251009T1205142094_d_img_d18_x11520_y92800.png,0.2485,74.75,447.89,81.8,456.31
ch2_ohr_ncp_20251009T1205142094_d_img_d18_x11520_y92800.png,0.2212,306.47,603.38,318.55,618.1
ch2_ohr_ncp_20251009T1205142094_d_img_d18_x11520_y93440.png,0.4329,430.63,489.09,444.05,516.4
ch2_ohr_ncp_20251009T1205142094_d_img_d18_x11520_y93440.png,0.422,139.13,331.01,146.39,342.7
ch2_ohr_ncp_20251009T1205142094_d_img_d18_x11520_y93440.png,0.3674,459.0,358.31,470.67,376.95
ch2_ohr_ncp_20251009T1205142094_d_img_d18_x11520_y93440.png,0.317,435.0,129.03,441.06,136.34
ch2_ohr_ncp_20251009T1205142094_d_img_d18_x11520_y93440.png,0.3126,459.76,163.46,466.4,172.33
ch2_ohr_ncp_20251009T1205142094_d_img_d18_x11520_y93440.png,0.2999,319.43,420.41,327.72,429.56
ch2_ohr_ncp_20251009T1205142094_d_img_d18_x11520_y93440.png,0.2852,18.78,588.88,24.11,594.44
ch2_ohr_ncp_20251009T1205142094_d_img_d18_x11520_y93440.png,0.282,440.9,174.41,445.66,180.32
ch2_ohr_ncp_20251009T1205142094_d_img_d18_x11520_y93440.png,0.2702,181.85,338.63,190.9,349.5
ch2_ohr_ncp_20251009T1205142094_d_img_d18_x11520_y93440.png,0.2553,180.61,351.31,187.43,361.09
ch2_ohr_ncp_20251009T1205142094_d_img_d18_x11520_y93440.png,0.2497,34.79,603.65,41.94,615.0
ch2_ohr_ncp_20251009T1205142094_d_img_d18_x11520_y93440.png,0.2494,340.31,5.17,345.71,12.3
ch2_ohr_ncp_20251009T1205142094_d_img_d18_x11520_y93440.png,0.2489,343.35,57.34,351.02,68.28
ch2_ohr_ncp_20251009T1205142094_d_img_d18_x11520_y93440.png,0.2404,469.87,153.89,478.0,166.98
ch2_ohr_ncp_20251009T1205142094_d_img_d18_x11520_y93440.png,0.2354,174.33,327.99,180.91,335.84
ch2_ohr_ncp_20251009T1205142094_d_img_d18_x11520_y93440.png,0.2344,109.63,290.72,115.69,297.45
ch2_ohr_ncp_20251009T1205142094_d_img_d18_x11520_y93440.png,0.2322,268.47,489.08,274.87,498.54
ch2_ohr_ncp_20251009T1205142094_d_img_d18_x11520_y93440.png,0.2199,427.84,558.33,444.25,584.94
ch2_ohr_ncp_20251009T1205142094_d_img_d18_x11520_y93440.png,0.2198,99.31,395.43,105.19,406.16
ch2_ohr_ncp_20251009T1205142094_d_img_d18_x11520_y93440.png,0.2066,387.58,460.24,395.06,468.86
ch2_ohr_ncp_20251009T1205142094_d_img_d18_x11520_y93440.png,0.205,365.65,144.29,391.32,172.63
ch2_ohr_ncp_20251009T1205142094_d_img_d18_x11520_y93440.png,0.2039,418.05,115.75,422.75,121.23
ch2_ohr_ncp_20251009T1205142094_d_img_d18_x11520_y93440.png,0.2027,299.53,458.49,305.1,465.19
ch2_ohr_ncp_20251009T1205142094_d_img_d18_x11520_y94080.png,0.6015,452.7,513.67,464.32,535.25
ch2_ohr_ncp_20251009T1205142094_d_img_d18_x11520_y94080.png,0.4292,431.52,490.03,438.31,496.75
ch2_ohr_ncp_20251009T1205142094_d_img_d18_x11520_y94080.png,0.3749,471.4,224.56,479.78,242.21
ch2_ohr_ncp_20251009T1205142094_d_img_d18_x11520_y94080.png,0.3694,247.73,572.18,261.57,599.83
ch2_ohr_ncp_20251009T1205142094_d_img_d18_x11520_y94080.png,0.3606,454.78,451.71,460.23,457.03
ch2_ohr_ncp_20251009T1205142094_d_img_d18_x11520_y94080.png,0.3587,120.45,402.01,143.97,458.5
ch2_ohr_ncp_20251009T1205142094_d_img_d18_x11520_y94080.png,0.3299,23.9,267.88,32.96,280.34
ch2_ohr_ncp_20251009T1205142094_d_img_d18_x11520_y94080.png,0.3275,205.98,603.64,212.19,611.86
ch2_ohr_ncp_20251009T1205142094_d_img_d18_x11520_y94080.png,0.3185,429.14,112.79,441.36,124.62
ch2_ohr_ncp_20251009T1205142094_d_img_d18_x11520_y94080.png,0.3095,395.88,504.06,401.8,510.36
ch2_ohr_ncp_20251009T1205142094_d_img_d18_x11520_y94080.png,0.2896,448.21,487.93,454.23,494.98
ch2_ohr_ncp_20251009T1205142094_d_img_d18_x11520_y94080.png,0.2858,434.84,435.79,439.53,441.81
ch2_ohr_ncp_20251009T1205142094_d_img_d18_x11520_y94080.png,0.2833,246.0,571.01,263.46,602.49
ch2_ohr_ncp_20251009T1205142094_d_img_d18_x11520_y94080.png,0.2829,181.16,599.75,192.01,613.29
ch2_ohr_ncp_20251009T1205142094_d_img_d18_x11520_y94080.png,0.2734,59.98,177.59,67.52,191.57
ch2_ohr_ncp_20251009T1205142094_d_img_d18_x11520_y94080.png,0.2692,370.92,512.96,377.08,520.39
ch2_ohr_ncp_20251009T1205142094_d_img_d18_x11520_y94080.png,0.2526,358.95,52.33,374.05,79.64
ch2_ohr_ncp_20251009T1205142094_d_img_d18_x11520_y94080.png,0.2511,446.84,119.47,455.05,126.85
ch2_ohr_ncp_20251009T1205142094_d_img_d18_x11520_y94080.png,0.2505,183.91,536.09,195.62,555.59
ch2_ohr_ncp_20251009T1205142094_d_img_d18_x11520_y94080.png,0.2487,210.12,224.39,217.94,235.58
ch2_ohr_ncp_20251009T1205142094_d_img_d18_x11520_y94080.png,0.2463,346.05,434.7,350.79,439.92
ch2_ohr_ncp_20251009T1205142094_d_img_d18_x11520_y94080.png,0.2452,155.87,588.84,175.67,608.74
ch2_ohr_ncp_20251009T1205142094_d_img_d18_x11520_y94080.png,0.2379,293.73,599.95,302.83,611.52
ch2_ohr_ncp_20251009T1205142094_d_img_d18_x11520_y94080.png,0.2368,273.72,228.93,287.14,252.29
ch2_ohr_ncp_20251009T1205142094_d_img_d18_x11520_y94080.png,0.236,285.12,445.49,307.07,482.96
ch2_ohr_ncp_20251009T1205142094_d_img_d18_x11520_y94080.png,0.2357,91.66,46.65,97.07,53.43
ch2_ohr_ncp_20251009T1205142094_d_img_d18_x11520_y94080.png,0.2317,308.77,202.88,315.51,213.13
ch2_ohr_ncp_20251009T1205142094_d_img_d18_x11520_y94080.png,0.2301,166.73,478.56,177.08,492.37
ch2_ohr_ncp_20251009T1205142094_d_img_d18_x11520_y94080.png,0.2292,342.33,447.89,348.35,455.64
ch2_ohr_ncp_20251009T1205142094_d_img_d18_x11520_y94080.png,0.2226,259.17,418.86,264.94,425.96
ch2_ohr_ncp_20251009T1205142094_d_img_d18_x11520_y94080.png,0.2221,400.15,135.35,413.47,159.45
ch2_ohr_ncp_20251009T1205142094_d_img_d18_x11520_y94080.png,0.2145,424.61,552.2,430.34,560.66
ch2_ohr_ncp_20251009T1205142094_d_img_d18_x11520_y94080.png,0.2145,421.31,491.12,427.27,499.62
ch2_ohr_ncp_20251009T1205142094_d_img_d18_x11520_y94080.png,0.2122,11.91,371.74,17.06,378.68
ch2_ohr_ncp_20251009T1205142094_d_img_d18_x11520_y94080.png,0.2117,273.03,227.44,287.75,259.29
ch2_ohr_ncp_20251009T1205142094_d_img_d18_x11520_y94080.png,0.2077,130.41,496.64,136.28,505.23
ch2_ohr_ncp_20251009T1205142094_d_img_d18_x11520_y94720.png,0.396,241.02,355.29,251.31,367.38
ch2_ohr_ncp_20251009T1205142094_d_img_d18_x11520_y94720.png,0.379,64.28,625.34,72.84,637.97
ch2_ohr_ncp_20251009T1205142094_d_img_d18_x11520_y94720.png,0.3234,343.14,5.84,356.96,25.85
ch2_ohr_ncp_20251009T1205142094_d_img_d18_x11520_y94720.png,0.3059,334.96,68.98,344.49,82.19
ch2_ohr_ncp_20251009T1205142094_d_img_d18_x11520_y94720.png,0.2906,190.84,413.19,207.36,439.28
ch2_ohr_ncp_20251009T1205142094_d_img_d18_x11520_y94720.png,0.2856,0.04,495.76,15.62,535.21
ch2_ohr_ncp_20251009T1205142094_d_img_d18_x11520_y94720.png,0.2753,232.67,125.54,240.02,134.67
ch2_ohr_ncp_20251009T1205142094_d_img_d18_x11520_y94720.png,0.2519,389.47,35.32,401.41,55.0
ch2_ohr_ncp_20251009T1205142094_d_img_d18_x11520_y94720.png,0.2519,3.61,292.17,9.93,301.31
ch2_ohr_ncp_20251009T1205142094_d_img_d18_x11520_y94720.png,0.2423,253.94,232.5,261.64,243.2
ch2_ohr_ncp_20251009T1205142094_d_img_d18_x11520_y94720.png,0.2353,7.51,236.89,20.88,258.53
ch2_ohr_ncp_20251009T1205142094_d_img_d18_x11520_y94720.png,0.2315,388.26,36.41,402.33,63.84
ch2_ohr_ncp_20251009T1205142094_d_img_d18_x11520_y94720.png,0.2315,277.11,627.89,289.63,639.7
ch2_ohr_ncp_20251009T1205142094_d_img_d18_x11520_y94720.png,0.2056,349.25,551.93,355.82,559.71
ch2_ohr_ncp_20251009T1205142094_d_img_d18_x11520_y94720.png,0.2037,320.81,515.53,329.51,528.08
ch2_ohr_ncp_20251009T1205142094_d_img_d18_x11520_y95360.png,0.5016,331.52,106.22,338.72,117.46
ch2_ohr_ncp_20251009T1205142094_d_img_d18_x11520_y95360.png,0.3911,337.16,20.6,345.52,33.32
ch2_ohr_ncp_20251009T1205142094_d_img_d18_x11520_y95360.png,0.3056,350.4,621.66,358.58,637.29
ch2_ohr_ncp_20251009T1205142094_d_img_d18_x11520_y95360.png,0.2822,300.14,554.62,306.93,563.25
ch2_ohr_ncp_20251009T1205142094_d_img_d18_x11520_y95360.png,0.277,350.26,620.45,360.14,640.0
ch2_ohr_ncp_20251009T1205142094_d_img_d18_x11520_y95360.png,0.27,284.72,426.03,292.23,436.82
ch2_ohr_ncp_20251009T1205142094_d_img_d18_x11520_y95360.png,0.2653,28.33,622.69,33.39,629.38
ch2_ohr_ncp_20251009T1205142094_d_img_d18_x11520_y95360.png,0.2359,41.86,114.36,48.27,121.77
ch2_ohr_ncp_20251009T1205142094_d_img_d18_x11520_y95360.png,0.2294,300.91,631.69,315.35,640.0
ch2_ohr_ncp_20251009T1205142094_d_img_d18_x11520_y95360.png,0.2276,377.79,540.93,385.76,552.43
ch2_ohr_ncp_20251009T1205142094_d_img_d18_x11520_y95360.png,0.2127,454.61,436.34,464.74,450.15
ch2_ohr_ncp_20251009T1205142094_d_img_d18_x11520_y95360.png,0.2124,290.01,343.44,299.63,355.63
ch2_ohr_ncp_20251009T1205142094_d_img_d18_x11520_y95360.png,0.2101,8.49,14.05,15.64,21.94
ch2_ohr_ncp_20251009T1205142094_d_img_d18_x11520_y95360.png,0.2039,403.26,252.67,410.0,261.97
ch2_ohr_ncp_20251009T1205142094_d_img_d18_x11520_y95360.png,0.2019,24.85,180.35,38.47,204.14
ch2_ohr_ncp_20251009T1205142094_d_img_d18_x11520_y96000.png,0.3614,185.42,625.86,193.83,638.72
ch2_ohr_ncp_20251009T1205142094_d_img_d18_x11520_y96000.png,0.308,242.47,151.66,253.35,167.47
ch2_ohr_ncp_20251009T1205142094_d_img_d18_x11520_y96000.png,0.283,299.35,0.0,311.02,19.17
ch2_ohr_ncp_20251009T1205142094_d_img_d18_x11520_y96000.png,0.2599,190.75,461.26,199.67,474.58
ch2_ohr_ncp_20251009T1205142094_d_img_d18_x11520_y96000.png,0.255,77.21,316.0,83.01,323.32
ch2_ohr_ncp_20251009T1205142094_d_img_d18_x11520_y96000.png,0.2238,146.27,485.64,163.72,516.37
ch2_ohr_ncp_20251009T1205142094_d_img_d18_x11520_y96000.png,0.2096,357.46,244.4,373.08,271.13
ch2_ohr_ncp_20251009T1205142094_d_img_d18_x11520_y96000.png,0.2079,295.27,139.11,302.67,151.77
ch2_ohr_ncp_20251009T1205142094_d_img_d18_x11520_y97920.png,0.3451,30.72,572.7,46.87,595.42
ch2_ohr_ncp_20251009T1205142094_d_img_d18_x11520_y97920.png,0.3364,468.75,623.19,477.4,635.76
ch2_ohr_ncp_20251009T1205142094_d_img_d18_x11520_y97920.png,0.334,307.01,59.74,313.69,67.88
ch2_ohr_ncp_20251009T1205142094_d_img_d18_x11520_y97920.png,0.248,339.34,630.15,346.72,637.98
ch2_ohr_ncp_20251009T1205142094_d_img_d18_x11520_y97920.png,0.2446,231.43,223.44,238.34,231.36
ch2_ohr_ncp_20251009T1205142094_d_img_d18_x11520_y97920.png,0.2356,286.42,199.09,294.59,209.09
ch2_ohr_ncp_20251009T1205142094_d_img_d18_x11520_y97920.png,0.2325,283.84,106.83,288.81,112.35
ch2_ohr_ncp_20251009T1205142094_d_img_d18_x11520_y97920.png,0.2268,223.15,179.48,238.0,197.67
ch2_ohr_ncp_20251009T1205142094_d_img_d18_x11520_y97920.png,0.2207,275.17,168.14,281.89,180.47
ch2_ohr_ncp_20251009T1205142094_d_img_d18_x11520_y97920.png,0.2158,139.57,422.22,153.35,444.98
ch2_ohr_ncp_20251009T1205142094_d_img_d18_x11520_y97920.png,0.2085,246.57,199.22,254.16,212.39
ch2_ohr_ncp_20251009T1205142094_d_img_d18_x11520_y98560.png,0.3087,220.26,78.58,226.12,85.26
ch2_ohr_ncp_20251009T1205142094_d_img_d18_x11520_y98560.png,0.2755,226.31,487.28,232.3,494.75
ch2_ohr_ncp_20251009T1205142094_d_img_d18_x11520_y98560.png,0.2118,322.34,424.29,333.16,440.56
ch2_ohr_ncp_20251009T1205142094_d_img_d18_x11520_y99200.png,0.3756,156.77,230.92,177.86,269.49
ch2_ohr_ncp_20251009T1205142094_d_img_d18_x11520_y99200.png,0.2992,220.3,286.15,225.93,295.18
ch2_ohr_ncp_20251009T1205142094_d_img_d18_x11520_y99200.png,0.2418,171.95,192.83,177.88,199.71
ch2_ohr_ncp_20251009T1205142094_d_img_d18_x11520_y99200.png,0.2359,195.43,147.42,207.37,166.83
ch2_ohr_ncp_20251009T1205142094_d_img_d18_x11520_y99200.png,0.2268,219.67,282.51,226.75,294.78
ch2_ohr_ncp_20251009T1205142094_d_img_d18_x11520_y99840.png,0.2664,84.44,190.83,100.77,224.68
ch2_ohr_ncp_20251009T1205142094_d_img_d18_x11520_y99840.png,0.2403,92.29,366.04,98.21,373.63
ch2_ohr_ncp_20251009T1205142094_d_img_d18_x11520_y99840.png,0.2217,221.67,126.78,238.66,162.75
ch2_ohr_ncp_20251009T1205142094_d_img_d18_x11520_y99840.png,0.2144,197.57,328.59,203.67,334.89
ch2_ohr_ncp_20251009T1205142094_d_img_d18_x11520_y99840.png,0.211,177.62,138.86,186.51,149.89
ch2_ohr_ncp_20251009T1205142094_d_img_d18_x11520_y99840.png,0.2044,89.06,625.08,94.8,632.28
ch2_ohr_ncp_20251010T1140338327_d_img_d18_x00000_y72960.png,0.2414,299.64,268.82,306.46,276.87
ch2_ohr_ncp_20251010T1140338327_d_img_d18_x00000_y72960.png,0.2365,277.12,601.74,287.73,621.42
ch2_ohr_ncp_20251010T1140338327_d_img_d18_x00000_y72960.png,0.2309,29.2,501.44,48.22,533.68
ch2_ohr_ncp_20251010T1140338327_d_img_d18_x00000_y72960.png,0.2256,64.71,278.88,69.18,285.2
ch2_ohr_ncp_20251010T1140338327_d_img_d18_x00000_y72960.png,0.2191,252.64,622.79,257.95,628.74
ch2_ohr_ncp_20251010T1140338327_d_img_d18_x00640_y71680.png,0.2403,323.32,575.23,337.98,599.7
ch2_ohr_ncp_20251010T1140338327_d_img_d18_x00640_y71680.png,0.2094,387.28,324.86,400.65,352.04
ch2_ohr_ncp_20251010T1140338327_d_img_d18_x00640_y72960.png,0.2359,627.01,243.96,634.44,254.76
ch2_ohr_ncp_20251010T1140338327_d_img_d18_x00640_y72960.png,0.2311,86.97,275.44,98.54,296.05
ch2_ohr_ncp_20251010T1140338327_d_img_d18_x00640_y72960.png,0.2157,18.88,50.53,25.63,61.88
ch2_ohr_ncp_20251010T1140338327_d_img_d18_x00640_y73600.png,0.2417,626.47,556.46,634.73,567.16
ch2_ohr_ncp_20251010T1140338327_d_img_d18_x00640_y73600.png,0.2352,632.24,101.58,636.61,107.43
ch2_ohr_ncp_20251010T1140338327_d_img_d18_x00640_y73600.png,0.2286,524.1,308.86,531.77,319.14
ch2_ohr_ncp_20251010T1140338327_d_img_d18_x00640_y73600.png,0.2141,506.35,450.16,513.02,460.76
ch2_ohr_ncp_20251010T1140338327_d_img_d18_x00640_y73600.png,0.2073,633.05,102.15,636.96,108.7
ch2_ohr_ncp_20251010T1140338327_d_img_d18_x00640_y74240.png,0.3007,252.71,398.58,258.87,407.13
ch2_ohr_ncp_20251010T1140338327_d_img_d18_x00640_y74240.png,0.2816,427.97,476.62,450.93,509.75
ch2_ohr_ncp_20251010T1140338327_d_img_d18_x00640_y74240.png,0.281,245.37,288.3,264.57,320.67
ch2_ohr_ncp_20251010T1140338327_d_img_d18_x00640_y74240.png,0.2732,170.82,316.75,178.25,327.92
ch2_ohr_ncp_20251010T1140338327_d_img_d18_x00640_y74240.png,0.2282,483.55,588.27,490.01,597.58
ch2_ohr_ncp_20251010T1140338327_d_img_d18_x00640_y74240.png,0.2185,122.21,105.98,127.57,112.99
ch2_ohr_ncp_20251010T1140338327_d_img_d18_x00640_y74240.png,0.2089,524.51,64.53,531.45,74.42
ch2_ohr_ncp_20251010T1140338327_d_img_d18_x00640_y76160.png,0.2101,142.06,46.44,154.31,66.85
ch2_ohr_ncp_20251010T1140338327_d_img_d18_x00640_y83200.png,0.2602,108.21,629.82,116.91,639.63
ch2_ohr_ncp_20251010T1140338327_d_img_d18_x00640_y90240.png,0.2365,291.21,624.12,297.05,633.35
ch2_ohr_ncp_20251010T1140338327_d_img_d18_x01280_y70400.png,0.2941,121.92,66.63,127.68,73.56
ch2_ohr_ncp_20251010T1140338327_d_img_d18_x01280_y70400.png,0.291,164.91,49.65,171.16,56.8
ch2_ohr_ncp_20251010T1140338327_d_img_d18_x01280_y70400.png,0.2613,125.44,278.05,136.3,297.86
ch2_ohr_ncp_20251010T1140338327_d_img_d18_x01280_y70400.png,0.2243,178.9,149.08,186.48,159.86
ch2_ohr_ncp_20251010T1140338327_d_img_d18_x01280_y70400.png,0.2222,164.06,64.31,169.62,71.83
ch2_ohr_ncp_20251010T1140338327_d_img_d18_x01280_y70400.png,0.2088,379.1,271.15,385.64,279.35
ch2_ohr_ncp_20251010T1140338327_d_img_d18_x01280_y72960.png,0.3036,366.56,81.5,373.78,92.5
ch2_ohr_ncp_20251010T1140338327_d_img_d18_x01280_y72960.png,0.2399,538.04,168.35,545.57,180.48
ch2_ohr_ncp_20251010T1140338327_d_img_d18_x01280_y72960.png,0.2137,95.58,203.77,102.81,220.63
ch2_ohr_ncp_20251010T1140338327_d_img_d18_x01280_y72960.png,0.2111,345.01,113.21,352.83,125.54
ch2_ohr_ncp_20251010T1140338327_d_img_d18_x01280_y73600.png,0.2447,212.72,294.03,230.51,321.36
ch2_ohr_ncp_20251010T1140338327_d_img_d18_x01280_y73600.png,0.2435,140.42,275.58,146.46,283.21
ch2_ohr_ncp_20251010T1140338327_d_img_d18_x01280_y73600.png,0.208,155.18,286.0,161.63,294.48
ch2_ohr_ncp_20251010T1140338327_d_img_d18_x01280_y74240.png,0.224,620.92,0.0,634.44,18.95
ch2_ohr_ncp_20251010T1140338327_d_img_d18_x01280_y74240.png,0.2043,198.43,2.9,209.12,23.46
ch2_ohr_ncp_20251010T1140338327_d_img_d18_x01280_y74880.png,0.3013,540.51,127.65,547.71,137.17
ch2_ohr_ncp_20251010T1140338327_d_img_d18_x01280_y74880.png,0.2302,630.89,378.89,638.55,389.88
ch2_ohr_ncp_20251010T1140338327_d_img_d18_x01280_y74880.png,0.2106,422.72,190.91,427.98,197.99
ch2_ohr_ncp_20251010T1140338327_d_img_d18_x01280_y76160.png,0.2081,467.39,522.25,473.74,532.45
ch2_ohr_ncp_20251010T1140338327_d_img_d18_x01280_y76800.png,0.2766,555.43,627.95,561.71,638.53
ch2_ohr_ncp_20251010T1140338327_d_img_d18_x01280_y77440.png,0.2094,133.75,485.06,145.98,506.51
ch2_ohr_ncp_20251010T1140338327_d_img_d18_x01280_y79360.png,0.2224,280.43,629.44,290.5,640.0
ch2_ohr_ncp_20251010T1140338327_d_img_d18_x01280_y82560.png,0.2019,317.03,632.71,323.28,639.42
ch2_ohr_ncp_20251010T1140338327_d_img_d18_x01280_y88960.png,0.2204,313.55,430.0,322.52,448.35
ch2_ohr_ncp_20251010T1140338327_d_img_d18_x01280_y88960.png,0.2006,159.11,8.78,166.21,21.66
ch2_ohr_ncp_20251010T1140338327_d_img_d18_x01280_y90880.png,0.2653,530.87,95.7,537.83,105.64
ch2_ohr_ncp_20251010T1140338327_d_img_d18_x01280_y90880.png,0.2303,284.18,37.07,290.71,45.7
ch2_ohr_ncp_20251010T1140338327_d_img_d18_x01280_y91520.png,0.3681,499.68,369.45,518.25,403.13
ch2_ohr_ncp_20251010T1140338327_d_img_d18_x01280_y91520.png,0.2944,237.17,91.31,243.76,100.29
ch2_ohr_ncp_20251010T1140338327_d_img_d18_x01280_y91520.png,0.2617,430.53,189.44,439.61,210.83
ch2_ohr_ncp_20251010T1140338327_d_img_d18_x01280_y91520.png,0.2592,626.19,98.46,634.7,110.38
ch2_ohr_ncp_20251010T1140338327_d_img_d18_x01280_y91520.png,0.2243,242.95,559.05,249.3,566.25
ch2_ohr_ncp_20251010T1140338327_d_img_d18_x01280_y91520.png,0.2187,496.36,212.03,502.29,218.29
ch2_ohr_ncp_20251010T1140338327_d_img_d18_x01280_y93440.png,0.2062,46.37,632.45,53.77,639.18
ch2_ohr_ncp_20251010T1140338327_d_img_d18_x01920_y69120.png,0.3706,115.12,110.66,121.64,118.44
ch2_ohr_ncp_20251010T1140338327_d_img_d18_x01920_y69760.png,0.2171,145.99,92.25,175.05,125.61
ch2_ohr_ncp_20251010T1140338327_d_img_d18_x01920_y71040.png,0.279,39.66,59.33,44.73,68.71
ch2_ohr_ncp_20251010T1140338327_d_img_d18_x01920_y71040.png,0.2521,268.37,388.1,273.83,394.65
ch2_ohr_ncp_20251010T1140338327_d_img_d18_x01920_y71040.png,0.2052,593.69,393.7,601.3,403.41
ch2_ohr_ncp_20251010T1140338327_d_img_d18_x01920_y71040.png,0.2045,26.81,75.68,34.48,83.97
ch2_ohr_ncp_20251010T1140338327_d_img_d18_x01920_y71680.png,0.2164,75.01,628.52,86.24,639.62
ch2_ohr_ncp_20251010T1140338327_d_img_d18_x01920_y72320.png,0.2025,613.6,324.91,637.87,358.86
ch2_ohr_ncp_20251010T1140338327_d_img_d18_x01920_y72960.png,0.2717,225.91,549.2,230.61,556.03
ch2_ohr_ncp_20251010T1140338327_d_img_d18_x01920_y73600.png,0.2009,307.03,234.19,313.64,243.66
ch2_ohr_ncp_20251010T1140338327_d_img_d18_x01920_y75520.png,0.5504,485.63,411.1,497.2,435.74
ch2_ohr_ncp_20251010T1140338327_d_img_d18_x01920_y75520.png,0.4626,598.65,348.85,617.38,378.46
ch2_ohr_ncp_20251010T1140338327_d_img_d18_x01920_y75520.png,0.4004,193.96,597.33,201.72,606.73
ch2_ohr_ncp_20251010T1140338327_d_img_d18_x01920_y75520.png,0.3869,604.84,589.93,610.53,597.86
ch2_ohr_ncp_20251010T1140338327_d_img_d18_x01920_y75520.png,0.3708,618.99,605.07,627.02,613.8
ch2_ohr_ncp_20251010T1140338327_d_img_d18_x01920_y75520.png,0.3679,250.82,533.52,258.26,543.92
ch2_ohr_ncp_20251010T1140338327_d_img_d18_x01920_y75520.png,0.3568,252.18,29.68,258.69,37.45
ch2_ohr_ncp_20251010T1140338327_d_img_d18_x01920_y75520.png,0.3567,249.97,534.18,257.08,543.05
ch2_ohr_ncp_20251010T1140338327_d_img_d18_x01920_y75520.png,0.35,155.8,365.0,164.0,375.59
ch2_ohr_ncp_20251010T1140338327_d_img_d18_x01920_y75520.png,0.3395,204.85,630.04,210.17,637.98
ch2_ohr_ncp_20251010T1140338327_d_img_d18_x01920_y75520.png,0.3205,565.17,106.21,577.0,132.99
ch2_ohr_ncp_20251010T1140338327_d_img_d18_x01920_y75520.png,0.302,210.82,68.69,225.88,85.89
ch2_ohr_ncp_20251010T1140338327_d_img_d18_x01920_y75520.png,0.2787,596.13,380.11,602.18,388.8
ch2_ohr_ncp_20251010T1140338327_d_img_d18_x01920_y75520.png,0.2747,561.19,289.05,569.49,302.81
ch2_ohr_ncp_20251010T1140338327_d_img_d18_x01920_y75520.png,0.2697,441.2,631.5,446.68,639.13
ch2_ohr_ncp_20251010T1140338327_d_img_d18_x01920_y75520.png,0.2664,231.64,27.75,238.46,35.75
ch2_ohr_ncp_20251010T1140338327_d_img_d18_x01920_y75520.png,0.2657,205.32,629.07,210.53,637.19
ch2_ohr_ncp_20251010T1140338327_d_img_d18_x01920_y75520.png,0.246,507.67,217.58,514.31,229.95
ch2_ohr_ncp_20251010T1140338327_d_img_d18_x01920_y75520.png,0.2387,559.36,198.0,565.9,205.32
ch2_ohr_ncp_20251010T1140338327_d_img_d18_x01920_y75520.png,0.2335,84.25,427.9,90.13,434.53
ch2_ohr_ncp_20251010T1140338327_d_img_d18_x01920_y75520.png,0.229,277.32,53.43,282.09,59.57
ch2_ohr_ncp_20251010T1140338327_d_img_d18_x01920_y75520.png,0.2275,77.52,439.13,83.81,446.68
ch2_ohr_ncp_20251010T1140338327_d_img_d18_x01920_y75520.png,0.2252,49.82,21.29,65.18,47.57
ch2_ohr_ncp_20251010T1140338327_d_img_d18_x01920_y75520.png,0.2225,277.63,53.5,282.79,60.74
ch2_ohr_ncp_20251010T1140338327_d_img_d18_x01920_y75520.png,0.2125,262.79,71.57,267.47,77.58
ch2_ohr_ncp_20251010T1140338327_d_img_d18_x01920_y75520.png,0.2122,3.25,537.63,11.34,548.45
ch2_ohr_ncp_20251010T1140338327_d_img_d18_x01920_y75520.png,0.2119,623.19,446.77,630.29,453.83
ch2_ohr_ncp_20251010T1140338327_d_img_d18_x01920_y75520.png,0.205,381.76,624.36,389.04,634.56
ch2_ohr_ncp_20251010T1140338327_d_img_d18_x01920_y75520.png,0.2037,227.94,526.47,233.15,531.98
ch2_ohr_ncp_20251010T1140338327_d_img_d18_x01920_y89600.png,0.2486,561.9,32.19,567.9,38.84
ch2_ohr_ncp_20251010T1140338327_d_img_d18_x01920_y89600.png,0.2459,370.46,308.52,377.19,318.82
ch2_ohr_ncp_20251010T1140338327_d_img_d18_x01920_y89600.png,0.2142,62.05,504.25,74.06,524.52
ch2_ohr_ncp_20251010T1140338327_d_img_d18_x01920_y90880.png,0.2069,593.54,270.85,606.98,294.68
ch2_ohr_ncp_20251010T1140338327_d_img_d18_x01920_y90880.png,0.2053,490.02,501.19,495.82,509.1
ch2_ohr_ncp_20251010T1140338327_d_img_d18_x01920_y91520.png,0.34,42.33,180.97,49.32,190.41
ch2_ohr_ncp_20251010T1140338327_d_img_d18_x01920_y91520.png,0.2689,131.13,42.41,137.25,54.05
ch2_ohr_ncp_20251010T1140338327_d_img_d18_x01920_y92160.png,0.3069,20.43,29.24,25.62,37.56
ch2_ohr_ncp_20251010T1140338327_d_img_d18_x01920_y93440.png,0.2333,300.47,85.84,305.84,92.86
ch2_ohr_ncp_20251010T1140338327_d_img_d18_x01920_y94720.png,0.2499,610.08,0.0,634.08,25.74
ch2_ohr_ncp_20251010T1140338327_d_img_d18_x01920_y94720.png,0.2125,67.48,319.68,85.51,354.4
ch2_ohr_ncp_20251010T1140338327_d_img_d18_x01920_y94720.png,0.2048,462.56,41.69,477.83,69.34
ch2_ohr_ncp_20251010T1140338327_d_img_d18_x01920_y94720.png,0.2018,355.42,467.91,362.82,477.71
ch2_ohr_ncp_20251010T1140338327_d_img_d18_x02560_y67840.png,0.2677,38.32,629.81,48.09,639.74
ch2_ohr_ncp_20251010T1140338327_d_img_d18_x02560_y67840.png,0.2675,539.93,74.24,546.23,83.39
ch2_ohr_ncp_20251010T1140338327_d_img_d18_x02560_y67840.png,0.2227,343.7,414.21,361.35,442.06
ch2_ohr_ncp_20251010T1140338327_d_img_d18_x02560_y68480.png,0.2199,170.28,462.1,177.03,470.74
ch2_ohr_ncp_20251010T1140338327_d_img_d18_x02560_y68480.png,0.2169,186.41,472.16,194.53,483.93
ch2_ohr_ncp_20251010T1140338327_d_img_d18_x02560_y73600.png,0.238,173.46,607.82,191.43,638.14
ch2_ohr_ncp_20251010T1140338327_d_img_d18_x02560_y73600.png,0.2193,160.1,188.67,177.64,214.86
ch2_ohr_ncp_20251010T1140338327_d_img_d18_x02560_y74880.png,0.2261,363.25,353.52,370.25,362.26
ch2_ohr_ncp_20251010T1140338327_d_img_d18_x02560_y74880.png,0.2114,325.72,355.56,336.49,370.35
ch2_ohr_ncp_20251010T1140338327_d_img_d18_x02560_y74880.png,0.2056,306.85,366.64,312.3,372.85
ch2_ohr_ncp_20251010T1140338327_d_img_d18_x02560_y77440.png,0.2721,286.16,485.66,298.87,516.02
ch2_ohr_ncp_20251010T1140338327_d_img_d18_x02560_y88320.png,0.2051,495.05,203.85,504.64,222.02
ch2_ohr_ncp_20251010T1140338327_d_img_d18_x02560_y88960.png,0.3839,198.43,391.91,210.93,417.8
ch2_ohr_ncp_20251010T1140338327_d_img_d18_x02560_y88960.png,0.3732,404.08,7.88,415.31,30.27
ch2_ohr_ncp_20251010T1140338327_d_img_d18_x02560_y90880.png,0.2556,89.99,84.09,97.78,94.78
ch2_ohr_ncp_20251010T1140338327_d_img_d18_x02560_y90880.png,0.2527,101.99,78.03,107.48,85.07
ch2_ohr_ncp_20251010T1140338327_d_img_d18_x02560_y91520.png,0.2395,51.58,199.61,62.42,219.53
ch2_ohr_ncp_20251010T1140338327_d_img_d18_x02560_y93440.png,0.243,219.33,90.15,226.03,100.1
ch2_ohr_ncp_20251010T1140338327_d_img_d18_x02560_y97920.png,0.3022,412.6,13.07,418.37,20.78
ch2_ohr_ncp_20251010T1140338327_d_img_d18_x02560_y97920.png,0.2545,362.51,119.92,368.21,126.78
ch2_ohr_ncp_20251010T1140338327_d_img_d18_x02560_y97920.png,0.2488,19.03,25.77,25.66,38.1
ch2_ohr_ncp_20251010T1140338327_d_img_d18_x02560_y97920.png,0.226,19.48,143.77,25.5,150.97
ch2_ohr_ncp_20251010T1140338327_d_img_d18_x03200_y67200.png,0.2572,284.12,156.74,290.04,165.17
ch2_ohr_ncp_20251010T1140338327_d_img_d18_x03200_y67200.png,0.2176,43.47,61.72,49.96,70.78
ch2_ohr_ncp_20251010T1140338327_d_img_d18_x03200_y68480.png,0.2238,0.0,558.29,18.36,584.96
ch2_ohr_ncp_20251010T1140338327_d_img_d18_x03200_y68480.png,0.2119,624.47,262.84,633.34,274.57
ch2_ohr_ncp_20251010T1140338327_d_img_d18_x03200_y68480.png,0.21,474.86,106.9,480.85,116.53
ch2_ohr_ncp_20251010T1140338327_d_img_d18_x03200_y69120.png,0.2068,627.82,189.74,634.53,200.84
ch2_ohr_ncp_20251010T1140338327_d_img_d18_x03200_y70400.png,0.2144,471.18,620.69,479.9,636.52
ch2_ohr_ncp_20251010T1140338327_d_img_d18_x03200_y71680.png,0.3321,161.12,471.75,170.76,484.98
ch2_ohr_ncp_20251010T1140338327_d_img_d18_x03200_y71680.png,0.2402,459.36,414.65,473.36,437.92
ch2_ohr_ncp_20251010T1140338327_d_img_d18_x03200_y72320.png,0.324,5.49,112.29,17.87,131.57
ch2_ohr_ncp_20251010T1140338327_d_img_d18_x03200_y72960.png,0.3388,540.93,202.32,548.6,212.14
ch2_ohr_ncp_20251010T1140338327_d_img_d18_x03200_y72960.png,0.3275,571.41,187.32,577.65,195.25
ch2_ohr_ncp_20251010T1140338327_d_img_d18_x03200_y72960.png,0.3069,619.56,85.5,626.44,94.29
ch2_ohr_ncp_20251010T1140338327_d_img_d18_x03200_y72960.png,0.2861,616.45,172.22,635.05,196.74
ch2_ohr_ncp_20251010T1140338327_d_img_d18_x03200_y72960.png,0.2818,279.7,458.67,288.55,472.28
ch2_ohr_ncp_20251010T1140338327_d_img_d18_x03200_y72960.png,0.2677,401.28,460.72,416.32,492.64
ch2_ohr_ncp_20251010T1140338327_d_img_d18_x03200_y72960.png,0.2331,202.24,490.07,209.65,501.2
ch2_ohr_ncp_20251010T1140338327_d_img_d18_x03200_y72960.png,0.2277,410.65,628.19,415.85,637.38
ch2_ohr_ncp_20251010T1140338327_d_img_d18_x03200_y72960.png,0.2126,195.29,632.76,201.1,639.53
ch2_ohr_ncp_20251010T1140338327_d_img_d18_x03200_y72960.png,0.2121,506.68,132.38,516.49,144.86
ch2_ohr_ncp_20251010T1140338327_d_img_d18_x03200_y72960.png,0.2093,468.26,368.06,473.71,374.63
ch2_ohr_ncp_20251010T1140338327_d_img_d18_x03200_y72960.png,0.2091,324.08,624.32,329.52,632.34
ch2_ohr_ncp_20251010T1140338327_d_img_d18_x03200_y72960.png,0.2033,339.01,553.03,345.16,561.5
ch2_ohr_ncp_20251010T1140338327_d_img_d18_x03200_y74240.png,0.203,139.56,313.46,145.55,322.58
ch2_ohr_ncp_20251010T1140338327_d_img_d18_x03200_y75520.png,0.3347,446.92,196.19,453.37,205.05
ch2_ohr_ncp_20251010T1140338327_d_img_d18_x03200_y75520.png,0.3177,443.61,97.34,449.83,104.85
ch2_ohr_ncp_20251010T1140338327_d_img_d18_x03200_y75520.png,0.3103,164.72,380.97,170.53,389.43
ch2_ohr_ncp_20251010T1140338327_d_img_d18_x03200_y75520.png,0.2987,548.96,223.7,555.41,231.03
ch2_ohr_ncp_20251010T1140338327_d_img_d18_x03200_y75520.png,0.2891,621.08,228.53,626.53,237.74
ch2_ohr_ncp_20251010T1140338327_d_img_d18_x03200_y75520.png,0.2879,172.82,364.22,178.24,370.37
ch2_ohr_ncp_20251010T1140338327_d_img_d18_x03200_y75520.png,0.2614,578.38,512.05,584.66,519.99
ch2_ohr_ncp_20251010T1140338327_d_img_d18_x03200_y75520.png,0.2576,512.3,62.48,518.13,69.39
ch2_ohr_ncp_20251010T1140338327_d_img_d18_x03200_y75520.png,0.252,510.71,102.63,517.51,115.59
ch2_ohr_ncp_20251010T1140338327_d_img_d18_x03200_y75520.png,0.2512,618.23,154.63,634.29,184.27
ch2_ohr_ncp_20251010T1140338327_d_img_d18_x03200_y75520.png,0.2387,201.46,223.9,218.31,251.0
ch2_ohr_ncp_20251010T1140338327_d_img_d18_x03200_y75520.png,0.2384,467.18,296.31,480.4,311.51
ch2_ohr_ncp_20251010T1140338327_d_img_d18_x03200_y75520.png,0.2281,563.23,255.01,568.59,261.74
ch2_ohr_ncp_20251010T1140338327_d_img_d18_x03200_y75520.png,0.2279,555.58,473.02,561.52,481.26
ch2_ohr_ncp_20251010T1140338327_d_img_d18_x03200_y75520.png,0.2256,583.39,484.77,593.32,498.99
ch2_ohr_ncp_20251010T1140338327_d_img_d18_x03200_y75520.png,0.2182,530.73,503.32,537.53,514.88
ch2_ohr_ncp_20251010T1140338327_d_img_d18_x03200_y75520.png,0.2088,275.71,633.2,282.32,639.51
ch2_ohr_ncp_20251010T1140338327_d_img_d18_x03200_y75520.png,0.2054,621.48,518.9,626.8,525.27
ch2_ohr_ncp_20251010T1140338327_d_img_d18_x03200_y75520.png,0.2042,493.66,105.68,506.51,122.08
ch2_ohr_ncp_20251010T1140338327_d_img_d18_x03200_y75520.png,0.2027,584.91,125.03,589.96,133.98
ch2_ohr_ncp_20251010T1140338327_d_img_d18_x03200_y76800.png,0.2872,381.75,376.95,398.22,404.95
ch2_ohr_ncp_20251010T1140338327_d_img_d18_x03200_y79360.png,0.3884,547.4,625.23,552.62,633.55
ch2_ohr_ncp_20251010T1140338327_d_img_d18_x03200_y90240.png,0.2298,545.42,282.21,554.05,296.71
ch2_ohr_ncp_20251010T1140338327_d_img_d18_x03200_y90880.png,0.201,481.8,524.36,490.65,534.39
ch2_ohr_ncp_20251010T1140338327_d_img_d18_x03200_y91520.png,0.2552,283.67,169.13,292.86,182.38
ch2_ohr_ncp_20251010T1140338327_d_img_d18_x03200_y91520.png,0.2467,303.37,139.6,311.62,161.37
ch2_ohr_ncp_20251010T1140338327_d_img_d18_x03200_y94720.png,0.2094,363.86,500.98,371.03,511.25
ch2_ohr_ncp_20251010T1140338327_d_img_d18_x03200_y99840.png,0.217,539.75,267.99,546.21,276.96
ch2_ohr_ncp_20251010T1140338327_d_img_d18_x03840_y67840.png,0.2288,370.75,631.84,378.15,639.52
ch2_ohr_ncp_20251010T1140338327_d_img_d18_x03840_y67840.png,0.226,184.57,626.56,193.34,638.46
ch2_ohr_ncp_20251010T1140338327_d_img_d18_x03840_y67840.png,0.2056,535.82,628.26,542.77,638.8
ch2_ohr_ncp_20251010T1140338327_d_img_d18_x03840_y71040.png,0.2518,398.58,621.63,416.44,639.73
ch2_ohr_ncp_20251010T1140338327_d_img_d18_x03840_y72320.png,0.2415,389.18,628.82,398.16,639.15
ch2_ohr_ncp_20251010T1140338327_d_img_d18_x03840_y72960.png,0.2085,121.35,121.65,128.51,132.67
ch2_ohr_ncp_20251010T1140338327_d_img_d18_x03840_y75520.png,0.2118,291.87,631.1,299.31,639.24
ch2_ohr_ncp_20251010T1140338327_d_img_d18_x03840_y77440.png,0.2487,348.87,215.87,363.26,238.98
ch2_ohr_ncp_20251010T1140338327_d_img_d18_x03840_y78080.png,0.227,208.83,234.57,217.05,245.91
ch2_ohr_ncp_20251010T1140338327_d_img_d18_x03840_y81280.png,0.2253,349.5,539.39,372.25,572.17
ch2_ohr_ncp_20251010T1140338327_d_img_d18_x03840_y84480.png,0.2197,521.29,167.49,528.9,176.04
ch2_ohr_ncp_20251010T1140338327_d_img_d18_x03840_y90240.png,0.2303,221.63,630.17,230.25,639.78
ch2_ohr_ncp_20251010T1140338327_d_img_d18_x03840_y93440.png,0.2595,411.78,66.35,418.37,73.78
ch2_ohr_ncp_20251010T1140338327_d_img_d18_x03840_y95360.png,0.3452,300.52,455.65,311.99,473.49
ch2_ohr_ncp_20251010T1140338327_d_img_d18_x03840_y96640.png,0.2531,331.87,631.22,341.68,639.93
ch2_ohr_ncp_20251010T1140338327_d_img_d18_x03840_y96640.png,0.2324,618.58,64.39,625.53,76.5
ch2_ohr_ncp_20251010T1140338327_d_img_d18_x03840_y96640.png,0.2273,408.67,0.0,430.23,30.71
ch2_ohr_ncp_20251010T1140338327_d_img_d18_x03840_y96640.png,0.2245,439.8,619.29,446.3,628.57
ch2_ohr_ncp_20251010T1140338327_d_img_d18_x03840_y96640.png,0.2114,225.55,627.94,233.66,638.76
ch2_ohr_ncp_20251010T1140338327_d_img_d18_x03840_y97920.png,0.3185,121.91,436.71,130.69,448.17
ch2_ohr_ncp_20251010T1140338327_d_img_d18_x03840_y97920.png,0.3118,105.46,299.76,113.5,312.8
ch2_ohr_ncp_20251010T1140338327_d_img_d18_x03840_y98560.png,0.2631,602.71,90.51,609.19,98.87
ch2_ohr_ncp_20251010T1140338327_d_img_d18_x03840_y99200.png,0.2418,349.81,66.88,368.95,103.37
ch2_ohr_ncp_20251010T1140338327_d_img_d18_x03840_y99200.png,0.2378,155.17,315.88,161.43,325.85
ch2_ohr_ncp_20251010T1140338327_d_img_d18_x03840_y99200.png,0.2097,194.98,382.28,201.84,389.74
ch2_ohr_ncp_20251010T1140338327_d_img_d18_x03840_y99200.png,0.2015,435.26,632.26,442.56,639.7
ch2_ohr_ncp_20251010T1140338327_d_img_d18_x04480_y100480.png,0.3871,420.9,326.98,434.77,356.03
ch2_ohr_ncp_20251010T1140338327_d_img_d18_x04480_y100480.png,0.3795,522.75,484.18,531.55,495.17
ch2_ohr_ncp_20251010T1140338327_d_img_d18_x04480_y100480.png,0.3243,82.17,331.29,90.0,344.56
ch2_ohr_ncp_20251010T1140338327_d_img_d18_x04480_y100480.png,0.2993,319.11,91.76,327.67,104.42
ch2_ohr_ncp_20251010T1140338327_d_img_d18_x04480_y100480.png,0.2886,404.59,283.66,409.97,290.42
ch2_ohr_ncp_20251010T1140338327_d_img_d18_x04480_y100480.png,0.2539,472.74,483.12,494.76,512.12
ch2_ohr_ncp_20251010T1140338327_d_img_d18_x04480_y100480.png,0.2416,364.91,275.97,371.79,286.76
ch2_ohr_ncp_20251010T1140338327_d_img_d18_x04480_y100480.png,0.2393,282.78,244.8,290.36,258.82
ch2_ohr_ncp_20251010T1140338327_d_img_d18_x04480_y100480.png,0.2376,592.73,129.99,603.02,148.55
ch2_ohr_ncp_20251010T1140338327_d_img_d18_x04480_y100480.png,0.2296,467.3,479.49,473.45,486.59
ch2_ohr_ncp_20251010T1140338327_d_img_d18_x04480_y100480.png,0.228,321.96,116.25,327.32,123.86
ch2_ohr_ncp_20251010T1140338327_d_img_d18_x04480_y100480.png,0.2238,461.91,504.91,468.75,514.73
ch2_ohr_ncp_20251010T1140338327_d_img_d18_x04480_y100480.png,0.2154,377.66,188.67,383.73,197.57
ch2_ohr_ncp_20251010T1140338327_d_img_d18_x04480_y100480.png,0.2064,220.57,129.42,228.37,139.16
ch2_ohr_ncp_20251010T1140338327_d_img_d18_x04480_y67840.png,0.2004,171.72,631.2,178.6,639.78
ch2_ohr_ncp_20251010T1140338327_d_img_d18_x04480_y69760.png,0.2072,155.04,50.72,161.6,62.07
ch2_ohr_ncp_20251010T1140338327_d_img_d18_x04480_y72320.png,0.2019,545.76,240.78,553.45,251.29
ch2_ohr_ncp_20251010T1140338327_d_img_d18_x04480_y73600.png,0.262,508.17,75.57,524.52,104.23
ch2_ohr_ncp_20251010T1140338327_d_img_d18_x04480_y84480.png,0.3585,477.34,519.52,489.01,537.12
ch2_ohr_ncp_20251010T1140338327_d_img_d18_x04480_y90880.png,0.2017,626.57,152.4,633.44,163.06
ch2_ohr_ncp_20251010T1140338327_d_img_d18_x04480_y93440.png,0.2902,371.97,85.79,378.06,93.59
ch2_ohr_ncp_20251010T1140338327_d_img_d18_x04480_y93440.png,0.2302,97.31,362.82,104.11,372.74
ch2_ohr_ncp_20251010T1140338327_d_img_d18_x04480_y93440.png,0.2186,225.43,136.2,238.36,155.33
ch2_ohr_ncp_20251010T1140338327_d_img_d18_x04480_y94080.png,0.3142,205.14,353.43,220.92,382.22
ch2_ohr_ncp_20251010T1140338327_d_img_d18_x04480_y96000.png,0.2391,235.34,13.87,247.85,34.2
ch2_ohr_ncp_20251010T1140338327_d_img_d18_x04480_y96000.png,0.2251,476.2,302.52,491.62,336.4
ch2_ohr_ncp_20251010T1140338327_d_img_d18_x04480_y96640.png,0.3312,154.11,127.43,168.51,150.38
ch2_ohr_ncp_20251010T1140338327_d_img_d18_x04480_y96640.png,0.2294,521.51,148.33,528.89,160.85
ch2_ohr_ncp_20251010T1140338327_d_img_d18_x04480_y96640.png,0.2219,413.22,0.0,422.29,20.11
ch2_ohr_ncp_20251010T1140338327_d_img_d18_x04480_y96640.png,0.2184,235.83,96.64,253.65,131.72
ch2_ohr_ncp_20251010T1140338327_d_img_d18_x04480_y96640.png,0.2118,166.94,515.92,177.83,539.19
ch2_ohr_ncp_20251010T1140338327_d_img_d18_x04480_y97920.png,0.2768,536.58,111.61,545.19,127.24
ch2_ohr_ncp_20251010T1140338327_d_img_d18_x04480_y99200.png,0.264,413.96,36.91,423.79,56.5
ch2_ohr_ncp_20251010T1140338327_d_img_d18_x04480_y99200.png,0.2636,620.8,91.9,633.67,118.22
ch2_ohr_ncp_20251010T1140338327_d_img_d18_x04480_y99200.png,0.2271,398.1,632.73,407.31,639.67
ch2_ohr_ncp_20251010T1140338327_d_img_d18_x04480_y99200.png,0.2164,427.64,604.16,434.09,612.9
ch2_ohr_ncp_20251010T1140338327_d_img_d18_x05120_y100480.png,0.3158,50.33,219.66,56.31,228.32
ch2_ohr_ncp_20251010T1140338327_d_img_d18_x05120_y100480.png,0.31,182.49,123.91,194.58,146.36
ch2_ohr_ncp_20251010T1140338327_d_img_d18_x05120_y100480.png,0.2914,157.18,474.95,169.88,499.52
ch2_ohr_ncp_20251010T1140338327_d_img_d18_x05120_y100480.png,0.2592,83.09,250.25,88.43,257.88
ch2_ohr_ncp_20251010T1140338327_d_img_d18_x05120_y100480.png,0.241,244.95,196.95,253.85,211.14
ch2_ohr_ncp_20251010T1140338327_d_img_d18_x05120_y100480.png,0.2075,551.03,354.16,560.63,370.5
ch2_ohr_ncp_20251010T1140338327_d_img_d18_x05120_y100480.png,0.2046,74.18,233.52,81.45,245.2
ch2_ohr_ncp_20251010T1140338327_d_img_d18_x05120_y72960.png,0.2745,420.41,156.28,426.35,165.24
ch2_ohr_ncp_20251010T1140338327_d_img_d18_x05120_y72960.png,0.2575,516.67,113.54,522.81,122.65
ch2_ohr_ncp_20251010T1140338327_d_img_d18_x05120_y72960.png,0.2029,451.16,377.93,458.87,388.57
ch2_ohr_ncp_20251010T1140338327_d_img_d18_x05120_y75520.png,0.2066,268.03,140.13,274.57,149.2
ch2_ohr_ncp_20251010T1140338327_d_img_d18_x05120_y78720.png,0.2108,615.36,518.94,633.94,560.05
ch2_ohr_ncp_20251010T1140338327_d_img_d18_x05120_y89600.png,0.2651,233.62,103.96,241.64,113.76
ch2_ohr_ncp_20251010T1140338327_d_img_d18_x05120_y89600.png,0.2026,303.46,205.26,308.84,212.6
ch2_ohr_ncp_20251010T1140338327_d_img_d18_x05120_y92160.png,0.2133,414.97,222.31,432.97,253.52
ch2_ohr_ncp_20251010T1140338327_d_img_d18_x05120_y94720.png,0.2056,446.72,276.31,457.94,295.84
ch2_ohr_ncp_20251010T1140338327_d_img_d18_x05120_y95360.png,0.2317,123.38,627.68,129.54,636.01
ch2_ohr_ncp_20251010T1140338327_d_img_d18_x05120_y96000.png,0.3428,270.39,53.85,282.89,82.15
ch2_ohr_ncp_20251010T1140338327_d_img_d18_x05120_y96000.png,0.3155,334.67,26.11,347.64,51.15
ch2_ohr_ncp_20251010T1140338327_d_img_d18_x05120_y96000.png,0.2566,310.47,164.17,321.08,185.09
ch2_ohr_ncp_20251010T1140338327_d_img_d18_x05120_y96000.png,0.2553,151.33,51.88,160.98,67.98
ch2_ohr_ncp_20251010T1140338327_d_img_d18_x05120_y98560.png,0.3854,220.97,60.66,233.49,86.13
ch2_ohr_ncp_20251010T1140338327_d_img_d18_x05120_y98560.png,0.314,155.43,106.76,160.87,114.84
ch2_ohr_ncp_20251010T1140338327_d_img_d18_x05120_y98560.png,0.274,248.44,254.12,265.34,283.32
ch2_ohr_ncp_20251010T1140338327_d_img_d18_x05120_y98560.png,0.2674,138.67,63.21,145.44,74.18
ch2_ohr_ncp_20251010T1140338327_d_img_d18_x05120_y98560.png,0.2332,413.0,0.0,438.06,33.62
ch2_ohr_ncp_20251010T1140338327_d_img_d18_x05120_y99840.png,0.2404,626.62,319.11,632.53,326.76
ch2_ohr_ncp_20251010T1140338327_d_img_d18_x05120_y99840.png,0.2137,626.99,373.57,633.25,383.15
ch2_ohr_ncp_20251010T1140338327_d_img_d18_x05760_y100480.png,0.5071,622.53,338.67,629.54,352.41
ch2_ohr_ncp_20251010T1140338327_d_img_d18_x05760_y100480.png,0.2624,469.14,112.03,474.95,120.36
ch2_ohr_ncp_20251010T1140338327_d_img_d18_x05760_y100480.png,0.2385,295.87,294.82,308.4,322.63
ch2_ohr_ncp_20251010T1140338327_d_img_d18_x05760_y100480.png,0.2192,388.65,389.5,394.29,398.08
ch2_ohr_ncp_20251010T1140338327_d_img_d18_x05760_y64640.png,0.2143,586.93,627.41,593.73,638.77
ch2_ohr_ncp_20251010T1140338327_d_img_d18_x05760_y72960.png,0.2241,84.67,444.0,91.36,452.86
ch2_ohr_ncp_20251010T1140338327_d_img_d18_x05760_y72960.png,0.2065,386.03,46.31,393.31,55.3
ch2_ohr_ncp_20251010T1140338327_d_img_d18_x05760_y72960.png,0.2052,587.6,201.46,612.12,241.05
ch2_ohr_ncp_20251010T1140338327_d_img_d18_x05760_y72960.png,0.203,492.43,411.68,518.07,451.59
ch2_ohr_ncp_20251010T1140338327_d_img_d18_x05760_y72960.png,0.2012,490.33,410.69,514.61,459.89
ch2_ohr_ncp_20251010T1140338327_d_img_d18_x05760_y85760.png,0.2346,0.05,390.56,5.44,404.25
ch2_ohr_ncp_20251010T1140338327_d_img_d18_x05760_y91520.png,0.2734,144.38,366.42,157.14,394.8
ch2_ohr_ncp_20251010T1140338327_d_img_d18_x05760_y91520.png,0.2301,475.89,458.62,482.4,468.5
ch2_ohr_ncp_20251010T1140338327_d_img_d18_x05760_y93440.png,0.201,348.29,488.51,353.69,494.81
ch2_ohr_ncp_20251010T1140338327_d_img_d18_x05760_y94720.png,0.473,582.48,186.11,622.65,265.86
ch2_ohr_ncp_20251010T1140338327_d_img_d18_x05760_y94720.png,0.4417,236.34,538.95,243.14,548.56
ch2_ohr_ncp_20251010T1140338327_d_img_d18_x05760_y94720.png,0.4084,472.59,454.11,482.16,472.18
ch2_ohr_ncp_20251010T1140338327_d_img_d18_x05760_y94720.png,0.3935,204.59,366.03,213.86,385.89
ch2_ohr_ncp_20251010T1140338327_d_img_d18_x05760_y94720.png,0.3293,466.77,244.24,474.05,254.31
ch2_ohr_ncp_20251010T1140338327_d_img_d18_x05760_y94720.png,0.3277,66.04,43.08,72.3,52.0
ch2_ohr_ncp_20251010T1140338327_d_img_d18_x05760_y94720.png,0.3192,373.19,452.96,393.95,481.93
ch2_ohr_ncp_20251010T1140338327_d_img_d18_x05760_y94720.png,0.3148,619.99,341.02,633.59,373.29
ch2_ohr_ncp_20251010T1140338327_d_img_d18_x05760_y94720.png,0.3047,287.65,530.26,293.42,538.43
ch2_ohr_ncp_20251010T1140338327_d_img_d18_x05760_y94720.png,0.2928,53.17,134.64,58.36,141.09
ch2_ohr_ncp_20251010T1140338327_d_img_d18_x05760_y94720.png,0.2881,372.47,413.4,378.01,420.37
ch2_ohr_ncp_20251010T1140338327_d_img_d18_x05760_y94720.png,0.2876,322.74,454.25,331.62,465.81
ch2_ohr_ncp_20251010T1140338327_d_img_d18_x05760_y94720.png,0.2817,578.35,596.67,585.47,607.48
ch2_ohr_ncp_20251010T1140338327_d_img_d18_x05760_y94720.png,0.2793,78.45,38.37,90.72,53.74
ch2_ohr_ncp_20251010T1140338327_d_img_d18_x05760_y94720.png,0.278,66.21,142.26,75.64,158.88
ch2_ohr_ncp_20251010T1140338327_d_img_d18_x05760_y94720.png,0.2682,84.38,154.66,90.32,164.15
ch2_ohr_ncp_20251010T1140338327_d_img_d18_x05760_y94720.png,0.2666,589.72,620.43,595.7,628.12
ch2_ohr_ncp_20251010T1140338327_d_img_d18_x05760_y94720.png,0.2431,619.48,304.03,635.4,325.71
ch2_ohr_ncp_20251010T1140338327_d_img_d18_x05760_y94720.png,0.2275,519.49,6.01,523.55,11.13
ch2_ohr_ncp_20251010T1140338327_d_img_d18_x05760_y94720.png,0.218,102.04,154.53,110.17,161.79
ch2_ohr_ncp_20251010T1140338327_d_img_d18_x05760_y94720.png,0.2154,567.96,546.74,574.77,556.22
ch2_ohr_ncp_20251010T1140338327_d_img_d18_x05760_y94720.png,0.2136,121.33,517.38,128.72,528.61
ch2_ohr_ncp_20251010T1140338327_d_img_d18_x05760_y94720.png,0.2095,602.85,508.73,610.72,521.11
ch2_ohr_ncp_20251010T1140338327_d_img_d18_x05760_y94720.png,0.2052,59.49,59.15,66.41,68.29
ch2_ohr_ncp_20251010T1140338327_d_img_d18_x05760_y94720.png,0.205,616.2,621.64,619.47,626.19
ch2_ohr_ncp_20251010T1140338327_d_img_d18_x05760_y94720.png,0.2046,169.61,543.92,175.97,553.92
ch2_ohr_ncp_20251010T1140338327_d_img_d18_x05760_y94720.png,0.2038,265.34,568.08,271.34,576.97
ch2_ohr_ncp_20251010T1140338327_d_img_d18_x05760_y94720.png,0.2004,599.49,453.42,603.99,458.99
ch2_ohr_ncp_20251010T1140338327_d_img_d18_x05760_y96000.png,0.3286,214.72,321.06,225.1,337.18
ch2_ohr_ncp_20251010T1140338327_d_img_d18_x05760_y96000.png,0.2696,476.35,123.63,482.9,134.67
ch2_ohr_ncp_20251010T1140338327_d_img_d18_x05760_y96000.png,0.2444,178.42,342.24,185.72,354.07
ch2_ohr_ncp_20251010T1140338327_d_img_d18_x05760_y96000.png,0.2435,487.41,372.41,503.81,403.51
ch2_ohr_ncp_20251010T1140338327_d_img_d18_x05760_y96000.png,0.2268,109.5,217.07,115.38,226.05
ch2_ohr_ncp_20251010T1140338327_d_img_d18_x05760_y96000.png,0.2184,106.87,193.63,114.11,204.11
ch2_ohr_ncp_20251010T1140338327_d_img_d18_x05760_y96000.png,0.2101,42.57,229.81,48.88,238.16
ch2_ohr_ncp_20251010T1140338327_d_img_d18_x05760_y96640.png,0.3543,171.72,626.91,178.7,638.4
ch2_ohr_ncp_20251010T1140338327_d_img_d18_x05760_y96640.png,0.2318,168.84,371.2,178.06,384.9
ch2_ohr_ncp_20251010T1140338327_d_img_d18_x06400_y100480.png,0.3224,0.34,417.45,18.62,455.18
ch2_ohr_ncp_20251010T1140338327_d_img_d18_x06400_y100480.png,0.3129,325.94,230.48,333.48,241.58
ch2_ohr_ncp_20251010T1140338327_d_img_d18_x06400_y100480.png,0.3038,139.2,511.99,145.22,521.51
ch2_ohr_ncp_20251010T1140338327_d_img_d18_x06400_y72960.png,0.2333,132.25,211.71,149.21,241.2
ch2_ohr_ncp_20251010T1140338327_d_img_d18_x06400_y74240.png,0.232,633.07,72.12,638.5,79.79
ch2_ohr_ncp_20251010T1140338327_d_img_d18_x06400_y77440.png,0.2591,57.59,0.0,75.53,26.52
ch2_ohr_ncp_20251010T1140338327_d_img_d18_x06400_y88960.png,0.2695,72.35,149.47,87.86,169.07
ch2_ohr_ncp_20251010T1140338327_d_img_d18_x06400_y88960.png,0.2138,147.04,292.64,152.81,301.28
ch2_ohr_ncp_20251010T1140338327_d_img_d18_x06400_y88960.png,0.2034,402.74,339.84,410.13,349.16
ch2_ohr_ncp_20251010T1140338327_d_img_d18_x07040_y100480.png,0.5006,240.29,518.97,252.29,543.18
ch2_ohr_ncp_20251010T1140338327_d_img_d18_x07040_y100480.png,0.4539,465.67,133.29,473.84,144.29
ch2_ohr_ncp_20251010T1140338327_d_img_d18_x07040_y100480.png,0.3941,533.63,536.96,539.28,547.41
ch2_ohr_ncp_20251010T1140338327_d_img_d18_x07040_y100480.png,0.3852,627.1,174.35,635.0,183.63
ch2_ohr_ncp_20251010T1140338327_d_img_d18_x07040_y100480.png,0.3424,543.79,332.29,552.25,343.13
ch2_ohr_ncp_20251010T1140338327_d_img_d18_x07040_y100480.png,0.3197,268.13,409.15,275.53,419.48
ch2_ohr_ncp_20251010T1140338327_d_img_d18_x07040_y100480.png,0.3059,85.77,18.86,93.75,31.36
ch2_ohr_ncp_20251010T1140338327_d_img_d18_x07040_y100480.png,0.2937,406.28,212.88,412.09,221.6
ch2_ohr_ncp_20251010T1140338327_d_img_d18_x07040_y100480.png,0.2869,230.79,347.01,237.17,356.85
ch2_ohr_ncp_20251010T1140338327_d_img_d18_x07040_y100480.png,0.257,377.73,262.81,383.78,271.54
ch2_ohr_ncp_20251010T1140338327_d_img_d18_x07040_y100480.png,0.2395,247.94,93.39,253.78,102.02
ch2_ohr_ncp_20251010T1140338327_d_img_d18_x07040_y100480.png,0.2308,55.68,405.09,62.77,416.37
ch2_ohr_ncp_20251010T1140338327_d_img_d18_x07040_y100480.png,0.2289,568.55,139.16,574.08,147.58
ch2_ohr_ncp_20251010T1140338327_d_img_d18_x07040_y62720.png,0.216,355.24,632.38,361.33,639.1
ch2_ohr_ncp_20251010T1140338327_d_img_d18_x07040_y74240.png,0.2188,123.93,80.33,138.1,101.99
ch2_ohr_ncp_20251010T1140338327_d_img_d18_x07040_y79360.png,0.2123,205.55,282.53,211.09,289.45
ch2_ohr_ncp_20251010T1140338327_d_img_d18_x07040_y79360.png,0.2115,295.01,70.56,300.86,78.18
ch2_ohr_ncp_20251010T1140338327_d_img_d18_x07040_y91520.png,0.2471,525.18,153.08,548.1,190.5
ch2_ohr_ncp_20251010T1140338327_d_img_d18_x07040_y91520.png,0.244,565.09,626.84,578.11,639.2
ch2_ohr_ncp_20251010T1140338327_d_img_d18_x07040_y91520.png,0.2241,582.63,117.12,600.24,149.29
ch2_ohr_ncp_20251010T1140338327_d_img_d18_x07040_y94720.png,0.2757,85.01,54.34,96.67,77.03
ch2_ohr_ncp_20251010T1140338327_d_img_d18_x07040_y94720.png,0.2639,257.73,44.26,265.38,62.34
ch2_ohr_ncp_20251010T1140338327_d_img_d18_x07040_y94720.png,0.2499,439.19,41.89,451.91,67.5
ch2_ohr_ncp_20251010T1140338327_d_img_d18_x07040_y94720.png,0.2017,331.21,556.17,337.94,567.41
ch2_ohr_ncp_20251010T1140338327_d_img_d18_x07040_y99200.png,0.2564,3.25,147.7,23.88,180.59
ch2_ohr_ncp_20251010T1140338327_d_img_d18_x07680_y100480.png,0.3223,380.23,244.02,386.68,253.01
ch2_ohr_ncp_20251010T1140338327_d_img_d18_x07680_y40960.png,0.2197,378.82,266.18,385.84,276.99
ch2_ohr_ncp_20251010T1140338327_d_img_d18_x07680_y60160.png,0.2449,170.95,290.0,176.58,296.45
ch2_ohr_ncp_20251010T1140338327_d_img_d18_x07680_y60160.png,0.2054,271.36,502.73,280.15,513.44
ch2_ohr_ncp_20251010T1140338327_d_img_d18_x07680_y65280.png,0.2002,622.91,519.85,631.15,531.07
ch2_ohr_ncp_20251010T1140338327_d_img_d18_x07680_y76160.png,0.281,539.37,171.65,545.37,180.72
ch2_ohr_ncp_20251010T1140338327_d_img_d18_x07680_y94720.png,0.2361,626.3,426.21,634.45,438.31
ch2_ohr_ncp_20251010T1140338327_d_img_d18_x07680_y97280.png,0.3193,93.33,73.01,104.53,93.3
ch2_ohr_ncp_20251010T1140338327_d_img_d18_x07680_y97280.png,0.2477,554.94,616.98,561.75,629.56
ch2_ohr_ncp_20251010T1140338327_d_img_d18_x07680_y97280.png,0.2209,373.89,56.33,387.51,82.78
ch2_ohr_ncp_20251010T1140338327_d_img_d18_x07680_y97280.png,0.2195,370.52,512.79,382.63,529.57
ch2_ohr_ncp_20251010T1140338327_d_img_d18_x08320_y100480.png,0.3831,271.44,84.42,283.13,107.15
ch2_ohr_ncp_20251010T1140338327_d_img_d18_x08320_y100480.png,0.3679,586.89,297.66,594.01,309.74
ch2_ohr_ncp_20251010T1140338327_d_img_d18_x08320_y100480.png,0.3577,518.53,121.56,528.74,141.76
ch2_ohr_ncp_20251010T1140338327_d_img_d18_x08320_y100480.png,0.3161,292.29,355.99,297.83,363.32
ch2_ohr_ncp_20251010T1140338327_d_img_d18_x08320_y100480.png,0.2758,559.6,217.09,565.72,229.24
ch2_ohr_ncp_20251010T1140338327_d_img_d18_x08320_y100480.png,0.2746,427.42,420.0,456.33,470.32
ch2_ohr_ncp_20251010T1140338327_d_img_d18_x08320_y100480.png,0.2743,140.95,57.87,148.27,68.82
ch2_ohr_ncp_20251010T1140338327_d_img_d18_x08320_y100480.png,0.2625,494.87,91.7,501.84,101.12
ch2_ohr_ncp_20251010T1140338327_d_img_d18_x08320_y100480.png,0.2456,163.61,188.63,170.06,198.8
ch2_ohr_ncp_20251010T1140338327_d_img_d18_x08320_y100480.png,0.2331,552.44,452.7,559.92,465.32
ch2_ohr_ncp_20251010T1140338327_d_img_d18_x08320_y100480.png,0.2326,235.37,528.79,242.58,541.43
ch2_ohr_ncp_20251010T1140338327_d_img_d18_x08320_y100480.png,0.2114,308.26,43.21,320.34,73.72
ch2_ohr_ncp_20251010T1140338327_d_img_d18_x08320_y100480.png,0.2024,286.78,86.38,297.0,101.84
ch2_ohr_ncp_20251010T1140338327_d_img_d18_x08320_y42240.png,0.2754,173.27,630.51,177.8,637.18
ch2_ohr_ncp_20251010T1140338327_d_img_d18_x08320_y42240.png,0.2468,182.54,363.51,191.49,377.78
ch2_ohr_ncp_20251010T1140338327_d_img_d18_x08320_y60160.png,0.2392,212.33,499.75,219.98,506.87
ch2_ohr_ncp_20251010T1140338327_d_img_d18_x08320_y60160.png,0.2324,419.03,411.49,425.05,420.95
ch2_ohr_ncp_20251010T1140338327_d_img_d18_x08320_y60800.png,0.3641,313.79,480.83,324.87,496.85
ch2_ohr_ncp_20251010T1140338327_d_img_d18_x08320_y60800.png,0.3252,577.95,215.56,586.32,225.74
ch2_ohr_ncp_20251010T1140338327_d_img_d18_x08320_y60800.png,0.3132,374.87,214.14,382.06,223.93
ch2_ohr_ncp_20251010T1140338327_d_img_d18_x08320_y60800.png,0.2864,610.71,285.95,626.43,314.95
ch2_ohr_ncp_20251010T1140338327_d_img_d18_x08320_y60800.png,0.2752,459.58,179.67,465.49,189.55
ch2_ohr_ncp_20251010T1140338327_d_img_d18_x08320_y60800.png,0.2721,371.75,254.3,382.99,269.65
ch2_ohr_ncp_20251010T1140338327_d_img_d18_x08320_y60800.png,0.267,430.04,391.92,438.31,403.21
ch2_ohr_ncp_20251010T1140338327_d_img_d18_x08320_y60800.png,0.2656,404.51,325.95,411.1,333.88
ch2_ohr_ncp_20251010T1140338327_d_img_d18_x08320_y60800.png,0.2617,324.29,297.51,330.81,305.46
ch2_ohr_ncp_20251010T1140338327_d_img_d18_x08320_y60800.png,0.2615,375.14,228.75,382.14,240.44
ch2_ohr_ncp_20251010T1140338327_d_img_d18_x08320_y60800.png,0.2468,506.43,342.9,511.82,349.17
ch2_ohr_ncp_20251010T1140338327_d_img_d18_x08320_y60800.png,0.2459,275.01,53.84,280.98,60.81
ch2_ohr_ncp_20251010T1140338327_d_img_d18_x08320_y60800.png,0.2446,501.7,200.64,513.57,217.08
ch2_ohr_ncp_20251010T1140338327_d_img_d18_x08320_y60800.png,0.2398,48.76,399.66,57.3,411.82
ch2_ohr_ncp_20251010T1140338327_d_img_d18_x08320_y60800.png,0.2331,303.5,113.03,312.48,128.6
ch2_ohr_ncp_20251010T1140338327_d_img_d18_x08320_y60800.png,0.2283,189.68,361.8,195.9,372.59
ch2_ohr_ncp_20251010T1140338327_d_img_d18_x08320_y60800.png,0.2183,424.97,192.05,432.63,200.55
ch2_ohr_ncp_20251010T1140338327_d_img_d18_x08320_y60800.png,0.2126,428.35,246.59,433.65,252.21
ch2_ohr_ncp_20251010T1140338327_d_img_d18_x08320_y60800.png,0.2074,407.14,0.0,420.21,22.69
ch2_ohr_ncp_20251010T1140338327_d_img_d18_x08320_y61440.png,0.2395,542.78,321.08,553.48,338.38
ch2_ohr_ncp_20251010T1140338327_d_img_d18_x08320_y62080.png,0.2897,364.68,50.51,379.71,76.24
ch2_ohr_ncp_20251010T1140338327_d_img_d18_x08320_y65920.png,0.3463,192.54,364.14,207.19,388.23
ch2_ohr_ncp_20251010T1140338327_d_img_d18_x08320_y65920.png,0.3274,240.22,357.36,248.12,369.39
ch2_ohr_ncp_20251010T1140338327_d_img_d18_x08320_y65920.png,0.3121,227.35,493.12,234.1,501.62
ch2_ohr_ncp_20251010T1140338327_d_img_d18_x08320_y65920.png,0.2751,335.77,268.47,344.75,279.65
ch2_ohr_ncp_20251010T1140338327_d_img_d18_x08320_y65920.png,0.2579,538.19,631.92,546.73,639.97
ch2_ohr_ncp_20251010T1140338327_d_img_d18_x08320_y65920.png,0.2272,315.36,264.17,320.58,270.32
ch2_ohr_ncp_20251010T1140338327_d_img_d18_x08320_y65920.png,0.2241,76.2,9.0,86.64,25.32
ch2_ohr_ncp_20251010T1140338327_d_img_d18_x08320_y65920.png,0.2214,107.46,5.84,118.78,22.44
ch2_ohr_ncp_20251010T1140338327_d_img_d18_x08320_y65920.png,0.2062,76.03,466.59,83.56,476.12
ch2_ohr_ncp_20251010T1140338327_d_img_d18_x08320_y65920.png,0.2054,452.37,246.68,459.42,255.15
ch2_ohr_ncp_20251010T1140338327_d_img_d18_x08320_y72320.png,0.234,366.25,633.12,373.3,639.84
ch2_ohr_ncp_20251010T1140338327_d_img_d18_x08320_y73600.png,0.2332,433.76,629.45,441.25,638.91
ch2_ohr_ncp_20251010T1140338327_d_img_d18_x08320_y92800.png,0.2667,470.5,623.46,481.15,639.13
ch2_ohr_ncp_20251010T1140338327_d_img_d18_x08320_y92800.png,0.2267,482.82,353.29,512.43,398.44
ch2_ohr_ncp_20251010T1140338327_d_img_d18_x08320_y99200.png,0.2107,453.25,228.49,471.79,263.7
ch2_ohr_ncp_20251010T1140338327_d_img_d18_x08960_y100480.png,0.5294,135.2,158.21,145.77,178.33
ch2_ohr_ncp_20251010T1140338327_d_img_d18_x08960_y100480.png,0.341,8.05,527.6,12.6,535.03
ch2_ohr_ncp_20251010T1140338327_d_img_d18_x08960_y100480.png,0.3402,426.98,521.39,434.17,532.56
ch2_ohr_ncp_20251010T1140338327_d_img_d18_x08960_y100480.png,0.2961,6.86,124.29,13.07,132.07
ch2_ohr_ncp_20251010T1140338327_d_img_d18_x08960_y100480.png,0.26,343.52,289.68,349.62,298.98
ch2_ohr_ncp_20251010T1140338327_d_img_d18_x08960_y100480.png,0.2586,433.98,110.77,441.86,123.72
ch2_ohr_ncp_20251010T1140338327_d_img_d18_x08960_y100480.png,0.2486,74.28,280.04,81.3,291.53
ch2_ohr_ncp_20251010T1140338327_d_img_d18_x08960_y100480.png,0.2388,32.99,107.9,39.36,116.97
ch2_ohr_ncp_20251010T1140338327_d_img_d18_x08960_y100480.png,0.2102,352.07,292.41,358.86,304.49
ch2_ohr_ncp_20251010T1140338327_d_img_d18_x08960_y100480.png,0.2083,333.05,0.0,340.49,4.46
ch2_ohr_ncp_20251010T1140338327_d_img_d18_x08960_y58240.png,0.2477,115.99,632.68,121.13,638.84
ch2_ohr_ncp_20251010T1140338327_d_img_d18_x08960_y58880.png,0.3211,378.5,63.63,385.07,72.26
ch2_ohr_ncp_20251010T1140338327_d_img_d18_x08960_y58880.png,0.2345,10.92,625.85,17.3,634.84
ch2_ohr_ncp_20251010T1140338327_d_img_d18_x08960_y58880.png,0.2165,591.64,462.72,597.7,472.73
ch2_ohr_ncp_20251010T1140338327_d_img_d18_x08960_y59520.png,0.3077,482.41,629.45,488.98,638.31
ch2_ohr_ncp_20251010T1140338327_d_img_d18_x08960_y59520.png,0.2253,196.05,496.68,207.18,513.2
ch2_ohr_ncp_20251010T1140338327_d_img_d18_x08960_y59520.png,0.2123,605.93,98.43,623.18,126.3
ch2_ohr_ncp_20251010T1140338327_d_img_d18_x08960_y60160.png,0.2285,107.2,502.47,113.69,510.58
ch2_ohr_ncp_20251010T1140338327_d_img_d18_x08960_y60160.png,0.2057,371.81,266.54,377.9,274.67
ch2_ohr_ncp_20251010T1140338327_d_img_d18_x08960_y61440.png,0.2059,188.83,248.59,198.94,261.08
ch2_ohr_ncp_20251010T1140338327_d_img_d18_x08960_y61440.png,0.202,524.65,168.07,530.27,175.76
ch2_ohr_ncp_20251010T1140338327_d_img_d18_x08960_y62080.png,0.348,298.73,629.9,305.32,638.34
ch2_ohr_ncp_20251010T1140338327_d_img_d18_x08960_y65280.png,0.3314,472.31,622.43,487.22,639.37
ch2_ohr_ncp_20251010T1140338327_d_img_d18_x09600_y100480.png,0.5492,470.87,523.49,479.36,542.67
ch2_ohr_ncp_20251010T1140338327_d_img_d18_x09600_y100480.png,0.5412,509.02,522.86,515.2,534.2
ch2_ohr_ncp_20251010T1140338327_d_img_d18_x09600_y100480.png,0.4305,124.94,505.32,132.26,518.36
ch2_ohr_ncp_20251010T1140338327_d_img_d18_x09600_y100480.png,0.3121,432.25,1.97,439.99,16.51
ch2_ohr_ncp_20251010T1140338327_d_img_d18_x09600_y100480.png,0.2992,19.43,545.52,25.13,553.59
ch2_ohr_ncp_20251010T1140338327_d_img_d18_x09600_y100480.png,0.2983,156.56,288.7,164.47,301.07
ch2_ohr_ncp_20251010T1140338327_d_img_d18_x09600_y100480.png,0.2964,203.11,77.73,207.89,85.02
ch2_ohr_ncp_20251010T1140338327_d_img_d18_x09600_y100480.png,0.2892,525.12,136.51,531.39,144.46
ch2_ohr_ncp_20251010T1140338327_d_img_d18_x09600_y100480.png,0.2431,524.26,168.84,531.53,176.76
ch2_ohr_ncp_20251010T1140338327_d_img_d18_x09600_y100480.png,0.2391,526.3,138.14,531.4,144.94
ch2_ohr_ncp_20251010T1140338327_d_img_d18_x09600_y100480.png,0.2098,539.9,151.12,547.34,157.63
ch2_ohr_ncp_20251010T1140338327_d_img_d18_x09600_y100480.png,0.203,203.69,78.29,208.65,85.54
ch2_ohr_ncp_20251010T1140338327_d_img_d18_x09600_y58880.png,0.2579,539.59,220.07,546.3,230.7
ch2_ohr_ncp_20251010T1140338327_d_img_d18_x09600_y58880.png,0.2445,174.9,363.37,185.62,387.03
ch2_ohr_ncp_20251010T1140338327_d_img_d18_x09600_y58880.png,0.2075,11.95,304.75,42.21,336.06
ch2_ohr_ncp_20251010T1140338327_d_img_d18_x09600_y61440.png,0.2125,615.53,195.25,637.16,230.06
ch2_ohr_ncp_20251010T1140338327_d_img_d18_x09600_y69120.png,0.2289,513.59,240.32,519.72,248.82
ch2_ohr_ncp_20251010T1140338327_d_img_d18_x09600_y90240.png,0.3401,208.08,626.83,217.61,638.55
ch2_ohr_ncp_20251010T1140338327_d_img_d18_x09600_y90240.png,0.3085,627.44,58.33,634.33,67.94
ch2_ohr_ncp_20251010T1140338327_d_img_d18_x09600_y90240.png,0.2363,218.67,48.46,224.96,56.96
ch2_ohr_ncp_20251010T1140338327_d_img_d18_x09600_y90240.png,0.2338,155.38,17.9,176.36,51.8
ch2_ohr_ncp_20251010T1140338327_d_img_d18_x09600_y90240.png,0.2305,131.83,299.95,138.5,310.06
ch2_ohr_ncp_20251010T1140338327_d_img_d18_x09600_y90240.png,0.2111,155.16,16.53,175.7,70.18
ch2_ohr_ncp_20251010T1140338327_d_img_d18_x09600_y90240.png,0.2044,627.38,425.27,633.77,435.1
ch2_ohr_ncp_20251010T1140338327_d_img_d18_x09600_y90240.png,0.2017,578.91,89.99,585.41,101.2
ch2_ohr_ncp_20251010T1140338327_d_img_d18_x09600_y90240.png,0.2017,81.95,275.34,88.6,283.61
ch2_ohr_ncp_20251010T1140338327_d_img_d18_x09600_y90880.png,0.2222,463.69,627.66,475.69,639.27
ch2_ohr_ncp_20251010T1140338327_d_img_d18_x09600_y90880.png,0.2047,515.41,503.46,520.74,510.79
ch2_ohr_ncp_20251010T1140338327_d_img_d18_x09600_y90880.png,0.2036,98.7,336.45,104.91,344.89
ch2_ohr_ncp_20251010T1140338327_d_img_d18_x09600_y94720.png,0.2691,600.31,614.88,615.05,638.92
ch2_ohr_ncp_20251010T1140338327_d_img_d18_x10240_y100480.png,0.5388,288.93,452.81,296.87,466.64
ch2_ohr_ncp_20251010T1140338327_d_img_d18_x10240_y100480.png,0.5365,83.89,434.19,91.94,445.59
ch2_ohr_ncp_20251010T1140338327_d_img_d18_x10240_y100480.png,0.5339,438.39,521.05,449.05,537.06
ch2_ohr_ncp_20251010T1140338327_d_img_d18_x10240_y100480.png,0.526,336.9,224.06,344.77,237.03
ch2_ohr_ncp_20251010T1140338327_d_img_d18_x10240_y100480.png,0.5062,19.56,524.23,26.07,534.4
ch2_ohr_ncp_20251010T1140338327_d_img_d18_x10240_y100480.png,0.5045,74.7,36.47,97.34,72.1
ch2_ohr_ncp_20251010T1140338327_d_img_d18_x10240_y100480.png,0.5036,384.93,90.11,394.71,109.09
ch2_ohr_ncp_20251010T1140338327_d_img_d18_x10240_y100480.png,0.49,188.73,66.23,194.38,74.18
ch2_ohr_ncp_20251010T1140338327_d_img_d18_x10240_y100480.png,0.485,15.55,545.75,22.92,558.67
ch2_ohr_ncp_20251010T1140338327_d_img_d18_x10240_y100480.png,0.475,437.04,117.92,444.14,130.08
ch2_ohr_ncp_20251010T1140338327_d_img_d18_x10240_y100480.png,0.4601,499.2,220.45,506.75,233.41
ch2_ohr_ncp_20251010T1140338327_d_img_d18_x10240_y100480.png,0.4304,426.34,553.32,435.99,565.81
ch2_ohr_ncp_20251010T1140338327_d_img_d18_x10240_y100480.png,0.4174,386.54,540.84,392.92,550.76
ch2_ohr_ncp_20251010T1140338327_d_img_d18_x10240_y100480.png,0.4148,125.09,380.68,131.33,387.98
ch2_ohr_ncp_20251010T1140338327_d_img_d18_x10240_y100480.png,0.4121,512.5,425.93,519.33,436.86
ch2_ohr_ncp_20251010T1140338327_d_img_d18_x10240_y100480.png,0.3921,340.7,17.12,346.73,24.69
ch2_ohr_ncp_20251010T1140338327_d_img_d18_x10240_y100480.png,0.387,24.88,276.75,31.14,283.31
ch2_ohr_ncp_20251010T1140338327_d_img_d18_x10240_y100480.png,0.3867,147.22,57.47,160.45,77.11
ch2_ohr_ncp_20251010T1140338327_d_img_d18_x10240_y100480.png,0.378,100.6,510.1,106.83,518.13
ch2_ohr_ncp_20251010T1140338327_d_img_d18_x10240_y100480.png,0.3736,2.78,299.74,9.39,310.58
ch2_ohr_ncp_20251010T1140338327_d_img_d18_x10240_y100480.png,0.3721,73.81,2.09,82.68,15.11
ch2_ohr_ncp_20251010T1140338327_d_img_d18_x10240_y100480.png,0.3665,400.77,51.98,409.31,60.83
ch2_ohr_ncp_20251010T1140338327_d_img_d18_x10240_y100480.png,0.3616,119.26,68.37,125.18,77.09
ch2_ohr_ncp_20251010T1140338327_d_img_d18_x10240_y100480.png,0.3601,504.65,76.45,517.95,96.98
ch2_ohr_ncp_20251010T1140338327_d_img_d18_x10240_y100480.png,0.3407,290.17,204.15,295.21,210.53
ch2_ohr_ncp_20251010T1140338327_d_img_d18_x10240_y100480.png,0.3042,437.71,520.82,449.17,543.41
ch2_ohr_ncp_20251010T1140338327_d_img_d18_x10240_y100480.png,0.2985,386.13,93.77,394.47,108.91
ch2_ohr_ncp_20251010T1140338327_d_img_d18_x10240_y100480.png,0.2888,76.82,35.59,97.9,62.35
ch2_ohr_ncp_20251010T1140338327_d_img_d18_x10240_y100480.png,0.2881,384.61,510.92,392.03,521.51
ch2_ohr_ncp_20251010T1140338327_d_img_d18_x10240_y100480.png,0.2673,44.59,221.13,51.67,230.83
ch2_ohr_ncp_20251010T1140338327_d_img_d18_x10240_y100480.png,0.2582,405.67,283.7,422.12,307.94
ch2_ohr_ncp_20251010T1140338327_d_img_d18_x10240_y100480.png,0.255,598.96,9.56,605.21,17.94
ch2_ohr_ncp_20251010T1140338327_d_img_d18_x10240_y100480.png,0.2478,603.33,30.84,612.93,45.67
ch2_ohr_ncp_20251010T1140338327_d_img_d18_x10240_y100480.png,0.2246,25.52,557.09,34.81,572.0
ch2_ohr_ncp_20251010T1140338327_d_img_d18_x10240_y100480.png,0.2237,64.97,370.63,71.95,380.69
ch2_ohr_ncp_20251010T1140338327_d_img_d18_x10240_y100480.png,0.221,633.02,541.48,639.06,554.55
ch2_ohr_ncp_20251010T1140338327_d_img_d18_x10240_y100480.png,0.221,472.69,3.42,479.56,15.72
ch2_ohr_ncp_20251010T1140338327_d_img_d18_x10240_y100480.png,0.2141,426.94,30.11,434.52,41.61
ch2_ohr_ncp_20251010T1140338327_d_img_d18_x10240_y100480.png,0.21,440.76,284.24,447.48,292.61
ch2_ohr_ncp_20251010T1140338327_d_img_d18_x10240_y100480.png,0.2085,370.75,564.11,377.1,572.85
ch2_ohr_ncp_20251010T1140338327_d_img_d18_x10240_y100480.png,0.2077,420.64,447.63,425.95,455.1
ch2_ohr_ncp_20251010T1140338327_d_img_d18_x10240_y100480.png,0.2019,426.37,31.27,435.18,46.39
ch2_ohr_ncp_20251010T1140338327_d_img_d18_x10240_y56320.png,0.3732,622.18,479.97,634.39,505.98
ch2_ohr_ncp_20251010T1140338327_d_img_d18_x10240_y56320.png,0.3086,626.17,109.39,633.4,118.77
ch2_ohr_ncp_20251010T1140338327_d_img_d18_x10240_y56320.png,0.2522,627.74,224.03,633.78,232.11
ch2_ohr_ncp_20251010T1140338327_d_img_d18_x10240_y56320.png,0.2013,489.13,480.1,535.09,535.44
ch2_ohr_ncp_20251010T1140338327_d_img_d18_x10240_y56960.png,0.2664,0.51,87.67,8.04,97.02
ch2_ohr_ncp_20251010T1140338327_d_img_d18_x10240_y57600.png,0.2641,250.61,212.83,276.55,239.13
ch2_ohr_ncp_20251010T1140338327_d_img_d18_x10240_y58240.png,0.321,282.28,631.82,289.39,639.0
ch2_ohr_ncp_20251010T1140338327_d_img_d18_x10240_y60800.png,0.3498,58.49,629.89,67.64,639.65
ch2_ohr_ncp_20251010T1140338327_d_img_d18_x10240_y60800.png,0.3105,42.5,625.42,49.89,636.76
ch2_ohr_ncp_20251010T1140338327_d_img_d18_x10240_y60800.png,0.231,409.4,354.29,416.17,363.75
ch2_ohr_ncp_20251010T1140338327_d_img_d18_x10240_y92160.png,0.2193,94.56,569.83,107.93,593.62
ch2_ohr_ncp_20251010T1140338327_d_img_d18_x10880_y100480.png,0.5137,371.05,386.24,377.68,396.29
ch2_ohr_ncp_20251010T1140338327_d_img_d18_x10880_y100480.png,0.5127,571.5,208.17,578.66,218.43
ch2_ohr_ncp_20251010T1140338327_d_img_d18_x10880_y100480.png,0.4971,153.11,311.23,161.79,325.69
ch2_ohr_ncp_20251010T1140338327_d_img_d18_x10880_y100480.png,0.4831,59.75,8.75,68.37,21.08
ch2_ohr_ncp_20251010T1140338327_d_img_d18_x10880_y100480.png,0.4784,115.56,245.37,122.93,257.0
ch2_ohr_ncp_20251010T1140338327_d_img_d18_x10880_y100480.png,0.4742,609.37,161.35,616.16,172.04
ch2_ohr_ncp_20251010T1140338327_d_img_d18_x10880_y100480.png,0.4503,250.56,438.5,260.58,454.86
ch2_ohr_ncp_20251010T1140338327_d_img_d18_x10880_y100480.png,0.4313,68.25,106.33,78.65,119.61
ch2_ohr_ncp_20251010T1140338327_d_img_d18_x10880_y100480.png,0.4257,331.68,188.81,338.0,196.76
ch2_ohr_ncp_20251010T1140338327_d_img_d18_x10880_y100480.png,0.425,577.89,68.53,585.91,79.9
ch2_ohr_ncp_20251010T1140338327_d_img_d18_x10880_y100480.png,0.4236,473.55,300.4,481.99,315.7
ch2_ohr_ncp_20251010T1140338327_d_img_d18_x10880_y100480.png,0.4226,128.41,276.83,135.43,288.69
ch2_ohr_ncp_20251010T1140338327_d_img_d18_x10880_y100480.png,0.4201,363.4,471.95,368.63,479.61
ch2_ohr_ncp_20251010T1140338327_d_img_d18_x10880_y100480.png,0.4131,621.21,510.08,631.94,529.51
ch2_ohr_ncp_20251010T1140338327_d_img_d18_x10880_y100480.png,0.4062,308.36,365.95,315.31,378.74
ch2_ohr_ncp_20251010T1140338327_d_img_d18_x10880_y100480.png,0.4025,536.97,199.41,544.35,207.68
ch2_ohr_ncp_20251010T1140338327_d_img_d18_x10880_y100480.png,0.3934,286.98,383.23,296.84,397.86
ch2_ohr_ncp_20251010T1140338327_d_img_d18_x10880_y100480.png,0.3876,488.08,541.96,497.43,558.78
ch2_ohr_ncp_20251010T1140338327_d_img_d18_x10880_y100480.png,0.3652,93.21,228.59,104.54,243.0
ch2_ohr_ncp_20251010T1140338327_d_img_d18_x10880_y100480.png,0.3399,82.66,234.03,88.93,243.22
ch2_ohr_ncp_20251010T1140338327_d_img_d18_x10880_y100480.png,0.3335,255.19,162.9,264.53,184.86
ch2_ohr_ncp_20251010T1140338327_d_img_d18_x10880_y100480.png,0.3278,584.19,121.82,591.41,132.97
ch2_ohr_ncp_20251010T1140338327_d_img_d18_x10880_y100480.png,0.3272,543.47,43.53,553.25,52.64
ch2_ohr_ncp_20251010T1140338327_d_img_d18_x10880_y100480.png,0.3061,258.68,452.58,272.27,468.76
ch2_ohr_ncp_20251010T1140338327_d_img_d18_x10880_y100480.png,0.3021,474.91,169.81,482.79,180.61
ch2_ohr_ncp_20251010T1140338327_d_img_d18_x10880_y100480.png,0.3019,427.27,120.85,432.83,128.17
ch2_ohr_ncp_20251010T1140338327_d_img_d18_x10880_y100480.png,0.2835,521.1,39.62,527.55,49.5
ch2_ohr_ncp_20251010T1140338327_d_img_d18_x10880_y100480.png,0.2774,337.41,212.69,342.41,219.64
ch2_ohr_ncp_20251010T1140338327_d_img_d18_x10880_y100480.png,0.2773,400.84,146.63,408.31,155.78
ch2_ohr_ncp_20251010T1140338327_d_img_d18_x10880_y100480.png,0.2765,450.62,317.65,457.89,326.06
ch2_ohr_ncp_20251010T1140338327_d_img_d18_x10880_y100480.png,0.2753,116.41,191.88,125.07,206.49
ch2_ohr_ncp_20251010T1140338327_d_img_d18_x10880_y100480.png,0.2733,89.34,372.53,98.83,385.79
ch2_ohr_ncp_20251010T1140338327_d_img_d18_x10880_y100480.png,0.2641,3.21,425.51,9.91,433.67
ch2_ohr_ncp_20251010T1140338327_d_img_d18_x10880_y100480.png,0.2626,454.95,146.18,462.06,153.79
ch2_ohr_ncp_20251010T1140338327_d_img_d18_x10880_y100480.png,0.2415,156.42,420.28,161.6,427.85
ch2_ohr_ncp_20251010T1140338327_d_img_d18_x10880_y100480.png,0.2322,236.61,265.26,243.44,272.2
ch2_ohr_ncp_20251010T1140338327_d_img_d18_x10880_y100480.png,0.2307,316.27,362.91,331.34,390.13
ch2_ohr_ncp_20251010T1140338327_d_img_d18_x10880_y100480.png,0.2284,455.71,147.09,462.59,154.43
ch2_ohr_ncp_20251010T1140338327_d_img_d18_x10880_y100480.png,0.2254,556.33,206.22,563.63,214.22
ch2_ohr_ncp_20251010T1140338327_d_img_d18_x10880_y100480.png,0.2223,319.03,364.06,327.53,374.57
ch2_ohr_ncp_20251010T1140338327_d_img_d18_x10880_y100480.png,0.2088,92.22,276.82,97.35,284.17
ch2_ohr_ncp_20251010T1140338327_d_img_d18_x10880_y56320.png,0.2182,522.5,297.65,528.66,308.46
ch2_ohr_ncp_20251010T1140338327_d_img_d18_x10880_y56320.png,0.2075,541.94,294.23,566.04,347.42
ch2_ohr_ncp_20251010T1140338327_d_img_d18_x10880_y57600.png,0.2144,83.82,474.25,89.52,483.93
ch2_ohr_ncp_20251010T1140338327_d_img_d18_x10880_y57600.png,0.2131,183.78,190.07,199.09,213.73
ch2_ohr_ncp_20251010T1140338327_d_img_d18_x10880_y57600.png,0.2105,92.92,189.42,106.96,216.23
ch2_ohr_ncp_20251010T1140338327_d_img_d18_x10880_y58880.png,0.2242,623.76,32.26,635.9,56.86
ch2_ohr_ncp_20251010T1140338327_d_img_d18_x10880_y91520.png,0.2255,615.15,382.81,625.9,402.34
ch2_ohr_ncp_20251010T1140338327_d_img_d18_x10880_y92160.png,0.2444,626.89,106.76,633.85,116.3
ch2_ohr_ncp_20251010T1140338327_d_img_d18_x10880_y94080.png,0.208,300.13,406.41,310.83,423.14
ch2_ohr_ncp_20251010T1140338327_d_img_d18_x10880_y95360.png,0.3948,414.64,360.53,425.41,377.31
ch2_ohr_ncp_20251010T1140338327_d_img_d18_x10880_y95360.png,0.3549,358.18,102.34,370.01,120.64
ch2_ohr_ncp_20251010T1140338327_d_img_d18_x10880_y95360.png,0.3196,135.08,143.34,151.73,170.55
ch2_ohr_ncp_20251010T1140338327_d_img_d18_x10880_y95360.png,0.2458,415.25,361.72,424.81,382.43
ch2_ohr_ncp_20251010T1140338327_d_img_d18_x10880_y95360.png,0.2375,229.8,78.46,247.21,111.64
ch2_ohr_ncp_20251010T1140338327_d_img_d18_x10880_y95360.png,0.2161,520.84,55.18,528.5,66.73
ch2_ohr_ncp_20251010T1140338327_d_img_d18_x10880_y96640.png,0.2166,339.38,628.41,346.54,638.34
ch2_ohr_ncp_20251010T1140338327_d_img_d18_x11520_y100480.png,0.5275,395.44,489.52,402.2,500.49
ch2_ohr_ncp_20251010T1140338327_d_img_d18_x11520_y100480.png,0.4677,240.18,287.46,252.24,310.31
ch2_ohr_ncp_20251010T1140338327_d_img_d18_x11520_y100480.png,0.4279,53.45,354.93,61.13,363.92
ch2_ohr_ncp_20251010T1140338327_d_img_d18_x11520_y100480.png,0.4067,9.73,141.08,19.06,156.79
ch2_ohr_ncp_20251010T1140338327_d_img_d18_x11520_y100480.png,0.3968,0.82,531.89,8.74,548.67
ch2_ohr_ncp_20251010T1140338327_d_img_d18_x11520_y100480.png,0.3754,75.2,371.97,80.26,379.15
ch2_ohr_ncp_20251010T1140338327_d_img_d18_x11520_y100480.png,0.3684,63.99,171.33,69.51,179.65
ch2_ohr_ncp_20251010T1140338327_d_img_d18_x11520_y100480.png,0.3657,375.02,383.72,384.78,397.48
ch2_ohr_ncp_20251010T1140338327_d_img_d18_x11520_y100480.png,0.3528,20.95,364.1,33.66,382.98
ch2_ohr_ncp_20251010T1140338327_d_img_d18_x11520_y100480.png,0.3392,418.44,344.92,427.9,357.87
ch2_ohr_ncp_20251010T1140338327_d_img_d18_x11520_y100480.png,0.3309,345.36,198.84,353.0,208.58
ch2_ohr_ncp_20251010T1140338327_d_img_d18_x11520_y100480.png,0.3241,233.14,263.77,240.32,270.57
ch2_ohr_ncp_20251010T1140338327_d_img_d18_x11520_y100480.png,0.3214,59.52,231.49,67.55,240.82
ch2_ohr_ncp_20251010T1140338327_d_img_d18_x11520_y100480.png,0.3156,53.22,80.6,66.65,104.31
ch2_ohr_ncp_20251010T1140338327_d_img_d18_x11520_y100480.png,0.2971,60.16,533.27,66.38,540.79
ch2_ohr_ncp_20251010T1140338327_d_img_d18_x11520_y100480.png,0.2947,254.49,569.02,265.76,586.25
ch2_ohr_ncp_20251010T1140338327_d_img_d18_x11520_y100480.png,0.2868,37.78,583.11,46.36,592.75
ch2_ohr_ncp_20251010T1140338327_d_img_d18_x11520_y100480.png,0.2824,123.98,96.08,131.08,107.46
ch2_ohr_ncp_20251010T1140338327_d_img_d18_x11520_y100480.png,0.2786,155.54,68.1,162.6,77.75
ch2_ohr_ncp_20251010T1140338327_d_img_d18_x11520_y100480.png,0.2784,6.53,495.54,17.54,513.72
ch2_ohr_ncp_20251010T1140338327_d_img_d18_x11520_y100480.png,0.2772,37.49,413.81,51.08,436.31
ch2_ohr_ncp_20251010T1140338327_d_img_d18_x11520_y100480.png,0.2668,36.98,348.79,42.74,355.45
ch2_ohr_ncp_20251010T1140338327_d_img_d18_x11520_y100480.png,0.2637,153.51,87.41,159.26,95.55
ch2_ohr_ncp_20251010T1140338327_d_img_d18_x11520_y100480.png,0.2348,54.81,366.77,64.54,382.47
ch2_ohr_ncp_20251010T1140338327_d_img_d18_x11520_y100480.png,0.232,181.05,8.53,189.18,21.97
ch2_ohr_ncp_20251010T1140338327_d_img_d18_x11520_y100480.png,0.2264,70.17,231.34,79.55,241.45
ch2_ohr_ncp_20251010T1140338327_d_img_d18_x11520_y100480.png,0.2178,240.75,53.9,248.71,63.56
ch2_ohr_ncp_20251010T1140338327_d_img_d18_x11520_y100480.png,0.2096,71.4,551.92,77.12,557.71
ch2_ohr_ncp_20251010T1140338327_d_img_d18_x11520_y100480.png,0.2088,47.94,485.72,53.2,492.33
ch2_ohr_ncp_20251010T1140338327_d_img_d18_x11520_y49920.png,0.2447,307.85,119.72,314.2,126.5
ch2_ohr_ncp_20251010T1140338327_d_img_d18_x11520_y50560.png,0.2367,170.06,232.63,177.32,242.73
ch2_ohr_ncp_20251010T1140338327_d_img_d18_x11520_y51200.png,0.2564,332.66,485.04,338.06,492.14
ch2_ohr_ncp_20251010T1140338327_d_img_d18_x11520_y51840.png,0.2144,198.06,75.12,204.69,83.44
ch2_ohr_ncp_20251010T1140338327_d_img_d18_x11520_y51840.png,0.2032,135.79,112.3,141.29,118.99
ch2_ohr_ncp_20251010T1140338327_d_img_d18_x11520_y52480.png,0.2087,448.27,95.29,462.42,113.3
ch2_ohr_ncp_20251010T1140338327_d_img_d18_x11520_y53120.png,0.3442,468.19,598.33,480.67,623.57
ch2_ohr_ncp_20251010T1140338327_d_img_d18_x11520_y53120.png,0.3353,211.67,96.76,218.7,109.39
ch2_ohr_ncp_20251010T1140338327_d_img_d18_x11520_y53120.png,0.3086,288.38,245.22,313.64,292.42
ch2_ohr_ncp_20251010T1140338327_d_img_d18_x11520_y53120.png,0.2256,139.23,170.05,145.43,180.88
ch2_ohr_ncp_20251010T1140338327_d_img_d18_x11520_y53120.png,0.2027,60.09,166.34,66.36,173.06
ch2_ohr_ncp_20251010T1140338327_d_img_d18_x11520_y53120.png,0.2008,144.47,197.96,163.59,235.94
ch2_ohr_ncp_20251010T1140338327_d_img_d18_x11520_y53760.png,0.2404,351.26,352.6,359.02,366.47
ch2_ohr_ncp_20251010T1140338327_d_img_d18_x11520_y54400.png,0.484,424.26,173.44,431.66,185.13
ch2_ohr_ncp_20251010T1140338327_d_img_d18_x11520_y54400.png,0.4579,193.75,33.04,202.45,44.83
ch2_ohr_ncp_20251010T1140338327_d_img_d18_x11520_y54400.png,0.4225,429.33,333.05,436.8,342.48
ch2_ohr_ncp_20251010T1140338327_d_img_d18_x11520_y54400.png,0.4009,317.79,34.76,323.16,41.91
ch2_ohr_ncp_20251010T1140338327_d_img_d18_x11520_y54400.png,0.3543,451.24,90.77,458.21,99.68
ch2_ohr_ncp_20251010T1140338327_d_img_d18_x11520_y54400.png,0.329,143.04,290.22,150.86,300.65
ch2_ohr_ncp_20251010T1140338327_d_img_d18_x11520_y54400.png,0.3134,59.19,129.47,64.71,136.59
ch2_ohr_ncp_20251010T1140338327_d_img_d18_x11520_y54400.png,0.3131,126.05,44.2,132.37,51.95
ch2_ohr_ncp_20251010T1140338327_d_img_d18_x11520_y54400.png,0.2983,396.78,372.35,417.5,397.15
ch2_ohr_ncp_20251010T1140338327_d_img_d18_x11520_y54400.png,0.2954,175.72,123.87,181.83,134.72
ch2_ohr_ncp_20251010T1140338327_d_img_d18_x11520_y54400.png,0.2933,59.02,130.43,63.83,137.0
ch2_ohr_ncp_20251010T1140338327_d_img_d18_x11520_y54400.png,0.2887,337.92,187.55,345.18,200.03
ch2_ohr_ncp_20251010T1140338327_d_img_d18_x11520_y54400.png,0.2865,1.53,504.27,14.47,527.69
ch2_ohr_ncp_20251010T1140338327_d_img_d18_x11520_y54400.png,0.2615,149.26,480.92,157.88,496.47
ch2_ohr_ncp_20251010T1140338327_d_img_d18_x11520_y54400.png,0.2615,164.1,387.34,169.76,395.45
ch2_ohr_ncp_20251010T1140338327_d_img_d18_x11520_y54400.png,0.2593,220.47,402.6,227.33,411.8
ch2_ohr_ncp_20251010T1140338327_d_img_d18_x11520_y54400.png,0.2491,359.9,11.12,367.45,21.72
ch2_ohr_ncp_20251010T1140338327_d_img_d18_x11520_y54400.png,0.2446,35.77,142.13,44.83,154.31
ch2_ohr_ncp_20251010T1140338327_d_img_d18_x11520_y54400.png,0.2438,290.25,39.67,297.07,47.73
ch2_ohr_ncp_20251010T1140338327_d_img_d18_x11520_y54400.png,0.2405,418.86,202.66,427.41,215.25
ch2_ohr_ncp_20251010T1140338327_d_img_d18_x11520_y54400.png,0.239,106.86,548.74,114.72,558.98
ch2_ohr_ncp_20251010T1140338327_d_img_d18_x11520_y54400.png,0.2329,426.16,371.49,431.32,378.82
ch2_ohr_ncp_20251010T1140338327_d_img_d18_x11520_y54400.png,0.2286,168.53,147.46,173.85,156.35
ch2_ohr_ncp_20251010T1140338327_d_img_d18_x11520_y54400.png,0.2269,8.87,0.0,21.16,9.35
ch2_ohr_ncp_20251010T1140338327_d_img_d18_x11520_y54400.png,0.2252,438.74,166.68,444.93,175.2
ch2_ohr_ncp_20251010T1140338327_d_img_d18_x11520_y54400.png,0.223,349.42,32.96,371.45,63.53
ch2_ohr_ncp_20251010T1140338327_d_img_d18_x11520_y54400.png,0.2171,82.81,549.67,96.43,573.18
ch2_ohr_ncp_20251010T1140338327_d_img_d18_x11520_y54400.png,0.2161,257.47,226.36,279.74,264.5
ch2_ohr_ncp_20251010T1140338327_d_img_d18_x11520_y54400.png,0.2159,0.09,177.99,4.7,187.23
ch2_ohr_ncp_20251010T1140338327_d_img_d18_x11520_y54400.png,0.2044,252.19,392.78,261.63,406.61
ch2_ohr_ncp_20251010T1140338327_d_img_d18_x11520_y55040.png,0.4039,347.83,283.12,375.81,331.06
ch2_ohr_ncp_20251010T1140338327_d_img_d18_x11520_y55040.png,0.3393,268.1,177.13,275.25,187.72
ch2_ohr_ncp_20251010T1140338327_d_img_d18_x11520_y55040.png,0.3351,440.79,156.65,448.71,167.98
ch2_ohr_ncp_20251010T1140338327_d_img_d18_x11520_y55040.png,0.2965,453.12,392.78,472.2,430.73
ch2_ohr_ncp_20251010T1140338327_d_img_d18_x11520_y55040.png,0.2929,4.86,28.85,10.26,35.48
ch2_ohr_ncp_20251010T1140338327_d_img_d18_x11520_y55040.png,0.2633,403.05,533.51,409.52,543.88
ch2_ohr_ncp_20251010T1140338327_d_img_d18_x11520_y55040.png,0.2569,252.7,43.64,258.13,49.41
ch2_ohr_ncp_20251010T1140338327_d_img_d18_x11520_y55040.png,0.2413,430.01,472.37,437.4,483.45
ch2_ohr_ncp_20251010T1140338327_d_img_d18_x11520_y55040.png,0.2374,10.23,181.56,16.18,186.68
ch2_ohr_ncp_20251010T1140338327_d_img_d18_x11520_y55040.png,0.2365,444.49,171.02,465.29,206.85
ch2_ohr_ncp_20251010T1140338327_d_img_d18_x11520_y55040.png,0.2345,365.61,120.11,375.0,136.53
ch2_ohr_ncp_20251010T1140338327_d_img_d18_x11520_y55040.png,0.2304,220.29,121.81,231.17,137.27
ch2_ohr_ncp_20251010T1140338327_d_img_d18_x11520_y55040.png,0.2302,44.64,398.15,57.57,417.67
ch2_ohr_ncp_20251010T1140338327_d_img_d18_x11520_y55040.png,0.2262,64.59,456.39,72.63,470.31
ch2_ohr_ncp_20251010T1140338327_d_img_d18_x11520_y55040.png,0.2208,47.92,148.23,54.62,157.69
ch2_ohr_ncp_20251010T1140338327_d_img_d18_x11520_y55040.png,0.2175,154.39,250.1,162.34,262.92
ch2_ohr_ncp_20251010T1140338327_d_img_d18_x11520_y55040.png,0.2129,121.27,332.35,128.81,344.58
ch2_ohr_ncp_20251010T1140338327_d_img_d18_x11520_y55040.png,0.2093,293.01,64.09,300.53,77.45
ch2_ohr_ncp_20251010T1140338327_d_img_d18_x11520_y55040.png,0.2077,263.97,58.42,269.18,65.5
ch2_ohr_ncp_20251010T1140338327_d_img_d18_x11520_y55040.png,0.2064,452.21,387.97,477.3,434.92
ch2_ohr_ncp_20251010T1140338327_d_img_d18_x11520_y55040.png,0.2039,160.03,611.52,169.81,628.9
ch2_ohr_ncp_20251010T1140338327_d_img_d18_x11520_y55040.png,0.2024,451.96,390.56,475.09,420.51
ch2_ohr_ncp_20251010T1140338327_d_img_d18_x11520_y55680.png,0.5555,143.76,548.93,152.21,564.86
ch2_ohr_ncp_20251010T1140338327_d_img_d18_x11520_y55680.png,0.4668,102.15,264.89,114.03,288.77
ch2_ohr_ncp_20251010T1140338327_d_img_d18_x11520_y55680.png,0.4183,207.29,494.18,217.12,510.11
ch2_ohr_ncp_20251010T1140338327_d_img_d18_x11520_y55680.png,0.4134,218.73,480.94,225.21,489.07
ch2_ohr_ncp_20251010T1140338327_d_img_d18_x11520_y55680.png,0.4068,360.41,444.38,367.74,455.09
ch2_ohr_ncp_20251010T1140338327_d_img_d18_x11520_y55680.png,0.3993,387.54,390.33,393.42,398.14
ch2_ohr_ncp_20251010T1140338327_d_img_d18_x11520_y55680.png,0.3927,383.78,582.16,391.96,593.55
ch2_ohr_ncp_20251010T1140338327_d_img_d18_x11520_y55680.png,0.375,168.89,415.64,175.04,425.74
ch2_ohr_ncp_20251010T1140338327_d_img_d18_x11520_y55680.png,0.3696,285.15,398.72,296.53,418.35
ch2_ohr_ncp_20251010T1140338327_d_img_d18_x11520_y55680.png,0.369,62.15,311.09,68.59,323.34
ch2_ohr_ncp_20251010T1140338327_d_img_d18_x11520_y55680.png,0.3667,428.33,232.55,482.95,331.06
ch2_ohr_ncp_20251010T1140338327_d_img_d18_x11520_y55680.png,0.3661,419.43,569.31,427.02,581.36
ch2_ohr_ncp_20251010T1140338327_d_img_d18_x11520_y55680.png,0.3626,160.88,440.51,166.74,447.79
ch2_ohr_ncp_20251010T1140338327_d_img_d18_x11520_y55680.png,0.3607,53.9,204.56,59.32,211.72
ch2_ohr_ncp_20251010T1140338327_d_img_d18_x11520_y55680.png,0.3299,167.81,514.74,174.53,522.74
ch2_ohr_ncp_20251010T1140338327_d_img_d18_x11520_y55680.png,0.3238,72.1,199.06,81.13,219.58
ch2_ohr_ncp_20251010T1140338327_d_img_d18_x11520_y55680.png,0.3198,149.61,481.73,154.7,489.29
ch2_ohr_ncp_20251010T1140338327_d_img_d18_x11520_y55680.png,0.3187,470.94,615.51,479.03,630.63
ch2_ohr_ncp_20251010T1140338327_d_img_d18_x11520_y55680.png,0.3101,432.25,468.48,438.62,477.13
ch2_ohr_ncp_20251010T1140338327_d_img_d18_x11520_y55680.png,0.3032,363.67,490.29,371.73,503.46
ch2_ohr_ncp_20251010T1140338327_d_img_d18_x11520_y55680.png,0.2967,404.92,382.01,423.37,420.29
ch2_ohr_ncp_20251010T1140338327_d_img_d18_x11520_y55680.png,0.296,261.68,591.95,266.07,597.57
ch2_ohr_ncp_20251010T1140338327_d_img_d18_x11520_y55680.png,0.2858,434.42,584.2,442.87,592.4
ch2_ohr_ncp_20251010T1140338327_d_img_d18_x11520_y55680.png,0.2569,401.93,590.55,412.3,607.43
ch2_ohr_ncp_20251010T1140338327_d_img_d18_x11520_y55680.png,0.2506,214.84,267.01,219.7,273.92
ch2_ohr_ncp_20251010T1140338327_d_img_d18_x11520_y55680.png,0.2323,386.1,632.23,394.09,639.66
ch2_ohr_ncp_20251010T1140338327_d_img_d18_x11520_y55680.png,0.2295,161.4,581.74,168.28,590.82
ch2_ohr_ncp_20251010T1140338327_d_img_d18_x11520_y55680.png,0.2272,340.79,628.7,350.78,639.22
ch2_ohr_ncp_20251010T1140338327_d_img_d18_x11520_y55680.png,0.2221,357.43,631.62,365.13,640.0
ch2_ohr_ncp_20251010T1140338327_d_img_d18_x11520_y55680.png,0.2134,167.37,600.12,175.05,609.37
ch2_ohr_ncp_20251010T1140338327_d_img_d18_x11520_y55680.png,0.2132,113.2,489.79,119.21,496.4
ch2_ohr_ncp_20251010T1140338327_d_img_d18_x11520_y55680.png,0.2102,226.7,59.11,232.21,66.61
ch2_ohr_ncp_20251010T1140338327_d_img_d18_x11520_y55680.png,0.2092,440.42,108.59,446.98,120.84
ch2_ohr_ncp_20251010T1140338327_d_img_d18_x11520_y55680.png,0.2066,16.24,483.62,22.12,491.29
ch2_ohr_ncp_20251010T1140338327_d_img_d18_x11520_y56320.png,0.4557,278.45,2.13,293.83,27.9
ch2_ohr_ncp_20251010T1140338327_d_img_d18_x11520_y56320.png,0.4547,29.2,312.34,40.43,330.05
ch2_ohr_ncp_20251010T1140338327_d_img_d18_x11520_y56320.png,0.3995,146.26,561.47,158.8,580.18
ch2_ohr_ncp_20251010T1140338327_d_img_d18_x11520_y56320.png,0.3858,302.7,416.06,310.5,427.9
ch2_ohr_ncp_20251010T1140338327_d_img_d18_x11520_y56320.png,0.3659,315.6,236.26,329.47,261.74
ch2_ohr_ncp_20251010T1140338327_d_img_d18_x11520_y56320.png,0.3365,195.48,253.59,202.94,263.28
ch2_ohr_ncp_20251010T1140338327_d_img_d18_x11520_y56320.png,0.3361,217.3,549.7,236.84,581.68
ch2_ohr_ncp_20251010T1140338327_d_img_d18_x11520_y56320.png,0.3357,146.74,189.05,152.98,197.52
ch2_ohr_ncp_20251010T1140338327_d_img_d18_x11520_y56320.png,0.3307,161.65,540.62,168.42,550.2
ch2_ohr_ncp_20251010T1140338327_d_img_d18_x11520_y56320.png,0.3197,219.5,256.72,225.88,266.08
ch2_ohr_ncp_20251010T1140338327_d_img_d18_x11520_y56320.png,0.3193,186.82,350.02,193.36,357.46
ch2_ohr_ncp_20251010T1140338327_d_img_d18_x11520_y56320.png,0.3033,156.05,278.23,163.08,289.09
ch2_ohr_ncp_20251010T1140338327_d_img_d18_x11520_y56320.png,0.2884,268.59,452.66,274.65,461.82
ch2_ohr_ncp_20251010T1140338327_d_img_d18_x11520_y56320.png,0.2851,233.67,382.9,242.9,398.58
ch2_ohr_ncp_20251010T1140338327_d_img_d18_x11520_y56320.png,0.274,38.21,585.18,53.23,611.55
ch2_ohr_ncp_20251010T1140338327_d_img_d18_x11520_y56320.png,0.259,340.13,0.0,348.48,6.3
ch2_ohr_ncp_20251010T1140338327_d_img_d18_x11520_y56320.png,0.2576,29.45,487.93,37.08,498.28
ch2_ohr_ncp_20251010T1140338327_d_img_d18_x11520_y56320.png,0.2534,258.95,54.44,263.93,61.82
ch2_ohr_ncp_20251010T1140338327_d_img_d18_x11520_y56320.png,0.2509,305.31,245.79,311.44,254.62
ch2_ohr_ncp_20251010T1140338327_d_img_d18_x11520_y56320.png,0.2474,262.04,509.11,269.49,523.26
ch2_ohr_ncp_20251010T1140338327_d_img_d18_x11520_y56320.png,0.2427,328.84,11.97,335.01,21.78
ch2_ohr_ncp_20251010T1140338327_d_img_d18_x11520_y56320.png,0.2378,20.78,445.46,26.91,452.7
ch2_ohr_ncp_20251010T1140338327_d_img_d18_x11520_y56320.png,0.2351,274.58,559.44,294.1,598.5
ch2_ohr_ncp_20251010T1140338327_d_img_d18_x11520_y56320.png,0.2267,0.23,514.56,5.83,529.85
ch2_ohr_ncp_20251010T1140338327_d_img_d18_x11520_y56320.png,0.2246,218.43,552.15,236.87,598.9
ch2_ohr_ncp_20251010T1140338327_d_img_d18_x11520_y56320.png,0.2238,0.02,601.92,8.17,627.13
ch2_ohr_ncp_20251010T1140338327_d_img_d18_x11520_y56320.png,0.2116,384.67,476.88,407.96,517.47
ch2_ohr_ncp_20251010T1140338327_d_img_d18_x11520_y56320.png,0.2058,28.87,196.56,35.52,206.37
ch2_ohr_ncp_20251010T1140338327_d_img_d18_x11520_y56320.png,0.2047,220.7,548.29,237.92,571.07
ch2_ohr_ncp_20251010T1140338327_d_img_d18_x11520_y56320.png,0.2045,108.73,145.91,118.97,161.37
ch2_ohr_ncp_20251010T1140338327_d_img_d18_x11520_y56320.png,0.2045,242.89,460.29,263.92,481.93
ch2_ohr_ncp_20251010T1140338327_d_img_d18_x11520_y56320.png,0.2028,338.97,459.13,345.73,468.45
ch2_ohr_ncp_20251010T1140338327_d_img_d18_x11520_y56320.png,0.2011,238.79,463.33,257.81,488.88
ch2_ohr_ncp_20251010T1140338327_d_img_d18_x11520_y56960.png,0.4583,222.83,4.82,231.91,18.44
ch2_ohr_ncp_20251010T1140338327_d_img_d18_x11520_y56960.png,0.4491,149.83,290.93,161.86,310.77
ch2_ohr_ncp_20251010T1140338327_d_img_d18_x11520_y56960.png,0.3869,445.12,339.29,455.68,358.09
ch2_ohr_ncp_20251010T1140338327_d_img_d18_x11520_y56960.png,0.3275,101.73,461.31,114.72,484.04
ch2_ohr_ncp_20251010T1140338327_d_img_d18_x11520_y56960.png,0.297,238.64,472.93,244.64,480.52
ch2_ohr_ncp_20251010T1140338327_d_img_d18_x11520_y56960.png,0.2936,15.03,365.47,34.65,395.4
ch2_ohr_ncp_20251010T1140338327_d_img_d18_x11520_y56960.png,0.2919,251.13,19.95,258.0,29.63
ch2_ohr_ncp_20251010T1140338327_d_img_d18_x11520_y56960.png,0.282,404.23,378.47,419.13,404.57
ch2_ohr_ncp_20251010T1140338327_d_img_d18_x11520_y56960.png,0.269,102.46,460.92,119.27,485.79
ch2_ohr_ncp_20251010T1140338327_d_img_d18_x11520_y56960.png,0.2634,216.67,257.26,226.97,274.43
ch2_ohr_ncp_20251010T1140338327_d_img_d18_x11520_y56960.png,0.258,444.5,340.66,453.76,358.78
ch2_ohr_ncp_20251010T1140338327_d_img_d18_x11520_y56960.png,0.2491,123.81,364.93,135.81,386.95
ch2_ohr_ncp_20251010T1140338327_d_img_d18_x11520_y56960.png,0.2481,387.43,477.2,400.34,504.69
ch2_ohr_ncp_20251010T1140338327_d_img_d18_x11520_y56960.png,0.2353,162.82,489.98,169.58,498.69
ch2_ohr_ncp_20251010T1140338327_d_img_d18_x11520_y56960.png,0.2335,131.25,303.18,138.07,315.37
ch2_ohr_ncp_20251010T1140338327_d_img_d18_x11520_y56960.png,0.2323,424.28,379.75,429.35,386.07
ch2_ohr_ncp_20251010T1140338327_d_img_d18_x11520_y56960.png,0.2252,331.03,458.97,337.07,466.66
ch2_ohr_ncp_20251010T1140338327_d_img_d18_x11520_y56960.png,0.2183,303.5,257.03,317.86,290.16
ch2_ohr_ncp_20251010T1140338327_d_img_d18_x11520_y56960.png,0.2129,368.41,425.16,374.08,434.5
ch2_ohr_ncp_20251010T1140338327_d_img_d18_x11520_y57600.png,0.3244,85.29,621.93,90.47,628.69
ch2_ohr_ncp_20251010T1140338327_d_img_d18_x11520_y57600.png,0.3224,12.45,556.13,18.9,565.16
ch2_ohr_ncp_20251010T1140338327_d_img_d18_x11520_y57600.png,0.3213,410.97,404.53,432.06,442.67
ch2_ohr_ncp_20251010T1140338327_d_img_d18_x11520_y57600.png,0.2955,322.96,525.63,329.5,534.86
ch2_ohr_ncp_20251010T1140338327_d_img_d18_x11520_y57600.png,0.281,71.2,468.61,77.81,479.57
ch2_ohr_ncp_20251010T1140338327_d_img_d18_x11520_y57600.png,0.2557,162.96,70.74,169.42,79.38
ch2_ohr_ncp_20251010T1140338327_d_img_d18_x11520_y57600.png,0.2384,58.56,626.94,64.06,636.13
ch2_ohr_ncp_20251010T1140338327_d_img_d18_x11520_y58240.png,0.5515,267.77,200.58,282.18,230.15
ch2_ohr_ncp_20251010T1140338327_d_img_d18_x11520_y58240.png,0.5274,318.26,398.36,330.76,423.12
ch2_ohr_ncp_20251010T1140338327_d_img_d18_x11520_y58240.png,0.4423,362.03,348.41,369.69,359.06
ch2_ohr_ncp_20251010T1140338327_d_img_d18_x11520_y58240.png,0.4202,379.93,319.1,392.64,337.71
ch2_ohr_ncp_20251010T1140338327_d_img_d18_x11520_y58240.png,0.4049,74.5,178.38,81.29,189.73
ch2_ohr_ncp_20251010T1140338327_d_img_d18_x11520_y58240.png,0.3916,341.96,168.06,353.96,182.66
ch2_ohr_ncp_20251010T1140338327_d_img_d18_x11520_y58240.png,0.343,32.07,117.75,41.25,129.81
ch2_ohr_ncp_20251010T1140338327_d_img_d18_x11520_y58240.png,0.3381,277.71,104.03,286.96,119.98
ch2_ohr_ncp_20251010T1140338327_d_img_d18_x11520_y58240.png,0.3222,459.43,450.84,465.47,460.45
ch2_ohr_ncp_20251010T1140338327_d_img_d18_x11520_y58240.png,0.3222,427.37,120.21,433.96,128.64
ch2_ohr_ncp_20251010T1140338327_d_img_d18_x11520_y58240.png,0.3213,179.69,33.83,185.29,42.36
ch2_ohr_ncp_20251010T1140338327_d_img_d18_x11520_y58240.png,0.3083,444.69,476.96,450.94,485.74
ch2_ohr_ncp_20251010T1140338327_d_img_d18_x11520_y58240.png,0.2975,423.04,42.5,429.6,51.4
ch2_ohr_ncp_20251010T1140338327_d_img_d18_x11520_y58240.png,0.2924,435.48,368.83,442.58,380.54
ch2_ohr_ncp_20251010T1140338327_d_img_d18_x11520_y58240.png,0.2853,337.87,218.22,343.95,227.06
ch2_ohr_ncp_20251010T1140338327_d_img_d18_x11520_y58240.png,0.279,149.55,282.57,160.5,296.55
ch2_ohr_ncp_20251010T1140338327_d_img_d18_x11520_y58240.png,0.2769,319.32,572.31,325.34,581.16
ch2_ohr_ncp_20251010T1140338327_d_img_d18_x11520_y58240.png,0.2374,322.36,208.58,327.09,215.1
ch2_ohr_ncp_20251010T1140338327_d_img_d18_x11520_y58240.png,0.2368,182.53,624.57,187.65,632.84
ch2_ohr_ncp_20251010T1140338327_d_img_d18_x11520_y58240.png,0.2329,203.84,530.82,210.58,540.05
ch2_ohr_ncp_20251010T1140338327_d_img_d18_x11520_y58240.png,0.2307,200.25,517.47,207.12,527.83
ch2_ohr_ncp_20251010T1140338327_d_img_d18_x11520_y58240.png,0.2275,431.45,0.0,468.39,31.91
ch2_ohr_ncp_20251010T1140338327_d_img_d18_x11520_y58240.png,0.2221,175.38,563.56,181.29,573.16
ch2_ohr_ncp_20251010T1140338327_d_img_d18_x11520_y58240.png,0.2186,167.15,287.93,173.01,293.95
ch2_ohr_ncp_20251010T1140338327_d_img_d18_x11520_y58880.png,0.4807,322.57,88.06,337.67,115.78
ch2_ohr_ncp_20251010T1140338327_d_img_d18_x11520_y58880.png,0.4253,214.9,441.15,226.04,465.01
ch2_ohr_ncp_20251010T1140338327_d_img_d18_x11520_y58880.png,0.3774,274.51,235.21,292.74,268.45
ch2_ohr_ncp_20251010T1140338327_d_img_d18_x11520_y58880.png,0.3751,156.34,132.15,162.72,142.56
ch2_ohr_ncp_20251010T1140338327_d_img_d18_x11520_y58880.png,0.3744,466.2,187.55,471.9,195.08
ch2_ohr_ncp_20251010T1140338327_d_img_d18_x11520_y58880.png,0.3669,421.9,165.15,431.22,180.77
ch2_ohr_ncp_20251010T1140338327_d_img_d18_x11520_y58880.png,0.3301,377.17,523.44,386.37,539.75
ch2_ohr_ncp_20251010T1140338327_d_img_d18_x11520_y58880.png,0.3089,467.56,208.45,473.86,216.49
ch2_ohr_ncp_20251010T1140338327_d_img_d18_x11520_y58880.png,0.2959,275.38,234.26,294.02,261.3
ch2_ohr_ncp_20251010T1140338327_d_img_d18_x11520_y58880.png,0.2871,462.5,605.4,471.34,619.27
ch2_ohr_ncp_20251010T1140338327_d_img_d18_x11520_y58880.png,0.2557,35.74,126.34,43.38,135.57
ch2_ohr_ncp_20251010T1140338327_d_img_d18_x11520_y58880.png,0.2454,276.38,234.08,295.66,254.54
ch2_ohr_ncp_20251010T1140338327_d_img_d18_x11520_y58880.png,0.2448,90.23,458.99,97.4,469.34
ch2_ohr_ncp_20251010T1140338327_d_img_d18_x11520_y58880.png,0.2425,52.81,26.65,73.51,62.99
ch2_ohr_ncp_20251010T1140338327_d_img_d18_x11520_y58880.png,0.2282,225.84,507.23,233.2,515.96
ch2_ohr_ncp_20251010T1140338327_d_img_d18_x11520_y58880.png,0.2216,226.02,157.11,231.52,164.64
ch2_ohr_ncp_20251010T1140338327_d_img_d18_x11520_y58880.png,0.2185,65.11,593.22,73.83,607.81
ch2_ohr_ncp_20251010T1140338327_d_img_d18_x11520_y58880.png,0.2179,81.19,595.32,90.42,607.25
ch2_ohr_ncp_20251010T1140338327_d_img_d18_x11520_y58880.png,0.2126,314.63,582.13,326.47,602.84
ch2_ohr_ncp_20251010T1140338327_d_img_d18_x11520_y58880.png,0.2081,465.04,626.81,479.7,639.53
ch2_ohr_ncp_20251010T1140338327_d_img_d18_x11520_y58880.png,0.2011,470.59,171.94,476.43,179.16
ch2_ohr_ncp_20251010T1140338327_d_img_d18_x11520_y58880.png,0.2004,326.16,586.31,337.45,604.62
ch2_ohr_ncp_20251010T1140338327_d_img_d18_x11520_y58880.png,0.2002,50.45,183.88,59.36,196.87
ch2_ohr_ncp_20251010T1140338327_d_img_d18_x11520_y58880.png,0.2002,123.38,149.26,129.36,156.9
ch2_ohr_ncp_20251010T1140338327_d_img_d18_x11520_y59520.png,0.5862,124.01,305.79,142.91,342.48
ch2_ohr_ncp_20251010T1140338327_d_img_d18_x11520_y59520.png,0.4745,239.96,581.06,248.25,596.42
ch2_ohr_ncp_20251010T1140338327_d_img_d18_x11520_y59520.png,0.4568,129.51,424.51,146.17,452.43
ch2_ohr_ncp_20251010T1140338327_d_img_d18_x11520_y59520.png,0.4422,127.77,219.68,137.62,236.54
ch2_ohr_ncp_20251010T1140338327_d_img_d18_x11520_y59520.png,0.4067,136.9,139.66,144.63,150.52
ch2_ohr_ncp_20251010T1140338327_d_img_d18_x11520_y59520.png,0.4066,153.37,165.36,159.94,175.6
ch2_ohr_ncp_20251010T1140338327_d_img_d18_x11520_y59520.png,0.3986,125.24,306.62,143.71,333.89
ch2_ohr_ncp_20251010T1140338327_d_img_d18_x11520_y59520.png,0.3915,322.6,116.77,330.54,129.18
ch2_ohr_ncp_20251010T1140338327_d_img_d18_x11520_y59520.png,0.3786,107.19,215.56,116.41,233.62
ch2_ohr_ncp_20251010T1140338327_d_img_d18_x11520_y59520.png,0.3782,286.41,356.73,295.57,369.88
ch2_ohr_ncp_20251010T1140338327_d_img_d18_x11520_y59520.png,0.3538,258.28,552.63,265.23,564.86
ch2_ohr_ncp_20251010T1140338327_d_img_d18_x11520_y59520.png,0.3134,1.46,326.92,10.02,340.88
ch2_ohr_ncp_20251010T1140338327_d_img_d18_x11520_y59520.png,0.3132,87.42,491.6,97.79,509.62
ch2_ohr_ncp_20251010T1140338327_d_img_d18_x11520_y59520.png,0.3047,275.64,193.62,290.88,218.96
ch2_ohr_ncp_20251010T1140338327_d_img_d18_x11520_y59520.png,0.2945,155.4,521.98,162.21,533.11
ch2_ohr_ncp_20251010T1140338327_d_img_d18_x11520_y59520.png,0.2934,110.83,208.72,119.16,219.35
ch2_ohr_ncp_20251010T1140338327_d_img_d18_x11520_y59520.png,0.2902,226.34,103.44,232.94,111.53
ch2_ohr_ncp_20251010T1140338327_d_img_d18_x11520_y59520.png,0.2842,106.23,621.55,117.88,637.52
ch2_ohr_ncp_20251010T1140338327_d_img_d18_x11520_y59520.png,0.2627,338.05,521.85,343.83,528.46
ch2_ohr_ncp_20251010T1140338327_d_img_d18_x11520_y59520.png,0.2593,467.67,435.23,475.47,446.26
ch2_ohr_ncp_20251010T1140338327_d_img_d18_x11520_y59520.png,0.2587,0.08,139.13,3.75,147.59
ch2_ohr_ncp_20251010T1140338327_d_img_d18_x11520_y59520.png,0.2576,130.83,73.22,140.55,84.78
ch2_ohr_ncp_20251010T1140338327_d_img_d18_x11520_y59520.png,0.2562,267.0,482.11,272.87,490.38
ch2_ohr_ncp_20251010T1140338327_d_img_d18_x11520_y59520.png,0.253,361.98,211.18,366.94,217.14
ch2_ohr_ncp_20251010T1140338327_d_img_d18_x11520_y59520.png,0.2394,427.27,66.56,432.3,74.55
ch2_ohr_ncp_20251010T1140338327_d_img_d18_x11520_y59520.png,0.2313,242.86,547.66,250.13,557.98
ch2_ohr_ncp_20251010T1140338327_d_img_d18_x11520_y59520.png,0.2242,185.97,37.73,192.41,46.54
ch2_ohr_ncp_20251010T1140338327_d_img_d18_x11520_y59520.png,0.2193,37.51,89.55,45.8,103.43
ch2_ohr_ncp_20251010T1140338327_d_img_d18_x11520_y59520.png,0.2113,385.05,227.52,397.35,243.13
ch2_ohr_ncp_20251010T1140338327_d_img_d18_x11520_y59520.png,0.2091,79.98,134.47,91.14,150.54
ch2_ohr_ncp_20251010T1140338327_d_img_d18_x11520_y60160.png,0.4851,210.71,16.53,216.13,23.62
ch2_ohr_ncp_20251010T1140338327_d_img_d18_x11520_y60160.png,0.4805,114.62,619.58,121.21,631.11
ch2_ohr_ncp_20251010T1140338327_d_img_d18_x11520_y60160.png,0.415,226.56,406.37,234.04,416.49
ch2_ohr_ncp_20251010T1140338327_d_img_d18_x11520_y60160.png,0.3948,179.87,108.88,192.76,133.94
ch2_ohr_ncp_20251010T1140338327_d_img_d18_x11520_y60160.png,0.382,348.17,590.89,361.38,611.47
ch2_ohr_ncp_20251010T1140338327_d_img_d18_x11520_y60160.png,0.371,430.42,200.33,438.76,214.43
ch2_ohr_ncp_20251010T1140338327_d_img_d18_x11520_y60160.png,0.346,171.5,316.62,178.78,328.41
ch2_ohr_ncp_20251010T1140338327_d_img_d18_x11520_y60160.png,0.3409,9.47,418.42,18.51,434.74
ch2_ohr_ncp_20251010T1140338327_d_img_d18_x11520_y60160.png,0.3395,338.63,571.05,347.84,585.56
ch2_ohr_ncp_20251010T1140338327_d_img_d18_x11520_y60160.png,0.3281,277.29,80.4,283.89,89.97
ch2_ohr_ncp_20251010T1140338327_d_img_d18_x11520_y60160.png,0.3118,245.89,627.04,252.18,635.98
ch2_ohr_ncp_20251010T1140338327_d_img_d18_x11520_y60160.png,0.3063,24.22,460.28,32.41,469.85
ch2_ohr_ncp_20251010T1140338327_d_img_d18_x11520_y60160.png,0.2907,51.03,338.78,58.05,349.15
ch2_ohr_ncp_20251010T1140338327_d_img_d18_x11520_y60160.png,0.2835,405.68,347.76,416.44,365.38
ch2_ohr_ncp_20251010T1140338327_d_img_d18_x11520_y60160.png,0.2755,47.99,116.1,61.84,134.26
ch2_ohr_ncp_20251010T1140338327_d_img_d18_x11520_y60160.png,0.2733,432.93,219.51,440.7,227.37
ch2_ohr_ncp_20251010T1140338327_d_img_d18_x11520_y60160.png,0.2548,330.95,187.58,338.01,197.64
ch2_ohr_ncp_20251010T1140338327_d_img_d18_x11520_y60160.png,0.2474,211.16,408.1,220.03,422.19
ch2_ohr_ncp_20251010T1140338327_d_img_d18_x11520_y60160.png,0.2456,276.47,80.49,282.48,89.83
ch2_ohr_ncp_20251010T1140338327_d_img_d18_x11520_y60160.png,0.226,78.75,619.2,90.99,634.11
ch2_ohr_ncp_20251010T1140338327_d_img_d18_x11520_y60160.png,0.2245,211.29,17.94,216.31,24.32
ch2_ohr_ncp_20251010T1140338327_d_img_d18_x11520_y60160.png,0.2226,313.8,520.6,321.65,535.61
ch2_ohr_ncp_20251010T1140338327_d_img_d18_x11520_y60160.png,0.2219,271.41,354.15,279.17,364.24
ch2_ohr_ncp_20251010T1140338327_d_img_d18_x11520_y60160.png,0.2087,253.99,34.63,259.33,43.0
ch2_ohr_ncp_20251010T1140338327_d_img_d18_x11520_y60800.png,0.5014,167.37,89.51,177.7,106.67
ch2_ohr_ncp_20251010T1140338327_d_img_d18_x11520_y60800.png,0.4244,143.37,64.09,150.84,79.21
ch2_ohr_ncp_20251010T1140338327_d_img_d18_x11520_y60800.png,0.4045,146.83,298.68,155.56,309.54
ch2_ohr_ncp_20251010T1140338327_d_img_d18_x11520_y60800.png,0.3896,359.37,250.42,368.92,270.14
ch2_ohr_ncp_20251010T1140338327_d_img_d18_x11520_y60800.png,0.3894,168.32,291.9,175.8,301.91
ch2_ohr_ncp_20251010T1140338327_d_img_d18_x11520_y60800.png,0.3684,179.11,407.17,185.35,416.96
ch2_ohr_ncp_20251010T1140338327_d_img_d18_x11520_y60800.png,0.3606,254.2,210.23,273.26,231.82
ch2_ohr_ncp_20251010T1140338327_d_img_d18_x11520_y60800.png,0.3533,324.1,178.34,336.61,199.09
ch2_ohr_ncp_20251010T1140338327_d_img_d18_x11520_y60800.png,0.3499,276.24,261.94,283.43,271.36
ch2_ohr_ncp_20251010T1140338327_d_img_d18_x11520_y60800.png,0.3482,40.08,92.44,55.69,118.34
ch2_ohr_ncp_20251010T1140338327_d_img_d18_x11520_y60800.png,0.3309,98.67,97.1,105.79,108.54
ch2_ohr_ncp_20251010T1140338327_d_img_d18_x11520_y60800.png,0.3257,121.27,407.05,130.48,424.7
ch2_ohr_ncp_20251010T1140338327_d_img_d18_x11520_y60800.png,0.3037,274.09,303.12,286.02,323.88
ch2_ohr_ncp_20251010T1140338327_d_img_d18_x11520_y60800.png,0.3002,51.6,83.87,57.93,91.72
ch2_ohr_ncp_20251010T1140338327_d_img_d18_x11520_y60800.png,0.298,143.57,616.37,156.6,640.0
ch2_ohr_ncp_20251010T1140338327_d_img_d18_x11520_y60800.png,0.2737,425.32,442.47,432.36,454.06
ch2_ohr_ncp_20251010T1140338327_d_img_d18_x11520_y60800.png,0.2718,419.22,136.71,425.27,142.7
ch2_ohr_ncp_20251010T1140338327_d_img_d18_x11520_y60800.png,0.259,302.5,9.8,314.74,26.19
ch2_ohr_ncp_20251010T1140338327_d_img_d18_x11520_y60800.png,0.2566,110.59,81.08,116.02,89.05
ch2_ohr_ncp_20251010T1140338327_d_img_d18_x11520_y60800.png,0.2501,80.99,50.37,88.04,58.76
ch2_ohr_ncp_20251010T1140338327_d_img_d18_x11520_y60800.png,0.2482,104.49,162.48,111.41,173.16
ch2_ohr_ncp_20251010T1140338327_d_img_d18_x11520_y60800.png,0.2467,357.86,76.66,372.14,101.81
ch2_ohr_ncp_20251010T1140338327_d_img_d18_x11520_y60800.png,0.2441,287.96,402.54,297.38,414.39
ch2_ohr_ncp_20251010T1140338327_d_img_d18_x11520_y60800.png,0.2382,216.57,63.87,223.82,74.7
ch2_ohr_ncp_20251010T1140338327_d_img_d18_x11520_y60800.png,0.2283,251.92,299.19,257.92,306.58
ch2_ohr_ncp_20251010T1140338327_d_img_d18_x11520_y60800.png,0.2248,207.1,314.15,215.27,324.94
ch2_ohr_ncp_20251010T1140338327_d_img_d18_x11520_y60800.png,0.2203,430.92,51.58,439.92,61.46
ch2_ohr_ncp_20251010T1140338327_d_img_d18_x11520_y60800.png,0.2138,101.58,509.13,109.58,519.66
ch2_ohr_ncp_20251010T1140338327_d_img_d18_x11520_y60800.png,0.2108,307.82,621.19,326.3,639.76
ch2_ohr_ncp_20251010T1140338327_d_img_d18_x11520_y61440.png,0.5131,21.56,410.34,34.06,434.93
ch2_ohr_ncp_20251010T1140338327_d_img_d18_x11520_y61440.png,0.4432,380.58,156.93,392.78,181.04
ch2_ohr_ncp_20251010T1140338327_d_img_d18_x11520_y61440.png,0.4253,374.66,71.88,383.57,83.61
ch2_ohr_ncp_20251010T1140338327_d_img_d18_x11520_y61440.png,0.4105,396.88,218.15,417.69,254.63
ch2_ohr_ncp_20251010T1140338327_d_img_d18_x11520_y61440.png,0.3904,183.86,183.39,192.64,192.9
ch2_ohr_ncp_20251010T1140338327_d_img_d18_x11520_y61440.png,0.372,38.57,545.29,49.51,562.7
ch2_ohr_ncp_20251010T1140338327_d_img_d18_x11520_y61440.png,0.3469,63.48,371.3,77.33,396.07
ch2_ohr_ncp_20251010T1140338327_d_img_d18_x11520_y61440.png,0.3464,320.79,127.25,327.81,138.03
ch2_ohr_ncp_20251010T1140338327_d_img_d18_x11520_y61440.png,0.3391,466.46,361.8,473.96,373.13
ch2_ohr_ncp_20251010T1140338327_d_img_d18_x11520_y61440.png,0.333,157.23,81.19,178.83,109.6
ch2_ohr_ncp_20251010T1140338327_d_img_d18_x11520_y61440.png,0.333,272.24,140.52,279.38,150.84
ch2_ohr_ncp_20251010T1140338327_d_img_d18_x11520_y61440.png,0.3168,206.94,303.73,224.46,329.97
ch2_ohr_ncp_20251010T1140338327_d_img_d18_x11520_y61440.png,0.3164,305.93,625.64,311.56,633.71
ch2_ohr_ncp_20251010T1140338327_d_img_d18_x11520_y61440.png,0.3152,291.54,612.27,301.64,623.53
ch2_ohr_ncp_20251010T1140338327_d_img_d18_x11520_y61440.png,0.2922,171.58,396.36,178.9,408.72
ch2_ohr_ncp_20251010T1140338327_d_img_d18_x11520_y61440.png,0.2825,251.79,598.95,257.82,606.32
ch2_ohr_ncp_20251010T1140338327_d_img_d18_x11520_y61440.png,0.278,142.52,185.11,150.83,200.12
ch2_ohr_ncp_20251010T1140338327_d_img_d18_x11520_y61440.png,0.2602,264.75,211.6,290.22,252.86
ch2_ohr_ncp_20251010T1140338327_d_img_d18_x11520_y61440.png,0.256,152.63,169.26,179.77,200.65
ch2_ohr_ncp_20251010T1140338327_d_img_d18_x11520_y61440.png,0.2304,307.78,0.0,319.94,9.27
ch2_ohr_ncp_20251010T1140338327_d_img_d18_x11520_y61440.png,0.2297,44.91,205.99,51.28,214.57
ch2_ohr_ncp_20251010T1140338327_d_img_d18_x11520_y61440.png,0.226,336.27,311.82,343.99,322.18
ch2_ohr_ncp_20251010T1140338327_d_img_d18_x11520_y61440.png,0.221,245.42,348.45,254.96,362.61
ch2_ohr_ncp_20251010T1140338327_d_img_d18_x11520_y61440.png,0.2186,187.14,41.08,192.94,48.69
ch2_ohr_ncp_20251010T1140338327_d_img_d18_x11520_y61440.png,0.2178,202.96,187.43,214.26,200.35
ch2_ohr_ncp_20251010T1140338327_d_img_d18_x11520_y62080.png,0.6383,334.22,614.02,351.21,638.72
ch2_ohr_ncp_20251010T1140338327_d_img_d18_x11520_y62080.png,0.3895,449.12,58.88,456.12,69.58
ch2_ohr_ncp_20251010T1140338327_d_img_d18_x11520_y62080.png,0.3602,331.64,546.3,355.57,571.66
ch2_ohr_ncp_20251010T1140338327_d_img_d18_x11520_y62080.png,0.3436,184.94,28.42,197.88,48.91
ch2_ohr_ncp_20251010T1140338327_d_img_d18_x11520_y62080.png,0.3339,124.61,629.11,131.14,638.67
ch2_ohr_ncp_20251010T1140338327_d_img_d18_x11520_y62080.png,0.2978,319.52,616.68,329.59,638.1
ch2_ohr_ncp_20251010T1140338327_d_img_d18_x11520_y62080.png,0.2965,125.03,53.53,136.26,72.22
ch2_ohr_ncp_20251010T1140338327_d_img_d18_x11520_y62080.png,0.2605,219.23,87.84,225.18,95.22
ch2_ohr_ncp_20251010T1140338327_d_img_d18_x11520_y62080.png,0.2597,219.35,493.81,231.35,523.76
ch2_ohr_ncp_20251010T1140338327_d_img_d18_x11520_y62080.png,0.2447,296.31,411.62,321.87,448.78
ch2_ohr_ncp_20251010T1140338327_d_img_d18_x11520_y62080.png,0.2411,289.72,558.53,304.81,580.08
ch2_ohr_ncp_20251010T1140338327_d_img_d18_x11520_y62080.png,0.2305,211.48,167.1,219.22,179.17
ch2_ohr_ncp_20251010T1140338327_d_img_d18_x11520_y62080.png,0.2296,167.95,414.35,175.06,427.6
ch2_ohr_ncp_20251010T1140338327_d_img_d18_x11520_y62080.png,0.2176,189.12,626.31,194.68,632.77
ch2_ohr_ncp_20251010T1140338327_d_img_d18_x11520_y62080.png,0.2114,15.56,118.94,23.53,131.79
ch2_ohr_ncp_20251010T1140338327_d_img_d18_x11520_y62080.png,0.2091,203.66,565.39,217.32,588.21
ch2_ohr_ncp_20251010T1140338327_d_img_d18_x11520_y62080.png,0.2081,183.14,84.54,193.07,101.07
ch2_ohr_ncp_20251010T1140338327_d_img_d18_x11520_y62080.png,0.2043,172.26,320.3,178.72,327.7
ch2_ohr_ncp_20251010T1140338327_d_img_d18_x11520_y62720.png,0.4128,278.42,228.35,291.5,248.6
ch2_ohr_ncp_20251010T1140338327_d_img_d18_x11520_y63360.png,0.2984,116.64,627.43,131.54,640.0
ch2_ohr_ncp_20251010T1140338327_d_img_d18_x11520_y63360.png,0.2954,116.52,398.42,124.0,407.63
ch2_ohr_ncp_20251010T1140338327_d_img_d18_x11520_y63360.png,0.2925,266.92,530.67,277.3,541.3
ch2_ohr_ncp_20251010T1140338327_d_img_d18_x11520_y63360.png,0.2834,328.08,451.72,341.31,474.72
ch2_ohr_ncp_20251010T1140338327_d_img_d18_x11520_y63360.png,0.2588,318.65,194.34,327.87,207.2
ch2_ohr_ncp_20251010T1140338327_d_img_d18_x11520_y63360.png,0.2569,258.48,1.16,270.91,16.62
ch2_ohr_ncp_20251010T1140338327_d_img_d18_x11520_y63360.png,0.2515,348.25,242.09,355.88,253.79
ch2_ohr_ncp_20251010T1140338327_d_img_d18_x11520_y63360.png,0.2394,215.51,538.26,223.71,552.89
ch2_ohr_ncp_20251010T1140338327_d_img_d18_x11520_y63360.png,0.2316,397.8,329.54,413.78,357.15
ch2_ohr_ncp_20251010T1140338327_d_img_d18_x11520_y63360.png,0.2141,99.13,449.58,107.64,464.49
ch2_ohr_ncp_20251010T1140338327_d_img_d18_x11520_y63360.png,0.209,435.74,234.01,445.08,250.22
ch2_ohr_ncp_20251010T1140338327_d_img_d18_x11520_y63360.png,0.2018,428.63,178.44,434.99,185.95
ch2_ohr_ncp_20251010T1140338327_d_img_d18_x11520_y64000.png,0.2361,267.51,499.25,274.66,510.65
ch2_ohr_ncp_20251010T1140338327_d_img_d18_x11520_y64640.png,0.3383,453.61,0.11,478.43,31.35
ch2_ohr_ncp_20251010T1140338327_d_img_d18_x11520_y64640.png,0.2441,194.42,208.47,202.16,220.27
ch2_ohr_ncp_20251010T1140338327_d_img_d18_x11520_y64640.png,0.2302,263.68,438.25,270.49,448.74
ch2_ohr_ncp_20251010T1140338327_d_img_d18_x11520_y64640.png,0.2062,97.58,530.96,105.69,540.21
ch2_ohr_ncp_20251010T1140338327_d_img_d18_x11520_y64640.png,0.2058,244.61,405.62,251.36,415.45
ch2_ohr_ncp_20251010T1140338327_d_img_d18_x11520_y65280.png,0.3594,414.53,561.14,424.81,576.93
ch2_ohr_ncp_20251010T1140338327_d_img_d18_x11520_y65280.png,0.3296,369.16,624.94,377.25,638.12
ch2_ohr_ncp_20251010T1140338327_d_img_d18_x11520_y65280.png,0.2761,279.21,367.42,287.76,378.25
ch2_ohr_ncp_20251010T1140338327_d_img_d18_x11520_y65280.png,0.2579,442.99,407.82,450.65,418.71
ch2_ohr_ncp_20251010T1140338327_d_img_d18_x11520_y65280.png,0.2542,429.12,569.43,440.66,587.75
ch2_ohr_ncp_20251010T1140338327_d_img_d18_x11520_y65280.png,0.232,293.27,628.64,306.37,639.78
ch2_ohr_ncp_20251010T1140338327_d_img_d18_x11520_y65920.png,0.4204,401.7,391.01,409.65,403.4
ch2_ohr_ncp_20251010T1140338327_d_img_d18_x11520_y65920.png,0.3141,426.31,316.12,442.04,343.82
ch2_ohr_ncp_20251010T1140338327_d_img_d18_x11520_y65920.png,0.2893,0.1,145.95,6.42,159.87
ch2_ohr_ncp_20251010T1140338327_d_img_d18_x11520_y65920.png,0.2459,243.06,149.61,263.21,178.37
ch2_ohr_ncp_20251010T1140338327_d_img_d18_x11520_y65920.png,0.2414,340.69,354.02,353.8,382.73
ch2_ohr_ncp_20251010T1140338327_d_img_d18_x11520_y65920.png,0.2374,62.48,188.73,68.11,196.61
ch2_ohr_ncp_20251010T1140338327_d_img_d18_x11520_y65920.png,0.2202,47.12,181.51,56.27,194.62
ch2_ohr_ncp_20251010T1140338327_d_img_d18_x11520_y65920.png,0.2148,332.6,220.71,339.61,230.98
ch2_ohr_ncp_20251010T1140338327_d_img_d18_x11520_y66560.png,0.2795,227.63,234.55,233.41,241.38
ch2_ohr_ncp_20251010T1140338327_d_img_d18_x11520_y66560.png,0.2564,310.55,92.09,322.42,112.88
ch2_ohr_ncp_20251010T1140338327_d_img_d18_x11520_y66560.png,0.2245,364.66,483.06,384.92,516.69
ch2_ohr_ncp_20251010T1140338327_d_img_d18_x11520_y67840.png,0.2506,153.65,99.82,160.1,108.52
ch2_ohr_ncp_20251010T1140338327_d_img_d18_x11520_y86400.png,0.2649,11.72,627.68,18.99,638.09
ch2_ohr_ncp_20251010T1140338327_d_img_d18_x11520_y87040.png,0.2844,230.23,125.54,238.81,142.03
ch2_ohr_ncp_20251010T1140338327_d_img_d18_x11520_y87040.png,0.2677,280.15,85.69,288.83,96.6
ch2_ohr_ncp_20251010T1140338327_d_img_d18_x11520_y87040.png,0.2291,341.79,624.73,348.41,633.46
ch2_ohr_ncp_20251010T1140338327_d_img_d18_x11520_y87040.png,0.2214,229.37,126.17,238.5,146.1
ch2_ohr_ncp_20251010T1140338327_d_img_d18_x11520_y87680.png,0.2853,414.0,462.74,429.77,485.14
ch2_ohr_ncp_20251010T1140338327_d_img_d18_x11520_y87680.png,0.2708,428.97,226.22,434.99,233.23
ch2_ohr_ncp_20251010T1140338327_d_img_d18_x11520_y87680.png,0.2092,286.53,631.28,295.98,639.68
ch2_ohr_ncp_20251010T1140338327_d_img_d18_x11520_y89600.png,0.2517,15.75,625.8,21.78,635.51
ch2_ohr_ncp_20251010T1140338327_d_img_d18_x11520_y89600.png,0.2455,133.25,311.74,139.7,318.54
ch2_ohr_ncp_20251010T1140338327_d_img_d18_x11520_y89600.png,0.2408,114.95,266.54,121.14,277.13
ch2_ohr_ncp_20251010T1140338327_d_img_d18_x11520_y89600.png,0.23,253.46,110.66,259.91,117.21
ch2_ohr_ncp_20251010T1140338327_d_img_d18_x11520_y89600.png,0.2111,268.48,202.65,284.93,242.39
ch2_ohr_ncp_20251010T1140338327_d_img_d18_x11520_y89600.png,0.2094,434.83,589.95,443.55,601.01
ch2_ohr_ncp_20251010T1140338327_d_img_d18_x11520_y90240.png,0.4026,196.61,210.36,202.81,218.28
ch2_ohr_ncp_20251010T1140338327_d_img_d18_x11520_y90240.png,0.3297,441.17,216.13,448.74,227.35
ch2_ohr_ncp_20251010T1140338327_d_img_d18_x11520_y90240.png,0.3272,118.25,562.1,134.04,595.5
ch2_ohr_ncp_20251010T1140338327_d_img_d18_x11520_y90240.png,0.3186,225.86,323.36,231.44,332.92
ch2_ohr_ncp_20251010T1140338327_d_img_d18_x11520_y90240.png,0.3174,91.35,442.2,103.17,465.09
ch2_ohr_ncp_20251010T1140338327_d_img_d18_x11520_y90240.png,0.3085,332.65,350.98,338.48,358.64
ch2_ohr_ncp_20251010T1140338327_d_img_d18_x11520_y90240.png,0.2991,222.98,204.14,233.77,219.31
ch2_ohr_ncp_20251010T1140338327_d_img_d18_x11520_y90240.png,0.2913,293.26,69.53,311.06,101.34
ch2_ohr_ncp_20251010T1140338327_d_img_d18_x11520_y90240.png,0.2778,401.51,211.39,407.58,218.04
ch2_ohr_ncp_20251010T1140338327_d_img_d18_x11520_y90240.png,0.2754,87.36,58.86,94.72,67.65
ch2_ohr_ncp_20251010T1140338327_d_img_d18_x11520_y90240.png,0.2725,121.77,423.1,130.89,436.38
ch2_ohr_ncp_20251010T1140338327_d_img_d18_x11520_y90240.png,0.2716,339.01,490.1,350.65,510.57
ch2_ohr_ncp_20251010T1140338327_d_img_d18_x11520_y90240.png,0.2646,124.82,615.49,129.65,621.58
ch2_ohr_ncp_20251010T1140338327_d_img_d18_x11520_y90240.png,0.2592,349.69,251.01,358.94,264.01
ch2_ohr_ncp_20251010T1140338327_d_img_d18_x11520_y90240.png,0.2538,135.19,538.51,142.78,549.44
ch2_ohr_ncp_20251010T1140338327_d_img_d18_x11520_y90240.png,0.2524,430.78,439.66,446.76,468.64
ch2_ohr_ncp_20251010T1140338327_d_img_d18_x11520_y90240.png,0.2441,329.01,245.35,338.56,261.04
ch2_ohr_ncp_20251010T1140338327_d_img_d18_x11520_y90240.png,0.242,459.91,240.72,465.95,249.78
ch2_ohr_ncp_20251010T1140338327_d_img_d18_x11520_y90240.png,0.2331,332.2,480.47,338.93,490.5
ch2_ohr_ncp_20251010T1140338327_d_img_d18_x11520_y90240.png,0.2323,34.83,488.55,41.2,495.17
ch2_ohr_ncp_20251010T1140338327_d_img_d18_x11520_y90240.png,0.2319,158.38,142.62,168.47,164.19
ch2_ohr_ncp_20251010T1140338327_d_img_d18_x11520_y90240.png,0.2294,445.8,350.46,451.35,357.08
ch2_ohr_ncp_20251010T1140338327_d_img_d18_x11520_y90240.png,0.2223,121.47,309.25,134.47,332.28
ch2_ohr_ncp_20251010T1140338327_d_img_d18_x11520_y90240.png,0.2202,227.19,449.75,233.55,459.48
ch2_ohr_ncp_20251010T1140338327_d_img_d18_x11520_y90240.png,0.2202,191.87,501.07,202.67,515.64
ch2_ohr_ncp_20251010T1140338327_d_img_d18_x11520_y90240.png,0.2138,246.26,44.31,265.91,62.19
ch2_ohr_ncp_20251010T1140338327_d_img_d18_x11520_y90240.png,0.2128,449.51,519.05,457.41,529.06
ch2_ohr_ncp_20251010T1140338327_d_img_d18_x11520_y90240.png,0.2117,135.22,162.65,145.17,174.0
ch2_ohr_ncp_20251010T1140338327_d_img_d18_x11520_y90240.png,0.2078,194.84,581.55,205.3,599.17
ch2_ohr_ncp_20251010T1140338327_d_img_d18_x11520_y90240.png,0.2061,294.91,69.42,311.9,92.86
ch2_ohr_ncp_20251010T1140338327_d_img_d18_x11520_y90240.png,0.2041,350.24,250.35,361.25,270.69
ch2_ohr_ncp_20251010T1140338327_d_img_d18_x11520_y90240.png,0.2023,6.81,494.17,45.68,562.96
ch2_ohr_ncp_20251010T1140338327_d_img_d18_x11520_y90880.png,0.3851,0.7,29.07,12.99,53.73
ch2_ohr_ncp_20251010T1140338327_d_img_d18_x11520_y90880.png,0.3434,172.19,501.88,177.72,510.4
ch2_ohr_ncp_20251010T1140338327_d_img_d18_x11520_y90880.png,0.3247,365.05,10.22,373.47,24.93
ch2_ohr_ncp_20251010T1140338327_d_img_d18_x11520_y90880.png,0.3032,335.5,77.83,343.19,88.44
ch2_ohr_ncp_20251010T1140338327_d_img_d18_x11520_y90880.png,0.301,218.52,358.1,232.13,379.88
ch2_ohr_ncp_20251010T1140338327_d_img_d18_x11520_y90880.png,0.2964,319.0,199.8,331.13,218.57
ch2_ohr_ncp_20251010T1140338327_d_img_d18_x11520_y90880.png,0.2936,22.23,0.0,35.82,22.41
ch2_ohr_ncp_20251010T1140338327_d_img_d18_x11520_y90880.png,0.2863,169.68,85.06,175.41,93.99
ch2_ohr_ncp_20251010T1140338327_d_img_d18_x11520_y90880.png,0.2828,71.34,631.66,78.95,639.33
ch2_ohr_ncp_20251010T1140338327_d_img_d18_x11520_y90880.png,0.2754,81.33,336.3,94.12,354.4
ch2_ohr_ncp_20251010T1140338327_d_img_d18_x11520_y90880.png,0.2577,313.71,170.91,319.92,179.07
ch2_ohr_ncp_20251010T1140338327_d_img_d18_x11520_y90880.png,0.2536,273.44,89.72,279.21,98.9
ch2_ohr_ncp_20251010T1140338327_d_img_d18_x11520_y90880.png,0.2394,360.02,382.22,365.99,391.31
ch2_ohr_ncp_20251010T1140338327_d_img_d18_x11520_y90880.png,0.2387,274.72,371.07,282.9,383.72
ch2_ohr_ncp_20251010T1140338327_d_img_d18_x11520_y90880.png,0.2387,263.34,406.24,271.58,416.95
ch2_ohr_ncp_20251010T1140338327_d_img_d18_x11520_y90880.png,0.2383,438.84,168.21,447.29,179.66
ch2_ohr_ncp_20251010T1140338327_d_img_d18_x11520_y90880.png,0.2346,137.69,61.64,144.62,70.13
ch2_ohr_ncp_20251010T1140338327_d_img_d18_x11520_y90880.png,0.2276,123.41,39.9,129.84,48.46
ch2_ohr_ncp_20251010T1140338327_d_img_d18_x11520_y90880.png,0.225,283.61,212.2,291.64,220.3
ch2_ohr_ncp_20251010T1140338327_d_img_d18_x11520_y90880.png,0.2213,419.13,347.23,426.69,353.94
ch2_ohr_ncp_20251010T1140338327_d_img_d18_x11520_y90880.png,0.2121,275.83,158.38,281.75,165.64
ch2_ohr_ncp_20251010T1140338327_d_img_d18_x11520_y90880.png,0.2095,373.58,338.73,378.95,344.99
ch2_ohr_ncp_20251010T1140338327_d_img_d18_x11520_y90880.png,0.2073,366.33,412.06,370.75,417.7
ch2_ohr_ncp_20251010T1140338327_d_img_d18_x11520_y91520.png,0.5609,381.98,350.75,399.15,381.01
ch2_ohr_ncp_20251010T1140338327_d_img_d18_x11520_y91520.png,0.4923,310.12,351.25,318.32,362.76
ch2_ohr_ncp_20251010T1140338327_d_img_d18_x11520_y91520.png,0.3824,94.72,373.97,102.92,393.92
ch2_ohr_ncp_20251010T1140338327_d_img_d18_x11520_y91520.png,0.3502,28.54,295.98,42.5,322.26
ch2_ohr_ncp_20251010T1140338327_d_img_d18_x11520_y91520.png,0.348,321.06,72.89,329.1,84.31
ch2_ohr_ncp_20251010T1140338327_d_img_d18_x11520_y91520.png,0.3134,126.25,376.57,137.96,394.33
ch2_ohr_ncp_20251010T1140338327_d_img_d18_x11520_y91520.png,0.3016,172.01,218.3,206.66,287.46
ch2_ohr_ncp_20251010T1140338327_d_img_d18_x11520_y91520.png,0.2957,347.34,234.43,359.3,258.94
ch2_ohr_ncp_20251010T1140338327_d_img_d18_x11520_y91520.png,0.2844,277.1,118.88,282.58,125.4
ch2_ohr_ncp_20251010T1140338327_d_img_d18_x11520_y91520.png,0.2733,121.43,502.18,135.46,526.87
ch2_ohr_ncp_20251010T1140338327_d_img_d18_x11520_y91520.png,0.2658,327.25,306.38,333.69,315.74
ch2_ohr_ncp_20251010T1140338327_d_img_d18_x11520_y91520.png,0.2482,420.51,98.96,432.71,125.48
ch2_ohr_ncp_20251010T1140338327_d_img_d18_x11520_y91520.png,0.248,302.38,243.23,310.91,263.06
ch2_ohr_ncp_20251010T1140338327_d_img_d18_x11520_y91520.png,0.247,199.55,460.23,212.43,481.88
ch2_ohr_ncp_20251010T1140338327_d_img_d18_x11520_y91520.png,0.2433,261.49,188.78,272.43,208.84
ch2_ohr_ncp_20251010T1140338327_d_img_d18_x11520_y91520.png,0.2431,161.65,551.87,168.68,560.07
ch2_ohr_ncp_20251010T1140338327_d_img_d18_x11520_y91520.png,0.2409,422.99,339.86,433.74,355.58
ch2_ohr_ncp_20251010T1140338327_d_img_d18_x11520_y91520.png,0.2322,326.41,451.58,336.09,469.71
ch2_ohr_ncp_20251010T1140338327_d_img_d18_x11520_y91520.png,0.2321,28.3,360.44,35.32,369.71
ch2_ohr_ncp_20251010T1140338327_d_img_d18_x11520_y91520.png,0.2318,10.28,354.48,18.29,364.59
ch2_ohr_ncp_20251010T1140338327_d_img_d18_x11520_y91520.png,0.2266,133.36,549.71,139.4,557.44
ch2_ohr_ncp_20251010T1140338327_d_img_d18_x11520_y91520.png,0.2254,445.15,335.42,451.51,343.93
ch2_ohr_ncp_20251010T1140338327_d_img_d18_x11520_y91520.png,0.2209,326.6,483.27,340.45,507.9
ch2_ohr_ncp_20251010T1140338327_d_img_d18_x11520_y91520.png,0.2134,60.39,44.99,68.04,54.55
ch2_ohr_ncp_20251010T1140338327_d_img_d18_x11520_y91520.png,0.2106,144.1,551.98,151.15,560.12
ch2_ohr_ncp_20251010T1140338327_d_img_d18_x11520_y91520.png,0.2068,67.4,461.11,73.83,471.37
ch2_ohr_ncp_20251010T1140338327_d_img_d18_x11520_y91520.png,0.2064,218.01,186.72,224.7,196.3
ch2_ohr_ncp_20251010T1140338327_d_img_d18_x11520_y91520.png,0.2056,139.6,376.84,153.29,396.13
ch2_ohr_ncp_20251010T1140338327_d_img_d18_x11520_y91520.png,0.2049,452.66,144.23,463.55,167.83
ch2_ohr_ncp_20251010T1140338327_d_img_d18_x11520_y91520.png,0.2029,330.92,34.88,338.53,44.79
ch2_ohr_ncp_20251010T1140338327_d_img_d18_x11520_y91520.png,0.2023,55.18,364.34,60.58,370.67
ch2_ohr_ncp_20251010T1140338327_d_img_d18_x11520_y92160.png,0.4284,144.75,21.62,159.28,42.67
ch2_ohr_ncp_20251010T1140338327_d_img_d18_x11520_y92160.png,0.3913,329.47,42.64,335.69,50.48
ch2_ohr_ncp_20251010T1140338327_d_img_d18_x11520_y92160.png,0.3757,330.43,236.98,337.42,245.83
ch2_ohr_ncp_20251010T1140338327_d_img_d18_x11520_y92160.png,0.3499,55.92,323.12,64.78,342.64
ch2_ohr_ncp_20251010T1140338327_d_img_d18_x11520_y92160.png,0.3453,93.82,341.15,102.55,363.39
ch2_ohr_ncp_20251010T1140338327_d_img_d18_x11520_y92160.png,0.3379,339.22,601.01,348.22,613.12
ch2_ohr_ncp_20251010T1140338327_d_img_d18_x11520_y92160.png,0.3312,250.7,65.3,261.17,81.45
ch2_ohr_ncp_20251010T1140338327_d_img_d18_x11520_y92160.png,0.3282,95.3,237.0,102.35,248.61
ch2_ohr_ncp_20251010T1140338327_d_img_d18_x11520_y92160.png,0.324,426.64,193.44,437.06,216.17
ch2_ohr_ncp_20251010T1140338327_d_img_d18_x11520_y92160.png,0.3195,371.55,78.89,398.14,112.32
ch2_ohr_ncp_20251010T1140338327_d_img_d18_x11520_y92160.png,0.318,176.56,241.49,189.07,260.92
ch2_ohr_ncp_20251010T1140338327_d_img_d18_x11520_y92160.png,0.3103,344.24,437.89,359.53,468.47
ch2_ohr_ncp_20251010T1140338327_d_img_d18_x11520_y92160.png,0.2966,269.54,7.39,281.67,28.33
ch2_ohr_ncp_20251010T1140338327_d_img_d18_x11520_y92160.png,0.2919,250.12,65.43,259.7,85.88
ch2_ohr_ncp_20251010T1140338327_d_img_d18_x11520_y92160.png,0.2872,61.96,259.55,72.53,275.74
ch2_ohr_ncp_20251010T1140338327_d_img_d18_x11520_y92160.png,0.2792,119.34,390.54,126.79,400.29
ch2_ohr_ncp_20251010T1140338327_d_img_d18_x11520_y92160.png,0.2756,372.23,81.36,393.67,115.75
ch2_ohr_ncp_20251010T1140338327_d_img_d18_x11520_y92160.png,0.2735,249.81,598.64,256.94,606.94
ch2_ohr_ncp_20251010T1140338327_d_img_d18_x11520_y92160.png,0.2706,314.79,236.63,321.08,245.34
ch2_ohr_ncp_20251010T1140338327_d_img_d18_x11520_y92160.png,0.2509,220.84,51.4,226.99,60.04
ch2_ohr_ncp_20251010T1140338327_d_img_d18_x11520_y92160.png,0.2422,20.18,301.32,25.64,308.37
ch2_ohr_ncp_20251010T1140338327_d_img_d18_x11520_y92160.png,0.2388,98.48,504.3,105.95,515.31
ch2_ohr_ncp_20251010T1140338327_d_img_d18_x11520_y92160.png,0.2361,222.87,373.01,231.2,385.22
ch2_ohr_ncp_20251010T1140338327_d_img_d18_x11520_y92160.png,0.2331,364.93,215.14,370.39,222.28
ch2_ohr_ncp_20251010T1140338327_d_img_d18_x11520_y92160.png,0.232,147.17,256.7,160.51,283.24
ch2_ohr_ncp_20251010T1140338327_d_img_d18_x11520_y92160.png,0.2305,304.25,97.87,313.49,108.69
ch2_ohr_ncp_20251010T1140338327_d_img_d18_x11520_y92160.png,0.2279,51.88,267.42,58.09,278.3
ch2_ohr_ncp_20251010T1140338327_d_img_d18_x11520_y92160.png,0.2198,399.16,200.21,408.72,213.24
ch2_ohr_ncp_20251010T1140338327_d_img_d18_x11520_y92160.png,0.2163,73.0,631.91,79.58,639.16
ch2_ohr_ncp_20251010T1140338327_d_img_d18_x11520_y92160.png,0.2142,0.71,210.78,7.53,230.28
ch2_ohr_ncp_20251010T1140338327_d_img_d18_x11520_y92160.png,0.2135,186.51,0.72,195.21,9.64
ch2_ohr_ncp_20251010T1140338327_d_img_d18_x11520_y92160.png,0.2127,423.36,577.75,436.01,596.18
ch2_ohr_ncp_20251010T1140338327_d_img_d18_x11520_y92160.png,0.2083,123.26,148.84,129.78,157.82
ch2_ohr_ncp_20251010T1140338327_d_img_d18_x11520_y92160.png,0.2065,44.87,305.57,49.75,311.28
ch2_ohr_ncp_20251010T1140338327_d_img_d18_x11520_y92160.png,0.2064,50.66,210.03,55.49,216.8
ch2_ohr_ncp_20251010T1140338327_d_img_d18_x11520_y92160.png,0.2061,355.36,578.24,361.77,586.7
ch2_ohr_ncp_20251010T1140338327_d_img_d18_x11520_y92160.png,0.2019,369.97,552.93,386.15,570.77
ch2_ohr_ncp_20251010T1140338327_d_img_d18_x11520_y92160.png,0.2009,463.81,522.82,473.36,536.49
ch2_ohr_ncp_20251010T1140338327_d_img_d18_x11520_y92800.png,0.4608,278.62,495.24,290.26,512.85
ch2_ohr_ncp_20251010T1140338327_d_img_d18_x11520_y92800.png,0.442,254.45,504.96,262.21,519.2
ch2_ohr_ncp_20251010T1140338327_d_img_d18_x11520_y92800.png,0.4246,372.91,361.03,391.55,398.43
ch2_ohr_ncp_20251010T1140338327_d_img_d18_x11520_y92800.png,0.3672,252.91,504.43,261.24,519.5
ch2_ohr_ncp_20251010T1140338327_d_img_d18_x11520_y92800.png,0.3642,54.6,402.04,64.64,416.05
ch2_ohr_ncp_20251010T1140338327_d_img_d18_x11520_y92800.png,0.3457,364.69,287.62,373.26,300.41
ch2_ohr_ncp_20251010T1140338327_d_img_d18_x11520_y92800.png,0.3317,302.38,267.89,312.51,281.01
ch2_ohr_ncp_20251010T1140338327_d_img_d18_x11520_y92800.png,0.3271,71.28,407.83,80.5,419.85
ch2_ohr_ncp_20251010T1140338327_d_img_d18_x11520_y92800.png,0.3259,215.29,495.22,225.47,510.35
ch2_ohr_ncp_20251010T1140338327_d_img_d18_x11520_y92800.png,0.323,185.35,214.72,198.18,237.2
ch2_ohr_ncp_20251010T1140338327_d_img_d18_x11520_y92800.png,0.3175,266.08,537.06,271.84,543.64
ch2_ohr_ncp_20251010T1140338327_d_img_d18_x11520_y92800.png,0.3156,65.94,537.67,74.43,548.82
ch2_ohr_ncp_20251010T1140338327_d_img_d18_x11520_y92800.png,0.3144,123.08,421.28,128.4,427.69
ch2_ohr_ncp_20251010T1140338327_d_img_d18_x11520_y92800.png,0.3016,162.37,347.28,168.1,356.47
ch2_ohr_ncp_20251010T1140338327_d_img_d18_x11520_y92800.png,0.3006,133.19,319.82,144.76,335.82
ch2_ohr_ncp_20251010T1140338327_d_img_d18_x11520_y92800.png,0.2947,461.39,129.77,476.54,152.43
ch2_ohr_ncp_20251010T1140338327_d_img_d18_x11520_y92800.png,0.2933,142.28,311.02,147.98,318.04
ch2_ohr_ncp_20251010T1140338327_d_img_d18_x11520_y92800.png,0.2924,178.86,297.65,185.63,307.09
ch2_ohr_ncp_20251010T1140338327_d_img_d18_x11520_y92800.png,0.2914,214.76,275.97,219.62,283.56
ch2_ohr_ncp_20251010T1140338327_d_img_d18_x11520_y92800.png,0.29,373.64,362.43,390.85,390.05
ch2_ohr_ncp_20251010T1140338327_d_img_d18_x11520_y92800.png,0.2884,146.14,168.59,152.53,176.6
ch2_ohr_ncp_20251010T1140338327_d_img_d18_x11520_y92800.png,0.2883,212.19,410.48,218.62,418.74
ch2_ohr_ncp_20251010T1140338327_d_img_d18_x11520_y92800.png,0.2791,282.96,476.64,289.06,486.02
ch2_ohr_ncp_20251010T1140338327_d_img_d18_x11520_y92800.png,0.2706,260.65,362.29,285.78,404.11
ch2_ohr_ncp_20251010T1140338327_d_img_d18_x11520_y92800.png,0.2705,115.13,530.43,121.74,539.41
ch2_ohr_ncp_20251010T1140338327_d_img_d18_x11520_y92800.png,0.2637,346.76,86.91,356.44,105.94
ch2_ohr_ncp_20251010T1140338327_d_img_d18_x11520_y92800.png,0.2524,306.77,290.19,314.18,302.46
ch2_ohr_ncp_20251010T1140338327_d_img_d18_x11520_y92800.png,0.251,131.81,458.3,140.34,471.49
ch2_ohr_ncp_20251010T1140338327_d_img_d18_x11520_y92800.png,0.2391,210.68,316.92,222.11,341.22
ch2_ohr_ncp_20251010T1140338327_d_img_d18_x11520_y92800.png,0.2308,176.7,508.22,183.64,518.53
ch2_ohr_ncp_20251010T1140338327_d_img_d18_x11520_y92800.png,0.224,97.34,386.84,103.3,397.97
ch2_ohr_ncp_20251010T1140338327_d_img_d18_x11520_y92800.png,0.2167,57.34,324.53,63.54,334.15
ch2_ohr_ncp_20251010T1140338327_d_img_d18_x11520_y92800.png,0.2118,223.03,190.09,234.22,205.43
ch2_ohr_ncp_20251010T1140338327_d_img_d18_x11520_y92800.png,0.2067,106.87,385.29,113.51,396.28
ch2_ohr_ncp_20251010T1140338327_d_img_d18_x11520_y92800.png,0.2049,302.44,22.12,316.65,48.51
ch2_ohr_ncp_20251010T1140338327_d_img_d18_x11520_y92800.png,0.2018,343.41,269.87,350.37,283.33
ch2_ohr_ncp_20251010T1140338327_d_img_d18_x11520_y93440.png,0.3786,163.14,130.96,168.99,139.95
ch2_ohr_ncp_20251010T1140338327_d_img_d18_x11520_y93440.png,0.3682,31.26,294.02,44.06,320.46
ch2_ohr_ncp_20251010T1140338327_d_img_d18_x11520_y93440.png,0.3059,380.97,342.68,391.41,361.83
ch2_ohr_ncp_20251010T1140338327_d_img_d18_x11520_y93440.png,0.3025,379.95,343.12,389.45,363.08
ch2_ohr_ncp_20251010T1140338327_d_img_d18_x11520_y93440.png,0.262,299.62,202.98,306.42,211.57
ch2_ohr_ncp_20251010T1140338327_d_img_d18_x11520_y93440.png,0.2595,210.79,560.49,217.19,572.33
ch2_ohr_ncp_20251010T1140338327_d_img_d18_x11520_y93440.png,0.2405,141.23,421.19,155.91,445.06
ch2_ohr_ncp_20251010T1140338327_d_img_d18_x11520_y93440.png,0.2396,3.9,7.08,11.79,16.8
ch2_ohr_ncp_20251010T1140338327_d_img_d18_x11520_y93440.png,0.2366,285.91,385.35,295.54,401.84
ch2_ohr_ncp_20251010T1140338327_d_img_d18_x11520_y93440.png,0.2219,382.32,479.52,390.3,489.1
ch2_ohr_ncp_20251010T1140338327_d_img_d18_x11520_y93440.png,0.2178,324.48,527.8,331.31,536.26
ch2_ohr_ncp_20251010T1140338327_d_img_d18_x11520_y93440.png,0.2178,405.66,311.18,416.3,325.97
ch2_ohr_ncp_20251010T1140338327_d_img_d18_x11520_y93440.png,0.2141,421.16,297.51,426.98,306.04
ch2_ohr_ncp_20251010T1140338327_d_img_d18_x11520_y93440.png,0.208,434.13,494.99,440.4,502.69
ch2_ohr_ncp_20251010T1140338327_d_img_d18_x11520_y94080.png,0.4387,458.99,97.01,466.84,108.18
ch2_ohr_ncp_20251010T1140338327_d_img_d18_x11520_y94080.png,0.4102,92.03,536.48,107.3,566.03
ch2_ohr_ncp_20251010T1140338327_d_img_d18_x11520_y94080.png,0.4036,234.39,57.93,243.69,74.44
ch2_ohr_ncp_20251010T1140338327_d_img_d18_x11520_y94080.png,0.3932,276.19,457.84,282.29,465.71
ch2_ohr_ncp_20251010T1140338327_d_img_d18_x11520_y94080.png,0.3722,436.33,210.66,450.48,232.65
ch2_ohr_ncp_20251010T1140338327_d_img_d18_x11520_y94080.png,0.3717,60.05,615.79,68.14,630.31
ch2_ohr_ncp_20251010T1140338327_d_img_d18_x11520_y94080.png,0.364,234.29,240.1,244.89,255.63
ch2_ohr_ncp_20251010T1140338327_d_img_d18_x11520_y94080.png,0.3558,91.98,387.87,99.84,397.25
ch2_ohr_ncp_20251010T1140338327_d_img_d18_x11520_y94080.png,0.3499,143.55,221.41,151.25,234.93
ch2_ohr_ncp_20251010T1140338327_d_img_d18_x11520_y94080.png,0.3401,276.97,282.01,288.41,301.55
ch2_ohr_ncp_20251010T1140338327_d_img_d18_x11520_y94080.png,0.3321,298.88,225.45,314.2,241.81
ch2_ohr_ncp_20251010T1140338327_d_img_d18_x11520_y94080.png,0.3216,323.06,304.96,336.53,324.29
ch2_ohr_ncp_20251010T1140338327_d_img_d18_x11520_y94080.png,0.3205,382.4,12.51,396.31,40.41
ch2_ohr_ncp_20251010T1140338327_d_img_d18_x11520_y94080.png,0.3167,336.87,449.33,351.25,479.29
ch2_ohr_ncp_20251010T1140338327_d_img_d18_x11520_y94080.png,0.3057,29.27,78.24,35.74,86.66
ch2_ohr_ncp_20251010T1140338327_d_img_d18_x11520_y94080.png,0.3056,174.6,583.9,185.17,601.76
ch2_ohr_ncp_20251010T1140338327_d_img_d18_x11520_y94080.png,0.3029,431.53,283.14,439.95,297.22
ch2_ohr_ncp_20251010T1140338327_d_img_d18_x11520_y94080.png,0.2997,187.18,4.36,199.18,25.5
ch2_ohr_ncp_20251010T1140338327_d_img_d18_x11520_y94080.png,0.2973,230.92,292.53,239.83,306.23
ch2_ohr_ncp_20251010T1140338327_d_img_d18_x11520_y94080.png,0.2966,250.89,615.72,256.66,623.35
ch2_ohr_ncp_20251010T1140338327_d_img_d18_x11520_y94080.png,0.2945,46.83,302.05,63.43,337.09
ch2_ohr_ncp_20251010T1140338327_d_img_d18_x11520_y94080.png,0.294,1.1,609.65,6.81,618.17
ch2_ohr_ncp_20251010T1140338327_d_img_d18_x11520_y94080.png,0.2939,10.21,534.31,26.14,564.15
ch2_ohr_ncp_20251010T1140338327_d_img_d18_x11520_y94080.png,0.2927,0.37,69.46,7.47,81.81
ch2_ohr_ncp_20251010T1140338327_d_img_d18_x11520_y94080.png,0.2905,448.9,78.19,455.84,86.25
ch2_ohr_ncp_20251010T1140338327_d_img_d18_x11520_y94080.png,0.2903,449.24,88.34,455.02,94.92
ch2_ohr_ncp_20251010T1140338327_d_img_d18_x11520_y94080.png,0.2873,239.93,274.0,246.7,283.49
ch2_ohr_ncp_20251010T1140338327_d_img_d18_x11520_y94080.png,0.2844,207.1,234.73,213.62,244.11
ch2_ohr_ncp_20251010T1140338327_d_img_d18_x11520_y94080.png,0.2823,96.25,87.35,103.12,95.81
ch2_ohr_ncp_20251010T1140338327_d_img_d18_x11520_y94080.png,0.282,22.68,49.34,29.91,59.33
ch2_ohr_ncp_20251010T1140338327_d_img_d18_x11520_y94080.png,0.2755,396.86,592.75,411.3,615.17
ch2_ohr_ncp_20251010T1140338327_d_img_d18_x11520_y94080.png,0.2732,4.82,127.33,12.91,136.61
ch2_ohr_ncp_20251010T1140338327_d_img_d18_x11520_y94080.png,0.2732,308.54,469.06,316.65,484.73
ch2_ohr_ncp_20251010T1140338327_d_img_d18_x11520_y94080.png,0.2724,449.58,443.03,457.83,456.54
ch2_ohr_ncp_20251010T1140338327_d_img_d18_x11520_y94080.png,0.2691,9.16,80.12,15.0,87.34
ch2_ohr_ncp_20251010T1140338327_d_img_d18_x11520_y94080.png,0.2667,18.69,324.0,25.65,335.54
ch2_ohr_ncp_20251010T1140338327_d_img_d18_x11520_y94080.png,0.2625,59.49,157.06,70.27,173.77
ch2_ohr_ncp_20251010T1140338327_d_img_d18_x11520_y94080.png,0.2616,270.18,218.85,292.08,257.48
ch2_ohr_ncp_20251010T1140338327_d_img_d18_x11520_y94080.png,0.2586,166.95,411.46,172.83,419.78
ch2_ohr_ncp_20251010T1140338327_d_img_d18_x11520_y94080.png,0.2566,33.79,547.58,41.13,559.02
ch2_ohr_ncp_20251010T1140338327_d_img_d18_x11520_y94080.png,0.2525,191.52,400.4,200.52,412.9
ch2_ohr_ncp_20251010T1140338327_d_img_d18_x11520_y94080.png,0.2501,443.55,52.71,449.99,61.16
ch2_ohr_ncp_20251010T1140338327_d_img_d18_x11520_y94080.png,0.2455,143.44,41.47,151.89,51.98
ch2_ohr_ncp_20251010T1140338327_d_img_d18_x11520_y94080.png,0.2374,355.83,587.22,362.3,595.5
ch2_ohr_ncp_20251010T1140338327_d_img_d18_x11520_y94080.png,0.2349,260.55,317.87,265.54,324.3
ch2_ohr_ncp_20251010T1140338327_d_img_d18_x11520_y94080.png,0.2311,22.67,449.3,32.65,467.94
ch2_ohr_ncp_20251010T1140338327_d_img_d18_x11520_y94080.png,0.2298,23.31,118.74,29.42,130.61
ch2_ohr_ncp_20251010T1140338327_d_img_d18_x11520_y94080.png,0.2257,205.33,263.34,211.68,270.07
ch2_ohr_ncp_20251010T1140338327_d_img_d18_x11520_y94080.png,0.2256,114.93,101.07,121.39,110.42
ch2_ohr_ncp_20251010T1140338327_d_img_d18_x11520_y94080.png,0.2237,236.42,139.34,249.78,163.39
ch2_ohr_ncp_20251010T1140338327_d_img_d18_x11520_y94080.png,0.2236,44.07,150.43,50.44,157.93
ch2_ohr_ncp_20251010T1140338327_d_img_d18_x11520_y94080.png,0.223,0.0,247.15,6.42,257.57
ch2_ohr_ncp_20251010T1140338327_d_img_d18_x11520_y94080.png,0.219,435.73,209.39,450.6,227.53
ch2_ohr_ncp_20251010T1140338327_d_img_d18_x11520_y94080.png,0.2174,328.77,162.05,335.95,172.34
ch2_ohr_ncp_20251010T1140338327_d_img_d18_x11520_y94080.png,0.2131,447.21,137.09,454.27,145.02
ch2_ohr_ncp_20251010T1140338327_d_img_d18_x11520_y94080.png,0.2106,22.48,118.38,28.81,127.26
ch2_ohr_ncp_20251010T1140338327_d_img_d18_x11520_y94080.png,0.2073,35.98,185.41,42.64,193.82
ch2_ohr_ncp_20251010T1140338327_d_img_d18_x11520_y94080.png,0.207,414.73,163.34,424.67,177.0
ch2_ohr_ncp_20251010T1140338327_d_img_d18_x11520_y94080.png,0.2068,0.0,472.61,5.6,484.6
ch2_ohr_ncp_20251010T1140338327_d_img_d18_x11520_y94080.png,0.2051,84.11,19.17,97.83,40.76
ch2_ohr_ncp_20251010T1140338327_d_img_d18_x11520_y94080.png,0.2043,459.11,0.28,481.04,30.11
ch2_ohr_ncp_20251010T1140338327_d_img_d18_x11520_y94720.png,0.5625,383.03,92.09,392.8,111.01
ch2_ohr_ncp_20251010T1140338327_d_img_d18_x11520_y94720.png,0.4694,454.79,84.02,462.08,95.55
ch2_ohr_ncp_20251010T1140338327_d_img_d18_x11520_y94720.png,0.4613,60.51,381.13,78.29,414.76
ch2_ohr_ncp_20251010T1140338327_d_img_d18_x11520_y94720.png,0.4575,448.09,0.0,480.95,30.17
ch2_ohr_ncp_20251010T1140338327_d_img_d18_x11520_y94720.png,0.4464,382.73,91.14,393.09,105.62
ch2_ohr_ncp_20251010T1140338327_d_img_d18_x11520_y94720.png,0.4243,75.85,211.94,90.78,247.95
ch2_ohr_ncp_20251010T1140338327_d_img_d18_x11520_y94720.png,0.4138,450.3,487.07,459.59,499.53
ch2_ohr_ncp_20251010T1140338327_d_img_d18_x11520_y94720.png,0.3776,244.58,291.91,253.73,306.18
ch2_ohr_ncp_20251010T1140338327_d_img_d18_x11520_y94720.png,0.348,303.56,83.85,309.79,91.58
ch2_ohr_ncp_20251010T1140338327_d_img_d18_x11520_y94720.png,0.3471,235.32,427.35,240.96,433.85
ch2_ohr_ncp_20251010T1140338327_d_img_d18_x11520_y94720.png,0.3393,373.61,191.83,379.52,199.58
ch2_ohr_ncp_20251010T1140338327_d_img_d18_x11520_y94720.png,0.3362,314.43,524.66,322.01,534.08
ch2_ohr_ncp_20251010T1140338327_d_img_d18_x11520_y94720.png,0.3358,110.14,256.64,128.13,297.08
ch2_ohr_ncp_20251010T1140338327_d_img_d18_x11520_y94720.png,0.3277,72.18,169.2,83.86,192.32
ch2_ohr_ncp_20251010T1140338327_d_img_d18_x11520_y94720.png,0.3172,62.28,381.65,79.04,402.12
ch2_ohr_ncp_20251010T1140338327_d_img_d18_x11520_y94720.png,0.3169,316.1,0.0,339.13,26.94
ch2_ohr_ncp_20251010T1140338327_d_img_d18_x11520_y94720.png,0.3072,90.08,151.3,96.17,158.64
ch2_ohr_ncp_20251010T1140338327_d_img_d18_x11520_y94720.png,0.2957,327.3,376.45,336.78,393.32
ch2_ohr_ncp_20251010T1140338327_d_img_d18_x11520_y94720.png,0.2852,204.01,88.5,221.1,120.97
ch2_ohr_ncp_20251010T1140338327_d_img_d18_x11520_y94720.png,0.2787,169.52,163.04,174.67,171.11
ch2_ohr_ncp_20251010T1140338327_d_img_d18_x11520_y94720.png,0.2764,416.32,443.24,424.37,455.86
ch2_ohr_ncp_20251010T1140338327_d_img_d18_x11520_y94720.png,0.2735,316.92,50.59,323.2,57.31
ch2_ohr_ncp_20251010T1140338327_d_img_d18_x11520_y94720.png,0.2639,268.09,469.97,283.69,498.26
ch2_ohr_ncp_20251010T1140338327_d_img_d18_x11520_y94720.png,0.2634,219.62,198.14,227.14,205.7
ch2_ohr_ncp_20251010T1140338327_d_img_d18_x11520_y94720.png,0.263,262.27,116.83,272.51,137.57
ch2_ohr_ncp_20251010T1140338327_d_img_d18_x11520_y94720.png,0.2592,340.49,191.18,353.04,209.88
ch2_ohr_ncp_20251010T1140338327_d_img_d18_x11520_y94720.png,0.2592,326.67,103.25,333.16,111.86
ch2_ohr_ncp_20251010T1140338327_d_img_d18_x11520_y94720.png,0.2536,472.39,50.69,479.41,60.84
ch2_ohr_ncp_20251010T1140338327_d_img_d18_x11520_y94720.png,0.2525,309.49,203.42,319.53,220.08
ch2_ohr_ncp_20251010T1140338327_d_img_d18_x11520_y94720.png,0.2423,400.46,369.99,407.14,380.27
ch2_ohr_ncp_20251010T1140338327_d_img_d18_x11520_y94720.png,0.24,292.75,217.38,298.77,225.16
ch2_ohr_ncp_20251010T1140338327_d_img_d18_x11520_y94720.png,0.2314,56.17,266.18,62.86,276.94
ch2_ohr_ncp_20251010T1140338327_d_img_d18_x11520_y94720.png,0.2277,274.26,339.45,279.76,346.48
ch2_ohr_ncp_20251010T1140338327_d_img_d18_x11520_y94720.png,0.2255,471.96,621.55,480.12,637.05
ch2_ohr_ncp_20251010T1140338327_d_img_d18_x11520_y94720.png,0.2188,187.77,494.29,200.56,514.38
ch2_ohr_ncp_20251010T1140338327_d_img_d18_x11520_y94720.png,0.2174,36.94,216.77,42.15,223.85
ch2_ohr_ncp_20251010T1140338327_d_img_d18_x11520_y94720.png,0.2114,4.59,71.03,9.8,78.35
ch2_ohr_ncp_20251010T1140338327_d_img_d18_x11520_y94720.png,0.2095,306.86,582.3,312.88,590.27
ch2_ohr_ncp_20251010T1140338327_d_img_d18_x11520_y94720.png,0.2059,408.25,31.04,415.87,42.6
ch2_ohr_ncp_20251010T1140338327_d_img_d18_x11520_y94720.png,0.2017,213.6,123.1,224.04,140.8
ch2_ohr_ncp_20251010T1140338327_d_img_d18_x11520_y95360.png,0.4715,350.9,36.23,369.39,63.45
ch2_ohr_ncp_20251010T1140338327_d_img_d18_x11520_y95360.png,0.4248,125.63,276.64,136.68,303.04
ch2_ohr_ncp_20251010T1140338327_d_img_d18_x11520_y95360.png,0.3355,0.88,53.58,8.59,69.51
ch2_ohr_ncp_20251010T1140338327_d_img_d18_x11520_y95360.png,0.3332,62.52,601.27,69.9,613.57
ch2_ohr_ncp_20251010T1140338327_d_img_d18_x11520_y95360.png,0.3327,247.36,513.54,255.25,524.45
ch2_ohr_ncp_20251010T1140338327_d_img_d18_x11520_y95360.png,0.3255,135.02,529.07,146.35,544.47
ch2_ohr_ncp_20251010T1140338327_d_img_d18_x11520_y95360.png,0.3024,336.16,451.82,345.99,467.7
ch2_ohr_ncp_20251010T1140338327_d_img_d18_x11520_y95360.png,0.2886,231.16,34.06,240.87,47.86
ch2_ohr_ncp_20251010T1140338327_d_img_d18_x11520_y95360.png,0.2746,351.91,564.17,360.64,576.1
ch2_ohr_ncp_20251010T1140338327_d_img_d18_x11520_y95360.png,0.2684,381.21,5.37,386.15,11.41
ch2_ohr_ncp_20251010T1140338327_d_img_d18_x11520_y95360.png,0.2671,407.45,9.11,413.34,18.76
ch2_ohr_ncp_20251010T1140338327_d_img_d18_x11520_y95360.png,0.2574,434.97,145.96,442.58,163.83
ch2_ohr_ncp_20251010T1140338327_d_img_d18_x11520_y95360.png,0.2556,144.5,196.5,153.52,210.96
ch2_ohr_ncp_20251010T1140338327_d_img_d18_x11520_y95360.png,0.2445,315.25,397.41,322.77,414.3
ch2_ohr_ncp_20251010T1140338327_d_img_d18_x11520_y95360.png,0.2414,136.06,255.11,143.92,267.11
ch2_ohr_ncp_20251010T1140338327_d_img_d18_x11520_y95360.png,0.2314,438.25,78.29,448.69,89.03
ch2_ohr_ncp_20251010T1140338327_d_img_d18_x11520_y95360.png,0.2299,447.91,378.71,453.66,388.3
ch2_ohr_ncp_20251010T1140338327_d_img_d18_x11520_y95360.png,0.2257,204.65,341.31,211.37,349.7
ch2_ohr_ncp_20251010T1140338327_d_img_d18_x11520_y95360.png,0.2235,274.18,481.97,283.08,496.22
ch2_ohr_ncp_20251010T1140338327_d_img_d18_x11520_y95360.png,0.222,106.66,390.61,116.72,410.89
ch2_ohr_ncp_20251010T1140338327_d_img_d18_x11520_y95360.png,0.2179,457.62,223.64,466.17,238.33
ch2_ohr_ncp_20251010T1140338327_d_img_d18_x11520_y95360.png,0.2068,440.78,123.74,446.17,129.26
ch2_ohr_ncp_20251010T1140338327_d_img_d18_x11520_y95360.png,0.2031,47.16,595.09,57.58,613.2
ch2_ohr_ncp_20251010T1140338327_d_img_d18_x11520_y96000.png,0.4943,454.73,493.03,464.48,515.31
ch2_ohr_ncp_20251010T1140338327_d_img_d18_x11520_y96000.png,0.4506,57.48,32.45,70.35,57.28
ch2_ohr_ncp_20251010T1140338327_d_img_d18_x11520_y96000.png,0.4316,87.39,3.27,94.94,15.72
ch2_ohr_ncp_20251010T1140338327_d_img_d18_x11520_y96000.png,0.4311,110.53,313.46,117.9,324.99
ch2_ohr_ncp_20251010T1140338327_d_img_d18_x11520_y96000.png,0.4309,32.13,468.66,40.85,481.18
ch2_ohr_ncp_20251010T1140338327_d_img_d18_x11520_y96000.png,0.3746,108.71,11.51,115.52,21.19
ch2_ohr_ncp_20251010T1140338327_d_img_d18_x11520_y96000.png,0.3598,258.72,538.59,266.58,550.51
ch2_ohr_ncp_20251010T1140338327_d_img_d18_x11520_y96000.png,0.353,26.89,369.61,33.44,380.69
ch2_ohr_ncp_20251010T1140338327_d_img_d18_x11520_y96000.png,0.3163,179.14,205.66,186.84,215.58
ch2_ohr_ncp_20251010T1140338327_d_img_d18_x11520_y96000.png,0.3084,2.28,145.03,7.95,153.75
ch2_ohr_ncp_20251010T1140338327_d_img_d18_x11520_y96000.png,0.2814,389.96,15.26,396.7,24.62
ch2_ohr_ncp_20251010T1140338327_d_img_d18_x11520_y96000.png,0.2669,124.51,227.78,138.07,251.56
ch2_ohr_ncp_20251010T1140338327_d_img_d18_x11520_y96000.png,0.261,186.05,427.85,192.99,439.79
ch2_ohr_ncp_20251010T1140338327_d_img_d18_x11520_y96000.png,0.2369,10.21,84.05,17.57,94.82
ch2_ohr_ncp_20251010T1140338327_d_img_d18_x11520_y96000.png,0.2325,204.48,311.89,216.64,334.7
ch2_ohr_ncp_20251010T1140338327_d_img_d18_x11520_y96000.png,0.2301,169.16,435.27,177.29,450.11
ch2_ohr_ncp_20251010T1140338327_d_img_d18_x11520_y96000.png,0.2205,158.47,526.18,166.41,540.05
ch2_ohr_ncp_20251010T1140338327_d_img_d18_x11520_y96000.png,0.2182,460.9,326.2,468.03,339.75
ch2_ohr_ncp_20251010T1140338327_d_img_d18_x11520_y96000.png,0.2141,156.61,505.07,163.29,512.97
ch2_ohr_ncp_20251010T1140338327_d_img_d18_x11520_y96000.png,0.2133,43.96,433.16,49.61,440.88
ch2_ohr_ncp_20251010T1140338327_d_img_d18_x11520_y96000.png,0.2085,291.81,602.1,297.43,609.3
ch2_ohr_ncp_20251010T1140338327_d_img_d18_x11520_y96000.png,0.2065,92.4,342.77,98.99,351.84
ch2_ohr_ncp_20251010T1140338327_d_img_d18_x11520_y96000.png,0.2018,204.21,248.57,213.41,262.63
ch2_ohr_ncp_20251010T1140338327_d_img_d18_x11520_y96000.png,0.2007,158.53,525.6,165.63,536.92
ch2_ohr_ncp_20251010T1140338327_d_img_d18_x11520_y96640.png,0.5707,385.04,310.1,398.29,327.54
ch2_ohr_ncp_20251010T1140338327_d_img_d18_x11520_y96640.png,0.567,403.82,144.63,417.64,169.53
ch2_ohr_ncp_20251010T1140338327_d_img_d18_x11520_y96640.png,0.5336,210.77,233.11,218.08,243.29
ch2_ohr_ncp_20251010T1140338327_d_img_d18_x11520_y96640.png,0.5147,346.58,506.62,353.83,516.18
ch2_ohr_ncp_20251010T1140338327_d_img_d18_x11520_y96640.png,0.5054,232.27,222.94,243.04,242.63
ch2_ohr_ncp_20251010T1140338327_d_img_d18_x11520_y96640.png,0.4868,438.84,185.06,452.66,209.98
ch2_ohr_ncp_20251010T1140338327_d_img_d18_x11520_y96640.png,0.486,4.84,174.86,17.41,200.36
ch2_ohr_ncp_20251010T1140338327_d_img_d18_x11520_y96640.png,0.4702,316.42,260.39,323.19,269.54
ch2_ohr_ncp_20251010T1140338327_d_img_d18_x11520_y96640.png,0.4591,17.72,87.8,25.57,106.43
ch2_ohr_ncp_20251010T1140338327_d_img_d18_x11520_y96640.png,0.4556,429.34,98.27,447.87,127.34
ch2_ohr_ncp_20251010T1140338327_d_img_d18_x11520_y96640.png,0.4527,17.39,85.89,26.82,108.5
ch2_ohr_ncp_20251010T1140338327_d_img_d18_x11520_y96640.png,0.4372,91.15,410.97,97.77,420.98
ch2_ohr_ncp_20251010T1140338327_d_img_d18_x11520_y96640.png,0.4326,288.05,380.13,298.34,401.28
ch2_ohr_ncp_20251010T1140338327_d_img_d18_x11520_y96640.png,0.4178,451.89,81.55,458.5,90.14
ch2_ohr_ncp_20251010T1140338327_d_img_d18_x11520_y96640.png,0.415,343.75,359.06,354.37,372.92
ch2_ohr_ncp_20251010T1140338327_d_img_d18_x11520_y96640.png,0.4085,218.81,395.96,227.57,408.05
ch2_ohr_ncp_20251010T1140338327_d_img_d18_x11520_y96640.png,0.3871,407.32,131.11,414.18,140.42
ch2_ohr_ncp_20251010T1140338327_d_img_d18_x11520_y96640.png,0.3858,446.17,144.61,458.73,166.95
ch2_ohr_ncp_20251010T1140338327_d_img_d18_x11520_y96640.png,0.3851,404.73,372.19,410.61,379.41
ch2_ohr_ncp_20251010T1140338327_d_img_d18_x11520_y96640.png,0.3798,383.09,74.11,391.98,88.46
ch2_ohr_ncp_20251010T1140338327_d_img_d18_x11520_y96640.png,0.3722,36.05,582.02,48.1,613.71
ch2_ohr_ncp_20251010T1140338327_d_img_d18_x11520_y96640.png,0.3523,451.68,98.66,460.14,109.13
ch2_ohr_ncp_20251010T1140338327_d_img_d18_x11520_y96640.png,0.3478,459.48,119.4,465.85,128.16
ch2_ohr_ncp_20251010T1140338327_d_img_d18_x11520_y96640.png,0.3472,284.97,117.75,293.43,130.07
ch2_ohr_ncp_20251010T1140338327_d_img_d18_x11520_y96640.png,0.3428,418.93,302.71,427.28,315.74
ch2_ohr_ncp_20251010T1140338327_d_img_d18_x11520_y96640.png,0.3387,334.61,568.84,342.52,579.72
ch2_ohr_ncp_20251010T1140338327_d_img_d18_x11520_y96640.png,0.3377,278.49,140.05,285.23,150.7
ch2_ohr_ncp_20251010T1140338327_d_img_d18_x11520_y96640.png,0.3371,460.13,120.12,466.64,128.76
ch2_ohr_ncp_20251010T1140338327_d_img_d18_x11520_y96640.png,0.3361,244.47,140.14,251.21,150.27
ch2_ohr_ncp_20251010T1140338327_d_img_d18_x11520_y96640.png,0.3322,364.01,399.28,376.94,421.4
ch2_ohr_ncp_20251010T1140338327_d_img_d18_x11520_y96640.png,0.331,316.79,224.05,345.44,267.64
ch2_ohr_ncp_20251010T1140338327_d_img_d18_x11520_y96640.png,0.3294,51.17,227.16,57.76,237.05
ch2_ohr_ncp_20251010T1140338327_d_img_d18_x11520_y96640.png,0.3228,180.9,612.11,196.88,634.79
ch2_ohr_ncp_20251010T1140338327_d_img_d18_x11520_y96640.png,0.3176,292.84,168.66,301.65,183.03
ch2_ohr_ncp_20251010T1140338327_d_img_d18_x11520_y96640.png,0.3143,251.94,401.05,259.87,412.43
ch2_ohr_ncp_20251010T1140338327_d_img_d18_x11520_y96640.png,0.3141,249.21,624.72,256.94,636.16
ch2_ohr_ncp_20251010T1140338327_d_img_d18_x11520_y96640.png,0.31,195.69,268.47,202.3,277.42
ch2_ohr_ncp_20251010T1140338327_d_img_d18_x11520_y96640.png,0.3051,253.69,401.14,260.51,412.05
ch2_ohr_ncp_20251010T1140338327_d_img_d18_x11520_y96640.png,0.2974,264.59,135.64,274.3,150.38
ch2_ohr_ncp_20251010T1140338327_d_img_d18_x11520_y96640.png,0.2925,103.06,18.99,110.72,30.47
ch2_ohr_ncp_20251010T1140338327_d_img_d18_x11520_y96640.png,0.2875,292.18,403.73,308.55,429.74
ch2_ohr_ncp_20251010T1140338327_d_img_d18_x11520_y96640.png,0.2841,114.15,8.65,119.72,16.15
ch2_ohr_ncp_20251010T1140338327_d_img_d18_x11520_y96640.png,0.2827,366.63,465.69,378.45,484.53
ch2_ohr_ncp_20251010T1140338327_d_img_d18_x11520_y96640.png,0.2613,310.21,276.88,315.78,283.69
ch2_ohr_ncp_20251010T1140338327_d_img_d18_x11520_y96640.png,0.26,419.85,387.87,425.87,394.86
ch2_ohr_ncp_20251010T1140338327_d_img_d18_x11520_y96640.png,0.2596,405.09,236.83,413.8,254.9
ch2_ohr_ncp_20251010T1140338327_d_img_d18_x11520_y96640.png,0.2592,382.64,305.7,398.45,328.55
ch2_ohr_ncp_20251010T1140338327_d_img_d18_x11520_y96640.png,0.2464,295.51,608.15,304.16,622.66
ch2_ohr_ncp_20251010T1140338327_d_img_d18_x11520_y96640.png,0.242,103.4,631.78,111.08,639.42
ch2_ohr_ncp_20251010T1140338327_d_img_d18_x11520_y96640.png,0.2385,331.46,532.15,337.95,540.73
ch2_ohr_ncp_20251010T1140338327_d_img_d18_x11520_y96640.png,0.2314,77.44,112.1,84.17,122.2
ch2_ohr_ncp_20251010T1140338327_d_img_d18_x11520_y96640.png,0.2294,55.38,54.84,66.4,64.58
ch2_ohr_ncp_20251010T1140338327_d_img_d18_x11520_y96640.png,0.2286,0.0,274.17,6.35,285.82
ch2_ohr_ncp_20251010T1140338327_d_img_d18_x11520_y96640.png,0.2285,197.56,424.87,203.28,431.28
ch2_ohr_ncp_20251010T1140338327_d_img_d18_x11520_y96640.png,0.2267,463.07,278.46,472.85,298.29
ch2_ohr_ncp_20251010T1140338327_d_img_d18_x11520_y96640.png,0.2215,77.21,462.26,83.05,469.28
ch2_ohr_ncp_20251010T1140338327_d_img_d18_x11520_y96640.png,0.2205,447.86,535.48,454.46,543.92
ch2_ohr_ncp_20251010T1140338327_d_img_d18_x11520_y96640.png,0.2191,241.92,595.04,248.18,603.59
ch2_ohr_ncp_20251010T1140338327_d_img_d18_x11520_y96640.png,0.2169,386.29,471.59,395.09,480.71
ch2_ohr_ncp_20251010T1140338327_d_img_d18_x11520_y96640.png,0.2168,204.18,34.85,211.66,47.26
ch2_ohr_ncp_20251010T1140338327_d_img_d18_x11520_y96640.png,0.2167,307.75,494.22,320.85,515.8
ch2_ohr_ncp_20251010T1140338327_d_img_d18_x11520_y96640.png,0.216,359.93,582.65,369.6,600.97
ch2_ohr_ncp_20251010T1140338327_d_img_d18_x11520_y97280.png,0.5641,249.62,392.81,268.71,429.85
ch2_ohr_ncp_20251010T1140338327_d_img_d18_x11520_y97280.png,0.4058,414.75,55.45,424.07,66.69
ch2_ohr_ncp_20251010T1140338327_d_img_d18_x11520_y97280.png,0.3978,41.51,106.12,48.86,119.54
ch2_ohr_ncp_20251010T1140338327_d_img_d18_x11520_y97280.png,0.393,460.24,350.9,469.41,365.25
ch2_ohr_ncp_20251010T1140338327_d_img_d18_x11520_y97280.png,0.3741,91.75,102.27,98.56,112.5
ch2_ohr_ncp_20251010T1140338327_d_img_d18_x11520_y97280.png,0.3612,381.25,296.04,388.85,310.07
ch2_ohr_ncp_20251010T1140338327_d_img_d18_x11520_y97280.png,0.3505,300.12,200.32,317.38,235.25
ch2_ohr_ncp_20251010T1140338327_d_img_d18_x11520_y97280.png,0.3093,350.92,120.16,360.51,135.53
ch2_ohr_ncp_20251010T1140338327_d_img_d18_x11520_y97280.png,0.3052,418.38,270.93,428.01,288.74
ch2_ohr_ncp_20251010T1140338327_d_img_d18_x11520_y97280.png,0.3011,220.7,426.85,227.26,434.75
ch2_ohr_ncp_20251010T1140338327_d_img_d18_x11520_y97280.png,0.2772,433.39,170.28,438.96,178.21
ch2_ohr_ncp_20251010T1140338327_d_img_d18_x11520_y97280.png,0.2765,290.67,154.73,297.36,163.37
ch2_ohr_ncp_20251010T1140338327_d_img_d18_x11520_y97280.png,0.2676,412.24,605.76,427.91,626.48
ch2_ohr_ncp_20251010T1140338327_d_img_d18_x11520_y97280.png,0.2667,219.35,427.02,227.15,435.99
ch2_ohr_ncp_20251010T1140338327_d_img_d18_x11520_y97280.png,0.256,326.76,355.64,333.35,365.18
ch2_ohr_ncp_20251010T1140338327_d_img_d18_x11520_y97280.png,0.2549,198.72,322.91,210.37,336.82
ch2_ohr_ncp_20251010T1140338327_d_img_d18_x11520_y97280.png,0.2544,160.02,421.73,168.06,431.55
ch2_ohr_ncp_20251010T1140338327_d_img_d18_x11520_y97280.png,0.2529,329.68,344.07,335.41,351.2
ch2_ohr_ncp_20251010T1140338327_d_img_d18_x11520_y97280.png,0.2453,291.42,155.46,298.1,164.07
ch2_ohr_ncp_20251010T1140338327_d_img_d18_x11520_y97280.png,0.2439,203.13,281.41,210.26,290.62
ch2_ohr_ncp_20251010T1140338327_d_img_d18_x11520_y97280.png,0.237,134.96,394.43,145.72,411.51
ch2_ohr_ncp_20251010T1140338327_d_img_d18_x11520_y97280.png,0.235,300.92,200.02,318.36,225.15
ch2_ohr_ncp_20251010T1140338327_d_img_d18_x11520_y97280.png,0.2307,45.01,488.01,55.29,503.45
ch2_ohr_ncp_20251010T1140338327_d_img_d18_x11520_y97280.png,0.2289,145.28,451.69,153.62,461.82
ch2_ohr_ncp_20251010T1140338327_d_img_d18_x11520_y97280.png,0.219,199.87,426.9,209.02,442.86
ch2_ohr_ncp_20251010T1140338327_d_img_d18_x11520_y97280.png,0.2136,119.63,479.62,126.66,489.6
ch2_ohr_ncp_20251010T1140338327_d_img_d18_x11520_y97280.png,0.2132,191.16,61.48,197.71,71.55
ch2_ohr_ncp_20251010T1140338327_d_img_d18_x11520_y97280.png,0.2054,76.35,222.12,83.27,233.7
ch2_ohr_ncp_20251010T1140338327_d_img_d18_x11520_y97920.png,0.6062,14.59,398.84,27.11,423.57
ch2_ohr_ncp_20251010T1140338327_d_img_d18_x11520_y97920.png,0.4437,131.84,174.83,138.35,183.25
ch2_ohr_ncp_20251010T1140338327_d_img_d18_x11520_y97920.png,0.443,236.57,586.42,242.54,595.5
ch2_ohr_ncp_20251010T1140338327_d_img_d18_x11520_y97920.png,0.4418,460.62,351.38,467.38,359.95
ch2_ohr_ncp_20251010T1140338327_d_img_d18_x11520_y97920.png,0.4376,105.56,455.4,114.62,472.47
ch2_ohr_ncp_20251010T1140338327_d_img_d18_x11520_y97920.png,0.4338,171.98,454.37,178.33,465.22
ch2_ohr_ncp_20251010T1140338327_d_img_d18_x11520_y97920.png,0.4227,117.77,629.33,129.05,639.78
ch2_ohr_ncp_20251010T1140338327_d_img_d18_x11520_y97920.png,0.4198,137.25,424.29,146.33,438.46
ch2_ohr_ncp_20251010T1140338327_d_img_d18_x11520_y97920.png,0.4075,390.76,93.02,399.63,105.11
ch2_ohr_ncp_20251010T1140338327_d_img_d18_x11520_y97920.png,0.3807,304.81,441.92,311.91,452.1
ch2_ohr_ncp_20251010T1140338327_d_img_d18_x11520_y97920.png,0.3803,228.61,483.06,238.41,499.09
ch2_ohr_ncp_20251010T1140338327_d_img_d18_x11520_y97920.png,0.3666,186.06,435.36,197.93,463.08
ch2_ohr_ncp_20251010T1140338327_d_img_d18_x11520_y97920.png,0.3618,221.15,175.89,227.6,185.13
ch2_ohr_ncp_20251010T1140338327_d_img_d18_x11520_y97920.png,0.3535,155.22,498.52,162.51,508.9
ch2_ohr_ncp_20251010T1140338327_d_img_d18_x11520_y97920.png,0.3404,82.77,137.19,89.12,147.25
ch2_ohr_ncp_20251010T1140338327_d_img_d18_x11520_y97920.png,0.3296,293.97,326.06,302.15,336.56
ch2_ohr_ncp_20251010T1140338327_d_img_d18_x11520_y97920.png,0.3282,344.87,473.43,352.63,487.42
ch2_ohr_ncp_20251010T1140338327_d_img_d18_x11520_y97920.png,0.3097,113.9,385.58,119.53,393.51
ch2_ohr_ncp_20251010T1140338327_d_img_d18_x11520_y97920.png,0.3068,13.78,493.99,30.46,522.42
ch2_ohr_ncp_20251010T1140338327_d_img_d18_x11520_y97920.png,0.3009,442.07,523.78,454.52,546.22
ch2_ohr_ncp_20251010T1140338327_d_img_d18_x11520_y97920.png,0.299,147.71,84.87,155.29,95.52
ch2_ohr_ncp_20251010T1140338327_d_img_d18_x11520_y97920.png,0.2893,374.6,400.9,386.51,419.55
ch2_ohr_ncp_20251010T1140338327_d_img_d18_x11520_y97920.png,0.2877,50.5,613.51,57.82,623.59
ch2_ohr_ncp_20251010T1140338327_d_img_d18_x11520_y97920.png,0.2863,357.08,555.99,363.48,565.92
ch2_ohr_ncp_20251010T1140338327_d_img_d18_x11520_y97920.png,0.2844,391.26,261.09,400.74,280.48
ch2_ohr_ncp_20251010T1140338327_d_img_d18_x11520_y97920.png,0.2835,207.2,523.66,219.12,538.28
ch2_ohr_ncp_20251010T1140338327_d_img_d18_x11520_y97920.png,0.2489,168.82,388.79,204.93,457.97
ch2_ohr_ncp_20251010T1140338327_d_img_d18_x11520_y97920.png,0.2447,52.41,468.61,57.7,476.48
ch2_ohr_ncp_20251010T1140338327_d_img_d18_x11520_y97920.png,0.2413,98.5,360.21,105.5,370.23
ch2_ohr_ncp_20251010T1140338327_d_img_d18_x11520_y97920.png,0.2379,449.89,444.59,455.66,452.53
ch2_ohr_ncp_20251010T1140338327_d_img_d18_x11520_y97920.png,0.2372,410.87,418.34,426.21,437.86
ch2_ohr_ncp_20251010T1140338327_d_img_d18_x11520_y97920.png,0.2339,261.7,580.33,267.84,587.97
ch2_ohr_ncp_20251010T1140338327_d_img_d18_x11520_y97920.png,0.2316,37.91,55.62,44.79,65.16
ch2_ohr_ncp_20251010T1140338327_d_img_d18_x11520_y97920.png,0.2273,125.22,520.5,136.82,538.96
ch2_ohr_ncp_20251010T1140338327_d_img_d18_x11520_y97920.png,0.2208,388.59,408.13,399.99,425.58
ch2_ohr_ncp_20251010T1140338327_d_img_d18_x11520_y97920.png,0.2171,287.98,118.29,295.72,129.63
ch2_ohr_ncp_20251010T1140338327_d_img_d18_x11520_y97920.png,0.2135,367.0,1.37,376.5,18.35
ch2_ohr_ncp_20251010T1140338327_d_img_d18_x11520_y97920.png,0.2093,337.15,576.37,342.53,583.86
ch2_ohr_ncp_20251010T1140338327_d_img_d18_x11520_y97920.png,0.209,169.28,281.13,174.99,287.54
ch2_ohr_ncp_20251010T1140338327_d_img_d18_x11520_y97920.png,0.2085,391.21,90.44,398.88,104.11
ch2_ohr_ncp_20251010T1140338327_d_img_d18_x11520_y97920.png,0.2078,395.41,32.89,401.67,41.5
ch2_ohr_ncp_20251010T1140338327_d_img_d18_x11520_y97920.png,0.2036,33.74,622.54,38.97,628.61
ch2_ohr_ncp_20251010T1140338327_d_img_d18_x11520_y97920.png,0.2024,389.49,409.16,402.15,426.7
ch2_ohr_ncp_20251010T1140338327_d_img_d18_x11520_y97920.png,0.2018,437.2,65.1,442.36,71.26
ch2_ohr_ncp_20251010T1140338327_d_img_d18_x11520_y97920.png,0.2015,234.06,524.01,239.67,530.79
ch2_ohr_ncp_20251010T1140338327_d_img_d18_x11520_y98560.png,0.5553,11.36,201.39,18.31,212.48
ch2_ohr_ncp_20251010T1140338327_d_img_d18_x11520_y98560.png,0.5545,148.64,290.88,155.35,301.26
ch2_ohr_ncp_20251010T1140338327_d_img_d18_x11520_y98560.png,0.5158,209.85,68.16,218.19,82.8
ch2_ohr_ncp_20251010T1140338327_d_img_d18_x11520_y98560.png,0.4988,114.86,153.47,121.68,165.72
ch2_ohr_ncp_20251010T1140338327_d_img_d18_x11520_y98560.png,0.4892,318.94,358.81,330.34,375.43
ch2_ohr_ncp_20251010T1140338327_d_img_d18_x11520_y98560.png,0.4812,15.12,417.3,26.21,437.71
ch2_ohr_ncp_20251010T1140338327_d_img_d18_x11520_y98560.png,0.4801,319.1,420.29,326.41,433.5
ch2_ohr_ncp_20251010T1140338327_d_img_d18_x11520_y98560.png,0.4767,51.59,514.81,58.23,525.4
ch2_ohr_ncp_20251010T1140338327_d_img_d18_x11520_y98560.png,0.4709,50.26,283.93,56.66,293.61
ch2_ohr_ncp_20251010T1140338327_d_img_d18_x11520_y98560.png,0.4698,292.67,584.93,299.24,595.05
ch2_ohr_ncp_20251010T1140338327_d_img_d18_x11520_y98560.png,0.4679,408.19,462.65,417.99,481.64
ch2_ohr_ncp_20251010T1140338327_d_img_d18_x11520_y98560.png,0.4567,192.93,589.42,211.91,621.09
ch2_ohr_ncp_20251010T1140338327_d_img_d18_x11520_y98560.png,0.4454,345.93,103.98,354.11,118.78
ch2_ohr_ncp_20251010T1140338327_d_img_d18_x11520_y98560.png,0.4365,300.02,468.05,307.51,482.78
ch2_ohr_ncp_20251010T1140338327_d_img_d18_x11520_y98560.png,0.4196,383.04,568.21,391.11,581.56
ch2_ohr_ncp_20251010T1140338327_d_img_d18_x11520_y98560.png,0.419,195.83,402.44,203.53,414.08
ch2_ohr_ncp_20251010T1140338327_d_img_d18_x11520_y98560.png,0.3958,250.01,533.16,258.72,545.42
ch2_ohr_ncp_20251010T1140338327_d_img_d18_x11520_y98560.png,0.3816,177.7,467.9,185.51,477.18
ch2_ohr_ncp_20251010T1140338327_d_img_d18_x11520_y98560.png,0.374,81.04,402.73,88.61,413.23
ch2_ohr_ncp_20251010T1140338327_d_img_d18_x11520_y98560.png,0.3729,85.79,301.47,98.56,315.46
ch2_ohr_ncp_20251010T1140338327_d_img_d18_x11520_y98560.png,0.3692,216.2,350.6,224.64,363.85
ch2_ohr_ncp_20251010T1140338327_d_img_d18_x11520_y98560.png,0.3652,351.34,583.25,358.48,591.76
ch2_ohr_ncp_20251010T1140338327_d_img_d18_x11520_y98560.png,0.3516,379.83,631.46,386.57,639.18
ch2_ohr_ncp_20251010T1140338327_d_img_d18_x11520_y98560.png,0.3515,135.75,557.0,151.45,590.41
ch2_ohr_ncp_20251010T1140338327_d_img_d18_x11520_y98560.png,0.3443,34.37,395.18,39.62,402.86
ch2_ohr_ncp_20251010T1140338327_d_img_d18_x11520_y98560.png,0.336,200.08,461.04,204.62,467.44
ch2_ohr_ncp_20251010T1140338327_d_img_d18_x11520_y98560.png,0.335,378.57,544.42,385.28,554.19
ch2_ohr_ncp_20251010T1140338327_d_img_d18_x11520_y98560.png,0.332,132.33,275.66,139.81,284.73
ch2_ohr_ncp_20251010T1140338327_d_img_d18_x11520_y98560.png,0.3214,7.35,589.34,15.69,604.43
ch2_ohr_ncp_20251010T1140338327_d_img_d18_x11520_y98560.png,0.3171,447.0,325.89,453.27,334.66
ch2_ohr_ncp_20251010T1140338327_d_img_d18_x11520_y98560.png,0.3125,77.14,312.1,84.32,321.02
ch2_ohr_ncp_20251010T1140338327_d_img_d18_x11520_y98560.png,0.3085,306.42,415.65,315.12,435.68
ch2_ohr_ncp_20251010T1140338327_d_img_d18_x11520_y98560.png,0.3008,70.2,291.68,76.77,299.32
ch2_ohr_ncp_20251010T1140338327_d_img_d18_x11520_y98560.png,0.2939,291.77,484.98,297.31,493.0
ch2_ohr_ncp_20251010T1140338327_d_img_d18_x11520_y98560.png,0.2924,135.48,464.9,145.99,483.64
ch2_ohr_ncp_20251010T1140338327_d_img_d18_x11520_y98560.png,0.2887,71.51,74.0,77.08,81.5
ch2_ohr_ncp_20251010T1140338327_d_img_d18_x11520_y98560.png,0.2873,439.97,95.27,450.13,114.39
ch2_ohr_ncp_20251010T1140338327_d_img_d18_x11520_y98560.png,0.283,442.75,432.41,448.28,439.19
ch2_ohr_ncp_20251010T1140338327_d_img_d18_x11520_y98560.png,0.2694,137.96,240.33,146.38,252.39
ch2_ohr_ncp_20251010T1140338327_d_img_d18_x11520_y98560.png,0.2693,71.22,632.49,83.05,640.0
ch2_ohr_ncp_20251010T1140338327_d_img_d18_x11520_y98560.png,0.2683,191.61,576.24,198.35,585.54
ch2_ohr_ncp_20251010T1140338327_d_img_d18_x11520_y98560.png,0.2642,255.23,76.77,262.32,85.99
ch2_ohr_ncp_20251010T1140338327_d_img_d18_x11520_y98560.png,0.259,210.46,71.33,217.54,83.52
ch2_ohr_ncp_20251010T1140338327_d_img_d18_x11520_y98560.png,0.2511,374.43,336.35,380.39,345.07
ch2_ohr_ncp_20251010T1140338327_d_img_d18_x11520_y98560.png,0.2478,30.56,248.71,37.41,257.65
ch2_ohr_ncp_20251010T1140338327_d_img_d18_x11520_y98560.png,0.2477,86.39,82.18,96.07,96.37
ch2_ohr_ncp_20251010T1140338327_d_img_d18_x11520_y98560.png,0.2412,441.46,450.3,448.54,460.38
ch2_ohr_ncp_20251010T1140338327_d_img_d18_x11520_y98560.png,0.2382,442.68,77.18,449.03,85.43
ch2_ohr_ncp_20251010T1140338327_d_img_d18_x11520_y98560.png,0.2375,217.74,451.42,224.41,460.03
ch2_ohr_ncp_20251010T1140338327_d_img_d18_x11520_y98560.png,0.2316,75.87,388.62,82.14,396.74
ch2_ohr_ncp_20251010T1140338327_d_img_d18_x11520_y98560.png,0.2294,222.53,564.52,226.97,570.88
ch2_ohr_ncp_20251010T1140338327_d_img_d18_x11520_y98560.png,0.2282,199.52,461.38,204.86,468.68
ch2_ohr_ncp_20251010T1140338327_d_img_d18_x11520_y98560.png,0.2263,109.31,552.32,115.14,559.97
ch2_ohr_ncp_20251010T1140338327_d_img_d18_x11520_y98560.png,0.2233,453.35,290.27,467.03,307.86
ch2_ohr_ncp_20251010T1140338327_d_img_d18_x11520_y98560.png,0.217,312.17,498.87,320.06,508.18
ch2_ohr_ncp_20251010T1140338327_d_img_d18_x11520_y98560.png,0.2164,251.91,497.14,259.73,507.94
ch2_ohr_ncp_20251010T1140338327_d_img_d18_x11520_y98560.png,0.2151,166.89,447.56,179.49,461.76
ch2_ohr_ncp_20251010T1140338327_d_img_d18_x11520_y98560.png,0.209,75.8,312.7,82.4,320.6
ch2_ohr_ncp_20251010T1140338327_d_img_d18_x11520_y98560.png,0.209,194.82,588.03,214.07,611.44
ch2_ohr_ncp_20251010T1140338327_d_img_d18_x11520_y98560.png,0.2087,349.3,569.04,354.52,575.72
ch2_ohr_ncp_20251010T1140338327_d_img_d18_x11520_y98560.png,0.2078,37.86,359.16,44.99,367.34
ch2_ohr_ncp_20251010T1140338327_d_img_d18_x11520_y98560.png,0.2074,372.57,621.43,377.77,627.64
ch2_ohr_ncp_20251010T1140338327_d_img_d18_x11520_y98560.png,0.2019,29.52,351.82,36.01,360.96
ch2_ohr_ncp_20251010T1140338327_d_img_d18_x11520_y98560.png,0.2014,177.71,83.9,182.57,91.01
ch2_ohr_ncp_20251010T1140338327_d_img_d18_x11520_y99200.png,0.5217,147.95,334.91,161.16,353.69
ch2_ohr_ncp_20251010T1140338327_d_img_d18_x11520_y99200.png,0.5006,74.1,204.85,85.98,230.32
ch2_ohr_ncp_20251010T1140338327_d_img_d18_x11520_y99200.png,0.4971,209.17,328.17,218.05,344.18
ch2_ohr_ncp_20251010T1140338327_d_img_d18_x11520_y99200.png,0.3917,204.37,188.31,213.83,205.96
ch2_ohr_ncp_20251010T1140338327_d_img_d18_x11520_y99200.png,0.3757,340.66,301.56,345.56,307.58
ch2_ohr_ncp_20251010T1140338327_d_img_d18_x11520_y99200.png,0.3607,390.58,598.66,407.82,629.52
ch2_ohr_ncp_20251010T1140338327_d_img_d18_x11520_y99200.png,0.3456,355.15,314.25,360.96,321.03
ch2_ohr_ncp_20251010T1140338327_d_img_d18_x11520_y99200.png,0.3223,326.01,524.67,334.76,538.42
ch2_ohr_ncp_20251010T1140338327_d_img_d18_x11520_y99200.png,0.3117,162.51,124.4,170.05,134.86
ch2_ohr_ncp_20251010T1140338327_d_img_d18_x11520_y99200.png,0.309,283.2,513.21,289.95,523.27
ch2_ohr_ncp_20251010T1140338327_d_img_d18_x11520_y99200.png,0.3026,34.14,89.42,42.31,105.38
ch2_ohr_ncp_20251010T1140338327_d_img_d18_x11520_y99200.png,0.2897,442.2,400.51,449.42,410.16
ch2_ohr_ncp_20251010T1140338327_d_img_d18_x11520_y99200.png,0.2824,37.78,272.55,45.67,284.4
ch2_ohr_ncp_20251010T1140338327_d_img_d18_x11520_y99200.png,0.2794,154.65,461.31,160.11,468.32
ch2_ohr_ncp_20251010T1140338327_d_img_d18_x11520_y99200.png,0.2761,186.67,133.46,193.75,143.56
ch2_ohr_ncp_20251010T1140338327_d_img_d18_x11520_y99200.png,0.2743,460.44,296.58,468.63,311.12
ch2_ohr_ncp_20251010T1140338327_d_img_d18_x11520_y99200.png,0.2571,178.35,149.24,185.57,158.3
ch2_ohr_ncp_20251010T1140338327_d_img_d18_x11520_y99200.png,0.2456,458.64,505.38,464.85,513.24
ch2_ohr_ncp_20251010T1140338327_d_img_d18_x11520_y99200.png,0.2438,181.52,612.4,186.9,619.14
ch2_ohr_ncp_20251010T1140338327_d_img_d18_x11520_y99200.png,0.2358,394.98,380.74,400.23,387.08
ch2_ohr_ncp_20251010T1140338327_d_img_d18_x11520_y99200.png,0.2107,305.95,532.64,311.25,539.88
ch2_ohr_ncp_20251010T1140338327_d_img_d18_x11520_y99200.png,0.2077,20.59,596.77,27.61,605.77
ch2_ohr_ncp_20251010T1140338327_d_img_d18_x11520_y99200.png,0.2073,433.45,108.95,448.45,136.0
ch2_ohr_ncp_20251010T1140338327_d_img_d18_x11520_y99200.png,0.2054,348.04,521.37,354.92,531.85
ch2_ohr_ncp_20251010T1140338327_d_img_d18_x11520_y99840.png,0.5018,127.31,305.53,136.41,323.07
ch2_ohr_ncp_20251010T1140338327_d_img_d18_x11520_y99840.png,0.4987,349.96,291.96,359.58,311.16
ch2_ohr_ncp_20251010T1140338327_d_img_d18_x11520_y99840.png,0.4063,10.6,207.56,18.57,221.13
ch2_ohr_ncp_20251010T1140338327_d_img_d18_x11520_y99840.png,0.3999,461.65,0.0,478.7,26.57
ch2_ohr_ncp_20251010T1140338327_d_img_d18_x11520_y99840.png,0.397,306.38,217.5,313.34,229.16
ch2_ohr_ncp_20251010T1140338327_d_img_d18_x11520_y99840.png,0.3873,128.75,197.1,136.71,208.72
ch2_ohr_ncp_20251010T1140338327_d_img_d18_x11520_y99840.png,0.3843,28.76,538.64,36.01,549.44
ch2_ohr_ncp_20251010T1140338327_d_img_d18_x11520_y99840.png,0.3795,338.72,268.61,345.73,281.7
ch2_ohr_ncp_20251010T1140338327_d_img_d18_x11520_y99840.png,0.3401,343.43,134.09,353.45,148.11
ch2_ohr_ncp_20251010T1140338327_d_img_d18_x11520_y99840.png,0.3328,107.38,236.15,113.74,244.85
ch2_ohr_ncp_20251010T1140338327_d_img_d18_x11520_y99840.png,0.3213,253.41,104.6,264.97,122.49
ch2_ohr_ncp_20251010T1140338327_d_img_d18_x11520_y99840.png,0.3202,374.82,473.42,384.8,492.02
ch2_ohr_ncp_20251010T1140338327_d_img_d18_x11520_y99840.png,0.3191,179.25,390.11,186.15,403.57
ch2_ohr_ncp_20251010T1140338327_d_img_d18_x11520_y99840.png,0.319,215.88,114.38,228.95,134.05
ch2_ohr_ncp_20251010T1140338327_d_img_d18_x11520_y99840.png,0.3132,332.94,150.23,345.85,171.09
ch2_ohr_ncp_20251010T1140338327_d_img_d18_x11520_y99840.png,0.3092,437.76,360.1,443.38,366.82
ch2_ohr_ncp_20251010T1140338327_d_img_d18_x11520_y99840.png,0.291,233.2,102.55,241.47,116.59
ch2_ohr_ncp_20251010T1140338327_d_img_d18_x11520_y99840.png,0.2806,317.07,299.99,325.04,312.18
ch2_ohr_ncp_20251010T1140338327_d_img_d18_x11520_y99840.png,0.2777,288.43,400.48,298.42,416.14
ch2_ohr_ncp_20251010T1140338327_d_img_d18_x11520_y99840.png,0.271,438.62,397.72,444.52,404.83
ch2_ohr_ncp_20251010T1140338327_d_img_d18_x11520_y99840.png,0.2612,359.79,7.39,367.34,16.37
ch2_ohr_ncp_20251010T1140338327_d_img_d18_x11520_y99840.png,0.2433,125.39,370.48,135.54,380.53
ch2_ohr_ncp_20251010T1140338327_d_img_d18_x11520_y99840.png,0.2329,329.21,627.73,335.52,638.32
ch2_ohr_ncp_20251010T1140338327_d_img_d18_x11520_y99840.png,0.2286,214.06,620.78,221.12,630.75
ch2_ohr_ncp_20251010T1140338327_d_img_d18_x11520_y99840.png,0.2128,414.4,439.84,427.57,461.19
ch2_ohr_ncp_20251010T1140338327_d_img_d18_x11520_y99840.png,0.2122,22.15,168.8,28.29,175.95
ch2_ohr_ncp_20251010T1140338327_d_img_d18_x11520_y99840.png,0.2074,196.27,630.23,203.17,638.46
ch2_ohr_ncp_20251010T1140338327_d_img_d18_x11520_y99840.png,0.2019,275.69,510.76,282.26,520.74
ch2_ohr_ncp_20251105T0849435342_d_img_d18_x05120_y73600.png,0.3039,490.18,57.69,504.33,70.13
ch2_ohr_ncp_20251105T0849435342_d_img_d18_x05120_y73600.png,0.2964,298.29,352.02,306.25,359.81
ch2_ohr_ncp_20251105T0849435342_d_img_d18_x05120_y77440.png,0.2021,19.4,44.88,25.67,54.28
ch2_ohr_ncp_20251105T0849435342_d_img_d18_x05120_y81280.png,0.3007,619.38,91.82,626.59,101.23
ch2_ohr_ncp_20251105T0849435342_d_img_d18_x06400_y72960.png,0.2121,3.92,614.06,26.08,639.09
ch2_ohr_ncp_20251105T0849435342_d_img_d18_x07040_y70400.png,0.2546,189.24,43.25,202.31,58.36
ch2_ohr_ncp_20251105T0849435342_d_img_d18_x07040_y72960.png,0.2833,546.19,152.91,579.41,207.0
ch2_ohr_ncp_20251105T0849435342_d_img_d18_x07680_y73600.png,0.2206,621.85,617.89,634.71,630.65
ch2_ohr_ncp_20251105T0849435342_d_img_d18_x07680_y74240.png,0.2128,284.02,363.65,290.77,373.57
ch2_ohr_ncp_20251105T0849435342_d_img_d18_x07680_y74880.png,0.2023,490.65,44.23,496.95,53.3
ch2_ohr_ncp_20251105T0849435342_d_img_d18_x07680_y76160.png,0.2035,303.25,97.29,310.24,108.06
ch2_ohr_ncp_20251105T0849435342_d_img_d18_x08320_y72960.png,0.2023,16.5,267.56,24.77,277.31
ch2_ohr_ncp_20251105T0849435342_d_img_d18_x08320_y76160.png,0.2054,425.45,294.49,433.56,303.61
ch2_ohr_ncp_20251105T0849435342_d_img_d18_x08320_y77440.png,0.2506,285.94,627.71,295.86,639.01
ch2_ohr_ncp_20251105T0849435342_d_img_d18_x08320_y80640.png,0.2483,511.32,631.04,520.16,639.47
ch2_ohr_ncp_20251105T0849435342_d_img_d18_x08960_y73600.png,0.2452,86.83,71.25,101.37,88.46
ch2_ohr_ncp_20251105T0849435342_d_img_d18_x08960_y73600.png,0.2241,618.95,11.02,627.87,21.64
ch2_ohr_ncp_20251105T0849435342_d_img_d18_x08960_y74880.png,0.3257,95.39,12.17,103.3,22.66
ch2_ohr_ncp_20251105T0849435342_d_img_d18_x08960_y74880.png,0.3093,206.66,144.94,218.81,155.69
ch2_ohr_ncp_20251105T0849435342_d_img_d18_x09600_y60800.png,0.3476,480.34,10.55,490.05,22.23
ch2_ohr_ncp_20251105T0849435342_d_img_d18_x09600_y60800.png,0.232,236.26,428.43,243.2,436.95
ch2_ohr_ncp_20251105T0849435342_d_img_d18_x09600_y60800.png,0.2023,467.42,429.71,475.52,439.66
ch2_ohr_ncp_20251105T0849435342_d_img_d18_x09600_y60800.png,0.2002,395.59,111.98,407.46,127.46
ch2_ohr_ncp_20251105T0849435342_d_img_d18_x09600_y61440.png,0.2314,482.39,44.47,489.4,53.08
ch2_ohr_ncp_20251105T0849435342_d_img_d18_x09600_y61440.png,0.2044,202.43,628.05,209.85,637.59
ch2_ohr_ncp_20251105T0849435342_d_img_d18_x09600_y61440.png,0.2025,626.05,101.24,634.62,112.82
ch2_ohr_ncp_20251105T0849435342_d_img_d18_x09600_y73600.png,0.2569,566.58,575.06,578.37,591.7
ch2_ohr_ncp_20251105T0849435342_d_img_d18_x09600_y74880.png,0.3052,451.61,86.99,458.22,94.98
ch2_ohr_ncp_20251105T0849435342_d_img_d18_x09600_y74880.png,0.2673,50.96,478.12,57.93,486.67
ch2_ohr_ncp_20251105T0849435342_d_img_d18_x09600_y74880.png,0.2461,554.28,618.87,580.32,639.27
ch2_ohr_ncp_20251105T0849435342_d_img_d18_x09600_y74880.png,0.2258,560.4,619.7,581.14,638.69
ch2_ohr_ncp_20251105T0849435342_d_img_d18_x09600_y75520.png,0.4201,187.32,396.42,194.31,404.99
ch2_ohr_ncp_20251105T0849435342_d_img_d18_x09600_y75520.png,0.2408,499.7,34.73,506.11,43.32
ch2_ohr_ncp_20251105T0849435342_d_img_d18_x09600_y76800.png,0.2236,524.69,74.54,532.09,84.69
ch2_ohr_ncp_20251105T0849435342_d_img_d18_x10240_y56320.png,0.2539,2.27,626.11,8.25,633.93
ch2_ohr_ncp_20251105T0849435342_d_img_d18_x10240_y56320.png,0.2436,344.13,355.63,353.31,366.58
ch2_ohr_ncp_20251105T0849435342_d_img_d18_x10240_y57600.png,0.3123,202.36,74.33,209.92,84.11
ch2_ohr_ncp_20251105T0849435342_d_img_d18_x10240_y57600.png,0.2378,257.15,149.59,269.33,166.04
ch2_ohr_ncp_20251105T0849435342_d_img_d18_x10240_y58240.png,0.2229,143.04,32.22,153.98,43.85
ch2_ohr_ncp_20251105T0849435342_d_img_d18_x10240_y58880.png,0.3297,163.01,156.65,169.3,164.73
ch2_ohr_ncp_20251105T0849435342_d_img_d18_x10240_y58880.png,0.2489,236.45,72.46,244.88,80.98
ch2_ohr_ncp_20251105T0849435342_d_img_d18_x10240_y58880.png,0.2404,0.07,13.54,6.36,24.08
ch2_ohr_ncp_20251105T0849435342_d_img_d18_x10240_y58880.png,0.2228,269.93,31.09,276.92,39.1
ch2_ohr_ncp_20251105T0849435342_d_img_d18_x10240_y58880.png,0.2126,0.0,38.22,54.27,115.48
ch2_ohr_ncp_20251105T0849435342_d_img_d18_x10240_y58880.png,0.2093,0.0,35.22,3.82,44.03
ch2_ohr_ncp_20251105T0849435342_d_img_d18_x10240_y59520.png,0.3764,578.61,614.46,587.23,626.39
ch2_ohr_ncp_20251105T0849435342_d_img_d18_x10240_y59520.png,0.3415,469.45,626.32,475.42,633.34
ch2_ohr_ncp_20251105T0849435342_d_img_d18_x10240_y59520.png,0.3118,219.05,341.56,225.9,350.59
ch2_ohr_ncp_20251105T0849435342_d_img_d18_x10240_y59520.png,0.2937,603.88,607.99,611.62,617.82
ch2_ohr_ncp_20251105T0849435342_d_img_d18_x10240_y59520.png,0.2932,55.76,170.38,63.59,181.85
ch2_ohr_ncp_20251105T0849435342_d_img_d18_x10240_y59520.png,0.2917,615.02,630.89,623.03,638.88
ch2_ohr_ncp_20251105T0849435342_d_img_d18_x10240_y59520.png,0.2555,298.07,136.59,304.51,143.83
ch2_ohr_ncp_20251105T0849435342_d_img_d18_x10240_y59520.png,0.2518,626.59,424.13,634.24,431.83
ch2_ohr_ncp_20251105T0849435342_d_img_d18_x10240_y59520.png,0.2474,168.51,278.5,197.18,309.36
ch2_ohr_ncp_20251105T0849435342_d_img_d18_x10240_y59520.png,0.2369,269.7,58.38,276.76,69.43
ch2_ohr_ncp_20251105T0849435342_d_img_d18_x10240_y59520.png,0.2258,315.36,187.73,320.98,194.61
ch2_ohr_ncp_20251105T0849435342_d_img_d18_x10240_y59520.png,0.2235,603.51,608.73,609.81,618.09
ch2_ohr_ncp_20251105T0849435342_d_img_d18_x10240_y59520.png,0.2162,182.99,443.2,191.8,452.59
ch2_ohr_ncp_20251105T0849435342_d_img_d18_x10240_y59520.png,0.2142,149.56,271.63,157.08,281.13
ch2_ohr_ncp_20251105T0849435342_d_img_d18_x10240_y59520.png,0.2046,244.34,271.13,249.77,278.35
ch2_ohr_ncp_20251105T0849435342_d_img_d18_x10240_y59520.png,0.2018,288.91,509.34,296.48,517.61
ch2_ohr_ncp_20251105T0849435342_d_img_d18_x10240_y71040.png,0.2407,626.37,626.68,634.17,635.57
ch2_ohr_ncp_20251105T0849435342_d_img_d18_x10240_y72960.png,0.278,345.45,357.74,352.68,364.92
ch2_ohr_ncp_20251105T0849435342_d_img_d18_x10240_y73600.png,0.2858,524.57,475.09,530.61,483.52
ch2_ohr_ncp_20251105T0849435342_d_img_d18_x10240_y73600.png,0.2464,8.64,632.92,14.29,639.11
ch2_ohr_ncp_20251105T0849435342_d_img_d18_x10240_y73600.png,0.227,154.02,144.95,163.19,154.1
ch2_ohr_ncp_20251105T0849435342_d_img_d18_x10240_y73600.png,0.2157,131.34,155.13,136.98,162.63
ch2_ohr_ncp_20251105T0849435342_d_img_d18_x10240_y73600.png,0.2032,626.06,191.45,634.05,201.43
ch2_ohr_ncp_20251105T0849435342_d_img_d18_x10240_y79360.png,0.2698,197.48,631.92,209.95,640.0
ch2_ohr_ncp_20251105T0849435342_d_img_d18_x10880_y57600.png,0.2685,346.66,618.68,379.3,639.99
ch2_ohr_ncp_20251105T0849435342_d_img_d18_x10880_y57600.png,0.249,20.65,0.0,42.22,27.36
ch2_ohr_ncp_20251105T0849435342_d_img_d18_x10880_y59520.png,0.3652,210.24,100.61,227.52,134.69
ch2_ohr_ncp_20251105T0849435342_d_img_d18_x10880_y59520.png,0.3629,174.72,619.82,191.99,636.92
ch2_ohr_ncp_20251105T0849435342_d_img_d18_x10880_y59520.png,0.3032,362.67,623.02,369.34,631.52
ch2_ohr_ncp_20251105T0849435342_d_img_d18_x10880_y59520.png,0.2857,212.48,98.72,233.65,128.94
ch2_ohr_ncp_20251105T0849435342_d_img_d18_x10880_y59520.png,0.2826,338.62,513.55,347.99,526.54
ch2_ohr_ncp_20251105T0849435342_d_img_d18_x10880_y59520.png,0.2665,344.5,282.0,353.48,294.83
ch2_ohr_ncp_20251105T0849435342_d_img_d18_x10880_y59520.png,0.2524,382.62,142.08,392.38,152.64
ch2_ohr_ncp_20251105T0849435342_d_img_d18_x10880_y59520.png,0.2514,214.97,99.14,233.6,118.54
ch2_ohr_ncp_20251105T0849435342_d_img_d18_x10880_y59520.png,0.2442,99.61,447.21,107.07,457.32
ch2_ohr_ncp_20251105T0849435342_d_img_d18_x10880_y59520.png,0.2394,202.2,374.7,208.63,382.09
ch2_ohr_ncp_20251105T0849435342_d_img_d18_x10880_y59520.png,0.2222,620.72,596.31,627.79,605.31
ch2_ohr_ncp_20251105T0849435342_d_img_d18_x10880_y59520.png,0.2203,111.62,324.72,119.64,334.49
ch2_ohr_ncp_20251105T0849435342_d_img_d18_x10880_y59520.png,0.202,165.88,543.62,179.02,561.08
ch2_ohr_ncp_20251105T0849435342_d_img_d18_x10880_y59520.png,0.2018,228.0,204.63,233.61,212.73
ch2_ohr_ncp_20251105T0849435342_d_img_d18_x10880_y59520.png,0.2016,0.38,531.08,6.49,538.65
ch2_ohr_ncp_20251105T0849435342_d_img_d18_x10880_y70400.png,0.2108,623.48,22.23,632.61,33.74
ch2_ohr_ncp_20251105T0849435342_d_img_d18_x10880_y73600.png,0.2494,153.94,194.97,161.21,204.9
ch2_ohr_ncp_20251105T0849435342_d_img_d18_x10880_y73600.png,0.217,185.85,74.51,193.93,85.48
ch2_ohr_ncp_20251105T0849435342_d_img_d18_x11520_y37120.png,0.6176,124.91,0.0,160.68,67.13
ch2_ohr_ncp_20251105T0849435342_d_img_d18_x11520_y37120.png,0.4756,15.52,126.85,25.68,144.24
ch2_ohr_ncp_20251105T0849435342_d_img_d18_x11520_y37120.png,0.4538,159.2,117.54,166.01,128.25
ch2_ohr_ncp_20251105T0849435342_d_img_d18_x11520_y37120.png,0.4296,19.18,215.77,24.68,224.26
ch2_ohr_ncp_20251105T0849435342_d_img_d18_x11520_y37120.png,0.4147,156.15,96.4,162.18,105.17
ch2_ohr_ncp_20251105T0849435342_d_img_d18_x11520_y37120.png,0.4087,11.05,284.39,24.4,296.2
ch2_ohr_ncp_20251105T0849435342_d_img_d18_x11520_y37120.png,0.3812,14.85,148.61,22.05,160.39
ch2_ohr_ncp_20251105T0849435342_d_img_d18_x11520_y37120.png,0.3674,47.11,185.49,52.05,192.21
ch2_ohr_ncp_20251105T0849435342_d_img_d18_x11520_y37120.png,0.3469,19.37,84.2,32.84,100.63
ch2_ohr_ncp_20251105T0849435342_d_img_d18_x11520_y37120.png,0.3255,21.23,307.0,27.91,313.19
ch2_ohr_ncp_20251105T0849435342_d_img_d18_x11520_y37120.png,0.321,34.38,272.33,40.33,278.99
ch2_ohr_ncp_20251105T0849435342_d_img_d18_x11520_y37120.png,0.3197,52.42,71.46,65.26,87.75
ch2_ohr_ncp_20251105T0849435342_d_img_d18_x11520_y37120.png,0.2952,259.33,77.34,281.85,107.05
ch2_ohr_ncp_20251105T0849435342_d_img_d18_x11520_y37120.png,0.2928,167.18,175.45,175.2,188.99
ch2_ohr_ncp_20251105T0849435342_d_img_d18_x11520_y37120.png,0.2908,155.83,97.64,160.93,104.87
ch2_ohr_ncp_20251105T0849435342_d_img_d18_x11520_y37120.png,0.2888,251.21,0.07,258.39,6.65
ch2_ohr_ncp_20251105T0849435342_d_img_d18_x11520_y37120.png,0.2877,101.75,92.46,114.72,110.75
ch2_ohr_ncp_20251105T0849435342_d_img_d18_x11520_y37120.png,0.2849,203.67,0.94,210.6,9.33
ch2_ohr_ncp_20251105T0849435342_d_img_d18_x11520_y37120.png,0.2834,122.12,158.56,146.17,200.06
ch2_ohr_ncp_20251105T0849435342_d_img_d18_x11520_y37120.png,0.2831,275.89,4.85,291.08,26.05
ch2_ohr_ncp_20251105T0849435342_d_img_d18_x11520_y37120.png,0.256,185.21,76.05,189.89,81.45
ch2_ohr_ncp_20251105T0849435342_d_img_d18_x11520_y37120.png,0.2464,45.45,206.04,67.14,232.66
ch2_ohr_ncp_20251105T0849435342_d_img_d18_x11520_y37120.png,0.2463,161.33,85.81,166.02,91.19
ch2_ohr_ncp_20251105T0849435342_d_img_d18_x11520_y37120.png,0.2458,1.25,137.9,7.07,143.28
ch2_ohr_ncp_20251105T0849435342_d_img_d18_x11520_y37120.png,0.2407,397.96,181.58,409.46,196.23
ch2_ohr_ncp_20251105T0849435342_d_img_d18_x11520_y37120.png,0.2393,385.07,327.46,393.19,336.05
ch2_ohr_ncp_20251105T0849435342_d_img_d18_x11520_y37120.png,0.2354,234.21,334.6,243.33,349.35
ch2_ohr_ncp_20251105T0849435342_d_img_d18_x11520_y37120.png,0.2352,131.74,9.86,157.42,65.96
ch2_ohr_ncp_20251105T0849435342_d_img_d18_x11520_y37120.png,0.2332,448.96,206.1,457.29,215.38
ch2_ohr_ncp_20251105T0849435342_d_img_d18_x11520_y37120.png,0.2283,65.42,255.77,70.34,262.35
ch2_ohr_ncp_20251105T0849435342_d_img_d18_x11520_y37120.png,0.226,76.9,305.75,86.47,316.66
ch2_ohr_ncp_20251105T0849435342_d_img_d18_x11520_y37120.png,0.2183,292.39,68.95,310.27,89.09
ch2_ohr_ncp_20251105T0849435342_d_img_d18_x11520_y37120.png,0.2091,256.99,15.79,263.83,24.91
ch2_ohr_ncp_20251105T0849435342_d_img_d18_x11520_y37120.png,0.2059,194.45,511.52,201.24,519.73
ch2_ohr_ncp_20251105T0849435342_d_img_d18_x11520_y37120.png,0.2022,113.39,188.67,121.52,195.84
ch2_ohr_ncp_20251105T0849435342_d_img_d18_x11520_y37120.png,0.2021,60.89,94.0,65.44,100.37
ch2_ohr_ncp_20251105T0849435342_d_img_d18_x11520_y37760.png,0.4235,31.3,33.44,38.6,44.8
ch2_ohr_ncp_20251105T0849435342_d_img_d18_x11520_y37760.png,0.2824,467.74,623.12,474.58,631.53
ch2_ohr_ncp_20251105T0849435342_d_img_d18_x11520_y42880.png,0.2747,89.99,2.49,139.71,85.37
ch2_ohr_ncp_20251105T0849435342_d_img_d18_x11520_y42880.png,0.2163,265.46,102.67,281.45,127.33
ch2_ohr_ncp_20251105T0849435342_d_img_d18_x11520_y42880.png,0.2154,335.23,229.61,343.58,245.65
ch2_ohr_ncp_20251105T0849435342_d_img_d18_x11520_y42880.png,0.209,330.37,180.68,336.84,189.55
ch2_ohr_ncp_20251105T0849435342_d_img_d18_x11520_y43520.png,0.3567,189.84,629.78,202.8,639.03
ch2_ohr_ncp_20251105T0849435342_d_img_d18_x11520_y43520.png,0.2006,178.73,540.14,186.15,550.06
ch2_ohr_ncp_20251105T0849435342_d_img_d18_x11520_y44160.png,0.3152,34.76,634.59,41.96,639.77
ch2_ohr_ncp_20251105T0849435342_d_img_d18_x11520_y44160.png,0.2687,264.79,598.05,281.19,636.61
ch2_ohr_ncp_20251105T0849435342_d_img_d18_x11520_y44160.png,0.2599,45.33,590.67,56.96,608.3
ch2_ohr_ncp_20251105T0849435342_d_img_d18_x11520_y44160.png,0.2378,427.85,542.7,434.54,549.87
ch2_ohr_ncp_20251105T0849435342_d_img_d18_x11520_y44800.png,0.6307,446.24,165.45,455.29,180.56
ch2_ohr_ncp_20251105T0849435342_d_img_d18_x11520_y44800.png,0.3497,444.95,166.13,454.03,181.35
ch2_ohr_ncp_20251105T0849435342_d_img_d18_x11520_y44800.png,0.3476,109.28,378.2,116.61,388.05
ch2_ohr_ncp_20251105T0849435342_d_img_d18_x11520_y44800.png,0.3101,53.07,156.57,65.4,174.6
ch2_ohr_ncp_20251105T0849435342_d_img_d18_x11520_y44800.png,0.3059,143.91,554.76,150.66,565.46
ch2_ohr_ncp_20251105T0849435342_d_img_d18_x11520_y44800.png,0.2997,287.41,183.35,293.38,192.92
ch2_ohr_ncp_20251105T0849435342_d_img_d18_x11520_y44800.png,0.2871,456.83,186.86,463.0,194.96
ch2_ohr_ncp_20251105T0849435342_d_img_d18_x11520_y44800.png,0.274,128.02,183.64,136.74,196.88
ch2_ohr_ncp_20251105T0849435342_d_img_d18_x11520_y44800.png,0.2473,179.9,345.84,185.13,353.54
ch2_ohr_ncp_20251105T0849435342_d_img_d18_x11520_y44800.png,0.2237,320.88,187.71,329.9,198.07
ch2_ohr_ncp_20251105T0849435342_d_img_d18_x11520_y45440.png,0.3346,398.82,627.2,407.02,637.69
ch2_ohr_ncp_20251105T0849435342_d_img_d18_x11520_y45440.png,0.2169,460.98,611.44,474.43,632.23
ch2_ohr_ncp_20251105T0849435342_d_img_d18_x11520_y46080.png,0.2255,439.02,627.8,449.65,639.02
ch2_ohr_ncp_20251105T0849435342_d_img_d18_x11520_y46720.png,0.3046,129.53,399.98,146.67,433.65
ch2_ohr_ncp_20251105T0849435342_d_img_d18_x11520_y46720.png,0.2871,338.32,199.62,345.35,208.11
ch2_ohr_ncp_20251105T0849435342_d_img_d18_x11520_y46720.png,0.2681,328.18,263.31,334.41,270.92
ch2_ohr_ncp_20251105T0849435342_d_img_d18_x11520_y46720.png,0.2594,148.94,522.83,156.32,534.06
ch2_ohr_ncp_20251105T0849435342_d_img_d18_x11520_y46720.png,0.2551,361.57,101.03,369.24,110.77
ch2_ohr_ncp_20251105T0849435342_d_img_d18_x11520_y46720.png,0.2129,446.2,488.55,452.72,494.56
ch2_ohr_ncp_20251105T0849435342_d_img_d18_x11520_y48000.png,0.2304,463.94,257.36,472.69,270.27
ch2_ohr_ncp_20251105T0849435342_d_img_d18_x11520_y48000.png,0.2208,444.67,190.55,451.24,197.87
ch2_ohr_ncp_20251105T0849435342_d_img_d18_x11520_y48640.png,0.3358,420.06,93.06,427.11,102.34
ch2_ohr_ncp_20251105T0849435342_d_img_d18_x11520_y48640.png,0.3038,357.03,262.75,378.41,294.3
ch2_ohr_ncp_20251105T0849435342_d_img_d18_x11520_y48640.png,0.2929,237.09,58.17,243.83,67.07
ch2_ohr_ncp_20251105T0849435342_d_img_d18_x11520_y48640.png,0.268,165.92,29.83,172.21,37.53
ch2_ohr_ncp_20251105T0849435342_d_img_d18_x11520_y48640.png,0.2511,239.91,614.67,254.56,637.52
ch2_ohr_ncp_20251105T0849435342_d_img_d18_x11520_y48640.png,0.2465,209.75,617.83,216.75,628.55
ch2_ohr_ncp_20251105T0849435342_d_img_d18_x11520_y48640.png,0.2434,109.24,367.12,154.34,433.52
ch2_ohr_ncp_20251105T0849435342_d_img_d18_x11520_y48640.png,0.2407,275.63,301.65,281.29,308.97
ch2_ohr_ncp_20251105T0849435342_d_img_d18_x11520_y48640.png,0.2122,419.35,268.88,426.58,281.88
ch2_ohr_ncp_20251105T0849435342_d_img_d18_x11520_y48640.png,0.2102,111.13,620.44,121.41,633.56
ch2_ohr_ncp_20251105T0849435342_d_img_d18_x11520_y49280.png,0.296,96.87,630.08,108.43,639.32
ch2_ohr_ncp_20251105T0849435342_d_img_d18_x11520_y49280.png,0.266,1.71,625.54,14.15,637.53
ch2_ohr_ncp_20251105T0849435342_d_img_d18_x11520_y49280.png,0.2541,283.95,99.46,291.13,109.34
ch2_ohr_ncp_20251105T0849435342_d_img_d18_x11520_y49280.png,0.2274,317.51,38.63,329.16,58.84
ch2_ohr_ncp_20251105T0849435342_d_img_d18_x11520_y52480.png,0.3074,265.53,0.0,278.08,21.62
ch2_ohr_ncp_20251105T0849435342_d_img_d18_x11520_y52480.png,0.2841,234.5,253.01,241.38,261.38
ch2_ohr_ncp_20251105T0849435342_d_img_d18_x11520_y52480.png,0.2024,147.28,363.43,153.07,370.85
ch2_ohr_ncp_20251105T0849435342_d_img_d18_x11520_y53120.png,0.391,237.3,582.07,250.12,600.42
ch2_ohr_ncp_20251105T0849435342_d_img_d18_x11520_y53120.png,0.3242,38.16,0.0,54.91,26.32
ch2_ohr_ncp_20251105T0849435342_d_img_d18_x11520_y53120.png,0.2872,252.95,141.26,272.86,170.99
ch2_ohr_ncp_20251105T0849435342_d_img_d18_x11520_y53120.png,0.211,429.48,211.69,442.83,226.58
ch2_ohr_ncp_20251105T0849435342_d_img_d18_x11520_y53760.png,0.2912,403.6,394.79,411.64,405.9
ch2_ohr_ncp_20251105T0849435342_d_img_d18_x11520_y53760.png,0.2859,412.36,198.39,425.12,217.53
ch2_ohr_ncp_20251105T0849435342_d_img_d18_x11520_y53760.png,0.2531,234.54,457.26,239.91,463.91
ch2_ohr_ncp_20251105T0849435342_d_img_d18_x11520_y53760.png,0.2402,324.96,612.27,348.64,639.3
ch2_ohr_ncp_20251105T0849435342_d_img_d18_x11520_y53760.png,0.2385,117.84,631.99,126.64,639.69
ch2_ohr_ncp_20251105T0849435342_d_img_d18_x11520_y53760.png,0.2148,141.17,441.3,151.42,454.32
ch2_ohr_ncp_20251105T0849435342_d_img_d18_x11520_y54400.png,0.3466,379.28,628.97,386.2,637.64
ch2_ohr_ncp_20251105T0849435342_d_img_d18_x11520_y54400.png,0.2979,198.44,449.18,207.21,459.55
ch2_ohr_ncp_20251105T0849435342_d_img_d18_x11520_y54400.png,0.2809,122.71,227.58,137.73,243.39
ch2_ohr_ncp_20251105T0849435342_d_img_d18_x11520_y54400.png,0.2788,125.17,467.95,139.6,486.4
ch2_ohr_ncp_20251105T0849435342_d_img_d18_x11520_y54400.png,0.2704,460.6,171.54,474.48,189.09
ch2_ohr_ncp_20251105T0849435342_d_img_d18_x11520_y54400.png,0.2596,413.25,197.57,423.86,212.0
ch2_ohr_ncp_20251105T0849435342_d_img_d18_x11520_y54400.png,0.2448,107.58,79.35,155.35,161.98
ch2_ohr_ncp_20251105T0849435342_d_img_d18_x11520_y54400.png,0.233,77.88,174.16,86.12,192.02
ch2_ohr_ncp_20251105T0849435342_d_img_d18_x11520_y54400.png,0.2226,461.26,629.54,468.41,638.47
ch2_ohr_ncp_20251105T0849435342_d_img_d18_x11520_y54400.png,0.2152,199.69,484.81,206.6,492.68
ch2_ohr_ncp_20251105T0849435342_d_img_d18_x11520_y55040.png,0.2824,99.18,69.55,104.91,76.95
ch2_ohr_ncp_20251105T0849435342_d_img_d18_x11520_y55040.png,0.2743,219.37,59.54,226.48,66.59
ch2_ohr_ncp_20251105T0849435342_d_img_d18_x11520_y55040.png,0.2605,375.13,0.0,403.33,36.9
ch2_ohr_ncp_20251105T0849435342_d_img_d18_x11520_y55040.png,0.2116,317.74,0.29,326.25,14.64
ch2_ohr_ncp_20251105T0849435342_d_img_d18_x11520_y55040.png,0.2088,193.85,73.94,201.12,82.16
ch2_ohr_ncp_20251105T0849435342_d_img_d18_x11520_y55040.png,0.2075,245.51,30.92,260.79,54.37
ch2_ohr_ncp_20251105T0849435342_d_img_d18_x11520_y55680.png,0.4115,271.83,464.74,279.68,474.76
ch2_ohr_ncp_20251105T0849435342_d_img_d18_x11520_y55680.png,0.2892,428.93,247.42,435.46,255.25
ch2_ohr_ncp_20251105T0849435342_d_img_d18_x11520_y55680.png,0.2768,162.51,608.28,168.54,616.75
ch2_ohr_ncp_20251105T0849435342_d_img_d18_x11520_y55680.png,0.241,396.67,588.36,415.29,607.84
ch2_ohr_ncp_20251105T0849435342_d_img_d18_x11520_y55680.png,0.2177,416.49,224.73,426.33,235.99
ch2_ohr_ncp_20251105T0849435342_d_img_d18_x11520_y55680.png,0.2082,4.15,460.67,10.54,468.73
ch2_ohr_ncp_20251105T0849435342_d_img_d18_x11520_y55680.png,0.2067,464.8,460.19,474.7,471.43
ch2_ohr_ncp_20251105T0849435342_d_img_d18_x11520_y55680.png,0.2058,439.59,186.3,456.8,210.34
ch2_ohr_ncp_20251105T0849435342_d_img_d18_x11520_y56320.png,0.259,425.99,550.76,434.68,561.13
ch2_ohr_ncp_20251105T0849435342_d_img_d18_x11520_y56320.png,0.2469,330.44,533.25,342.31,553.82
ch2_ohr_ncp_20251105T0849435342_d_img_d18_x11520_y56320.png,0.2008,310.07,566.05,317.86,576.88
ch2_ohr_ncp_20251105T0849435342_d_img_d18_x11520_y56960.png,0.4761,47.15,455.04,57.59,470.23
ch2_ohr_ncp_20251105T0849435342_d_img_d18_x11520_y56960.png,0.3843,0.79,123.72,8.89,137.43
ch2_ohr_ncp_20251105T0849435342_d_img_d18_x11520_y56960.png,0.3622,134.85,109.53,151.3,129.78
ch2_ohr_ncp_20251105T0849435342_d_img_d18_x11520_y56960.png,0.3001,134.67,110.37,147.13,129.06
ch2_ohr_ncp_20251105T0849435342_d_img_d18_x11520_y56960.png,0.2797,189.9,352.89,225.09,407.47
ch2_ohr_ncp_20251105T0849435342_d_img_d18_x11520_y56960.png,0.2674,460.43,612.95,480.19,639.87
ch2_ohr_ncp_20251105T0849435342_d_img_d18_x11520_y56960.png,0.2251,147.54,138.14,158.87,149.73
ch2_ohr_ncp_20251105T0849435342_d_img_d18_x11520_y56960.png,0.2237,48.67,492.23,55.07,501.13
ch2_ohr_ncp_20251105T0849435342_d_img_d18_x11520_y56960.png,0.2074,111.1,19.05,116.71,26.82
ch2_ohr_ncp_20251105T0849435342_d_img_d18_x11520_y56960.png,0.2032,0.62,165.57,9.4,180.25
ch2_ohr_ncp_20251105T0849435342_d_img_d18_x11520_y57600.png,0.5186,439.26,275.76,448.38,289.91
ch2_ohr_ncp_20251105T0849435342_d_img_d18_x11520_y57600.png,0.4269,327.97,507.97,335.11,518.08
ch2_ohr_ncp_20251105T0849435342_d_img_d18_x11520_y57600.png,0.3753,346.0,523.13,354.25,532.28
ch2_ohr_ncp_20251105T0849435342_d_img_d18_x11520_y57600.png,0.3649,460.59,0.0,478.8,19.13
ch2_ohr_ncp_20251105T0849435342_d_img_d18_x11520_y57600.png,0.3363,440.98,257.01,446.73,264.52
ch2_ohr_ncp_20251105T0849435342_d_img_d18_x11520_y57600.png,0.327,465.02,583.7,478.72,608.27
ch2_ohr_ncp_20251105T0849435342_d_img_d18_x11520_y57600.png,0.3124,326.12,407.62,333.85,418.11
ch2_ohr_ncp_20251105T0849435342_d_img_d18_x11520_y57600.png,0.3079,430.69,547.61,436.84,556.26
ch2_ohr_ncp_20251105T0849435342_d_img_d18_x11520_y57600.png,0.296,76.66,279.57,82.88,288.15
ch2_ohr_ncp_20251105T0849435342_d_img_d18_x11520_y57600.png,0.2852,94.22,368.37,100.56,375.05
ch2_ohr_ncp_20251105T0849435342_d_img_d18_x11520_y57600.png,0.2777,288.57,629.85,296.86,638.72
ch2_ohr_ncp_20251105T0849435342_d_img_d18_x11520_y57600.png,0.2744,338.8,526.53,345.75,535.37
ch2_ohr_ncp_20251105T0849435342_d_img_d18_x11520_y57600.png,0.2724,399.48,396.12,404.44,402.94
ch2_ohr_ncp_20251105T0849435342_d_img_d18_x11520_y57600.png,0.2472,115.35,339.5,120.44,346.72
ch2_ohr_ncp_20251105T0849435342_d_img_d18_x11520_y57600.png,0.2413,125.02,609.37,130.55,615.63
ch2_ohr_ncp_20251105T0849435342_d_img_d18_x11520_y57600.png,0.2357,287.8,628.57,295.59,637.9
ch2_ohr_ncp_20251105T0849435342_d_img_d18_x11520_y57600.png,0.2304,125.57,621.27,137.45,638.47
ch2_ohr_ncp_20251105T0849435342_d_img_d18_x11520_y57600.png,0.2129,99.09,148.23,105.6,157.16
ch2_ohr_ncp_20251105T0849435342_d_img_d18_x11520_y57600.png,0.211,342.84,180.8,350.58,192.28
ch2_ohr_ncp_20251105T0849435342_d_img_d18_x11520_y57600.png,0.2044,0.09,282.95,3.92,290.99
ch2_ohr_ncp_20251105T0849435342_d_img_d18_x11520_y58240.png,0.3939,437.85,148.73,446.64,161.98
ch2_ohr_ncp_20251105T0849435342_d_img_d18_x11520_y58240.png,0.3667,454.68,354.79,462.23,365.58
ch2_ohr_ncp_20251105T0849435342_d_img_d18_x11520_y58240.png,0.286,202.23,202.5,209.04,211.68
ch2_ohr_ncp_20251105T0849435342_d_img_d18_x11520_y58240.png,0.2033,15.99,115.0,23.67,125.28
ch2_ohr_ncp_20251105T0849435342_d_img_d18_x11520_y58880.png,0.4832,80.22,233.44,89.13,243.1
ch2_ohr_ncp_20251105T0849435342_d_img_d18_x11520_y58880.png,0.3988,437.13,600.55,451.08,620.87
ch2_ohr_ncp_20251105T0849435342_d_img_d18_x11520_y58880.png,0.3731,134.72,613.6,145.09,626.64
ch2_ohr_ncp_20251105T0849435342_d_img_d18_x11520_y58880.png,0.3729,7.05,121.72,14.32,128.68
ch2_ohr_ncp_20251105T0849435342_d_img_d18_x11520_y58880.png,0.3533,367.72,476.38,375.48,487.46
ch2_ohr_ncp_20251105T0849435342_d_img_d18_x11520_y58880.png,0.2994,358.39,627.72,366.08,637.22
ch2_ohr_ncp_20251105T0849435342_d_img_d18_x11520_y58880.png,0.2588,280.19,628.39,289.86,638.68
ch2_ohr_ncp_20251105T0849435342_d_img_d18_x11520_y58880.png,0.2491,135.47,1.51,141.53,8.9
ch2_ohr_ncp_20251105T0849435342_d_img_d18_x11520_y58880.png,0.2416,456.85,573.02,464.63,581.95
ch2_ohr_ncp_20251105T0849435342_d_img_d18_x11520_y58880.png,0.2202,227.82,170.33,234.09,177.17
ch2_ohr_ncp_20251105T0849435342_d_img_d18_x11520_y59520.png,0.5276,36.88,572.71,43.53,581.96
ch2_ohr_ncp_20251105T0849435342_d_img_d18_x11520_y59520.png,0.4755,60.4,571.78,67.23,581.55
ch2_ohr_ncp_20251105T0849435342_d_img_d18_x11520_y59520.png,0.4162,65.64,444.36,78.46,465.19
ch2_ohr_ncp_20251105T0849435342_d_img_d18_x11520_y59520.png,0.3321,2.95,284.03,12.44,297.12
ch2_ohr_ncp_20251105T0849435342_d_img_d18_x11520_y59520.png,0.3297,38.96,372.57,50.63,389.64
ch2_ohr_ncp_20251105T0849435342_d_img_d18_x11520_y59520.png,0.3122,148.33,617.59,153.83,624.81
ch2_ohr_ncp_20251105T0849435342_d_img_d18_x11520_y59520.png,0.3115,400.73,434.62,411.91,448.55
ch2_ohr_ncp_20251105T0849435342_d_img_d18_x11520_y59520.png,0.2926,357.85,180.05,366.45,190.67
ch2_ohr_ncp_20251105T0849435342_d_img_d18_x11520_y59520.png,0.2847,176.84,360.02,183.24,367.33
ch2_ohr_ncp_20251105T0849435342_d_img_d18_x11520_y59520.png,0.2791,67.75,195.32,73.34,202.82
ch2_ohr_ncp_20251105T0849435342_d_img_d18_x11520_y59520.png,0.2772,116.08,462.49,124.6,473.87
ch2_ohr_ncp_20251105T0849435342_d_img_d18_x11520_y59520.png,0.2762,427.52,441.14,445.5,461.0
ch2_ohr_ncp_20251105T0849435342_d_img_d18_x11520_y59520.png,0.2637,81.22,75.31,88.32,84.06
ch2_ohr_ncp_20251105T0849435342_d_img_d18_x11520_y59520.png,0.2609,2.53,591.26,70.99,640.0
ch2_ohr_ncp_20251105T0849435342_d_img_d18_x11520_y59520.png,0.2552,34.66,480.05,50.83,499.1
ch2_ohr_ncp_20251105T0849435342_d_img_d18_x11520_y59520.png,0.2194,83.21,610.22,105.85,639.8
ch2_ohr_ncp_20251105T0849435342_d_img_d18_x11520_y59520.png,0.2142,212.16,52.34,217.45,59.28
ch2_ohr_ncp_20251105T0849435342_d_img_d18_x11520_y59520.png,0.2129,362.91,227.81,367.97,233.25
ch2_ohr_ncp_20251105T0849435342_d_img_d18_x11520_y59520.png,0.2037,260.55,349.62,268.76,357.76
ch2_ohr_ncp_20251105T0849435342_d_img_d18_x11520_y59520.png,0.202,68.12,194.92,75.18,202.86
ch2_ohr_ncp_20251105T0849435342_d_img_d18_x11520_y60160.png,0.574,240.55,311.34,247.57,321.8
ch2_ohr_ncp_20251105T0849435342_d_img_d18_x11520_y60160.png,0.5646,0.12,544.08,7.93,553.54
ch2_ohr_ncp_20251105T0849435342_d_img_d18_x11520_y60160.png,0.546,176.53,39.43,185.8,49.96
ch2_ohr_ncp_20251105T0849435342_d_img_d18_x11520_y60160.png,0.5243,443.64,119.47,477.24,153.83
ch2_ohr_ncp_20251105T0849435342_d_img_d18_x11520_y60160.png,0.5003,19.13,76.58,27.12,87.07
ch2_ohr_ncp_20251105T0849435342_d_img_d18_x11520_y60160.png,0.4232,196.21,622.05,208.63,634.74
ch2_ohr_ncp_20251105T0849435342_d_img_d18_x11520_y60160.png,0.3979,465.58,592.83,477.33,607.92
ch2_ohr_ncp_20251105T0849435342_d_img_d18_x11520_y60160.png,0.3539,225.0,329.6,233.41,339.81
ch2_ohr_ncp_20251105T0849435342_d_img_d18_x11520_y60160.png,0.3268,304.9,407.73,315.23,418.16
ch2_ohr_ncp_20251105T0849435342_d_img_d18_x11520_y60160.png,0.3239,175.55,40.83,183.88,50.44
ch2_ohr_ncp_20251105T0849435342_d_img_d18_x11520_y60160.png,0.3216,7.21,53.07,13.74,61.29
ch2_ohr_ncp_20251105T0849435342_d_img_d18_x11520_y60160.png,0.3083,421.52,209.58,428.97,219.11
ch2_ohr_ncp_20251105T0849435342_d_img_d18_x11520_y60160.png,0.3081,183.93,575.75,191.52,583.79
ch2_ohr_ncp_20251105T0849435342_d_img_d18_x11520_y60160.png,0.3053,444.37,227.92,451.42,235.97
ch2_ohr_ncp_20251105T0849435342_d_img_d18_x11520_y60160.png,0.3023,225.54,327.34,234.18,338.99
ch2_ohr_ncp_20251105T0849435342_d_img_d18_x11520_y60160.png,0.2758,57.6,629.5,63.44,637.17
ch2_ohr_ncp_20251105T0849435342_d_img_d18_x11520_y60160.png,0.2725,422.96,209.09,429.99,218.27
ch2_ohr_ncp_20251105T0849435342_d_img_d18_x11520_y60160.png,0.2688,404.43,475.61,410.08,483.42
ch2_ohr_ncp_20251105T0849435342_d_img_d18_x11520_y60160.png,0.2593,0.51,451.67,9.85,468.29
ch2_ohr_ncp_20251105T0849435342_d_img_d18_x11520_y60160.png,0.2528,272.12,46.74,279.04,57.31
ch2_ohr_ncp_20251105T0849435342_d_img_d18_x11520_y60160.png,0.2412,85.13,478.42,94.32,491.16
ch2_ohr_ncp_20251105T0849435342_d_img_d18_x11520_y60160.png,0.2252,357.99,276.6,375.24,301.29
ch2_ohr_ncp_20251105T0849435342_d_img_d18_x11520_y60160.png,0.2209,363.87,160.26,370.04,166.97
ch2_ohr_ncp_20251105T0849435342_d_img_d18_x11520_y60160.png,0.2149,12.0,157.46,18.04,164.52
ch2_ohr_ncp_20251105T0849435342_d_img_d18_x11520_y60160.png,0.2082,0.26,82.76,6.2,92.96
ch2_ohr_ncp_20251105T0849435342_d_img_d18_x11520_y60800.png,0.5357,270.09,149.5,279.73,162.43
ch2_ohr_ncp_20251105T0849435342_d_img_d18_x11520_y60800.png,0.3643,133.28,366.84,139.56,373.95
ch2_ohr_ncp_20251105T0849435342_d_img_d18_x11520_y60800.png,0.3126,177.93,350.65,186.21,362.15
ch2_ohr_ncp_20251105T0849435342_d_img_d18_x11520_y60800.png,0.3029,176.38,352.33,184.05,363.7
ch2_ohr_ncp_20251105T0849435342_d_img_d18_x11520_y60800.png,0.2952,369.24,451.37,375.73,459.75
ch2_ohr_ncp_20251105T0849435342_d_img_d18_x11520_y60800.png,0.2794,228.33,499.8,235.32,507.93
ch2_ohr_ncp_20251105T0849435342_d_img_d18_x11520_y60800.png,0.2682,467.04,353.63,476.29,362.96
ch2_ohr_ncp_20251105T0849435342_d_img_d18_x11520_y60800.png,0.2681,471.61,543.4,478.1,553.09
ch2_ohr_ncp_20251105T0849435342_d_img_d18_x11520_y60800.png,0.2659,463.06,200.87,470.85,210.16
ch2_ohr_ncp_20251105T0849435342_d_img_d18_x11520_y60800.png,0.2542,129.06,499.8,135.99,508.89
ch2_ohr_ncp_20251105T0849435342_d_img_d18_x11520_y61440.png,0.5302,430.8,516.96,440.84,529.18
ch2_ohr_ncp_20251105T0849435342_d_img_d18_x11520_y61440.png,0.4461,95.32,357.88,104.95,370.25
ch2_ohr_ncp_20251105T0849435342_d_img_d18_x11520_y61440.png,0.2872,469.71,576.75,475.56,583.02
ch2_ohr_ncp_20251105T0849435342_d_img_d18_x11520_y61440.png,0.2794,24.8,560.89,41.81,577.16
ch2_ohr_ncp_20251105T0849435342_d_img_d18_x11520_y61440.png,0.2686,0.0,59.01,5.21,68.8
ch2_ohr_ncp_20251105T0849435342_d_img_d18_x11520_y61440.png,0.2615,45.4,510.32,66.4,533.32
ch2_ohr_ncp_20251105T0849435342_d_img_d18_x11520_y61440.png,0.2579,56.75,43.33,63.76,52.72
ch2_ohr_ncp_20251105T0849435342_d_img_d18_x11520_y61440.png,0.2538,107.38,132.38,115.14,141.53
ch2_ohr_ncp_20251105T0849435342_d_img_d18_x11520_y61440.png,0.2385,324.25,405.73,330.06,413.75
ch2_ohr_ncp_20251105T0849435342_d_img_d18_x11520_y61440.png,0.2385,408.57,95.18,425.89,118.6
ch2_ohr_ncp_20251105T0849435342_d_img_d18_x11520_y61440.png,0.2333,108.74,188.27,121.19,206.39
ch2_ohr_ncp_20251105T0849435342_d_img_d18_x11520_y61440.png,0.2317,140.62,84.55,154.51,113.48
ch2_ohr_ncp_20251105T0849435342_d_img_d18_x11520_y61440.png,0.2306,430.4,591.19,440.01,600.4
ch2_ohr_ncp_20251105T0849435342_d_img_d18_x11520_y61440.png,0.218,405.18,98.87,426.0,127.8
ch2_ohr_ncp_20251105T0849435342_d_img_d18_x11520_y61440.png,0.2147,399.16,104.23,406.66,111.78
ch2_ohr_ncp_20251105T0849435342_d_img_d18_x11520_y61440.png,0.2005,242.94,306.24,249.74,316.74
ch2_ohr_ncp_20251105T0849435342_d_img_d18_x11520_y62080.png,0.4977,335.03,408.51,346.57,425.45
ch2_ohr_ncp_20251105T0849435342_d_img_d18_x11520_y62080.png,0.4692,0.11,10.95,7.22,18.84
ch2_ohr_ncp_20251105T0849435342_d_img_d18_x11520_y62080.png,0.4262,17.89,375.67,60.9,431.95
ch2_ohr_ncp_20251105T0849435342_d_img_d18_x11520_y62080.png,0.3759,307.6,62.82,315.31,73.17
ch2_ohr_ncp_20251105T0849435342_d_img_d18_x11520_y62080.png,0.3353,421.45,131.45,436.65,150.85
ch2_ohr_ncp_20251105T0849435342_d_img_d18_x11520_y62080.png,0.3153,291.74,471.68,298.26,480.82
ch2_ohr_ncp_20251105T0849435342_d_img_d18_x11520_y62080.png,0.2886,239.57,51.79,245.73,60.36
ch2_ohr_ncp_20251105T0849435342_d_img_d18_x11520_y62080.png,0.2708,218.71,58.23,225.9,68.47
ch2_ohr_ncp_20251105T0849435342_d_img_d18_x11520_y62080.png,0.2585,23.56,377.09,56.07,414.83
ch2_ohr_ncp_20251105T0849435342_d_img_d18_x11520_y62080.png,0.244,273.72,413.75,283.12,424.07
ch2_ohr_ncp_20251105T0849435342_d_img_d18_x11520_y62080.png,0.2389,344.54,263.64,353.24,273.52
ch2_ohr_ncp_20251105T0849435342_d_img_d18_x11520_y62080.png,0.2203,412.66,154.91,456.8,187.98
ch2_ohr_ncp_20251105T0849435342_d_img_d18_x11520_y62080.png,0.2125,1.4,10.73,8.58,18.56
ch2_ohr_ncp_20251105T0849435342_d_img_d18_x11520_y62080.png,0.2111,400.72,151.1,461.08,214.11
ch2_ohr_ncp_20251105T0849435342_d_img_d18_x11520_y62720.png,0.4502,448.92,206.62,466.02,227.7
ch2_ohr_ncp_20251105T0849435342_d_img_d18_x11520_y62720.png,0.3308,238.52,545.92,245.94,554.1
ch2_ohr_ncp_20251105T0849435342_d_img_d18_x11520_y62720.png,0.2912,105.67,498.09,123.0,520.06
ch2_ohr_ncp_20251105T0849435342_d_img_d18_x11520_y62720.png,0.2743,75.25,342.08,83.21,353.8
ch2_ohr_ncp_20251105T0849435342_d_img_d18_x11520_y62720.png,0.2736,121.29,47.59,128.3,56.6
ch2_ohr_ncp_20251105T0849435342_d_img_d18_x11520_y62720.png,0.2674,19.63,412.55,32.78,427.63
ch2_ohr_ncp_20251105T0849435342_d_img_d18_x11520_y62720.png,0.2423,338.02,300.7,346.68,310.67
ch2_ohr_ncp_20251105T0849435342_d_img_d18_x11520_y62720.png,0.2085,71.12,220.45,81.29,232.32
ch2_ohr_ncp_20251105T0849435342_d_img_d18_x11520_y63360.png,0.3854,157.03,306.8,170.36,319.82
ch2_ohr_ncp_20251105T0849435342_d_img_d18_x11520_y63360.png,0.3392,455.93,621.2,465.53,631.95
ch2_ohr_ncp_20251105T0849435342_d_img_d18_x11520_y63360.png,0.3243,30.3,312.19,37.44,320.46
ch2_ohr_ncp_20251105T0849435342_d_img_d18_x11520_y63360.png,0.2892,329.09,349.47,337.41,359.54
ch2_ohr_ncp_20251105T0849435342_d_img_d18_x11520_y63360.png,0.2673,399.13,376.18,407.35,385.43
ch2_ohr_ncp_20251105T0849435342_d_img_d18_x11520_y63360.png,0.2398,196.55,617.82,208.97,636.32
ch2_ohr_ncp_20251105T0849435342_d_img_d18_x11520_y63360.png,0.2396,239.16,633.71,246.93,639.77
ch2_ohr_ncp_20251105T0849435342_d_img_d18_x11520_y63360.png,0.2393,269.7,591.45,285.75,618.08
ch2_ohr_ncp_20251105T0849435342_d_img_d18_x11520_y63360.png,0.2374,75.79,571.25,82.85,579.37
ch2_ohr_ncp_20251105T0849435342_d_img_d18_x11520_y63360.png,0.2193,67.4,157.3,90.56,181.94
ch2_ohr_ncp_20251105T0849435342_d_img_d18_x11520_y63360.png,0.2151,126.58,341.04,136.96,354.98
ch2_ohr_ncp_20251105T0849435342_d_img_d18_x11520_y63360.png,0.2085,183.71,269.25,192.59,280.72
ch2_ohr_ncp_20251105T0849435342_d_img_d18_x11520_y63360.png,0.2076,374.98,622.9,381.24,630.72
ch2_ohr_ncp_20251105T0849435342_d_img_d18_x11520_y63360.png,0.2065,75.49,280.28,81.88,287.59
ch2_ohr_ncp_20251105T0849435342_d_img_d18_x11520_y63360.png,0.2005,303.26,91.13,328.5,126.34
ch2_ohr_ncp_20251105T0849435342_d_img_d18_x11520_y64000.png,0.3379,438.66,436.56,447.24,448.02
ch2_ohr_ncp_20251105T0849435342_d_img_d18_x11520_y64000.png,0.2992,455.42,282.37,462.02,293.56
ch2_ohr_ncp_20251105T0849435342_d_img_d18_x11520_y64640.png,0.4853,469.84,71.29,478.78,84.98
ch2_ohr_ncp_20251105T0849435342_d_img_d18_x11520_y64640.png,0.4118,366.1,618.74,375.2,630.65
ch2_ohr_ncp_20251105T0849435342_d_img_d18_x11520_y64640.png,0.3671,101.22,560.05,121.89,585.72
ch2_ohr_ncp_20251105T0849435342_d_img_d18_x11520_y64640.png,0.343,376.45,182.75,384.84,191.81
ch2_ohr_ncp_20251105T0849435342_d_img_d18_x11520_y64640.png,0.3259,360.05,199.78,371.44,213.04
ch2_ohr_ncp_20251105T0849435342_d_img_d18_x11520_y64640.png,0.3046,56.06,357.73,65.64,373.28
ch2_ohr_ncp_20251105T0849435342_d_img_d18_x11520_y64640.png,0.3028,215.25,294.54,224.94,304.33
ch2_ohr_ncp_20251105T0849435342_d_img_d18_x11520_y64640.png,0.2929,177.22,49.47,190.79,65.92
ch2_ohr_ncp_20251105T0849435342_d_img_d18_x11520_y64640.png,0.2533,281.44,337.4,303.85,366.89
ch2_ohr_ncp_20251105T0849435342_d_img_d18_x11520_y65280.png,0.4074,27.91,469.25,35.64,479.03
ch2_ohr_ncp_20251105T0849435342_d_img_d18_x11520_y65280.png,0.3976,239.33,352.65,246.75,362.3
ch2_ohr_ncp_20251105T0849435342_d_img_d18_x11520_y65280.png,0.3848,428.08,615.01,435.63,624.66
ch2_ohr_ncp_20251105T0849435342_d_img_d18_x11520_y65280.png,0.3373,71.01,467.7,91.0,489.67
ch2_ohr_ncp_20251105T0849435342_d_img_d18_x11520_y65280.png,0.3152,21.41,490.48,27.54,497.86
ch2_ohr_ncp_20251105T0849435342_d_img_d18_x11520_y65280.png,0.3053,243.86,373.0,250.6,383.92
ch2_ohr_ncp_20251105T0849435342_d_img_d18_x11520_y65280.png,0.3001,370.42,504.49,376.76,512.37
ch2_ohr_ncp_20251105T0849435342_d_img_d18_x11520_y65280.png,0.284,342.1,494.44,352.02,508.77
ch2_ohr_ncp_20251105T0849435342_d_img_d18_x11520_y65280.png,0.2814,422.23,352.24,429.59,360.97
ch2_ohr_ncp_20251105T0849435342_d_img_d18_x11520_y65280.png,0.2438,192.17,548.07,204.11,561.74
ch2_ohr_ncp_20251105T0849435342_d_img_d18_x11520_y65280.png,0.2432,20.82,490.59,26.08,497.33
ch2_ohr_ncp_20251105T0849435342_d_img_d18_x11520_y65280.png,0.2226,250.68,517.51,266.8,549.54
ch2_ohr_ncp_20251105T0849435342_d_img_d18_x11520_y65920.png,0.3422,353.52,536.8,359.81,544.54
ch2_ohr_ncp_20251105T0849435342_d_img_d18_x11520_y65920.png,0.3093,398.72,545.99,407.61,558.29
ch2_ohr_ncp_20251105T0849435342_d_img_d18_x11520_y65920.png,0.2836,388.12,225.98,396.55,237.42
ch2_ohr_ncp_20251105T0849435342_d_img_d18_x11520_y65920.png,0.279,65.62,597.3,73.95,605.94
ch2_ohr_ncp_20251105T0849435342_d_img_d18_x11520_y65920.png,0.2441,78.74,159.6,89.02,170.56
ch2_ohr_ncp_20251105T0849435342_d_img_d18_x11520_y65920.png,0.2123,95.71,245.99,103.88,259.14
ch2_ohr_ncp_20251105T0849435342_d_img_d18_x11520_y66560.png,0.4558,129.71,507.28,138.73,517.1
ch2_ohr_ncp_20251105T0849435342_d_img_d18_x11520_y66560.png,0.4527,150.81,625.73,159.51,636.17
ch2_ohr_ncp_20251105T0849435342_d_img_d18_x11520_y66560.png,0.4114,170.36,253.82,178.6,263.07
ch2_ohr_ncp_20251105T0849435342_d_img_d18_x11520_y66560.png,0.3983,393.9,566.24,417.14,593.05
ch2_ohr_ncp_20251105T0849435342_d_img_d18_x11520_y66560.png,0.3856,468.89,419.64,477.08,429.63
ch2_ohr_ncp_20251105T0849435342_d_img_d18_x11520_y66560.png,0.3599,123.63,203.83,130.71,211.62
ch2_ohr_ncp_20251105T0849435342_d_img_d18_x11520_y66560.png,0.3569,295.72,145.41,302.43,156.31
ch2_ohr_ncp_20251105T0849435342_d_img_d18_x11520_y66560.png,0.352,469.7,419.61,478.35,430.89
ch2_ohr_ncp_20251105T0849435342_d_img_d18_x11520_y66560.png,0.2499,92.85,347.76,98.5,355.18
ch2_ohr_ncp_20251105T0849435342_d_img_d18_x11520_y66560.png,0.2399,93.71,93.72,102.37,106.01
ch2_ohr_ncp_20251105T0849435342_d_img_d18_x11520_y66560.png,0.2314,459.84,404.26,465.42,412.68
ch2_ohr_ncp_20251105T0849435342_d_img_d18_x11520_y66560.png,0.2253,149.41,626.17,158.47,636.94
ch2_ohr_ncp_20251105T0849435342_d_img_d18_x11520_y66560.png,0.2218,138.51,366.15,148.31,381.33
ch2_ohr_ncp_20251105T0849435342_d_img_d18_x11520_y66560.png,0.2217,336.65,609.88,356.3,635.53
ch2_ohr_ncp_20251105T0849435342_d_img_d18_x11520_y66560.png,0.2124,149.87,33.26,161.82,46.91
ch2_ohr_ncp_20251105T0849435342_d_img_d18_x11520_y67200.png,0.4755,79.55,454.61,89.59,466.68
ch2_ohr_ncp_20251105T0849435342_d_img_d18_x11520_y67200.png,0.4612,6.12,319.12,15.64,334.17
ch2_ohr_ncp_20251105T0849435342_d_img_d18_x11520_y67200.png,0.4196,194.55,302.21,209.11,323.99
ch2_ohr_ncp_20251105T0849435342_d_img_d18_x11520_y67200.png,0.3977,215.72,166.18,226.36,179.75
ch2_ohr_ncp_20251105T0849435342_d_img_d18_x11520_y67200.png,0.3534,394.21,310.12,414.62,333.4
ch2_ohr_ncp_20251105T0849435342_d_img_d18_x11520_y67200.png,0.3364,288.64,471.98,296.36,481.07
ch2_ohr_ncp_20251105T0849435342_d_img_d18_x11520_y67200.png,0.2895,179.78,613.14,187.15,620.57
ch2_ohr_ncp_20251105T0849435342_d_img_d18_x11520_y67200.png,0.2812,330.08,14.95,361.96,42.33
ch2_ohr_ncp_20251105T0849435342_d_img_d18_x11520_y67200.png,0.2792,404.9,267.04,417.05,287.6
ch2_ohr_ncp_20251105T0849435342_d_img_d18_x11520_y67200.png,0.2741,0.01,86.53,6.34,96.85
ch2_ohr_ncp_20251105T0849435342_d_img_d18_x11520_y67200.png,0.2702,148.41,455.56,157.62,467.11
ch2_ohr_ncp_20251105T0849435342_d_img_d18_x11520_y67200.png,0.2654,333.24,13.54,364.11,36.24
ch2_ohr_ncp_20251105T0849435342_d_img_d18_x11520_y67200.png,0.2542,81.48,126.86,89.76,136.77
ch2_ohr_ncp_20251105T0849435342_d_img_d18_x11520_y67200.png,0.249,174.62,70.43,181.7,80.98
ch2_ohr_ncp_20251105T0849435342_d_img_d18_x11520_y67200.png,0.2442,393.6,295.17,403.04,305.56
ch2_ohr_ncp_20251105T0849435342_d_img_d18_x11520_y67200.png,0.2423,389.43,191.65,398.95,200.47
ch2_ohr_ncp_20251105T0849435342_d_img_d18_x11520_y67200.png,0.2234,301.85,334.25,310.43,343.39
ch2_ohr_ncp_20251105T0849435342_d_img_d18_x11520_y67200.png,0.2232,204.5,164.99,210.72,173.93
ch2_ohr_ncp_20251105T0849435342_d_img_d18_x11520_y67200.png,0.2198,116.52,383.07,128.76,397.98
ch2_ohr_ncp_20251105T0849435342_d_img_d18_x11520_y67840.png,0.3573,156.12,584.63,178.57,613.25
ch2_ohr_ncp_20251105T0849435342_d_img_d18_x11520_y67840.png,0.2544,140.12,614.63,157.26,634.05
ch2_ohr_ncp_20251105T0849435342_d_img_d18_x11520_y67840.png,0.2265,321.43,24.1,327.25,31.67
ch2_ohr_ncp_20251105T0849435342_d_img_d18_x11520_y67840.png,0.2157,328.76,358.23,337.28,368.67
ch2_ohr_ncp_20251105T0849435342_d_img_d18_x11520_y67840.png,0.2002,440.4,493.96,448.7,508.46
ch2_ohr_ncp_20251105T0849435342_d_img_d18_x11520_y68480.png,0.4483,203.35,632.1,210.69,639.22
ch2_ohr_ncp_20251105T0849435342_d_img_d18_x11520_y68480.png,0.3289,1.97,345.16,9.49,353.72
ch2_ohr_ncp_20251105T0849435342_d_img_d18_x11520_y68480.png,0.3044,250.26,527.37,273.01,563.97
ch2_ohr_ncp_20251105T0849435342_d_img_d18_x11520_y68480.png,0.289,433.79,483.16,460.7,532.07
ch2_ohr_ncp_20251105T0849435342_d_img_d18_x11520_y68480.png,0.2659,465.5,453.5,474.67,465.12
ch2_ohr_ncp_20251105T0849435342_d_img_d18_x11520_y68480.png,0.2416,273.63,625.99,281.94,636.59
ch2_ohr_ncp_20251105T0849435342_d_img_d18_x11520_y68480.png,0.2415,427.66,60.66,433.65,68.0
ch2_ohr_ncp_20251105T0849435342_d_img_d18_x11520_y68480.png,0.2079,417.97,179.58,428.12,192.37
ch2_ohr_ncp_20251105T0849435342_d_img_d18_x11520_y68480.png,0.2003,69.16,160.96,74.91,167.94
ch2_ohr_ncp_20251105T0849435342_d_img_d18_x11520_y69120.png,0.4163,47.42,325.83,57.56,342.08
ch2_ohr_ncp_20251105T0849435342_d_img_d18_x11520_y69120.png,0.397,391.25,632.9,399.67,639.56
ch2_ohr_ncp_20251105T0849435342_d_img_d18_x11520_y69120.png,0.3761,342.8,621.97,353.28,634.32
ch2_ohr_ncp_20251105T0849435342_d_img_d18_x11520_y69120.png,0.3688,25.86,612.74,36.26,625.58
ch2_ohr_ncp_20251105T0849435342_d_img_d18_x11520_y69120.png,0.3676,219.32,360.79,227.07,369.63
ch2_ohr_ncp_20251105T0849435342_d_img_d18_x11520_y69120.png,0.3629,447.72,480.91,454.89,488.38
ch2_ohr_ncp_20251105T0849435342_d_img_d18_x11520_y69120.png,0.342,66.92,287.8,73.89,296.65
ch2_ohr_ncp_20251105T0849435342_d_img_d18_x11520_y69120.png,0.3331,445.74,516.17,466.22,540.45
ch2_ohr_ncp_20251105T0849435342_d_img_d18_x11520_y69120.png,0.3301,407.5,99.14,418.16,111.24
ch2_ohr_ncp_20251105T0849435342_d_img_d18_x11520_y69120.png,0.3293,56.02,429.92,69.49,449.72
ch2_ohr_ncp_20251105T0849435342_d_img_d18_x11520_y69120.png,0.3254,333.01,331.01,340.28,340.48
ch2_ohr_ncp_20251105T0849435342_d_img_d18_x11520_y69120.png,0.3252,218.71,362.16,225.3,370.34
ch2_ohr_ncp_20251105T0849435342_d_img_d18_x11520_y69120.png,0.3226,263.43,0.0,283.61,23.35
ch2_ohr_ncp_20251105T0849435342_d_img_d18_x11520_y69120.png,0.3061,27.51,407.6,36.14,419.01
ch2_ohr_ncp_20251105T0849435342_d_img_d18_x11520_y69120.png,0.2995,421.72,162.85,438.99,187.93
ch2_ohr_ncp_20251105T0849435342_d_img_d18_x11520_y69120.png,0.2958,46.92,326.77,55.32,341.7
ch2_ohr_ncp_20251105T0849435342_d_img_d18_x11520_y69120.png,0.2866,125.58,26.67,140.42,50.5
ch2_ohr_ncp_20251105T0849435342_d_img_d18_x11520_y69120.png,0.2815,435.98,560.17,444.91,569.86
ch2_ohr_ncp_20251105T0849435342_d_img_d18_x11520_y69120.png,0.2774,270.06,367.44,276.97,375.68
ch2_ohr_ncp_20251105T0849435342_d_img_d18_x11520_y69120.png,0.2754,438.0,97.83,448.44,113.51
ch2_ohr_ncp_20251105T0849435342_d_img_d18_x11520_y69120.png,0.2516,52.84,151.01,67.38,174.08
ch2_ohr_ncp_20251105T0849435342_d_img_d18_x11520_y69120.png,0.2508,424.15,115.02,430.3,121.09
ch2_ohr_ncp_20251105T0849435342_d_img_d18_x11520_y69120.png,0.2483,387.99,286.62,393.84,293.55
ch2_ohr_ncp_20251105T0849435342_d_img_d18_x11520_y69120.png,0.2304,355.49,623.19,379.24,638.32
ch2_ohr_ncp_20251105T0849435342_d_img_d18_x11520_y69120.png,0.2226,35.5,79.46,42.54,89.84
ch2_ohr_ncp_20251105T0849435342_d_img_d18_x11520_y69120.png,0.2194,151.0,427.37,161.59,442.36
ch2_ohr_ncp_20251105T0849435342_d_img_d18_x11520_y69760.png,0.4233,459.06,504.73,465.55,512.79
ch2_ohr_ncp_20251105T0849435342_d_img_d18_x11520_y69760.png,0.3329,239.87,116.4,250.42,131.31
ch2_ohr_ncp_20251105T0849435342_d_img_d18_x11520_y69760.png,0.2815,203.02,379.27,209.72,388.9
ch2_ohr_ncp_20251105T0849435342_d_img_d18_x11520_y69760.png,0.2797,110.55,340.29,122.13,354.29
ch2_ohr_ncp_20251105T0849435342_d_img_d18_x11520_y69760.png,0.2689,131.29,519.75,138.04,528.14
ch2_ohr_ncp_20251105T0849435342_d_img_d18_x11520_y69760.png,0.2642,324.52,395.23,340.04,419.81
ch2_ohr_ncp_20251105T0849435342_d_img_d18_x11520_y69760.png,0.2595,184.97,211.26,194.84,227.88
ch2_ohr_ncp_20251105T0849435342_d_img_d18_x11520_y69760.png,0.2549,57.44,263.39,66.46,273.12
ch2_ohr_ncp_20251105T0849435342_d_img_d18_x11520_y69760.png,0.2338,106.86,611.71,126.44,638.26
ch2_ohr_ncp_20251105T0849435342_d_img_d18_x11520_y69760.png,0.232,299.72,631.66,306.47,638.52
ch2_ohr_ncp_20251105T0849435342_d_img_d18_x11520_y69760.png,0.2308,154.09,20.22,162.03,29.24
ch2_ohr_ncp_20251105T0849435342_d_img_d18_x11520_y69760.png,0.2082,412.37,543.57,427.84,561.95
ch2_ohr_ncp_20251105T0849435342_d_img_d18_x11520_y70400.png,0.4217,221.28,532.28,233.91,547.35
ch2_ohr_ncp_20251105T0849435342_d_img_d18_x11520_y70400.png,0.3219,66.71,302.11,73.67,310.56
ch2_ohr_ncp_20251105T0849435342_d_img_d18_x11520_y70400.png,0.2627,400.34,558.21,407.55,570.48
ch2_ohr_ncp_20251105T0849435342_d_img_d18_x11520_y70400.png,0.2391,3.61,259.46,8.9,266.52
ch2_ohr_ncp_20251105T0849435342_d_img_d18_x11520_y70400.png,0.2362,87.29,484.37,99.14,494.6
ch2_ohr_ncp_20251105T0849435342_d_img_d18_x11520_y70400.png,0.2332,4.24,74.19,11.27,81.86
ch2_ohr_ncp_20251105T0849435342_d_img_d18_x11520_y70400.png,0.232,0.34,504.65,6.01,512.76
ch2_ohr_ncp_20251105T0849435342_d_img_d18_x11520_y70400.png,0.2261,239.53,329.53,249.24,339.98
ch2_ohr_ncp_20251105T0849435342_d_img_d18_x11520_y70400.png,0.2221,397.54,543.68,410.25,558.38
ch2_ohr_ncp_20251105T0849435342_d_img_d18_x11520_y70400.png,0.2205,113.79,632.83,121.56,639.21
ch2_ohr_ncp_20251105T0849435342_d_img_d18_x11520_y70400.png,0.22,103.34,344.88,111.82,357.19
ch2_ohr_ncp_20251105T0849435342_d_img_d18_x11520_y70400.png,0.219,417.27,440.61,428.62,453.54
ch2_ohr_ncp_20251105T0849435342_d_img_d18_x11520_y70400.png,0.2178,208.36,539.72,215.52,549.89
ch2_ohr_ncp_20251105T0849435342_d_img_d18_x11520_y70400.png,0.211,130.05,238.25,137.06,247.77
ch2_ohr_ncp_20251105T0849435342_d_img_d18_x11520_y71040.png,0.387,470.78,626.87,479.75,638.42
ch2_ohr_ncp_20251105T0849435342_d_img_d18_x11520_y71680.png,0.3911,460.75,434.7,476.94,458.24
ch2_ohr_ncp_20251105T0849435342_d_img_d18_x11520_y71680.png,0.3828,375.33,622.93,388.32,635.76
ch2_ohr_ncp_20251105T0849435342_d_img_d18_x11520_y71680.png,0.3777,155.71,574.33,172.87,598.83
ch2_ohr_ncp_20251105T0849435342_d_img_d18_x11520_y71680.png,0.2593,121.31,300.68,129.35,311.16
ch2_ohr_ncp_20251105T0849435342_d_img_d18_x11520_y71680.png,0.2318,293.97,488.38,301.81,498.23
ch2_ohr_ncp_20251105T0849435342_d_img_d18_x11520_y71680.png,0.2207,113.49,149.29,121.44,159.21
ch2_ohr_ncp_20251105T0849435342_d_img_d18_x11520_y71680.png,0.2145,48.78,333.94,74.56,358.22
ch2_ohr_ncp_20251105T0849435342_d_img_d18_x11520_y71680.png,0.2088,129.22,394.94,136.84,405.31
ch2_ohr_ncp_20251105T0849435342_d_img_d18_x11520_y72320.png,0.3581,101.97,618.3,126.54,639.38
ch2_ohr_ncp_20251105T0849435342_d_img_d18_x11520_y72320.png,0.2956,28.04,74.81,35.55,85.85
ch2_ohr_ncp_20251105T0849435342_d_img_d18_x11520_y72320.png,0.2277,137.5,257.16,149.47,270.75
ch2_ohr_ncp_20251105T0849435342_d_img_d18_x11520_y72320.png,0.2206,415.45,201.05,425.99,219.42
ch2_ohr_ncp_20251105T0849435342_d_img_d18_x11520_y72320.png,0.2176,391.69,208.06,398.77,216.76
ch2_ohr_ncp_20251105T0849435342_d_img_d18_x11520_y72320.png,0.2011,70.93,134.16,80.78,144.01
ch2_ohr_ncp_20251105T0849435342_d_img_d18_x11520_y72320.png,0.2003,232.59,138.91,240.26,148.34
ch2_ohr_ncp_20251105T0849435342_d_img_d18_x11520_y72960.png,0.4655,436.57,148.43,449.96,163.09
ch2_ohr_ncp_20251105T0849435342_d_img_d18_x11520_y72960.png,0.329,99.39,0.34,109.91,13.59
ch2_ohr_ncp_20251105T0849435342_d_img_d18_x11520_y72960.png,0.3173,202.39,413.71,209.95,422.87
ch2_ohr_ncp_20251105T0849435342_d_img_d18_x11520_y72960.png,0.2947,389.26,424.84,408.76,452.1
ch2_ohr_ncp_20251105T0849435342_d_img_d18_x11520_y72960.png,0.28,135.78,329.58,144.97,345.28
ch2_ohr_ncp_20251105T0849435342_d_img_d18_x11520_y72960.png,0.2786,334.99,43.83,345.3,62.51
ch2_ohr_ncp_20251105T0849435342_d_img_d18_x11520_y72960.png,0.2778,368.95,248.26,378.31,260.38
ch2_ohr_ncp_20251105T0849435342_d_img_d18_x11520_y72960.png,0.2766,239.07,409.21,255.29,431.03
ch2_ohr_ncp_20251105T0849435342_d_img_d18_x11520_y72960.png,0.2621,209.74,408.82,215.69,415.65
ch2_ohr_ncp_20251105T0849435342_d_img_d18_x11520_y72960.png,0.2459,347.13,372.44,354.77,381.56
ch2_ohr_ncp_20251105T0849435342_d_img_d18_x11520_y72960.png,0.2291,109.48,206.68,119.43,219.08
ch2_ohr_ncp_20251105T0849435342_d_img_d18_x11520_y72960.png,0.2175,303.65,0.0,312.8,6.7
ch2_ohr_ncp_20251105T0849435342_d_img_d18_x11520_y72960.png,0.2102,0.62,208.23,11.96,230.56
ch2_ohr_ncp_20251105T0849435342_d_img_d18_x11520_y72960.png,0.2091,364.67,96.9,376.15,110.11
ch2_ohr_ncp_20251105T0849435342_d_img_d18_x11520_y72960.png,0.2072,233.65,629.41,242.68,638.0
ch2_ohr_ncp_20251105T0849435342_d_img_d18_x11520_y72960.png,0.2017,55.45,318.36,76.27,348.2
ch2_ohr_ncp_20251105T0849435342_d_img_d18_x11520_y72960.png,0.2004,148.67,338.69,160.12,358.08
ch2_ohr_ncp_20251105T0849435342_d_img_d18_x11520_y73600.png,0.5042,255.8,588.19,263.93,599.92
ch2_ohr_ncp_20251105T0849435342_d_img_d18_x11520_y73600.png,0.4267,323.04,72.36,329.55,79.49
ch2_ohr_ncp_20251105T0849435342_d_img_d18_x11520_y73600.png,0.32,38.97,583.75,48.31,600.41
ch2_ohr_ncp_20251105T0849435342_d_img_d18_x11520_y73600.png,0.3068,31.98,130.4,40.32,145.92
ch2_ohr_ncp_20251105T0849435342_d_img_d18_x11520_y73600.png,0.2986,320.6,215.22,328.89,224.91
ch2_ohr_ncp_20251105T0849435342_d_img_d18_x11520_y73600.png,0.2709,432.83,372.36,449.81,396.19
ch2_ohr_ncp_20251105T0849435342_d_img_d18_x11520_y73600.png,0.2694,314.79,108.64,341.02,143.7
ch2_ohr_ncp_20251105T0849435342_d_img_d18_x11520_y73600.png,0.2542,131.45,8.01,141.23,22.62
ch2_ohr_ncp_20251105T0849435342_d_img_d18_x11520_y73600.png,0.2535,26.16,199.48,31.13,205.98
ch2_ohr_ncp_20251105T0849435342_d_img_d18_x11520_y73600.png,0.2529,422.16,88.28,441.16,115.63
ch2_ohr_ncp_20251105T0849435342_d_img_d18_x11520_y73600.png,0.2485,129.45,484.69,137.1,495.09
ch2_ohr_ncp_20251105T0849435342_d_img_d18_x11520_y73600.png,0.2479,73.89,407.05,95.91,437.86
ch2_ohr_ncp_20251105T0849435342_d_img_d18_x11520_y73600.png,0.2429,397.84,498.8,409.44,511.74
ch2_ohr_ncp_20251105T0849435342_d_img_d18_x11520_y73600.png,0.2321,458.05,378.41,465.84,388.72
ch2_ohr_ncp_20251105T0849435342_d_img_d18_x11520_y73600.png,0.226,328.64,175.82,335.16,183.7
ch2_ohr_ncp_20251105T0849435342_d_img_d18_x11520_y73600.png,0.2211,84.11,11.03,91.66,19.24
ch2_ohr_ncp_20251105T0849435342_d_img_d18_x11520_y73600.png,0.219,146.34,128.48,157.13,142.58
ch2_ohr_ncp_20251105T0849435342_d_img_d18_x11520_y73600.png,0.2156,84.87,11.08,94.0,19.53
ch2_ohr_ncp_20251105T0849435342_d_img_d18_x11520_y73600.png,0.2126,353.42,82.32,368.91,104.04
ch2_ohr_ncp_20251105T0849435342_d_img_d18_x11520_y73600.png,0.2,337.34,334.59,343.31,341.41
ch2_ohr_ncp_20251105T0849435342_d_img_d18_x11520_y74240.png,0.4373,463.85,618.38,476.66,634.99
ch2_ohr_ncp_20251105T0849435342_d_img_d18_x11520_y74240.png,0.3766,139.59,599.54,150.53,611.1
ch2_ohr_ncp_20251105T0849435342_d_img_d18_x11520_y74240.png,0.3733,15.88,103.26,25.63,115.41
ch2_ohr_ncp_20251105T0849435342_d_img_d18_x11520_y74240.png,0.3674,245.69,131.71,254.84,145.38
ch2_ohr_ncp_20251105T0849435342_d_img_d18_x11520_y74240.png,0.364,207.98,167.87,215.98,177.44
ch2_ohr_ncp_20251105T0849435342_d_img_d18_x11520_y74240.png,0.3331,0.73,136.35,8.96,149.19
ch2_ohr_ncp_20251105T0849435342_d_img_d18_x11520_y74240.png,0.3163,359.56,45.68,375.54,67.11
ch2_ohr_ncp_20251105T0849435342_d_img_d18_x11520_y74240.png,0.3102,284.24,150.79,304.11,173.08
ch2_ohr_ncp_20251105T0849435342_d_img_d18_x11520_y74240.png,0.3001,281.64,84.37,289.54,92.8
ch2_ohr_ncp_20251105T0849435342_d_img_d18_x11520_y74240.png,0.2835,425.51,504.85,438.55,520.7
ch2_ohr_ncp_20251105T0849435342_d_img_d18_x11520_y74240.png,0.2783,341.43,79.36,353.91,92.03
ch2_ohr_ncp_20251105T0849435342_d_img_d18_x11520_y74240.png,0.2364,328.1,442.56,336.5,449.48
ch2_ohr_ncp_20251105T0849435342_d_img_d18_x11520_y74240.png,0.2271,422.44,505.73,437.7,525.5
ch2_ohr_ncp_20251105T0849435342_d_img_d18_x11520_y74240.png,0.2249,242.71,469.51,254.72,483.77
ch2_ohr_ncp_20251105T0849435342_d_img_d18_x11520_y74240.png,0.2246,256.24,84.91,262.95,92.74
ch2_ohr_ncp_20251105T0849435342_d_img_d18_x11520_y74240.png,0.22,314.45,413.66,324.21,428.23
ch2_ohr_ncp_20251105T0849435342_d_img_d18_x11520_y74240.png,0.2121,278.29,73.91,285.55,80.8
ch2_ohr_ncp_20251105T0849435342_d_img_d18_x11520_y74240.png,0.2036,236.88,151.89,241.96,158.34
ch2_ohr_ncp_20251105T0849435342_d_img_d18_x11520_y74880.png,0.606,461.93,606.02,477.79,629.5
ch2_ohr_ncp_20251105T0849435342_d_img_d18_x11520_y74880.png,0.4789,118.4,124.17,129.44,137.56
ch2_ohr_ncp_20251105T0849435342_d_img_d18_x11520_y74880.png,0.4742,312.57,336.83,328.55,355.77
ch2_ohr_ncp_20251105T0849435342_d_img_d18_x11520_y74880.png,0.4678,148.67,163.72,160.58,179.24
ch2_ohr_ncp_20251105T0849435342_d_img_d18_x11520_y74880.png,0.4588,364.64,504.8,373.95,518.72
ch2_ohr_ncp_20251105T0849435342_d_img_d18_x11520_y74880.png,0.4246,210.8,122.26,218.14,130.33
ch2_ohr_ncp_20251105T0849435342_d_img_d18_x11520_y74880.png,0.4211,74.16,206.02,81.92,215.01
ch2_ohr_ncp_20251105T0849435342_d_img_d18_x11520_y74880.png,0.3717,415.83,158.52,425.37,172.04
ch2_ohr_ncp_20251105T0849435342_d_img_d18_x11520_y74880.png,0.3635,356.34,630.53,361.95,637.48
ch2_ohr_ncp_20251105T0849435342_d_img_d18_x11520_y74880.png,0.3488,342.31,0.9,349.87,8.34
ch2_ohr_ncp_20251105T0849435342_d_img_d18_x11520_y74880.png,0.3483,164.44,445.72,173.42,460.54
ch2_ohr_ncp_20251105T0849435342_d_img_d18_x11520_y74880.png,0.346,15.26,41.52,21.64,48.26
ch2_ohr_ncp_20251105T0849435342_d_img_d18_x11520_y74880.png,0.3459,355.97,476.94,361.55,483.76
ch2_ohr_ncp_20251105T0849435342_d_img_d18_x11520_y74880.png,0.3203,79.47,323.37,86.87,333.53
ch2_ohr_ncp_20251105T0849435342_d_img_d18_x11520_y74880.png,0.3186,240.71,161.33,246.86,170.45
ch2_ohr_ncp_20251105T0849435342_d_img_d18_x11520_y74880.png,0.3183,14.51,613.97,22.22,623.82
ch2_ohr_ncp_20251105T0849435342_d_img_d18_x11520_y74880.png,0.3123,362.64,182.59,369.41,191.16
ch2_ohr_ncp_20251105T0849435342_d_img_d18_x11520_y74880.png,0.312,82.46,186.57,90.13,195.94
ch2_ohr_ncp_20251105T0849435342_d_img_d18_x11520_y74880.png,0.2971,209.49,0.3,218.19,10.09
ch2_ohr_ncp_20251105T0849435342_d_img_d18_x11520_y74880.png,0.2863,356.93,629.74,362.92,636.82
ch2_ohr_ncp_20251105T0849435342_d_img_d18_x11520_y74880.png,0.2837,26.0,427.53,32.41,435.65
ch2_ohr_ncp_20251105T0849435342_d_img_d18_x11520_y74880.png,0.2802,112.57,142.14,121.56,153.88
ch2_ohr_ncp_20251105T0849435342_d_img_d18_x11520_y74880.png,0.2683,123.49,0.7,131.66,8.89
ch2_ohr_ncp_20251105T0849435342_d_img_d18_x11520_y74880.png,0.26,215.93,93.24,220.45,99.33
ch2_ohr_ncp_20251105T0849435342_d_img_d18_x11520_y74880.png,0.2509,459.36,419.29,463.86,424.78
ch2_ohr_ncp_20251105T0849435342_d_img_d18_x11520_y74880.png,0.2443,446.41,41.63,454.95,53.26
ch2_ohr_ncp_20251105T0849435342_d_img_d18_x11520_y74880.png,0.2397,294.5,232.88,302.22,241.44
ch2_ohr_ncp_20251105T0849435342_d_img_d18_x11520_y74880.png,0.2366,71.54,558.85,78.62,566.38
ch2_ohr_ncp_20251105T0849435342_d_img_d18_x11520_y74880.png,0.2242,70.52,266.8,87.34,288.43
ch2_ohr_ncp_20251105T0849435342_d_img_d18_x11520_y74880.png,0.2079,15.98,454.13,22.72,462.39
ch2_ohr_ncp_20251105T0849435342_d_img_d18_x11520_y75520.png,0.2212,25.78,620.73,43.2,638.52
ch2_ohr_ncp_20251105T0849435342_d_img_d18_x11520_y75520.png,0.2198,0.31,288.7,6.8,297.27
ch2_ohr_ncp_20251105T0849435342_d_img_d18_x11520_y76160.png,0.2176,449.16,562.73,463.45,577.56
ch2_ohr_ncp_20251105T0849435342_d_img_d18_x11520_y76800.png,0.2732,221.81,629.82,236.63,639.67
ch2_ohr_ncp_20251105T0849435342_d_img_d18_x11520_y76800.png,0.2082,369.45,138.34,381.33,155.09
ch2_ohr_ncp_20251105T0849435342_d_img_d18_x11520_y78720.png,0.2153,47.36,75.63,55.89,89.98
ch2_ohr_ncp_20251105T1048273563_d_img_d18_x06400_y64000.png,0.3244,477.74,612.88,497.44,639.33
ch2_ohr_ncp_20251105T1048273563_d_img_d18_x07040_y66560.png,0.2001,319.27,233.7,329.76,249.02
ch2_ohr_ncp_20251105T1048273563_d_img_d18_x07680_y62720.png,0.2063,281.91,66.79,289.44,78.21
ch2_ohr_ncp_20251105T1048273563_d_img_d18_x08320_y72960.png,0.2054,626.97,23.53,638.77,38.54
ch2_ohr_ncp_20251105T1048273563_d_img_d18_x08960_y68480.png,0.2291,160.17,1.25,167.35,10.41
ch2_ohr_ncp_20251105T1048273563_d_img_d18_x09600_y51840.png,0.258,62.12,0.0,89.37,25.67
ch2_ohr_ncp_20251105T1048273563_d_img_d18_x09600_y65920.png,0.2072,235.58,165.4,259.22,198.87
ch2_ohr_ncp_20251105T1048273563_d_img_d18_x10240_y53120.png,0.2145,503.4,176.02,515.06,196.96
ch2_ohr_ncp_20251105T1048273563_d_img_d18_x11520_y51840.png,0.4342,451.37,511.85,469.42,533.5
ch2_ohr_ncp_20251105T1048273563_d_img_d18_x11520_y51840.png,0.3409,444.98,498.99,452.19,508.08
ch2_ohr_ncp_20251105T1048273563_d_img_d18_x11520_y55040.png,0.3779,25.97,108.31,32.89,118.36
ch2_ohr_ncp_20251105T1048273563_d_img_d18_x11520_y61440.png,0.3165,439.05,138.68,448.65,150.01
ch2_ohr_ncp_20251105T1048273563_d_img_d18_x11520_y61440.png,0.2641,446.55,488.01,453.69,496.64
ch2_ohr_ncp_20251105T1048273563_d_img_d18_x11520_y61440.png,0.2632,202.61,630.18,211.97,638.64
ch2_ohr_ncp_20251105T1048273563_d_img_d18_x11520_y61440.png,0.232,463.35,630.03,479.17,640.0
ch2_ohr_ncp_20251105T1048273563_d_img_d18_x11520_y65920.png,0.2263,468.68,632.62,478.85,639.89
ch2_ohr_ncp_20251227T1027178560_d_img_d18_x09600_y74240.png,0.2563,105.2,630.4,111.0,634.97
ch2_ohr_ncp_20251227T1027178560_d_img_d18_x10240_y100480.png,0.3847,0.0,466.73,80.18,538.03
ch2_ohr_ncp_20251227T1027178560_d_img_d18_x10240_y100480.png,0.2424,0.27,242.55,81.38,288.62
ch2_ohr_ncp_20251227T1027178560_d_img_d18_x10240_y74240.png,0.3081,434.14,363.04,441.87,369.05
ch2_ohr_ncp_20251227T1027178560_d_img_d18_x10240_y99200.png,0.3418,598.07,624.71,609.74,636.67
ch2_ohr_ncp_20251227T1027178560_d_img_d18_x11520_y92800.png,0.2987,397.62,142.8,412.36,153.93
ch2_ohr_ncp_20251227T1027178560_d_img_d18_x11520_y92800.png,0.2392,366.95,149.88,374.63,157.01
ch2_ohr_ncp_20251227T1027178560_d_img_d18_x11520_y92800.png,0.233,175.48,527.49,184.43,533.37
ch2_ohr_ncp_20251227T1027178560_d_img_d18_x11520_y92800.png,0.2046,459.43,381.69,475.4,395.39
ch2_ohr_ncp_20251227T1027178560_d_img_d18_x11520_y92800.png,0.2012,110.67,414.29,116.09,418.69
