tile,conf,x1,y1,x2,y2
ch2_ohr_ncp_20211228T2209123959_d_img_d18_x00000_y26880.png,0.2454,577.22,344.11,640.0,446.72
ch2_ohr_ncp_20211228T2209123959_d_img_d18_x00000_y27520.png,0.2842,374.22,568.19,407.72,602.34
ch2_ohr_ncp_20211228T2209123959_d_img_d18_x00000_y27520.png,0.2155,247.17,74.14,316.83,174.53
ch2_ohr_ncp_20211228T2209123959_d_img_d18_x00000_y28800.png,0.4032,150.43,250.16,156.35,255.8
ch2_ohr_ncp_20211228T2209123959_d_img_d18_x00000_y28800.png,0.3973,127.25,219.19,133.83,223.85
ch2_ohr_ncp_20211228T2209123959_d_img_d18_x00000_y28800.png,0.3924,73.56,219.75,91.88,235.42
ch2_ohr_ncp_20211228T2209123959_d_img_d18_x00000_y28800.png,0.3888,149.52,191.57,156.37,197.24
ch2_ohr_ncp_20211228T2209123959_d_img_d18_x00000_y28800.png,0.2221,580.77,305.87,640.0,424.99
ch2_ohr_ncp_20211228T2209123959_d_img_d18_x00000_y30080.png,0.321,157.14,383.99,204.24,434.56
ch2_ohr_ncp_20211228T2209123959_d_img_d18_x00000_y30080.png,0.2355,382.42,284.06,394.13,293.81
ch2_ohr_ncp_20211228T2209123959_d_img_d18_x00000_y30080.png,0.2203,319.54,544.25,324.85,549.31
ch2_ohr_ncp_20211228T2209123959_d_img_d18_x00000_y30080.png,0.2155,328.27,563.28,340.11,572.86
ch2_ohr_ncp_20211228T2209123959_d_img_d18_x00000_y31360.png,0.4224,555.05,155.98,605.09,203.56
ch2_ohr_ncp_20211228T2209123959_d_img_d18_x00000_y31360.png,0.2608,599.48,251.86,640.0,309.35
ch2_ohr_ncp_20211228T2209123959_d_img_d18_x00000_y31360.png,0.2061,406.05,351.87,473.95,401.4
ch2_ohr_ncp_20211228T2209123959_d_img_d18_x00000_y32000.png,0.208,224.73,12.0,230.11,17.77
ch2_ohr_ncp_20211228T2209123959_d_img_d18_x00000_y32640.png,0.4038,110.62,238.71,116.97,246.18
ch2_ohr_ncp_20211228T2209123959_d_img_d18_x00000_y32640.png,0.342,326.31,602.63,387.47,640.0
ch2_ohr_ncp_20211228T2209123959_d_img_d18_x00000_y32640.png,0.3162,65.62,400.64,75.41,408.76
ch2_ohr_ncp_20211228T2209123959_d_img_d18_x00000_y32640.png,0.2903,148.91,316.25,161.0,326.25
ch2_ohr_ncp_20211228T2209123959_d_img_d18_x00000_y32640.png,0.2634,110.57,260.0,116.38,266.55
ch2_ohr_ncp_20211228T2209123959_d_img_d18_x00000_y33280.png,0.2837,500.82,505.64,566.84,597.17
ch2_ohr_ncp_20211228T2209123959_d_img_d18_x00000_y33280.png,0.2575,73.36,226.97,79.25,233.08
ch2_ohr_ncp_20211228T2209123959_d_img_d18_x00000_y33920.png,0.2833,121.74,256.95,204.05,320.34
ch2_ohr_ncp_20211228T2209123959_d_img_d18_x00000_y33920.png,0.2189,312.87,585.99,369.91,637.63
ch2_ohr_ncp_20211228T2209123959_d_img_d18_x00000_y34560.png,0.2319,278.11,599.08,338.82,640.0
ch2_ohr_ncp_20211228T2209123959_d_img_d18_x00000_y35840.png,0.2127,3.91,494.63,67.29,545.7
ch2_ohr_ncp_20211228T2209123959_d_img_d18_x00000_y36480.png,0.2393,571.29,550.03,640.0,634.33
ch2_ohr_ncp_20211228T2209123959_d_img_d18_x00000_y36480.png,0.2048,294.64,465.7,407.91,582.53
ch2_ohr_ncp_20211228T2209123959_d_img_d18_x00000_y37120.png,0.3144,554.6,532.44,635.05,589.79
ch2_ohr_ncp_20211228T2209123959_d_img_d18_x00000_y37760.png,0.4213,584.18,568.65,640.0,612.95
ch2_ohr_ncp_20211228T2209123959_d_img_d18_x00000_y37760.png,0.3748,576.39,361.82,634.36,414.33
ch2_ohr_ncp_20211228T2209123959_d_img_d18_x00000_y37760.png,0.255,20.15,30.87,60.65,74.23
ch2_ohr_ncp_20211228T2209123959_d_img_d18_x00000_y37760.png,0.2459,16.85,16.89,64.11,75.87
ch2_ohr_ncp_20211228T2209123959_d_img_d18_x00000_y37760.png,0.2336,327.71,598.68,387.29,640.0
ch2_ohr_ncp_20211228T2209123959_d_img_d18_x00000_y39680.png,0.3351,211.76,525.84,224.45,537.54
ch2_ohr_ncp_20211228T2209123959_d_img_d18_x00000_y39680.png,0.2209,285.36,0.0,353.89,34.31
ch2_ohr_ncp_20211228T2209123959_d_img_d18_x00000_y40320.png,0.4656,9.67,171.21,115.99,226.23
ch2_ohr_ncp_20211228T2209123959_d_img_d18_x00000_y40320.png,0.2125,437.21,254.02,475.48,299.92
ch2_ohr_ncp_20211228T2209123959_d_img_d18_x00000_y40320.png,0.2048,234.16,512.08,294.0,589.97
ch2_ohr_ncp_20211228T2209123959_d_img_d18_x00000_y40960.png,0.2127,385.83,128.91,391.56,134.84
ch2_ohr_ncp_20211228T2209123959_d_img_d18_x00000_y40960.png,0.2029,190.57,7.47,196.35,13.84
ch2_ohr_ncp_20211228T2209123959_d_img_d18_x00000_y69760.png,0.3475,34.04,458.3,39.95,464.14
ch2_ohr_ncp_20211228T2209123959_d_img_d18_x00000_y69760.png,0.3323,14.11,385.27,29.47,394.85
ch2_ohr_ncp_20211228T2209123959_d_img_d18_x00000_y69760.png,0.2319,35.68,447.56,41.91,453.21
ch2_ohr_ncp_20211228T2209123959_d_img_d18_x00000_y73600.png,0.2832,454.33,600.6,511.68,640.0
ch2_ohr_ncp_20211228T2209123959_d_img_d18_x00640_y28160.png,0.329,392.12,0.0,461.9,43.66
ch2_ohr_ncp_20211228T2209123959_d_img_d18_x00640_y28160.png,0.2276,199.82,189.45,207.05,196.45
ch2_ohr_ncp_20211228T2209123959_d_img_d18_x00640_y28160.png,0.2078,0.0,161.13,53.1,227.35
ch2_ohr_ncp_20211228T2209123959_d_img_d18_x00640_y29440.png,0.407,158.21,489.5,251.12,548.84
ch2_ohr_ncp_20211228T2209123959_d_img_d18_x00640_y29440.png,0.2095,17.22,531.51,67.84,596.55
ch2_ohr_ncp_20211228T2209123959_d_img_d18_x00640_y30080.png,0.2801,526.57,204.0,533.09,210.28
ch2_ohr_ncp_20211228T2209123959_d_img_d18_x00640_y30720.png,0.312,85.03,602.72,92.1,609.9
ch2_ohr_ncp_20211228T2209123959_d_img_d18_x00640_y30720.png,0.292,66.61,558.32,74.94,565.23
ch2_ohr_ncp_20211228T2209123959_d_img_d18_x00640_y30720.png,0.2226,481.35,595.9,540.32,635.8
ch2_ohr_ncp_20211228T2209123959_d_img_d18_x00640_y30720.png,0.2041,5.81,427.62,17.05,436.85
ch2_ohr_ncp_20211228T2209123959_d_img_d18_x00640_y31360.png,0.2643,458.23,368.41,467.16,375.0
ch2_ohr_ncp_20211228T2209123959_d_img_d18_x00640_y31360.png,0.2531,485.26,411.3,498.39,421.28
ch2_ohr_ncp_20211228T2209123959_d_img_d18_x00640_y31360.png,0.21,402.21,373.63,408.16,380.0
ch2_ohr_ncp_20211228T2209123959_d_img_d18_x00640_y32640.png,0.2387,0.83,588.09,72.44,640.0
ch2_ohr_ncp_20211228T2209123959_d_img_d18_x00640_y32640.png,0.2298,49.54,599.22,121.56,640.0
ch2_ohr_ncp_20211228T2209123959_d_img_d18_x00640_y33280.png,0.4442,255.27,225.06,264.13,231.25
ch2_ohr_ncp_20211228T2209123959_d_img_d18_x00640_y33280.png,0.3949,329.74,305.73,336.04,312.15
ch2_ohr_ncp_20211228T2209123959_d_img_d18_x00640_y33280.png,0.3284,284.39,115.8,302.8,132.56
ch2_ohr_ncp_20211228T2209123959_d_img_d18_x00640_y33280.png,0.3063,445.63,532.46,456.18,541.41
ch2_ohr_ncp_20211228T2209123959_d_img_d18_x00640_y33280.png,0.272,236.92,96.53,244.81,103.03
ch2_ohr_ncp_20211228T2209123959_d_img_d18_x00640_y33280.png,0.2546,98.97,480.41,170.91,594.0
ch2_ohr_ncp_20211228T2209123959_d_img_d18_x00640_y33280.png,0.2295,595.02,137.26,635.39,197.98
ch2_ohr_ncp_20211228T2209123959_d_img_d18_x00640_y33280.png,0.2223,10.28,529.81,83.82,624.57
ch2_ohr_ncp_20211228T2209123959_d_img_d18_x00640_y33280.png,0.2184,186.38,180.03,238.76,219.15
ch2_ohr_ncp_20211228T2209123959_d_img_d18_x00640_y33280.png,0.2169,299.57,251.15,305.32,256.07
ch2_ohr_ncp_20211228T2209123959_d_img_d18_x00640_y33280.png,0.2006,394.35,201.97,405.43,212.16
ch2_ohr_ncp_20211228T2209123959_d_img_d18_x00640_y33920.png,0.2533,215.2,457.79,244.62,505.95
ch2_ohr_ncp_20211228T2209123959_d_img_d18_x00640_y34560.png,0.3549,277.53,545.2,284.88,552.19
ch2_ohr_ncp_20211228T2209123959_d_img_d18_x00640_y34560.png,0.2859,93.22,304.11,102.06,312.47
ch2_ohr_ncp_20211228T2209123959_d_img_d18_x00640_y34560.png,0.2314,186.22,606.28,229.88,639.1
ch2_ohr_ncp_20211228T2209123959_d_img_d18_x00640_y35200.png,0.3747,349.43,391.38,356.86,397.41
ch2_ohr_ncp_20211228T2209123959_d_img_d18_x00640_y37760.png,0.2684,0.0,473.95,67.48,569.49
ch2_ohr_ncp_20211228T2209123959_d_img_d18_x00640_y37760.png,0.2536,4.27,437.25,96.33,505.12
ch2_ohr_ncp_20211228T2209123959_d_img_d18_x00640_y37760.png,0.2274,399.33,120.29,451.72,186.83
ch2_ohr_ncp_20211228T2209123959_d_img_d18_x00640_y37760.png,0.205,16.68,327.56,23.68,334.77
ch2_ohr_ncp_20211228T2209123959_d_img_d18_x00640_y37760.png,0.2007,288.29,587.33,343.09,632.29
ch2_ohr_ncp_20211228T2209123959_d_img_d18_x00640_y38400.png,0.2309,280.12,0.0,365.27,57.25
ch2_ohr_ncp_20211228T2209123959_d_img_d18_x00640_y39040.png,0.4354,275.29,254.19,337.38,306.39
ch2_ohr_ncp_20211228T2209123959_d_img_d18_x00640_y39040.png,0.3925,26.77,159.27,87.03,209.36
ch2_ohr_ncp_20211228T2209123959_d_img_d18_x00640_y39680.png,0.3312,179.78,83.53,261.16,163.63
ch2_ohr_ncp_20211228T2209123959_d_img_d18_x00640_y40960.png,0.3401,449.3,280.91,455.26,287.23
ch2_ohr_ncp_20211228T2209123959_d_img_d18_x00640_y40960.png,0.2648,633.59,304.64,639.69,311.31
ch2_ohr_ncp_20211228T2209123959_d_img_d18_x00640_y40960.png,0.2005,509.23,322.65,516.76,328.5
ch2_ohr_ncp_20211228T2209123959_d_img_d18_x00640_y71040.png,0.2326,83.04,604.48,169.85,639.87
ch2_ohr_ncp_20211228T2209123959_d_img_d18_x00640_y72320.png,0.3446,124.07,132.38,202.24,198.69
ch2_ohr_ncp_20211228T2209123959_d_img_d18_x00640_y72320.png,0.2247,418.44,0.0,455.54,44.19
ch2_ohr_ncp_20211228T2209123959_d_img_d18_x01280_y30080.png,0.3582,304.81,612.24,313.58,620.99
ch2_ohr_ncp_20211228T2209123959_d_img_d18_x01280_y30080.png,0.2688,61.83,395.75,72.8,403.89
ch2_ohr_ncp_20211228T2209123959_d_img_d18_x01280_y30720.png,0.2877,289.31,129.06,297.31,135.88
ch2_ohr_ncp_20211228T2209123959_d_img_d18_x01280_y30720.png,0.2116,527.59,173.37,535.66,181.37
ch2_ohr_ncp_20211228T2209123959_d_img_d18_x01280_y31360.png,0.3896,522.81,306.06,539.62,317.76
ch2_ohr_ncp_20211228T2209123959_d_img_d18_x01280_y31360.png,0.3281,80.44,470.38,88.23,477.9
ch2_ohr_ncp_20211228T2209123959_d_img_d18_x01280_y31360.png,0.288,419.8,297.82,426.16,303.5
ch2_ohr_ncp_20211228T2209123959_d_img_d18_x01280_y32640.png,0.2595,196.34,182.33,204.5,190.29
ch2_ohr_ncp_20211228T2209123959_d_img_d18_x01280_y33920.png,0.442,13.4,577.33,20.07,582.82
ch2_ohr_ncp_20211228T2209123959_d_img_d18_x01280_y33920.png,0.3142,31.54,584.07,40.75,591.38
ch2_ohr_ncp_20211228T2209123959_d_img_d18_x01280_y33920.png,0.2904,80.82,612.89,90.94,622.04
ch2_ohr_ncp_20211228T2209123959_d_img_d18_x01280_y33920.png,0.2005,12.0,577.24,19.36,583.11
ch2_ohr_ncp_20211228T2209123959_d_img_d18_x01280_y34560.png,0.4752,393.34,503.23,449.68,565.62
ch2_ohr_ncp_20211228T2209123959_d_img_d18_x01280_y35200.png,0.6994,219.2,240.86,288.53,284.54
ch2_ohr_ncp_20211228T2209123959_d_img_d18_x01280_y35200.png,0.3616,206.17,452.8,216.59,462.51
ch2_ohr_ncp_20211228T2209123959_d_img_d18_x01280_y35200.png,0.2569,3.38,0.0,64.27,65.08
ch2_ohr_ncp_20211228T2209123959_d_img_d18_x01280_y35200.png,0.2305,123.32,527.03,130.32,533.82
ch2_ohr_ncp_20211228T2209123959_d_img_d18_x01280_y35200.png,0.2277,206.05,536.26,212.16,541.66
ch2_ohr_ncp_20211228T2209123959_d_img_d18_x01280_y36480.png,0.2153,0.0,414.36,47.83,458.03
ch2_ohr_ncp_20211228T2209123959_d_img_d18_x01280_y37120.png,0.2748,373.07,21.99,437.14,82.2
ch2_ohr_ncp_20211228T2209123959_d_img_d18_x01280_y37760.png,0.2939,266.24,211.9,351.02,297.98
ch2_ohr_ncp_20211228T2209123959_d_img_d18_x01280_y37760.png,0.2493,330.73,255.97,395.53,318.29
ch2_ohr_ncp_20211228T2209123959_d_img_d18_x01280_y37760.png,0.2272,284.93,311.35,348.84,360.66
ch2_ohr_ncp_20211228T2209123959_d_img_d18_x01280_y37760.png,0.2223,51.47,547.37,119.24,611.74
ch2_ohr_ncp_20211228T2209123959_d_img_d18_x01280_y39040.png,0.2188,0.0,375.7,76.27,459.71
ch2_ohr_ncp_20211228T2209123959_d_img_d18_x01280_y39040.png,0.2176,170.27,0.0,224.22,49.56
ch2_ohr_ncp_20211228T2209123959_d_img_d18_x01280_y39040.png,0.2064,61.15,601.73,144.52,640.0
ch2_ohr_ncp_20211228T2209123959_d_img_d18_x01280_y39680.png,0.2117,473.88,531.82,540.13,611.42
ch2_ohr_ncp_20211228T2209123959_d_img_d18_x01280_y40960.png,0.2056,321.39,261.1,373.92,293.72
ch2_ohr_ncp_20211228T2209123959_d_img_d18_x01280_y41600.png,0.4817,248.11,72.19,258.7,79.91
ch2_ohr_ncp_20211228T2209123959_d_img_d18_x01280_y41600.png,0.4682,579.13,81.57,593.43,90.47
ch2_ohr_ncp_20211228T2209123959_d_img_d18_x01280_y41600.png,0.2695,469.62,122.12,477.79,130.4
ch2_ohr_ncp_20211228T2209123959_d_img_d18_x01280_y69760.png,0.2484,509.35,587.15,596.56,640.0
ch2_ohr_ncp_20211228T2209123959_d_img_d18_x01280_y70400.png,0.4114,37.94,612.06,113.04,640.0
ch2_ohr_ncp_20211228T2209123959_d_img_d18_x01280_y71680.png,0.2521,508.62,471.94,573.57,577.62
ch2_ohr_ncp_20211228T2209123959_d_img_d18_x01280_y75520.png,0.2799,24.98,512.49,80.09,583.37
ch2_ohr_ncp_20211228T2209123959_d_img_d18_x01280_y77440.png,0.2597,126.04,86.89,200.58,190.48
ch2_ohr_ncp_20211228T2209123959_d_img_d18_x01280_y77440.png,0.2169,5.9,114.92,75.19,212.7
ch2_ohr_ncp_20211228T2209123959_d_img_d18_x01920_y29440.png,0.396,271.44,386.33,281.38,395.72
ch2_ohr_ncp_20211228T2209123959_d_img_d18_x01920_y29440.png,0.2639,160.75,531.73,166.09,536.2
ch2_ohr_ncp_20211228T2209123959_d_img_d18_x01920_y29440.png,0.2573,519.37,619.67,525.14,625.48
ch2_ohr_ncp_20211228T2209123959_d_img_d18_x01920_y29440.png,0.2547,207.23,362.63,212.22,367.29
ch2_ohr_ncp_20211228T2209123959_d_img_d18_x01920_y32640.png,0.3736,539.96,486.08,548.32,493.98
ch2_ohr_ncp_20211228T2209123959_d_img_d18_x01920_y32640.png,0.2734,512.24,0.0,572.48,59.05
ch2_ohr_ncp_20211228T2209123959_d_img_d18_x01920_y32640.png,0.2339,565.69,510.28,572.0,516.01
ch2_ohr_ncp_20211228T2209123959_d_img_d18_x01920_y33280.png,0.3213,296.59,54.36,305.21,61.75
ch2_ohr_ncp_20211228T2209123959_d_img_d18_x01920_y33280.png,0.2986,112.21,228.04,180.57,274.63
ch2_ohr_ncp_20211228T2209123959_d_img_d18_x01920_y33920.png,0.2611,377.7,281.55,443.1,357.67
ch2_ohr_ncp_20211228T2209123959_d_img_d18_x01920_y34560.png,0.3669,123.09,466.47,132.39,473.67
ch2_ohr_ncp_20211228T2209123959_d_img_d18_x01920_y34560.png,0.3159,62.73,468.0,68.36,474.75
ch2_ohr_ncp_20211228T2209123959_d_img_d18_x01920_y34560.png,0.2526,164.73,457.68,172.04,463.33
ch2_ohr_ncp_20211228T2209123959_d_img_d18_x01920_y34560.png,0.25,62.48,469.15,68.19,476.0
ch2_ohr_ncp_20211228T2209123959_d_img_d18_x01920_y34560.png,0.2198,85.91,456.76,97.6,465.48
ch2_ohr_ncp_20211228T2209123959_d_img_d18_x01920_y35200.png,0.3246,578.3,164.83,640.0,222.49
ch2_ohr_ncp_20211228T2209123959_d_img_d18_x01920_y35840.png,0.292,189.36,348.05,254.92,396.89
ch2_ohr_ncp_20211228T2209123959_d_img_d18_x01920_y37120.png,0.2319,610.95,337.12,640.0,403.34
ch2_ohr_ncp_20211228T2209123959_d_img_d18_x01920_y37120.png,0.2279,0.0,546.88,58.54,626.33
ch2_ohr_ncp_20211228T2209123959_d_img_d18_x01920_y39040.png,0.3679,364.72,592.81,407.54,640.0
ch2_ohr_ncp_20211228T2209123959_d_img_d18_x01920_y39680.png,0.2016,190.86,602.16,250.46,640.0
ch2_ohr_ncp_20211228T2209123959_d_img_d18_x01920_y39680.png,0.2007,568.93,603.17,629.37,640.0
ch2_ohr_ncp_20211228T2209123959_d_img_d18_x01920_y41600.png,0.6168,31.01,81.18,37.93,87.34
ch2_ohr_ncp_20211228T2209123959_d_img_d18_x01920_y41600.png,0.4306,370.94,110.08,381.36,121.17
ch2_ohr_ncp_20211228T2209123959_d_img_d18_x01920_y41600.png,0.3971,111.88,28.46,120.63,36.05
ch2_ohr_ncp_20211228T2209123959_d_img_d18_x01920_y41600.png,0.2951,620.64,51.13,628.11,58.16
ch2_ohr_ncp_20211228T2209123959_d_img_d18_x01920_y41600.png,0.2527,91.58,71.68,97.01,76.99
ch2_ohr_ncp_20211228T2209123959_d_img_d18_x01920_y41600.png,0.2371,179.32,70.92,189.19,78.27
ch2_ohr_ncp_20211228T2209123959_d_img_d18_x01920_y41600.png,0.2109,133.08,187.5,140.63,194.44
ch2_ohr_ncp_20211228T2209123959_d_img_d18_x01920_y69760.png,0.2437,503.4,598.96,559.01,640.0
ch2_ohr_ncp_20211228T2209123959_d_img_d18_x01920_y70400.png,0.2231,0.0,606.21,30.98,639.7
ch2_ohr_ncp_20211228T2209123959_d_img_d18_x01920_y71680.png,0.2105,556.72,607.26,633.62,639.92
ch2_ohr_ncp_20211228T2209123959_d_img_d18_x01920_y72960.png,0.2668,540.02,0.0,587.72,52.13
ch2_ohr_ncp_20211228T2209123959_d_img_d18_x01920_y72960.png,0.263,533.94,0.0,589.46,65.15
ch2_ohr_ncp_20211228T2209123959_d_img_d18_x01920_y73600.png,0.2112,227.4,402.38,244.98,451.25
ch2_ohr_ncp_20211228T2209123959_d_img_d18_x01920_y74240.png,0.2024,326.18,0.0,466.13,47.29
ch2_ohr_ncp_20211228T2209123959_d_img_d18_x01920_y77440.png,0.2011,566.34,161.07,640.0,269.31
ch2_ohr_ncp_20211228T2209123959_d_img_d18_x01920_y77440.png,0.2003,351.12,104.4,430.93,204.88
ch2_ohr_ncp_20211228T2209123959_d_img_d18_x02560_y31360.png,0.2234,570.42,504.64,637.58,613.29
ch2_ohr_ncp_20211228T2209123959_d_img_d18_x02560_y31360.png,0.2171,0.0,503.3,7.95,511.71
ch2_ohr_ncp_20211228T2209123959_d_img_d18_x02560_y32640.png,0.3153,319.03,605.82,393.88,640.0
ch2_ohr_ncp_20211228T2209123959_d_img_d18_x02560_y33280.png,0.2562,622.67,609.9,629.6,617.67
ch2_ohr_ncp_20211228T2209123959_d_img_d18_x02560_y33280.png,0.2339,274.98,601.69,336.57,640.0
ch2_ohr_ncp_20211228T2209123959_d_img_d18_x02560_y33280.png,0.2142,623.64,610.24,631.39,620.11
ch2_ohr_ncp_20211228T2209123959_d_img_d18_x02560_y35200.png,0.2746,510.68,76.29,594.48,138.09
ch2_ohr_ncp_20211228T2209123959_d_img_d18_x02560_y37760.png,0.2362,580.94,606.23,640.0,640.0
ch2_ohr_ncp_20211228T2209123959_d_img_d18_x02560_y37760.png,0.2126,171.61,586.11,246.98,640.0
ch2_ohr_ncp_20211228T2209123959_d_img_d18_x02560_y38400.png,0.2203,25.97,584.05,31.9,589.7
ch2_ohr_ncp_20211228T2209123959_d_img_d18_x02560_y39040.png,0.3093,222.39,443.85,231.55,449.86
ch2_ohr_ncp_20211228T2209123959_d_img_d18_x02560_y39040.png,0.2954,343.87,272.34,349.71,277.15
ch2_ohr_ncp_20211228T2209123959_d_img_d18_x02560_y39040.png,0.2514,287.5,0.0,358.18,71.91
ch2_ohr_ncp_20211228T2209123959_d_img_d18_x02560_y39040.png,0.2042,318.02,278.97,324.11,284.1
ch2_ohr_ncp_20211228T2209123959_d_img_d18_x02560_y39040.png,0.2026,255.55,182.43,265.59,190.11
ch2_ohr_ncp_20211228T2209123959_d_img_d18_x02560_y39040.png,0.2025,157.47,282.39,164.67,287.24
ch2_ohr_ncp_20211228T2209123959_d_img_d18_x02560_y40960.png,0.4877,31.42,154.27,39.41,160.78
ch2_ohr_ncp_20211228T2209123959_d_img_d18_x02560_y40960.png,0.4866,625.91,174.77,633.91,181.57
ch2_ohr_ncp_20211228T2209123959_d_img_d18_x02560_y40960.png,0.4707,622.37,97.39,640.0,113.12
ch2_ohr_ncp_20211228T2209123959_d_img_d18_x02560_y40960.png,0.4693,206.81,78.54,212.39,85.15
ch2_ohr_ncp_20211228T2209123959_d_img_d18_x02560_y40960.png,0.3786,3.52,162.27,12.07,169.21
ch2_ohr_ncp_20211228T2209123959_d_img_d18_x02560_y40960.png,0.3533,257.05,280.92,263.2,286.59
ch2_ohr_ncp_20211228T2209123959_d_img_d18_x02560_y40960.png,0.3046,127.25,471.03,132.41,476.01
ch2_ohr_ncp_20211228T2209123959_d_img_d18_x02560_y40960.png,0.2935,278.25,490.88,284.42,496.54
ch2_ohr_ncp_20211228T2209123959_d_img_d18_x02560_y40960.png,0.2777,309.13,324.0,316.19,331.06
ch2_ohr_ncp_20211228T2209123959_d_img_d18_x02560_y40960.png,0.2628,168.66,350.88,177.03,357.56
ch2_ohr_ncp_20211228T2209123959_d_img_d18_x02560_y40960.png,0.2524,392.88,265.05,406.37,273.29
ch2_ohr_ncp_20211228T2209123959_d_img_d18_x02560_y40960.png,0.2428,30.02,489.91,93.16,563.63
ch2_ohr_ncp_20211228T2209123959_d_img_d18_x02560_y40960.png,0.2415,34.08,325.62,42.8,332.8
ch2_ohr_ncp_20211228T2209123959_d_img_d18_x02560_y40960.png,0.235,553.06,84.0,559.85,90.43
ch2_ohr_ncp_20211228T2209123959_d_img_d18_x02560_y40960.png,0.2317,530.33,55.99,536.79,61.35
ch2_ohr_ncp_20211228T2209123959_d_img_d18_x02560_y40960.png,0.2311,307.99,325.04,315.42,332.0
ch2_ohr_ncp_20211228T2209123959_d_img_d18_x02560_y40960.png,0.231,112.76,397.61,121.79,405.75
ch2_ohr_ncp_20211228T2209123959_d_img_d18_x02560_y40960.png,0.2204,154.69,355.69,166.24,363.54
ch2_ohr_ncp_20211228T2209123959_d_img_d18_x02560_y40960.png,0.2152,462.45,151.88,470.63,158.18
ch2_ohr_ncp_20211228T2209123959_d_img_d18_x02560_y70400.png,0.2646,166.9,585.74,263.44,640.0
ch2_ohr_ncp_20211228T2209123959_d_img_d18_x02560_y70400.png,0.2164,269.61,417.71,318.23,460.26
ch2_ohr_ncp_20211228T2209123959_d_img_d18_x02560_y71680.png,0.239,303.37,324.24,350.07,373.99
ch2_ohr_ncp_20211228T2209123959_d_img_d18_x02560_y74880.png,0.4558,398.14,606.24,454.96,640.0
ch2_ohr_ncp_20211228T2209123959_d_img_d18_x02560_y76160.png,0.2236,597.72,599.78,640.0,637.42
ch2_ohr_ncp_20211228T2209123959_d_img_d18_x02560_y78080.png,0.2556,302.2,441.46,388.42,529.69
ch2_ohr_ncp_20211228T2209123959_d_img_d18_x02560_y78720.png,0.2664,563.85,334.77,640.0,388.58
ch2_ohr_ncp_20211228T2209123959_d_img_d18_x03200_y33920.png,0.4117,570.13,0.0,638.21,92.85
ch2_ohr_ncp_20211228T2209123959_d_img_d18_x03200_y33920.png,0.2553,574.64,0.0,637.57,68.54
ch2_ohr_ncp_20211228T2209123959_d_img_d18_x03200_y36480.png,0.3479,34.67,626.35,51.34,637.34
ch2_ohr_ncp_20211228T2209123959_d_img_d18_x03200_y36480.png,0.2784,60.74,0.0,119.6,35.0
ch2_ohr_ncp_20211228T2209123959_d_img_d18_x03200_y36480.png,0.2131,469.39,620.0,476.18,625.72
ch2_ohr_ncp_20211228T2209123959_d_img_d18_x03200_y37760.png,0.2531,418.7,587.82,483.08,639.9
ch2_ohr_ncp_20211228T2209123959_d_img_d18_x03200_y37760.png,0.2064,356.79,194.28,365.5,201.47
ch2_ohr_ncp_20211228T2209123959_d_img_d18_x03200_y38400.png,0.2373,125.25,586.84,229.0,640.0
ch2_ohr_ncp_20211228T2209123959_d_img_d18_x03200_y39040.png,0.5194,347.46,547.24,353.35,552.31
ch2_ohr_ncp_20211228T2209123959_d_img_d18_x03200_y39040.png,0.3882,336.01,521.36,340.81,525.64
ch2_ohr_ncp_20211228T2209123959_d_img_d18_x03200_y39040.png,0.3293,381.88,544.68,395.34,554.03
ch2_ohr_ncp_20211228T2209123959_d_img_d18_x03200_y39040.png,0.304,345.63,563.97,353.1,569.35
ch2_ohr_ncp_20211228T2209123959_d_img_d18_x03200_y40960.png,0.6379,202.99,141.2,213.16,149.98
ch2_ohr_ncp_20211228T2209123959_d_img_d18_x03200_y40960.png,0.6148,260.95,167.23,269.07,174.49
ch2_ohr_ncp_20211228T2209123959_d_img_d18_x03200_y40960.png,0.6071,307.23,16.2,316.72,23.41
ch2_ohr_ncp_20211228T2209123959_d_img_d18_x03200_y40960.png,0.5085,129.39,58.49,137.63,65.19
ch2_ohr_ncp_20211228T2209123959_d_img_d18_x03200_y40960.png,0.47,270.7,31.21,278.96,37.41
ch2_ohr_ncp_20211228T2209123959_d_img_d18_x03200_y40960.png,0.4622,114.93,181.59,121.85,188.04
ch2_ohr_ncp_20211228T2209123959_d_img_d18_x03200_y40960.png,0.4203,42.03,35.1,50.91,42.75
ch2_ohr_ncp_20211228T2209123959_d_img_d18_x03200_y40960.png,0.3745,53.72,35.97,61.43,42.41
ch2_ohr_ncp_20211228T2209123959_d_img_d18_x03200_y40960.png,0.3348,267.64,286.86,276.03,294.53
ch2_ohr_ncp_20211228T2209123959_d_img_d18_x03200_y40960.png,0.3268,490.46,67.11,498.75,74.53
ch2_ohr_ncp_20211228T2209123959_d_img_d18_x03200_y40960.png,0.3236,0.0,99.21,4.4,111.78
ch2_ohr_ncp_20211228T2209123959_d_img_d18_x03200_y40960.png,0.2749,427.62,141.98,433.42,148.06
ch2_ohr_ncp_20211228T2209123959_d_img_d18_x03200_y40960.png,0.2567,68.37,266.72,81.62,276.21
ch2_ohr_ncp_20211228T2209123959_d_img_d18_x03200_y40960.png,0.2508,71.77,236.99,79.16,244.02
ch2_ohr_ncp_20211228T2209123959_d_img_d18_x03200_y40960.png,0.244,133.94,50.34,147.55,62.19
ch2_ohr_ncp_20211228T2209123959_d_img_d18_x03200_y40960.png,0.2213,107.91,53.67,114.66,60.02
ch2_ohr_ncp_20211228T2209123959_d_img_d18_x03200_y40960.png,0.2092,567.28,72.76,573.92,78.86
ch2_ohr_ncp_20211228T2209123959_d_img_d18_x03200_y40960.png,0.2077,54.3,36.53,61.83,44.0
ch2_ohr_ncp_20211228T2209123959_d_img_d18_x03200_y40960.png,0.2057,534.04,64.44,542.74,73.16
ch2_ohr_ncp_20211228T2209123959_d_img_d18_x03200_y69760.png,0.2041,176.32,482.06,214.72,514.35
ch2_ohr_ncp_20211228T2209123959_d_img_d18_x03200_y71040.png,0.2009,522.71,24.33,591.78,88.58
ch2_ohr_ncp_20211228T2209123959_d_img_d18_x03200_y71040.png,0.2007,375.73,36.57,451.62,134.07
ch2_ohr_ncp_20211228T2209123959_d_img_d18_x03200_y72320.png,0.3311,105.76,488.91,110.84,495.23
ch2_ohr_ncp_20211228T2209123959_d_img_d18_x03200_y72320.png,0.232,9.39,478.71,15.09,484.64
ch2_ohr_ncp_20211228T2209123959_d_img_d18_x03200_y72320.png,0.2025,73.02,473.59,77.74,478.47
ch2_ohr_ncp_20211228T2209123959_d_img_d18_x03200_y74240.png,0.2232,409.24,596.84,469.05,640.0
ch2_ohr_ncp_20211228T2209123959_d_img_d18_x03200_y74240.png,0.2203,0.0,167.08,42.39,236.82
ch2_ohr_ncp_20211228T2209123959_d_img_d18_x03200_y74880.png,0.4099,513.25,47.79,518.83,53.89
ch2_ohr_ncp_20211228T2209123959_d_img_d18_x03200_y76160.png,0.2122,446.86,236.85,540.3,328.49
ch2_ohr_ncp_20211228T2209123959_d_img_d18_x03200_y78720.png,0.2079,140.0,0.22,176.96,34.11
ch2_ohr_ncp_20211228T2209123959_d_img_d18_x03840_y35200.png,0.2126,114.06,307.22,216.72,395.85
ch2_ohr_ncp_20211228T2209123959_d_img_d18_x03840_y35840.png,0.2101,562.89,33.92,635.02,113.54
ch2_ohr_ncp_20211228T2209123959_d_img_d18_x03840_y37760.png,0.5924,596.65,254.58,606.49,262.19
ch2_ohr_ncp_20211228T2209123959_d_img_d18_x03840_y37760.png,0.5561,486.46,268.0,492.65,274.15
ch2_ohr_ncp_20211228T2209123959_d_img_d18_x03840_y37760.png,0.2937,451.71,238.69,469.86,252.1
ch2_ohr_ncp_20211228T2209123959_d_img_d18_x03840_y37760.png,0.2845,489.18,533.77,499.58,543.6
ch2_ohr_ncp_20211228T2209123959_d_img_d18_x03840_y37760.png,0.2679,578.01,273.89,582.65,278.84
ch2_ohr_ncp_20211228T2209123959_d_img_d18_x03840_y37760.png,0.2594,601.9,327.75,606.75,332.72
ch2_ohr_ncp_20211228T2209123959_d_img_d18_x03840_y37760.png,0.2591,37.78,283.95,45.12,289.89
ch2_ohr_ncp_20211228T2209123959_d_img_d18_x03840_y37760.png,0.2028,635.78,289.55,640.0,294.82
ch2_ohr_ncp_20211228T2209123959_d_img_d18_x03840_y38400.png,0.3392,628.82,308.5,639.1,316.98
ch2_ohr_ncp_20211228T2209123959_d_img_d18_x03840_y38400.png,0.3164,204.95,318.48,213.57,326.69
ch2_ohr_ncp_20211228T2209123959_d_img_d18_x03840_y38400.png,0.2458,65.13,510.18,84.04,526.96
ch2_ohr_ncp_20211228T2209123959_d_img_d18_x03840_y38400.png,0.2091,497.63,335.79,509.82,345.19
ch2_ohr_ncp_20211228T2209123959_d_img_d18_x03840_y38400.png,0.2056,83.52,84.0,88.83,90.5
ch2_ohr_ncp_20211228T2209123959_d_img_d18_x03840_y39040.png,0.2119,58.6,605.48,109.18,640.0
ch2_ohr_ncp_20211228T2209123959_d_img_d18_x03840_y40320.png,0.4174,427.75,603.83,510.34,639.79
ch2_ohr_ncp_20211228T2209123959_d_img_d18_x03840_y40960.png,0.616,281.59,38.57,289.74,46.56
ch2_ohr_ncp_20211228T2209123959_d_img_d18_x03840_y40960.png,0.2975,210.78,78.22,220.11,86.66
ch2_ohr_ncp_20211228T2209123959_d_img_d18_x03840_y40960.png,0.2825,313.35,0.05,322.06,5.38
ch2_ohr_ncp_20211228T2209123959_d_img_d18_x03840_y40960.png,0.25,233.09,90.06,244.15,99.0
ch2_ohr_ncp_20211228T2209123959_d_img_d18_x03840_y40960.png,0.2256,66.4,108.72,74.9,116.24
ch2_ohr_ncp_20211228T2209123959_d_img_d18_x03840_y40960.png,0.2216,125.18,38.64,135.68,47.35
ch2_ohr_ncp_20211228T2209123959_d_img_d18_x03840_y71040.png,0.248,0.0,69.81,67.25,178.51
ch2_ohr_ncp_20211228T2209123959_d_img_d18_x03840_y71680.png,0.2531,144.9,362.3,152.06,368.3
ch2_ohr_ncp_20211228T2209123959_d_img_d18_x03840_y73600.png,0.2359,5.15,611.96,64.3,639.81
ch2_ohr_ncp_20211228T2209123959_d_img_d18_x03840_y74240.png,0.3179,502.2,604.94,564.28,640.0
ch2_ohr_ncp_20211228T2209123959_d_img_d18_x03840_y76160.png,0.3402,229.89,597.79,289.73,640.0
ch2_ohr_ncp_20211228T2209123959_d_img_d18_x03840_y76160.png,0.3168,368.38,0.0,420.8,42.84
ch2_ohr_ncp_20211228T2209123959_d_img_d18_x03840_y78720.png,0.2182,351.56,16.17,420.97,107.3
ch2_ohr_ncp_20211228T2209123959_d_img_d18_x04480_y32640.png,0.2593,63.01,9.2,144.89,77.81
ch2_ohr_ncp_20211228T2209123959_d_img_d18_x04480_y33280.png,0.2689,183.26,607.01,238.04,640.0
ch2_ohr_ncp_20211228T2209123959_d_img_d18_x04480_y37760.png,0.3039,119.85,603.06,188.39,640.0
ch2_ohr_ncp_20211228T2209123959_d_img_d18_x04480_y37760.png,0.2937,30.25,218.56,121.67,276.73
ch2_ohr_ncp_20211228T2209123959_d_img_d18_x04480_y37760.png,0.2416,93.54,597.71,143.82,640.0
ch2_ohr_ncp_20211228T2209123959_d_img_d18_x04480_y38400.png,0.2022,121.6,52.33,176.14,114.62
ch2_ohr_ncp_20211228T2209123959_d_img_d18_x04480_y40320.png,0.3743,5.28,349.34,12.73,356.4
ch2_ohr_ncp_20211228T2209123959_d_img_d18_x04480_y40320.png,0.3155,202.24,560.73,212.38,570.87
ch2_ohr_ncp_20211228T2209123959_d_img_d18_x04480_y40320.png,0.2818,201.74,572.06,290.43,640.0
ch2_ohr_ncp_20211228T2209123959_d_img_d18_x04480_y40320.png,0.2616,173.96,608.68,180.82,615.3
ch2_ohr_ncp_20211228T2209123959_d_img_d18_x04480_y68480.png,0.3015,1.84,0.0,69.27,58.44
ch2_ohr_ncp_20211228T2209123959_d_img_d18_x04480_y68480.png,0.2233,36.9,0.0,118.65,64.41
ch2_ohr_ncp_20211228T2209123959_d_img_d18_x04480_y69120.png,0.2066,110.38,380.13,177.04,478.51
ch2_ohr_ncp_20211228T2209123959_d_img_d18_x04480_y71040.png,0.2174,174.28,597.14,225.1,635.71
ch2_ohr_ncp_20211228T2209123959_d_img_d18_x04480_y72960.png,0.2479,269.31,0.0,321.89,69.93
ch2_ohr_ncp_20211228T2209123959_d_img_d18_x04480_y73600.png,0.3522,5.67,0.18,50.68,54.34
ch2_ohr_ncp_20211228T2209123959_d_img_d18_x04480_y73600.png,0.2448,11.53,0.0,53.53,46.04
ch2_ohr_ncp_20211228T2209123959_d_img_d18_x04480_y73600.png,0.2071,3.03,0.0,48.22,68.48
ch2_ohr_ncp_20211228T2209123959_d_img_d18_x04480_y74880.png,0.2112,552.57,44.95,621.46,138.39
ch2_ohr_ncp_20211228T2209123959_d_img_d18_x04480_y76800.png,0.2534,0.0,596.86,51.28,640.0
ch2_ohr_ncp_20211228T2209123959_d_img_d18_x04480_y79360.png,0.2205,291.88,221.09,401.93,313.75
ch2_ohr_ncp_20211228T2209123959_d_img_d18_x05120_y33920.png,0.2342,553.14,54.76,640.0,176.22
ch2_ohr_ncp_20211228T2209123959_d_img_d18_x05120_y36480.png,0.2154,562.31,602.47,619.42,640.0
ch2_ohr_ncp_20211228T2209123959_d_img_d18_x05120_y37760.png,0.2925,91.55,47.77,97.04,52.66
ch2_ohr_ncp_20211228T2209123959_d_img_d18_x05120_y37760.png,0.251,194.35,22.19,205.15,32.77
ch2_ohr_ncp_20211228T2209123959_d_img_d18_x05120_y37760.png,0.2413,10.53,597.53,77.63,640.0
ch2_ohr_ncp_20211228T2209123959_d_img_d18_x05120_y37760.png,0.2241,53.99,0.62,61.99,7.52
ch2_ohr_ncp_20211228T2209123959_d_img_d18_x05120_y37760.png,0.2078,39.78,0.45,45.16,5.7
ch2_ohr_ncp_20211228T2209123959_d_img_d18_x05120_y38400.png,0.2019,54.66,567.0,61.05,573.01
ch2_ohr_ncp_20211228T2209123959_d_img_d18_x05120_y40320.png,0.4411,14.73,315.94,25.14,326.84
ch2_ohr_ncp_20211228T2209123959_d_img_d18_x05120_y40320.png,0.3681,370.55,113.03,392.07,156.6
ch2_ohr_ncp_20211228T2209123959_d_img_d18_x05120_y40320.png,0.2693,495.31,225.09,504.05,233.45
ch2_ohr_ncp_20211228T2209123959_d_img_d18_x05120_y69120.png,0.2119,420.12,53.92,496.39,152.02
ch2_ohr_ncp_20211228T2209123959_d_img_d18_x05120_y69120.png,0.2099,12.84,0.0,67.79,47.23
ch2_ohr_ncp_20211228T2209123959_d_img_d18_x05120_y71680.png,0.2065,426.22,436.06,498.81,537.72
ch2_ohr_ncp_20211228T2209123959_d_img_d18_x05120_y73600.png,0.2922,371.84,611.82,420.31,639.82
ch2_ohr_ncp_20211228T2209123959_d_img_d18_x05120_y73600.png,0.2104,547.05,598.36,619.27,640.0
ch2_ohr_ncp_20211228T2209123959_d_img_d18_x05120_y75520.png,0.3615,581.31,462.23,640.0,507.78
ch2_ohr_ncp_20211228T2209123959_d_img_d18_x05120_y76160.png,0.2179,1.4,202.1,48.66,251.71
ch2_ohr_ncp_20211228T2209123959_d_img_d18_x05120_y76800.png,0.4161,100.82,602.51,170.04,640.0
ch2_ohr_ncp_20211228T2209123959_d_img_d18_x05120_y78080.png,0.2774,577.34,0.18,640.0,30.86
ch2_ohr_ncp_20211228T2209123959_d_img_d18_x05760_y37120.png,0.2643,234.44,48.56,290.39,99.23
ch2_ohr_ncp_20211228T2209123959_d_img_d18_x05760_y37760.png,0.2725,311.84,147.12,397.57,222.33
ch2_ohr_ncp_20211228T2209123959_d_img_d18_x05760_y37760.png,0.2306,71.27,0.0,147.89,25.87
ch2_ohr_ncp_20211228T2209123959_d_img_d18_x05760_y39680.png,0.2636,296.48,587.12,369.47,637.77
ch2_ohr_ncp_20211228T2209123959_d_img_d18_x05760_y40320.png,0.2374,172.69,101.08,191.92,112.92
ch2_ohr_ncp_20211228T2209123959_d_img_d18_x05760_y71680.png,0.3732,486.15,0.38,598.3,29.57
ch2_ohr_ncp_20211228T2209123959_d_img_d18_x05760_y71680.png,0.2416,481.37,0.0,626.37,32.17
ch2_ohr_ncp_20211228T2209123959_d_img_d18_x05760_y74240.png,0.3114,0.0,608.2,49.07,640.0
ch2_ohr_ncp_20211228T2209123959_d_img_d18_x05760_y76160.png,0.2591,270.84,610.88,325.81,640.0
ch2_ohr_ncp_20211228T2209123959_d_img_d18_x05760_y77440.png,0.2156,447.94,538.29,523.2,587.31
ch2_ohr_ncp_20211228T2209123959_d_img_d18_x05760_y78080.png,0.2071,279.81,537.78,357.72,640.0
ch2_ohr_ncp_20211228T2209123959_d_img_d18_x05760_y78720.png,0.2006,8.72,125.62,66.33,172.63
ch2_ohr_ncp_20211228T2209123959_d_img_d18_x06400_y38400.png,0.2442,290.13,333.51,392.6,387.0
ch2_ohr_ncp_20211228T2209123959_d_img_d18_x06400_y38400.png,0.204,100.35,606.56,155.32,640.0
ch2_ohr_ncp_20211228T2209123959_d_img_d18_x06400_y39680.png,0.5255,163.06,274.24,170.46,280.11
ch2_ohr_ncp_20211228T2209123959_d_img_d18_x06400_y39680.png,0.5177,368.21,38.91,378.78,47.17
ch2_ohr_ncp_20211228T2209123959_d_img_d18_x06400_y39680.png,0.5025,412.0,99.07,427.82,112.18
ch2_ohr_ncp_20211228T2209123959_d_img_d18_x06400_y39680.png,0.5024,429.69,49.61,436.08,54.7
ch2_ohr_ncp_20211228T2209123959_d_img_d18_x06400_y39680.png,0.5023,0.01,316.89,7.64,327.0
ch2_ohr_ncp_20211228T2209123959_d_img_d18_x06400_y39680.png,0.4767,353.2,110.32,363.21,118.1
ch2_ohr_ncp_20211228T2209123959_d_img_d18_x06400_y39680.png,0.4524,57.9,398.85,69.48,405.97
ch2_ohr_ncp_20211228T2209123959_d_img_d18_x06400_y39680.png,0.4351,334.5,247.13,341.76,253.7
ch2_ohr_ncp_20211228T2209123959_d_img_d18_x06400_y39680.png,0.4313,18.91,326.17,27.17,332.18
ch2_ohr_ncp_20211228T2209123959_d_img_d18_x06400_y39680.png,0.4184,29.01,364.0,36.46,370.01
ch2_ohr_ncp_20211228T2209123959_d_img_d18_x06400_y39680.png,0.4167,574.25,86.82,624.28,136.79
ch2_ohr_ncp_20211228T2209123959_d_img_d18_x06400_y39680.png,0.4092,151.97,314.5,162.54,324.26
ch2_ohr_ncp_20211228T2209123959_d_img_d18_x06400_y39680.png,0.3911,172.68,185.72,180.05,191.34
ch2_ohr_ncp_20211228T2209123959_d_img_d18_x06400_y39680.png,0.3764,387.53,43.3,414.92,58.56
ch2_ohr_ncp_20211228T2209123959_d_img_d18_x06400_y39680.png,0.3745,238.51,277.34,244.77,284.01
ch2_ohr_ncp_20211228T2209123959_d_img_d18_x06400_y39680.png,0.3613,467.99,275.97,473.69,281.13
ch2_ohr_ncp_20211228T2209123959_d_img_d18_x06400_y39680.png,0.324,383.22,18.66,395.65,29.25
ch2_ohr_ncp_20211228T2209123959_d_img_d18_x06400_y39680.png,0.3233,17.72,354.71,24.89,360.08
ch2_ohr_ncp_20211228T2209123959_d_img_d18_x06400_y39680.png,0.3213,336.44,135.61,379.11,170.44
ch2_ohr_ncp_20211228T2209123959_d_img_d18_x06400_y39680.png,0.3057,213.43,228.0,221.98,235.94
ch2_ohr_ncp_20211228T2209123959_d_img_d18_x06400_y39680.png,0.3031,202.08,410.22,209.74,416.7
ch2_ohr_ncp_20211228T2209123959_d_img_d18_x06400_y39680.png,0.2988,326.46,164.87,339.6,174.56
ch2_ohr_ncp_20211228T2209123959_d_img_d18_x06400_y39680.png,0.2966,167.29,328.51,175.88,337.18
ch2_ohr_ncp_20211228T2209123959_d_img_d18_x06400_y39680.png,0.2817,131.28,283.98,140.17,290.53
ch2_ohr_ncp_20211228T2209123959_d_img_d18_x06400_y39680.png,0.2591,101.81,361.82,109.43,368.51
ch2_ohr_ncp_20211228T2209123959_d_img_d18_x06400_y39680.png,0.2518,66.61,265.26,76.28,271.31
ch2_ohr_ncp_20211228T2209123959_d_img_d18_x06400_y39680.png,0.2461,62.33,265.02,73.79,271.69
ch2_ohr_ncp_20211228T2209123959_d_img_d18_x06400_y39680.png,0.2247,164.03,274.32,172.0,279.9
ch2_ohr_ncp_20211228T2209123959_d_img_d18_x06400_y39680.png,0.2229,384.82,148.59,396.77,158.84
ch2_ohr_ncp_20211228T2209123959_d_img_d18_x06400_y39680.png,0.2202,173.39,338.66,181.73,346.34
ch2_ohr_ncp_20211228T2209123959_d_img_d18_x06400_y39680.png,0.2185,550.99,129.81,559.42,135.58
ch2_ohr_ncp_20211228T2209123959_d_img_d18_x06400_y39680.png,0.203,0.77,529.01,7.1,534.57
ch2_ohr_ncp_20211228T2209123959_d_img_d18_x06400_y39680.png,0.2028,624.14,119.94,631.09,125.41
ch2_ohr_ncp_20211228T2209123959_d_img_d18_x06400_y70400.png,0.2712,314.14,402.21,470.48,476.39
ch2_ohr_ncp_20211228T2209123959_d_img_d18_x06400_y70400.png,0.2665,528.05,0.0,579.24,48.31
ch2_ohr_ncp_20211228T2209123959_d_img_d18_x06400_y71040.png,0.3672,333.19,266.29,443.33,324.19
ch2_ohr_ncp_20211228T2209123959_d_img_d18_x06400_y71680.png,0.2158,458.42,0.0,519.79,58.27
ch2_ohr_ncp_20211228T2209123959_d_img_d18_x06400_y74880.png,0.3022,322.16,37.37,394.59,105.32
ch2_ohr_ncp_20211228T2209123959_d_img_d18_x06400_y76800.png,0.2546,47.51,603.69,108.59,640.0
ch2_ohr_ncp_20211228T2209123959_d_img_d18_x07040_y35840.png,0.2402,166.38,0.0,285.98,29.25
ch2_ohr_ncp_20211228T2209123959_d_img_d18_x07040_y35840.png,0.2167,135.05,0.0,303.78,41.14
ch2_ohr_ncp_20211228T2209123959_d_img_d18_x07040_y36480.png,0.2526,481.18,17.8,563.86,119.21
ch2_ohr_ncp_20211228T2209123959_d_img_d18_x07040_y37760.png,0.2686,0.0,514.21,54.95,556.3
ch2_ohr_ncp_20211228T2209123959_d_img_d18_x07040_y37760.png,0.2455,364.47,414.19,412.06,465.76
ch2_ohr_ncp_20211228T2209123959_d_img_d18_x07040_y38400.png,0.2132,353.26,147.39,398.6,206.28
ch2_ohr_ncp_20211228T2209123959_d_img_d18_x07040_y39680.png,0.5253,187.86,63.77,193.34,68.76
ch2_ohr_ncp_20211228T2209123959_d_img_d18_x07040_y39680.png,0.436,103.09,101.8,112.95,110.02
ch2_ohr_ncp_20211228T2209123959_d_img_d18_x07040_y39680.png,0.3729,161.2,45.91,169.6,52.33
ch2_ohr_ncp_20211228T2209123959_d_img_d18_x07040_y39680.png,0.3602,41.35,179.48,49.19,186.27
ch2_ohr_ncp_20211228T2209123959_d_img_d18_x07040_y39680.png,0.2985,111.56,211.12,117.42,217.37
ch2_ohr_ncp_20211228T2209123959_d_img_d18_x07040_y39680.png,0.245,41.78,235.97,47.39,241.78
ch2_ohr_ncp_20211228T2209123959_d_img_d18_x07040_y39680.png,0.2297,197.72,32.81,204.0,37.37
ch2_ohr_ncp_20211228T2209123959_d_img_d18_x07040_y39680.png,0.2206,99.99,101.47,112.2,109.78
ch2_ohr_ncp_20211228T2209123959_d_img_d18_x07040_y39680.png,0.2202,221.51,64.9,228.0,69.94
ch2_ohr_ncp_20211228T2209123959_d_img_d18_x07040_y71680.png,0.228,192.29,70.32,339.85,149.95
ch2_ohr_ncp_20211228T2209123959_d_img_d18_x07040_y72960.png,0.3495,348.46,0.0,419.72,55.6
ch2_ohr_ncp_20211228T2209123959_d_img_d18_x07040_y73600.png,0.2068,588.22,612.41,640.0,639.97
ch2_ohr_ncp_20211228T2209123959_d_img_d18_x07040_y75520.png,0.2152,164.0,77.26,222.34,120.84
ch2_ohr_ncp_20211228T2209123959_d_img_d18_x07680_y37760.png,0.3076,16.6,576.62,23.44,582.73
ch2_ohr_ncp_20211228T2209123959_d_img_d18_x07680_y37760.png,0.2842,157.56,467.97,165.68,474.06
ch2_ohr_ncp_20211228T2209123959_d_img_d18_x07680_y37760.png,0.2692,136.8,323.86,141.96,328.86
ch2_ohr_ncp_20211228T2209123959_d_img_d18_x07680_y37760.png,0.2635,59.45,624.31,64.58,629.46
ch2_ohr_ncp_20211228T2209123959_d_img_d18_x07680_y37760.png,0.2,33.12,564.76,39.98,572.01
ch2_ohr_ncp_20211228T2209123959_d_img_d18_x07680_y39040.png,0.6549,607.16,304.97,615.71,310.8
ch2_ohr_ncp_20211228T2209123959_d_img_d18_x07680_y39040.png,0.6374,269.42,297.19,277.31,303.77
ch2_ohr_ncp_20211228T2209123959_d_img_d18_x07680_y39040.png,0.5659,552.15,346.55,557.44,351.85
ch2_ohr_ncp_20211228T2209123959_d_img_d18_x07680_y39040.png,0.4854,626.97,237.11,639.53,248.04
ch2_ohr_ncp_20211228T2209123959_d_img_d18_x07680_y39040.png,0.4626,527.47,247.72,532.72,252.05
ch2_ohr_ncp_20211228T2209123959_d_img_d18_x07680_y39040.png,0.4543,59.09,408.05,65.22,413.17
ch2_ohr_ncp_20211228T2209123959_d_img_d18_x07680_y39040.png,0.4401,91.97,248.86,97.64,253.74
ch2_ohr_ncp_20211228T2209123959_d_img_d18_x07680_y39040.png,0.4274,40.17,494.34,47.66,500.84
ch2_ohr_ncp_20211228T2209123959_d_img_d18_x07680_y39040.png,0.4269,473.9,325.93,482.29,332.73
ch2_ohr_ncp_20211228T2209123959_d_img_d18_x07680_y39040.png,0.4105,619.08,279.98,625.8,285.51
ch2_ohr_ncp_20211228T2209123959_d_img_d18_x07680_y39040.png,0.3908,491.84,290.99,497.22,296.08
ch2_ohr_ncp_20211228T2209123959_d_img_d18_x07680_y39040.png,0.3898,549.8,259.52,564.28,270.02
ch2_ohr_ncp_20211228T2209123959_d_img_d18_x07680_y39040.png,0.3881,351.13,376.35,357.51,381.86
ch2_ohr_ncp_20211228T2209123959_d_img_d18_x07680_y39040.png,0.3733,267.87,362.52,284.95,372.61
ch2_ohr_ncp_20211228T2209123959_d_img_d18_x07680_y39040.png,0.334,130.0,327.52,138.43,332.69
ch2_ohr_ncp_20211228T2209123959_d_img_d18_x07680_y39040.png,0.3332,268.74,382.34,277.07,390.29
ch2_ohr_ncp_20211228T2209123959_d_img_d18_x07680_y39040.png,0.3267,30.38,419.21,36.08,424.12
ch2_ohr_ncp_20211228T2209123959_d_img_d18_x07680_y39040.png,0.3208,488.72,270.89,494.08,276.02
ch2_ohr_ncp_20211228T2209123959_d_img_d18_x07680_y39040.png,0.3078,490.09,341.66,496.23,348.03
ch2_ohr_ncp_20211228T2209123959_d_img_d18_x07680_y39040.png,0.2982,304.13,288.14,309.02,292.1
ch2_ohr_ncp_20211228T2209123959_d_img_d18_x07680_y39040.png,0.2968,22.76,517.35,29.49,522.21
ch2_ohr_ncp_20211228T2209123959_d_img_d18_x07680_y39040.png,0.284,619.72,133.55,625.47,140.0
ch2_ohr_ncp_20211228T2209123959_d_img_d18_x07680_y39040.png,0.2828,297.07,358.14,309.71,367.94
ch2_ohr_ncp_20211228T2209123959_d_img_d18_x07680_y39040.png,0.2669,283.3,260.0,289.61,266.54
ch2_ohr_ncp_20211228T2209123959_d_img_d18_x07680_y39040.png,0.2662,29.86,427.93,38.1,433.45
ch2_ohr_ncp_20211228T2209123959_d_img_d18_x07680_y39040.png,0.2392,626.45,154.77,639.53,163.99
ch2_ohr_ncp_20211228T2209123959_d_img_d18_x07680_y39040.png,0.238,155.65,259.53,162.05,264.62
ch2_ohr_ncp_20211228T2209123959_d_img_d18_x07680_y39040.png,0.2314,126.0,459.15,132.05,463.65
ch2_ohr_ncp_20211228T2209123959_d_img_d18_x07680_y39040.png,0.2313,202.07,235.4,206.68,240.14
ch2_ohr_ncp_20211228T2209123959_d_img_d18_x07680_y39040.png,0.2306,162.67,427.98,169.92,433.85
ch2_ohr_ncp_20211228T2209123959_d_img_d18_x07680_y39040.png,0.2267,58.59,591.12,67.13,599.49
ch2_ohr_ncp_20211228T2209123959_d_img_d18_x07680_y39040.png,0.2091,489.9,340.0,495.73,347.1
ch2_ohr_ncp_20211228T2209123959_d_img_d18_x07680_y39040.png,0.2028,429.63,371.98,442.73,381.65
ch2_ohr_ncp_20211228T2209123959_d_img_d18_x07680_y73600.png,0.2368,60.06,599.28,109.6,640.0
ch2_ohr_ncp_20211228T2209123959_d_img_d18_x07680_y73600.png,0.2252,13.32,188.92,79.08,263.23
ch2_ohr_ncp_20211228T2209123959_d_img_d18_x07680_y75520.png,0.4958,552.39,601.93,614.22,640.0
ch2_ohr_ncp_20211228T2209123959_d_img_d18_x08320_y37760.png,0.3308,113.77,297.4,122.6,303.49
ch2_ohr_ncp_20211228T2209123959_d_img_d18_x08320_y37760.png,0.2098,0.08,301.83,4.95,309.7
ch2_ohr_ncp_20211228T2209123959_d_img_d18_x08320_y39040.png,0.6609,525.32,155.33,533.93,161.54
ch2_ohr_ncp_20211228T2209123959_d_img_d18_x08320_y39040.png,0.5643,380.9,61.08,392.8,70.56
ch2_ohr_ncp_20211228T2209123959_d_img_d18_x08320_y39040.png,0.5561,549.77,144.59,558.27,150.7
ch2_ohr_ncp_20211228T2209123959_d_img_d18_x08320_y39040.png,0.5119,493.18,164.0,500.13,170.19
ch2_ohr_ncp_20211228T2209123959_d_img_d18_x08320_y39040.png,0.4965,368.41,0.0,379.45,5.75
ch2_ohr_ncp_20211228T2209123959_d_img_d18_x08320_y39040.png,0.4755,76.04,218.97,84.53,225.5
ch2_ohr_ncp_20211228T2209123959_d_img_d18_x08320_y39040.png,0.3988,607.53,99.23,612.51,104.04
ch2_ohr_ncp_20211228T2209123959_d_img_d18_x08320_y39040.png,0.3976,218.25,316.99,229.66,325.91
ch2_ohr_ncp_20211228T2209123959_d_img_d18_x08320_y39040.png,0.3973,20.9,264.61,53.68,287.55
ch2_ohr_ncp_20211228T2209123959_d_img_d18_x08320_y39040.png,0.3815,521.1,178.87,526.02,184.04
ch2_ohr_ncp_20211228T2209123959_d_img_d18_x08320_y39040.png,0.3643,497.89,12.08,513.82,24.45
ch2_ohr_ncp_20211228T2209123959_d_img_d18_x08320_y39040.png,0.3454,582.69,94.7,596.02,103.14
ch2_ohr_ncp_20211228T2209123959_d_img_d18_x08320_y39040.png,0.3441,521.27,67.48,526.18,71.23
ch2_ohr_ncp_20211228T2209123959_d_img_d18_x08320_y39040.png,0.3347,274.23,171.46,281.37,177.17
ch2_ohr_ncp_20211228T2209123959_d_img_d18_x08320_y39040.png,0.2897,343.11,4.0,349.04,10.79
ch2_ohr_ncp_20211228T2209123959_d_img_d18_x08320_y39040.png,0.2727,47.99,324.0,53.22,330.42
ch2_ohr_ncp_20211228T2209123959_d_img_d18_x08320_y39040.png,0.2688,429.71,111.77,436.31,118.49
ch2_ohr_ncp_20211228T2209123959_d_img_d18_x08320_y39040.png,0.2504,626.45,89.16,637.91,97.91
ch2_ohr_ncp_20211228T2209123959_d_img_d18_x08320_y39040.png,0.2412,415.41,92.87,431.07,103.19
ch2_ohr_ncp_20211228T2209123959_d_img_d18_x08320_y39040.png,0.2405,141.8,331.43,149.76,337.72
ch2_ohr_ncp_20211228T2209123959_d_img_d18_x08320_y39040.png,0.2234,295.22,237.95,301.13,244.01
ch2_ohr_ncp_20211228T2209123959_d_img_d18_x08320_y39040.png,0.2231,393.28,123.36,400.62,130.34
ch2_ohr_ncp_20211228T2209123959_d_img_d18_x08320_y39040.png,0.2175,509.26,76.0,516.06,82.33
ch2_ohr_ncp_20211228T2209123959_d_img_d18_x08320_y39040.png,0.2018,424.89,49.73,431.28,54.97
ch2_ohr_ncp_20211228T2209123959_d_img_d18_x08320_y39040.png,0.2001,435.86,181.61,443.83,188.28
ch2_ohr_ncp_20211228T2209123959_d_img_d18_x08320_y72960.png,0.2102,127.22,549.85,197.77,640.0
ch2_ohr_ncp_20211228T2209123959_d_img_d18_x08320_y74880.png,0.2461,425.99,531.56,505.7,637.79
ch2_ohr_ncp_20211228T2209123959_d_img_d18_x08320_y74880.png,0.2265,447.66,524.15,532.98,640.0
ch2_ohr_ncp_20211228T2209123959_d_img_d18_x08320_y78720.png,0.2162,329.16,421.44,402.25,526.17
ch2_ohr_ncp_20211228T2209123959_d_img_d18_x08960_y38400.png,0.3793,177.37,437.71,187.91,445.44
ch2_ohr_ncp_20211228T2209123959_d_img_d18_x08960_y38400.png,0.3726,118.71,284.0,125.76,289.47
ch2_ohr_ncp_20211228T2209123959_d_img_d18_x08960_y38400.png,0.3067,41.15,202.14,47.38,208.42
ch2_ohr_ncp_20211228T2209123959_d_img_d18_x08960_y38400.png,0.3026,68.75,288.1,92.88,303.03
ch2_ohr_ncp_20211228T2209123959_d_img_d18_x08960_y38400.png,0.2749,187.99,295.34,194.38,300.18
ch2_ohr_ncp_20211228T2209123959_d_img_d18_x08960_y38400.png,0.2675,156.47,462.13,164.42,468.37
ch2_ohr_ncp_20211228T2209123959_d_img_d18_x08960_y38400.png,0.2651,81.67,169.27,89.32,174.07
ch2_ohr_ncp_20211228T2209123959_d_img_d18_x08960_y38400.png,0.2624,168.66,312.74,174.44,317.17
ch2_ohr_ncp_20211228T2209123959_d_img_d18_x08960_y38400.png,0.2526,169.35,363.96,179.14,370.79
ch2_ohr_ncp_20211228T2209123959_d_img_d18_x08960_y38400.png,0.2374,101.91,515.99,109.39,521.91
ch2_ohr_ncp_20211228T2209123959_d_img_d18_x08960_y38400.png,0.2236,155.91,392.44,161.52,396.96
ch2_ohr_ncp_20211228T2209123959_d_img_d18_x08960_y38400.png,0.2142,354.45,291.98,360.27,297.14
ch2_ohr_ncp_20211228T2209123959_d_img_d18_x08960_y38400.png,0.2041,163.96,398.13,172.69,405.5
ch2_ohr_ncp_20211228T2209123959_d_img_d18_x08960_y38400.png,0.2018,375.27,244.0,381.6,249.81
ch2_ohr_ncp_20211228T2209123959_d_img_d18_x08960_y39040.png,0.367,465.83,49.45,471.16,54.47
ch2_ohr_ncp_20211228T2209123959_d_img_d18_x08960_y39040.png,0.3379,262.34,56.62,275.72,65.58
ch2_ohr_ncp_20211228T2209123959_d_img_d18_x08960_y39040.png,0.3178,354.41,135.98,361.08,141.03
ch2_ohr_ncp_20211228T2209123959_d_img_d18_x08960_y39040.png,0.2824,296.87,43.7,305.42,50.05
ch2_ohr_ncp_20211228T2209123959_d_img_d18_x08960_y39040.png,0.2798,315.95,10.76,321.79,16.34
ch2_ohr_ncp_20211228T2209123959_d_img_d18_x08960_y39040.png,0.2579,279.34,48.3,284.24,52.64
ch2_ohr_ncp_20211228T2209123959_d_img_d18_x08960_y39040.png,0.2349,294.7,118.01,308.72,128.52
ch2_ohr_ncp_20211228T2209123959_d_img_d18_x08960_y72320.png,0.3241,571.22,203.29,640.0,295.29
ch2_ohr_ncp_20211228T2209123959_d_img_d18_x08960_y73600.png,0.2222,342.96,193.51,348.04,197.07
ch2_ohr_ncp_20211228T2209123959_d_img_d18_x08960_y73600.png,0.2085,158.44,126.57,164.6,132.05
ch2_ohr_ncp_20211228T2209123959_d_img_d18_x08960_y74240.png,0.2201,282.54,525.07,348.8,598.29
ch2_ohr_ncp_20211228T2209123959_d_img_d18_x08960_y74880.png,0.4665,13.42,598.5,81.23,640.0
ch2_ohr_ncp_20211228T2209123959_d_img_d18_x08960_y74880.png,0.2143,308.86,569.38,351.92,605.67
ch2_ohr_ncp_20211228T2209123959_d_img_d18_x09600_y38400.png,0.2073,184.43,581.41,193.79,588.89
ch2_ohr_ncp_20211228T2209123959_d_img_d18_x09600_y38400.png,0.2068,194.82,407.79,204.66,414.78
ch2_ohr_ncp_20211228T2209123959_d_img_d18_x09600_y73600.png,0.365,226.52,144.88,235.16,150.64
ch2_ohr_ncp_20211228T2209123959_d_img_d18_x09600_y73600.png,0.3294,221.74,182.49,228.0,188.88
ch2_ohr_ncp_20211228T2209123959_d_img_d18_x09600_y73600.png,0.2829,538.76,539.17,544.05,545.2
ch2_ohr_ncp_20211228T2209123959_d_img_d18_x09600_y73600.png,0.2729,517.41,435.96,533.68,446.99
ch2_ohr_ncp_20211228T2209123959_d_img_d18_x09600_y73600.png,0.2486,148.9,233.63,156.0,238.66
ch2_ohr_ncp_20211228T2209123959_d_img_d18_x09600_y73600.png,0.2454,224.4,168.44,229.54,172.61
ch2_ohr_ncp_20211228T2209123959_d_img_d18_x09600_y73600.png,0.2128,239.46,159.42,244.18,164.0
ch2_ohr_ncp_20211228T2209123959_d_img_d18_x09600_y73600.png,0.2049,125.48,258.93,151.6,277.71
ch2_ohr_ncp_20211228T2209123959_d_img_d18_x09600_y73600.png,0.2011,614.85,443.98,621.42,450.39
ch2_ohr_ncp_20211228T2209123959_d_img_d18_x09600_y74240.png,0.2691,22.78,0.0,83.31,70.53
ch2_ohr_ncp_20211228T2209123959_d_img_d18_x09600_y74880.png,0.2943,377.31,401.71,434.43,445.82
ch2_ohr_ncp_20211228T2209123959_d_img_d18_x09600_y77440.png,0.2037,1.25,65.94,12.44,76.7
ch2_ohr_ncp_20211228T2209123959_d_img_d18_x10240_y73600.png,0.4351,597.51,545.93,613.11,556.49
ch2_ohr_ncp_20211228T2209123959_d_img_d18_x10240_y74240.png,0.2238,423.95,6.57,474.64,51.13
ch2_ohr_ncp_20211228T2209123959_d_img_d18_x10240_y74880.png,0.2252,62.68,136.26,117.46,195.61
ch2_ohr_ncp_20211228T2209123959_d_img_d18_x10240_y75520.png,0.3033,513.21,539.9,528.75,548.98
ch2_ohr_ncp_20211228T2209123959_d_img_d18_x10240_y77440.png,0.3183,419.4,375.46,427.85,381.8
ch2_ohr_ncp_20211228T2209123959_d_img_d18_x10880_y73600.png,0.4212,78.32,451.87,84.74,456.61
ch2_ohr_ncp_20211228T2209123959_d_img_d18_x10880_y73600.png,0.2776,94.82,426.14,100.0,430.12
ch2_ohr_ncp_20211228T2209123959_d_img_d18_x10880_y75520.png,0.2912,180.8,222.11,248.88,266.94
ch2_ohr_ncp_20211228T2209123959_d_img_d18_x10880_y75520.png,0.2858,411.54,0.16,465.98,41.59
ch2_ohr_ncp_20211228T2209123959_d_img_d18_x10880_y78080.png,0.2762,0.0,607.7,34.67,639.44
ch2_ohr_ncp_20211228T2209123959_d_img_d18_x10880_y78720.png,0.3194,159.07,359.38,167.33,366.58
ch2_ohr_ncp_20211228T2209123959_d_img_d18_x11520_y73600.png,0.4728,403.63,192.09,413.04,198.19
ch2_ohr_ncp_20211228T2209123959_d_img_d18_x11520_y73600.png,0.408,79.03,252.0,84.19,257.49
ch2_ohr_ncp_20211228T2209123959_d_img_d18_x11520_y73600.png,0.3806,265.27,343.32,270.79,348.69
ch2_ohr_ncp_20211228T2209123959_d_img_d18_x11520_y73600.png,0.3299,408.37,255.85,413.05,260.09
ch2_ohr_ncp_20211228T2209123959_d_img_d18_x11520_y73600.png,0.2857,313.89,156.0,323.35,161.88
ch2_ohr_ncp_20211228T2209123959_d_img_d18_x11520_y73600.png,0.2569,191.82,351.37,197.65,356.43
ch2_ohr_ncp_20211228T2209123959_d_img_d18_x11520_y73600.png,0.2465,40.44,119.57,45.09,124.01
ch2_ohr_ncp_20211228T2209123959_d_img_d18_x11520_y73600.png,0.237,121.9,158.65,131.42,164.91
ch2_ohr_ncp_20211228T2209123959_d_img_d18_x11520_y73600.png,0.2332,358.38,247.33,365.47,253.21
ch2_ohr_ncp_20211228T2209123959_d_img_d18_x11520_y73600.png,0.202,70.63,256.57,76.0,260.07
ch2_ohr_ncp_20211228T2209123959_d_img_d18_x11520_y76160.png,0.5641,154.67,322.74,163.16,329.2
ch2_ohr_ncp_20211228T2209123959_d_img_d18_x11520_y76160.png,0.5439,101.87,312.81,108.2,317.48
ch2_ohr_ncp_20211228T2209123959_d_img_d18_x11520_y76160.png,0.3425,277.34,470.85,284.61,476.73
ch2_ohr_ncp_20211228T2209123959_d_img_d18_x11520_y76160.png,0.3165,129.57,220.0,150.89,238.14
ch2_ohr_ncp_20211228T2209123959_d_img_d18_x11520_y76160.png,0.2963,309.83,332.49,321.23,340.05
ch2_ohr_ncp_20211228T2209123959_d_img_d18_x11520_y76160.png,0.2748,88.15,571.25,98.39,578.15
ch2_ohr_ncp_20211228T2209123959_d_img_d18_x11520_y76160.png,0.242,66.06,428.0,71.06,433.84
ch2_ohr_ncp_20211228T2209123959_d_img_d18_x11520_y76160.png,0.2286,117.46,242.11,124.02,246.96
ch2_ohr_ncp_20211228T2209123959_d_img_d18_x11520_y76160.png,0.2285,147.85,362.71,152.81,366.49
ch2_ohr_ncp_20211228T2209123959_d_img_d18_x11520_y76160.png,0.2238,48.18,601.26,58.75,609.3
ch2_ohr_ncp_20211228T2209123959_d_img_d18_x11520_y76160.png,0.2169,102.14,222.89,108.0,228.01
ch2_ohr_ncp_20211228T2209123959_d_img_d18_x11520_y76160.png,0.2156,55.33,247.92,61.14,252.24
ch2_ohr_ncp_20211228T2209123959_d_img_d18_x11520_y76800.png,0.5305,405.18,195.53,412.69,202.13
ch2_ohr_ncp_20211228T2209123959_d_img_d18_x11520_y76800.png,0.3444,311.73,450.35,316.54,455.21
ch2_ohr_ncp_20211228T2209123959_d_img_d18_x11520_y76800.png,0.2481,297.96,515.8,304.15,520.65
ch2_ohr_ncp_20211228T2209123959_d_img_d18_x11520_y76800.png,0.2054,254.27,488.83,260.03,493.06
ch2_ohr_ncp_20211228T2209123959_d_img_d18_x11520_y77440.png,0.5265,235.4,65.93,241.95,71.07
ch2_ohr_ncp_20211228T2209123959_d_img_d18_x11520_y77440.png,0.4806,155.79,22.06,165.79,30.72
ch2_ohr_ncp_20211228T2209123959_d_img_d18_x11520_y77440.png,0.4787,106.02,139.99,113.04,146.04
ch2_ohr_ncp_20211228T2209123959_d_img_d18_x11520_y77440.png,0.4546,176.72,81.67,183.06,86.77
ch2_ohr_ncp_20211228T2209123959_d_img_d18_x11520_y77440.png,0.4438,99.86,119.5,110.48,125.91
ch2_ohr_ncp_20211228T2209123959_d_img_d18_x11520_y77440.png,0.4357,9.14,120.63,15.12,126.69
ch2_ohr_ncp_20211228T2209123959_d_img_d18_x11520_y77440.png,0.3969,173.75,147.89,180.02,152.63
ch2_ohr_ncp_20211228T2209123959_d_img_d18_x11520_y77440.png,0.3877,238.79,82.14,251.54,90.6
ch2_ohr_ncp_20211228T2209123959_d_img_d18_x11520_y77440.png,0.3657,0.29,203.91,6.57,209.13
ch2_ohr_ncp_20211228T2209123959_d_img_d18_x11520_y77440.png,0.3624,31.22,250.54,36.27,254.74
ch2_ohr_ncp_20211228T2209123959_d_img_d18_x11520_y77440.png,0.356,35.99,235.27,45.06,241.26
ch2_ohr_ncp_20211228T2209123959_d_img_d18_x11520_y77440.png,0.3314,209.39,51.97,216.68,57.99
ch2_ohr_ncp_20211228T2209123959_d_img_d18_x11520_y77440.png,0.306,22.4,408.93,28.06,413.51
ch2_ohr_ncp_20211228T2209123959_d_img_d18_x11520_y77440.png,0.2929,151.05,225.82,158.85,231.41
ch2_ohr_ncp_20211228T2209123959_d_img_d18_x11520_y77440.png,0.2899,83.93,82.87,97.66,92.07
ch2_ohr_ncp_20211228T2209123959_d_img_d18_x11520_y77440.png,0.2889,0.2,179.8,9.01,188.12
ch2_ohr_ncp_20211228T2209123959_d_img_d18_x11520_y77440.png,0.2725,144.34,143.71,149.11,148.2
ch2_ohr_ncp_20211228T2209123959_d_img_d18_x11520_y77440.png,0.2723,81.15,214.11,88.71,220.2
ch2_ohr_ncp_20211228T2209123959_d_img_d18_x11520_y77440.png,0.2712,309.22,53.37,316.87,60.0
ch2_ohr_ncp_20211228T2209123959_d_img_d18_x11520_y77440.png,0.2652,128.94,207.86,138.24,213.67
ch2_ohr_ncp_20211228T2209123959_d_img_d18_x11520_y77440.png,0.2477,0.42,152.47,15.48,170.29
ch2_ohr_ncp_20211228T2209123959_d_img_d18_x11520_y77440.png,0.2404,61.8,120.93,68.02,125.11
ch2_ohr_ncp_20211228T2209123959_d_img_d18_x11520_y77440.png,0.2324,371.99,254.31,377.67,260.0
ch2_ohr_ncp_20211228T2209123959_d_img_d18_x11520_y77440.png,0.2221,310.16,398.63,316.02,404.0
ch2_ohr_ncp_20211228T2209123959_d_img_d18_x11520_y77440.png,0.2091,399.68,242.28,434.63,267.84
ch2_ohr_ncp_20211228T2209123959_d_img_d18_x11520_y77440.png,0.2082,312.04,75.12,317.76,80.66
ch2_ohr_ncp_20211228T2209123959_d_img_d18_x11520_y77440.png,0.2058,99.54,434.39,105.48,439.14
ch2_ohr_ncp_20211228T2209123959_d_img_d18_x11520_y77440.png,0.2046,325.61,364.0,332.0,369.79
ch2_ohr_ncp_20211228T2209123959_d_img_d18_x11520_y77440.png,0.2041,122.11,157.51,132.39,165.58
ch2_ohr_ncp_20211228T2209123959_d_img_d18_x11520_y77440.png,0.2014,113.75,400.68,120.18,405.44
ch2_ohr_ncp_20211228T2209123959_d_img_d18_x11520_y78080.png,0.5682,61.34,528.81,68.86,536.47
ch2_ohr_ncp_20211228T2209123959_d_img_d18_x11520_y78080.png,0.5012,103.28,471.62,108.58,476.53
ch2_ohr_ncp_20211228T2209123959_d_img_d18_x11520_y78080.png,0.4533,9.43,573.91,20.3,582.46
ch2_ohr_ncp_20211228T2209123959_d_img_d18_x11520_y78080.png,0.3664,264.16,112.22,269.58,116.86
ch2_ohr_ncp_20211228T2209123959_d_img_d18_x11520_y78080.png,0.2921,59.04,585.88,68.82,593.37
ch2_ohr_ncp_20211228T2209123959_d_img_d18_x11520_y78080.png,0.2878,141.38,564.0,148.01,569.44
ch2_ohr_ncp_20211228T2209123959_d_img_d18_x11520_y78080.png,0.2872,30.53,535.45,36.23,540.48
ch2_ohr_ncp_20211228T2209123959_d_img_d18_x11520_y78080.png,0.2825,213.21,7.91,220.06,13.4
ch2_ohr_ncp_20211228T2209123959_d_img_d18_x11520_y78080.png,0.261,189.99,11.94,196.84,16.68
ch2_ohr_ncp_20211228T2209123959_d_img_d18_x11520_y78080.png,0.2517,94.82,391.84,101.96,398.11
ch2_ohr_ncp_20211228T2209123959_d_img_d18_x11520_y78080.png,0.2428,15.54,448.39,21.22,453.59
ch2_ohr_ncp_20211228T2209123959_d_img_d18_x11520_y78080.png,0.2397,117.29,442.74,124.36,448.39
ch2_ohr_ncp_20211228T2209123959_d_img_d18_x11520_y78080.png,0.2349,343.04,349.34,354.43,356.13
ch2_ohr_ncp_20211228T2209123959_d_img_d18_x11520_y78080.png,0.2274,82.5,413.23,90.75,420.79
ch2_ohr_ncp_20211228T2209123959_d_img_d18_x11520_y78080.png,0.2141,61.45,220.69,69.41,228.26
ch2_ohr_ncp_20211228T2209123959_d_img_d18_x11520_y78080.png,0.214,140.0,563.99,146.93,569.29
ch2_ohr_ncp_20211228T2209123959_d_img_d18_x11520_y78080.png,0.2102,354.26,317.06,362.74,325.03
ch2_ohr_ncp_20240406T0647198831_d_img_d18_x00000_y60800.png,0.2001,612.96,94.92,640.0,178.65
ch2_ohr_ncp_20240406T0647198831_d_img_d18_x00000_y61440.png,0.2909,3.07,0.0,59.06,75.02
ch2_ohr_ncp_20240406T0647198831_d_img_d18_x00000_y75520.png,0.2887,600.74,527.57,636.22,576.19
ch2_ohr_ncp_20240406T0647198831_d_img_d18_x00000_y75520.png,0.2365,524.41,456.97,548.2,487.21
ch2_ohr_ncp_20240406T0647198831_d_img_d18_x00000_y76160.png,0.2105,332.17,597.31,365.81,640.0
ch2_ohr_ncp_20240406T0647198831_d_img_d18_x00000_y85760.png,0.2222,598.68,602.17,636.86,639.81
ch2_ohr_ncp_20240406T0647198831_d_img_d18_x00640_y75520.png,0.2678,250.12,297.1,271.92,348.53
ch2_ohr_ncp_20240406T0647198831_d_img_d18_x00640_y83840.png,0.3543,556.12,318.02,585.06,373.95
ch2_ohr_ncp_20240406T0647198831_d_img_d18_x00640_y92160.png,0.2888,378.93,606.91,406.91,635.94
ch2_ohr_ncp_20240406T0647198831_d_img_d18_x00640_y97920.png,0.2212,594.68,109.19,628.25,164.26
ch2_ohr_ncp_20240406T0647198831_d_img_d18_x00640_y99840.png,0.209,117.66,471.0,151.22,533.13
ch2_ohr_ncp_20240406T0647198831_d_img_d18_x00640_y99840.png,0.2053,565.14,475.53,606.82,526.84
ch2_ohr_ncp_20240406T0647198831_d_img_d18_x01280_y100480.png,0.361,547.93,78.22,552.11,84.39
ch2_ohr_ncp_20240406T0647198831_d_img_d18_x01280_y100480.png,0.296,569.85,94.41,575.18,100.47
ch2_ohr_ncp_20240406T0647198831_d_img_d18_x01280_y100480.png,0.2441,554.31,107.47,559.72,113.18
ch2_ohr_ncp_20240406T0647198831_d_img_d18_x01280_y100480.png,0.244,547.94,76.0,552.4,83.19
ch2_ohr_ncp_20240406T0647198831_d_img_d18_x01280_y12800.png,0.3118,279.0,583.22,302.04,635.93
ch2_ohr_ncp_20240406T0647198831_d_img_d18_x01280_y20480.png,0.3046,24.1,570.62,52.46,623.32
ch2_ohr_ncp_20240406T0647198831_d_img_d18_x01280_y60160.png,0.4049,500.44,0.0,573.23,38.73
ch2_ohr_ncp_20240406T0647198831_d_img_d18_x01280_y71680.png,0.2124,138.04,532.27,174.99,582.03
ch2_ohr_ncp_20240406T0647198831_d_img_d18_x01280_y72960.png,0.2267,602.22,572.35,626.47,619.77
ch2_ohr_ncp_20240406T0647198831_d_img_d18_x01280_y94080.png,0.216,432.55,371.61,463.18,426.06
ch2_ohr_ncp_20240406T0647198831_d_img_d18_x01280_y97920.png,0.4661,36.39,521.72,64.84,571.22
ch2_ohr_ncp_20240406T0647198831_d_img_d18_x01280_y97920.png,0.2739,40.45,525.5,62.22,573.13
ch2_ohr_ncp_20240406T0647198831_d_img_d18_x01280_y99840.png,0.2197,270.73,298.18,276.02,302.84
ch2_ohr_ncp_20240406T0647198831_d_img_d18_x01280_y99840.png,0.2168,310.86,319.09,316.02,324.9
ch2_ohr_ncp_20240406T0647198831_d_img_d18_x01920_y21760.png,0.2663,45.93,592.34,52.0,598.31
ch2_ohr_ncp_20240406T0647198831_d_img_d18_x01920_y21760.png,0.2495,26.71,614.79,32.26,621.08
ch2_ohr_ncp_20240406T0647198831_d_img_d18_x01920_y70400.png,0.2187,503.4,432.05,536.34,474.46
ch2_ohr_ncp_20240406T0647198831_d_img_d18_x01920_y73600.png,0.2192,134.08,513.67,166.44,553.73
ch2_ohr_ncp_20240406T0647198831_d_img_d18_x01920_y88960.png,0.2544,2.97,0.38,48.93,54.92
ch2_ohr_ncp_20240406T0647198831_d_img_d18_x01920_y97280.png,0.3757,7.24,85.46,32.96,135.61
ch2_ohr_ncp_20240406T0647198831_d_img_d18_x01920_y99200.png,0.2725,422.81,120.1,428.02,125.28
ch2_ohr_ncp_20240406T0647198831_d_img_d18_x01920_y99200.png,0.2271,510.8,266.75,516.16,273.44
ch2_ohr_ncp_20240406T0647198831_d_img_d18_x02560_y87680.png,0.2531,0.0,225.62,33.8,274.07
ch2_ohr_ncp_20240406T0647198831_d_img_d18_x02560_y99200.png,0.3272,0.0,556.58,26.24,618.46
ch2_ohr_ncp_20240406T0647198831_d_img_d18_x02560_y99840.png,0.3144,399.47,296.63,437.24,337.07
ch2_ohr_ncp_20240406T0647198831_d_img_d18_x02560_y99840.png,0.2519,0.0,154.02,15.66,188.97
ch2_ohr_ncp_20240406T0647198831_d_img_d18_x03200_y94720.png,0.2737,0.05,114.16,29.22,178.7
ch2_ohr_ncp_20240406T0647198831_d_img_d18_x03840_y94720.png,0.251,0.0,0.0,43.25,49.74
ch2_ohr_ncp_20240406T0647198831_d_img_d18_x05120_y90880.png,0.2079,171.57,597.64,196.08,633.22
ch2_ohr_ncp_20240406T0647198831_d_img_d18_x05120_y99200.png,0.2141,587.6,10.76,625.38,72.93
ch2_ohr_ncp_20240406T0647198831_d_img_d18_x05760_y100480.png,0.2013,7.07,316.0,13.11,326.09
ch2_ohr_ncp_20240406T0647198831_d_img_d18_x05760_y94720.png,0.2689,263.29,567.28,297.3,612.72
ch2_ohr_ncp_20240406T0647198831_d_img_d18_x05760_y97280.png,0.2201,488.23,510.18,520.73,555.82
ch2_ohr_ncp_20240406T0647198831_d_img_d18_x06400_y92800.png,0.2426,23.14,46.28,82.63,149.55
ch2_ohr_ncp_20240406T0647198831_d_img_d18_x06400_y94080.png,0.2331,503.27,334.19,538.7,380.06
ch2_ohr_ncp_20240406T0647198831_d_img_d18_x07040_y94080.png,0.2278,0.0,87.01,21.72,148.3
ch2_ohr_ncp_20240406T0647198831_d_img_d18_x07040_y94720.png,0.2424,588.25,58.42,612.08,91.6
ch2_ohr_ncp_20240406T0647198831_d_img_d18_x08320_y94720.png,0.3565,40.89,41.61,79.27,82.59
ch2_ohr_ncp_20240406T0647198831_d_img_d18_x08320_y94720.png,0.3266,409.89,84.5,465.36,129.79
ch2_ohr_ncp_20240406T0647198831_d_img_d18_x08320_y96640.png,0.4099,223.82,581.45,246.29,617.22
ch2_ohr_ncp_20240406T0647198831_d_img_d18_x08960_y88320.png,0.2701,301.12,598.61,330.15,636.06
ch2_ohr_ncp_20240406T0647198831_d_img_d18_x09600_y96640.png,0.2758,5.89,161.69,42.94,217.71
ch2_ohr_ncp_20240406T0647198831_d_img_d18_x10240_y87040.png,0.2816,132.95,512.96,171.81,542.24
ch2_ohr_ncp_20240406T0647198831_d_img_d18_x11520_y89600.png,0.2399,265.14,507.54,286.15,556.81
ch2_ohr_ncp_20241111T0516278303_d_img_d18_x00000_y19200.png,0.22,351.48,453.47,391.14,490.96
ch2_ohr_ncp_20241111T0516278303_d_img_d18_x00640_y24320.png,0.2538,39.94,0.0,133.49,63.16
ch2_ohr_ncp_20241111T0516278303_d_img_d18_x01280_y17280.png,0.2921,357.06,0.32,427.54,26.7
ch2_ohr_ncp_20241111T0516278303_d_img_d18_x01280_y17280.png,0.2016,82.21,0.0,139.33,41.67
ch2_ohr_ncp_20241111T0516278303_d_img_d18_x01280_y24960.png,0.2401,584.06,573.88,617.86,621.65
ch2_ohr_ncp_20241111T0516278303_d_img_d18_x01280_y25600.png,0.2097,329.38,53.45,357.56,89.36
ch2_ohr_ncp_20241111T0516278303_d_img_d18_x01920_y24960.png,0.3347,570.86,302.98,594.96,345.35
ch2_ohr_ncp_20241111T0516278303_d_img_d18_x01920_y83200.png,0.2166,386.63,364.79,436.8,438.13
ch2_ohr_ncp_20241111T0516278303_d_img_d18_x01920_y85120.png,0.2326,610.35,281.89,614.54,286.22
ch2_ohr_ncp_20241111T0516278303_d_img_d18_x01920_y85120.png,0.2153,591.5,358.32,597.21,364.02
ch2_ohr_ncp_20241111T0516278303_d_img_d18_x02560_y78080.png,0.2616,3.06,0.52,44.15,60.06
ch2_ohr_ncp_20241111T0516278303_d_img_d18_x02560_y79360.png,0.528,48.96,124.64,117.68,175.56
ch2_ohr_ncp_20241111T0516278303_d_img_d18_x02560_y79360.png,0.2044,504.55,160.81,537.3,199.18
ch2_ohr_ncp_20241111T0516278303_d_img_d18_x02560_y80000.png,0.4722,472.98,617.09,477.58,621.81
ch2_ohr_ncp_20241111T0516278303_d_img_d18_x02560_y80000.png,0.4103,475.99,602.01,480.88,606.69
ch2_ohr_ncp_20241111T0516278303_d_img_d18_x02560_y80000.png,0.3192,587.99,587.98,593.26,592.57
ch2_ohr_ncp_20241111T0516278303_d_img_d18_x02560_y80000.png,0.2896,500.0,562.42,505.47,566.2
ch2_ohr_ncp_20241111T0516278303_d_img_d18_x02560_y80000.png,0.276,502.34,612.0,508.01,617.44
ch2_ohr_ncp_20241111T0516278303_d_img_d18_x02560_y80000.png,0.2614,502.49,613.14,506.57,617.36
ch2_ohr_ncp_20241111T0516278303_d_img_d18_x02560_y80000.png,0.2297,411.15,596.0,420.02,604.45
ch2_ohr_ncp_20241111T0516278303_d_img_d18_x02560_y80000.png,0.2107,578.44,617.64,582.45,621.26
ch2_ohr_ncp_20241111T0516278303_d_img_d18_x02560_y80640.png,0.3444,167.78,86.17,174.0,92.04
ch2_ohr_ncp_20241111T0516278303_d_img_d18_x02560_y80640.png,0.3088,275.63,239.63,282.0,245.86
ch2_ohr_ncp_20241111T0516278303_d_img_d18_x02560_y80640.png,0.2418,276.57,240.39,284.0,245.59
ch2_ohr_ncp_20241111T0516278303_d_img_d18_x02560_y81280.png,0.5299,498.21,551.16,503.71,556.53
ch2_ohr_ncp_20241111T0516278303_d_img_d18_x02560_y81280.png,0.3899,303.83,426.65,309.36,431.87
ch2_ohr_ncp_20241111T0516278303_d_img_d18_x02560_y81280.png,0.3429,598.03,449.07,604.52,453.93
ch2_ohr_ncp_20241111T0516278303_d_img_d18_x02560_y81280.png,0.3202,411.11,559.06,421.55,569.09
ch2_ohr_ncp_20241111T0516278303_d_img_d18_x02560_y81280.png,0.3045,324.0,372.0,329.51,377.26
ch2_ohr_ncp_20241111T0516278303_d_img_d18_x02560_y81280.png,0.288,299.99,383.75,305.8,388.9
ch2_ohr_ncp_20241111T0516278303_d_img_d18_x02560_y81280.png,0.2779,622.13,462.37,628.0,468.0
ch2_ohr_ncp_20241111T0516278303_d_img_d18_x02560_y81280.png,0.2775,510.52,626.29,516.0,630.26
ch2_ohr_ncp_20241111T0516278303_d_img_d18_x02560_y81280.png,0.2771,625.48,387.98,631.04,394.41
ch2_ohr_ncp_20241111T0516278303_d_img_d18_x02560_y81280.png,0.2681,526.49,446.73,535.77,456.42
ch2_ohr_ncp_20241111T0516278303_d_img_d18_x02560_y81280.png,0.2433,317.45,353.71,324.65,361.22
ch2_ohr_ncp_20241111T0516278303_d_img_d18_x02560_y81280.png,0.2331,518.01,492.0,524.02,498.2
ch2_ohr_ncp_20241111T0516278303_d_img_d18_x02560_y81280.png,0.2158,310.28,584.44,356.51,639.15
ch2_ohr_ncp_20241111T0516278303_d_img_d18_x02560_y81280.png,0.2127,607.01,628.58,614.45,636.0
ch2_ohr_ncp_20241111T0516278303_d_img_d18_x02560_y81280.png,0.2059,262.91,404.0,271.62,413.37
ch2_ohr_ncp_20241111T0516278303_d_img_d18_x02560_y81920.png,0.3167,50.03,0.0,86.55,44.2
ch2_ohr_ncp_20241111T0516278303_d_img_d18_x02560_y81920.png,0.2381,596.11,624.62,604.21,633.75
ch2_ohr_ncp_20241111T0516278303_d_img_d18_x02560_y82560.png,0.6314,629.63,566.01,639.58,580.19
ch2_ohr_ncp_20241111T0516278303_d_img_d18_x02560_y82560.png,0.6005,544.48,351.47,550.38,357.02
ch2_ohr_ncp_20241111T0516278303_d_img_d18_x02560_y82560.png,0.5803,542.32,131.97,548.46,138.05
ch2_ohr_ncp_20241111T0516278303_d_img_d18_x02560_y82560.png,0.5541,500.93,615.68,508.03,622.03
ch2_ohr_ncp_20241111T0516278303_d_img_d18_x02560_y82560.png,0.5505,586.4,541.12,596.23,549.82
ch2_ohr_ncp_20241111T0516278303_d_img_d18_x02560_y82560.png,0.535,486.14,145.86,492.83,151.68
ch2_ohr_ncp_20241111T0516278303_d_img_d18_x02560_y82560.png,0.5255,506.38,347.93,511.65,353.25
ch2_ohr_ncp_20241111T0516278303_d_img_d18_x02560_y82560.png,0.5169,509.43,286.32,516.29,292.86
ch2_ohr_ncp_20241111T0516278303_d_img_d18_x02560_y82560.png,0.4912,505.22,137.76,512.83,145.82
ch2_ohr_ncp_20241111T0516278303_d_img_d18_x02560_y82560.png,0.4735,563.95,19.98,571.04,27.03
ch2_ohr_ncp_20241111T0516278303_d_img_d18_x02560_y82560.png,0.453,585.42,521.28,590.99,527.21
ch2_ohr_ncp_20241111T0516278303_d_img_d18_x02560_y82560.png,0.4175,564.12,104.04,572.01,110.76
ch2_ohr_ncp_20241111T0516278303_d_img_d18_x02560_y82560.png,0.3389,500.76,603.95,508.29,613.06
ch2_ohr_ncp_20241111T0516278303_d_img_d18_x02560_y82560.png,0.3318,602.29,0.19,607.82,5.72
ch2_ohr_ncp_20241111T0516278303_d_img_d18_x02560_y82560.png,0.3052,521.28,78.86,527.5,84.28
ch2_ohr_ncp_20241111T0516278303_d_img_d18_x02560_y82560.png,0.3018,571.91,222.93,577.96,228.47
ch2_ohr_ncp_20241111T0516278303_d_img_d18_x02560_y82560.png,0.2857,573.86,96.71,580.05,102.96
ch2_ohr_ncp_20241111T0516278303_d_img_d18_x02560_y82560.png,0.2849,563.96,568.0,570.99,576.88
ch2_ohr_ncp_20241111T0516278303_d_img_d18_x02560_y82560.png,0.2841,508.99,387.82,516.79,394.91
ch2_ohr_ncp_20241111T0516278303_d_img_d18_x02560_y82560.png,0.2742,416.16,408.57,423.89,415.9
ch2_ohr_ncp_20241111T0516278303_d_img_d18_x02560_y82560.png,0.2716,537.03,507.02,544.98,516.12
ch2_ohr_ncp_20241111T0516278303_d_img_d18_x02560_y82560.png,0.2575,455.31,264.8,461.0,270.46
ch2_ohr_ncp_20241111T0516278303_d_img_d18_x02560_y82560.png,0.2417,586.21,409.47,591.45,415.1
ch2_ohr_ncp_20241111T0516278303_d_img_d18_x02560_y82560.png,0.2328,573.73,538.88,580.0,543.55
ch2_ohr_ncp_20241111T0516278303_d_img_d18_x02560_y82560.png,0.2262,446.7,191.69,452.01,196.08
ch2_ohr_ncp_20241111T0516278303_d_img_d18_x02560_y82560.png,0.2189,462.71,249.48,468.01,253.73
ch2_ohr_ncp_20241111T0516278303_d_img_d18_x02560_y82560.png,0.2069,594.4,419.95,599.37,424.86
ch2_ohr_ncp_20241111T0516278303_d_img_d18_x02560_y82560.png,0.2067,500.13,94.99,508.01,102.36
ch2_ohr_ncp_20241111T0516278303_d_img_d18_x02560_y82560.png,0.2037,466.37,294.47,473.06,301.24
ch2_ohr_ncp_20241111T0516278303_d_img_d18_x02560_y82560.png,0.201,454.55,0.1,460.05,4.11
ch2_ohr_ncp_20241111T0516278303_d_img_d18_x02560_y83200.png,0.3265,302.82,312.99,309.11,319.19
ch2_ohr_ncp_20241111T0516278303_d_img_d18_x02560_y83200.png,0.3032,221.95,270.18,228.02,276.02
ch2_ohr_ncp_20241111T0516278303_d_img_d18_x02560_y83200.png,0.2379,527.67,33.63,532.92,38.19
ch2_ohr_ncp_20241111T0516278303_d_img_d18_x02560_y83200.png,0.222,615.22,155.77,620.02,160.18
ch2_ohr_ncp_20241111T0516278303_d_img_d18_x02560_y83200.png,0.2183,579.88,124.0,586.19,129.81
ch2_ohr_ncp_20241111T0516278303_d_img_d18_x02560_y83200.png,0.2068,633.55,159.29,639.46,164.26
ch2_ohr_ncp_20241111T0516278303_d_img_d18_x02560_y83840.png,0.5765,624.89,591.86,630.3,596.72
ch2_ohr_ncp_20241111T0516278303_d_img_d18_x02560_y83840.png,0.4419,530.67,580.56,537.56,588.01
ch2_ohr_ncp_20241111T0516278303_d_img_d18_x02560_y83840.png,0.4408,622.49,457.12,629.77,464.45
ch2_ohr_ncp_20241111T0516278303_d_img_d18_x02560_y83840.png,0.3795,532.34,577.42,540.0,584.35
ch2_ohr_ncp_20241111T0516278303_d_img_d18_x02560_y83840.png,0.3223,534.76,563.65,540.31,569.13
ch2_ohr_ncp_20241111T0516278303_d_img_d18_x02560_y83840.png,0.3183,531.57,577.81,538.63,586.52
ch2_ohr_ncp_20241111T0516278303_d_img_d18_x02560_y83840.png,0.2982,550.92,562.97,556.36,568.47
ch2_ohr_ncp_20241111T0516278303_d_img_d18_x02560_y83840.png,0.2689,577.83,590.06,582.25,596.0
ch2_ohr_ncp_20241111T0516278303_d_img_d18_x02560_y83840.png,0.2346,598.8,543.85,604.34,549.23
ch2_ohr_ncp_20241111T0516278303_d_img_d18_x02560_y84480.png,0.5781,627.76,184.18,638.6,197.99
ch2_ohr_ncp_20241111T0516278303_d_img_d18_x02560_y84480.png,0.3716,513.61,155.57,519.12,161.04
ch2_ohr_ncp_20241111T0516278303_d_img_d18_x02560_y84480.png,0.3685,574.21,101.45,586.22,114.95
ch2_ohr_ncp_20241111T0516278303_d_img_d18_x02560_y84480.png,0.3661,559.29,345.88,564.28,351.05
ch2_ohr_ncp_20241111T0516278303_d_img_d18_x02560_y84480.png,0.339,539.11,311.47,548.03,320.36
ch2_ohr_ncp_20241111T0516278303_d_img_d18_x02560_y84480.png,0.295,512.25,147.63,516.89,152.36
ch2_ohr_ncp_20241111T0516278303_d_img_d18_x02560_y84480.png,0.2825,610.79,283.27,616.86,289.91
ch2_ohr_ncp_20241111T0516278303_d_img_d18_x02560_y84480.png,0.2505,616.33,43.48,623.2,50.42
ch2_ohr_ncp_20241111T0516278303_d_img_d18_x02560_y84480.png,0.2439,491.0,393.77,494.73,397.82
ch2_ohr_ncp_20241111T0516278303_d_img_d18_x02560_y84480.png,0.2148,629.31,572.73,636.41,580.87
ch2_ohr_ncp_20241111T0516278303_d_img_d18_x02560_y84480.png,0.2086,563.92,234.7,569.19,238.68
ch2_ohr_ncp_20241111T0516278303_d_img_d18_x02560_y84480.png,0.2073,592.67,91.95,597.71,96.86
ch2_ohr_ncp_20241111T0516278303_d_img_d18_x02560_y85120.png,0.5766,438.02,2.1,445.03,10.51
ch2_ohr_ncp_20241111T0516278303_d_img_d18_x02560_y85120.png,0.5731,545.21,72.07,551.11,77.4
ch2_ohr_ncp_20241111T0516278303_d_img_d18_x02560_y85120.png,0.4996,551.09,6.8,556.35,12.09
ch2_ohr_ncp_20241111T0516278303_d_img_d18_x02560_y85120.png,0.4461,559.46,84.0,565.69,91.26
ch2_ohr_ncp_20241111T0516278303_d_img_d18_x02560_y85120.png,0.4355,609.31,5.19,616.91,12.59
ch2_ohr_ncp_20241111T0516278303_d_img_d18_x02560_y85120.png,0.4038,561.32,32.52,569.91,40.97
ch2_ohr_ncp_20241111T0516278303_d_img_d18_x02560_y85120.png,0.3883,634.57,109.26,639.55,116.01
ch2_ohr_ncp_20241111T0516278303_d_img_d18_x02560_y85120.png,0.3682,525.07,69.13,532.41,77.7
ch2_ohr_ncp_20241111T0516278303_d_img_d18_x02560_y85120.png,0.3664,466.05,97.69,471.88,103.32
ch2_ohr_ncp_20241111T0516278303_d_img_d18_x02560_y85120.png,0.3356,603.98,69.46,610.81,76.0
ch2_ohr_ncp_20241111T0516278303_d_img_d18_x02560_y85120.png,0.3234,610.83,15.47,626.17,28.94
ch2_ohr_ncp_20241111T0516278303_d_img_d18_x02560_y85120.png,0.3159,563.76,58.99,568.48,63.45
ch2_ohr_ncp_20241111T0516278303_d_img_d18_x02560_y85120.png,0.2871,605.14,69.54,612.01,76.0
ch2_ohr_ncp_20241111T0516278303_d_img_d18_x02560_y85120.png,0.2849,406.79,30.15,420.1,44.34
ch2_ohr_ncp_20241111T0516278303_d_img_d18_x02560_y85120.png,0.256,398.07,160.69,404.07,166.76
ch2_ohr_ncp_20241111T0516278303_d_img_d18_x02560_y85120.png,0.2266,375.83,33.4,380.1,37.51
ch2_ohr_ncp_20241111T0516278303_d_img_d18_x02560_y85120.png,0.2167,355.78,178.89,364.01,185.96
ch2_ohr_ncp_20241111T0516278303_d_img_d18_x02560_y85120.png,0.2104,325.06,26.07,332.64,33.31
ch2_ohr_ncp_20241111T0516278303_d_img_d18_x02560_y85760.png,0.637,568.97,15.64,574.23,20.36
ch2_ohr_ncp_20241111T0516278303_d_img_d18_x02560_y85760.png,0.273,621.63,133.72,628.19,140.02
ch2_ohr_ncp_20241111T0516278303_d_img_d18_x02560_y85760.png,0.2152,557.13,0.0,569.86,5.27
ch2_ohr_ncp_20241111T0516278303_d_img_d18_x02560_y85760.png,0.2105,37.35,0.2,82.81,57.01
ch2_ohr_ncp_20241111T0516278303_d_img_d18_x02560_y85760.png,0.2052,0.16,263.23,28.36,316.31
ch2_ohr_ncp_20241111T0516278303_d_img_d18_x03200_y74240.png,0.3226,628.0,321.45,634.71,327.83
ch2_ohr_ncp_20241111T0516278303_d_img_d18_x03200_y74240.png,0.2487,613.96,327.92,621.3,333.7
ch2_ohr_ncp_20241111T0516278303_d_img_d18_x03200_y74240.png,0.2052,628.81,321.21,636.0,327.38
ch2_ohr_ncp_20241111T0516278303_d_img_d18_x03200_y75520.png,0.2461,312.8,523.58,380.97,587.39
ch2_ohr_ncp_20241111T0516278303_d_img_d18_x03200_y75520.png,0.2196,37.98,551.01,72.15,590.56
ch2_ohr_ncp_20241111T0516278303_d_img_d18_x03200_y76160.png,0.2672,0.0,140.8,26.34,200.94
ch2_ohr_ncp_20241111T0516278303_d_img_d18_x03200_y76160.png,0.2037,0.0,3.63,56.13,66.71
ch2_ohr_ncp_20241111T0516278303_d_img_d18_x03200_y76160.png,0.2018,9.11,419.94,60.74,519.89
ch2_ohr_ncp_20241111T0516278303_d_img_d18_x03200_y76800.png,0.4807,621.28,166.8,628.01,172.6
ch2_ohr_ncp_20241111T0516278303_d_img_d18_x03200_y76800.png,0.3904,599.42,240.63,609.05,252.01
ch2_ohr_ncp_20241111T0516278303_d_img_d18_x03200_y76800.png,0.3703,599.45,497.51,640.0,556.74
ch2_ohr_ncp_20241111T0516278303_d_img_d18_x03200_y76800.png,0.3319,603.34,478.04,640.0,555.49
ch2_ohr_ncp_20241111T0516278303_d_img_d18_x03200_y76800.png,0.3186,619.97,166.89,626.91,172.81
ch2_ohr_ncp_20241111T0516278303_d_img_d18_x03200_y76800.png,0.2935,611.99,130.92,619.4,138.5
ch2_ohr_ncp_20241111T0516278303_d_img_d18_x03200_y76800.png,0.2656,612.86,130.75,620.88,138.05
ch2_ohr_ncp_20241111T0516278303_d_img_d18_x03200_y76800.png,0.2635,496.82,320.6,501.96,325.14
ch2_ohr_ncp_20241111T0516278303_d_img_d18_x03200_y76800.png,0.2409,455.63,257.61,460.8,262.44
ch2_ohr_ncp_20241111T0516278303_d_img_d18_x03200_y76800.png,0.2325,542.79,331.55,548.01,335.87
ch2_ohr_ncp_20241111T0516278303_d_img_d18_x03200_y76800.png,0.2171,554.01,541.95,587.4,591.88
ch2_ohr_ncp_20241111T0516278303_d_img_d18_x03200_y76800.png,0.207,622.72,138.19,628.93,143.49
ch2_ohr_ncp_20241111T0516278303_d_img_d18_x03200_y77440.png,0.5819,526.43,147.38,533.7,155.41
ch2_ohr_ncp_20241111T0516278303_d_img_d18_x03200_y77440.png,0.5618,542.84,597.77,553.75,609.12
ch2_ohr_ncp_20241111T0516278303_d_img_d18_x03200_y77440.png,0.5309,537.41,585.53,542.9,590.68
ch2_ohr_ncp_20241111T0516278303_d_img_d18_x03200_y77440.png,0.5074,515.06,592.45,524.63,602.22
ch2_ohr_ncp_20241111T0516278303_d_img_d18_x03200_y77440.png,0.4983,505.13,256.69,510.41,262.34
ch2_ohr_ncp_20241111T0516278303_d_img_d18_x03200_y77440.png,0.47,511.56,311.84,548.15,358.06
ch2_ohr_ncp_20241111T0516278303_d_img_d18_x03200_y77440.png,0.4613,501.98,185.78,508.0,190.54
ch2_ohr_ncp_20241111T0516278303_d_img_d18_x03200_y77440.png,0.3532,560.17,633.62,565.31,638.18
ch2_ohr_ncp_20241111T0516278303_d_img_d18_x03200_y77440.png,0.3501,532.48,629.06,539.01,634.14
ch2_ohr_ncp_20241111T0516278303_d_img_d18_x03200_y77440.png,0.3312,424.98,269.37,431.54,276.04
ch2_ohr_ncp_20241111T0516278303_d_img_d18_x03200_y77440.png,0.3301,570.89,178.14,580.01,188.5
ch2_ohr_ncp_20241111T0516278303_d_img_d18_x03200_y77440.png,0.2886,464.2,86.99,469.28,92.75
ch2_ohr_ncp_20241111T0516278303_d_img_d18_x03200_y77440.png,0.2871,518.66,301.81,525.05,309.03
ch2_ohr_ncp_20241111T0516278303_d_img_d18_x03200_y77440.png,0.2684,517.82,184.05,524.03,188.96
ch2_ohr_ncp_20241111T0516278303_d_img_d18_x03200_y77440.png,0.2554,532.75,628.0,540.01,634.18
ch2_ohr_ncp_20241111T0516278303_d_img_d18_x03200_y77440.png,0.2434,431.95,320.51,441.58,332.0
ch2_ohr_ncp_20241111T0516278303_d_img_d18_x03200_y77440.png,0.2353,521.7,131.75,527.92,137.31
ch2_ohr_ncp_20241111T0516278303_d_img_d18_x03200_y77440.png,0.2327,90.4,0.0,145.99,70.99
ch2_ohr_ncp_20241111T0516278303_d_img_d18_x03200_y77440.png,0.2305,406.55,584.11,416.74,593.35
ch2_ohr_ncp_20241111T0516278303_d_img_d18_x03200_y77440.png,0.2206,530.57,240.59,534.77,245.27
ch2_ohr_ncp_20241111T0516278303_d_img_d18_x03200_y77440.png,0.2167,529.98,255.01,533.76,260.01
ch2_ohr_ncp_20241111T0516278303_d_img_d18_x03200_y77440.png,0.2165,522.73,270.18,527.55,276.0
ch2_ohr_ncp_20241111T0516278303_d_img_d18_x03200_y77440.png,0.209,507.75,567.21,516.0,574.97
ch2_ohr_ncp_20241111T0516278303_d_img_d18_x03200_y78080.png,0.3199,600.93,180.0,606.42,186.75
ch2_ohr_ncp_20241111T0516278303_d_img_d18_x03200_y78080.png,0.2672,570.09,226.27,575.88,231.7
ch2_ohr_ncp_20241111T0516278303_d_img_d18_x03200_y78080.png,0.2182,562.47,224.6,566.33,229.21
ch2_ohr_ncp_20241111T0516278303_d_img_d18_x03200_y78080.png,0.2097,610.26,291.99,614.8,297.31
ch2_ohr_ncp_20241111T0516278303_d_img_d18_x03200_y79360.png,0.2197,481.21,382.65,485.38,388.0
ch2_ohr_ncp_20241111T0516278303_d_img_d18_x03200_y80000.png,0.5098,251.76,212.94,281.34,252.41
ch2_ohr_ncp_20241111T0516278303_d_img_d18_x03200_y80640.png,0.3118,624.05,126.27,628.7,132.01
ch2_ohr_ncp_20241111T0516278303_d_img_d18_x03200_y80640.png,0.3002,624.69,336.59,630.44,342.14
ch2_ohr_ncp_20241111T0516278303_d_img_d18_x03200_y80640.png,0.2502,116.82,625.75,125.67,636.45
ch2_ohr_ncp_20241111T0516278303_d_img_d18_x03200_y80640.png,0.2401,610.1,121.24,616.2,128.04
ch2_ohr_ncp_20241111T0516278303_d_img_d18_x03200_y80640.png,0.21,85.18,537.72,92.01,543.34
ch2_ohr_ncp_20241111T0516278303_d_img_d18_x03200_y82560.png,0.5674,32.21,97.29,36.48,102.29
ch2_ohr_ncp_20241111T0516278303_d_img_d18_x03200_y82560.png,0.4324,181.6,75.05,188.0,79.95
ch2_ohr_ncp_20241111T0516278303_d_img_d18_x03200_y82560.png,0.4143,50.44,37.08,56.56,42.53
ch2_ohr_ncp_20241111T0516278303_d_img_d18_x03200_y82560.png,0.3851,120.32,238.84,125.95,244.23
ch2_ohr_ncp_20241111T0516278303_d_img_d18_x03200_y82560.png,0.372,150.31,209.97,156.07,215.29
ch2_ohr_ncp_20241111T0516278303_d_img_d18_x03200_y82560.png,0.3681,180.22,217.76,188.07,224.25
ch2_ohr_ncp_20241111T0516278303_d_img_d18_x03200_y82560.png,0.3525,203.96,3.32,209.12,7.99
ch2_ohr_ncp_20241111T0516278303_d_img_d18_x03200_y82560.png,0.3251,66.45,360.77,70.36,365.11
ch2_ohr_ncp_20241111T0516278303_d_img_d18_x03200_y82560.png,0.3008,181.81,0.01,188.0,4.04
ch2_ohr_ncp_20241111T0516278303_d_img_d18_x03200_y82560.png,0.2918,283.62,81.35,287.9,85.29
ch2_ohr_ncp_20241111T0516278303_d_img_d18_x03200_y82560.png,0.2776,167.64,205.66,173.09,212.06
ch2_ohr_ncp_20241111T0516278303_d_img_d18_x03200_y82560.png,0.2661,180.0,75.31,186.49,80.01
ch2_ohr_ncp_20241111T0516278303_d_img_d18_x03200_y82560.png,0.2584,14.3,58.55,20.53,64.99
ch2_ohr_ncp_20241111T0516278303_d_img_d18_x03200_y82560.png,0.2422,279.84,102.01,286.54,108.55
ch2_ohr_ncp_20241111T0516278303_d_img_d18_x03200_y82560.png,0.2406,291.32,75.6,296.28,81.18
ch2_ohr_ncp_20241111T0516278303_d_img_d18_x03200_y82560.png,0.2399,108.0,16.71,114.04,21.22
ch2_ohr_ncp_20241111T0516278303_d_img_d18_x03200_y82560.png,0.2319,69.48,288.26,79.64,296.48
ch2_ohr_ncp_20241111T0516278303_d_img_d18_x03200_y82560.png,0.2158,56.15,501.27,92.25,532.57
ch2_ohr_ncp_20241111T0516278303_d_img_d18_x03200_y83200.png,0.5711,602.82,265.52,607.87,270.77
ch2_ohr_ncp_20241111T0516278303_d_img_d18_x03200_y83200.png,0.535,633.36,45.97,639.23,52.93
ch2_ohr_ncp_20241111T0516278303_d_img_d18_x03200_y83200.png,0.5296,415.36,394.31,422.18,401.66
ch2_ohr_ncp_20241111T0516278303_d_img_d18_x03200_y83200.png,0.5099,472.43,369.72,478.23,375.21
ch2_ohr_ncp_20241111T0516278303_d_img_d18_x03200_y83200.png,0.4501,601.3,129.29,606.06,134.27
ch2_ohr_ncp_20241111T0516278303_d_img_d18_x03200_y83200.png,0.4305,584.14,263.58,590.84,269.49
ch2_ohr_ncp_20241111T0516278303_d_img_d18_x03200_y83200.png,0.4189,610.16,324.0,615.14,329.14
ch2_ohr_ncp_20241111T0516278303_d_img_d18_x03200_y83200.png,0.3529,566.91,273.57,572.03,278.65
ch2_ohr_ncp_20241111T0516278303_d_img_d18_x03200_y83200.png,0.3513,630.22,257.38,636.02,262.26
ch2_ohr_ncp_20241111T0516278303_d_img_d18_x03200_y83200.png,0.347,378.87,337.03,384.59,343.37
ch2_ohr_ncp_20241111T0516278303_d_img_d18_x03200_y83200.png,0.3415,585.92,315.9,592.73,321.34
ch2_ohr_ncp_20241111T0516278303_d_img_d18_x03200_y83200.png,0.3408,506.54,321.78,510.46,325.59
ch2_ohr_ncp_20241111T0516278303_d_img_d18_x03200_y83200.png,0.3407,618.37,155.36,628.93,165.14
ch2_ohr_ncp_20241111T0516278303_d_img_d18_x03200_y83200.png,0.3147,627.95,240.03,632.47,244.85
ch2_ohr_ncp_20241111T0516278303_d_img_d18_x03200_y83200.png,0.3089,562.24,545.04,567.54,549.96
ch2_ohr_ncp_20241111T0516278303_d_img_d18_x03200_y83200.png,0.3019,616.5,99.44,621.47,104.16
ch2_ohr_ncp_20241111T0516278303_d_img_d18_x03200_y83200.png,0.3018,448.5,615.95,461.37,629.43
ch2_ohr_ncp_20241111T0516278303_d_img_d18_x03200_y83200.png,0.2852,481.6,369.03,486.57,374.15
ch2_ohr_ncp_20241111T0516278303_d_img_d18_x03200_y83200.png,0.2826,576.2,567.42,581.6,572.41
ch2_ohr_ncp_20241111T0516278303_d_img_d18_x03200_y83200.png,0.2767,558.77,92.0,564.12,98.17
ch2_ohr_ncp_20241111T0516278303_d_img_d18_x03200_y83200.png,0.2729,441.8,304.15,446.33,308.45
ch2_ohr_ncp_20241111T0516278303_d_img_d18_x03200_y83200.png,0.2466,407.73,367.59,415.81,376.29
ch2_ohr_ncp_20241111T0516278303_d_img_d18_x03200_y83200.png,0.2337,483.43,425.34,489.01,431.77
ch2_ohr_ncp_20241111T0516278303_d_img_d18_x03200_y83200.png,0.2224,598.99,45.47,604.16,52.01
ch2_ohr_ncp_20241111T0516278303_d_img_d18_x03200_y83200.png,0.2197,499.8,334.86,504.57,340.01
ch2_ohr_ncp_20241111T0516278303_d_img_d18_x03200_y83200.png,0.2164,618.22,332.0,622.89,338.36
ch2_ohr_ncp_20241111T0516278303_d_img_d18_x03200_y83200.png,0.2075,523.98,341.73,530.47,348.07
ch2_ohr_ncp_20241111T0516278303_d_img_d18_x03200_y83200.png,0.2067,625.63,225.73,629.68,230.42
ch2_ohr_ncp_20241111T0516278303_d_img_d18_x03200_y83840.png,0.2451,304.35,39.56,342.11,87.41
ch2_ohr_ncp_20241111T0516278303_d_img_d18_x03200_y84480.png,0.2944,28.78,569.72,70.48,620.9
ch2_ohr_ncp_20241111T0516278303_d_img_d18_x03200_y85120.png,0.3419,88.05,323.5,100.18,336.78
ch2_ohr_ncp_20241111T0516278303_d_img_d18_x03200_y85120.png,0.2385,3.71,0.0,43.57,50.63
ch2_ohr_ncp_20241111T0516278303_d_img_d18_x03200_y85120.png,0.2121,152.42,367.51,157.1,372.62
ch2_ohr_ncp_20241111T0516278303_d_img_d18_x03200_y85120.png,0.2089,71.5,311.85,76.02,316.08
ch2_ohr_ncp_20241111T0516278303_d_img_d18_x03200_y85760.png,0.5826,75.56,225.16,79.62,229.16
ch2_ohr_ncp_20241111T0516278303_d_img_d18_x03200_y85760.png,0.5771,25.69,370.91,30.92,376.2
ch2_ohr_ncp_20241111T0516278303_d_img_d18_x03200_y85760.png,0.5419,21.75,304.77,28.13,311.68
ch2_ohr_ncp_20241111T0516278303_d_img_d18_x03200_y85760.png,0.4678,1.23,297.88,6.79,303.0
ch2_ohr_ncp_20241111T0516278303_d_img_d18_x03200_y85760.png,0.454,0.1,315.98,4.04,321.36
ch2_ohr_ncp_20241111T0516278303_d_img_d18_x03200_y85760.png,0.4155,97.37,342.51,103.04,348.1
ch2_ohr_ncp_20241111T0516278303_d_img_d18_x03200_y85760.png,0.3754,342.12,154.76,348.03,160.64
ch2_ohr_ncp_20241111T0516278303_d_img_d18_x03200_y85760.png,0.3738,515.56,587.49,520.65,592.74
ch2_ohr_ncp_20241111T0516278303_d_img_d18_x03200_y85760.png,0.3732,419.34,8.45,426.27,14.51
ch2_ohr_ncp_20241111T0516278303_d_img_d18_x03200_y85760.png,0.3215,59.69,235.05,64.03,239.27
ch2_ohr_ncp_20241111T0516278303_d_img_d18_x03200_y85760.png,0.3077,88.09,129.4,92.87,134.25
ch2_ohr_ncp_20241111T0516278303_d_img_d18_x03200_y85760.png,0.3019,401.69,518.69,407.86,524.23
ch2_ohr_ncp_20241111T0516278303_d_img_d18_x03200_y85760.png,0.2792,47.56,283.76,52.23,288.14
ch2_ohr_ncp_20241111T0516278303_d_img_d18_x03200_y85760.png,0.2562,416.49,601.88,420.78,606.33
ch2_ohr_ncp_20241111T0516278303_d_img_d18_x03200_y85760.png,0.2457,403.59,491.62,407.36,495.87
ch2_ohr_ncp_20241111T0516278303_d_img_d18_x03200_y85760.png,0.2451,248.86,163.32,254.46,169.41
ch2_ohr_ncp_20241111T0516278303_d_img_d18_x03200_y85760.png,0.2209,328.05,185.29,333.79,190.07
ch2_ohr_ncp_20241111T0516278303_d_img_d18_x03200_y85760.png,0.2114,20.0,305.04,27.61,311.45
ch2_ohr_ncp_20241111T0516278303_d_img_d18_x03200_y86400.png,0.5799,585.36,169.34,590.97,175.47
ch2_ohr_ncp_20241111T0516278303_d_img_d18_x03200_y86400.png,0.528,589.93,244.66,596.84,252.08
ch2_ohr_ncp_20241111T0516278303_d_img_d18_x03200_y86400.png,0.4603,576.31,231.24,581.94,236.04
ch2_ohr_ncp_20241111T0516278303_d_img_d18_x03200_y86400.png,0.4453,504.48,272.76,511.08,278.97
ch2_ohr_ncp_20241111T0516278303_d_img_d18_x03200_y86400.png,0.4003,391.79,151.79,397.2,157.81
ch2_ohr_ncp_20241111T0516278303_d_img_d18_x03200_y86400.png,0.3727,451.76,26.82,457.53,33.36
ch2_ohr_ncp_20241111T0516278303_d_img_d18_x03200_y86400.png,0.3572,439.77,184.04,444.02,188.24
ch2_ohr_ncp_20241111T0516278303_d_img_d18_x03200_y86400.png,0.3525,563.37,342.74,568.83,348.72
ch2_ohr_ncp_20241111T0516278303_d_img_d18_x03200_y86400.png,0.3411,465.17,4.0,470.5,10.93
ch2_ohr_ncp_20241111T0516278303_d_img_d18_x03200_y86400.png,0.3261,594.47,265.35,598.56,270.08
ch2_ohr_ncp_20241111T0516278303_d_img_d18_x03200_y86400.png,0.294,373.59,50.13,383.84,60.15
ch2_ohr_ncp_20241111T0516278303_d_img_d18_x03200_y86400.png,0.2738,610.84,168.53,616.22,173.23
ch2_ohr_ncp_20241111T0516278303_d_img_d18_x03200_y86400.png,0.272,606.35,334.95,612.0,340.0
ch2_ohr_ncp_20241111T0516278303_d_img_d18_x03200_y86400.png,0.2489,449.85,190.02,454.56,196.01
ch2_ohr_ncp_20241111T0516278303_d_img_d18_x03200_y86400.png,0.2464,622.58,235.96,628.1,241.28
ch2_ohr_ncp_20241111T0516278303_d_img_d18_x03200_y86400.png,0.2438,375.69,335.76,384.07,343.39
ch2_ohr_ncp_20241111T0516278303_d_img_d18_x03200_y86400.png,0.2419,456.77,155.22,462.37,161.34
ch2_ohr_ncp_20241111T0516278303_d_img_d18_x03200_y86400.png,0.2361,509.52,262.68,516.0,268.04
ch2_ohr_ncp_20241111T0516278303_d_img_d18_x03200_y86400.png,0.2294,635.01,266.94,639.24,271.29
ch2_ohr_ncp_20241111T0516278303_d_img_d18_x03200_y86400.png,0.2293,627.44,520.84,636.29,529.39
ch2_ohr_ncp_20241111T0516278303_d_img_d18_x03200_y86400.png,0.227,480.55,239.97,485.48,245.4
ch2_ohr_ncp_20241111T0516278303_d_img_d18_x03200_y86400.png,0.2247,567.85,261.6,575.08,268.71
ch2_ohr_ncp_20241111T0516278303_d_img_d18_x03200_y86400.png,0.2113,299.26,114.21,305.52,120.25
ch2_ohr_ncp_20241111T0516278303_d_img_d18_x03200_y87040.png,0.4265,466.34,293.17,472.53,300.0
ch2_ohr_ncp_20241111T0516278303_d_img_d18_x03200_y87040.png,0.2942,466.16,292.0,472.54,298.74
ch2_ohr_ncp_20241111T0516278303_d_img_d18_x03200_y87040.png,0.2559,385.69,329.96,390.39,334.87
ch2_ohr_ncp_20241111T0516278303_d_img_d18_x03200_y87040.png,0.2434,598.48,297.57,604.03,302.76
ch2_ohr_ncp_20241111T0516278303_d_img_d18_x03200_y87040.png,0.2261,330.98,403.99,335.42,409.18
ch2_ohr_ncp_20241111T0516278303_d_img_d18_x03200_y88320.png,0.5214,602.6,288.01,607.23,293.4
ch2_ohr_ncp_20241111T0516278303_d_img_d18_x03200_y88320.png,0.5021,627.37,539.95,632.76,545.41
ch2_ohr_ncp_20241111T0516278303_d_img_d18_x03200_y88320.png,0.4059,631.96,7.46,638.67,15.25
ch2_ohr_ncp_20241111T0516278303_d_img_d18_x03200_y88320.png,0.358,596.08,243.09,604.08,249.91
ch2_ohr_ncp_20241111T0516278303_d_img_d18_x03200_y88320.png,0.3312,618.45,193.78,624.6,199.29
ch2_ohr_ncp_20241111T0516278303_d_img_d18_x03200_y88320.png,0.3139,613.57,323.92,621.85,332.91
ch2_ohr_ncp_20241111T0516278303_d_img_d18_x03200_y88320.png,0.3048,574.87,304.23,582.97,311.69
ch2_ohr_ncp_20241111T0516278303_d_img_d18_x03200_y88320.png,0.303,589.14,582.12,607.13,599.15
ch2_ohr_ncp_20241111T0516278303_d_img_d18_x03200_y88320.png,0.2772,432.96,304.39,439.99,311.12
ch2_ohr_ncp_20241111T0516278303_d_img_d18_x03200_y88320.png,0.2632,449.61,255.47,454.39,260.17
ch2_ohr_ncp_20241111T0516278303_d_img_d18_x03200_y88320.png,0.2613,451.46,347.78,456.57,352.9
ch2_ohr_ncp_20241111T0516278303_d_img_d18_x03200_y88320.png,0.2447,406.63,349.9,412.04,356.47
ch2_ohr_ncp_20241111T0516278303_d_img_d18_x03200_y88320.png,0.2356,416.7,316.0,421.65,321.82
ch2_ohr_ncp_20241111T0516278303_d_img_d18_x03200_y88320.png,0.2039,478.94,248.88,486.05,255.2
ch2_ohr_ncp_20241111T0516278303_d_img_d18_x03840_y24960.png,0.2937,599.32,523.22,640.0,568.2
ch2_ohr_ncp_20241111T0516278303_d_img_d18_x03840_y26240.png,0.206,108.88,512.33,150.36,554.17
ch2_ohr_ncp_20241111T0516278303_d_img_d18_x03840_y37760.png,0.5623,591.08,46.78,598.21,53.05
ch2_ohr_ncp_20241111T0516278303_d_img_d18_x03840_y37760.png,0.384,495.19,5.05,504.55,13.05
ch2_ohr_ncp_20241111T0516278303_d_img_d18_x03840_y37760.png,0.3036,576.74,56.39,582.27,62.67
ch2_ohr_ncp_20241111T0516278303_d_img_d18_x03840_y37760.png,0.2341,271.94,92.0,277.85,98.71
ch2_ohr_ncp_20241111T0516278303_d_img_d18_x03840_y37760.png,0.2335,374.56,0.33,426.89,32.12
ch2_ohr_ncp_20241111T0516278303_d_img_d18_x03840_y71680.png,0.2226,591.51,82.23,627.4,126.78
ch2_ohr_ncp_20241111T0516278303_d_img_d18_x03840_y72320.png,0.406,470.24,190.46,476.02,196.54
ch2_ohr_ncp_20241111T0516278303_d_img_d18_x03840_y72320.png,0.2763,0.0,592.46,41.77,639.82
ch2_ohr_ncp_20241111T0516278303_d_img_d18_x03840_y72320.png,0.204,16.3,157.73,95.93,279.25
ch2_ohr_ncp_20241111T0516278303_d_img_d18_x03840_y72320.png,0.204,1.31,595.09,34.61,638.34
ch2_ohr_ncp_20241111T0516278303_d_img_d18_x03840_y72960.png,0.254,320.89,297.38,371.22,341.26
ch2_ohr_ncp_20241111T0516278303_d_img_d18_x03840_y74240.png,0.361,627.77,398.18,639.45,409.24
ch2_ohr_ncp_20241111T0516278303_d_img_d18_x03840_y74240.png,0.2899,563.11,539.13,574.45,550.31
ch2_ohr_ncp_20241111T0516278303_d_img_d18_x03840_y74240.png,0.2531,603.29,431.0,608.27,436.02
ch2_ohr_ncp_20241111T0516278303_d_img_d18_x03840_y76160.png,0.5452,585.85,266.05,592.61,272.33
ch2_ohr_ncp_20241111T0516278303_d_img_d18_x03840_y76160.png,0.406,528.73,304.02,534.4,309.48
ch2_ohr_ncp_20241111T0516278303_d_img_d18_x03840_y76160.png,0.4055,626.68,427.99,631.36,433.32
ch2_ohr_ncp_20241111T0516278303_d_img_d18_x03840_y76160.png,0.3557,597.48,529.3,609.84,541.92
ch2_ohr_ncp_20241111T0516278303_d_img_d18_x03840_y76160.png,0.3549,615.89,507.34,620.44,511.92
ch2_ohr_ncp_20241111T0516278303_d_img_d18_x03840_y76160.png,0.3342,629.76,328.87,637.18,335.06
ch2_ohr_ncp_20241111T0516278303_d_img_d18_x03840_y76160.png,0.2673,609.75,584.97,614.91,589.73
ch2_ohr_ncp_20241111T0516278303_d_img_d18_x03840_y76160.png,0.2382,574.75,603.37,581.68,610.42
ch2_ohr_ncp_20241111T0516278303_d_img_d18_x03840_y76160.png,0.2361,633.08,256.07,639.48,262.71
ch2_ohr_ncp_20241111T0516278303_d_img_d18_x03840_y76160.png,0.2122,511.83,176.1,516.5,180.62
ch2_ohr_ncp_20241111T0516278303_d_img_d18_x03840_y78080.png,0.3328,65.49,191.12,107.47,255.95
ch2_ohr_ncp_20241111T0516278303_d_img_d18_x03840_y78080.png,0.3088,551.07,417.08,599.26,463.94
ch2_ohr_ncp_20241111T0516278303_d_img_d18_x03840_y78080.png,0.297,400.42,601.48,432.74,639.54
ch2_ohr_ncp_20241111T0516278303_d_img_d18_x03840_y78080.png,0.2252,0.0,34.54,31.27,97.22
ch2_ohr_ncp_20241111T0516278303_d_img_d18_x03840_y81920.png,0.2067,56.6,110.98,101.65,169.51
ch2_ohr_ncp_20241111T0516278303_d_img_d18_x03840_y83200.png,0.2222,465.24,605.65,526.82,640.0
ch2_ohr_ncp_20241111T0516278303_d_img_d18_x03840_y84480.png,0.2817,445.98,317.36,496.01,359.74
ch2_ohr_ncp_20241111T0516278303_d_img_d18_x03840_y84480.png,0.2367,278.95,139.78,284.01,145.28
ch2_ohr_ncp_20241111T0516278303_d_img_d18_x03840_y84480.png,0.2026,280.89,124.8,286.29,132.04
ch2_ohr_ncp_20241111T0516278303_d_img_d18_x03840_y85120.png,0.2358,528.55,263.8,534.25,268.74
ch2_ohr_ncp_20241111T0516278303_d_img_d18_x03840_y85120.png,0.2055,189.29,452.48,232.3,519.76
ch2_ohr_ncp_20241111T0516278303_d_img_d18_x03840_y85760.png,0.2503,597.83,480.39,604.08,486.59
ch2_ohr_ncp_20241111T0516278303_d_img_d18_x03840_y85760.png,0.201,0.14,559.63,32.1,618.76
ch2_ohr_ncp_20241111T0516278303_d_img_d18_x03840_y87040.png,0.366,23.09,406.05,28.07,412.03
ch2_ohr_ncp_20241111T0516278303_d_img_d18_x03840_y87680.png,0.3049,391.4,179.34,416.62,222.97
ch2_ohr_ncp_20241111T0516278303_d_img_d18_x03840_y88320.png,0.4768,56.63,546.01,61.34,550.99
ch2_ohr_ncp_20241111T0516278303_d_img_d18_x03840_y88320.png,0.4025,43.85,605.88,48.05,612.0
ch2_ohr_ncp_20241111T0516278303_d_img_d18_x03840_y88320.png,0.3826,51.85,609.76,55.91,614.23
ch2_ohr_ncp_20241111T0516278303_d_img_d18_x03840_y88320.png,0.3662,30.58,597.25,36.55,604.02
ch2_ohr_ncp_20241111T0516278303_d_img_d18_x03840_y88320.png,0.3454,30.84,596.0,37.14,603.41
ch2_ohr_ncp_20241111T0516278303_d_img_d18_x03840_y88320.png,0.2524,86.09,613.8,92.01,620.09
ch2_ohr_ncp_20241111T0516278303_d_img_d18_x03840_y88320.png,0.2394,84.0,588.0,89.5,593.59
ch2_ohr_ncp_20241111T0516278303_d_img_d18_x03840_y88320.png,0.2393,8.73,528.34,20.71,538.89
ch2_ohr_ncp_20241111T0516278303_d_img_d18_x03840_y88320.png,0.2174,76.0,576.37,81.9,580.78
ch2_ohr_ncp_20241111T0516278303_d_img_d18_x03840_y88320.png,0.2147,27.89,498.4,33.25,503.54
ch2_ohr_ncp_20241111T0516278303_d_img_d18_x03840_y88320.png,0.2015,43.87,604.0,48.03,609.96
ch2_ohr_ncp_20241111T0516278303_d_img_d18_x03840_y88960.png,0.5313,629.43,367.72,636.14,374.67
ch2_ohr_ncp_20241111T0516278303_d_img_d18_x03840_y88960.png,0.3924,590.53,0.05,629.02,30.07
ch2_ohr_ncp_20241111T0516278303_d_img_d18_x03840_y88960.png,0.3791,616.72,345.98,624.38,353.65
ch2_ohr_ncp_20241111T0516278303_d_img_d18_x03840_y88960.png,0.3674,587.26,487.91,592.13,492.74
ch2_ohr_ncp_20241111T0516278303_d_img_d18_x03840_y88960.png,0.3523,581.43,277.36,588.06,284.06
ch2_ohr_ncp_20241111T0516278303_d_img_d18_x03840_y88960.png,0.2936,592.57,0.0,635.38,32.67
ch2_ohr_ncp_20241111T0516278303_d_img_d18_x03840_y88960.png,0.2211,592.46,422.46,597.02,428.0
ch2_ohr_ncp_20241111T0516278303_d_img_d18_x03840_y88960.png,0.2099,567.13,411.34,572.12,415.72
ch2_ohr_ncp_20241111T0516278303_d_img_d18_x03840_y89600.png,0.3269,97.65,339.99,102.28,345.32
ch2_ohr_ncp_20241111T0516278303_d_img_d18_x04480_y37120.png,0.2879,281.0,282.63,336.98,333.38
ch2_ohr_ncp_20241111T0516278303_d_img_d18_x04480_y37760.png,0.2322,15.35,220.35,41.55,265.08
ch2_ohr_ncp_20241111T0516278303_d_img_d18_x04480_y69760.png,0.2586,70.8,0.0,126.97,79.04
ch2_ohr_ncp_20241111T0516278303_d_img_d18_x04480_y69760.png,0.2199,538.11,0.0,597.3,51.74
ch2_ohr_ncp_20241111T0516278303_d_img_d18_x04480_y70400.png,0.621,584.34,299.48,592.43,306.52
ch2_ohr_ncp_20241111T0516278303_d_img_d18_x04480_y70400.png,0.609,609.22,293.15,616.98,300.25
ch2_ohr_ncp_20241111T0516278303_d_img_d18_x04480_y70400.png,0.4304,626.69,234.32,631.45,239.94
ch2_ohr_ncp_20241111T0516278303_d_img_d18_x04480_y70400.png,0.4271,588.35,325.88,596.21,332.17
ch2_ohr_ncp_20241111T0516278303_d_img_d18_x04480_y70400.png,0.4074,479.38,566.24,487.18,573.73
ch2_ohr_ncp_20241111T0516278303_d_img_d18_x04480_y70400.png,0.3567,628.58,458.23,638.66,468.18
ch2_ohr_ncp_20241111T0516278303_d_img_d18_x04480_y70400.png,0.2867,577.03,324.0,583.08,330.09
ch2_ohr_ncp_20241111T0516278303_d_img_d18_x04480_y70400.png,0.2632,606.1,281.84,612.0,286.33
ch2_ohr_ncp_20241111T0516278303_d_img_d18_x04480_y70400.png,0.2362,423.42,549.37,431.11,556.71
ch2_ohr_ncp_20241111T0516278303_d_img_d18_x04480_y70400.png,0.2327,558.29,228.64,566.28,236.59
ch2_ohr_ncp_20241111T0516278303_d_img_d18_x04480_y70400.png,0.2282,577.39,325.35,584.01,329.76
ch2_ohr_ncp_20241111T0516278303_d_img_d18_x04480_y70400.png,0.2189,558.14,307.45,565.84,313.63
ch2_ohr_ncp_20241111T0516278303_d_img_d18_x04480_y71040.png,0.6203,537.68,270.69,542.68,276.07
ch2_ohr_ncp_20241111T0516278303_d_img_d18_x04480_y71040.png,0.5484,262.3,511.16,269.12,516.91
ch2_ohr_ncp_20241111T0516278303_d_img_d18_x04480_y71040.png,0.5057,443.93,395.02,450.83,401.65
ch2_ohr_ncp_20241111T0516278303_d_img_d18_x04480_y71040.png,0.4662,444.63,394.56,452.67,401.66
ch2_ohr_ncp_20241111T0516278303_d_img_d18_x04480_y71040.png,0.4645,265.04,626.8,276.09,636.03
ch2_ohr_ncp_20241111T0516278303_d_img_d18_x04480_y71040.png,0.4042,612.46,377.9,621.86,386.72
ch2_ohr_ncp_20241111T0516278303_d_img_d18_x04480_y71040.png,0.3336,419.64,370.23,425.4,375.67
ch2_ohr_ncp_20241111T0516278303_d_img_d18_x04480_y71040.png,0.2998,464.16,595.95,469.67,601.28
ch2_ohr_ncp_20241111T0516278303_d_img_d18_x04480_y71040.png,0.2733,440.58,516.0,445.82,521.28
ch2_ohr_ncp_20241111T0516278303_d_img_d18_x04480_y71040.png,0.2534,576.35,391.68,583.99,399.82
ch2_ohr_ncp_20241111T0516278303_d_img_d18_x04480_y71040.png,0.2395,590.84,50.04,621.49,100.33
ch2_ohr_ncp_20241111T0516278303_d_img_d18_x04480_y71040.png,0.2319,370.89,572.0,376.21,577.4
ch2_ohr_ncp_20241111T0516278303_d_img_d18_x04480_y71040.png,0.2233,245.58,445.25,253.68,452.11
ch2_ohr_ncp_20241111T0516278303_d_img_d18_x04480_y71040.png,0.2128,438.83,310.78,446.15,317.07
ch2_ohr_ncp_20241111T0516278303_d_img_d18_x04480_y71040.png,0.2117,309.52,509.41,316.02,516.0
ch2_ohr_ncp_20241111T0516278303_d_img_d18_x04480_y71040.png,0.2087,443.98,555.8,448.41,559.59
ch2_ohr_ncp_20241111T0516278303_d_img_d18_x04480_y71040.png,0.2016,632.9,407.9,638.19,412.69
ch2_ohr_ncp_20241111T0516278303_d_img_d18_x04480_y72320.png,0.2318,591.17,342.48,597.71,349.11
ch2_ohr_ncp_20241111T0516278303_d_img_d18_x04480_y72320.png,0.2176,577.66,316.0,581.89,321.94
ch2_ohr_ncp_20241111T0516278303_d_img_d18_x04480_y72960.png,0.3777,126.19,40.59,132.02,46.72
ch2_ohr_ncp_20241111T0516278303_d_img_d18_x04480_y72960.png,0.2823,114.73,98.19,119.69,103.07
ch2_ohr_ncp_20241111T0516278303_d_img_d18_x04480_y72960.png,0.2793,544.44,279.05,550.52,285.86
ch2_ohr_ncp_20241111T0516278303_d_img_d18_x04480_y72960.png,0.2317,135.47,85.72,142.15,92.01
ch2_ohr_ncp_20241111T0516278303_d_img_d18_x04480_y72960.png,0.2154,92.0,6.7,98.11,12.03
ch2_ohr_ncp_20241111T0516278303_d_img_d18_x04480_y74240.png,0.3415,28.29,168.83,63.12,208.63
ch2_ohr_ncp_20241111T0516278303_d_img_d18_x04480_y78720.png,0.2753,0.0,488.89,65.53,581.71
ch2_ohr_ncp_20241111T0516278303_d_img_d18_x04480_y80000.png,0.2214,207.04,82.35,285.03,152.31
ch2_ohr_ncp_20241111T0516278303_d_img_d18_x04480_y80640.png,0.3746,105.77,331.98,113.11,339.08
ch2_ohr_ncp_20241111T0516278303_d_img_d18_x04480_y80640.png,0.3029,451.09,590.78,491.88,638.21
ch2_ohr_ncp_20241111T0516278303_d_img_d18_x04480_y80640.png,0.2051,191.52,483.99,197.43,490.61
ch2_ohr_ncp_20241111T0516278303_d_img_d18_x04480_y81920.png,0.4312,589.88,27.62,640.0,92.11
ch2_ohr_ncp_20241111T0516278303_d_img_d18_x04480_y81920.png,0.2409,590.59,3.34,640.0,92.14
ch2_ohr_ncp_20241111T0516278303_d_img_d18_x04480_y82560.png,0.4263,617.41,611.57,623.08,617.71
ch2_ohr_ncp_20241111T0516278303_d_img_d18_x04480_y82560.png,0.2198,22.73,142.28,64.92,218.03
ch2_ohr_ncp_20241111T0516278303_d_img_d18_x04480_y82560.png,0.2167,616.0,611.73,622.37,617.9
ch2_ohr_ncp_20241111T0516278303_d_img_d18_x04480_y90880.png,0.3175,0.0,493.74,78.24,567.26
ch2_ohr_ncp_20241111T0516278303_d_img_d18_x04480_y90880.png,0.2771,607.24,548.77,639.19,599.85
ch2_ohr_ncp_20241111T0516278303_d_img_d18_x05120_y21120.png,0.2719,169.24,516.98,194.57,553.66
ch2_ohr_ncp_20241111T0516278303_d_img_d18_x05120_y36480.png,0.2381,536.41,30.84,566.16,68.22
ch2_ohr_ncp_20241111T0516278303_d_img_d18_x05120_y36480.png,0.2025,577.52,0.0,634.67,32.88
ch2_ohr_ncp_20241111T0516278303_d_img_d18_x05120_y68480.png,0.2189,3.42,0.77,41.43,54.03
ch2_ohr_ncp_20241111T0516278303_d_img_d18_x05120_y69120.png,0.3799,424.02,66.81,428.39,70.87
ch2_ohr_ncp_20241111T0516278303_d_img_d18_x05120_y69120.png,0.3321,249.99,19.99,255.04,26.41
ch2_ohr_ncp_20241111T0516278303_d_img_d18_x05120_y69120.png,0.3039,320.42,45.42,325.84,52.0
ch2_ohr_ncp_20241111T0516278303_d_img_d18_x05120_y69120.png,0.2972,320.15,44.0,326.3,50.58
ch2_ohr_ncp_20241111T0516278303_d_img_d18_x05120_y69120.png,0.2396,250.13,21.7,254.8,28.0
ch2_ohr_ncp_20241111T0516278303_d_img_d18_x05120_y69120.png,0.2318,227.38,23.71,236.4,31.15
ch2_ohr_ncp_20241111T0516278303_d_img_d18_x05120_y69120.png,0.2123,393.37,0.07,397.87,4.08
ch2_ohr_ncp_20241111T0516278303_d_img_d18_x05120_y69120.png,0.2034,242.3,43.23,248.43,49.3
ch2_ohr_ncp_20241111T0516278303_d_img_d18_x05120_y69760.png,0.3014,186.19,304.0,196.0,312.01
ch2_ohr_ncp_20241111T0516278303_d_img_d18_x05120_y69760.png,0.2493,230.75,291.84,238.5,298.57
ch2_ohr_ncp_20241111T0516278303_d_img_d18_x05120_y70400.png,0.4615,398.86,283.67,408.52,291.7
ch2_ohr_ncp_20241111T0516278303_d_img_d18_x05120_y70400.png,0.4331,70.06,308.8,77.7,316.29
ch2_ohr_ncp_20241111T0516278303_d_img_d18_x05120_y70400.png,0.2383,617.16,110.08,622.13,116.0
ch2_ohr_ncp_20241111T0516278303_d_img_d18_x05120_y71040.png,0.524,180.28,350.45,190.33,359.37
ch2_ohr_ncp_20241111T0516278303_d_img_d18_x05120_y71040.png,0.4928,239.62,570.73,244.66,575.83
ch2_ohr_ncp_20241111T0516278303_d_img_d18_x05120_y71040.png,0.48,211.84,594.82,217.2,600.01
ch2_ohr_ncp_20241111T0516278303_d_img_d18_x05120_y71040.png,0.3933,217.82,321.89,223.02,327.26
ch2_ohr_ncp_20241111T0516278303_d_img_d18_x05120_y71040.png,0.3464,206.3,500.82,212.17,508.09
ch2_ohr_ncp_20241111T0516278303_d_img_d18_x05120_y71040.png,0.3389,230.31,411.21,236.11,416.55
ch2_ohr_ncp_20241111T0516278303_d_img_d18_x05120_y71040.png,0.3383,201.82,569.88,208.49,575.51
ch2_ohr_ncp_20241111T0516278303_d_img_d18_x05120_y71040.png,0.2979,249.23,400.95,256.39,407.72
ch2_ohr_ncp_20241111T0516278303_d_img_d18_x05120_y71040.png,0.2837,245.82,547.97,252.38,554.8
ch2_ohr_ncp_20241111T0516278303_d_img_d18_x05120_y71040.png,0.2798,243.99,549.0,251.09,556.01
ch2_ohr_ncp_20241111T0516278303_d_img_d18_x05120_y71040.png,0.2612,205.15,194.18,212.51,200.83
ch2_ohr_ncp_20241111T0516278303_d_img_d18_x05120_y71040.png,0.2551,320.24,172.38,329.02,180.45
ch2_ohr_ncp_20241111T0516278303_d_img_d18_x05120_y71040.png,0.2353,355.8,403.43,363.04,410.3
ch2_ohr_ncp_20241111T0516278303_d_img_d18_x05120_y71040.png,0.2096,25.43,232.53,31.4,237.87
ch2_ohr_ncp_20241111T0516278303_d_img_d18_x05120_y71040.png,0.2009,243.99,547.99,251.51,554.81
ch2_ohr_ncp_20241111T0516278303_d_img_d18_x05120_y73600.png,0.2214,273.79,508.22,325.47,573.79
ch2_ohr_ncp_20241111T0516278303_d_img_d18_x05120_y81920.png,0.22,13.3,167.25,73.22,245.91
ch2_ohr_ncp_20241111T0516278303_d_img_d18_x05120_y82560.png,0.2896,0.17,626.21,8.49,635.64
ch2_ohr_ncp_20241111T0516278303_d_img_d18_x05120_y84480.png,0.2949,87.06,125.18,92.04,132.0
ch2_ohr_ncp_20241111T0516278303_d_img_d18_x05120_y84480.png,0.2138,87.49,124.0,92.25,130.87
ch2_ohr_ncp_20241111T0516278303_d_img_d18_x05120_y85120.png,0.3378,140.72,408.18,148.14,415.89
ch2_ohr_ncp_20241111T0516278303_d_img_d18_x05120_y85120.png,0.333,99.97,466.99,108.6,476.9
ch2_ohr_ncp_20241111T0516278303_d_img_d18_x05120_y85120.png,0.2985,128.51,259.41,138.03,268.83
ch2_ohr_ncp_20241111T0516278303_d_img_d18_x05120_y85120.png,0.2766,142.38,379.57,152.56,389.78
ch2_ohr_ncp_20241111T0516278303_d_img_d18_x05120_y85120.png,0.2707,128.24,367.22,135.84,374.54
ch2_ohr_ncp_20241111T0516278303_d_img_d18_x05120_y85120.png,0.2704,8.22,364.0,12.45,369.19
ch2_ohr_ncp_20241111T0516278303_d_img_d18_x05120_y85120.png,0.2353,35.99,331.88,41.23,336.67
ch2_ohr_ncp_20241111T0516278303_d_img_d18_x05120_y85760.png,0.4053,170.03,561.4,173.99,566.21
ch2_ohr_ncp_20241111T0516278303_d_img_d18_x05120_y85760.png,0.2418,203.16,548.0,207.47,553.1
ch2_ohr_ncp_20241111T0516278303_d_img_d18_x05120_y85760.png,0.2254,55.22,518.31,60.9,524.33
ch2_ohr_ncp_20241111T0516278303_d_img_d18_x05120_y86400.png,0.2613,184.54,67.78,189.48,73.37
ch2_ohr_ncp_20241111T0516278303_d_img_d18_x05120_y87680.png,0.2342,26.42,162.48,31.01,167.45
ch2_ohr_ncp_20241111T0516278303_d_img_d18_x05120_y88960.png,0.4177,133.31,111.65,140.06,119.06
ch2_ohr_ncp_20241111T0516278303_d_img_d18_x05120_y88960.png,0.3975,37.78,347.01,44.41,354.58
ch2_ohr_ncp_20241111T0516278303_d_img_d18_x05120_y88960.png,0.3688,16.7,279.23,21.36,284.03
ch2_ohr_ncp_20241111T0516278303_d_img_d18_x05120_y88960.png,0.3066,94.9,208.16,101.08,214.76
ch2_ohr_ncp_20241111T0516278303_d_img_d18_x05120_y88960.png,0.25,132.0,112.14,139.29,118.85
ch2_ohr_ncp_20241111T0516278303_d_img_d18_x05760_y16000.png,0.26,112.14,0.01,159.97,24.68
ch2_ohr_ncp_20241111T0516278303_d_img_d18_x05760_y18560.png,0.2366,316.06,481.82,383.12,582.69
ch2_ohr_ncp_20241111T0516278303_d_img_d18_x05760_y21120.png,0.4664,135.56,363.94,142.47,371.3
ch2_ohr_ncp_20241111T0516278303_d_img_d18_x05760_y21120.png,0.4432,345.94,588.05,372.55,632.07
ch2_ohr_ncp_20241111T0516278303_d_img_d18_x05760_y21120.png,0.3777,505.46,241.91,518.95,251.07
ch2_ohr_ncp_20241111T0516278303_d_img_d18_x05760_y21120.png,0.3191,303.12,221.76,310.27,228.04
ch2_ohr_ncp_20241111T0516278303_d_img_d18_x05760_y21120.png,0.2893,404.46,375.9,412.02,381.58
ch2_ohr_ncp_20241111T0516278303_d_img_d18_x05760_y21120.png,0.2771,397.29,347.15,404.2,353.4
ch2_ohr_ncp_20241111T0516278303_d_img_d18_x05760_y21120.png,0.2443,25.4,544.89,32.38,550.59
ch2_ohr_ncp_20241111T0516278303_d_img_d18_x05760_y21120.png,0.2052,103.61,310.16,116.04,321.79
ch2_ohr_ncp_20241111T0516278303_d_img_d18_x05760_y21120.png,0.2031,389.42,384.34,396.29,389.63
ch2_ohr_ncp_20241111T0516278303_d_img_d18_x05760_y21120.png,0.2022,17.5,329.52,22.46,334.32
ch2_ohr_ncp_20241111T0516278303_d_img_d18_x05760_y23680.png,0.3691,623.89,117.88,632.04,124.91
ch2_ohr_ncp_20241111T0516278303_d_img_d18_x05760_y23680.png,0.2441,49.07,314.78,53.79,319.96
ch2_ohr_ncp_20241111T0516278303_d_img_d18_x05760_y24960.png,0.2423,587.63,1.01,639.94,48.9
ch2_ohr_ncp_20241111T0516278303_d_img_d18_x05760_y24960.png,0.215,291.59,112.98,350.56,157.1
ch2_ohr_ncp_20241111T0516278303_d_img_d18_x05760_y33280.png,0.3664,582.17,574.09,613.02,631.37
ch2_ohr_ncp_20241111T0516278303_d_img_d18_x05760_y35840.png,0.2899,5.33,556.32,57.09,609.38
ch2_ohr_ncp_20241111T0516278303_d_img_d18_x05760_y35840.png,0.2121,602.78,115.79,639.16,160.51
ch2_ohr_ncp_20241111T0516278303_d_img_d18_x05760_y36480.png,0.2949,213.13,153.05,249.11,188.32
ch2_ohr_ncp_20241111T0516278303_d_img_d18_x05760_y65280.png,0.4629,617.46,347.03,622.81,351.79
ch2_ohr_ncp_20241111T0516278303_d_img_d18_x05760_y65280.png,0.4171,526.42,250.18,532.94,255.17
ch2_ohr_ncp_20241111T0516278303_d_img_d18_x05760_y65280.png,0.2562,635.12,321.17,639.52,327.0
ch2_ohr_ncp_20241111T0516278303_d_img_d18_x05760_y65280.png,0.2339,503.83,242.11,514.53,250.77
ch2_ohr_ncp_20241111T0516278303_d_img_d18_x05760_y65280.png,0.213,577.36,217.71,581.49,222.2
ch2_ohr_ncp_20241111T0516278303_d_img_d18_x05760_y65280.png,0.2124,623.77,228.0,632.03,235.16
ch2_ohr_ncp_20241111T0516278303_d_img_d18_x05760_y66560.png,0.242,616.35,463.31,623.35,470.58
ch2_ohr_ncp_20241111T0516278303_d_img_d18_x05760_y66560.png,0.2061,150.22,595.31,199.02,639.86
ch2_ohr_ncp_20241111T0516278303_d_img_d18_x05760_y67200.png,0.214,576.74,300.0,581.56,306.82
ch2_ohr_ncp_20241111T0516278303_d_img_d18_x05760_y67840.png,0.4556,616.19,615.81,623.6,625.17
ch2_ohr_ncp_20241111T0516278303_d_img_d18_x05760_y67840.png,0.3125,554.71,371.99,559.29,376.85
ch2_ohr_ncp_20241111T0516278303_d_img_d18_x05760_y67840.png,0.2807,467.8,320.8,473.16,326.4
ch2_ohr_ncp_20241111T0516278303_d_img_d18_x05760_y67840.png,0.2339,619.33,628.3,629.5,637.22
ch2_ohr_ncp_20241111T0516278303_d_img_d18_x05760_y68480.png,0.516,523.43,261.51,530.5,268.02
ch2_ohr_ncp_20241111T0516278303_d_img_d18_x05760_y68480.png,0.4281,568.27,254.05,576.53,261.75
ch2_ohr_ncp_20241111T0516278303_d_img_d18_x05760_y68480.png,0.4254,483.28,250.29,489.13,256.94
ch2_ohr_ncp_20241111T0516278303_d_img_d18_x05760_y68480.png,0.4104,448.24,351.93,454.4,357.23
ch2_ohr_ncp_20241111T0516278303_d_img_d18_x05760_y68480.png,0.3702,333.85,355.86,341.47,361.72
ch2_ohr_ncp_20241111T0516278303_d_img_d18_x05760_y68480.png,0.3563,439.0,283.96,444.01,288.8
ch2_ohr_ncp_20241111T0516278303_d_img_d18_x05760_y68480.png,0.3219,340.58,627.86,351.47,637.34
ch2_ohr_ncp_20241111T0516278303_d_img_d18_x05760_y68480.png,0.3113,618.04,264.65,623.67,269.95
ch2_ohr_ncp_20241111T0516278303_d_img_d18_x05760_y68480.png,0.3041,563.02,161.91,567.83,165.97
ch2_ohr_ncp_20241111T0516278303_d_img_d18_x05760_y68480.png,0.2844,461.72,451.55,468.8,457.51
ch2_ohr_ncp_20241111T0516278303_d_img_d18_x05760_y68480.png,0.2557,280.0,585.56,286.41,591.62
ch2_ohr_ncp_20241111T0516278303_d_img_d18_x05760_y68480.png,0.2526,632.61,347.0,639.32,353.26
ch2_ohr_ncp_20241111T0516278303_d_img_d18_x05760_y68480.png,0.2517,289.17,587.14,296.6,592.86
ch2_ohr_ncp_20241111T0516278303_d_img_d18_x05760_y68480.png,0.2392,496.94,323.28,501.57,327.62
ch2_ohr_ncp_20241111T0516278303_d_img_d18_x05760_y68480.png,0.2342,521.66,302.22,527.02,308.0
ch2_ohr_ncp_20241111T0516278303_d_img_d18_x05760_y68480.png,0.2339,562.19,131.57,567.22,136.56
ch2_ohr_ncp_20241111T0516278303_d_img_d18_x05760_y68480.png,0.2225,502.33,87.92,509.58,93.83
ch2_ohr_ncp_20241111T0516278303_d_img_d18_x05760_y68480.png,0.2216,362.18,516.0,366.91,522.29
ch2_ohr_ncp_20241111T0516278303_d_img_d18_x05760_y68480.png,0.2082,158.59,589.39,165.52,596.03
ch2_ohr_ncp_20241111T0516278303_d_img_d18_x05760_y68480.png,0.2064,359.38,336.58,364.13,340.9
ch2_ohr_ncp_20241111T0516278303_d_img_d18_x05760_y68480.png,0.2016,375.22,557.79,388.79,569.63
ch2_ohr_ncp_20241111T0516278303_d_img_d18_x05760_y68480.png,0.2012,523.54,260.0,530.51,267.15
ch2_ohr_ncp_20241111T0516278303_d_img_d18_x05760_y68480.png,0.2007,497.97,238.12,502.95,244.0
ch2_ohr_ncp_20241111T0516278303_d_img_d18_x05760_y72320.png,0.2613,566.22,387.53,636.6,449.9
ch2_ohr_ncp_20241111T0516278303_d_img_d18_x05760_y72320.png,0.2432,566.74,363.34,640.0,450.68
ch2_ohr_ncp_20241111T0516278303_d_img_d18_x05760_y78080.png,0.3059,307.13,519.38,347.37,562.92
ch2_ohr_ncp_20241111T0516278303_d_img_d18_x05760_y81920.png,0.3424,181.05,538.05,188.39,546.42
ch2_ohr_ncp_20241111T0516278303_d_img_d18_x05760_y82560.png,0.3301,0.68,623.62,6.89,629.53
ch2_ohr_ncp_20241111T0516278303_d_img_d18_x05760_y83200.png,0.3168,161.44,288.02,166.4,292.68
ch2_ohr_ncp_20241111T0516278303_d_img_d18_x05760_y83200.png,0.2637,14.4,607.2,20.0,612.14
ch2_ohr_ncp_20241111T0516278303_d_img_d18_x05760_y83200.png,0.2625,74.43,372.0,78.01,377.34
ch2_ohr_ncp_20241111T0516278303_d_img_d18_x05760_y83200.png,0.2337,50.36,628.14,59.83,639.32
ch2_ohr_ncp_20241111T0516278303_d_img_d18_x05760_y83840.png,0.2543,82.19,179.26,85.4,183.45
ch2_ohr_ncp_20241111T0516278303_d_img_d18_x06400_y14720.png,0.2772,588.9,493.77,636.45,547.54
ch2_ohr_ncp_20241111T0516278303_d_img_d18_x06400_y19840.png,0.3362,3.02,0.0,48.12,67.57
ch2_ohr_ncp_20241111T0516278303_d_img_d18_x06400_y19840.png,0.3003,0.38,0.0,44.92,86.59
ch2_ohr_ncp_20241111T0516278303_d_img_d18_x06400_y23040.png,0.2727,72.23,142.39,80.18,149.02
ch2_ohr_ncp_20241111T0516278303_d_img_d18_x06400_y23040.png,0.261,110.35,182.73,116.03,188.01
ch2_ohr_ncp_20241111T0516278303_d_img_d18_x06400_y23040.png,0.2198,313.01,459.72,347.34,500.08
ch2_ohr_ncp_20241111T0516278303_d_img_d18_x06400_y23040.png,0.2127,106.9,146.18,111.31,150.47
ch2_ohr_ncp_20241111T0516278303_d_img_d18_x06400_y25600.png,0.2786,485.94,75.81,598.31,152.5
ch2_ohr_ncp_20241111T0516278303_d_img_d18_x06400_y35840.png,0.2306,70.82,600.49,76.64,605.95
ch2_ohr_ncp_20241111T0516278303_d_img_d18_x06400_y66560.png,0.344,61.88,535.98,68.0,540.84
ch2_ohr_ncp_20241111T0516278303_d_img_d18_x06400_y66560.png,0.311,442.45,147.03,448.44,152.85
ch2_ohr_ncp_20241111T0516278303_d_img_d18_x06400_y66560.png,0.3053,8.75,539.53,19.36,548.27
ch2_ohr_ncp_20241111T0516278303_d_img_d18_x06400_y66560.png,0.2881,367.89,126.26,375.16,133.11
ch2_ohr_ncp_20241111T0516278303_d_img_d18_x06400_y66560.png,0.2421,341.14,76.03,349.77,84.61
ch2_ohr_ncp_20241111T0516278303_d_img_d18_x06400_y66560.png,0.2217,230.87,232.09,236.47,237.13
ch2_ohr_ncp_20241111T0516278303_d_img_d18_x06400_y67840.png,0.2287,150.73,447.33,180.7,493.01
ch2_ohr_ncp_20241111T0516278303_d_img_d18_x06400_y69120.png,0.2216,610.85,627.1,624.86,639.33
ch2_ohr_ncp_20241111T0516278303_d_img_d18_x06400_y69760.png,0.5267,630.12,193.04,639.21,203.14
ch2_ohr_ncp_20241111T0516278303_d_img_d18_x06400_y74880.png,0.3027,280.83,462.96,369.03,578.17
ch2_ohr_ncp_20241111T0516278303_d_img_d18_x06400_y76800.png,0.428,51.5,267.42,64.87,279.64
ch2_ohr_ncp_20241111T0516278303_d_img_d18_x06400_y78080.png,0.2954,99.54,451.26,103.76,455.01
ch2_ohr_ncp_20241111T0516278303_d_img_d18_x06400_y79360.png,0.2854,57.0,548.67,63.54,556.53
ch2_ohr_ncp_20241111T0516278303_d_img_d18_x06400_y79360.png,0.2791,163.07,611.47,167.65,616.37
ch2_ohr_ncp_20241111T0516278303_d_img_d18_x06400_y79360.png,0.2317,203.76,631.82,208.79,636.81
ch2_ohr_ncp_20241111T0516278303_d_img_d18_x06400_y79360.png,0.2227,71.05,534.25,76.01,540.03
ch2_ohr_ncp_20241111T0516278303_d_img_d18_x07040_y32640.png,0.3323,404.85,576.66,451.35,620.45
ch2_ohr_ncp_20241111T0516278303_d_img_d18_x07040_y33280.png,0.3694,178.19,596.3,223.39,636.9
ch2_ohr_ncp_20241111T0516278303_d_img_d18_x07040_y64640.png,0.7242,615.4,385.02,621.22,389.88
ch2_ohr_ncp_20241111T0516278303_d_img_d18_x07040_y64640.png,0.5818,574.73,384.87,580.03,389.01
ch2_ohr_ncp_20241111T0516278303_d_img_d18_x07040_y64640.png,0.5465,473.18,624.69,478.89,629.65
ch2_ohr_ncp_20241111T0516278303_d_img_d18_x07040_y64640.png,0.4774,608.93,421.62,614.84,428.01
ch2_ohr_ncp_20241111T0516278303_d_img_d18_x07040_y64640.png,0.4751,609.55,421.53,616.02,427.62
ch2_ohr_ncp_20241111T0516278303_d_img_d18_x07040_y64640.png,0.4651,576.92,473.25,583.38,478.83
ch2_ohr_ncp_20241111T0516278303_d_img_d18_x07040_y64640.png,0.4373,590.49,576.43,598.7,583.63
ch2_ohr_ncp_20241111T0516278303_d_img_d18_x07040_y64640.png,0.426,488.62,498.53,495.86,505.48
ch2_ohr_ncp_20241111T0516278303_d_img_d18_x07040_y64640.png,0.3949,625.6,533.66,629.99,540.0
ch2_ohr_ncp_20241111T0516278303_d_img_d18_x07040_y64640.png,0.3585,572.0,551.09,578.58,558.71
ch2_ohr_ncp_20241111T0516278303_d_img_d18_x07040_y64640.png,0.3577,573.61,549.8,580.05,557.97
ch2_ohr_ncp_20241111T0516278303_d_img_d18_x07040_y64640.png,0.3538,539.92,175.55,546.44,181.01
ch2_ohr_ncp_20241111T0516278303_d_img_d18_x07040_y64640.png,0.3299,574.39,548.0,580.48,556.28
ch2_ohr_ncp_20241111T0516278303_d_img_d18_x07040_y64640.png,0.3286,625.8,532.0,630.11,538.76
ch2_ohr_ncp_20241111T0516278303_d_img_d18_x07040_y64640.png,0.3086,472.7,599.75,476.64,604.12
ch2_ohr_ncp_20241111T0516278303_d_img_d18_x07040_y64640.png,0.3079,600.65,294.23,605.08,300.0
ch2_ohr_ncp_20241111T0516278303_d_img_d18_x07040_y64640.png,0.3056,440.01,628.0,446.32,634.43
ch2_ohr_ncp_20241111T0516278303_d_img_d18_x07040_y64640.png,0.2985,568.21,464.88,572.54,468.95
ch2_ohr_ncp_20241111T0516278303_d_img_d18_x07040_y64640.png,0.2962,630.25,487.97,640.0,505.05
ch2_ohr_ncp_20241111T0516278303_d_img_d18_x07040_y64640.png,0.2934,599.99,294.04,604.97,298.63
ch2_ohr_ncp_20241111T0516278303_d_img_d18_x07040_y64640.png,0.2841,625.0,606.95,629.17,612.01
ch2_ohr_ncp_20241111T0516278303_d_img_d18_x07040_y64640.png,0.2579,431.5,573.57,437.61,580.02
ch2_ohr_ncp_20241111T0516278303_d_img_d18_x07040_y64640.png,0.2556,578.92,632.39,588.06,639.34
ch2_ohr_ncp_20241111T0516278303_d_img_d18_x07040_y64640.png,0.2352,467.9,616.34,472.35,620.34
ch2_ohr_ncp_20241111T0516278303_d_img_d18_x07040_y65280.png,0.581,630.7,489.77,638.92,497.17
ch2_ohr_ncp_20241111T0516278303_d_img_d18_x07040_y65280.png,0.5695,614.15,521.16,620.46,526.29
ch2_ohr_ncp_20241111T0516278303_d_img_d18_x07040_y65280.png,0.4343,606.39,520.37,612.07,525.98
ch2_ohr_ncp_20241111T0516278303_d_img_d18_x07040_y65280.png,0.4027,632.86,516.0,639.05,523.74
ch2_ohr_ncp_20241111T0516278303_d_img_d18_x07040_y65280.png,0.3763,632.18,517.18,638.63,524.15
ch2_ohr_ncp_20241111T0516278303_d_img_d18_x07040_y65280.png,0.3387,631.04,609.26,636.38,613.87
ch2_ohr_ncp_20241111T0516278303_d_img_d18_x07040_y65280.png,0.2563,618.07,455.84,628.49,464.66
ch2_ohr_ncp_20241111T0516278303_d_img_d18_x07040_y65920.png,0.5803,382.73,541.09,391.18,548.54
ch2_ohr_ncp_20241111T0516278303_d_img_d18_x07040_y65920.png,0.5487,48.1,559.32,55.85,565.26
ch2_ohr_ncp_20241111T0516278303_d_img_d18_x07040_y65920.png,0.546,10.4,571.32,18.92,578.21
ch2_ohr_ncp_20241111T0516278303_d_img_d18_x07040_y65920.png,0.5222,359.1,384.98,366.96,392.28
ch2_ohr_ncp_20241111T0516278303_d_img_d18_x07040_y65920.png,0.5189,99.8,543.97,107.34,550.31
ch2_ohr_ncp_20241111T0516278303_d_img_d18_x07040_y65920.png,0.4996,177.92,597.5,183.5,604.0
ch2_ohr_ncp_20241111T0516278303_d_img_d18_x07040_y65920.png,0.4812,376.98,400.1,383.12,406.23
ch2_ohr_ncp_20241111T0516278303_d_img_d18_x07040_y65920.png,0.4568,14.84,536.16,21.06,541.19
ch2_ohr_ncp_20241111T0516278303_d_img_d18_x07040_y65920.png,0.4172,306.42,521.43,316.01,529.1
ch2_ohr_ncp_20241111T0516278303_d_img_d18_x07040_y65920.png,0.4152,2.79,621.76,10.74,628.01
ch2_ohr_ncp_20241111T0516278303_d_img_d18_x07040_y65920.png,0.4018,307.97,563.33,314.63,569.24
ch2_ohr_ncp_20241111T0516278303_d_img_d18_x07040_y65920.png,0.398,566.71,229.78,573.39,236.03
ch2_ohr_ncp_20241111T0516278303_d_img_d18_x07040_y65920.png,0.3928,308.54,562.8,316.02,569.04
ch2_ohr_ncp_20241111T0516278303_d_img_d18_x07040_y65920.png,0.3871,75.93,505.83,85.08,516.0
ch2_ohr_ncp_20241111T0516278303_d_img_d18_x07040_y65920.png,0.3699,73.92,634.42,78.89,639.04
ch2_ohr_ncp_20241111T0516278303_d_img_d18_x07040_y65920.png,0.3393,30.44,622.32,36.07,628.0
ch2_ohr_ncp_20241111T0516278303_d_img_d18_x07040_y65920.png,0.3146,37.54,550.91,44.0,556.41
ch2_ohr_ncp_20241111T0516278303_d_img_d18_x07040_y65920.png,0.3131,431.29,569.62,437.67,576.6
ch2_ohr_ncp_20241111T0516278303_d_img_d18_x07040_y65920.png,0.305,31.0,598.41,36.03,604.0
ch2_ohr_ncp_20241111T0516278303_d_img_d18_x07040_y65920.png,0.2938,468.14,526.41,476.59,535.09
ch2_ohr_ncp_20241111T0516278303_d_img_d18_x07040_y65920.png,0.2845,357.89,603.99,364.52,610.19
ch2_ohr_ncp_20241111T0516278303_d_img_d18_x07040_y65920.png,0.2629,601.05,449.42,605.85,453.99
ch2_ohr_ncp_20241111T0516278303_d_img_d18_x07040_y65920.png,0.2567,37.84,551.29,42.99,555.99
ch2_ohr_ncp_20241111T0516278303_d_img_d18_x07040_y65920.png,0.2421,473.57,0.36,481.19,7.17
ch2_ohr_ncp_20241111T0516278303_d_img_d18_x07040_y65920.png,0.2255,383.98,601.98,390.83,608.76
ch2_ohr_ncp_20241111T0516278303_d_img_d18_x07040_y65920.png,0.2252,18.48,552.87,23.9,557.3
ch2_ohr_ncp_20241111T0516278303_d_img_d18_x07040_y66560.png,0.2105,18.14,0.0,82.82,39.49
ch2_ohr_ncp_20241111T0516278303_d_img_d18_x07040_y67200.png,0.4385,501.88,311.12,508.0,316.2
ch2_ohr_ncp_20241111T0516278303_d_img_d18_x07040_y67200.png,0.4095,462.64,593.5,468.32,599.39
ch2_ohr_ncp_20241111T0516278303_d_img_d18_x07040_y67200.png,0.3484,506.77,366.06,512.3,372.0
ch2_ohr_ncp_20241111T0516278303_d_img_d18_x07040_y67200.png,0.3371,620.42,363.99,628.64,370.5
ch2_ohr_ncp_20241111T0516278303_d_img_d18_x07040_y67200.png,0.3194,588.0,593.84,593.15,597.81
ch2_ohr_ncp_20241111T0516278303_d_img_d18_x07040_y67200.png,0.3192,620.89,304.12,632.71,313.33
ch2_ohr_ncp_20241111T0516278303_d_img_d18_x07040_y67200.png,0.3091,613.52,590.79,620.07,596.81
ch2_ohr_ncp_20241111T0516278303_d_img_d18_x07040_y67200.png,0.269,620.14,365.04,628.24,372.04
ch2_ohr_ncp_20241111T0516278303_d_img_d18_x07040_y68480.png,0.3482,593.87,49.55,598.23,53.83
ch2_ohr_ncp_20241111T0516278303_d_img_d18_x07040_y68480.png,0.2108,589.64,273.39,596.13,280.24
ch2_ohr_ncp_20241111T0516278303_d_img_d18_x07040_y74880.png,0.389,22.46,318.89,28.68,325.37
ch2_ohr_ncp_20241111T0516278303_d_img_d18_x07040_y74880.png,0.2268,270.95,143.66,276.43,148.89
ch2_ohr_ncp_20241111T0516278303_d_img_d18_x07040_y75520.png,0.4521,208.37,120.16,214.7,125.45
ch2_ohr_ncp_20241111T0516278303_d_img_d18_x07040_y75520.png,0.4316,185.12,54.67,191.05,60.77
ch2_ohr_ncp_20241111T0516278303_d_img_d18_x07040_y75520.png,0.3668,158.69,285.98,164.96,292.02
ch2_ohr_ncp_20241111T0516278303_d_img_d18_x07040_y75520.png,0.3605,179.17,41.87,184.55,47.73
ch2_ohr_ncp_20241111T0516278303_d_img_d18_x07040_y75520.png,0.2877,163.85,266.96,168.89,272.27
ch2_ohr_ncp_20241111T0516278303_d_img_d18_x07040_y75520.png,0.27,104.3,41.0,110.05,47.98
ch2_ohr_ncp_20241111T0516278303_d_img_d18_x07040_y75520.png,0.246,125.71,515.97,132.52,523.02
ch2_ohr_ncp_20241111T0516278303_d_img_d18_x07040_y75520.png,0.244,81.95,275.99,86.58,281.12
ch2_ohr_ncp_20241111T0516278303_d_img_d18_x07040_y76160.png,0.3978,40.95,363.95,46.74,370.28
ch2_ohr_ncp_20241111T0516278303_d_img_d18_x07040_y76160.png,0.3287,238.83,168.32,245.18,174.81
ch2_ohr_ncp_20241111T0516278303_d_img_d18_x07680_y16000.png,0.24,502.51,551.56,527.77,588.11
ch2_ohr_ncp_20241111T0516278303_d_img_d18_x07680_y18560.png,0.2283,146.43,245.65,206.38,308.21
ch2_ohr_ncp_20241111T0516278303_d_img_d18_x07680_y63360.png,0.2829,188.04,0.31,233.01,53.06
ch2_ohr_ncp_20241111T0516278303_d_img_d18_x07680_y64000.png,0.3569,550.99,592.63,556.39,597.61
ch2_ohr_ncp_20241111T0516278303_d_img_d18_x07680_y64000.png,0.3368,55.5,553.08,61.03,557.56
ch2_ohr_ncp_20241111T0516278303_d_img_d18_x07680_y64000.png,0.3307,150.34,625.0,156.65,630.22
ch2_ohr_ncp_20241111T0516278303_d_img_d18_x07680_y64000.png,0.3237,427.77,369.22,434.4,374.22
ch2_ohr_ncp_20241111T0516278303_d_img_d18_x07680_y64000.png,0.2609,604.97,385.81,613.76,392.37
ch2_ohr_ncp_20241111T0516278303_d_img_d18_x07680_y64000.png,0.2535,40.49,573.69,46.94,580.01
ch2_ohr_ncp_20241111T0516278303_d_img_d18_x07680_y64000.png,0.2509,574.45,395.46,580.01,399.71
ch2_ohr_ncp_20241111T0516278303_d_img_d18_x07680_y65280.png,0.2787,272.19,619.32,276.76,623.91
ch2_ohr_ncp_20241111T0516278303_d_img_d18_x07680_y65280.png,0.2503,6.3,0.35,54.3,58.76
ch2_ohr_ncp_20241111T0516278303_d_img_d18_x07680_y65280.png,0.2451,509.95,608.14,516.7,614.93
ch2_ohr_ncp_20241111T0516278303_d_img_d18_x07680_y65280.png,0.2165,44.89,631.03,52.14,637.58
ch2_ohr_ncp_20241111T0516278303_d_img_d18_x07680_y65920.png,0.2716,43.33,115.99,48.3,121.0
ch2_ohr_ncp_20241111T0516278303_d_img_d18_x07680_y65920.png,0.2214,220.0,129.82,225.88,134.08
ch2_ohr_ncp_20241111T0516278303_d_img_d18_x07680_y65920.png,0.2133,221.54,129.74,228.0,134.33
ch2_ohr_ncp_20241111T0516278303_d_img_d18_x07680_y66560.png,0.3075,434.04,387.9,440.4,394.76
ch2_ohr_ncp_20241111T0516278303_d_img_d18_x07680_y66560.png,0.272,515.99,546.96,522.97,553.1
ch2_ohr_ncp_20241111T0516278303_d_img_d18_x07680_y66560.png,0.2415,567.91,591.38,574.83,597.57
ch2_ohr_ncp_20241111T0516278303_d_img_d18_x07680_y66560.png,0.2056,573.98,617.62,588.9,633.81
ch2_ohr_ncp_20241111T0516278303_d_img_d18_x07680_y72960.png,0.346,20.08,340.94,29.25,350.2
ch2_ohr_ncp_20241111T0516278303_d_img_d18_x07680_y73600.png,0.3908,165.27,184.02,174.89,193.98
ch2_ohr_ncp_20241111T0516278303_d_img_d18_x07680_y73600.png,0.2407,27.45,262.21,32.51,268.0
ch2_ohr_ncp_20241111T0516278303_d_img_d18_x07680_y74240.png,0.428,126.44,63.51,132.07,68.63
ch2_ohr_ncp_20241111T0516278303_d_img_d18_x07680_y74240.png,0.275,22.88,518.59,28.44,524.37
ch2_ohr_ncp_20241111T0516278303_d_img_d18_x07680_y74240.png,0.2032,130.64,146.91,140.0,155.07
ch2_ohr_ncp_20241111T0516278303_d_img_d18_x08320_y14720.png,0.2305,200.04,163.93,276.69,265.98
ch2_ohr_ncp_20241111T0516278303_d_img_d18_x08320_y18560.png,0.2107,148.0,0.19,182.78,28.53
ch2_ohr_ncp_20241111T0516278303_d_img_d18_x08320_y18560.png,0.2005,590.97,110.32,630.6,156.94
ch2_ohr_ncp_20241111T0516278303_d_img_d18_x08320_y20480.png,0.2811,449.0,567.04,488.58,626.68
ch2_ohr_ncp_20241111T0516278303_d_img_d18_x08320_y62720.png,0.4065,627.92,377.1,638.81,387.84
ch2_ohr_ncp_20241111T0516278303_d_img_d18_x08320_y62720.png,0.2046,165.73,199.23,195.63,253.28
ch2_ohr_ncp_20241111T0516278303_d_img_d18_x08320_y65280.png,0.242,611.22,382.01,617.8,389.91
ch2_ohr_ncp_20241111T0516278303_d_img_d18_x08320_y65920.png,0.2423,527.68,269.65,540.02,278.63
ch2_ohr_ncp_20241111T0516278303_d_img_d18_x08320_y70400.png,0.263,27.97,596.0,33.95,601.85
ch2_ohr_ncp_20241111T0516278303_d_img_d18_x08320_y70400.png,0.2411,69.95,575.5,76.0,580.09
ch2_ohr_ncp_20241111T0516278303_d_img_d18_x08320_y71680.png,0.2167,135.69,102.54,141.43,108.45
ch2_ohr_ncp_20241111T0516278303_d_img_d18_x08960_y18560.png,0.2158,291.86,203.97,295.57,208.08
ch2_ohr_ncp_20241111T0516278303_d_img_d18_x08960_y21760.png,0.2208,268.01,0.0,398.41,25.55
ch2_ohr_ncp_20241111T0516278303_d_img_d18_x08960_y23040.png,0.2016,278.77,23.53,347.02,75.99
ch2_ohr_ncp_20241111T0516278303_d_img_d18_x08960_y24960.png,0.2113,613.61,607.49,640.0,640.0
ch2_ohr_ncp_20241111T0516278303_d_img_d18_x08960_y63360.png,0.4216,301.25,285.22,376.47,339.39
ch2_ohr_ncp_20241111T0516278303_d_img_d18_x08960_y69760.png,0.3933,50.9,327.85,60.25,338.1
ch2_ohr_ncp_20241111T0516278303_d_img_d18_x08960_y70400.png,0.2815,74.22,161.96,79.97,167.92
ch2_ohr_ncp_20241111T0516278303_d_img_d18_x09600_y20480.png,0.3302,73.06,43.99,104.71,106.63
ch2_ohr_ncp_20241111T0516278303_d_img_d18_x09600_y21120.png,0.2132,0.45,0.0,55.75,44.64
ch2_ohr_ncp_20241111T0516278303_d_img_d18_x09600_y61440.png,0.4605,598.37,391.3,604.82,396.85
ch2_ohr_ncp_20241111T0516278303_d_img_d18_x09600_y61440.png,0.4412,565.45,570.33,575.04,578.38
ch2_ohr_ncp_20241111T0516278303_d_img_d18_x09600_y61440.png,0.3902,589.61,304.56,596.03,310.63
ch2_ohr_ncp_20241111T0516278303_d_img_d18_x09600_y61440.png,0.3674,503.34,627.99,508.75,633.93
ch2_ohr_ncp_20241111T0516278303_d_img_d18_x09600_y61440.png,0.2932,581.92,417.1,596.73,433.65
ch2_ohr_ncp_20241111T0516278303_d_img_d18_x09600_y61440.png,0.2697,583.14,480.32,589.2,485.33
ch2_ohr_ncp_20241111T0516278303_d_img_d18_x09600_y61440.png,0.2305,593.09,454.73,599.24,460.87
ch2_ohr_ncp_20241111T0516278303_d_img_d18_x09600_y64000.png,0.2714,315.98,104.15,387.59,182.17
ch2_ohr_ncp_20241111T0516278303_d_img_d18_x09600_y64000.png,0.2621,245.03,14.0,301.34,90.95
ch2_ohr_ncp_20241111T0516278303_d_img_d18_x09600_y69120.png,0.4659,22.37,551.01,28.05,556.97
ch2_ohr_ncp_20241111T0516278303_d_img_d18_x09600_y69120.png,0.3759,27.51,184.97,36.01,193.6
ch2_ohr_ncp_20241111T0516278303_d_img_d18_x09600_y69120.png,0.3099,25.46,211.99,32.23,218.28
ch2_ohr_ncp_20241111T0516278303_d_img_d18_x10240_y67840.png,0.2341,31.92,219.23,41.77,230.36
ch2_ohr_ncp_20241111T0516278303_d_img_d18_x10880_y18560.png,0.2593,276.25,186.92,336.54,240.45
ch2_ohr_ncp_20241111T0516278303_d_img_d18_x10880_y21760.png,0.3228,404.26,615.62,461.87,640.0
ch2_ohr_ncp_20241111T0516278303_d_img_d18_x10880_y24320.png,0.2023,115.33,426.89,150.28,475.96
ch2_ohr_ncp_20241111T0516278303_d_img_d18_x10880_y59520.png,0.6491,560.51,445.22,568.22,452.35
ch2_ohr_ncp_20241111T0516278303_d_img_d18_x10880_y59520.png,0.3679,592.92,336.78,601.05,342.36
ch2_ohr_ncp_20241111T0516278303_d_img_d18_x10880_y59520.png,0.3152,525.41,280.51,532.12,286.76
ch2_ohr_ncp_20241111T0516278303_d_img_d18_x10880_y59520.png,0.2833,291.05,609.78,302.06,620.56
ch2_ohr_ncp_20241111T0516278303_d_img_d18_x10880_y59520.png,0.2086,545.86,585.58,554.9,593.46
ch2_ohr_ncp_20241111T0516278303_d_img_d18_x10880_y66560.png,0.4494,0.12,506.41,4.98,512.8
ch2_ohr_ncp_20241111T0516278303_d_img_d18_x10880_y67200.png,0.2267,74.03,128.16,78.61,133.12
ch2_ohr_ncp_20241111T0516278303_d_img_d18_x11520_y21760.png,0.2304,4.01,184.34,67.66,264.28
ch2_ohr_ncp_20241111T0516278303_d_img_d18_x11520_y21760.png,0.2259,138.38,220.68,209.25,288.16
ch2_ohr_ncp_20241111T0516278303_d_img_d18_x11520_y58240.png,0.2478,424.29,544.22,432.21,550.56
ch2_ohr_ncp_20241111T0516278303_d_img_d18_x11520_y58880.png,0.4699,435.98,570.23,441.37,575.18
ch2_ohr_ncp_20241111T0516278303_d_img_d18_x11520_y58880.png,0.4628,361.36,416.19,372.02,425.17
ch2_ohr_ncp_20241111T0516278303_d_img_d18_x11520_y58880.png,0.269,0.33,506.47,7.59,514.23
ch2_ohr_ncp_20241111T0516278303_d_img_d18_x11520_y60160.png,0.5501,451.84,285.99,458.72,292.73
ch2_ohr_ncp_20241111T0516278303_d_img_d18_x11520_y60160.png,0.5303,10.97,315.87,21.34,325.19
ch2_ohr_ncp_20241111T0516278303_d_img_d18_x11520_y60160.png,0.3926,407.91,299.16,413.84,303.78
ch2_ohr_ncp_20241111T0516278303_d_img_d18_x11520_y60160.png,0.3273,155.8,195.04,163.29,201.26
ch2_ohr_ncp_20241111T0516278303_d_img_d18_x11520_y60160.png,0.3052,74.38,362.17,80.26,367.43
ch2_ohr_ncp_20241111T0516278303_d_img_d18_x11520_y60160.png,0.2801,297.36,317.16,303.4,324.0
ch2_ohr_ncp_20241111T0516278303_d_img_d18_x11520_y60160.png,0.2791,275.05,142.52,282.27,149.68
ch2_ohr_ncp_20241111T0516278303_d_img_d18_x11520_y60160.png,0.2709,391.72,511.17,398.24,516.14
ch2_ohr_ncp_20241111T0516278303_d_img_d18_x11520_y60160.png,0.2688,383.25,169.51,390.98,175.53
ch2_ohr_ncp_20241111T0516278303_d_img_d18_x11520_y60160.png,0.2618,405.48,273.79,415.49,282.16
ch2_ohr_ncp_20241111T0516278303_d_img_d18_x11520_y60160.png,0.2488,186.84,387.07,204.82,399.52
ch2_ohr_ncp_20241111T0516278303_d_img_d18_x11520_y60160.png,0.2444,190.19,387.39,205.68,396.58
ch2_ohr_ncp_20241111T0516278303_d_img_d18_x11520_y60160.png,0.2438,144.82,308.0,157.26,320.46
ch2_ohr_ncp_20241111T0516278303_d_img_d18_x11520_y60160.png,0.2314,293.2,20.0,300.47,27.23
ch2_ohr_ncp_20241111T0516278303_d_img_d18_x11520_y60160.png,0.2081,19.99,475.98,26.41,481.08
ch2_ohr_ncp_20241111T0516278303_d_img_d18_x11520_y60800.png,0.5809,385.37,620.7,395.49,629.32
ch2_ohr_ncp_20241111T0516278303_d_img_d18_x11520_y60800.png,0.5754,47.22,159.4,52.61,164.72
ch2_ohr_ncp_20241111T0516278303_d_img_d18_x11520_y60800.png,0.5394,450.29,619.74,456.55,625.83
ch2_ohr_ncp_20241111T0516278303_d_img_d18_x11520_y60800.png,0.4772,295.26,339.42,305.74,349.35
ch2_ohr_ncp_20241111T0516278303_d_img_d18_x11520_y60800.png,0.4712,403.39,393.82,412.13,401.39
ch2_ohr_ncp_20241111T0516278303_d_img_d18_x11520_y60800.png,0.3964,429.51,367.22,439.49,376.62
ch2_ohr_ncp_20241111T0516278303_d_img_d18_x11520_y60800.png,0.3672,85.26,273.9,94.55,284.36
ch2_ohr_ncp_20241111T0516278303_d_img_d18_x11520_y60800.png,0.3468,0.15,168.8,7.82,176.63
ch2_ohr_ncp_20241111T0516278303_d_img_d18_x11520_y60800.png,0.3344,116.87,586.17,124.1,593.89
ch2_ohr_ncp_20241111T0516278303_d_img_d18_x11520_y60800.png,0.3227,142.73,51.8,152.33,60.07
ch2_ohr_ncp_20241111T0516278303_d_img_d18_x11520_y60800.png,0.3217,321.0,97.64,327.74,104.26
ch2_ohr_ncp_20241111T0516278303_d_img_d18_x11520_y60800.png,0.2765,338.73,92.0,343.22,97.94
ch2_ohr_ncp_20241111T0516278303_d_img_d18_x11520_y60800.png,0.2279,289.91,217.36,298.47,224.74
ch2_ohr_ncp_20241111T0516278303_d_img_d18_x11520_y60800.png,0.2196,142.93,586.9,156.21,598.89
ch2_ohr_ncp_20241111T0516278303_d_img_d18_x11520_y60800.png,0.2084,278.11,127.78,284.18,133.28
ch2_ohr_ncp_20241111T0516278303_d_img_d18_x11520_y61440.png,0.5853,42.04,34.06,52.08,42.74
ch2_ohr_ncp_20241111T0516278303_d_img_d18_x11520_y61440.png,0.4416,302.43,267.45,311.31,274.88
ch2_ohr_ncp_20241111T0516278303_d_img_d18_x11520_y61440.png,0.388,280.01,299.39,286.39,305.31
ch2_ohr_ncp_20241111T0516278303_d_img_d18_x11520_y61440.png,0.3809,364.05,465.06,372.63,472.92
ch2_ohr_ncp_20241111T0516278303_d_img_d18_x11520_y61440.png,0.3714,389.55,23.07,399.66,32.74
ch2_ohr_ncp_20241111T0516278303_d_img_d18_x11520_y61440.png,0.3506,115.44,125.46,124.93,132.62
ch2_ohr_ncp_20241111T0516278303_d_img_d18_x11520_y61440.png,0.3302,336.85,94.75,347.92,105.07
ch2_ohr_ncp_20241111T0516278303_d_img_d18_x11520_y61440.png,0.3273,187.15,157.55,193.67,164.0
ch2_ohr_ncp_20241111T0516278303_d_img_d18_x11520_y61440.png,0.3207,450.54,617.94,457.1,624.92
ch2_ohr_ncp_20241111T0516278303_d_img_d18_x11520_y61440.png,0.316,261.31,37.98,268.35,44.16
ch2_ohr_ncp_20241111T0516278303_d_img_d18_x11520_y61440.png,0.2965,339.64,112.92,347.02,118.84
ch2_ohr_ncp_20241111T0516278303_d_img_d18_x11520_y61440.png,0.2899,420.34,36.52,427.02,42.51
ch2_ohr_ncp_20241111T0516278303_d_img_d18_x11520_y61440.png,0.2828,99.17,0.0,108.06,5.47
ch2_ohr_ncp_20241111T0516278303_d_img_d18_x11520_y61440.png,0.2643,72.12,285.92,81.38,293.98
ch2_ohr_ncp_20241111T0516278303_d_img_d18_x11520_y61440.png,0.2607,46.37,369.95,55.45,377.68
ch2_ohr_ncp_20241111T0516278303_d_img_d18_x11520_y61440.png,0.2571,121.76,619.67,129.28,625.51
ch2_ohr_ncp_20241111T0516278303_d_img_d18_x11520_y61440.png,0.2528,183.75,233.77,196.05,244.83
ch2_ohr_ncp_20241111T0516278303_d_img_d18_x11520_y61440.png,0.2244,273.97,40.43,280.06,47.15
ch2_ohr_ncp_20241111T0516278303_d_img_d18_x11520_y61440.png,0.2232,276.82,245.16,283.08,250.51
ch2_ohr_ncp_20241111T0516278303_d_img_d18_x11520_y62080.png,0.5341,193.58,209.72,203.42,218.15
ch2_ohr_ncp_20241111T0516278303_d_img_d18_x11520_y62080.png,0.2405,346.19,107.98,354.63,115.17
ch2_ohr_ncp_20241111T0516278303_d_img_d18_x11520_y62080.png,0.23,435.92,470.39,442.7,476.26
ch2_ohr_ncp_20241111T0516278303_d_img_d18_x11520_y62720.png,0.5233,11.28,265.89,18.16,272.4
ch2_ohr_ncp_20241111T0516278303_d_img_d18_x11520_y62720.png,0.5187,390.47,141.38,396.59,150.38
ch2_ohr_ncp_20241111T0516278303_d_img_d18_x11520_y62720.png,0.3634,361.13,48.95,367.52,53.71
ch2_ohr_ncp_20241111T0516278303_d_img_d18_x11520_y62720.png,0.2454,419.91,135.97,426.76,141.54
ch2_ohr_ncp_20241111T0516278303_d_img_d18_x11520_y62720.png,0.2277,39.86,101.69,47.06,108.84
ch2_ohr_ncp_20241111T0516278303_d_img_d18_x11520_y62720.png,0.2141,422.78,163.76,428.39,168.8
ch2_ohr_ncp_20241111T0516278303_d_img_d18_x11520_y63360.png,0.5022,21.46,392.1,31.33,400.88
ch2_ohr_ncp_20241111T0516278303_d_img_d18_x11520_y63360.png,0.4439,273.12,282.17,283.4,289.38
ch2_ohr_ncp_20241111T0516278303_d_img_d18_x11520_y63360.png,0.3631,352.37,59.61,359.69,66.09
ch2_ohr_ncp_20241111T0516278303_d_img_d18_x11520_y63360.png,0.3569,434.98,292.0,441.62,298.92
ch2_ohr_ncp_20241111T0516278303_d_img_d18_x11520_y63360.png,0.3041,393.21,25.87,404.08,34.95
ch2_ohr_ncp_20241111T0516278303_d_img_d18_x11520_y63360.png,0.2828,291.87,46.17,299.33,52.99
ch2_ohr_ncp_20241111T0516278303_d_img_d18_x11520_y63360.png,0.2597,332.0,627.83,337.66,632.33
ch2_ohr_ncp_20241111T0516278303_d_img_d18_x11520_y63360.png,0.2526,243.92,250.01,265.26,269.2
ch2_ohr_ncp_20241111T0516278303_d_img_d18_x11520_y63360.png,0.2268,44.24,389.1,52.04,396.03
ch2_ohr_ncp_20241111T0516278303_d_img_d18_x11520_y64000.png,0.7127,404.46,334.73,414.18,346.12
ch2_ohr_ncp_20241111T0516278303_d_img_d18_x11520_y64000.png,0.6584,222.74,517.78,232.18,526.48
ch2_ohr_ncp_20241111T0516278303_d_img_d18_x11520_y64000.png,0.6169,342.65,155.36,348.71,160.64
ch2_ohr_ncp_20241111T0516278303_d_img_d18_x11520_y64000.png,0.5609,437.49,93.98,448.01,103.57
ch2_ohr_ncp_20241111T0516278303_d_img_d18_x11520_y64000.png,0.5457,1.83,328.97,8.49,334.91
ch2_ohr_ncp_20241111T0516278303_d_img_d18_x11520_y64000.png,0.521,336.9,213.51,344.22,220.01
ch2_ohr_ncp_20241111T0516278303_d_img_d18_x11520_y64000.png,0.5,456.48,101.43,461.95,108.0
ch2_ohr_ncp_20241111T0516278303_d_img_d18_x11520_y64000.png,0.4813,235.75,598.56,243.12,605.89
ch2_ohr_ncp_20241111T0516278303_d_img_d18_x11520_y64000.png,0.4582,238.77,419.51,248.79,428.65
ch2_ohr_ncp_20241111T0516278303_d_img_d18_x11520_y64000.png,0.445,182.58,258.24,192.24,266.05
ch2_ohr_ncp_20241111T0516278303_d_img_d18_x11520_y64000.png,0.407,45.37,435.63,53.21,441.87
ch2_ohr_ncp_20241111T0516278303_d_img_d18_x11520_y64000.png,0.3721,45.46,178.06,52.09,183.92
ch2_ohr_ncp_20241111T0516278303_d_img_d18_x11520_y64000.png,0.3683,152.4,349.2,158.58,356.0
ch2_ohr_ncp_20241111T0516278303_d_img_d18_x11520_y64000.png,0.3538,79.02,533.68,90.47,546.32
ch2_ohr_ncp_20241111T0516278303_d_img_d18_x11520_y64000.png,0.2838,456.86,100.0,462.21,106.98
ch2_ohr_ncp_20241111T0516278303_d_img_d18_x11520_y64000.png,0.2668,137.59,574.23,143.57,580.0
ch2_ohr_ncp_20241111T0516278303_d_img_d18_x11520_y64000.png,0.2484,299.59,111.5,306.42,117.04
ch2_ohr_ncp_20241111T0516278303_d_img_d18_x11520_y64000.png,0.2394,135.26,427.96,145.0,436.03
ch2_ohr_ncp_20241111T0516278303_d_img_d18_x11520_y64000.png,0.231,14.36,575.94,23.01,583.43
ch2_ohr_ncp_20241111T0516278303_d_img_d18_x11520_y64000.png,0.2255,152.73,348.0,158.46,354.86
ch2_ohr_ncp_20241111T0516278303_d_img_d18_x11520_y64640.png,0.619,257.42,85.53,264.27,92.86
ch2_ohr_ncp_20241111T0516278303_d_img_d18_x11520_y64640.png,0.6043,380.61,383.64,388.85,392.06
ch2_ohr_ncp_20241111T0516278303_d_img_d18_x11520_y64640.png,0.4787,399.84,352.28,410.31,361.08
ch2_ohr_ncp_20241111T0516278303_d_img_d18_x11520_y64640.png,0.4768,339.61,601.92,347.83,608.85
ch2_ohr_ncp_20241111T0516278303_d_img_d18_x11520_y64640.png,0.4525,113.69,541.69,119.6,548.0
ch2_ohr_ncp_20241111T0516278303_d_img_d18_x11520_y64640.png,0.4288,69.58,95.65,76.09,102.19
ch2_ohr_ncp_20241111T0516278303_d_img_d18_x11520_y64640.png,0.4051,425.36,409.85,435.03,416.88
ch2_ohr_ncp_20241111T0516278303_d_img_d18_x11520_y64640.png,0.4035,452.74,384.26,460.0,390.39
ch2_ohr_ncp_20241111T0516278303_d_img_d18_x11520_y64640.png,0.3507,45.69,190.15,52.07,196.1
ch2_ohr_ncp_20241111T0516278303_d_img_d18_x11520_y64640.png,0.3438,339.99,441.44,346.21,446.26
ch2_ohr_ncp_20241111T0516278303_d_img_d18_x11520_y64640.png,0.2899,117.85,625.02,126.97,633.76
ch2_ohr_ncp_20241111T0516278303_d_img_d18_x11520_y64640.png,0.288,341.18,441.43,348.01,446.15
ch2_ohr_ncp_20241111T0516278303_d_img_d18_x11520_y64640.png,0.2852,426.48,63.2,433.86,69.58
ch2_ohr_ncp_20241111T0516278303_d_img_d18_x11520_y64640.png,0.258,440.92,410.73,448.06,416.62
ch2_ohr_ncp_20241111T0516278303_d_img_d18_x11520_y64640.png,0.2367,215.64,600.11,220.6,605.23
ch2_ohr_ncp_20241111T0516278303_d_img_d18_x11520_y64640.png,0.2316,145.13,176.84,152.03,184.01
ch2_ohr_ncp_20241111T0516278303_d_img_d18_x11520_y64640.png,0.2309,113.81,540.0,119.98,546.92
ch2_ohr_ncp_20241111T0516278303_d_img_d18_x11520_y64640.png,0.2242,71.41,571.5,77.84,577.88
ch2_ohr_ncp_20241111T0516278303_d_img_d18_x11520_y64640.png,0.2209,35.49,614.25,53.48,631.71
ch2_ohr_ncp_20241111T0516278303_d_img_d18_x11520_y64640.png,0.2063,355.74,397.66,361.45,404.0
ch2_ohr_ncp_20241111T0516278303_d_img_d18_x11520_y65280.png,0.3235,231.14,64.53,236.34,70.57
ch2_ohr_ncp_20241111T0516278303_d_img_d18_x11520_y65280.png,0.2962,14.57,164.92,25.24,177.17
ch2_ohr_ncp_20241111T0516278303_d_img_d18_x11520_y65280.png,0.2365,68.82,158.48,81.95,169.97
ch2_ohr_ncp_20241111T0516278303_d_img_d18_x11520_y65280.png,0.2295,361.45,318.25,367.94,324.09
ch2_ohr_ncp_20241111T0516278303_d_img_d18_x11520_y65280.png,0.2201,332.76,191.92,340.63,198.97
ch2_ohr_ncp_20241111T0516278303_d_img_d18_x11520_y65920.png,0.6201,0.22,189.94,5.76,196.96
ch2_ohr_ncp_20241111T0516278303_d_img_d18_x11520_y65920.png,0.4752,43.71,432.11,52.69,439.63
ch2_ohr_ncp_20241111T0516278303_d_img_d18_x11520_y65920.png,0.4576,214.62,83.98,221.29,91.22
ch2_ohr_ncp_20241111T0516278303_d_img_d18_x11520_y65920.png,0.2218,65.45,12.0,70.69,18.04
ch2_ohr_ncp_20241115T1326321339_d_img_d18_x00000_y64640.png,0.2223,136.0,329.67,247.4,418.64
ch2_ohr_ncp_20241115T1326321339_d_img_d18_x00000_y68480.png,0.3089,424.84,66.82,456.04,108.64
ch2_ohr_ncp_20241115T1326321339_d_img_d18_x00000_y69120.png,0.5326,516.35,400.9,524.09,407.06
ch2_ohr_ncp_20241115T1326321339_d_img_d18_x00000_y69120.png,0.4661,415.19,315.72,422.5,324.0
ch2_ohr_ncp_20241115T1326321339_d_img_d18_x00000_y69120.png,0.4541,16.35,609.29,22.0,618.06
ch2_ohr_ncp_20241115T1326321339_d_img_d18_x00000_y69120.png,0.4511,210.97,584.07,216.28,589.07
ch2_ohr_ncp_20241115T1326321339_d_img_d18_x00000_y69120.png,0.4457,136.16,531.11,142.68,537.86
ch2_ohr_ncp_20241115T1326321339_d_img_d18_x00000_y69120.png,0.4146,594.03,334.12,607.52,347.91
ch2_ohr_ncp_20241115T1326321339_d_img_d18_x00000_y69120.png,0.4077,584.11,297.74,590.29,303.27
ch2_ohr_ncp_20241115T1326321339_d_img_d18_x00000_y69120.png,0.406,494.45,267.8,506.85,279.14
ch2_ohr_ncp_20241115T1326321339_d_img_d18_x00000_y69120.png,0.3832,617.81,293.21,625.38,300.12
ch2_ohr_ncp_20241115T1326321339_d_img_d18_x00000_y69120.png,0.3748,546.27,332.0,550.27,337.18
ch2_ohr_ncp_20241115T1326321339_d_img_d18_x00000_y69120.png,0.3647,39.71,627.92,45.05,634.57
ch2_ohr_ncp_20241115T1326321339_d_img_d18_x00000_y69120.png,0.3499,171.35,598.25,179.15,605.79
ch2_ohr_ncp_20241115T1326321339_d_img_d18_x00000_y69120.png,0.3294,583.46,390.74,588.29,396.03
ch2_ohr_ncp_20241115T1326321339_d_img_d18_x00000_y69120.png,0.3162,483.96,409.72,489.33,414.72
ch2_ohr_ncp_20241115T1326321339_d_img_d18_x00000_y69120.png,0.3064,160.35,502.77,166.99,508.79
ch2_ohr_ncp_20241115T1326321339_d_img_d18_x00000_y69120.png,0.274,570.54,619.58,575.09,624.13
ch2_ohr_ncp_20241115T1326321339_d_img_d18_x00000_y69120.png,0.2642,129.63,543.4,133.86,548.07
ch2_ohr_ncp_20241115T1326321339_d_img_d18_x00000_y69120.png,0.251,235.62,579.19,241.99,586.57
ch2_ohr_ncp_20241115T1326321339_d_img_d18_x00000_y69120.png,0.251,187.95,507.52,200.08,519.26
ch2_ohr_ncp_20241115T1326321339_d_img_d18_x00000_y69120.png,0.2425,453.93,231.96,460.04,237.95
ch2_ohr_ncp_20241115T1326321339_d_img_d18_x00000_y69120.png,0.2396,622.05,207.47,628.2,213.55
ch2_ohr_ncp_20241115T1326321339_d_img_d18_x00000_y69120.png,0.2361,244.0,607.97,250.19,612.6
ch2_ohr_ncp_20241115T1326321339_d_img_d18_x00000_y69120.png,0.2333,163.92,603.99,170.01,609.78
ch2_ohr_ncp_20241115T1326321339_d_img_d18_x00000_y69120.png,0.2235,539.88,551.84,545.21,556.68
ch2_ohr_ncp_20241115T1326321339_d_img_d18_x00000_y69120.png,0.2223,54.36,599.8,63.35,608.86
ch2_ohr_ncp_20241115T1326321339_d_img_d18_x00000_y69120.png,0.2119,611.56,615.85,616.06,619.69
ch2_ohr_ncp_20241115T1326321339_d_img_d18_x00000_y69760.png,0.4964,560.02,87.8,566.28,93.79
ch2_ohr_ncp_20241115T1326321339_d_img_d18_x00000_y69760.png,0.3426,627.39,91.14,634.24,98.51
ch2_ohr_ncp_20241115T1326321339_d_img_d18_x00000_y69760.png,0.2366,397.51,200.46,405.02,209.08
ch2_ohr_ncp_20241115T1326321339_d_img_d18_x00000_y69760.png,0.2248,567.15,88.79,572.06,93.29
ch2_ohr_ncp_20241115T1326321339_d_img_d18_x00000_y69760.png,0.2132,574.81,177.51,585.23,185.61
ch2_ohr_ncp_20241115T1326321339_d_img_d18_x00000_y71680.png,0.2758,352.8,290.59,382.29,333.73
ch2_ohr_ncp_20241115T1326321339_d_img_d18_x00000_y71680.png,0.2388,304.42,190.83,348.64,232.88
ch2_ohr_ncp_20241115T1326321339_d_img_d18_x00000_y72320.png,0.3295,337.03,36.97,377.39,80.32
ch2_ohr_ncp_20241115T1326321339_d_img_d18_x00000_y72320.png,0.2046,329.61,34.16,380.13,84.4
ch2_ohr_ncp_20241115T1326321339_d_img_d18_x00000_y73600.png,0.243,108.99,0.34,146.87,38.56
ch2_ohr_ncp_20241115T1326321339_d_img_d18_x00640_y63360.png,0.2468,17.95,0.0,61.04,43.64
ch2_ohr_ncp_20241115T1326321339_d_img_d18_x00640_y64640.png,0.2979,214.81,582.94,244.49,620.03
ch2_ohr_ncp_20241115T1326321339_d_img_d18_x00640_y65280.png,0.3182,235.72,269.12,271.38,304.63
ch2_ohr_ncp_20241115T1326321339_d_img_d18_x00640_y67840.png,0.2887,579.84,579.09,614.09,629.1
ch2_ohr_ncp_20241115T1326321339_d_img_d18_x00640_y68480.png,0.3323,0.0,597.05,40.68,636.78
ch2_ohr_ncp_20241115T1326321339_d_img_d18_x00640_y68480.png,0.3056,629.68,327.53,639.06,337.9
ch2_ohr_ncp_20241115T1326321339_d_img_d18_x00640_y68480.png,0.2917,521.31,281.06,553.61,318.33
ch2_ohr_ncp_20241115T1326321339_d_img_d18_x00640_y69120.png,0.3476,83.12,251.98,125.32,298.97
ch2_ohr_ncp_20241115T1326321339_d_img_d18_x00640_y69120.png,0.2938,607.3,595.1,640.0,640.0
ch2_ohr_ncp_20241115T1326321339_d_img_d18_x00640_y69120.png,0.2322,0.0,265.49,67.31,323.71
ch2_ohr_ncp_20241115T1326321339_d_img_d18_x00640_y69120.png,0.2279,99.5,598.59,132.94,640.0
ch2_ohr_ncp_20241115T1326321339_d_img_d18_x00640_y71040.png,0.2934,0.71,0.0,77.81,28.88
ch2_ohr_ncp_20241115T1326321339_d_img_d18_x00640_y71040.png,0.2839,3.43,0.05,69.82,25.3
ch2_ohr_ncp_20241115T1326321339_d_img_d18_x00640_y71040.png,0.2221,123.3,570.49,129.06,577.18
ch2_ohr_ncp_20241115T1326321339_d_img_d18_x00640_y71680.png,0.353,347.5,609.69,380.79,639.35
ch2_ohr_ncp_20241115T1326321339_d_img_d18_x00640_y72320.png,0.3994,381.32,512.79,415.97,547.61
ch2_ohr_ncp_20241115T1326321339_d_img_d18_x00640_y72320.png,0.2258,383.19,447.9,435.2,490.07
ch2_ohr_ncp_20241115T1326321339_d_img_d18_x00640_y72320.png,0.2137,23.17,514.06,55.41,564.11
ch2_ohr_ncp_20241115T1326321339_d_img_d18_x00640_y72960.png,0.2816,559.16,104.22,565.86,111.3
ch2_ohr_ncp_20241115T1326321339_d_img_d18_x00640_y72960.png,0.2651,548.0,0.02,555.25,4.21
ch2_ohr_ncp_20241115T1326321339_d_img_d18_x00640_y72960.png,0.2638,549.72,0.0,556.07,4.24
ch2_ohr_ncp_20241115T1326321339_d_img_d18_x00640_y72960.png,0.2085,19.62,26.96,24.76,31.87
ch2_ohr_ncp_20241115T1326321339_d_img_d18_x00640_y74240.png,0.233,0.0,588.81,35.76,637.32
ch2_ohr_ncp_20241115T1326321339_d_img_d18_x00640_y74880.png,0.2739,513.12,592.28,563.94,637.2
ch2_ohr_ncp_20241115T1326321339_d_img_d18_x00640_y89600.png,0.2152,576.71,490.69,640.0,558.8
ch2_ohr_ncp_20241115T1326321339_d_img_d18_x01280_y64000.png,0.2792,610.4,563.1,640.0,618.97
ch2_ohr_ncp_20241115T1326321339_d_img_d18_x01280_y64000.png,0.2753,465.62,585.5,501.28,623.43
ch2_ohr_ncp_20241115T1326321339_d_img_d18_x01280_y64000.png,0.2363,451.16,584.8,502.56,630.13
ch2_ohr_ncp_20241115T1326321339_d_img_d18_x01280_y64000.png,0.2327,613.13,498.79,640.0,539.79
ch2_ohr_ncp_20241115T1326321339_d_img_d18_x01280_y64000.png,0.2151,612.29,483.53,640.0,541.41
ch2_ohr_ncp_20241115T1326321339_d_img_d18_x01280_y64640.png,0.4195,348.15,376.12,356.65,385.43
ch2_ohr_ncp_20241115T1326321339_d_img_d18_x01280_y64640.png,0.237,180.09,265.23,232.36,306.43
ch2_ohr_ncp_20241115T1326321339_d_img_d18_x01280_y64640.png,0.2291,164.67,267.55,229.25,311.28
ch2_ohr_ncp_20241115T1326321339_d_img_d18_x01280_y64640.png,0.2002,235.29,164.7,274.78,205.5
ch2_ohr_ncp_20241115T1326321339_d_img_d18_x01280_y65280.png,0.3169,363.23,3.91,391.33,42.28
ch2_ohr_ncp_20241115T1326321339_d_img_d18_x01280_y66560.png,0.2086,622.31,11.17,640.0,68.54
ch2_ohr_ncp_20241115T1326321339_d_img_d18_x01280_y67200.png,0.2696,632.09,560.02,638.25,567.25
ch2_ohr_ncp_20241115T1326321339_d_img_d18_x01280_y67200.png,0.2662,13.39,461.32,53.61,504.46
ch2_ohr_ncp_20241115T1326321339_d_img_d18_x01280_y67200.png,0.252,257.52,567.9,263.38,573.53
ch2_ohr_ncp_20241115T1326321339_d_img_d18_x01280_y68480.png,0.3073,469.85,246.79,504.91,280.2
ch2_ohr_ncp_20241115T1326321339_d_img_d18_x01280_y69120.png,0.4067,244.46,427.03,281.89,473.44
ch2_ohr_ncp_20241115T1326321339_d_img_d18_x01280_y69760.png,0.4082,308.87,208.1,357.42,250.01
ch2_ohr_ncp_20241115T1326321339_d_img_d18_x01280_y69760.png,0.2004,428.89,493.07,476.63,545.19
ch2_ohr_ncp_20241115T1326321339_d_img_d18_x01280_y70400.png,0.652,618.83,499.31,622.64,504.05
ch2_ohr_ncp_20241115T1326321339_d_img_d18_x01280_y70400.png,0.5068,585.65,391.56,590.03,396.49
ch2_ohr_ncp_20241115T1326321339_d_img_d18_x01280_y70400.png,0.4997,586.74,481.37,590.93,485.93
ch2_ohr_ncp_20241115T1326321339_d_img_d18_x01280_y70400.png,0.4978,520.51,428.0,524.98,434.52
ch2_ohr_ncp_20241115T1326321339_d_img_d18_x01280_y70400.png,0.4224,631.67,214.56,636.33,220.51
ch2_ohr_ncp_20241115T1326321339_d_img_d18_x01280_y70400.png,0.4071,607.76,492.0,612.02,496.96
ch2_ohr_ncp_20241115T1326321339_d_img_d18_x01280_y70400.png,0.4048,627.99,557.85,634.26,564.0
ch2_ohr_ncp_20241115T1326321339_d_img_d18_x01280_y70400.png,0.3895,555.14,449.94,565.24,461.93
ch2_ohr_ncp_20241115T1326321339_d_img_d18_x01280_y70400.png,0.3509,566.33,594.13,572.0,598.61
ch2_ohr_ncp_20241115T1326321339_d_img_d18_x01280_y70400.png,0.3236,567.14,320.06,573.77,327.11
ch2_ohr_ncp_20241115T1326321339_d_img_d18_x01280_y70400.png,0.3229,514.01,553.44,517.85,557.44
ch2_ohr_ncp_20241115T1326321339_d_img_d18_x01280_y70400.png,0.3148,633.2,344.96,639.47,352.6
ch2_ohr_ncp_20241115T1326321339_d_img_d18_x01280_y70400.png,0.3085,626.25,406.93,630.97,413.23
ch2_ohr_ncp_20241115T1326321339_d_img_d18_x01280_y70400.png,0.2865,441.11,583.07,447.81,589.13
ch2_ohr_ncp_20241115T1326321339_d_img_d18_x01280_y70400.png,0.283,628.26,577.61,636.15,587.03
ch2_ohr_ncp_20241115T1326321339_d_img_d18_x01280_y70400.png,0.2801,505.08,523.99,508.91,529.53
ch2_ohr_ncp_20241115T1326321339_d_img_d18_x01280_y70400.png,0.2756,537.26,347.78,543.32,354.54
ch2_ohr_ncp_20241115T1326321339_d_img_d18_x01280_y70400.png,0.2704,433.1,585.53,438.12,591.31
ch2_ohr_ncp_20241115T1326321339_d_img_d18_x01280_y70400.png,0.2574,597.48,368.48,604.05,375.5
ch2_ohr_ncp_20241115T1326321339_d_img_d18_x01280_y70400.png,0.2543,571.13,353.24,574.88,357.11
ch2_ohr_ncp_20241115T1326321339_d_img_d18_x01280_y70400.png,0.239,432.24,480.52,436.9,485.57
ch2_ohr_ncp_20241115T1326321339_d_img_d18_x01280_y70400.png,0.2243,632.71,523.99,638.09,529.29
ch2_ohr_ncp_20241115T1326321339_d_img_d18_x01280_y71680.png,0.4146,505.84,535.63,541.59,569.93
ch2_ohr_ncp_20241115T1326321339_d_img_d18_x01280_y71680.png,0.2684,573.04,555.79,599.02,588.23
ch2_ohr_ncp_20241115T1326321339_d_img_d18_x01280_y72320.png,0.3736,0.0,30.49,51.83,77.19
ch2_ohr_ncp_20241115T1326321339_d_img_d18_x01280_y72320.png,0.2109,283.64,200.22,319.75,237.09
ch2_ohr_ncp_20241115T1326321339_d_img_d18_x01280_y73600.png,0.2416,523.36,153.55,549.03,187.94
ch2_ohr_ncp_20241115T1326321339_d_img_d18_x01280_y73600.png,0.223,186.14,418.42,243.86,470.25
ch2_ohr_ncp_20241115T1326321339_d_img_d18_x01280_y74880.png,0.2013,568.66,76.71,604.34,129.88
ch2_ohr_ncp_20241115T1326321339_d_img_d18_x01280_y75520.png,0.2632,317.36,593.44,367.43,640.0
ch2_ohr_ncp_20241115T1326321339_d_img_d18_x01280_y76160.png,0.359,0.0,155.52,56.88,219.35
ch2_ohr_ncp_20241115T1326321339_d_img_d18_x01280_y76160.png,0.2271,75.9,244.17,102.27,288.38
ch2_ohr_ncp_20241115T1326321339_d_img_d18_x01280_y89600.png,0.2735,378.68,0.0,426.34,60.37
ch2_ohr_ncp_20241115T1326321339_d_img_d18_x01920_y62080.png,0.2304,314.34,588.8,346.75,627.2
ch2_ohr_ncp_20241115T1326321339_d_img_d18_x01920_y62080.png,0.2043,466.52,396.3,516.9,446.34
ch2_ohr_ncp_20241115T1326321339_d_img_d18_x01920_y64000.png,0.2619,464.51,599.14,512.85,637.09
ch2_ohr_ncp_20241115T1326321339_d_img_d18_x01920_y64640.png,0.3048,6.67,190.92,50.33,244.43
ch2_ohr_ncp_20241115T1326321339_d_img_d18_x01920_y64640.png,0.3004,101.71,0.0,135.62,28.49
ch2_ohr_ncp_20241115T1326321339_d_img_d18_x01920_y65280.png,0.2237,553.91,16.91,615.87,70.3
ch2_ohr_ncp_20241115T1326321339_d_img_d18_x01920_y65920.png,0.3707,291.68,580.34,301.52,591.1
ch2_ohr_ncp_20241115T1326321339_d_img_d18_x01920_y65920.png,0.2829,305.12,600.45,311.45,606.54
ch2_ohr_ncp_20241115T1326321339_d_img_d18_x01920_y65920.png,0.2798,313.59,395.69,317.41,399.47
ch2_ohr_ncp_20241115T1326321339_d_img_d18_x01920_y65920.png,0.2466,265.83,422.72,294.39,464.98
ch2_ohr_ncp_20241115T1326321339_d_img_d18_x01920_y66560.png,0.2023,337.83,512.83,368.65,537.84
ch2_ohr_ncp_20241115T1326321339_d_img_d18_x01920_y69120.png,0.2554,0.39,0.0,43.46,38.89
ch2_ohr_ncp_20241115T1326321339_d_img_d18_x01920_y69120.png,0.2201,471.65,228.36,490.08,277.05
ch2_ohr_ncp_20241115T1326321339_d_img_d18_x01920_y69760.png,0.2028,391.59,520.92,424.28,559.8
ch2_ohr_ncp_20241115T1326321339_d_img_d18_x01920_y70400.png,0.2566,505.07,537.26,534.28,576.37
ch2_ohr_ncp_20241115T1326321339_d_img_d18_x01920_y71680.png,0.42,594.5,535.66,601.15,542.03
ch2_ohr_ncp_20241115T1326321339_d_img_d18_x02560_y62080.png,0.3406,62.8,333.72,117.95,383.6
ch2_ohr_ncp_20241115T1326321339_d_img_d18_x02560_y62080.png,0.2982,0.0,347.97,53.01,394.9
ch2_ohr_ncp_20241115T1326321339_d_img_d18_x02560_y62080.png,0.2729,598.2,619.09,604.29,625.06
ch2_ohr_ncp_20241115T1326321339_d_img_d18_x02560_y62080.png,0.2375,374.9,489.82,411.25,527.31
ch2_ohr_ncp_20241115T1326321339_d_img_d18_x02560_y62720.png,0.219,322.99,291.55,357.66,333.2
ch2_ohr_ncp_20241115T1326321339_d_img_d18_x02560_y64000.png,0.4496,102.24,518.98,154.06,563.41
ch2_ohr_ncp_20241115T1326321339_d_img_d18_x02560_y64640.png,0.2322,0.0,0.0,23.07,31.12
ch2_ohr_ncp_20241115T1326321339_d_img_d18_x02560_y65920.png,0.5544,253.18,609.08,261.79,617.8
ch2_ohr_ncp_20241115T1326321339_d_img_d18_x02560_y65920.png,0.5004,590.58,538.63,596.01,543.03
ch2_ohr_ncp_20241115T1326321339_d_img_d18_x02560_y65920.png,0.4709,245.84,344.32,252.01,349.16
ch2_ohr_ncp_20241115T1326321339_d_img_d18_x02560_y65920.png,0.427,266.16,507.74,270.67,512.03
ch2_ohr_ncp_20241115T1326321339_d_img_d18_x02560_y65920.png,0.3896,75.6,521.99,79.99,525.84
ch2_ohr_ncp_20241115T1326321339_d_img_d18_x02560_y65920.png,0.3774,227.99,592.45,234.09,597.34
ch2_ohr_ncp_20241115T1326321339_d_img_d18_x02560_y65920.png,0.366,59.72,585.32,69.35,595.6
ch2_ohr_ncp_20241115T1326321339_d_img_d18_x02560_y65920.png,0.3019,526.36,498.16,575.92,544.28
ch2_ohr_ncp_20241115T1326321339_d_img_d18_x02560_y65920.png,0.2995,185.25,608.2,190.5,613.73
ch2_ohr_ncp_20241115T1326321339_d_img_d18_x02560_y65920.png,0.2972,79.79,598.91,86.36,604.93
ch2_ohr_ncp_20241115T1326321339_d_img_d18_x02560_y65920.png,0.2926,262.34,472.01,268.97,478.78
ch2_ohr_ncp_20241115T1326321339_d_img_d18_x02560_y65920.png,0.2829,560.35,296.18,564.61,300.09
ch2_ohr_ncp_20241115T1326321339_d_img_d18_x02560_y65920.png,0.2688,237.43,295.81,244.0,301.69
ch2_ohr_ncp_20241115T1326321339_d_img_d18_x02560_y65920.png,0.2633,211.99,583.77,217.78,589.25
ch2_ohr_ncp_20241115T1326321339_d_img_d18_x02560_y65920.png,0.2477,229.59,592.49,236.0,597.22
ch2_ohr_ncp_20241115T1326321339_d_img_d18_x02560_y65920.png,0.2124,244.0,344.33,250.84,349.21
ch2_ohr_ncp_20241115T1326321339_d_img_d18_x02560_y65920.png,0.2106,206.72,473.61,214.71,480.71
ch2_ohr_ncp_20241115T1326321339_d_img_d18_x02560_y65920.png,0.2002,82.64,588.0,86.21,593.52
ch2_ohr_ncp_20241115T1326321339_d_img_d18_x02560_y66560.png,0.3407,573.6,10.4,639.84,62.96
ch2_ohr_ncp_20241115T1326321339_d_img_d18_x02560_y66560.png,0.26,634.53,255.45,639.65,265.65
ch2_ohr_ncp_20241115T1326321339_d_img_d18_x02560_y67840.png,0.2645,103.22,199.69,139.45,236.44
ch2_ohr_ncp_20241115T1326321339_d_img_d18_x02560_y67840.png,0.2392,59.3,501.33,89.47,528.89
ch2_ohr_ncp_20241115T1326321339_d_img_d18_x02560_y67840.png,0.2088,228.18,228.81,249.71,279.2
ch2_ohr_ncp_20241115T1326321339_d_img_d18_x02560_y68480.png,0.452,11.97,582.64,20.04,590.87
ch2_ohr_ncp_20241115T1326321339_d_img_d18_x02560_y68480.png,0.3545,39.85,575.41,45.24,580.32
ch2_ohr_ncp_20241115T1326321339_d_img_d18_x02560_y68480.png,0.3158,230.81,345.53,236.02,350.39
ch2_ohr_ncp_20241115T1326321339_d_img_d18_x02560_y68480.png,0.3074,384.94,359.8,418.58,410.97
ch2_ohr_ncp_20241115T1326321339_d_img_d18_x02560_y68480.png,0.3027,35.46,606.54,40.9,612.06
ch2_ohr_ncp_20241115T1326321339_d_img_d18_x02560_y69760.png,0.2251,513.18,564.88,562.12,602.69
ch2_ohr_ncp_20241115T1326321339_d_img_d18_x02560_y70400.png,0.2563,452.62,555.06,500.11,611.46
ch2_ohr_ncp_20241115T1326321339_d_img_d18_x02560_y71040.png,0.2727,442.56,339.89,471.88,368.58
ch2_ohr_ncp_20241115T1326321339_d_img_d18_x02560_y71680.png,0.2177,603.74,524.33,630.62,562.54
ch2_ohr_ncp_20241115T1326321339_d_img_d18_x02560_y72320.png,0.2619,557.09,16.17,603.03,56.68
ch2_ohr_ncp_20241115T1326321339_d_img_d18_x02560_y72960.png,0.266,2.02,545.67,27.72,581.19
ch2_ohr_ncp_20241115T1326321339_d_img_d18_x02560_y73600.png,0.2829,413.13,498.75,443.87,530.42
ch2_ohr_ncp_20241115T1326321339_d_img_d18_x02560_y74240.png,0.252,76.69,599.86,128.29,635.77
ch2_ohr_ncp_20241115T1326321339_d_img_d18_x02560_y74240.png,0.2132,210.67,0.38,258.5,30.51
ch2_ohr_ncp_20241115T1326321339_d_img_d18_x03200_y58240.png,0.2105,610.13,443.34,640.0,497.23
ch2_ohr_ncp_20241115T1326321339_d_img_d18_x03200_y64640.png,0.2175,215.5,315.26,257.7,363.58
ch2_ohr_ncp_20241115T1326321339_d_img_d18_x03200_y65280.png,0.3094,221.71,484.66,256.6,524.41
ch2_ohr_ncp_20241115T1326321339_d_img_d18_x03200_y65280.png,0.2176,218.57,493.39,250.44,525.15
ch2_ohr_ncp_20241115T1326321339_d_img_d18_x03200_y65920.png,0.3339,490.27,105.87,518.63,140.22
ch2_ohr_ncp_20241115T1326321339_d_img_d18_x03200_y67200.png,0.349,224.62,596.05,270.28,634.18
ch2_ohr_ncp_20241115T1326321339_d_img_d18_x03200_y67200.png,0.2786,396.36,594.55,424.85,635.03
ch2_ohr_ncp_20241115T1326321339_d_img_d18_x03200_y67200.png,0.2285,226.88,589.61,278.38,632.2
ch2_ohr_ncp_20241115T1326321339_d_img_d18_x03200_y68480.png,0.3538,14.62,515.86,72.81,569.4
ch2_ohr_ncp_20241115T1326321339_d_img_d18_x03200_y69760.png,0.3154,625.08,297.37,630.73,303.21
ch2_ohr_ncp_20241115T1326321339_d_img_d18_x03200_y71040.png,0.226,65.26,83.43,98.89,121.87
ch2_ohr_ncp_20241115T1326321339_d_img_d18_x03200_y71680.png,0.2203,599.65,578.91,629.85,617.2
ch2_ohr_ncp_20241115T1326321339_d_img_d18_x03200_y72320.png,0.273,2.84,194.16,45.11,252.11
ch2_ohr_ncp_20241115T1326321339_d_img_d18_x03840_y54400.png,0.2443,319.53,581.66,375.42,621.15
ch2_ohr_ncp_20241115T1326321339_d_img_d18_x03840_y54400.png,0.226,550.43,574.0,588.18,613.96
ch2_ohr_ncp_20241115T1326321339_d_img_d18_x03840_y58240.png,0.215,568.66,274.22,614.12,315.21
ch2_ohr_ncp_20241115T1326321339_d_img_d18_x03840_y62080.png,0.4371,434.32,408.24,472.91,444.33
ch2_ohr_ncp_20241115T1326321339_d_img_d18_x03840_y62080.png,0.2402,8.8,598.53,53.85,639.17
ch2_ohr_ncp_20241115T1326321339_d_img_d18_x03840_y64640.png,0.2054,425.34,453.24,485.17,494.53
ch2_ohr_ncp_20241115T1326321339_d_img_d18_x03840_y67840.png,0.2729,0.0,603.22,43.12,640.0
ch2_ohr_ncp_20241115T1326321339_d_img_d18_x03840_y69120.png,0.3186,437.0,515.27,467.75,550.52
ch2_ohr_ncp_20241115T1326321339_d_img_d18_x03840_y69120.png,0.2943,311.37,147.19,358.16,186.35
ch2_ohr_ncp_20241115T1326321339_d_img_d18_x03840_y69120.png,0.2428,435.34,512.34,474.32,552.5
ch2_ohr_ncp_20241115T1326321339_d_img_d18_x03840_y69760.png,0.3222,166.07,87.19,198.89,122.24
ch2_ohr_ncp_20241115T1326321339_d_img_d18_x03840_y72320.png,0.2126,35.85,275.39,40.81,280.38
ch2_ohr_ncp_20241115T1326321339_d_img_d18_x03840_y72960.png,0.3821,458.1,0.0,519.62,36.2
ch2_ohr_ncp_20241115T1326321339_d_img_d18_x03840_y72960.png,0.3394,460.36,0.0,513.12,32.46
ch2_ohr_ncp_20241115T1326321339_d_img_d18_x03840_y88960.png,0.3046,103.02,579.01,160.22,630.75
ch2_ohr_ncp_20241115T1326321339_d_img_d18_x03840_y88960.png,0.262,3.13,0.1,41.69,68.62
ch2_ohr_ncp_20241115T1326321339_d_img_d18_x04480_y54400.png,0.2318,514.05,0.0,575.33,58.01
ch2_ohr_ncp_20241115T1326321339_d_img_d18_x04480_y54400.png,0.2057,526.21,0.05,575.21,42.25
ch2_ohr_ncp_20241115T1326321339_d_img_d18_x04480_y65920.png,0.2017,328.87,479.94,359.47,530.3
ch2_ohr_ncp_20241115T1326321339_d_img_d18_x04480_y67840.png,0.2129,189.91,437.29,257.49,487.38
ch2_ohr_ncp_20241115T1326321339_d_img_d18_x04480_y88320.png,0.2091,262.32,293.4,296.21,331.82
ch2_ohr_ncp_20241115T1326321339_d_img_d18_x04480_y88960.png,0.2177,435.32,589.11,466.56,627.27
ch2_ohr_ncp_20241115T1326321339_d_img_d18_x05120_y62720.png,0.2859,478.5,374.14,557.64,442.15
ch2_ohr_ncp_20241115T1326321339_d_img_d18_x05120_y62720.png,0.208,603.99,222.67,640.0,299.6
ch2_ohr_ncp_20241115T1326321339_d_img_d18_x05120_y69120.png,0.3069,73.21,98.75,78.52,104.41
ch2_ohr_ncp_20241115T1326321339_d_img_d18_x05120_y69760.png,0.2244,78.42,601.9,116.65,637.97
ch2_ohr_ncp_20241115T1326321339_d_img_d18_x05120_y71680.png,0.2899,24.96,386.79,53.06,436.51
ch2_ohr_ncp_20241115T1326321339_d_img_d18_x05120_y87040.png,0.2484,170.25,0.0,264.54,22.15
ch2_ohr_ncp_20241115T1326321339_d_img_d18_x05760_y53760.png,0.2621,91.72,501.22,147.99,545.83
ch2_ohr_ncp_20241115T1326321339_d_img_d18_x05760_y56960.png,0.2023,159.97,504.11,204.95,556.49
ch2_ohr_ncp_20241115T1326321339_d_img_d18_x05760_y57600.png,0.2468,176.56,568.36,214.64,609.25
ch2_ohr_ncp_20241115T1326321339_d_img_d18_x05760_y58240.png,0.2023,317.41,398.32,384.47,498.83
ch2_ohr_ncp_20241115T1326321339_d_img_d18_x05760_y59520.png,0.5454,465.24,201.58,498.12,238.02
ch2_ohr_ncp_20241115T1326321339_d_img_d18_x05760_y59520.png,0.2306,463.88,195.71,505.02,238.78
ch2_ohr_ncp_20241115T1326321339_d_img_d18_x05760_y68480.png,0.3393,587.29,307.17,613.7,340.94
ch2_ohr_ncp_20241115T1326321339_d_img_d18_x05760_y68480.png,0.2281,32.23,105.18,56.74,138.2
ch2_ohr_ncp_20241115T1326321339_d_img_d18_x05760_y71040.png,0.2002,176.95,0.0,242.07,32.5
ch2_ohr_ncp_20241115T1326321339_d_img_d18_x05760_y74240.png,0.2089,502.46,593.97,546.45,637.3
ch2_ohr_ncp_20241115T1326321339_d_img_d18_x05760_y92800.png,0.2038,113.1,401.04,192.45,514.47
ch2_ohr_ncp_20241115T1326321339_d_img_d18_x06400_y53120.png,0.3959,10.46,350.8,48.13,385.79
ch2_ohr_ncp_20241115T1326321339_d_img_d18_x06400_y53120.png,0.2549,11.56,344.94,53.52,387.69
ch2_ohr_ncp_20241115T1326321339_d_img_d18_x06400_y56320.png,0.3159,78.07,0.0,128.44,44.09
ch2_ohr_ncp_20241115T1326321339_d_img_d18_x06400_y56960.png,0.4298,69.52,606.85,113.43,640.0
ch2_ohr_ncp_20241115T1326321339_d_img_d18_x06400_y58240.png,0.2047,548.19,69.62,580.29,108.76
ch2_ohr_ncp_20241115T1326321339_d_img_d18_x06400_y71040.png,0.2128,203.94,542.28,253.93,601.46
ch2_ohr_ncp_20241115T1326321339_d_img_d18_x06400_y72960.png,0.2327,145.7,162.88,152.09,168.66
ch2_ohr_ncp_20241115T1326321339_d_img_d18_x06400_y73600.png,0.2347,158.87,603.28,195.88,635.43
ch2_ohr_ncp_20241115T1326321339_d_img_d18_x06400_y89600.png,0.2268,157.39,585.18,194.08,628.66
ch2_ohr_ncp_20241115T1326321339_d_img_d18_x06400_y92160.png,0.2833,247.5,580.15,281.5,619.68
ch2_ohr_ncp_20241115T1326321339_d_img_d18_x06400_y94720.png,0.2534,343.99,127.42,375.26,160.09
ch2_ohr_ncp_20241115T1326321339_d_img_d18_x07040_y55680.png,0.5704,590.95,243.9,597.36,250.61
ch2_ohr_ncp_20241115T1326321339_d_img_d18_x07040_y55680.png,0.3817,623.15,150.56,635.22,161.63
ch2_ohr_ncp_20241115T1326321339_d_img_d18_x07040_y55680.png,0.3679,507.43,354.09,511.91,358.97
ch2_ohr_ncp_20241115T1326321339_d_img_d18_x07040_y55680.png,0.3515,494.27,276.62,503.86,284.91
ch2_ohr_ncp_20241115T1326321339_d_img_d18_x07040_y56960.png,0.2082,486.38,308.46,517.37,338.77
ch2_ohr_ncp_20241115T1326321339_d_img_d18_x07040_y68480.png,0.4127,24.77,155.98,29.87,160.52
ch2_ohr_ncp_20241115T1326321339_d_img_d18_x07040_y68480.png,0.3251,93.79,247.33,100.0,252.97
ch2_ohr_ncp_20241115T1326321339_d_img_d18_x07040_y68480.png,0.3069,7.17,140.0,13.19,147.11
ch2_ohr_ncp_20241115T1326321339_d_img_d18_x07040_y68480.png,0.2627,41.11,228.0,46.38,234.49
ch2_ohr_ncp_20241115T1326321339_d_img_d18_x07040_y68480.png,0.2436,39.74,211.98,44.79,216.86
ch2_ohr_ncp_20241115T1326321339_d_img_d18_x07040_y68480.png,0.2333,0.11,147.88,4.69,154.6
ch2_ohr_ncp_20241115T1326321339_d_img_d18_x07040_y68480.png,0.2094,15.89,134.04,21.08,140.0
ch2_ohr_ncp_20241115T1326321339_d_img_d18_x07040_y69760.png,0.4556,25.8,603.05,84.82,640.0
ch2_ohr_ncp_20241115T1326321339_d_img_d18_x07040_y69760.png,0.2546,21.39,506.32,84.62,559.79
ch2_ohr_ncp_20241115T1326321339_d_img_d18_x07040_y71680.png,0.2179,285.06,224.05,338.59,273.9
ch2_ohr_ncp_20241115T1326321339_d_img_d18_x07040_y88320.png,0.2424,350.28,42.6,425.46,151.81
ch2_ohr_ncp_20241115T1326321339_d_img_d18_x07040_y92160.png,0.2594,444.41,561.68,472.03,603.4
ch2_ohr_ncp_20241115T1326321339_d_img_d18_x07680_y53120.png,0.268,319.58,485.33,354.58,528.61
ch2_ohr_ncp_20241115T1326321339_d_img_d18_x07680_y53760.png,0.2927,148.93,201.11,189.71,242.72
ch2_ohr_ncp_20241115T1326321339_d_img_d18_x07680_y54400.png,0.2524,462.68,0.23,517.61,29.09
ch2_ohr_ncp_20241115T1326321339_d_img_d18_x07680_y55680.png,0.4335,581.55,74.02,588.01,79.63
ch2_ohr_ncp_20241115T1326321339_d_img_d18_x07680_y55680.png,0.4246,614.52,185.81,620.61,191.88
ch2_ohr_ncp_20241115T1326321339_d_img_d18_x07680_y55680.png,0.4013,547.2,166.06,552.96,172.0
ch2_ohr_ncp_20241115T1326321339_d_img_d18_x07680_y55680.png,0.3899,609.97,149.72,616.1,157.09
ch2_ohr_ncp_20241115T1326321339_d_img_d18_x07680_y55680.png,0.3264,527.38,99.07,532.0,102.78
ch2_ohr_ncp_20241115T1326321339_d_img_d18_x07680_y55680.png,0.3012,407.01,354.34,446.3,388.75
ch2_ohr_ncp_20241115T1326321339_d_img_d18_x07680_y55680.png,0.2998,502.58,155.52,508.01,160.19
ch2_ohr_ncp_20241115T1326321339_d_img_d18_x07680_y55680.png,0.2772,184.56,382.08,191.88,388.63
ch2_ohr_ncp_20241115T1326321339_d_img_d18_x07680_y55680.png,0.27,591.64,232.21,599.17,238.93
ch2_ohr_ncp_20241115T1326321339_d_img_d18_x07680_y55680.png,0.2578,86.21,38.33,121.22,73.13
ch2_ohr_ncp_20241115T1326321339_d_img_d18_x07680_y55680.png,0.2326,57.48,296.88,65.75,304.82
ch2_ohr_ncp_20241115T1326321339_d_img_d18_x07680_y55680.png,0.2314,538.13,544.61,541.71,548.69
ch2_ohr_ncp_20241115T1326321339_d_img_d18_x07680_y55680.png,0.222,408.52,346.63,452.98,389.78
ch2_ohr_ncp_20241115T1326321339_d_img_d18_x07680_y55680.png,0.2208,580.0,74.12,586.7,79.64
ch2_ohr_ncp_20241115T1326321339_d_img_d18_x07680_y55680.png,0.2026,77.74,319.22,84.0,324.02
ch2_ohr_ncp_20241115T1326321339_d_img_d18_x07680_y56320.png,0.3047,565.45,51.07,572.12,57.75
ch2_ohr_ncp_20241115T1326321339_d_img_d18_x07680_y56320.png,0.2277,560.92,256.22,566.57,261.87
ch2_ohr_ncp_20241115T1326321339_d_img_d18_x07680_y56320.png,0.2196,552.12,262.98,556.93,268.08
ch2_ohr_ncp_20241115T1326321339_d_img_d18_x07680_y56320.png,0.2183,581.81,154.4,588.01,160.07
ch2_ohr_ncp_20241115T1326321339_d_img_d18_x07680_y57600.png,0.2497,459.71,496.43,518.18,543.52
ch2_ohr_ncp_20241115T1326321339_d_img_d18_x07680_y58240.png,0.2369,618.21,273.54,640.0,314.29
ch2_ohr_ncp_20241115T1326321339_d_img_d18_x07680_y69760.png,0.222,277.53,144.4,310.29,175.36
ch2_ohr_ncp_20241115T1326321339_d_img_d18_x07680_y70400.png,0.2144,544.01,589.78,585.37,635.67
ch2_ohr_ncp_20241115T1326321339_d_img_d18_x07680_y72960.png,0.2552,313.95,0.0,339.58,22.27
ch2_ohr_ncp_20241115T1326321339_d_img_d18_x07680_y73600.png,0.3597,325.24,99.51,374.46,145.39
ch2_ohr_ncp_20241115T1326321339_d_img_d18_x07680_y86400.png,0.2875,289.61,13.28,348.4,58.02
ch2_ohr_ncp_20241115T1326321339_d_img_d18_x07680_y90240.png,0.3229,89.13,261.41,117.58,295.85
ch2_ohr_ncp_20241115T1326321339_d_img_d18_x08320_y50560.png,0.3165,323.78,487.57,354.22,517.83
ch2_ohr_ncp_20241115T1326321339_d_img_d18_x08320_y51840.png,0.2208,463.11,285.82,507.6,339.54
ch2_ohr_ncp_20241115T1326321339_d_img_d18_x08320_y56320.png,0.5344,544.33,616.28,552.27,623.87
ch2_ohr_ncp_20241115T1326321339_d_img_d18_x08320_y56320.png,0.4613,634.3,588.0,639.39,593.9
ch2_ohr_ncp_20241115T1326321339_d_img_d18_x08320_y56320.png,0.461,558.91,400.94,567.81,412.01
ch2_ohr_ncp_20241115T1326321339_d_img_d18_x08320_y56320.png,0.2396,595.45,437.68,604.65,445.65
ch2_ohr_ncp_20241115T1326321339_d_img_d18_x08320_y56320.png,0.2093,613.46,561.46,620.0,566.2
ch2_ohr_ncp_20241115T1326321339_d_img_d18_x08320_y56960.png,0.2712,567.62,584.94,573.09,590.16
ch2_ohr_ncp_20241115T1326321339_d_img_d18_x08320_y67840.png,0.2502,311.24,133.6,347.56,166.83
ch2_ohr_ncp_20241115T1326321339_d_img_d18_x08320_y69120.png,0.2562,555.55,149.3,612.14,216.0
ch2_ohr_ncp_20241115T1326321339_d_img_d18_x08320_y71040.png,0.209,254.76,131.0,295.81,170.9
ch2_ohr_ncp_20241115T1326321339_d_img_d18_x08320_y71680.png,0.3918,551.21,586.9,557.87,593.37
ch2_ohr_ncp_20241115T1326321339_d_img_d18_x08320_y71680.png,0.3698,413.87,529.13,421.51,538.59
ch2_ohr_ncp_20241115T1326321339_d_img_d18_x08320_y71680.png,0.321,392.43,524.94,401.2,533.21
ch2_ohr_ncp_20241115T1326321339_d_img_d18_x08320_y72960.png,0.3041,200.46,563.59,238.06,605.24
ch2_ohr_ncp_20241115T1326321339_d_img_d18_x08320_y88320.png,0.2198,222.2,0.0,254.88,24.84
ch2_ohr_ncp_20241115T1326321339_d_img_d18_x08320_y94720.png,0.2375,316.33,464.17,345.13,499.7
ch2_ohr_ncp_20241115T1326321339_d_img_d18_x08960_y49920.png,0.23,2.86,0.03,51.35,68.82
ch2_ohr_ncp_20241115T1326321339_d_img_d18_x08960_y50560.png,0.2099,42.71,593.85,68.45,627.83
ch2_ohr_ncp_20241115T1326321339_d_img_d18_x08960_y51840.png,0.2666,83.73,582.25,121.16,624.6
ch2_ohr_ncp_20241115T1326321339_d_img_d18_x08960_y53760.png,0.3783,460.81,16.09,511.94,63.53
ch2_ohr_ncp_20241115T1326321339_d_img_d18_x08960_y56320.png,0.2527,220.52,596.65,273.83,640.0
ch2_ohr_ncp_20241115T1326321339_d_img_d18_x08960_y65920.png,0.2904,610.02,411.38,640.0,458.72
ch2_ohr_ncp_20241115T1326321339_d_img_d18_x08960_y67200.png,0.475,15.18,459.83,77.96,513.51
ch2_ohr_ncp_20241115T1326321339_d_img_d18_x08960_y71040.png,0.2852,175.03,400.7,208.04,444.33
ch2_ohr_ncp_20241115T1326321339_d_img_d18_x08960_y85760.png,0.2361,168.33,568.6,199.82,604.2
ch2_ohr_ncp_20241115T1326321339_d_img_d18_x08960_y93440.png,0.2317,420.77,37.53,482.54,138.71
ch2_ohr_ncp_20241115T1326321339_d_img_d18_x08960_y94080.png,0.2702,603.04,484.33,631.25,532.43
ch2_ohr_ncp_20241115T1326321339_d_img_d18_x08960_y96640.png,0.3243,64.15,487.53,85.0,523.84
ch2_ohr_ncp_20241115T1326321339_d_img_d18_x08960_y98560.png,0.2751,448.4,582.12,490.08,618.83
ch2_ohr_ncp_20241115T1326321339_d_img_d18_x09600_y45440.png,0.2228,58.91,556.57,83.58,599.63
ch2_ohr_ncp_20241115T1326321339_d_img_d18_x09600_y51200.png,0.2439,221.25,463.29,254.87,495.04
ch2_ohr_ncp_20241115T1326321339_d_img_d18_x09600_y51840.png,0.2378,458.38,414.56,495.08,446.03
ch2_ohr_ncp_20241115T1326321339_d_img_d18_x09600_y53760.png,0.2267,605.38,348.55,638.2,386.61
ch2_ohr_ncp_20241115T1326321339_d_img_d18_x09600_y54400.png,0.2586,158.84,43.63,167.04,52.25
ch2_ohr_ncp_20241115T1326321339_d_img_d18_x09600_y55040.png,0.2152,6.84,319.37,12.64,325.22
ch2_ohr_ncp_20241115T1326321339_d_img_d18_x09600_y56320.png,0.2126,208.15,491.26,238.36,529.28
ch2_ohr_ncp_20241115T1326321339_d_img_d18_x09600_y71680.png,0.3239,141.68,593.39,171.36,633.63
ch2_ohr_ncp_20241115T1326321339_d_img_d18_x09600_y72960.png,0.2457,461.6,146.68,482.43,178.11
ch2_ohr_ncp_20241115T1326321339_d_img_d18_x09600_y89600.png,0.2219,426.01,529.4,444.05,567.37
ch2_ohr_ncp_20241115T1326321339_d_img_d18_x09600_y92800.png,0.5002,443.61,569.95,470.57,611.46
ch2_ohr_ncp_20241115T1326321339_d_img_d18_x10240_y49920.png,0.2452,600.58,378.1,606.39,383.9
ch2_ohr_ncp_20241115T1326321339_d_img_d18_x10240_y49920.png,0.2425,454.78,469.56,463.55,478.84
ch2_ohr_ncp_20241115T1326321339_d_img_d18_x10240_y50560.png,0.3053,0.0,146.29,38.66,212.95
ch2_ohr_ncp_20241115T1326321339_d_img_d18_x10240_y51200.png,0.2265,382.13,127.66,406.25,169.03
ch2_ohr_ncp_20241115T1326321339_d_img_d18_x10240_y55680.png,0.2313,77.47,453.74,106.12,489.63
ch2_ohr_ncp_20241115T1326321339_d_img_d18_x10240_y60160.png,0.3126,509.99,406.77,537.55,446.16
ch2_ohr_ncp_20241115T1326321339_d_img_d18_x10240_y69120.png,0.2294,619.1,0.0,640.0,70.33
ch2_ohr_ncp_20241115T1326321339_d_img_d18_x10240_y91520.png,0.2991,591.54,436.19,616.47,478.85
ch2_ohr_ncp_20241115T1326321339_d_img_d18_x10880_y46080.png,0.2227,13.61,103.93,76.47,220.57
ch2_ohr_ncp_20241115T1326321339_d_img_d18_x10880_y48000.png,0.2708,48.82,601.46,78.87,635.08
ch2_ohr_ncp_20241115T1326321339_d_img_d18_x10880_y52480.png,0.2031,3.5,0.45,56.9,55.39
ch2_ohr_ncp_20241115T1326321339_d_img_d18_x10880_y88320.png,0.3437,61.76,595.12,109.57,636.64
ch2_ohr_ncp_20241115T1326321339_d_img_d18_x10880_y90240.png,0.3629,135.76,235.23,163.27,275.88
ch2_ohr_ncp_20241115T1326321339_d_img_d18_x10880_y92160.png,0.4014,374.49,226.95,415.84,268.47
ch2_ohr_ncp_20241115T1326321339_d_img_d18_x10880_y92160.png,0.2156,371.63,231.01,409.32,270.81
ch2_ohr_ncp_20241115T1326321339_d_img_d18_x10880_y92160.png,0.2075,373.65,222.21,428.48,271.07
ch2_ohr_ncp_20241115T1326321339_d_img_d18_x10880_y98560.png,0.2126,51.4,599.48,97.22,640.0
ch2_ohr_ncp_20241115T1326321339_d_img_d18_x11520_y48000.png,0.2225,306.1,437.34,343.05,473.98
ch2_ohr_ncp_20241115T1326321339_d_img_d18_x11520_y49280.png,0.5639,407.88,178.41,412.94,184.76
ch2_ohr_ncp_20241115T1326321339_d_img_d18_x11520_y51840.png,0.2723,19.0,582.86,26.44,589.84
ch2_ohr_ncp_20241115T1326321339_d_img_d18_x11520_y54400.png,0.2427,405.21,327.22,413.67,335.59
ch2_ohr_ncp_20241115T1326321339_d_img_d18_x11520_y55040.png,0.367,251.16,334.17,256.96,340.44
ch2_ohr_ncp_20241115T1326321339_d_img_d18_x11520_y55040.png,0.3213,269.92,348.0,276.02,353.99
ch2_ohr_ncp_20241115T1326321339_d_img_d18_x11520_y55040.png,0.3151,286.63,360.48,293.95,367.42
ch2_ohr_ncp_20241115T1326321339_d_img_d18_x11520_y55040.png,0.3108,69.41,192.52,78.54,200.08
ch2_ohr_ncp_20241115T1326321339_d_img_d18_x11520_y55040.png,0.291,323.76,369.89,328.98,374.46
ch2_ohr_ncp_20241115T1326321339_d_img_d18_x11520_y55040.png,0.2317,190.41,534.32,196.2,540.93
ch2_ohr_ncp_20241115T1326321339_d_img_d18_x11520_y55680.png,0.3192,33.12,505.98,39.84,513.63
ch2_ohr_ncp_20241115T1326321339_d_img_d18_x11520_y55680.png,0.2638,136.32,352.59,143.42,359.85
ch2_ohr_ncp_20241115T1326321339_d_img_d18_x11520_y56960.png,0.3397,144.71,370.1,153.42,378.08
ch2_ohr_ncp_20241115T1326321339_d_img_d18_x11520_y56960.png,0.2701,96.09,603.99,100.26,609.04
ch2_ohr_ncp_20241115T1326321339_d_img_d18_x11520_y56960.png,0.2655,247.95,615.04,257.27,624.37
ch2_ohr_ncp_20241115T1326321339_d_img_d18_x11520_y56960.png,0.2401,226.05,590.77,236.0,598.81
ch2_ohr_ncp_20241115T1326321339_d_img_d18_x11520_y57600.png,0.2969,206.53,161.13,212.46,168.29
ch2_ohr_ncp_20241115T1326321339_d_img_d18_x11520_y57600.png,0.2388,278.09,268.45,285.64,276.82
ch2_ohr_ncp_20241115T1326321339_d_img_d18_x11520_y57600.png,0.2359,278.67,234.71,285.5,241.23
ch2_ohr_ncp_20241115T1326321339_d_img_d18_x11520_y58880.png,0.4366,3.64,313.38,10.88,320.22
ch2_ohr_ncp_20241115T1326321339_d_img_d18_x11520_y58880.png,0.2306,381.93,16.16,388.0,20.94
ch2_ohr_ncp_20241115T1326321339_d_img_d18_x11520_y58880.png,0.2254,285.74,65.88,292.03,72.09
ch2_ohr_ncp_20241115T1326321339_d_img_d18_x11520_y59520.png,0.3844,454.57,391.33,460.12,397.3
ch2_ohr_ncp_20241115T1326321339_d_img_d18_x11520_y59520.png,0.3191,53.51,455.44,60.01,461.0
ch2_ohr_ncp_20241115T1326321339_d_img_d18_x11520_y59520.png,0.2645,57.28,545.67,63.73,552.76
ch2_ohr_ncp_20241115T1326321339_d_img_d18_x11520_y59520.png,0.21,464.54,616.51,470.21,621.46
ch2_ohr_ncp_20241115T1326321339_d_img_d18_x11520_y60160.png,0.4957,419.83,625.74,425.6,631.85
ch2_ohr_ncp_20241115T1326321339_d_img_d18_x11520_y60160.png,0.4833,319.2,611.46,324.75,616.6
ch2_ohr_ncp_20241115T1326321339_d_img_d18_x11520_y60160.png,0.4647,176.19,479.43,183.8,487.75
ch2_ohr_ncp_20241115T1326321339_d_img_d18_x11520_y60160.png,0.3986,366.22,352.09,372.93,358.39
ch2_ohr_ncp_20241115T1326321339_d_img_d18_x11520_y60160.png,0.3458,203.38,542.63,213.12,552.59
ch2_ohr_ncp_20241115T1326321339_d_img_d18_x11520_y60160.png,0.3349,30.36,443.05,36.0,447.38
ch2_ohr_ncp_20241115T1326321339_d_img_d18_x11520_y60160.png,0.289,446.72,555.68,452.26,561.82
ch2_ohr_ncp_20241115T1326321339_d_img_d18_x11520_y60160.png,0.2374,131.37,631.18,138.76,637.41
ch2_ohr_ncp_20241115T1326321339_d_img_d18_x11520_y60160.png,0.2182,56.46,427.04,61.25,431.19
ch2_ohr_ncp_20241115T1326321339_d_img_d18_x11520_y60800.png,0.5522,399.09,164.0,405.12,171.52
ch2_ohr_ncp_20241115T1326321339_d_img_d18_x11520_y60800.png,0.2736,197.63,398.93,205.35,407.39
ch2_ohr_ncp_20241115T1326321339_d_img_d18_x11520_y60800.png,0.2663,161.39,607.01,167.52,613.36
ch2_ohr_ncp_20241115T1326321339_d_img_d18_x11520_y60800.png,0.2466,5.41,225.74,12.01,232.58
ch2_ohr_ncp_20241115T1326321339_d_img_d18_x11520_y60800.png,0.2171,4.0,225.6,10.67,232.5
ch2_ohr_ncp_20241115T1326321339_d_img_d18_x11520_y60800.png,0.2017,15.34,67.97,22.63,75.53
ch2_ohr_ncp_20241115T1326321339_d_img_d18_x11520_y61440.png,0.3279,32.73,429.16,38.75,436.01
ch2_ohr_ncp_20241115T1326321339_d_img_d18_x11520_y61440.png,0.3151,451.1,224.3,457.32,230.3
ch2_ohr_ncp_20241115T1326321339_d_img_d18_x11520_y61440.png,0.2724,32.92,428.0,39.23,435.23
ch2_ohr_ncp_20241115T1326321339_d_img_d18_x11520_y61440.png,0.261,0.17,429.63,6.76,437.84
ch2_ohr_ncp_20241115T1326321339_d_img_d18_x11520_y61440.png,0.2152,255.38,244.21,263.52,253.99
ch2_ohr_ncp_20241115T1326321339_d_img_d18_x11520_y61440.png,0.2079,68.3,284.23,77.42,294.86
ch2_ohr_ncp_20241115T1326321339_d_img_d18_x11520_y67840.png,0.2661,0.0,520.11,31.85,557.04
ch2_ohr_ncp_20241115T1326321339_d_img_d18_x11520_y70400.png,0.5447,459.8,337.92,464.98,342.86
ch2_ohr_ncp_20241115T1326321339_d_img_d18_x11520_y70400.png,0.2219,451.99,11.75,458.32,18.05
ch2_ohr_ncp_20241115T1326321339_d_img_d18_x11520_y71040.png,0.2067,459.68,487.78,466.61,494.86
ch2_ohr_ncp_20241115T1326321339_d_img_d18_x11520_y91520.png,0.3425,443.46,392.47,448.28,397.83
ch2_ohr_ncp_20241115T1326321339_d_img_d18_x11520_y91520.png,0.3397,366.09,318.35,372.61,325.16
ch2_ohr_ncp_20241115T1525004388_d_img_d18_x00000_y62080.png,0.2053,600.34,527.18,632.3,571.94
ch2_ohr_ncp_20241115T1525004388_d_img_d18_x00000_y63360.png,0.2451,586.43,492.14,633.6,569.6
ch2_ohr_ncp_20241115T1525004388_d_img_d18_x00000_y65280.png,0.2629,116.37,469.73,145.56,506.34
ch2_ohr_ncp_20241115T1525004388_d_img_d18_x00000_y66560.png,0.288,379.96,426.68,426.15,476.94
ch2_ohr_ncp_20241115T1525004388_d_img_d18_x00000_y67200.png,0.3126,27.88,392.35,32.89,397.77
ch2_ohr_ncp_20241115T1525004388_d_img_d18_x00000_y67200.png,0.2659,351.81,172.0,357.49,179.15
ch2_ohr_ncp_20241115T1525004388_d_img_d18_x00000_y67200.png,0.2646,282.44,228.0,287.9,234.86
ch2_ohr_ncp_20241115T1525004388_d_img_d18_x00000_y67200.png,0.2554,326.38,174.21,332.77,181.31
ch2_ohr_ncp_20241115T1525004388_d_img_d18_x00000_y67200.png,0.2279,282.38,229.23,287.53,236.0
ch2_ohr_ncp_20241115T1525004388_d_img_d18_x00000_y67200.png,0.2266,573.72,18.58,596.31,67.51
ch2_ohr_ncp_20241115T1525004388_d_img_d18_x00000_y67200.png,0.2229,0.59,419.15,6.12,426.85
ch2_ohr_ncp_20241115T1525004388_d_img_d18_x00000_y67200.png,0.2195,37.56,435.85,44.0,440.88
ch2_ohr_ncp_20241115T1525004388_d_img_d18_x00000_y69760.png,0.2086,293.83,542.72,332.0,580.05
ch2_ohr_ncp_20241115T1525004388_d_img_d18_x00000_y70400.png,0.323,124.0,360.98,130.9,366.47
ch2_ohr_ncp_20241115T1525004388_d_img_d18_x00000_y70400.png,0.2439,222.8,236.0,228.41,242.19
ch2_ohr_ncp_20241115T1525004388_d_img_d18_x00000_y70400.png,0.24,125.14,360.77,132.0,366.74
ch2_ohr_ncp_20241115T1525004388_d_img_d18_x00000_y72320.png,0.2568,118.7,478.0,163.56,524.31
ch2_ohr_ncp_20241115T1525004388_d_img_d18_x00640_y62080.png,0.4057,32.44,545.37,66.98,590.43
ch2_ohr_ncp_20241115T1525004388_d_img_d18_x00640_y62720.png,0.2742,525.73,158.39,555.61,200.04
ch2_ohr_ncp_20241115T1525004388_d_img_d18_x00640_y67840.png,0.5017,574.45,265.7,580.04,271.79
ch2_ohr_ncp_20241115T1525004388_d_img_d18_x00640_y68480.png,0.3916,524.0,339.95,529.49,345.39
ch2_ohr_ncp_20241115T1525004388_d_img_d18_x00640_y68480.png,0.3496,594.48,467.31,598.31,470.88
ch2_ohr_ncp_20241115T1525004388_d_img_d18_x00640_y68480.png,0.3436,478.87,387.85,484.06,392.6
ch2_ohr_ncp_20241115T1525004388_d_img_d18_x00640_y68480.png,0.3013,586.44,473.66,590.98,476.87
ch2_ohr_ncp_20241115T1525004388_d_img_d18_x00640_y68480.png,0.2925,483.23,299.34,490.22,305.79
ch2_ohr_ncp_20241115T1525004388_d_img_d18_x00640_y68480.png,0.2922,581.21,609.27,616.77,639.52
ch2_ohr_ncp_20241115T1525004388_d_img_d18_x00640_y68480.png,0.2314,628.55,246.05,636.01,252.82
ch2_ohr_ncp_20241115T1525004388_d_img_d18_x00640_y68480.png,0.2231,438.17,248.48,444.01,253.59
ch2_ohr_ncp_20241115T1525004388_d_img_d18_x00640_y68480.png,0.2048,593.59,474.07,600.72,480.32
ch2_ohr_ncp_20241115T1525004388_d_img_d18_x00640_y68480.png,0.2038,518.27,352.34,524.34,357.51
ch2_ohr_ncp_20241115T1525004388_d_img_d18_x00640_y70400.png,0.2897,153.41,357.52,170.28,403.49
ch2_ohr_ncp_20241115T1525004388_d_img_d18_x00640_y70400.png,0.2789,155.75,368.64,168.35,401.28
ch2_ohr_ncp_20241115T1525004388_d_img_d18_x00640_y70400.png,0.2632,579.95,417.6,585.39,422.16
ch2_ohr_ncp_20241115T1525004388_d_img_d18_x00640_y70400.png,0.2436,190.71,384.19,223.29,416.93
ch2_ohr_ncp_20241115T1525004388_d_img_d18_x00640_y70400.png,0.2298,418.39,302.71,455.74,339.66
ch2_ohr_ncp_20241115T1525004388_d_img_d18_x00640_y70400.png,0.219,463.03,446.6,468.08,452.08
ch2_ohr_ncp_20241115T1525004388_d_img_d18_x00640_y70400.png,0.214,482.51,461.23,489.19,468.21
ch2_ohr_ncp_20241115T1525004388_d_img_d18_x00640_y71680.png,0.2757,140.38,570.7,174.2,633.91
ch2_ohr_ncp_20241115T1525004388_d_img_d18_x00640_y72320.png,0.3704,602.44,71.24,628.02,108.36
ch2_ohr_ncp_20241115T1525004388_d_img_d18_x00640_y72320.png,0.2973,602.81,567.48,636.34,624.38
ch2_ohr_ncp_20241115T1525004388_d_img_d18_x00640_y72960.png,0.5509,519.49,528.43,566.33,591.19
ch2_ohr_ncp_20241115T1525004388_d_img_d18_x00640_y72960.png,0.3417,525.36,515.07,567.24,579.26
ch2_ohr_ncp_20241115T1525004388_d_img_d18_x00640_y74240.png,0.3121,519.63,594.06,560.57,636.98
ch2_ohr_ncp_20241115T1525004388_d_img_d18_x01280_y60160.png,0.2873,554.97,47.75,580.48,84.9
ch2_ohr_ncp_20241115T1525004388_d_img_d18_x01280_y60800.png,0.2465,501.87,399.35,510.47,408.41
ch2_ohr_ncp_20241115T1525004388_d_img_d18_x01280_y60800.png,0.2224,506.63,545.63,533.82,581.63
ch2_ohr_ncp_20241115T1525004388_d_img_d18_x01280_y64000.png,0.3283,397.1,570.38,448.67,626.71
ch2_ohr_ncp_20241115T1525004388_d_img_d18_x01280_y65280.png,0.2285,404.9,238.12,431.24,280.54
ch2_ohr_ncp_20241115T1525004388_d_img_d18_x01280_y65920.png,0.2315,371.21,232.16,398.22,256.99
ch2_ohr_ncp_20241115T1525004388_d_img_d18_x01280_y67200.png,0.2009,235.04,611.86,261.28,639.65
ch2_ohr_ncp_20241115T1525004388_d_img_d18_x01280_y69760.png,0.2534,102.36,413.11,139.02,449.15
ch2_ohr_ncp_20241115T1525004388_d_img_d18_x01280_y69760.png,0.2462,340.89,323.44,401.09,362.2
ch2_ohr_ncp_20241115T1525004388_d_img_d18_x01280_y69760.png,0.235,520.15,131.96,558.54,167.83
ch2_ohr_ncp_20241115T1525004388_d_img_d18_x01280_y69760.png,0.2111,238.37,323.93,244.0,329.78
ch2_ohr_ncp_20241115T1525004388_d_img_d18_x01280_y71680.png,0.3589,252.77,531.18,280.22,563.14
ch2_ohr_ncp_20241115T1525004388_d_img_d18_x01280_y71680.png,0.2083,122.3,590.52,159.44,632.73
ch2_ohr_ncp_20241115T1525004388_d_img_d18_x01280_y72320.png,0.2192,296.77,593.73,334.21,626.97
ch2_ohr_ncp_20241115T1525004388_d_img_d18_x01280_y72960.png,0.2551,6.7,391.31,48.6,434.81
ch2_ohr_ncp_20241115T1525004388_d_img_d18_x01280_y72960.png,0.2095,9.29,399.97,44.83,431.68
ch2_ohr_ncp_20241115T1525004388_d_img_d18_x01920_y59520.png,0.2472,9.69,0.0,62.73,73.45
ch2_ohr_ncp_20241115T1525004388_d_img_d18_x01920_y59520.png,0.204,631.36,575.93,638.74,583.47
ch2_ohr_ncp_20241115T1525004388_d_img_d18_x01920_y60800.png,0.2458,225.41,113.74,230.23,118.88
ch2_ohr_ncp_20241115T1525004388_d_img_d18_x01920_y60800.png,0.2379,23.85,154.5,63.38,192.08
ch2_ohr_ncp_20241115T1525004388_d_img_d18_x01920_y61440.png,0.2514,431.01,587.37,469.13,620.6
ch2_ohr_ncp_20241115T1525004388_d_img_d18_x01920_y62720.png,0.3591,344.57,167.77,377.84,210.07
ch2_ohr_ncp_20241115T1525004388_d_img_d18_x01920_y62720.png,0.2033,331.55,0.05,382.08,36.57
ch2_ohr_ncp_20241115T1525004388_d_img_d18_x01920_y63360.png,0.4461,605.91,622.37,612.0,628.08
ch2_ohr_ncp_20241115T1525004388_d_img_d18_x01920_y63360.png,0.3389,34.2,572.0,38.58,577.46
ch2_ohr_ncp_20241115T1525004388_d_img_d18_x01920_y63360.png,0.337,18.98,550.16,25.33,556.0
ch2_ohr_ncp_20241115T1525004388_d_img_d18_x01920_y64000.png,0.3491,389.63,317.39,436.34,365.69
ch2_ohr_ncp_20241115T1525004388_d_img_d18_x01920_y65920.png,0.7066,605.85,8.25,612.39,15.17
ch2_ohr_ncp_20241115T1525004388_d_img_d18_x01920_y65920.png,0.6085,422.16,296.38,430.62,305.48
ch2_ohr_ncp_20241115T1525004388_d_img_d18_x01920_y65920.png,0.5354,615.13,23.99,620.0,28.18
ch2_ohr_ncp_20241115T1525004388_d_img_d18_x01920_y65920.png,0.5101,569.46,21.56,576.25,28.75
ch2_ohr_ncp_20241115T1525004388_d_img_d18_x01920_y65920.png,0.4632,579.87,376.0,587.74,384.11
ch2_ohr_ncp_20241115T1525004388_d_img_d18_x01920_y65920.png,0.3966,502.84,170.19,508.28,176.15
ch2_ohr_ncp_20241115T1525004388_d_img_d18_x01920_y65920.png,0.3944,523.7,96.93,530.19,104.28
ch2_ohr_ncp_20241115T1525004388_d_img_d18_x01920_y65920.png,0.3657,577.68,390.23,583.45,396.01
ch2_ohr_ncp_20241115T1525004388_d_img_d18_x01920_y65920.png,0.3329,547.93,420.98,553.44,426.31
ch2_ohr_ncp_20241115T1525004388_d_img_d18_x01920_y65920.png,0.3288,585.46,435.9,590.88,441.51
ch2_ohr_ncp_20241115T1525004388_d_img_d18_x01920_y65920.png,0.3283,514.11,67.85,518.59,71.66
ch2_ohr_ncp_20241115T1525004388_d_img_d18_x01920_y65920.png,0.3131,522.84,75.85,529.74,81.87
ch2_ohr_ncp_20241115T1525004388_d_img_d18_x01920_y65920.png,0.2739,619.62,11.77,622.97,15.73
ch2_ohr_ncp_20241115T1525004388_d_img_d18_x01920_y65920.png,0.2536,635.73,19.97,639.5,25.06
ch2_ohr_ncp_20241115T1525004388_d_img_d18_x01920_y65920.png,0.25,448.24,91.87,452.17,96.68
ch2_ohr_ncp_20241115T1525004388_d_img_d18_x01920_y65920.png,0.2443,528.82,447.98,540.72,461.47
ch2_ohr_ncp_20241115T1525004388_d_img_d18_x01920_y65920.png,0.2326,590.7,361.85,596.04,366.3
ch2_ohr_ncp_20241115T1525004388_d_img_d18_x01920_y65920.png,0.2035,537.33,100.0,541.18,106.63
ch2_ohr_ncp_20241115T1525004388_d_img_d18_x01920_y67200.png,0.2445,611.89,592.42,639.96,634.77
ch2_ohr_ncp_20241115T1525004388_d_img_d18_x01920_y67840.png,0.234,65.99,548.66,104.31,586.03
ch2_ohr_ncp_20241115T1525004388_d_img_d18_x01920_y68480.png,0.3597,133.91,336.72,141.09,341.86
ch2_ohr_ncp_20241115T1525004388_d_img_d18_x01920_y68480.png,0.3523,224.89,332.0,230.39,338.61
ch2_ohr_ncp_20241115T1525004388_d_img_d18_x01920_y68480.png,0.349,152.92,456.13,156.71,460.08
ch2_ohr_ncp_20241115T1525004388_d_img_d18_x01920_y68480.png,0.2885,166.74,241.37,172.02,246.5
ch2_ohr_ncp_20241115T1525004388_d_img_d18_x01920_y68480.png,0.2581,169.95,259.99,175.39,266.24
ch2_ohr_ncp_20241115T1525004388_d_img_d18_x01920_y68480.png,0.2542,214.33,356.91,224.87,366.99
ch2_ohr_ncp_20241115T1525004388_d_img_d18_x01920_y68480.png,0.2439,570.59,421.52,622.7,462.16
ch2_ohr_ncp_20241115T1525004388_d_img_d18_x01920_y68480.png,0.2438,225.0,333.5,230.31,340.01
ch2_ohr_ncp_20241115T1525004388_d_img_d18_x01920_y68480.png,0.2372,46.63,582.36,53.42,589.53
ch2_ohr_ncp_20241115T1525004388_d_img_d18_x01920_y68480.png,0.2214,68.82,234.72,76.7,244.32
ch2_ohr_ncp_20241115T1525004388_d_img_d18_x01920_y68480.png,0.2057,161.42,259.61,168.02,266.06
ch2_ohr_ncp_20241115T1525004388_d_img_d18_x01920_y68480.png,0.2046,126.65,568.27,132.96,573.56
ch2_ohr_ncp_20241115T1525004388_d_img_d18_x01920_y69120.png,0.2224,520.12,143.57,548.99,178.41
ch2_ohr_ncp_20241115T1525004388_d_img_d18_x01920_y70400.png,0.2412,564.98,292.3,600.69,332.46
ch2_ohr_ncp_20241115T1525004388_d_img_d18_x01920_y72960.png,0.4184,109.11,0.08,156.33,43.77
ch2_ohr_ncp_20241115T1525004388_d_img_d18_x01920_y72960.png,0.2045,625.47,219.53,640.0,269.42
ch2_ohr_ncp_20241115T1525004388_d_img_d18_x02560_y59520.png,0.2629,221.52,352.0,265.78,388.24
ch2_ohr_ncp_20241115T1525004388_d_img_d18_x02560_y59520.png,0.2196,318.75,539.57,349.91,583.65
ch2_ohr_ncp_20241115T1525004388_d_img_d18_x02560_y59520.png,0.2104,322.01,536.28,353.38,579.17
ch2_ohr_ncp_20241115T1525004388_d_img_d18_x02560_y60160.png,0.3133,267.64,407.64,297.88,440.88
ch2_ohr_ncp_20241115T1525004388_d_img_d18_x02560_y60160.png,0.2611,107.87,417.9,144.67,460.4
ch2_ohr_ncp_20241115T1525004388_d_img_d18_x02560_y62080.png,0.2112,464.88,451.48,500.78,488.89
ch2_ohr_ncp_20241115T1525004388_d_img_d18_x02560_y63360.png,0.3614,586.52,224.5,621.28,257.67
ch2_ohr_ncp_20241115T1525004388_d_img_d18_x02560_y68480.png,0.2055,356.56,511.59,388.07,553.48
ch2_ohr_ncp_20241115T1525004388_d_img_d18_x02560_y70400.png,0.2686,223.64,440.75,270.87,489.74
ch2_ohr_ncp_20241115T1525004388_d_img_d18_x02560_y72960.png,0.4589,42.8,246.32,69.09,278.04
ch2_ohr_ncp_20241115T1525004388_d_img_d18_x02560_y88960.png,0.2428,241.07,0.0,285.6,42.18
ch2_ohr_ncp_20241115T1525004388_d_img_d18_x03200_y56320.png,0.2257,600.11,605.65,635.91,639.04
ch2_ohr_ncp_20241115T1525004388_d_img_d18_x03200_y59520.png,0.2476,147.39,495.89,185.99,547.65
ch2_ohr_ncp_20241115T1525004388_d_img_d18_x03200_y59520.png,0.2312,391.49,565.6,422.54,597.38
ch2_ohr_ncp_20241115T1525004388_d_img_d18_x03200_y60800.png,0.2281,449.61,575.09,492.73,618.18
ch2_ohr_ncp_20241115T1525004388_d_img_d18_x03200_y60800.png,0.2183,57.09,526.49,84.9,559.41
ch2_ohr_ncp_20241115T1525004388_d_img_d18_x03200_y61440.png,0.5266,529.61,324.22,538.55,332.44
ch2_ohr_ncp_20241115T1525004388_d_img_d18_x03200_y61440.png,0.4902,512.97,306.2,518.71,312.27
ch2_ohr_ncp_20241115T1525004388_d_img_d18_x03200_y61440.png,0.4866,553.09,305.12,557.68,309.29
ch2_ohr_ncp_20241115T1525004388_d_img_d18_x03200_y61440.png,0.4129,593.59,320.63,607.41,336.61
ch2_ohr_ncp_20241115T1525004388_d_img_d18_x03200_y61440.png,0.4032,531.91,375.09,537.87,381.24
ch2_ohr_ncp_20241115T1525004388_d_img_d18_x03200_y61440.png,0.3884,571.73,287.12,577.36,293.02
ch2_ohr_ncp_20241115T1525004388_d_img_d18_x03200_y61440.png,0.3212,541.74,302.32,548.03,308.35
ch2_ohr_ncp_20241115T1525004388_d_img_d18_x03200_y61440.png,0.3196,505.69,347.94,512.7,356.19
ch2_ohr_ncp_20241115T1525004388_d_img_d18_x03200_y61440.png,0.311,634.07,561.28,639.12,567.41
ch2_ohr_ncp_20241115T1525004388_d_img_d18_x03200_y61440.png,0.3012,576.99,446.71,581.45,452.0
ch2_ohr_ncp_20241115T1525004388_d_img_d18_x03200_y61440.png,0.2985,633.64,276.0,639.25,283.99
ch2_ohr_ncp_20241115T1525004388_d_img_d18_x03200_y61440.png,0.2764,619.5,527.46,628.01,534.7
ch2_ohr_ncp_20241115T1525004388_d_img_d18_x03200_y61440.png,0.2733,625.77,400.2,630.78,405.19
ch2_ohr_ncp_20241115T1525004388_d_img_d18_x03200_y61440.png,0.2646,564.25,261.94,572.25,270.77
ch2_ohr_ncp_20241115T1525004388_d_img_d18_x03200_y61440.png,0.2349,570.52,329.34,574.66,333.31
ch2_ohr_ncp_20241115T1525004388_d_img_d18_x03200_y61440.png,0.2333,618.01,429.3,624.38,436.05
ch2_ohr_ncp_20241115T1525004388_d_img_d18_x03200_y61440.png,0.2197,562.0,255.42,565.96,260.05
ch2_ohr_ncp_20241115T1525004388_d_img_d18_x03200_y61440.png,0.2197,516.64,291.06,523.49,296.54
ch2_ohr_ncp_20241115T1525004388_d_img_d18_x03200_y61440.png,0.2026,544.03,455.1,550.14,460.31
ch2_ohr_ncp_20241115T1525004388_d_img_d18_x03200_y61440.png,0.2003,618.11,255.51,623.35,260.74
ch2_ohr_ncp_20241115T1525004388_d_img_d18_x03200_y66560.png,0.2809,251.53,49.87,278.57,91.43
ch2_ohr_ncp_20241115T1525004388_d_img_d18_x03200_y67200.png,0.3642,596.62,436.13,638.2,469.89
ch2_ohr_ncp_20241115T1525004388_d_img_d18_x03200_y72320.png,0.2538,80.53,91.03,118.17,126.16
ch2_ohr_ncp_20241115T1525004388_d_img_d18_x03200_y74240.png,0.21,7.42,599.25,41.28,634.93
ch2_ohr_ncp_20241115T1525004388_d_img_d18_x03840_y56320.png,0.2471,275.2,113.22,305.66,146.39
ch2_ohr_ncp_20241115T1525004388_d_img_d18_x03840_y56320.png,0.241,86.39,199.1,138.93,240.3
ch2_ohr_ncp_20241115T1525004388_d_img_d18_x03840_y59520.png,0.2409,591.31,135.16,639.74,178.38
ch2_ohr_ncp_20241115T1525004388_d_img_d18_x03840_y61440.png,0.3699,67.89,575.09,100.3,617.98
ch2_ohr_ncp_20241115T1525004388_d_img_d18_x03840_y64000.png,0.3179,159.32,522.0,209.79,565.48
ch2_ohr_ncp_20241115T1525004388_d_img_d18_x03840_y67200.png,0.2615,0.0,196.44,25.69,246.82
ch2_ohr_ncp_20241115T1525004388_d_img_d18_x03840_y67200.png,0.2226,0.15,193.67,31.61,250.93
ch2_ohr_ncp_20241115T1525004388_d_img_d18_x03840_y71680.png,0.212,558.73,57.0,595.39,91.66
ch2_ohr_ncp_20241115T1525004388_d_img_d18_x03840_y72320.png,0.2163,584.91,224.35,628.26,263.71
ch2_ohr_ncp_20241115T1525004388_d_img_d18_x04480_y55680.png,0.2199,0.0,295.45,37.9,360.09
ch2_ohr_ncp_20241115T1525004388_d_img_d18_x04480_y56960.png,0.4683,505.22,103.71,532.78,133.52
ch2_ohr_ncp_20241115T1525004388_d_img_d18_x04480_y66560.png,0.2409,2.51,518.86,42.51,556.08
ch2_ohr_ncp_20241115T1525004388_d_img_d18_x04480_y67200.png,0.2342,196.66,594.94,220.91,625.94
ch2_ohr_ncp_20241115T1525004388_d_img_d18_x04480_y67840.png,0.247,352.01,11.52,358.05,17.98
ch2_ohr_ncp_20241115T1525004388_d_img_d18_x04480_y70400.png,0.3186,446.15,8.94,508.29,110.44
ch2_ohr_ncp_20241115T1525004388_d_img_d18_x04480_y70400.png,0.2824,171.53,497.38,198.24,548.74
ch2_ohr_ncp_20241115T1525004388_d_img_d18_x04480_y70400.png,0.2629,172.04,495.35,197.67,534.38
ch2_ohr_ncp_20241115T1525004388_d_img_d18_x04480_y70400.png,0.2268,90.02,160.73,95.01,165.25
ch2_ohr_ncp_20241115T1525004388_d_img_d18_x04480_y71040.png,0.246,562.78,375.65,610.13,411.39
ch2_ohr_ncp_20241115T1525004388_d_img_d18_x04480_y71040.png,0.2,347.48,138.12,377.92,177.67
ch2_ohr_ncp_20241115T1525004388_d_img_d18_x04480_y72320.png,0.3168,361.15,582.51,394.8,619.53
ch2_ohr_ncp_20241115T1525004388_d_img_d18_x04480_y74880.png,0.2429,325.92,179.97,370.12,218.4
ch2_ohr_ncp_20241115T1525004388_d_img_d18_x05120_y55040.png,0.3261,552.22,447.12,581.05,481.22
ch2_ohr_ncp_20241115T1525004388_d_img_d18_x05120_y58240.png,0.2736,503.24,0.23,536.64,28.56
ch2_ohr_ncp_20241115T1525004388_d_img_d18_x05760_y55040.png,0.2091,591.83,333.48,631.08,393.74
ch2_ohr_ncp_20241115T1525004388_d_img_d18_x05760_y56320.png,0.2395,185.05,146.55,256.84,257.17
ch2_ohr_ncp_20241115T1525004388_d_img_d18_x05760_y59520.png,0.2275,279.99,532.91,312.45,562.61
ch2_ohr_ncp_20241115T1525004388_d_img_d18_x05760_y60160.png,0.3021,288.17,520.75,318.58,549.53
ch2_ohr_ncp_20241115T1525004388_d_img_d18_x05760_y67840.png,0.3809,446.45,119.6,453.78,129.03
ch2_ohr_ncp_20241115T1525004388_d_img_d18_x05760_y67840.png,0.3488,427.99,233.91,433.17,239.41
ch2_ohr_ncp_20241115T1525004388_d_img_d18_x05760_y67840.png,0.3464,475.66,25.02,480.63,30.09
ch2_ohr_ncp_20241115T1525004388_d_img_d18_x05760_y67840.png,0.3428,467.17,161.64,472.42,167.48
ch2_ohr_ncp_20241115T1525004388_d_img_d18_x05760_y67840.png,0.3311,437.13,159.6,444.01,164.98
ch2_ohr_ncp_20241115T1525004388_d_img_d18_x05760_y67840.png,0.2685,414.11,55.65,420.0,60.27
ch2_ohr_ncp_20241115T1525004388_d_img_d18_x05760_y67840.png,0.2581,349.68,121.64,356.01,127.2
ch2_ohr_ncp_20241115T1525004388_d_img_d18_x05760_y67840.png,0.2331,475.52,44.0,478.95,48.55
ch2_ohr_ncp_20241115T1525004388_d_img_d18_x05760_y67840.png,0.2279,449.85,40.05,454.2,44.33
ch2_ohr_ncp_20241115T1525004388_d_img_d18_x05760_y67840.png,0.2211,473.65,12.0,479.23,17.93
ch2_ohr_ncp_20241115T1525004388_d_img_d18_x06400_y50560.png,0.2238,28.76,462.49,62.62,498.92
ch2_ohr_ncp_20241115T1525004388_d_img_d18_x06400_y67840.png,0.3285,24.73,107.76,29.32,112.29
ch2_ohr_ncp_20241115T1525004388_d_img_d18_x06400_y67840.png,0.2306,32.82,143.31,39.13,149.84
ch2_ohr_ncp_20241115T1525004388_d_img_d18_x06400_y67840.png,0.2138,327.76,497.4,415.24,602.65
ch2_ohr_ncp_20241115T1525004388_d_img_d18_x06400_y68480.png,0.3801,617.05,483.75,640.0,552.93
ch2_ohr_ncp_20241115T1525004388_d_img_d18_x06400_y90240.png,0.2262,100.08,1.15,148.89,41.65
ch2_ohr_ncp_20241115T1525004388_d_img_d18_x07040_y53760.png,0.3372,509.54,52.0,516.25,59.16
ch2_ohr_ncp_20241115T1525004388_d_img_d18_x07040_y53760.png,0.3086,411.94,65.12,421.79,73.73
ch2_ohr_ncp_20241115T1525004388_d_img_d18_x07040_y54400.png,0.4222,18.24,514.84,52.2,549.87
ch2_ohr_ncp_20241115T1525004388_d_img_d18_x07040_y55680.png,0.3245,382.96,150.71,422.04,186.9
ch2_ohr_ncp_20241115T1525004388_d_img_d18_x07680_y50560.png,0.2307,209.86,410.43,282.31,486.18
ch2_ohr_ncp_20241115T1525004388_d_img_d18_x07680_y51200.png,0.2396,107.81,551.85,155.98,607.17
ch2_ohr_ncp_20241115T1525004388_d_img_d18_x07680_y53120.png,0.3149,620.04,163.36,640.0,225.12
ch2_ohr_ncp_20241115T1525004388_d_img_d18_x07680_y53760.png,0.6039,526.72,83.46,532.85,90.54
ch2_ohr_ncp_20241115T1525004388_d_img_d18_x07680_y53760.png,0.5779,590.72,627.22,598.41,634.12
ch2_ohr_ncp_20241115T1525004388_d_img_d18_x07680_y53760.png,0.4416,379.66,415.43,384.95,420.78
ch2_ohr_ncp_20241115T1525004388_d_img_d18_x07680_y53760.png,0.3938,569.73,160.04,573.97,164.14
ch2_ohr_ncp_20241115T1525004388_d_img_d18_x07680_y53760.png,0.332,616.29,573.96,622.36,580.11
ch2_ohr_ncp_20241115T1525004388_d_img_d18_x07680_y53760.png,0.3191,595.27,487.83,604.47,498.25
ch2_ohr_ncp_20241115T1525004388_d_img_d18_x07680_y53760.png,0.289,603.83,99.58,608.44,104.54
ch2_ohr_ncp_20241115T1525004388_d_img_d18_x07680_y53760.png,0.264,396.0,529.55,401.05,533.65
ch2_ohr_ncp_20241115T1525004388_d_img_d18_x07680_y53760.png,0.2397,530.69,123.21,536.58,128.25
ch2_ohr_ncp_20241115T1525004388_d_img_d18_x07680_y53760.png,0.2339,602.25,509.14,608.86,516.0
ch2_ohr_ncp_20241115T1525004388_d_img_d18_x07680_y53760.png,0.2251,247.69,127.44,298.8,191.5
ch2_ohr_ncp_20241115T1525004388_d_img_d18_x07680_y53760.png,0.2249,575.18,51.87,580.02,56.43
ch2_ohr_ncp_20241115T1525004388_d_img_d18_x07680_y53760.png,0.2201,584.95,94.75,594.43,101.75
ch2_ohr_ncp_20241115T1525004388_d_img_d18_x07680_y53760.png,0.2169,506.14,168.3,513.99,176.47
ch2_ohr_ncp_20241115T1525004388_d_img_d18_x07680_y53760.png,0.2164,602.27,508.0,608.96,514.48
ch2_ohr_ncp_20241115T1525004388_d_img_d18_x07680_y54400.png,0.2472,582.87,0.96,613.98,47.35
ch2_ohr_ncp_20241115T1525004388_d_img_d18_x07680_y54400.png,0.2273,469.97,38.65,477.61,46.59
ch2_ohr_ncp_20241115T1525004388_d_img_d18_x07680_y70400.png,0.3351,479.74,243.02,525.07,283.58
ch2_ohr_ncp_20241115T1525004388_d_img_d18_x07680_y71040.png,0.3568,9.36,549.6,39.65,592.01
ch2_ohr_ncp_20241115T1525004388_d_img_d18_x08320_y51840.png,0.2215,178.28,486.19,214.12,516.74
ch2_ohr_ncp_20241115T1525004388_d_img_d18_x08320_y54400.png,0.2658,244.93,210.27,283.71,249.08
ch2_ohr_ncp_20241115T1525004388_d_img_d18_x08320_y62720.png,0.2802,372.91,0.12,426.04,45.82
ch2_ohr_ncp_20241115T1525004388_d_img_d18_x08320_y66560.png,0.2558,312.61,543.06,369.34,591.03
ch2_ohr_ncp_20241115T1525004388_d_img_d18_x08320_y90880.png,0.2497,152.32,27.34,183.73,62.24
ch2_ohr_ncp_20241115T1525004388_d_img_d18_x08320_y94080.png,0.2272,428.87,604.88,465.78,639.6
ch2_ohr_ncp_20241115T1525004388_d_img_d18_x08320_y96640.png,0.2026,604.36,40.39,637.13,77.03
ch2_ohr_ncp_20241115T1525004388_d_img_d18_x08320_y96640.png,0.2015,8.98,422.9,62.94,506.96
ch2_ohr_ncp_20241115T1525004388_d_img_d18_x08320_y97280.png,0.2052,53.35,552.06,103.59,585.89
ch2_ohr_ncp_20241115T1525004388_d_img_d18_x08960_y48000.png,0.2688,156.19,100.16,184.26,133.78
ch2_ohr_ncp_20241115T1525004388_d_img_d18_x08960_y48640.png,0.2395,157.9,0.0,218.23,76.84
ch2_ohr_ncp_20241115T1525004388_d_img_d18_x08960_y51840.png,0.2901,45.4,331.4,67.1,380.15
ch2_ohr_ncp_20241115T1525004388_d_img_d18_x08960_y59520.png,0.3985,590.58,584.06,612.32,628.65
ch2_ohr_ncp_20241115T1525004388_d_img_d18_x08960_y67840.png,0.2212,179.79,608.72,224.73,640.0
ch2_ohr_ncp_20241115T1525004388_d_img_d18_x08960_y71680.png,0.2078,334.16,441.11,366.63,478.68
ch2_ohr_ncp_20241115T1525004388_d_img_d18_x08960_y72960.png,0.4131,298.93,75.79,303.49,81.53
ch2_ohr_ncp_20241115T1525004388_d_img_d18_x08960_y72960.png,0.3762,406.2,103.29,412.0,108.77
ch2_ohr_ncp_20241115T1525004388_d_img_d18_x08960_y72960.png,0.3608,288.17,59.84,292.09,64.33
ch2_ohr_ncp_20241115T1525004388_d_img_d18_x08960_y72960.png,0.3158,31.42,80.56,37.98,88.15
ch2_ohr_ncp_20241115T1525004388_d_img_d18_x08960_y72960.png,0.3068,278.79,108.0,284.16,114.41
ch2_ohr_ncp_20241115T1525004388_d_img_d18_x08960_y72960.png,0.2877,6.67,144.33,13.65,151.32
ch2_ohr_ncp_20241115T1525004388_d_img_d18_x08960_y72960.png,0.2546,426.77,113.94,431.42,118.24
ch2_ohr_ncp_20241115T1525004388_d_img_d18_x08960_y96000.png,0.2252,215.28,551.83,249.98,587.62
ch2_ohr_ncp_20241115T1525004388_d_img_d18_x08960_y98560.png,0.201,22.81,352.39,99.61,479.3
ch2_ohr_ncp_20241115T1525004388_d_img_d18_x09600_y48640.png,0.221,511.78,536.01,534.1,565.38
ch2_ohr_ncp_20241115T1525004388_d_img_d18_x09600_y49920.png,0.2007,160.32,309.19,198.51,342.51
ch2_ohr_ncp_20241115T1525004388_d_img_d18_x09600_y60160.png,0.233,609.4,113.38,640.0,193.3
ch2_ohr_ncp_20241115T1525004388_d_img_d18_x09600_y65920.png,0.2123,132.31,580.46,176.78,630.66
ch2_ohr_ncp_20241115T1525004388_d_img_d18_x09600_y69120.png,0.2273,410.83,600.7,438.59,631.61
ch2_ohr_ncp_20241115T1525004388_d_img_d18_x09600_y71040.png,0.2412,242.17,559.94,266.22,606.15
ch2_ohr_ncp_20241115T1525004388_d_img_d18_x09600_y72960.png,0.284,487.33,40.29,519.67,75.53
ch2_ohr_ncp_20241115T1525004388_d_img_d18_x09600_y88960.png,0.3317,329.35,545.57,359.21,589.98
ch2_ohr_ncp_20241115T1525004388_d_img_d18_x09600_y88960.png,0.2935,328.85,531.9,364.65,588.79
ch2_ohr_ncp_20241115T1525004388_d_img_d18_x09600_y88960.png,0.2385,136.42,606.65,188.13,640.0
ch2_ohr_ncp_20241115T1525004388_d_img_d18_x10240_y48640.png,0.2074,469.12,18.52,477.67,28.6
ch2_ohr_ncp_20241115T1525004388_d_img_d18_x10240_y50560.png,0.4498,13.67,79.57,21.36,88.26
ch2_ohr_ncp_20241115T1525004388_d_img_d18_x10240_y50560.png,0.2201,217.4,228.0,221.57,233.76
ch2_ohr_ncp_20241115T1525004388_d_img_d18_x10240_y60160.png,0.2272,415.85,582.7,434.05,618.94
ch2_ohr_ncp_20241115T1525004388_d_img_d18_x10240_y60160.png,0.2234,26.36,278.5,52.97,317.81
ch2_ohr_ncp_20241115T1525004388_d_img_d18_x10240_y63360.png,0.2292,615.72,551.67,638.03,611.13
ch2_ohr_ncp_20241115T1525004388_d_img_d18_x10240_y69120.png,0.2219,610.76,511.25,640.0,577.0
ch2_ohr_ncp_20241115T1525004388_d_img_d18_x10240_y72960.png,0.2993,379.17,46.12,398.08,86.39
ch2_ohr_ncp_20241115T1525004388_d_img_d18_x10240_y84480.png,0.3033,546.04,602.21,583.08,635.48
ch2_ohr_ncp_20241115T1525004388_d_img_d18_x10240_y90880.png,0.3066,223.94,503.3,278.94,541.42
ch2_ohr_ncp_20241115T1525004388_d_img_d18_x10240_y96640.png,0.2096,382.57,0.04,445.06,31.37
ch2_ohr_ncp_20241115T1525004388_d_img_d18_x10240_y99200.png,0.2016,111.38,235.47,190.24,370.5
ch2_ohr_ncp_20241115T1525004388_d_img_d18_x10240_y99840.png,0.2536,294.86,531.17,368.63,640.0
ch2_ohr_ncp_20241115T1525004388_d_img_d18_x10880_y46720.png,0.473,608.52,49.25,640.0,130.08
ch2_ohr_ncp_20241115T1525004388_d_img_d18_x10880_y46720.png,0.4077,617.22,46.39,640.0,123.91
ch2_ohr_ncp_20241115T1525004388_d_img_d18_x10880_y59520.png,0.3252,236.74,410.53,270.96,441.14
ch2_ohr_ncp_20241115T1525004388_d_img_d18_x10880_y61440.png,0.2681,316.53,438.34,340.63,485.67
ch2_ohr_ncp_20241115T1525004388_d_img_d18_x11520_y48000.png,0.303,239.51,418.57,278.27,460.46
ch2_ohr_ncp_20241115T1525004388_d_img_d18_x11520_y51840.png,0.2032,472.95,85.36,478.73,94.48
ch2_ohr_ncp_20241115T1525004388_d_img_d18_x11520_y52480.png,0.3304,429.73,560.93,437.47,568.87
ch2_ohr_ncp_20241115T1525004388_d_img_d18_x11520_y55040.png,0.4052,31.36,286.98,41.69,296.42
ch2_ohr_ncp_20241115T1525004388_d_img_d18_x11520_y55040.png,0.2321,54.03,315.59,60.6,322.87
ch2_ohr_ncp_20241115T1525004388_d_img_d18_x11520_y55680.png,0.3412,320.52,385.62,325.57,393.6
ch2_ohr_ncp_20241115T1525004388_d_img_d18_x11520_y55680.png,0.3287,403.93,390.64,412.77,398.53
ch2_ohr_ncp_20241115T1525004388_d_img_d18_x11520_y55680.png,0.2666,406.5,83.98,412.54,90.32
ch2_ohr_ncp_20241115T1525004388_d_img_d18_x11520_y56320.png,0.5856,41.45,371.86,46.29,377.17
ch2_ohr_ncp_20241115T1525004388_d_img_d18_x11520_y56320.png,0.512,78.72,362.32,86.89,372.01
ch2_ohr_ncp_20241115T1525004388_d_img_d18_x11520_y56320.png,0.2589,86.41,307.36,93.05,314.62
ch2_ohr_ncp_20241115T1525004388_d_img_d18_x11520_y56960.png,0.2927,15.63,98.37,24.31,107.21
ch2_ohr_ncp_20241115T1525004388_d_img_d18_x11520_y56960.png,0.2785,409.39,528.31,414.85,534.02
ch2_ohr_ncp_20241115T1525004388_d_img_d18_x11520_y58880.png,0.5697,227.48,320.13,237.0,326.59
ch2_ohr_ncp_20241115T1525004388_d_img_d18_x11520_y58880.png,0.4226,88.12,298.63,95.18,306.87
ch2_ohr_ncp_20241115T1525004388_d_img_d18_x11520_y58880.png,0.4219,324.0,480.99,330.2,485.99
ch2_ohr_ncp_20241115T1525004388_d_img_d18_x11520_y58880.png,0.3654,350.44,514.58,356.0,519.79
ch2_ohr_ncp_20241115T1525004388_d_img_d18_x11520_y58880.png,0.2997,96.83,468.0,101.19,472.79
ch2_ohr_ncp_20241115T1525004388_d_img_d18_x11520_y58880.png,0.2644,213.19,403.76,220.54,410.4
ch2_ohr_ncp_20241115T1525004388_d_img_d18_x11520_y59520.png,0.2185,114.06,419.97,119.89,426.42
ch2_ohr_ncp_20241115T1525004388_d_img_d18_x11520_y60160.png,0.5372,320.32,302.57,326.11,308.85
ch2_ohr_ncp_20241115T1525004388_d_img_d18_x11520_y60160.png,0.3591,225.66,161.04,233.08,169.48
ch2_ohr_ncp_20241115T1525004388_d_img_d18_x11520_y60160.png,0.2813,173.59,435.95,180.07,442.78
ch2_ohr_ncp_20241115T1525004388_d_img_d18_x11520_y60160.png,0.2275,108.31,262.07,120.12,272.84
ch2_ohr_ncp_20241115T1525004388_d_img_d18_x11520_y60800.png,0.4163,377.37,405.05,384.77,416.19
ch2_ohr_ncp_20241115T1525004388_d_img_d18_x11520_y60800.png,0.3719,349.27,520.89,356.21,527.18
ch2_ohr_ncp_20241115T1525004388_d_img_d18_x11520_y60800.png,0.3631,296.14,367.98,308.07,380.74
ch2_ohr_ncp_20241115T1525004388_d_img_d18_x11520_y60800.png,0.3415,351.16,363.43,356.03,367.95
ch2_ohr_ncp_20241115T1525004388_d_img_d18_x11520_y60800.png,0.2898,457.52,346.25,462.82,351.79
ch2_ohr_ncp_20241115T1525004388_d_img_d18_x11520_y60800.png,0.2876,437.7,588.0,444.25,594.93
ch2_ohr_ncp_20241115T1525004388_d_img_d18_x11520_y60800.png,0.2467,464.89,613.7,470.02,620.01
ch2_ohr_ncp_20241115T1525004388_d_img_d18_x11520_y60800.png,0.2243,425.94,611.24,433.47,618.94
ch2_ohr_ncp_20241115T1525004388_d_img_d18_x11520_y60800.png,0.2139,396.0,303.59,402.05,308.29
ch2_ohr_ncp_20241115T1525004388_d_img_d18_x11520_y61440.png,0.4613,85.63,303.6,92.08,311.96
ch2_ohr_ncp_20241115T1525004388_d_img_d18_x11520_y61440.png,0.4047,411.52,386.37,417.4,391.82
ch2_ohr_ncp_20241115T1525004388_d_img_d18_x11520_y61440.png,0.4024,58.94,547.77,64.45,553.83
ch2_ohr_ncp_20241115T1525004388_d_img_d18_x11520_y61440.png,0.3295,407.86,341.73,412.7,348.01
ch2_ohr_ncp_20241115T1525004388_d_img_d18_x11520_y61440.png,0.2365,407.8,340.0,413.07,347.04
ch2_ohr_ncp_20241115T1525004388_d_img_d18_x11520_y61440.png,0.206,278.5,619.21,284.05,624.67
ch2_ohr_ncp_20241115T1525004388_d_img_d18_x11520_y62720.png,0.2365,304.97,314.03,312.23,322.63
ch2_ohr_ncp_20241115T1525004388_d_img_d18_x11520_y69760.png,0.2562,0.0,0.0,69.24,25.84
ch2_ohr_ncp_20241115T1525004388_d_img_d18_x11520_y71680.png,0.2295,332.21,569.85,379.2,613.37
ch2_ohr_ncp_20250123T0750012833_d_img_d18_x00000_y36480.png,0.274,96.52,0.0,154.12,35.11
ch2_ohr_ncp_20250123T0750012833_d_img_d18_x00000_y49280.png,0.2328,187.95,323.36,193.31,328.31
ch2_ohr_ncp_20250123T0750012833_d_img_d18_x00000_y54400.png,0.2497,6.32,608.62,63.38,639.7
ch2_ohr_ncp_20250123T0750012833_d_img_d18_x00000_y58240.png,0.2539,79.44,99.26,84.07,102.89
ch2_ohr_ncp_20250123T0750012833_d_img_d18_x00000_y58240.png,0.2285,556.91,375.55,564.63,381.82
ch2_ohr_ncp_20250123T0750012833_d_img_d18_x00000_y58240.png,0.2145,6.07,49.76,12.02,54.31
ch2_ohr_ncp_20250123T0750012833_d_img_d18_x00000_y64000.png,0.2351,235.72,539.77,269.36,566.93
ch2_ohr_ncp_20250123T0750012833_d_img_d18_x00000_y70400.png,0.2666,29.89,603.0,82.26,640.0
ch2_ohr_ncp_20250123T0750012833_d_img_d18_x00000_y76160.png,0.5593,416.24,325.89,422.79,332.08
ch2_ohr_ncp_20250123T0750012833_d_img_d18_x00000_y76160.png,0.4999,159.36,378.12,167.14,385.98
ch2_ohr_ncp_20250123T0750012833_d_img_d18_x00000_y76160.png,0.4892,348.0,403.39,353.31,407.21
ch2_ohr_ncp_20250123T0750012833_d_img_d18_x00000_y76160.png,0.472,99.95,227.8,104.65,232.26
ch2_ohr_ncp_20250123T0750012833_d_img_d18_x00000_y76160.png,0.4387,127.06,52.0,133.54,58.85
ch2_ohr_ncp_20250123T0750012833_d_img_d18_x00000_y76160.png,0.4335,524.0,403.98,530.2,408.79
ch2_ohr_ncp_20250123T0750012833_d_img_d18_x00000_y76160.png,0.4284,381.71,324.92,395.82,336.93
ch2_ohr_ncp_20250123T0750012833_d_img_d18_x00000_y76160.png,0.4259,94.68,417.86,100.51,423.87
ch2_ohr_ncp_20250123T0750012833_d_img_d18_x00000_y76160.png,0.4082,14.33,195.97,20.11,202.03
ch2_ohr_ncp_20250123T0750012833_d_img_d18_x00000_y76160.png,0.3615,36.25,275.53,41.96,280.31
ch2_ohr_ncp_20250123T0750012833_d_img_d18_x00000_y76160.png,0.3452,449.81,407.42,455.53,412.67
ch2_ohr_ncp_20250123T0750012833_d_img_d18_x00000_y76160.png,0.3444,510.73,435.96,516.96,441.68
ch2_ohr_ncp_20250123T0750012833_d_img_d18_x00000_y76160.png,0.324,309.21,226.88,318.27,235.05
ch2_ohr_ncp_20250123T0750012833_d_img_d18_x00000_y76160.png,0.3202,289.94,319.07,296.78,324.94
ch2_ohr_ncp_20250123T0750012833_d_img_d18_x00000_y76160.png,0.3073,113.41,272.83,119.54,278.81
ch2_ohr_ncp_20250123T0750012833_d_img_d18_x00000_y76160.png,0.3032,336.85,217.78,343.68,225.19
ch2_ohr_ncp_20250123T0750012833_d_img_d18_x00000_y76160.png,0.3,148.6,45.24,160.84,57.51
ch2_ohr_ncp_20250123T0750012833_d_img_d18_x00000_y76160.png,0.2975,429.71,339.73,436.65,346.36
ch2_ohr_ncp_20250123T0750012833_d_img_d18_x00000_y76160.png,0.2965,417.18,289.8,422.36,294.84
ch2_ohr_ncp_20250123T0750012833_d_img_d18_x00000_y76160.png,0.281,177.59,86.9,183.84,92.66
ch2_ohr_ncp_20250123T0750012833_d_img_d18_x00000_y76160.png,0.2792,51.77,89.38,58.08,95.75
ch2_ohr_ncp_20250123T0750012833_d_img_d18_x00000_y76160.png,0.2762,147.64,37.52,153.64,42.57
ch2_ohr_ncp_20250123T0750012833_d_img_d18_x00000_y76160.png,0.2628,141.22,339.21,148.41,346.71
ch2_ohr_ncp_20250123T0750012833_d_img_d18_x00000_y76160.png,0.2514,102.56,427.68,108.0,431.73
ch2_ohr_ncp_20250123T0750012833_d_img_d18_x00000_y76160.png,0.2389,559.63,428.0,564.63,434.53
ch2_ohr_ncp_20250123T0750012833_d_img_d18_x00000_y76160.png,0.2378,217.26,26.16,222.61,31.64
ch2_ohr_ncp_20250123T0750012833_d_img_d18_x00000_y76160.png,0.2331,474.7,146.11,496.11,165.28
ch2_ohr_ncp_20250123T0750012833_d_img_d18_x00000_y76160.png,0.2286,579.68,288.2,585.24,293.26
ch2_ohr_ncp_20250123T0750012833_d_img_d18_x00000_y76160.png,0.224,152.32,239.57,164.97,249.86
ch2_ohr_ncp_20250123T0750012833_d_img_d18_x00000_y76160.png,0.2233,145.42,307.86,150.16,312.01
ch2_ohr_ncp_20250123T0750012833_d_img_d18_x00000_y76160.png,0.221,203.28,376.03,209.3,381.46
ch2_ohr_ncp_20250123T0750012833_d_img_d18_x00000_y76160.png,0.2167,145.82,259.97,149.94,263.84
ch2_ohr_ncp_20250123T0750012833_d_img_d18_x00000_y76160.png,0.2155,376.96,295.82,381.97,300.16
ch2_ohr_ncp_20250123T0750012833_d_img_d18_x00000_y76160.png,0.2153,538.43,221.91,546.92,229.51
ch2_ohr_ncp_20250123T0750012833_d_img_d18_x00000_y76160.png,0.2115,17.55,438.83,26.12,446.33
ch2_ohr_ncp_20250123T0750012833_d_img_d18_x00000_y76160.png,0.2057,273.76,196.0,278.78,201.95
ch2_ohr_ncp_20250123T0750012833_d_img_d18_x00640_y38400.png,0.2459,6.6,541.56,78.6,635.49
ch2_ohr_ncp_20250123T0750012833_d_img_d18_x00640_y45440.png,0.3768,585.38,310.13,592.49,316.82
ch2_ohr_ncp_20250123T0750012833_d_img_d18_x00640_y45440.png,0.2721,577.32,344.59,581.36,348.17
ch2_ohr_ncp_20250123T0750012833_d_img_d18_x00640_y45440.png,0.2192,609.75,396.0,613.3,400.37
ch2_ohr_ncp_20250123T0750012833_d_img_d18_x00640_y53120.png,0.2805,243.82,545.13,255.21,553.89
ch2_ohr_ncp_20250123T0750012833_d_img_d18_x00640_y53120.png,0.2714,560.05,565.49,565.62,572.01
ch2_ohr_ncp_20250123T0750012833_d_img_d18_x00640_y53120.png,0.2317,507.62,574.97,513.23,580.06
ch2_ohr_ncp_20250123T0750012833_d_img_d18_x00640_y53120.png,0.2061,97.35,151.44,102.71,156.9
ch2_ohr_ncp_20250123T0750012833_d_img_d18_x00640_y65920.png,0.2227,559.33,0.0,625.67,35.0
ch2_ohr_ncp_20250123T0750012833_d_img_d18_x00640_y76160.png,0.6096,201.24,377.64,210.8,387.95
ch2_ohr_ncp_20250123T0750012833_d_img_d18_x00640_y76160.png,0.5784,158.02,311.66,166.66,319.22
ch2_ohr_ncp_20250123T0750012833_d_img_d18_x00640_y76160.png,0.5777,164.37,369.83,172.7,377.58
ch2_ohr_ncp_20250123T0750012833_d_img_d18_x00640_y76160.png,0.5568,406.25,351.32,412.31,356.12
ch2_ohr_ncp_20250123T0750012833_d_img_d18_x00640_y76160.png,0.4823,54.4,177.29,62.01,182.56
ch2_ohr_ncp_20250123T0750012833_d_img_d18_x00640_y76160.png,0.4791,64.06,329.52,70.17,335.45
ch2_ohr_ncp_20250123T0750012833_d_img_d18_x00640_y76160.png,0.4711,150.11,386.92,156.15,394.06
ch2_ohr_ncp_20250123T0750012833_d_img_d18_x00640_y76160.png,0.4591,399.48,371.95,404.23,377.06
ch2_ohr_ncp_20250123T0750012833_d_img_d18_x00640_y76160.png,0.452,302.16,362.56,308.21,368.61
ch2_ohr_ncp_20250123T0750012833_d_img_d18_x00640_y76160.png,0.4417,415.87,329.96,421.04,335.59
ch2_ohr_ncp_20250123T0750012833_d_img_d18_x00640_y76160.png,0.4298,64.55,39.13,71.75,46.13
ch2_ohr_ncp_20250123T0750012833_d_img_d18_x00640_y76160.png,0.4165,75.96,64.08,82.73,70.9
ch2_ohr_ncp_20250123T0750012833_d_img_d18_x00640_y76160.png,0.4154,580.6,57.23,588.27,62.88
ch2_ohr_ncp_20250123T0750012833_d_img_d18_x00640_y76160.png,0.4129,511.44,126.7,522.68,136.09
ch2_ohr_ncp_20250123T0750012833_d_img_d18_x00640_y76160.png,0.3836,299.99,148.0,305.75,155.35
ch2_ohr_ncp_20250123T0750012833_d_img_d18_x00640_y76160.png,0.3543,77.34,64.19,84.02,71.03
ch2_ohr_ncp_20250123T0750012833_d_img_d18_x00640_y76160.png,0.3442,110.47,224.72,116.48,233.23
ch2_ohr_ncp_20250123T0750012833_d_img_d18_x00640_y76160.png,0.3434,153.14,321.29,162.01,332.15
ch2_ohr_ncp_20250123T0750012833_d_img_d18_x00640_y76160.png,0.337,199.37,358.17,206.89,364.58
ch2_ohr_ncp_20250123T0750012833_d_img_d18_x00640_y76160.png,0.3363,210.36,131.8,215.61,137.15
ch2_ohr_ncp_20250123T0750012833_d_img_d18_x00640_y76160.png,0.3328,503.37,106.87,522.36,122.91
ch2_ohr_ncp_20250123T0750012833_d_img_d18_x00640_y76160.png,0.3288,260.49,132.41,268.99,140.49
ch2_ohr_ncp_20250123T0750012833_d_img_d18_x00640_y76160.png,0.3268,140.19,136.32,149.11,142.05
ch2_ohr_ncp_20250123T0750012833_d_img_d18_x00640_y76160.png,0.3264,356.87,343.2,363.57,350.09
ch2_ohr_ncp_20250123T0750012833_d_img_d18_x00640_y76160.png,0.3021,0.15,191.35,4.62,198.08
ch2_ohr_ncp_20250123T0750012833_d_img_d18_x00640_y76160.png,0.2959,210.46,27.99,215.49,33.96
ch2_ohr_ncp_20250123T0750012833_d_img_d18_x00640_y76160.png,0.2933,129.61,191.16,134.16,196.03
ch2_ohr_ncp_20250123T0750012833_d_img_d18_x00640_y76160.png,0.29,38.47,131.48,44.05,136.99
ch2_ohr_ncp_20250123T0750012833_d_img_d18_x00640_y76160.png,0.2895,371.85,90.13,377.69,95.97
ch2_ohr_ncp_20250123T0750012833_d_img_d18_x00640_y76160.png,0.2885,96.43,195.61,101.03,200.1
ch2_ohr_ncp_20250123T0750012833_d_img_d18_x00640_y76160.png,0.2853,339.2,432.61,345.64,438.6
ch2_ohr_ncp_20250123T0750012833_d_img_d18_x00640_y76160.png,0.2815,191.19,419.38,196.98,425.01
ch2_ohr_ncp_20250123T0750012833_d_img_d18_x00640_y76160.png,0.2752,268.31,429.8,276.41,438.02
ch2_ohr_ncp_20250123T0750012833_d_img_d18_x00640_y76160.png,0.2677,428.0,147.26,433.14,151.52
ch2_ohr_ncp_20250123T0750012833_d_img_d18_x00640_y76160.png,0.2525,283.98,146.18,293.32,156.03
ch2_ohr_ncp_20250123T0750012833_d_img_d18_x00640_y76160.png,0.2486,277.14,186.89,325.49,247.98
ch2_ohr_ncp_20250123T0750012833_d_img_d18_x00640_y76160.png,0.2467,203.76,346.03,209.02,352.06
ch2_ohr_ncp_20250123T0750012833_d_img_d18_x00640_y76160.png,0.2457,631.57,259.28,636.06,263.16
ch2_ohr_ncp_20250123T0750012833_d_img_d18_x00640_y76160.png,0.2446,221.74,347.5,228.72,356.0
ch2_ohr_ncp_20250123T0750012833_d_img_d18_x00640_y76160.png,0.2432,283.16,65.47,288.37,70.59
ch2_ohr_ncp_20250123T0750012833_d_img_d18_x00640_y76160.png,0.2391,528.18,258.15,533.01,263.21
ch2_ohr_ncp_20250123T0750012833_d_img_d18_x00640_y76160.png,0.2306,522.36,164.0,527.37,170.66
ch2_ohr_ncp_20250123T0750012833_d_img_d18_x00640_y76160.png,0.2269,341.78,267.06,348.0,272.67
ch2_ohr_ncp_20250123T0750012833_d_img_d18_x00640_y76160.png,0.2261,388.09,197.3,398.25,208.28
ch2_ohr_ncp_20250123T0750012833_d_img_d18_x00640_y76160.png,0.2217,631.9,238.44,639.7,244.16
ch2_ohr_ncp_20250123T0750012833_d_img_d18_x00640_y76160.png,0.2201,344.0,139.95,349.82,145.42
ch2_ohr_ncp_20250123T0750012833_d_img_d18_x00640_y76160.png,0.2172,239.33,384.6,246.28,390.99
ch2_ohr_ncp_20250123T0750012833_d_img_d18_x00640_y76160.png,0.2166,186.69,394.14,194.06,400.58
ch2_ohr_ncp_20250123T0750012833_d_img_d18_x00640_y76160.png,0.2147,219.91,62.29,224.93,68.0
ch2_ohr_ncp_20250123T0750012833_d_img_d18_x00640_y76160.png,0.2077,294.14,372.0,300.0,377.09
ch2_ohr_ncp_20250123T0750012833_d_img_d18_x00640_y76160.png,0.2037,561.72,47.38,566.24,52.1
ch2_ohr_ncp_20250123T0750012833_d_img_d18_x01280_y42240.png,0.2333,572.11,364.04,628.67,423.36
ch2_ohr_ncp_20250123T0750012833_d_img_d18_x01280_y42880.png,0.24,357.23,344.87,398.72,382.21
ch2_ohr_ncp_20250123T0750012833_d_img_d18_x01280_y46720.png,0.3114,490.0,605.52,543.69,640.0
ch2_ohr_ncp_20250123T0750012833_d_img_d18_x01280_y48640.png,0.2186,493.44,159.63,535.91,193.39
ch2_ohr_ncp_20250123T0750012833_d_img_d18_x01280_y50560.png,0.2553,521.11,384.73,528.58,391.61
ch2_ohr_ncp_20250123T0750012833_d_img_d18_x01280_y52480.png,0.6396,282.73,595.75,290.28,601.59
ch2_ohr_ncp_20250123T0750012833_d_img_d18_x01280_y52480.png,0.5215,56.63,304.51,67.9,314.58
ch2_ohr_ncp_20250123T0750012833_d_img_d18_x01280_y52480.png,0.515,72.64,400.98,79.98,408.06
ch2_ohr_ncp_20250123T0750012833_d_img_d18_x01280_y52480.png,0.5144,209.51,338.03,217.21,344.66
ch2_ohr_ncp_20250123T0750012833_d_img_d18_x01280_y52480.png,0.4827,97.29,459.46,107.04,467.32
ch2_ohr_ncp_20250123T0750012833_d_img_d18_x01280_y52480.png,0.4789,18.39,374.14,28.19,382.4
ch2_ohr_ncp_20250123T0750012833_d_img_d18_x01280_y52480.png,0.4449,48.72,224.53,53.36,229.45
ch2_ohr_ncp_20250123T0750012833_d_img_d18_x01280_y52480.png,0.4264,257.59,307.46,262.67,311.67
ch2_ohr_ncp_20250123T0750012833_d_img_d18_x01280_y52480.png,0.4249,405.78,467.83,415.72,474.04
ch2_ohr_ncp_20250123T0750012833_d_img_d18_x01280_y52480.png,0.4183,21.65,210.21,28.14,214.77
ch2_ohr_ncp_20250123T0750012833_d_img_d18_x01280_y52480.png,0.4175,150.82,448.71,156.0,452.51
ch2_ohr_ncp_20250123T0750012833_d_img_d18_x01280_y52480.png,0.3906,128.96,285.76,135.54,292.37
ch2_ohr_ncp_20250123T0750012833_d_img_d18_x01280_y52480.png,0.3839,466.37,321.06,475.22,328.58
ch2_ohr_ncp_20250123T0750012833_d_img_d18_x01280_y52480.png,0.3781,264.24,312.81,270.1,317.88
ch2_ohr_ncp_20250123T0750012833_d_img_d18_x01280_y52480.png,0.3722,172.02,298.64,194.87,321.63
ch2_ohr_ncp_20250123T0750012833_d_img_d18_x01280_y52480.png,0.3679,467.05,430.92,474.5,436.44
ch2_ohr_ncp_20250123T0750012833_d_img_d18_x01280_y52480.png,0.3646,370.0,624.59,382.28,634.75
ch2_ohr_ncp_20250123T0750012833_d_img_d18_x01280_y52480.png,0.3578,43.98,544.4,50.26,549.21
ch2_ohr_ncp_20250123T0750012833_d_img_d18_x01280_y52480.png,0.3459,69.32,421.08,73.69,424.67
ch2_ohr_ncp_20250123T0750012833_d_img_d18_x01280_y52480.png,0.3415,118.06,287.76,126.19,294.12
ch2_ohr_ncp_20250123T0750012833_d_img_d18_x01280_y52480.png,0.3189,443.99,474.24,451.57,480.74
ch2_ohr_ncp_20250123T0750012833_d_img_d18_x01280_y52480.png,0.3169,210.87,379.94,217.65,386.06
ch2_ohr_ncp_20250123T0750012833_d_img_d18_x01280_y52480.png,0.3083,222.56,331.65,228.01,335.69
ch2_ohr_ncp_20250123T0750012833_d_img_d18_x01280_y52480.png,0.2909,139.56,435.98,144.46,440.85
ch2_ohr_ncp_20250123T0750012833_d_img_d18_x01280_y52480.png,0.2884,164.95,500.62,171.12,505.94
ch2_ohr_ncp_20250123T0750012833_d_img_d18_x01280_y52480.png,0.2868,179.99,449.89,186.28,453.97
ch2_ohr_ncp_20250123T0750012833_d_img_d18_x01280_y52480.png,0.285,241.32,594.31,247.91,599.98
ch2_ohr_ncp_20250123T0750012833_d_img_d18_x01280_y52480.png,0.2812,165.35,499.64,172.28,505.87
ch2_ohr_ncp_20250123T0750012833_d_img_d18_x01280_y52480.png,0.279,68.0,420.0,73.79,424.87
ch2_ohr_ncp_20250123T0750012833_d_img_d18_x01280_y52480.png,0.2652,166.36,571.95,173.54,577.85
ch2_ohr_ncp_20250123T0750012833_d_img_d18_x01280_y52480.png,0.2606,226.33,317.6,232.45,324.0
ch2_ohr_ncp_20250123T0750012833_d_img_d18_x01280_y52480.png,0.2578,39.75,267.97,45.0,272.6
ch2_ohr_ncp_20250123T0750012833_d_img_d18_x01280_y52480.png,0.2575,78.4,98.05,85.02,103.77
ch2_ohr_ncp_20250123T0750012833_d_img_d18_x01280_y52480.png,0.2501,386.06,440.41,406.13,457.24
ch2_ohr_ncp_20250123T0750012833_d_img_d18_x01280_y52480.png,0.2434,115.83,446.05,121.39,452.0
ch2_ohr_ncp_20250123T0750012833_d_img_d18_x01280_y52480.png,0.2419,505.96,601.94,514.11,607.74
ch2_ohr_ncp_20250123T0750012833_d_img_d18_x01280_y52480.png,0.2401,63.93,235.99,69.15,241.83
ch2_ohr_ncp_20250123T0750012833_d_img_d18_x01280_y52480.png,0.2341,430.06,428.0,437.5,435.25
ch2_ohr_ncp_20250123T0750012833_d_img_d18_x01280_y52480.png,0.233,282.6,595.11,292.0,601.32
ch2_ohr_ncp_20250123T0750012833_d_img_d18_x01280_y52480.png,0.2244,58.91,587.14,63.2,590.75
ch2_ohr_ncp_20250123T0750012833_d_img_d18_x01280_y52480.png,0.2231,456.51,392.9,462.76,397.47
ch2_ohr_ncp_20250123T0750012833_d_img_d18_x01280_y52480.png,0.2223,84.98,388.09,89.17,392.03
ch2_ohr_ncp_20250123T0750012833_d_img_d18_x01280_y52480.png,0.2179,386.68,430.7,391.33,436.0
ch2_ohr_ncp_20250123T0750012833_d_img_d18_x01280_y52480.png,0.2135,74.49,591.65,82.12,599.49
ch2_ohr_ncp_20250123T0750012833_d_img_d18_x01280_y52480.png,0.2107,84.0,399.22,89.8,404.02
ch2_ohr_ncp_20250123T0750012833_d_img_d18_x01280_y52480.png,0.209,314.28,312.52,325.05,320.94
ch2_ohr_ncp_20250123T0750012833_d_img_d18_x01280_y52480.png,0.2005,235.99,313.46,241.71,318.05
ch2_ohr_ncp_20250123T0750012833_d_img_d18_x01280_y59520.png,0.2448,478.8,446.45,486.49,452.19
ch2_ohr_ncp_20250123T0750012833_d_img_d18_x01280_y70400.png,0.2183,380.96,495.37,407.05,529.68
ch2_ohr_ncp_20250123T0750012833_d_img_d18_x01280_y72960.png,0.5714,470.27,529.62,476.42,535.65
ch2_ohr_ncp_20250123T0750012833_d_img_d18_x01280_y72960.png,0.5176,44.96,432.49,53.7,441.13
ch2_ohr_ncp_20250123T0750012833_d_img_d18_x01280_y72960.png,0.4842,218.35,624.26,226.29,632.11
ch2_ohr_ncp_20250123T0750012833_d_img_d18_x01280_y72960.png,0.4675,67.91,360.02,77.07,367.46
ch2_ohr_ncp_20250123T0750012833_d_img_d18_x01280_y72960.png,0.3674,432.08,629.58,444.99,639.4
ch2_ohr_ncp_20250123T0750012833_d_img_d18_x01280_y72960.png,0.3649,147.0,608.74,153.65,614.87
ch2_ohr_ncp_20250123T0750012833_d_img_d18_x01280_y72960.png,0.3492,614.6,601.95,620.0,605.9
ch2_ohr_ncp_20250123T0750012833_d_img_d18_x01280_y72960.png,0.3433,259.43,606.22,266.84,612.8
ch2_ohr_ncp_20250123T0750012833_d_img_d18_x01280_y72960.png,0.2982,254.17,625.84,260.31,631.93
ch2_ohr_ncp_20250123T0750012833_d_img_d18_x01280_y72960.png,0.2855,504.83,491.86,510.23,498.38
ch2_ohr_ncp_20250123T0750012833_d_img_d18_x01280_y72960.png,0.2757,93.84,431.5,100.02,437.67
ch2_ohr_ncp_20250123T0750012833_d_img_d18_x01280_y72960.png,0.2718,514.72,553.94,519.26,558.77
ch2_ohr_ncp_20250123T0750012833_d_img_d18_x01280_y72960.png,0.2218,67.93,495.35,72.77,500.19
ch2_ohr_ncp_20250123T0750012833_d_img_d18_x01280_y72960.png,0.2122,492.0,499.99,497.61,505.02
ch2_ohr_ncp_20250123T0750012833_d_img_d18_x01280_y72960.png,0.2067,217.27,557.33,223.93,564.01
ch2_ohr_ncp_20250123T0750012833_d_img_d18_x01280_y76160.png,0.6839,192.43,329.48,199.0,336.13
ch2_ohr_ncp_20250123T0750012833_d_img_d18_x01280_y76160.png,0.6156,217.96,226.1,224.22,232.9
ch2_ohr_ncp_20250123T0750012833_d_img_d18_x01280_y76160.png,0.6106,448.1,414.11,456.74,422.89
ch2_ohr_ncp_20250123T0750012833_d_img_d18_x01280_y76160.png,0.5806,560.31,249.51,568.16,255.75
ch2_ohr_ncp_20250123T0750012833_d_img_d18_x01280_y76160.png,0.5562,552.11,387.69,557.61,393.89
ch2_ohr_ncp_20250123T0750012833_d_img_d18_x01280_y76160.png,0.5379,102.83,106.75,110.08,114.37
ch2_ohr_ncp_20250123T0750012833_d_img_d18_x01280_y76160.png,0.5244,344.61,361.71,349.91,368.04
ch2_ohr_ncp_20250123T0750012833_d_img_d18_x01280_y76160.png,0.4801,66.55,322.05,80.62,332.55
ch2_ohr_ncp_20250123T0750012833_d_img_d18_x01280_y76160.png,0.4688,139.35,424.26,143.76,429.22
ch2_ohr_ncp_20250123T0750012833_d_img_d18_x01280_y76160.png,0.4499,222.41,119.68,228.71,125.63
ch2_ohr_ncp_20250123T0750012833_d_img_d18_x01280_y76160.png,0.4429,536.16,315.85,551.51,329.44
ch2_ohr_ncp_20250123T0750012833_d_img_d18_x01280_y76160.png,0.4421,584.9,393.65,590.69,399.82
ch2_ohr_ncp_20250123T0750012833_d_img_d18_x01280_y76160.png,0.4309,284.47,373.12,292.72,380.0
ch2_ohr_ncp_20250123T0750012833_d_img_d18_x01280_y76160.png,0.4305,517.89,374.13,529.33,384.26
ch2_ohr_ncp_20250123T0750012833_d_img_d18_x01280_y76160.png,0.4221,117.34,144.47,128.3,155.58
ch2_ohr_ncp_20250123T0750012833_d_img_d18_x01280_y76160.png,0.4203,360.21,90.86,365.07,95.52
ch2_ohr_ncp_20250123T0750012833_d_img_d18_x01280_y76160.png,0.4184,182.31,427.06,188.06,432.05
ch2_ohr_ncp_20250123T0750012833_d_img_d18_x01280_y76160.png,0.4047,137.26,107.72,143.22,113.59
ch2_ohr_ncp_20250123T0750012833_d_img_d18_x01280_y76160.png,0.3981,255.84,127.59,261.83,133.58
ch2_ohr_ncp_20250123T0750012833_d_img_d18_x01280_y76160.png,0.3918,617.68,274.71,627.38,284.21
ch2_ohr_ncp_20250123T0750012833_d_img_d18_x01280_y76160.png,0.3906,169.35,141.98,176.25,149.33
ch2_ohr_ncp_20250123T0750012833_d_img_d18_x01280_y76160.png,0.3653,379.67,355.79,391.08,363.0
ch2_ohr_ncp_20250123T0750012833_d_img_d18_x01280_y76160.png,0.3611,454.46,335.24,462.39,343.99
ch2_ohr_ncp_20250123T0750012833_d_img_d18_x01280_y76160.png,0.3599,347.92,375.26,353.72,380.33
ch2_ohr_ncp_20250123T0750012833_d_img_d18_x01280_y76160.png,0.3569,86.01,366.1,92.21,372.04
ch2_ohr_ncp_20250123T0750012833_d_img_d18_x01280_y76160.png,0.3485,135.57,225.92,140.02,230.35
ch2_ohr_ncp_20250123T0750012833_d_img_d18_x01280_y76160.png,0.345,618.61,374.72,627.85,383.0
ch2_ohr_ncp_20250123T0750012833_d_img_d18_x01280_y76160.png,0.3443,74.91,276.0,80.32,282.46
ch2_ohr_ncp_20250123T0750012833_d_img_d18_x01280_y76160.png,0.3228,296.34,167.92,302.12,173.51
ch2_ohr_ncp_20250123T0750012833_d_img_d18_x01280_y76160.png,0.3157,427.42,291.43,431.84,295.3
ch2_ohr_ncp_20250123T0750012833_d_img_d18_x01280_y76160.png,0.312,75.26,166.59,89.22,183.53
ch2_ohr_ncp_20250123T0750012833_d_img_d18_x01280_y76160.png,0.305,497.07,345.09,501.3,349.48
ch2_ohr_ncp_20250123T0750012833_d_img_d18_x01280_y76160.png,0.3035,440.88,81.31,446.46,87.27
ch2_ohr_ncp_20250123T0750012833_d_img_d18_x01280_y76160.png,0.3032,217.89,51.77,224.86,59.83
ch2_ohr_ncp_20250123T0750012833_d_img_d18_x01280_y76160.png,0.2998,84.79,69.65,90.61,75.26
ch2_ohr_ncp_20250123T0750012833_d_img_d18_x01280_y76160.png,0.2894,283.89,372.0,292.0,379.29
ch2_ohr_ncp_20250123T0750012833_d_img_d18_x01280_y76160.png,0.2866,343.14,268.0,348.88,275.13
ch2_ohr_ncp_20250123T0750012833_d_img_d18_x01280_y76160.png,0.2776,195.86,126.78,202.19,132.03
ch2_ohr_ncp_20250123T0750012833_d_img_d18_x01280_y76160.png,0.2681,0.36,143.66,5.93,148.86
ch2_ohr_ncp_20250123T0750012833_d_img_d18_x01280_y76160.png,0.2662,395.54,72.29,401.14,77.91
ch2_ohr_ncp_20250123T0750012833_d_img_d18_x01280_y76160.png,0.2592,481.88,339.81,486.9,344.68
ch2_ohr_ncp_20250123T0750012833_d_img_d18_x01280_y76160.png,0.2562,6.85,56.22,12.17,60.17
ch2_ohr_ncp_20250123T0750012833_d_img_d18_x01280_y76160.png,0.2531,185.41,139.65,190.92,144.74
ch2_ohr_ncp_20250123T0750012833_d_img_d18_x01280_y76160.png,0.2523,75.09,277.69,80.02,284.0
ch2_ohr_ncp_20250123T0750012833_d_img_d18_x01280_y76160.png,0.2517,91.56,317.54,97.33,324.12
ch2_ohr_ncp_20250123T0750012833_d_img_d18_x01280_y76160.png,0.2399,47.06,428.43,59.29,438.48
ch2_ohr_ncp_20250123T0750012833_d_img_d18_x01280_y76160.png,0.2397,527.26,268.0,532.02,273.54
ch2_ohr_ncp_20250123T0750012833_d_img_d18_x01280_y76160.png,0.2342,51.72,337.9,58.51,343.97
ch2_ohr_ncp_20250123T0750012833_d_img_d18_x01280_y76160.png,0.221,75.95,0.33,80.69,4.9
ch2_ohr_ncp_20250123T0750012833_d_img_d18_x01280_y76160.png,0.2146,355.75,49.42,361.13,54.4
ch2_ohr_ncp_20250123T0750012833_d_img_d18_x01280_y76160.png,0.2118,85.12,69.62,92.0,76.01
ch2_ohr_ncp_20250123T0750012833_d_img_d18_x01280_y76160.png,0.2063,8.58,241.1,27.37,257.6
ch2_ohr_ncp_20250123T0750012833_d_img_d18_x01920_y41600.png,0.2106,21.13,611.68,82.87,640.0
ch2_ohr_ncp_20250123T0750012833_d_img_d18_x01920_y48640.png,0.3061,51.0,370.07,56.34,375.56
ch2_ohr_ncp_20250123T0750012833_d_img_d18_x01920_y49280.png,0.2478,22.4,0.0,87.47,61.48
ch2_ohr_ncp_20250123T0750012833_d_img_d18_x01920_y50560.png,0.372,61.21,172.0,68.1,178.67
ch2_ohr_ncp_20250123T0750012833_d_img_d18_x01920_y50560.png,0.3637,0.1,177.49,4.49,183.61
ch2_ohr_ncp_20250123T0750012833_d_img_d18_x01920_y50560.png,0.3443,6.12,121.24,12.97,127.11
ch2_ohr_ncp_20250123T0750012833_d_img_d18_x01920_y50560.png,0.3293,74.68,215.93,90.98,228.37
ch2_ohr_ncp_20250123T0750012833_d_img_d18_x01920_y50560.png,0.2672,0.3,248.43,10.7,257.05
ch2_ohr_ncp_20250123T0750012833_d_img_d18_x01920_y52480.png,0.7142,72.41,575.62,78.3,580.87
ch2_ohr_ncp_20250123T0750012833_d_img_d18_x01920_y52480.png,0.6707,440.43,558.57,447.2,564.88
ch2_ohr_ncp_20250123T0750012833_d_img_d18_x01920_y52480.png,0.5168,48.61,326.45,54.49,332.32
ch2_ohr_ncp_20250123T0750012833_d_img_d18_x01920_y52480.png,0.4906,218.18,578.04,221.8,582.09
ch2_ohr_ncp_20250123T0750012833_d_img_d18_x01920_y52480.png,0.4635,433.15,529.66,442.02,539.42
ch2_ohr_ncp_20250123T0750012833_d_img_d18_x01920_y52480.png,0.4472,391.34,555.92,402.62,564.86
ch2_ohr_ncp_20250123T0750012833_d_img_d18_x01920_y52480.png,0.3599,67.87,509.65,73.16,516.0
ch2_ohr_ncp_20250123T0750012833_d_img_d18_x01920_y52480.png,0.3513,214.81,613.48,219.46,617.63
ch2_ohr_ncp_20250123T0750012833_d_img_d18_x01920_y52480.png,0.3461,79.31,619.97,84.11,624.79
ch2_ohr_ncp_20250123T0750012833_d_img_d18_x01920_y52480.png,0.3442,411.2,584.45,418.08,590.32
ch2_ohr_ncp_20250123T0750012833_d_img_d18_x01920_y52480.png,0.3282,383.85,545.88,388.26,548.97
ch2_ohr_ncp_20250123T0750012833_d_img_d18_x01920_y52480.png,0.3145,57.1,573.02,64.34,580.02
ch2_ohr_ncp_20250123T0750012833_d_img_d18_x01920_y52480.png,0.3036,219.81,417.35,225.02,422.39
ch2_ohr_ncp_20250123T0750012833_d_img_d18_x01920_y52480.png,0.2919,178.93,613.71,184.08,618.33
ch2_ohr_ncp_20250123T0750012833_d_img_d18_x01920_y52480.png,0.267,214.69,612.0,220.01,617.54
ch2_ohr_ncp_20250123T0750012833_d_img_d18_x01920_y52480.png,0.2367,429.74,544.43,436.24,551.17
ch2_ohr_ncp_20250123T0750012833_d_img_d18_x01920_y52480.png,0.2261,490.59,617.53,497.6,623.35
ch2_ohr_ncp_20250123T0750012833_d_img_d18_x01920_y52480.png,0.2226,485.71,603.21,492.52,608.69
ch2_ohr_ncp_20250123T0750012833_d_img_d18_x01920_y56320.png,0.283,44.64,329.35,98.04,353.36
ch2_ohr_ncp_20250123T0750012833_d_img_d18_x01920_y67200.png,0.431,463.12,195.5,470.24,201.49
ch2_ohr_ncp_20250123T0750012833_d_img_d18_x01920_y67200.png,0.2228,511.0,234.24,516.22,239.38
ch2_ohr_ncp_20250123T0750012833_d_img_d18_x01920_y71680.png,0.2688,228.55,406.53,236.61,415.05
ch2_ohr_ncp_20250123T0750012833_d_img_d18_x01920_y72960.png,0.2794,533.25,514.42,561.46,557.04
ch2_ohr_ncp_20250123T0750012833_d_img_d18_x01920_y76160.png,0.6485,362.3,208.91,369.31,215.89
ch2_ohr_ncp_20250123T0750012833_d_img_d18_x01920_y76160.png,0.6102,288.24,35.6,302.12,46.07
ch2_ohr_ncp_20250123T0750012833_d_img_d18_x01920_y76160.png,0.5875,182.17,184.23,188.02,188.78
ch2_ohr_ncp_20250123T0750012833_d_img_d18_x01920_y76160.png,0.585,329.36,135.32,334.96,140.81
ch2_ohr_ncp_20250123T0750012833_d_img_d18_x01920_y76160.png,0.5406,346.17,126.74,352.76,133.1
ch2_ohr_ncp_20250123T0750012833_d_img_d18_x01920_y76160.png,0.5309,187.52,190.44,194.61,197.36
ch2_ohr_ncp_20250123T0750012833_d_img_d18_x01920_y76160.png,0.5061,87.06,390.73,97.71,401.98
ch2_ohr_ncp_20250123T0750012833_d_img_d18_x01920_y76160.png,0.4941,535.85,55.03,543.11,62.04
ch2_ohr_ncp_20250123T0750012833_d_img_d18_x01920_y76160.png,0.4836,429.87,134.31,436.56,140.34
ch2_ohr_ncp_20250123T0750012833_d_img_d18_x01920_y76160.png,0.4707,375.19,91.94,380.42,98.3
ch2_ohr_ncp_20250123T0750012833_d_img_d18_x01920_y76160.png,0.4706,470.91,67.0,476.05,71.58
ch2_ohr_ncp_20250123T0750012833_d_img_d18_x01920_y76160.png,0.4673,146.32,128.85,156.77,138.43
ch2_ohr_ncp_20250123T0750012833_d_img_d18_x01920_y76160.png,0.4526,260.5,150.09,266.76,154.73
ch2_ohr_ncp_20250123T0750012833_d_img_d18_x01920_y76160.png,0.4486,498.09,44.95,505.78,52.31
ch2_ohr_ncp_20250123T0750012833_d_img_d18_x01920_y76160.png,0.4445,449.19,37.76,457.67,46.04
ch2_ohr_ncp_20250123T0750012833_d_img_d18_x01920_y76160.png,0.4348,257.12,242.18,264.67,249.24
ch2_ohr_ncp_20250123T0750012833_d_img_d18_x01920_y76160.png,0.4342,426.64,83.31,436.1,90.3
ch2_ohr_ncp_20250123T0750012833_d_img_d18_x01920_y76160.png,0.4287,40.98,177.74,45.6,182.1
ch2_ohr_ncp_20250123T0750012833_d_img_d18_x01920_y76160.png,0.4205,80.49,122.98,85.39,127.7
ch2_ohr_ncp_20250123T0750012833_d_img_d18_x01920_y76160.png,0.4022,134.51,238.81,141.28,245.05
ch2_ohr_ncp_20250123T0750012833_d_img_d18_x01920_y76160.png,0.3958,121.19,77.94,126.79,84.01
ch2_ohr_ncp_20250123T0750012833_d_img_d18_x01920_y76160.png,0.3949,3.88,315.92,8.21,320.5
ch2_ohr_ncp_20250123T0750012833_d_img_d18_x01920_y76160.png,0.3937,200.75,137.63,207.21,144.24
ch2_ohr_ncp_20250123T0750012833_d_img_d18_x01920_y76160.png,0.3871,339.99,186.02,346.62,192.12
ch2_ohr_ncp_20250123T0750012833_d_img_d18_x01920_y76160.png,0.3788,145.45,169.5,150.94,175.06
ch2_ohr_ncp_20250123T0750012833_d_img_d18_x01920_y76160.png,0.3659,176.98,39.38,183.23,46.03
ch2_ohr_ncp_20250123T0750012833_d_img_d18_x01920_y76160.png,0.3608,3.81,354.14,8.68,359.46
ch2_ohr_ncp_20250123T0750012833_d_img_d18_x01920_y76160.png,0.3584,181.53,19.25,189.03,28.72
ch2_ohr_ncp_20250123T0750012833_d_img_d18_x01920_y76160.png,0.3494,215.12,298.58,223.1,306.28
ch2_ohr_ncp_20250123T0750012833_d_img_d18_x01920_y76160.png,0.3404,410.14,48.01,415.25,52.82
ch2_ohr_ncp_20250123T0750012833_d_img_d18_x01920_y76160.png,0.3364,512.82,311.03,519.11,317.84
ch2_ohr_ncp_20250123T0750012833_d_img_d18_x01920_y76160.png,0.3184,259.99,149.77,267.08,156.0
ch2_ohr_ncp_20250123T0750012833_d_img_d18_x01920_y76160.png,0.2953,428.58,294.94,436.28,302.99
ch2_ohr_ncp_20250123T0750012833_d_img_d18_x01920_y76160.png,0.2897,181.55,224.94,188.0,230.53
ch2_ohr_ncp_20250123T0750012833_d_img_d18_x01920_y76160.png,0.2629,93.91,100.75,113.35,115.28
ch2_ohr_ncp_20250123T0750012833_d_img_d18_x01920_y76160.png,0.2622,133.18,126.51,140.54,133.87
ch2_ohr_ncp_20250123T0750012833_d_img_d18_x01920_y76160.png,0.2503,468.0,108.0,473.38,113.81
ch2_ohr_ncp_20250123T0750012833_d_img_d18_x01920_y76160.png,0.2325,214.22,167.98,222.03,174.35
ch2_ohr_ncp_20250123T0750012833_d_img_d18_x01920_y76160.png,0.2303,428.0,133.96,436.26,140.59
ch2_ohr_ncp_20250123T0750012833_d_img_d18_x01920_y76160.png,0.2285,458.21,415.38,467.31,423.23
ch2_ohr_ncp_20250123T0750012833_d_img_d18_x01920_y76160.png,0.2264,375.74,92.42,380.7,100.0
ch2_ohr_ncp_20250123T0750012833_d_img_d18_x01920_y76160.png,0.22,441.97,218.47,450.3,226.39
ch2_ohr_ncp_20250123T0750012833_d_img_d18_x01920_y76160.png,0.2195,285.84,160.22,292.03,164.99
ch2_ohr_ncp_20250123T0750012833_d_img_d18_x01920_y76160.png,0.2166,108.0,139.67,114.08,144.73
ch2_ohr_ncp_20250123T0750012833_d_img_d18_x01920_y76160.png,0.2163,283.13,57.55,292.01,66.2
ch2_ohr_ncp_20250123T0750012833_d_img_d18_x01920_y76160.png,0.2114,390.5,59.94,398.91,67.46
ch2_ohr_ncp_20250123T0750012833_d_img_d18_x01920_y76160.png,0.2104,286.7,177.09,292.0,180.87
ch2_ohr_ncp_20250123T0750012833_d_img_d18_x01920_y76160.png,0.2092,212.65,283.24,221.22,292.97
ch2_ohr_ncp_20250123T0750012833_d_img_d18_x01920_y76160.png,0.2076,180.0,225.23,186.37,230.59
ch2_ohr_ncp_20250123T0750012833_d_img_d18_x01920_y76160.png,0.2063,341.03,186.13,348.0,192.18
ch2_ohr_ncp_20250123T0750012833_d_img_d18_x01920_y76160.png,0.2007,138.51,83.99,143.07,88.46
ch2_ohr_ncp_20250123T0750012833_d_img_d18_x01920_y76160.png,0.2004,630.62,63.62,638.93,71.63
ch2_ohr_ncp_20250123T0750012833_d_img_d18_x02560_y44800.png,0.2086,7.56,598.66,65.54,640.0
ch2_ohr_ncp_20250123T0750012833_d_img_d18_x02560_y45440.png,0.2346,13.53,136.22,63.57,175.01
ch2_ohr_ncp_20250123T0750012833_d_img_d18_x02560_y45440.png,0.2131,0.99,135.49,59.49,172.88
ch2_ohr_ncp_20250123T0750012833_d_img_d18_x02560_y51200.png,0.5377,585.19,134.19,590.91,140.01
ch2_ohr_ncp_20250123T0750012833_d_img_d18_x02560_y52480.png,0.3522,483.68,258.31,491.44,264.35
ch2_ohr_ncp_20250123T0750012833_d_img_d18_x02560_y52480.png,0.2325,518.81,552.83,524.3,557.29
ch2_ohr_ncp_20250123T0750012833_d_img_d18_x02560_y52480.png,0.222,254.85,460.79,277.61,480.7
ch2_ohr_ncp_20250123T0750012833_d_img_d18_x02560_y52480.png,0.2132,291.14,500.0,298.64,506.66
ch2_ohr_ncp_20250123T0750012833_d_img_d18_x02560_y54400.png,0.4785,216.35,622.1,221.72,628.0
ch2_ohr_ncp_20250123T0750012833_d_img_d18_x02560_y54400.png,0.3492,187.22,490.18,199.29,500.01
ch2_ohr_ncp_20250123T0750012833_d_img_d18_x02560_y54400.png,0.2649,457.37,433.95,463.19,438.94
ch2_ohr_ncp_20250123T0750012833_d_img_d18_x02560_y54400.png,0.2509,99.99,626.39,106.13,632.0
ch2_ohr_ncp_20250123T0750012833_d_img_d18_x02560_y54400.png,0.244,171.95,475.68,182.16,483.06
ch2_ohr_ncp_20250123T0750012833_d_img_d18_x02560_y54400.png,0.2407,187.49,557.57,196.19,566.9
ch2_ohr_ncp_20250123T0750012833_d_img_d18_x02560_y54400.png,0.2279,214.32,507.07,221.41,513.25
ch2_ohr_ncp_20250123T0750012833_d_img_d18_x02560_y54400.png,0.217,175.27,558.14,187.56,567.94
ch2_ohr_ncp_20250123T0750012833_d_img_d18_x02560_y76160.png,0.6055,201.56,87.59,208.58,95.08
ch2_ohr_ncp_20250123T0750012833_d_img_d18_x02560_y76160.png,0.456,69.44,112.33,76.1,117.26
ch2_ohr_ncp_20250123T0750012833_d_img_d18_x02560_y76160.png,0.4538,531.45,64.14,542.03,74.55
ch2_ohr_ncp_20250123T0750012833_d_img_d18_x02560_y76160.png,0.3896,585.44,90.53,591.83,97.03
ch2_ohr_ncp_20250123T0750012833_d_img_d18_x02560_y76160.png,0.351,188.0,106.7,193.69,112.04
ch2_ohr_ncp_20250123T0750012833_d_img_d18_x02560_y76160.png,0.3208,105.46,202.81,114.55,212.03
ch2_ohr_ncp_20250123T0750012833_d_img_d18_x02560_y76160.png,0.3053,512.22,4.0,518.06,10.47
ch2_ohr_ncp_20250123T0750012833_d_img_d18_x02560_y76160.png,0.2981,535.61,120.16,549.14,132.73
ch2_ohr_ncp_20250123T0750012833_d_img_d18_x02560_y76160.png,0.2881,283.91,54.1,290.29,60.29
ch2_ohr_ncp_20250123T0750012833_d_img_d18_x02560_y76160.png,0.2774,599.35,75.78,604.99,80.67
ch2_ohr_ncp_20250123T0750012833_d_img_d18_x02560_y76160.png,0.2763,133.25,121.15,141.85,129.67
ch2_ohr_ncp_20250123T0750012833_d_img_d18_x02560_y76160.png,0.2734,35.99,347.98,41.75,353.71
ch2_ohr_ncp_20250123T0750012833_d_img_d18_x02560_y76160.png,0.2467,203.99,239.13,209.98,244.79
ch2_ohr_ncp_20250123T0750012833_d_img_d18_x02560_y76160.png,0.2427,105.0,35.54,110.45,40.17
ch2_ohr_ncp_20250123T0750012833_d_img_d18_x02560_y76160.png,0.2337,113.63,47.28,120.48,53.86
ch2_ohr_ncp_20250123T0750012833_d_img_d18_x02560_y76160.png,0.2291,88.7,184.24,93.46,188.28
ch2_ohr_ncp_20250123T0750012833_d_img_d18_x02560_y76160.png,0.2228,206.5,246.5,215.77,254.13
ch2_ohr_ncp_20250123T0750012833_d_img_d18_x02560_y76160.png,0.2064,25.78,159.96,31.08,164.97
ch2_ohr_ncp_20250123T0750012833_d_img_d18_x02560_y76160.png,0.2019,144.29,135.93,152.78,144.2
ch2_ohr_ncp_20250123T0750012833_d_img_d18_x02560_y76160.png,0.201,31.18,371.33,37.8,377.24
ch2_ohr_ncp_20250123T0750012833_d_img_d18_x03200_y39040.png,0.234,555.95,617.64,589.41,639.25
ch2_ohr_ncp_20250123T0750012833_d_img_d18_x03200_y42880.png,0.3307,138.45,312.0,144.19,317.33
ch2_ohr_ncp_20250123T0750012833_d_img_d18_x03200_y43520.png,0.4454,516.59,606.84,581.66,640.0
ch2_ohr_ncp_20250123T0750012833_d_img_d18_x03200_y46720.png,0.3366,142.2,608.37,206.14,639.92
ch2_ohr_ncp_20250123T0750012833_d_img_d18_x03200_y51200.png,0.2554,233.82,625.97,242.02,632.78
ch2_ohr_ncp_20250123T0750012833_d_img_d18_x03200_y54400.png,0.452,184.7,406.44,190.39,412.12
ch2_ohr_ncp_20250123T0750012833_d_img_d18_x03200_y58880.png,0.339,355.7,122.08,401.32,182.25
ch2_ohr_ncp_20250123T0750012833_d_img_d18_x03200_y67200.png,0.2707,241.1,0.0,323.52,28.14
ch2_ohr_ncp_20250123T0750012833_d_img_d18_x03200_y71040.png,0.4489,203.49,119.2,210.8,125.55
ch2_ohr_ncp_20250123T0750012833_d_img_d18_x03200_y71040.png,0.3598,207.48,202.73,212.71,207.7
ch2_ohr_ncp_20250123T0750012833_d_img_d18_x03200_y71040.png,0.3497,205.67,75.95,212.14,81.55
ch2_ohr_ncp_20250123T0750012833_d_img_d18_x03200_y71040.png,0.3298,122.84,145.88,127.55,150.45
ch2_ohr_ncp_20250123T0750012833_d_img_d18_x03200_y71040.png,0.3191,67.97,57.87,74.01,63.69
ch2_ohr_ncp_20250123T0750012833_d_img_d18_x03200_y71040.png,0.2477,271.82,271.67,276.49,276.07
ch2_ohr_ncp_20250123T0750012833_d_img_d18_x03200_y71040.png,0.2305,104.74,255.04,111.54,260.7
ch2_ohr_ncp_20250123T0750012833_d_img_d18_x03200_y71040.png,0.2231,224.91,97.5,229.95,102.38
ch2_ohr_ncp_20250123T0750012833_d_img_d18_x03200_y71680.png,0.2299,0.88,300.33,33.41,369.93
ch2_ohr_ncp_20250123T0750012833_d_img_d18_x03200_y76160.png,0.6526,399.81,72.92,408.63,81.17
ch2_ohr_ncp_20250123T0750012833_d_img_d18_x03200_y76160.png,0.615,94.25,183.63,100.88,190.03
ch2_ohr_ncp_20250123T0750012833_d_img_d18_x03200_y76160.png,0.5396,595.31,263.3,601.47,268.75
ch2_ohr_ncp_20250123T0750012833_d_img_d18_x03200_y76160.png,0.5307,123.55,295.77,130.1,301.92
ch2_ohr_ncp_20250123T0750012833_d_img_d18_x03200_y76160.png,0.5172,483.98,308.0,491.06,314.85
ch2_ohr_ncp_20250123T0750012833_d_img_d18_x03200_y76160.png,0.4994,512.28,115.97,518.52,122.23
ch2_ohr_ncp_20250123T0750012833_d_img_d18_x03200_y76160.png,0.4913,371.99,147.5,378.33,153.73
ch2_ohr_ncp_20250123T0750012833_d_img_d18_x03200_y76160.png,0.4858,90.35,88.49,95.48,93.57
ch2_ohr_ncp_20250123T0750012833_d_img_d18_x03200_y76160.png,0.4735,366.19,167.86,372.05,172.49
ch2_ohr_ncp_20250123T0750012833_d_img_d18_x03200_y76160.png,0.4695,334.12,203.97,340.87,210.93
ch2_ohr_ncp_20250123T0750012833_d_img_d18_x03200_y76160.png,0.4458,322.43,174.64,329.5,181.94
ch2_ohr_ncp_20250123T0750012833_d_img_d18_x03200_y76160.png,0.4452,438.77,288.41,444.04,292.91
ch2_ohr_ncp_20250123T0750012833_d_img_d18_x03200_y76160.png,0.4295,614.37,247.28,622.58,253.76
ch2_ohr_ncp_20250123T0750012833_d_img_d18_x03200_y76160.png,0.4126,540.0,281.64,546.43,287.75
ch2_ohr_ncp_20250123T0750012833_d_img_d18_x03200_y76160.png,0.3933,457.63,153.26,469.3,164.89
ch2_ohr_ncp_20250123T0750012833_d_img_d18_x03200_y76160.png,0.3907,580.0,202.22,585.27,207.52
ch2_ohr_ncp_20250123T0750012833_d_img_d18_x03200_y76160.png,0.3813,331.69,39.02,340.23,45.52
ch2_ohr_ncp_20250123T0750012833_d_img_d18_x03200_y76160.png,0.3744,541.33,281.5,548.01,288.04
ch2_ohr_ncp_20250123T0750012833_d_img_d18_x03200_y76160.png,0.3619,528.31,183.91,534.81,190.13
ch2_ohr_ncp_20250123T0750012833_d_img_d18_x03200_y76160.png,0.3488,469.38,242.84,474.14,248.0
ch2_ohr_ncp_20250123T0750012833_d_img_d18_x03200_y76160.png,0.3442,291.37,141.27,302.72,155.38
ch2_ohr_ncp_20250123T0750012833_d_img_d18_x03200_y76160.png,0.333,543.23,120.43,549.52,126.1
ch2_ohr_ncp_20250123T0750012833_d_img_d18_x03200_y76160.png,0.3301,307.63,144.4,316.14,149.72
ch2_ohr_ncp_20250123T0750012833_d_img_d18_x03200_y76160.png,0.3269,133.27,62.58,140.87,69.76
ch2_ohr_ncp_20250123T0750012833_d_img_d18_x03200_y76160.png,0.3052,306.09,144.81,314.96,150.76
ch2_ohr_ncp_20250123T0750012833_d_img_d18_x03200_y76160.png,0.2992,15.95,34.33,22.17,40.0
ch2_ohr_ncp_20250123T0750012833_d_img_d18_x03200_y76160.png,0.2988,468.0,243.07,473.78,247.29
ch2_ohr_ncp_20250123T0750012833_d_img_d18_x03200_y76160.png,0.2971,518.07,410.54,524.02,414.69
ch2_ohr_ncp_20250123T0750012833_d_img_d18_x03200_y76160.png,0.2946,283.94,161.93,290.01,168.36
ch2_ohr_ncp_20250123T0750012833_d_img_d18_x03200_y76160.png,0.2882,306.11,275.93,312.09,280.86
ch2_ohr_ncp_20250123T0750012833_d_img_d18_x03200_y76160.png,0.2855,632.5,308.91,639.01,316.0
ch2_ohr_ncp_20250123T0750012833_d_img_d18_x03200_y76160.png,0.2681,436.22,210.95,446.51,220.81
ch2_ohr_ncp_20250123T0750012833_d_img_d18_x03200_y76160.png,0.2661,568.97,279.35,574.23,284.24
ch2_ohr_ncp_20250123T0750012833_d_img_d18_x03200_y76160.png,0.2645,227.19,230.16,236.95,239.2
ch2_ohr_ncp_20250123T0750012833_d_img_d18_x03200_y76160.png,0.2622,95.78,378.41,104.81,386.96
ch2_ohr_ncp_20250123T0750012833_d_img_d18_x03200_y76160.png,0.2156,573.35,315.09,580.04,320.45
ch2_ohr_ncp_20250123T0750012833_d_img_d18_x03200_y76160.png,0.2124,114.63,97.94,122.06,104.2
ch2_ohr_ncp_20250123T0750012833_d_img_d18_x03200_y76160.png,0.2103,358.05,199.09,365.15,205.06
ch2_ohr_ncp_20250123T0750012833_d_img_d18_x03840_y02560.png,0.2089,320.17,92.84,331.58,101.93
ch2_ohr_ncp_20250123T0750012833_d_img_d18_x03840_y02560.png,0.201,256.89,29.92,262.7,36.01
ch2_ohr_ncp_20250123T0750012833_d_img_d18_x03840_y40320.png,0.2634,57.83,591.51,117.69,635.11
ch2_ohr_ncp_20250123T0750012833_d_img_d18_x03840_y50560.png,0.4877,525.31,416.44,532.03,421.95
ch2_ohr_ncp_20250123T0750012833_d_img_d18_x03840_y50560.png,0.3426,624.45,321.76,630.23,326.1
ch2_ohr_ncp_20250123T0750012833_d_img_d18_x03840_y50560.png,0.2409,494.35,328.24,501.45,333.74
ch2_ohr_ncp_20250123T0750012833_d_img_d18_x03840_y50560.png,0.2355,449.37,391.66,453.87,396.09
ch2_ohr_ncp_20250123T0750012833_d_img_d18_x03840_y50560.png,0.2109,0.13,321.09,6.42,326.99
ch2_ohr_ncp_20250123T0750012833_d_img_d18_x03840_y50560.png,0.2094,550.32,380.0,556.01,385.37
ch2_ohr_ncp_20250123T0750012833_d_img_d18_x03840_y51200.png,0.2264,417.98,614.82,423.02,620.01
ch2_ohr_ncp_20250123T0750012833_d_img_d18_x03840_y52480.png,0.3975,613.15,538.79,620.02,544.0
ch2_ohr_ncp_20250123T0750012833_d_img_d18_x03840_y52480.png,0.3839,395.82,376.0,404.69,383.26
ch2_ohr_ncp_20250123T0750012833_d_img_d18_x03840_y52480.png,0.3401,480.99,449.21,488.49,456.12
ch2_ohr_ncp_20250123T0750012833_d_img_d18_x03840_y54400.png,0.4485,430.26,176.04,440.33,183.52
ch2_ohr_ncp_20250123T0750012833_d_img_d18_x03840_y54400.png,0.2199,435.96,189.24,442.66,196.0
ch2_ohr_ncp_20250123T0750012833_d_img_d18_x03840_y55040.png,0.2635,528.87,388.99,541.44,400.86
ch2_ohr_ncp_20250123T0750012833_d_img_d18_x03840_y55040.png,0.2138,538.23,374.06,547.01,380.66
ch2_ohr_ncp_20250123T0750012833_d_img_d18_x03840_y59520.png,0.3256,487.27,71.24,492.57,76.03
ch2_ohr_ncp_20250123T0750012833_d_img_d18_x03840_y65920.png,0.4564,482.62,27.04,488.65,31.93
ch2_ohr_ncp_20250123T0750012833_d_img_d18_x03840_y65920.png,0.4347,353.37,361.88,360.94,368.36
ch2_ohr_ncp_20250123T0750012833_d_img_d18_x03840_y65920.png,0.4099,477.45,9.68,484.05,14.73
ch2_ohr_ncp_20250123T0750012833_d_img_d18_x03840_y65920.png,0.3576,215.36,380.24,264.92,430.62
ch2_ohr_ncp_20250123T0750012833_d_img_d18_x03840_y65920.png,0.2701,422.08,431.94,429.32,437.0
ch2_ohr_ncp_20250123T0750012833_d_img_d18_x03840_y65920.png,0.2618,421.76,15.63,428.0,20.25
ch2_ohr_ncp_20250123T0750012833_d_img_d18_x03840_y65920.png,0.2442,441.01,35.85,449.8,43.6
ch2_ohr_ncp_20250123T0750012833_d_img_d18_x03840_y66560.png,0.2143,83.31,204.65,151.12,278.02
ch2_ohr_ncp_20250123T0750012833_d_img_d18_x03840_y71680.png,0.2676,405.77,591.19,443.96,625.83
ch2_ohr_ncp_20250123T0750012833_d_img_d18_x03840_y72320.png,0.2773,562.69,193.67,568.0,198.02
ch2_ohr_ncp_20250123T0750012833_d_img_d18_x03840_y72960.png,0.2469,366.42,514.94,374.75,522.56
ch2_ohr_ncp_20250123T0750012833_d_img_d18_x03840_y72960.png,0.2299,328.52,357.56,333.6,364.0
ch2_ohr_ncp_20250123T0750012833_d_img_d18_x03840_y76160.png,0.6314,565.47,215.86,575.15,224.58
ch2_ohr_ncp_20250123T0750012833_d_img_d18_x03840_y76160.png,0.5706,361.4,389.92,370.89,397.31
ch2_ohr_ncp_20250123T0750012833_d_img_d18_x03840_y76160.png,0.57,401.96,392.71,409.82,399.97
ch2_ohr_ncp_20250123T0750012833_d_img_d18_x03840_y76160.png,0.4942,475.87,56.39,483.97,62.34
ch2_ohr_ncp_20250123T0750012833_d_img_d18_x03840_y76160.png,0.4618,313.32,311.45,319.07,317.17
ch2_ohr_ncp_20250123T0750012833_d_img_d18_x03840_y76160.png,0.4408,590.7,220.0,596.32,225.81
ch2_ohr_ncp_20250123T0750012833_d_img_d18_x03840_y76160.png,0.417,477.46,331.88,484.01,336.91
ch2_ohr_ncp_20250123T0750012833_d_img_d18_x03840_y76160.png,0.3959,415.18,420.0,420.08,425.52
ch2_ohr_ncp_20250123T0750012833_d_img_d18_x03840_y76160.png,0.3651,478.62,151.92,484.12,157.18
ch2_ohr_ncp_20250123T0750012833_d_img_d18_x03840_y76160.png,0.3648,161.0,299.51,166.39,304.57
ch2_ohr_ncp_20250123T0750012833_d_img_d18_x03840_y76160.png,0.3643,445.78,55.22,452.08,60.83
ch2_ohr_ncp_20250123T0750012833_d_img_d18_x03840_y76160.png,0.363,547.37,251.99,556.42,259.21
ch2_ohr_ncp_20250123T0750012833_d_img_d18_x03840_y76160.png,0.3423,149.2,154.85,157.25,162.22
ch2_ohr_ncp_20250123T0750012833_d_img_d18_x03840_y76160.png,0.3309,347.9,222.02,352.78,228.0
ch2_ohr_ncp_20250123T0750012833_d_img_d18_x03840_y76160.png,0.3227,512.39,22.09,522.16,30.94
ch2_ohr_ncp_20250123T0750012833_d_img_d18_x03840_y76160.png,0.3199,565.7,162.58,575.29,172.1
ch2_ohr_ncp_20250123T0750012833_d_img_d18_x03840_y76160.png,0.3037,318.53,213.17,325.55,220.02
ch2_ohr_ncp_20250123T0750012833_d_img_d18_x03840_y76160.png,0.2979,369.03,86.98,373.82,92.01
ch2_ohr_ncp_20250123T0750012833_d_img_d18_x03840_y76160.png,0.2882,151.9,390.39,159.27,397.48
ch2_ohr_ncp_20250123T0750012833_d_img_d18_x03840_y76160.png,0.2832,527.29,357.64,533.64,364.22
ch2_ohr_ncp_20250123T0750012833_d_img_d18_x03840_y76160.png,0.2686,499.39,302.32,504.92,308.11
ch2_ohr_ncp_20250123T0750012833_d_img_d18_x03840_y76160.png,0.2661,488.98,37.78,494.82,44.04
ch2_ohr_ncp_20250123T0750012833_d_img_d18_x03840_y76160.png,0.2585,475.98,211.69,481.6,217.38
ch2_ohr_ncp_20250123T0750012833_d_img_d18_x03840_y76160.png,0.2491,472.77,241.86,478.5,245.85
ch2_ohr_ncp_20250123T0750012833_d_img_d18_x03840_y76160.png,0.2486,534.04,6.0,543.9,14.1
ch2_ohr_ncp_20250123T0750012833_d_img_d18_x03840_y76160.png,0.2477,522.9,370.31,527.57,374.58
ch2_ohr_ncp_20250123T0750012833_d_img_d18_x03840_y76160.png,0.2389,135.1,256.19,142.96,263.54
ch2_ohr_ncp_20250123T0750012833_d_img_d18_x03840_y76160.png,0.2367,3.95,6.9,14.53,16.46
ch2_ohr_ncp_20250123T0750012833_d_img_d18_x03840_y76160.png,0.2294,473.41,121.25,478.5,125.71
ch2_ohr_ncp_20250123T0750012833_d_img_d18_x03840_y76160.png,0.2278,184.53,219.45,207.31,238.72
ch2_ohr_ncp_20250123T0750012833_d_img_d18_x03840_y76160.png,0.2267,482.33,392.18,490.09,400.28
ch2_ohr_ncp_20250123T0750012833_d_img_d18_x03840_y76160.png,0.2239,103.29,130.63,112.68,140.01
ch2_ohr_ncp_20250123T0750012833_d_img_d18_x03840_y76160.png,0.2188,447.06,111.69,471.72,134.92
ch2_ohr_ncp_20250123T0750012833_d_img_d18_x03840_y76160.png,0.2175,605.36,129.66,612.64,134.31
ch2_ohr_ncp_20250123T0750012833_d_img_d18_x03840_y76160.png,0.2173,601.71,198.39,615.39,212.02
ch2_ohr_ncp_20250123T0750012833_d_img_d18_x03840_y76160.png,0.2103,32.9,140.3,40.63,148.23
ch2_ohr_ncp_20250123T0750012833_d_img_d18_x03840_y76160.png,0.202,402.9,392.79,412.0,399.92
ch2_ohr_ncp_20250123T0750012833_d_img_d18_x04480_y00000.png,0.2311,391.77,608.55,444.28,639.94
ch2_ohr_ncp_20250123T0750012833_d_img_d18_x04480_y00640.png,0.2253,213.81,582.53,220.82,588.02
ch2_ohr_ncp_20250123T0750012833_d_img_d18_x04480_y00640.png,0.2016,201.15,568.27,211.72,575.75
ch2_ohr_ncp_20250123T0750012833_d_img_d18_x04480_y44160.png,0.2767,377.48,607.18,441.38,639.99
ch2_ohr_ncp_20250123T0750012833_d_img_d18_x04480_y47360.png,0.3425,467.92,609.47,540.81,640.0
ch2_ohr_ncp_20250123T0750012833_d_img_d18_x04480_y47360.png,0.3191,343.4,366.94,349.0,372.06
ch2_ohr_ncp_20250123T0750012833_d_img_d18_x04480_y53760.png,0.4709,9.51,131.88,14.59,136.6
ch2_ohr_ncp_20250123T0750012833_d_img_d18_x04480_y53760.png,0.3992,89.8,111.82,95.28,117.53
ch2_ohr_ncp_20250123T0750012833_d_img_d18_x04480_y53760.png,0.3795,67.99,120.96,74.69,125.52
ch2_ohr_ncp_20250123T0750012833_d_img_d18_x04480_y53760.png,0.2241,68.84,120.8,76.0,125.29
ch2_ohr_ncp_20250123T0750012833_d_img_d18_x04480_y53760.png,0.2198,41.78,110.92,47.35,116.02
ch2_ohr_ncp_20250123T0750012833_d_img_d18_x04480_y53760.png,0.2095,0.27,183.89,6.71,190.67
ch2_ohr_ncp_20250123T0750012833_d_img_d18_x04480_y55040.png,0.3021,193.53,616.25,200.42,622.98
ch2_ohr_ncp_20250123T0750012833_d_img_d18_x04480_y59520.png,0.395,18.33,608.18,63.86,639.85
ch2_ohr_ncp_20250123T0750012833_d_img_d18_x04480_y65280.png,0.3479,79.49,311.15,86.44,318.34
ch2_ohr_ncp_20250123T0750012833_d_img_d18_x04480_y65280.png,0.3422,0.07,456.43,7.27,464.55
ch2_ohr_ncp_20250123T0750012833_d_img_d18_x04480_y65280.png,0.2698,94.16,254.67,100.65,261.57
ch2_ohr_ncp_20250123T0750012833_d_img_d18_x04480_y65280.png,0.267,470.26,120.73,476.24,126.33
ch2_ohr_ncp_20250123T0750012833_d_img_d18_x04480_y65280.png,0.2193,105.0,480.38,110.97,485.69
ch2_ohr_ncp_20250123T0750012833_d_img_d18_x04480_y67200.png,0.3402,159.59,485.6,200.83,540.2
ch2_ohr_ncp_20250123T0750012833_d_img_d18_x04480_y76160.png,0.5736,584.71,87.84,591.33,92.84
ch2_ohr_ncp_20250123T0750012833_d_img_d18_x04480_y76160.png,0.4784,471.51,50.53,478.3,58.09
ch2_ohr_ncp_20250123T0750012833_d_img_d18_x04480_y76160.png,0.4608,627.96,61.36,634.9,68.0
ch2_ohr_ncp_20250123T0750012833_d_img_d18_x04480_y76160.png,0.4245,614.41,56.11,620.02,60.65
ch2_ohr_ncp_20250123T0750012833_d_img_d18_x04480_y76160.png,0.4011,423.38,32.6,428.47,37.11
ch2_ohr_ncp_20250123T0750012833_d_img_d18_x04480_y76160.png,0.3896,497.0,51.99,503.08,58.53
ch2_ohr_ncp_20250123T0750012833_d_img_d18_x04480_y76160.png,0.3556,463.68,211.99,468.8,219.06
ch2_ohr_ncp_20250123T0750012833_d_img_d18_x04480_y76160.png,0.3094,284.99,103.58,292.19,110.94
ch2_ohr_ncp_20250123T0750012833_d_img_d18_x04480_y76160.png,0.3029,492.81,4.0,500.53,12.69
ch2_ohr_ncp_20250123T0750012833_d_img_d18_x04480_y76160.png,0.3004,467.98,64.4,473.75,68.8
ch2_ohr_ncp_20250123T0750012833_d_img_d18_x04480_y76160.png,0.2821,471.12,79.31,477.09,84.63
ch2_ohr_ncp_20250123T0750012833_d_img_d18_x04480_y76160.png,0.2623,560.53,121.4,566.92,125.75
ch2_ohr_ncp_20250123T0750012833_d_img_d18_x04480_y76160.png,0.2281,627.98,60.0,634.97,66.66
ch2_ohr_ncp_20250123T0750012833_d_img_d18_x04480_y76160.png,0.21,387.5,137.14,396.16,143.45
ch2_ohr_ncp_20250123T0750012833_d_img_d18_x04480_y76160.png,0.2007,445.67,216.87,452.01,222.23
ch2_ohr_ncp_20250123T0750012833_d_img_d18_x05120_y01920.png,0.4019,503.15,369.29,509.54,374.75
ch2_ohr_ncp_20250123T0750012833_d_img_d18_x05120_y01920.png,0.2547,0.0,384.32,64.23,454.14
ch2_ohr_ncp_20250123T0750012833_d_img_d18_x05120_y10880.png,0.4484,527.86,505.7,533.41,509.91
ch2_ohr_ncp_20250123T0750012833_d_img_d18_x05120_y10880.png,0.3504,552.09,429.2,565.55,439.62
ch2_ohr_ncp_20250123T0750012833_d_img_d18_x05120_y44160.png,0.2609,381.93,600.11,440.27,640.0
ch2_ohr_ncp_20250123T0750012833_d_img_d18_x05120_y45440.png,0.2282,394.67,604.41,445.82,640.0
ch2_ohr_ncp_20250123T0750012833_d_img_d18_x05120_y45440.png,0.2035,0.0,604.68,33.9,640.0
ch2_ohr_ncp_20250123T0750012833_d_img_d18_x05120_y46720.png,0.2843,588.04,56.21,640.0,148.21
ch2_ohr_ncp_20250123T0750012833_d_img_d18_x05120_y53120.png,0.2288,406.73,69.74,465.43,97.69
ch2_ohr_ncp_20250123T0750012833_d_img_d18_x05120_y55040.png,0.2949,41.5,220.67,60.44,259.51
ch2_ohr_ncp_20250123T0750012833_d_img_d18_x05120_y57600.png,0.2559,537.98,585.39,598.99,640.0
ch2_ohr_ncp_20250123T0750012833_d_img_d18_x05120_y58240.png,0.5689,268.87,222.95,276.04,229.07
ch2_ohr_ncp_20250123T0750012833_d_img_d18_x05120_y58240.png,0.3176,621.78,272.46,628.39,278.14
ch2_ohr_ncp_20250123T0750012833_d_img_d18_x05120_y58240.png,0.3082,162.49,312.12,171.27,322.16
ch2_ohr_ncp_20250123T0750012833_d_img_d18_x05120_y58240.png,0.2457,33.8,384.77,38.59,389.14
ch2_ohr_ncp_20250123T0750012833_d_img_d18_x05120_y58240.png,0.2083,234.89,327.09,242.39,334.8
ch2_ohr_ncp_20250123T0750012833_d_img_d18_x05120_y58240.png,0.2032,618.18,227.53,624.1,232.04
ch2_ohr_ncp_20250123T0750012833_d_img_d18_x05120_y58240.png,0.2015,257.56,41.96,262.26,46.38
ch2_ohr_ncp_20250123T0750012833_d_img_d18_x05120_y58880.png,0.2453,294.27,0.0,345.67,48.25
ch2_ohr_ncp_20250123T0750012833_d_img_d18_x05120_y64000.png,0.2035,244.42,1.62,322.38,44.1
ch2_ohr_ncp_20250123T0750012833_d_img_d18_x05120_y76160.png,0.336,285.2,391.46,293.9,399.38
ch2_ohr_ncp_20250123T0750012833_d_img_d18_x05760_y00000.png,0.3191,377.36,349.84,382.16,356.0
ch2_ohr_ncp_20250123T0750012833_d_img_d18_x05760_y00000.png,0.2467,463.42,382.99,468.59,388.0
ch2_ohr_ncp_20250123T0750012833_d_img_d18_x05760_y00640.png,0.2523,504.42,450.75,514.2,457.97
ch2_ohr_ncp_20250123T0750012833_d_img_d18_x05760_y00640.png,0.223,464.3,113.18,528.55,191.71
ch2_ohr_ncp_20250123T0750012833_d_img_d18_x05760_y14720.png,0.3205,510.65,608.83,560.89,639.95
ch2_ohr_ncp_20250123T0750012833_d_img_d18_x05760_y14720.png,0.2234,259.24,584.56,330.56,640.0
ch2_ohr_ncp_20250123T0750012833_d_img_d18_x05760_y16000.png,0.2851,566.13,207.07,572.53,212.49
ch2_ohr_ncp_20250123T0750012833_d_img_d18_x05760_y46080.png,0.303,70.89,605.98,122.4,640.0
ch2_ohr_ncp_20250123T0750012833_d_img_d18_x05760_y46720.png,0.3364,240.82,169.78,246.11,174.19
ch2_ohr_ncp_20250123T0750012833_d_img_d18_x05760_y46720.png,0.2011,274.47,303.63,283.06,310.1
ch2_ohr_ncp_20250123T0750012833_d_img_d18_x05760_y49280.png,0.206,565.72,543.11,624.64,633.24
ch2_ohr_ncp_20250123T0750012833_d_img_d18_x05760_y53120.png,0.2774,57.87,0.0,111.59,27.56
ch2_ohr_ncp_20250123T0750012833_d_img_d18_x05760_y53120.png,0.2304,56.5,0.0,106.08,20.21
ch2_ohr_ncp_20250123T0750012833_d_img_d18_x05760_y67200.png,0.2101,403.89,386.93,471.27,468.95
ch2_ohr_ncp_20250123T0750012833_d_img_d18_x05760_y76160.png,0.3034,256.11,399.68,262.52,407.26
ch2_ohr_ncp_20250123T0750012833_d_img_d18_x06400_y00640.png,0.2647,67.57,485.63,74.0,492.03
ch2_ohr_ncp_20250123T0750012833_d_img_d18_x06400_y02560.png,0.337,454.72,334.22,460.27,340.0
ch2_ohr_ncp_20250123T0750012833_d_img_d18_x06400_y02560.png,0.2816,574.73,456.42,581.53,462.64
ch2_ohr_ncp_20250123T0750012833_d_img_d18_x06400_y02560.png,0.2526,168.7,237.31,176.14,244.07
ch2_ohr_ncp_20250123T0750012833_d_img_d18_x06400_y02560.png,0.2443,627.19,269.8,636.77,277.6
ch2_ohr_ncp_20250123T0750012833_d_img_d18_x06400_y02560.png,0.2268,560.45,355.98,566.8,361.91
ch2_ohr_ncp_20250123T0750012833_d_img_d18_x06400_y03200.png,0.3333,457.72,289.21,465.31,295.64
ch2_ohr_ncp_20250123T0750012833_d_img_d18_x06400_y03200.png,0.3103,447.97,256.54,452.85,261.15
ch2_ohr_ncp_20250123T0750012833_d_img_d18_x06400_y03200.png,0.2247,82.63,234.38,88.22,238.93
ch2_ohr_ncp_20250123T0750012833_d_img_d18_x06400_y03200.png,0.2121,359.36,255.67,364.72,260.08
ch2_ohr_ncp_20250123T0750012833_d_img_d18_x06400_y04480.png,0.2141,78.65,443.98,85.39,449.48
ch2_ohr_ncp_20250123T0750012833_d_img_d18_x06400_y05760.png,0.2854,578.57,107.39,617.62,128.21
ch2_ohr_ncp_20250123T0750012833_d_img_d18_x06400_y05760.png,0.2474,578.22,104.0,626.56,133.61
ch2_ohr_ncp_20250123T0750012833_d_img_d18_x06400_y08320.png,0.2044,413.59,128.44,420.76,134.4
ch2_ohr_ncp_20250123T0750012833_d_img_d18_x06400_y10240.png,0.2162,429.52,2.76,499.74,97.61
ch2_ohr_ncp_20250123T0750012833_d_img_d18_x06400_y48000.png,0.2225,192.45,327.94,198.24,333.22
ch2_ohr_ncp_20250123T0750012833_d_img_d18_x06400_y49920.png,0.2623,489.49,593.6,561.37,640.0
ch2_ohr_ncp_20250123T0750012833_d_img_d18_x06400_y53120.png,0.2197,400.95,472.88,406.66,477.3
ch2_ohr_ncp_20250123T0750012833_d_img_d18_x06400_y55680.png,0.2892,198.04,528.1,205.11,534.0
ch2_ohr_ncp_20250123T0750012833_d_img_d18_x06400_y55680.png,0.2452,128.77,522.92,138.51,531.47
ch2_ohr_ncp_20250123T0750012833_d_img_d18_x06400_y76160.png,0.6129,518.66,350.78,525.48,357.71
ch2_ohr_ncp_20250123T0750012833_d_img_d18_x06400_y76160.png,0.3905,526.21,392.83,532.73,398.59
ch2_ohr_ncp_20250123T0750012833_d_img_d18_x06400_y76160.png,0.359,47.44,239.18,53.94,244.91
ch2_ohr_ncp_20250123T0750012833_d_img_d18_x06400_y76160.png,0.3511,172.76,415.25,180.16,422.87
ch2_ohr_ncp_20250123T0750012833_d_img_d18_x06400_y76160.png,0.3033,163.56,405.48,170.75,413.11
ch2_ohr_ncp_20250123T0750012833_d_img_d18_x06400_y76160.png,0.295,15.81,247.33,22.15,253.76
ch2_ohr_ncp_20250123T0750012833_d_img_d18_x06400_y76160.png,0.253,0.08,360.8,8.8,371.54
ch2_ohr_ncp_20250123T0750012833_d_img_d18_x06400_y76160.png,0.2502,539.64,343.74,548.11,350.93
ch2_ohr_ncp_20250123T0750012833_d_img_d18_x06400_y76160.png,0.2319,527.67,282.38,533.34,288.45
ch2_ohr_ncp_20250123T0750012833_d_img_d18_x07040_y14720.png,0.382,342.17,586.11,400.9,638.89
ch2_ohr_ncp_20250123T0750012833_d_img_d18_x07040_y17280.png,0.3219,481.56,27.99,485.46,32.45
ch2_ohr_ncp_20250123T0750012833_d_img_d18_x07040_y46720.png,0.3174,462.89,360.56,468.04,364.66
ch2_ohr_ncp_20250123T0750012833_d_img_d18_x07040_y46720.png,0.2819,479.42,384.07,485.2,389.22
ch2_ohr_ncp_20250123T0750012833_d_img_d18_x07040_y46720.png,0.2578,577.07,410.77,583.05,416.02
ch2_ohr_ncp_20250123T0750012833_d_img_d18_x07040_y48000.png,0.2802,540.93,473.1,609.37,544.13
ch2_ohr_ncp_20250123T0750012833_d_img_d18_x07040_y48640.png,0.2059,158.12,109.17,226.18,165.25
ch2_ohr_ncp_20250123T0750012833_d_img_d18_x07040_y49280.png,0.3187,7.38,473.24,63.8,557.2
ch2_ohr_ncp_20250123T0750012833_d_img_d18_x07040_y50560.png,0.3086,43.5,42.07,47.96,47.07
ch2_ohr_ncp_20250123T0750012833_d_img_d18_x07040_y50560.png,0.2389,14.6,48.04,20.94,52.21
ch2_ohr_ncp_20250123T0750012833_d_img_d18_x07040_y50560.png,0.2071,92.0,153.8,98.65,158.89
ch2_ohr_ncp_20250123T0750012833_d_img_d18_x07040_y53120.png,0.3263,172.87,572.95,213.58,603.25
ch2_ohr_ncp_20250123T0750012833_d_img_d18_x07040_y56320.png,0.6067,522.6,532.68,539.91,550.93
ch2_ohr_ncp_20250123T0750012833_d_img_d18_x07040_y56320.png,0.3719,440.84,521.54,450.44,530.82
ch2_ohr_ncp_20250123T0750012833_d_img_d18_x07040_y56320.png,0.3388,523.3,518.6,530.82,524.67
ch2_ohr_ncp_20250123T0750012833_d_img_d18_x07040_y56320.png,0.3376,509.27,606.65,516.44,612.9
ch2_ohr_ncp_20250123T0750012833_d_img_d18_x07040_y56320.png,0.3225,539.59,465.29,547.41,471.25
ch2_ohr_ncp_20250123T0750012833_d_img_d18_x07040_y56320.png,0.3121,556.77,550.36,564.01,556.05
ch2_ohr_ncp_20250123T0750012833_d_img_d18_x07040_y56320.png,0.2754,430.25,381.74,436.91,388.03
ch2_ohr_ncp_20250123T0750012833_d_img_d18_x07040_y56320.png,0.2658,381.59,463.5,388.04,468.65
ch2_ohr_ncp_20250123T0750012833_d_img_d18_x07040_y56320.png,0.2577,294.98,554.39,301.05,560.21
ch2_ohr_ncp_20250123T0750012833_d_img_d18_x07040_y56320.png,0.2437,521.55,504.87,527.49,510.64
ch2_ohr_ncp_20250123T0750012833_d_img_d18_x07040_y56320.png,0.2342,550.28,613.91,554.77,617.59
ch2_ohr_ncp_20250123T0750012833_d_img_d18_x07040_y56320.png,0.2161,407.02,461.68,420.13,476.43
ch2_ohr_ncp_20250123T0750012833_d_img_d18_x07040_y56320.png,0.2135,539.99,561.87,545.07,566.32
ch2_ohr_ncp_20250123T0750012833_d_img_d18_x07040_y62080.png,0.2003,175.01,531.19,222.44,569.33
ch2_ohr_ncp_20250123T0750012833_d_img_d18_x07040_y62720.png,0.2726,617.43,88.29,640.0,144.61
ch2_ohr_ncp_20250123T0750012833_d_img_d18_x07040_y63360.png,0.2273,369.66,419.67,416.48,456.07
ch2_ohr_ncp_20250123T0750012833_d_img_d18_x07040_y64000.png,0.2504,289.66,230.73,298.35,238.04
ch2_ohr_ncp_20250123T0750012833_d_img_d18_x07040_y64000.png,0.2263,246.62,179.97,252.82,184.62
ch2_ohr_ncp_20250123T0750012833_d_img_d18_x07040_y67840.png,0.2232,413.58,142.42,464.52,185.96
ch2_ohr_ncp_20250123T0750012833_d_img_d18_x07040_y75520.png,0.2353,313.81,540.82,357.04,586.58
ch2_ohr_ncp_20250123T0750012833_d_img_d18_x07040_y76160.png,0.5397,30.12,335.13,36.1,341.17
ch2_ohr_ncp_20250123T0750012833_d_img_d18_x07040_y76160.png,0.4787,89.42,330.89,96.45,338.62
ch2_ohr_ncp_20250123T0750012833_d_img_d18_x07040_y76160.png,0.2627,18.23,279.7,24.12,284.45
ch2_ohr_ncp_20250123T0750012833_d_img_d18_x07040_y76160.png,0.2455,54.69,368.15,61.16,373.83
ch2_ohr_ncp_20250123T0750012833_d_img_d18_x07680_y01920.png,0.2355,534.51,315.99,636.5,398.91
ch2_ohr_ncp_20250123T0750012833_d_img_d18_x07680_y02560.png,0.472,385.84,447.67,390.8,452.38
ch2_ohr_ncp_20250123T0750012833_d_img_d18_x07680_y02560.png,0.4105,365.68,450.26,372.01,455.37
ch2_ohr_ncp_20250123T0750012833_d_img_d18_x07680_y02560.png,0.3463,370.37,361.12,376.45,366.52
ch2_ohr_ncp_20250123T0750012833_d_img_d18_x07680_y02560.png,0.2485,329.75,447.0,337.1,453.59
ch2_ohr_ncp_20250123T0750012833_d_img_d18_x07680_y04480.png,0.2868,359.38,249.03,368.35,255.74
ch2_ohr_ncp_20250123T0750012833_d_img_d18_x07680_y05120.png,0.2709,0.11,287.14,39.16,342.09
ch2_ohr_ncp_20250123T0750012833_d_img_d18_x07680_y12160.png,0.2442,20.42,608.27,100.68,640.0
ch2_ohr_ncp_20250123T0750012833_d_img_d18_x07680_y17280.png,0.4577,416.7,590.8,503.81,640.0
ch2_ohr_ncp_20250123T0750012833_d_img_d18_x07680_y17280.png,0.3452,562.58,231.06,567.61,236.63
ch2_ohr_ncp_20250123T0750012833_d_img_d18_x07680_y17920.png,0.3347,528.22,137.55,533.12,142.1
ch2_ohr_ncp_20250123T0750012833_d_img_d18_x07680_y17920.png,0.2453,564.68,144.04,578.92,156.23
ch2_ohr_ncp_20250123T0750012833_d_img_d18_x07680_y17920.png,0.2082,587.5,186.3,593.1,191.53
ch2_ohr_ncp_20250123T0750012833_d_img_d18_x07680_y18560.png,0.5,624.86,531.27,638.83,542.41
ch2_ohr_ncp_20250123T0750012833_d_img_d18_x07680_y47360.png,0.4852,440.34,198.55,447.27,205.45
ch2_ohr_ncp_20250123T0750012833_d_img_d18_x07680_y47360.png,0.3429,427.9,225.59,432.64,229.79
ch2_ohr_ncp_20250123T0750012833_d_img_d18_x07680_y49280.png,0.436,375.41,265.31,383.68,273.33
ch2_ohr_ncp_20250123T0750012833_d_img_d18_x07680_y49280.png,0.2919,399.49,291.97,404.78,297.4
ch2_ohr_ncp_20250123T0750012833_d_img_d18_x07680_y49280.png,0.2831,398.53,279.93,404.05,284.16
ch2_ohr_ncp_20250123T0750012833_d_img_d18_x07680_y53760.png,0.4837,254.19,579.13,261.17,583.76
ch2_ohr_ncp_20250123T0750012833_d_img_d18_x07680_y53760.png,0.4242,294.88,523.33,300.51,527.21
ch2_ohr_ncp_20250123T0750012833_d_img_d18_x07680_y53760.png,0.3893,65.05,559.79,70.2,564.3
ch2_ohr_ncp_20250123T0750012833_d_img_d18_x07680_y53760.png,0.3448,332.0,587.99,337.44,592.37
ch2_ohr_ncp_20250123T0750012833_d_img_d18_x07680_y53760.png,0.3321,225.43,539.98,229.13,543.99
ch2_ohr_ncp_20250123T0750012833_d_img_d18_x07680_y53760.png,0.31,20.9,539.56,29.75,546.79
ch2_ohr_ncp_20250123T0750012833_d_img_d18_x07680_y53760.png,0.2784,227.99,561.59,233.84,565.55
ch2_ohr_ncp_20250123T0750012833_d_img_d18_x07680_y53760.png,0.2782,319.37,523.79,324.01,527.74
ch2_ohr_ncp_20250123T0750012833_d_img_d18_x07680_y53760.png,0.2618,229.54,561.06,236.0,565.12
ch2_ohr_ncp_20250123T0750012833_d_img_d18_x07680_y53760.png,0.2124,233.03,481.21,239.99,488.12
ch2_ohr_ncp_20250123T0750012833_d_img_d18_x07680_y53760.png,0.2048,93.34,357.83,102.43,365.69
ch2_ohr_ncp_20250123T0750012833_d_img_d18_x07680_y53760.png,0.2013,200.35,611.92,205.55,617.31
ch2_ohr_ncp_20250123T0750012833_d_img_d18_x07680_y62080.png,0.2748,467.76,378.08,501.8,405.89
ch2_ohr_ncp_20250123T0750012833_d_img_d18_x07680_y71680.png,0.217,387.99,377.48,422.69,405.15
ch2_ohr_ncp_20250123T0750012833_d_img_d18_x08320_y04480.png,0.2098,35.79,0.38,88.9,52.03
ch2_ohr_ncp_20250123T0750012833_d_img_d18_x08320_y12800.png,0.2156,580.11,0.0,632.24,18.6
ch2_ohr_ncp_20250123T0750012833_d_img_d18_x08320_y13440.png,0.458,333.39,267.62,341.92,274.21
ch2_ohr_ncp_20250123T0750012833_d_img_d18_x08320_y13440.png,0.4125,538.23,221.79,547.16,228.5
ch2_ohr_ncp_20250123T0750012833_d_img_d18_x08320_y13440.png,0.3113,389.56,319.22,396.75,324.18
ch2_ohr_ncp_20250123T0750012833_d_img_d18_x08320_y13440.png,0.2977,588.0,315.58,594.2,320.67
ch2_ohr_ncp_20250123T0750012833_d_img_d18_x08320_y13440.png,0.242,366.3,289.32,376.95,298.25
ch2_ohr_ncp_20250123T0750012833_d_img_d18_x08320_y13440.png,0.2334,546.01,206.56,551.67,212.12
ch2_ohr_ncp_20250123T0750012833_d_img_d18_x08320_y14080.png,0.4053,238.37,497.12,244.27,502.18
ch2_ohr_ncp_20250123T0750012833_d_img_d18_x08320_y14080.png,0.371,569.66,279.45,575.71,284.92
ch2_ohr_ncp_20250123T0750012833_d_img_d18_x08320_y14080.png,0.329,123.82,536.31,128.37,540.78
ch2_ohr_ncp_20250123T0750012833_d_img_d18_x08320_y14080.png,0.2934,195.1,485.44,201.86,490.24
ch2_ohr_ncp_20250123T0750012833_d_img_d18_x08320_y14080.png,0.2883,232.92,514.98,239.21,521.21
ch2_ohr_ncp_20250123T0750012833_d_img_d18_x08320_y14080.png,0.2806,194.93,484.0,202.23,490.46
ch2_ohr_ncp_20250123T0750012833_d_img_d18_x08320_y14080.png,0.2543,376.49,290.12,380.82,294.59
ch2_ohr_ncp_20250123T0750012833_d_img_d18_x08320_y14080.png,0.2434,595.57,229.38,601.89,234.37
ch2_ohr_ncp_20250123T0750012833_d_img_d18_x08320_y14080.png,0.2415,539.28,255.25,546.54,260.9
ch2_ohr_ncp_20250123T0750012833_d_img_d18_x08320_y14080.png,0.2375,623.66,217.35,631.11,224.37
ch2_ohr_ncp_20250123T0750012833_d_img_d18_x08320_y17280.png,0.3685,249.06,603.64,307.33,640.0
ch2_ohr_ncp_20250123T0750012833_d_img_d18_x08320_y47360.png,0.2832,93.96,1.47,149.2,35.72
ch2_ohr_ncp_20250123T0750012833_d_img_d18_x08320_y50560.png,0.4647,453.78,306.77,460.29,312.31
ch2_ohr_ncp_20250123T0750012833_d_img_d18_x08320_y50560.png,0.4037,522.93,67.37,531.33,74.43
ch2_ohr_ncp_20250123T0750012833_d_img_d18_x08320_y50560.png,0.398,512.58,288.53,516.95,293.05
ch2_ohr_ncp_20250123T0750012833_d_img_d18_x08320_y50560.png,0.3622,434.39,93.58,447.61,105.75
ch2_ohr_ncp_20250123T0750012833_d_img_d18_x08320_y50560.png,0.3402,400.52,241.52,410.33,249.3
ch2_ohr_ncp_20250123T0750012833_d_img_d18_x08320_y50560.png,0.3336,462.62,275.1,468.01,278.75
ch2_ohr_ncp_20250123T0750012833_d_img_d18_x08320_y50560.png,0.2961,478.82,283.69,484.07,287.43
ch2_ohr_ncp_20250123T0750012833_d_img_d18_x08320_y50560.png,0.2911,395.47,205.03,403.63,212.45
ch2_ohr_ncp_20250123T0750012833_d_img_d18_x08320_y50560.png,0.2675,515.5,622.02,524.16,629.84
ch2_ohr_ncp_20250123T0750012833_d_img_d18_x08320_y50560.png,0.2306,395.62,122.74,400.26,126.67
ch2_ohr_ncp_20250123T0750012833_d_img_d18_x08320_y50560.png,0.2305,498.33,225.81,505.67,232.18
ch2_ohr_ncp_20250123T0750012833_d_img_d18_x08320_y50560.png,0.202,605.53,35.96,612.18,42.12
ch2_ohr_ncp_20250123T0750012833_d_img_d18_x08320_y54400.png,0.3349,362.09,269.18,399.58,304.52
ch2_ohr_ncp_20250123T0750012833_d_img_d18_x08320_y55040.png,0.2582,460.44,244.28,469.79,252.36
ch2_ohr_ncp_20250123T0750012833_d_img_d18_x08320_y56320.png,0.5247,528.34,219.96,532.71,224.65
ch2_ohr_ncp_20250123T0750012833_d_img_d18_x08320_y56320.png,0.3289,315.41,303.64,319.26,308.09
ch2_ohr_ncp_20250123T0750012833_d_img_d18_x08320_y56320.png,0.2881,264.6,253.27,270.48,260.0
ch2_ohr_ncp_20250123T0750012833_d_img_d18_x08320_y56320.png,0.2802,330.24,15.41,336.31,21.47
ch2_ohr_ncp_20250123T0750012833_d_img_d18_x08320_y56320.png,0.2583,546.31,219.86,556.21,226.9
ch2_ohr_ncp_20250123T0750012833_d_img_d18_x08320_y56320.png,0.2565,252.04,324.54,262.57,334.8
ch2_ohr_ncp_20250123T0750012833_d_img_d18_x08320_y56320.png,0.2391,210.9,168.45,216.08,173.09
ch2_ohr_ncp_20250123T0750012833_d_img_d18_x08320_y56320.png,0.2391,354.05,277.49,361.1,282.62
ch2_ohr_ncp_20250123T0750012833_d_img_d18_x08320_y56320.png,0.2312,51.13,209.57,63.93,220.6
ch2_ohr_ncp_20250123T0750012833_d_img_d18_x08320_y56320.png,0.2265,265.1,315.24,269.78,319.92
ch2_ohr_ncp_20250123T0750012833_d_img_d18_x08320_y56320.png,0.2099,364.0,328.84,370.7,333.44
ch2_ohr_ncp_20250123T0750012833_d_img_d18_x08320_y56320.png,0.2009,414.52,127.33,420.75,132.72
ch2_ohr_ncp_20250123T0750012833_d_img_d18_x08320_y63360.png,0.2052,294.77,602.12,322.97,628.74
ch2_ohr_ncp_20250123T0750012833_d_img_d18_x08960_y12160.png,0.2198,424.35,599.9,485.7,639.73
ch2_ohr_ncp_20250123T0750012833_d_img_d18_x08960_y12800.png,0.5946,461.88,232.5,468.15,238.27
ch2_ohr_ncp_20250123T0750012833_d_img_d18_x08960_y12800.png,0.5775,576.69,404.51,591.0,416.8
ch2_ohr_ncp_20250123T0750012833_d_img_d18_x08960_y12800.png,0.5773,497.98,279.36,504.22,284.14
ch2_ohr_ncp_20250123T0750012833_d_img_d18_x08960_y12800.png,0.3902,443.61,282.98,450.21,288.49
ch2_ohr_ncp_20250123T0750012833_d_img_d18_x08960_y12800.png,0.3721,359.63,382.32,365.01,388.02
ch2_ohr_ncp_20250123T0750012833_d_img_d18_x08960_y12800.png,0.349,563.99,331.03,571.42,337.53
ch2_ohr_ncp_20250123T0750012833_d_img_d18_x08960_y12800.png,0.3456,287.84,349.98,295.42,356.91
ch2_ohr_ncp_20250123T0750012833_d_img_d18_x08960_y12800.png,0.3334,565.26,330.37,572.16,337.6
ch2_ohr_ncp_20250123T0750012833_d_img_d18_x08960_y12800.png,0.3226,609.66,350.55,614.14,356.0
ch2_ohr_ncp_20250123T0750012833_d_img_d18_x08960_y12800.png,0.3149,630.64,288.91,636.03,294.1
ch2_ohr_ncp_20250123T0750012833_d_img_d18_x08960_y12800.png,0.2787,627.99,396.0,634.24,401.61
ch2_ohr_ncp_20250123T0750012833_d_img_d18_x08960_y12800.png,0.2594,337.29,276.0,343.03,282.31
ch2_ohr_ncp_20250123T0750012833_d_img_d18_x08960_y12800.png,0.2528,579.36,391.87,583.07,396.01
ch2_ohr_ncp_20250123T0750012833_d_img_d18_x08960_y12800.png,0.2303,464.12,261.17,470.97,268.0
ch2_ohr_ncp_20250123T0750012833_d_img_d18_x08960_y12800.png,0.2215,242.16,300.0,252.06,309.49
ch2_ohr_ncp_20250123T0750012833_d_img_d18_x08960_y12800.png,0.2097,585.11,431.21,589.34,436.0
ch2_ohr_ncp_20250123T0750012833_d_img_d18_x08960_y12800.png,0.2064,405.5,306.98,416.16,314.78
ch2_ohr_ncp_20250123T0750012833_d_img_d18_x08960_y12800.png,0.2036,496.12,391.55,502.0,397.28
ch2_ohr_ncp_20250123T0750012833_d_img_d18_x08960_y47360.png,0.2219,0.14,389.7,8.86,397.27
ch2_ohr_ncp_20250123T0750012833_d_img_d18_x08960_y48000.png,0.6271,480.77,201.57,489.11,209.06
ch2_ohr_ncp_20250123T0750012833_d_img_d18_x08960_y48000.png,0.3225,430.37,224.51,436.35,230.17
ch2_ohr_ncp_20250123T0750012833_d_img_d18_x08960_y48000.png,0.3135,528.43,203.44,534.28,208.65
ch2_ohr_ncp_20250123T0750012833_d_img_d18_x08960_y48000.png,0.272,583.37,275.17,591.62,281.97
ch2_ohr_ncp_20250123T0750012833_d_img_d18_x08960_y48640.png,0.215,23.94,621.43,32.37,628.87
ch2_ohr_ncp_20250123T0750012833_d_img_d18_x08960_y49920.png,0.5154,142.81,384.37,151.07,394.09
ch2_ohr_ncp_20250123T0750012833_d_img_d18_x08960_y49920.png,0.4756,91.9,447.76,98.63,453.24
ch2_ohr_ncp_20250123T0750012833_d_img_d18_x08960_y49920.png,0.423,58.19,577.26,63.44,581.72
ch2_ohr_ncp_20250123T0750012833_d_img_d18_x08960_y49920.png,0.3923,51.69,376.1,58.31,381.57
ch2_ohr_ncp_20250123T0750012833_d_img_d18_x08960_y49920.png,0.333,55.35,401.13,60.02,405.23
ch2_ohr_ncp_20250123T0750012833_d_img_d18_x08960_y49920.png,0.3286,128.91,527.39,133.22,532.01
ch2_ohr_ncp_20250123T0750012833_d_img_d18_x08960_y49920.png,0.3186,93.3,432.67,100.06,438.87
ch2_ohr_ncp_20250123T0750012833_d_img_d18_x08960_y49920.png,0.2968,50.93,611.99,58.13,618.9
ch2_ohr_ncp_20250123T0750012833_d_img_d18_x08960_y49920.png,0.2822,1.52,273.0,10.07,281.3
ch2_ohr_ncp_20250123T0750012833_d_img_d18_x08960_y49920.png,0.2807,83.77,362.99,87.97,367.16
ch2_ohr_ncp_20250123T0750012833_d_img_d18_x08960_y49920.png,0.2589,135.47,276.32,183.97,310.43
ch2_ohr_ncp_20250123T0750012833_d_img_d18_x08960_y49920.png,0.2367,32.58,545.89,40.05,551.94
ch2_ohr_ncp_20250123T0750012833_d_img_d18_x08960_y49920.png,0.2299,91.99,432.72,99.39,439.53
ch2_ohr_ncp_20250123T0750012833_d_img_d18_x08960_y49920.png,0.2162,0.0,499.98,6.6,506.95
ch2_ohr_ncp_20250123T0750012833_d_img_d18_x08960_y49920.png,0.2153,73.21,451.93,79.61,456.68
ch2_ohr_ncp_20250123T0750012833_d_img_d18_x08960_y49920.png,0.208,41.44,552.23,49.08,559.25
ch2_ohr_ncp_20250123T0750012833_d_img_d18_x08960_y51200.png,0.2058,367.03,370.48,422.0,406.23
ch2_ohr_ncp_20250123T0750012833_d_img_d18_x08960_y51840.png,0.4878,430.37,47.65,438.3,54.1
ch2_ohr_ncp_20250123T0750012833_d_img_d18_x08960_y51840.png,0.4381,539.83,194.04,544.46,199.7
ch2_ohr_ncp_20250123T0750012833_d_img_d18_x08960_y51840.png,0.3675,442.75,15.77,446.96,20.36
ch2_ohr_ncp_20250123T0750012833_d_img_d18_x08960_y51840.png,0.3559,522.99,96.84,535.65,106.29
ch2_ohr_ncp_20250123T0750012833_d_img_d18_x08960_y51840.png,0.3524,471.03,115.99,476.08,121.47
ch2_ohr_ncp_20250123T0750012833_d_img_d18_x08960_y51840.png,0.3411,617.55,191.03,621.83,196.0
ch2_ohr_ncp_20250123T0750012833_d_img_d18_x08960_y51840.png,0.324,499.3,59.98,503.09,64.27
ch2_ohr_ncp_20250123T0750012833_d_img_d18_x08960_y51840.png,0.2794,433.4,66.1,438.41,69.89
ch2_ohr_ncp_20250123T0750012833_d_img_d18_x08960_y51840.png,0.2723,527.1,172.8,534.04,180.2
ch2_ohr_ncp_20250123T0750012833_d_img_d18_x08960_y51840.png,0.2367,539.32,31.57,545.39,36.87
ch2_ohr_ncp_20250123T0750012833_d_img_d18_x08960_y51840.png,0.21,631.78,227.82,639.36,233.85
ch2_ohr_ncp_20250123T0750012833_d_img_d18_x08960_y53120.png,0.5467,606.4,95.81,612.61,102.06
ch2_ohr_ncp_20250123T0750012833_d_img_d18_x08960_y53120.png,0.5109,485.7,59.96,492.11,65.4
ch2_ohr_ncp_20250123T0750012833_d_img_d18_x08960_y53120.png,0.4652,478.82,278.79,485.63,284.88
ch2_ohr_ncp_20250123T0750012833_d_img_d18_x08960_y53120.png,0.4525,627.0,70.66,636.15,77.49
ch2_ohr_ncp_20250123T0750012833_d_img_d18_x08960_y53120.png,0.3276,471.05,129.47,476.04,132.29
ch2_ohr_ncp_20250123T0750012833_d_img_d18_x08960_y53120.png,0.3247,611.56,78.18,616.69,84.01
ch2_ohr_ncp_20250123T0750012833_d_img_d18_x08960_y53120.png,0.2691,624.16,110.2,628.29,116.0
ch2_ohr_ncp_20250123T0750012833_d_img_d18_x08960_y53120.png,0.2509,438.46,248.84,444.01,253.89
ch2_ohr_ncp_20250123T0750012833_d_img_d18_x08960_y56960.png,0.5865,169.74,315.24,175.22,320.59
ch2_ohr_ncp_20250123T0750012833_d_img_d18_x08960_y56960.png,0.5539,88.71,445.81,101.35,458.81
ch2_ohr_ncp_20250123T0750012833_d_img_d18_x08960_y56960.png,0.41,58.69,407.74,63.61,412.1
ch2_ohr_ncp_20250123T0750012833_d_img_d18_x08960_y56960.png,0.3364,116.52,597.34,121.21,601.03
ch2_ohr_ncp_20250123T0750012833_d_img_d18_x08960_y56960.png,0.3233,88.83,249.35,95.79,255.14
ch2_ohr_ncp_20250123T0750012833_d_img_d18_x08960_y56960.png,0.3101,178.78,503.17,182.9,508.0
ch2_ohr_ncp_20250123T0750012833_d_img_d18_x08960_y56960.png,0.2988,157.32,486.27,168.87,496.38
ch2_ohr_ncp_20250123T0750012833_d_img_d18_x08960_y56960.png,0.2744,75.87,408.46,81.8,412.5
ch2_ohr_ncp_20250123T0750012833_d_img_d18_x08960_y56960.png,0.2709,309.65,378.19,316.0,383.21
ch2_ohr_ncp_20250123T0750012833_d_img_d18_x08960_y56960.png,0.2569,337.1,561.27,342.34,565.65
ch2_ohr_ncp_20250123T0750012833_d_img_d18_x08960_y56960.png,0.2469,154.8,455.73,160.93,461.47
ch2_ohr_ncp_20250123T0750012833_d_img_d18_x08960_y56960.png,0.2368,141.17,498.16,148.14,504.48
ch2_ohr_ncp_20250123T0750012833_d_img_d18_x08960_y56960.png,0.2343,308.0,378.21,314.15,383.04
ch2_ohr_ncp_20250123T0750012833_d_img_d18_x08960_y56960.png,0.2336,290.88,440.2,298.18,447.24
ch2_ohr_ncp_20250123T0750012833_d_img_d18_x08960_y56960.png,0.2204,123.6,351.43,128.13,356.02
ch2_ohr_ncp_20250123T0750012833_d_img_d18_x08960_y56960.png,0.2115,151.12,324.0,157.58,330.83
ch2_ohr_ncp_20250123T0750012833_d_img_d18_x08960_y75520.png,0.3824,526.58,382.81,578.33,429.57
ch2_ohr_ncp_20250123T0750012833_d_img_d18_x09600_y08320.png,0.2659,0.0,586.11,56.41,640.0
ch2_ohr_ncp_20250123T0750012833_d_img_d18_x09600_y08320.png,0.2567,329.45,600.22,389.49,640.0
ch2_ohr_ncp_20250123T0750012833_d_img_d18_x09600_y10240.png,0.4857,593.16,600.23,640.0,640.0
ch2_ohr_ncp_20250123T0750012833_d_img_d18_x09600_y10240.png,0.2877,593.92,602.25,640.0,640.0
ch2_ohr_ncp_20250123T0750012833_d_img_d18_x09600_y10240.png,0.2063,583.09,602.07,640.0,640.0
ch2_ohr_ncp_20250123T0750012833_d_img_d18_x09600_y12160.png,0.588,9.13,560.08,16.53,566.46
ch2_ohr_ncp_20250123T0750012833_d_img_d18_x09600_y12160.png,0.5099,0.11,399.01,5.91,404.9
ch2_ohr_ncp_20250123T0750012833_d_img_d18_x09600_y12160.png,0.4676,329.66,519.15,338.75,524.89
ch2_ohr_ncp_20250123T0750012833_d_img_d18_x09600_y12160.png,0.4675,95.73,619.98,101.5,625.08
ch2_ohr_ncp_20250123T0750012833_d_img_d18_x09600_y12160.png,0.4618,131.35,482.44,137.05,488.74
ch2_ohr_ncp_20250123T0750012833_d_img_d18_x09600_y12160.png,0.4589,0.11,586.74,5.75,594.04
ch2_ohr_ncp_20250123T0750012833_d_img_d18_x09600_y12160.png,0.4489,122.43,447.6,130.77,455.38
ch2_ohr_ncp_20250123T0750012833_d_img_d18_x09600_y12160.png,0.4398,418.77,479.01,428.07,487.19
ch2_ohr_ncp_20250123T0750012833_d_img_d18_x09600_y12160.png,0.414,378.82,583.6,386.37,591.52
ch2_ohr_ncp_20250123T0750012833_d_img_d18_x09600_y12160.png,0.4055,425.64,337.77,435.57,344.81
ch2_ohr_ncp_20250123T0750012833_d_img_d18_x09600_y12160.png,0.4035,109.45,563.73,116.05,569.56
ch2_ohr_ncp_20250123T0750012833_d_img_d18_x09600_y12160.png,0.4024,331.47,579.88,336.3,584.48
ch2_ohr_ncp_20250123T0750012833_d_img_d18_x09600_y12160.png,0.381,266.07,499.13,271.28,504.0
ch2_ohr_ncp_20250123T0750012833_d_img_d18_x09600_y12160.png,0.3783,217.21,574.37,223.31,580.03
ch2_ohr_ncp_20250123T0750012833_d_img_d18_x09600_y12160.png,0.3558,97.07,553.25,101.58,557.06
ch2_ohr_ncp_20250123T0750012833_d_img_d18_x09600_y12160.png,0.3456,43.99,515.99,49.35,520.91
ch2_ohr_ncp_20250123T0750012833_d_img_d18_x09600_y12160.png,0.3427,355.08,591.67,361.38,596.55
ch2_ohr_ncp_20250123T0750012833_d_img_d18_x09600_y12160.png,0.3349,124.78,592.42,132.04,597.46
ch2_ohr_ncp_20250123T0750012833_d_img_d18_x09600_y12160.png,0.3314,29.24,624.08,36.0,628.65
ch2_ohr_ncp_20250123T0750012833_d_img_d18_x09600_y12160.png,0.328,207.29,401.65,212.03,405.76
ch2_ohr_ncp_20250123T0750012833_d_img_d18_x09600_y12160.png,0.3247,32.93,424.02,38.43,428.84
ch2_ohr_ncp_20250123T0750012833_d_img_d18_x09600_y12160.png,0.3222,221.91,398.95,228.08,404.02
ch2_ohr_ncp_20250123T0750012833_d_img_d18_x09600_y12160.png,0.3175,11.87,462.91,17.52,468.15
ch2_ohr_ncp_20250123T0750012833_d_img_d18_x09600_y12160.png,0.3138,219.98,597.64,227.08,604.0
ch2_ohr_ncp_20250123T0750012833_d_img_d18_x09600_y12160.png,0.3087,431.35,486.15,436.8,492.02
ch2_ohr_ncp_20250123T0750012833_d_img_d18_x09600_y12160.png,0.3055,211.4,587.19,214.89,590.36
ch2_ohr_ncp_20250123T0750012833_d_img_d18_x09600_y12160.png,0.3042,10.0,387.92,15.39,392.49
ch2_ohr_ncp_20250123T0750012833_d_img_d18_x09600_y12160.png,0.3033,40.09,463.54,44.06,468.0
ch2_ohr_ncp_20250123T0750012833_d_img_d18_x09600_y12160.png,0.2996,344.54,537.47,348.98,541.33
ch2_ohr_ncp_20250123T0750012833_d_img_d18_x09600_y12160.png,0.2978,212.99,415.08,223.1,425.3
ch2_ohr_ncp_20250123T0750012833_d_img_d18_x09600_y12160.png,0.2901,99.27,520.9,104.65,525.78
ch2_ohr_ncp_20250123T0750012833_d_img_d18_x09600_y12160.png,0.2888,83.54,485.83,92.06,492.99
ch2_ohr_ncp_20250123T0750012833_d_img_d18_x09600_y12160.png,0.2719,499.48,601.05,506.42,605.91
ch2_ohr_ncp_20250123T0750012833_d_img_d18_x09600_y12160.png,0.2699,27.08,623.26,34.15,629.21
ch2_ohr_ncp_20250123T0750012833_d_img_d18_x09600_y12160.png,0.2549,202.76,549.38,208.82,556.0
ch2_ohr_ncp_20250123T0750012833_d_img_d18_x09600_y12160.png,0.2442,455.52,331.63,462.09,336.28
ch2_ohr_ncp_20250123T0750012833_d_img_d18_x09600_y12160.png,0.2414,73.53,404.53,91.17,417.66
ch2_ohr_ncp_20250123T0750012833_d_img_d18_x09600_y12160.png,0.2413,410.73,353.3,416.46,358.58
ch2_ohr_ncp_20250123T0750012833_d_img_d18_x09600_y12160.png,0.2365,361.47,231.97,372.0,239.97
ch2_ohr_ncp_20250123T0750012833_d_img_d18_x09600_y12160.png,0.2278,19.95,621.83,30.55,628.74
ch2_ohr_ncp_20250123T0750012833_d_img_d18_x09600_y12160.png,0.2243,427.87,360.54,432.55,364.27
ch2_ohr_ncp_20250123T0750012833_d_img_d18_x09600_y12160.png,0.2107,445.94,370.26,452.1,374.59
ch2_ohr_ncp_20250123T0750012833_d_img_d18_x09600_y12160.png,0.2101,433.8,255.4,438.7,260.1
ch2_ohr_ncp_20250123T0750012833_d_img_d18_x09600_y12160.png,0.2065,0.02,587.53,4.91,596.0
ch2_ohr_ncp_20250123T0750012833_d_img_d18_x09600_y13440.png,0.3627,458.44,266.97,507.33,305.84
ch2_ohr_ncp_20250123T0750012833_d_img_d18_x09600_y14720.png,0.3443,357.21,323.78,367.64,332.61
ch2_ohr_ncp_20250123T0750012833_d_img_d18_x09600_y19200.png,0.2165,0.02,256.9,5.9,264.03
ch2_ohr_ncp_20250123T0750012833_d_img_d18_x09600_y51840.png,0.2494,117.96,113.09,124.21,118.04
ch2_ohr_ncp_20250123T0750012833_d_img_d18_x09600_y53120.png,0.5207,160.29,379.18,164.21,382.73
ch2_ohr_ncp_20250123T0750012833_d_img_d18_x09600_y53120.png,0.2053,28.0,253.63,33.9,260.0
ch2_ohr_ncp_20250123T0750012833_d_img_d18_x09600_y53120.png,0.2042,0.09,200.75,4.65,206.55
ch2_ohr_ncp_20250123T0750012833_d_img_d18_x09600_y53120.png,0.2035,24.19,224.57,30.09,229.46
ch2_ohr_ncp_20250123T0750012833_d_img_d18_x09600_y55040.png,0.419,135.11,627.97,141.74,634.55
ch2_ohr_ncp_20250123T0750012833_d_img_d18_x09600_y55040.png,0.2449,93.95,368.62,116.09,402.4
ch2_ohr_ncp_20250123T0750012833_d_img_d18_x09600_y55040.png,0.2183,24.79,543.58,31.34,550.0
ch2_ohr_ncp_20250123T0750012833_d_img_d18_x09600_y56320.png,0.5103,73.49,433.86,78.84,438.6
ch2_ohr_ncp_20250123T0750012833_d_img_d18_x09600_y56320.png,0.4676,310.98,472.05,316.09,476.88
ch2_ohr_ncp_20250123T0750012833_d_img_d18_x09600_y56320.png,0.4359,199.73,391.92,225.24,412.67
ch2_ohr_ncp_20250123T0750012833_d_img_d18_x09600_y56320.png,0.4242,107.97,476.0,112.97,481.02
ch2_ohr_ncp_20250123T0750012833_d_img_d18_x09600_y56320.png,0.3883,312.3,488.68,318.57,494.58
ch2_ohr_ncp_20250123T0750012833_d_img_d18_x09600_y56320.png,0.3739,273.98,537.5,279.24,541.68
ch2_ohr_ncp_20250123T0750012833_d_img_d18_x09600_y56320.png,0.3231,199.38,447.31,207.93,454.11
ch2_ohr_ncp_20250123T0750012833_d_img_d18_x09600_y56320.png,0.3226,139.97,465.36,146.23,471.09
ch2_ohr_ncp_20250123T0750012833_d_img_d18_x09600_y56320.png,0.3178,152.73,419.18,160.48,425.93
ch2_ohr_ncp_20250123T0750012833_d_img_d18_x09600_y56320.png,0.3152,155.98,475.98,161.23,481.21
ch2_ohr_ncp_20250123T0750012833_d_img_d18_x09600_y56320.png,0.3036,418.89,472.71,425.52,479.24
ch2_ohr_ncp_20250123T0750012833_d_img_d18_x09600_y56320.png,0.2847,376.94,467.29,396.1,485.17
ch2_ohr_ncp_20250123T0750012833_d_img_d18_x09600_y56320.png,0.2828,492.0,494.49,497.83,500.0
ch2_ohr_ncp_20250123T0750012833_d_img_d18_x09600_y56320.png,0.2663,272.02,527.46,276.3,532.02
ch2_ohr_ncp_20250123T0750012833_d_img_d18_x09600_y56320.png,0.2564,481.02,555.57,485.22,559.69
ch2_ohr_ncp_20250123T0750012833_d_img_d18_x09600_y56320.png,0.2536,250.97,609.19,256.01,613.43
ch2_ohr_ncp_20250123T0750012833_d_img_d18_x09600_y56320.png,0.2457,483.98,403.99,489.1,409.1
ch2_ohr_ncp_20250123T0750012833_d_img_d18_x09600_y56320.png,0.2296,252.0,435.83,257.78,440.43
ch2_ohr_ncp_20250123T0750012833_d_img_d18_x09600_y56320.png,0.2193,322.21,524.0,327.93,530.11
ch2_ohr_ncp_20250123T0750012833_d_img_d18_x09600_y56320.png,0.2168,30.75,537.73,36.22,543.32
ch2_ohr_ncp_20250123T0750012833_d_img_d18_x09600_y56320.png,0.2115,136.91,414.29,142.24,420.0
ch2_ohr_ncp_20250123T0750012833_d_img_d18_x09600_y56320.png,0.2102,242.83,553.58,255.21,566.78
ch2_ohr_ncp_20250123T0750012833_d_img_d18_x09600_y56320.png,0.2016,47.57,624.48,53.87,630.08
ch2_ohr_ncp_20250123T0750012833_d_img_d18_x09600_y56320.png,0.2005,149.56,381.91,156.03,388.0
ch2_ohr_ncp_20250123T0750012833_d_img_d18_x09600_y56960.png,0.4472,497.14,351.29,504.98,359.13
ch2_ohr_ncp_20250123T0750012833_d_img_d18_x09600_y56960.png,0.2691,501.34,336.93,508.04,343.08
ch2_ohr_ncp_20250123T0750012833_d_img_d18_x09600_y56960.png,0.2159,496.13,320.45,500.69,324.2
ch2_ohr_ncp_20250123T0750012833_d_img_d18_x09600_y63360.png,0.4445,32.41,572.0,36.89,576.78
ch2_ohr_ncp_20250123T0750012833_d_img_d18_x09600_y63360.png,0.3525,443.97,505.18,448.29,508.88
ch2_ohr_ncp_20250123T0750012833_d_img_d18_x09600_y63360.png,0.3504,448.02,537.11,452.01,540.61
ch2_ohr_ncp_20250123T0750012833_d_img_d18_x09600_y63360.png,0.3184,425.89,495.86,431.6,502.12
ch2_ohr_ncp_20250123T0750012833_d_img_d18_x09600_y63360.png,0.301,330.47,374.87,337.48,382.93
ch2_ohr_ncp_20250123T0750012833_d_img_d18_x09600_y63360.png,0.2927,520.13,472.3,527.91,480.46
ch2_ohr_ncp_20250123T0750012833_d_img_d18_x09600_y63360.png,0.2905,502.25,597.77,508.52,604.0
ch2_ohr_ncp_20250123T0750012833_d_img_d18_x09600_y63360.png,0.2714,71.79,486.76,78.58,492.52
ch2_ohr_ncp_20250123T0750012833_d_img_d18_x09600_y63360.png,0.2655,441.91,518.74,446.73,524.01
ch2_ohr_ncp_20250123T0750012833_d_img_d18_x09600_y63360.png,0.2539,484.09,53.96,507.62,83.53
ch2_ohr_ncp_20250123T0750012833_d_img_d18_x09600_y63360.png,0.2478,502.06,596.0,508.64,603.03
ch2_ohr_ncp_20250123T0750012833_d_img_d18_x09600_y63360.png,0.2092,526.86,369.83,532.01,373.62
ch2_ohr_ncp_20250123T0750012833_d_img_d18_x09600_y65920.png,0.3425,223.85,603.12,278.25,640.0
ch2_ohr_ncp_20250123T0750012833_d_img_d18_x10240_y07680.png,0.3126,161.43,305.04,166.67,309.13
ch2_ohr_ncp_20250123T0750012833_d_img_d18_x10240_y08960.png,0.3395,0.0,394.83,48.89,447.3
ch2_ohr_ncp_20250123T0750012833_d_img_d18_x10240_y08960.png,0.216,238.91,285.67,289.65,329.22
ch2_ohr_ncp_20250123T0750012833_d_img_d18_x10240_y09600.png,0.6234,110.74,537.02,118.27,543.13
ch2_ohr_ncp_20250123T0750012833_d_img_d18_x10240_y09600.png,0.4055,222.58,497.24,230.0,503.38
ch2_ohr_ncp_20250123T0750012833_d_img_d18_x10240_y09600.png,0.3777,93.96,506.05,100.01,512.77
ch2_ohr_ncp_20250123T0750012833_d_img_d18_x10240_y09600.png,0.3621,225.49,531.76,233.34,538.39
ch2_ohr_ncp_20250123T0750012833_d_img_d18_x10240_y09600.png,0.3288,225.95,516.0,230.79,522.51
ch2_ohr_ncp_20250123T0750012833_d_img_d18_x10240_y09600.png,0.3039,64.05,434.56,68.77,438.83
ch2_ohr_ncp_20250123T0750012833_d_img_d18_x10240_y09600.png,0.2886,59.6,406.37,67.15,412.97
ch2_ohr_ncp_20250123T0750012833_d_img_d18_x10240_y09600.png,0.2877,128.87,523.63,132.86,528.29
ch2_ohr_ncp_20250123T0750012833_d_img_d18_x10240_y09600.png,0.2306,102.22,584.36,108.0,588.6
ch2_ohr_ncp_20250123T0750012833_d_img_d18_x10240_y09600.png,0.2264,152.11,548.0,156.68,553.77
ch2_ohr_ncp_20250123T0750012833_d_img_d18_x10240_y09600.png,0.2176,225.65,517.27,230.46,524.0
ch2_ohr_ncp_20250123T0750012833_d_img_d18_x10240_y09600.png,0.2175,83.45,460.0,87.71,465.94
ch2_ohr_ncp_20250123T0750012833_d_img_d18_x10240_y12160.png,0.4538,183.75,129.0,191.21,135.93
ch2_ohr_ncp_20250123T0750012833_d_img_d18_x10240_y12160.png,0.3097,40.91,6.73,45.78,12.0
ch2_ohr_ncp_20250123T0750012833_d_img_d18_x10240_y12160.png,0.2145,24.99,119.31,31.23,125.41
ch2_ohr_ncp_20250123T0750012833_d_img_d18_x10240_y12160.png,0.2069,142.33,55.39,160.27,68.32
ch2_ohr_ncp_20250123T0750012833_d_img_d18_x10240_y14080.png,0.3616,182.37,578.86,188.03,582.97
ch2_ohr_ncp_20250123T0750012833_d_img_d18_x10240_y14080.png,0.2425,23.9,94.64,70.37,148.71
ch2_ohr_ncp_20250123T0750012833_d_img_d18_x10240_y14080.png,0.2413,337.65,623.49,344.4,631.88
ch2_ohr_ncp_20250123T0750012833_d_img_d18_x10240_y14080.png,0.2082,262.69,543.96,268.03,548.67
ch2_ohr_ncp_20250123T0750012833_d_img_d18_x10240_y14080.png,0.2053,232.25,517.7,242.11,526.68
ch2_ohr_ncp_20250123T0750012833_d_img_d18_x10240_y16640.png,0.3657,534.74,250.07,540.01,254.59
ch2_ohr_ncp_20250123T0750012833_d_img_d18_x10240_y19200.png,0.3635,425.46,55.4,435.95,66.65
ch2_ohr_ncp_20250123T0750012833_d_img_d18_x10240_y19200.png,0.3027,98.74,239.12,142.58,288.35
ch2_ohr_ncp_20250123T0750012833_d_img_d18_x10240_y19200.png,0.2146,449.09,141.84,453.78,148.01
ch2_ohr_ncp_20250123T0750012833_d_img_d18_x10240_y46720.png,0.6737,214.22,384.26,220.3,389.64
ch2_ohr_ncp_20250123T0750012833_d_img_d18_x10240_y46720.png,0.5006,409.6,505.68,416.11,512.11
ch2_ohr_ncp_20250123T0750012833_d_img_d18_x10240_y46720.png,0.4891,353.69,393.78,358.73,397.78
ch2_ohr_ncp_20250123T0750012833_d_img_d18_x10240_y46720.png,0.4827,463.43,489.09,470.61,496.65
ch2_ohr_ncp_20250123T0750012833_d_img_d18_x10240_y46720.png,0.4619,310.79,490.62,318.53,497.49
ch2_ohr_ncp_20250123T0750012833_d_img_d18_x10240_y46720.png,0.4532,352.54,360.49,358.1,365.63
ch2_ohr_ncp_20250123T0750012833_d_img_d18_x10240_y46720.png,0.4187,209.68,432.91,216.08,439.32
ch2_ohr_ncp_20250123T0750012833_d_img_d18_x10240_y46720.png,0.3626,281.74,531.23,288.5,539.24
ch2_ohr_ncp_20250123T0750012833_d_img_d18_x10240_y46720.png,0.3576,384.51,455.19,395.06,466.75
ch2_ohr_ncp_20250123T0750012833_d_img_d18_x10240_y46720.png,0.35,365.94,412.35,374.8,420.18
ch2_ohr_ncp_20250123T0750012833_d_img_d18_x10240_y46720.png,0.3395,281.3,378.07,285.28,381.48
ch2_ohr_ncp_20250123T0750012833_d_img_d18_x10240_y46720.png,0.3366,292.0,353.46,297.85,357.78
ch2_ohr_ncp_20250123T0750012833_d_img_d18_x10240_y46720.png,0.3301,408.88,445.63,414.64,452.0
ch2_ohr_ncp_20250123T0750012833_d_img_d18_x10240_y46720.png,0.3291,399.5,349.65,408.89,359.74
ch2_ohr_ncp_20250123T0750012833_d_img_d18_x10240_y46720.png,0.3178,296.7,434.95,300.66,439.54
ch2_ohr_ncp_20250123T0750012833_d_img_d18_x10240_y46720.png,0.3176,313.07,483.69,317.93,488.03
ch2_ohr_ncp_20250123T0750012833_d_img_d18_x10240_y46720.png,0.2838,493.13,487.71,500.01,493.07
ch2_ohr_ncp_20250123T0750012833_d_img_d18_x10240_y46720.png,0.2771,343.2,423.39,356.98,439.78
ch2_ohr_ncp_20250123T0750012833_d_img_d18_x10240_y46720.png,0.2655,341.92,392.74,348.0,397.13
ch2_ohr_ncp_20250123T0750012833_d_img_d18_x10240_y46720.png,0.2399,119.31,529.79,124.09,533.91
ch2_ohr_ncp_20250123T0750012833_d_img_d18_x10240_y46720.png,0.2295,121.74,379.98,126.47,385.6
ch2_ohr_ncp_20250123T0750012833_d_img_d18_x10240_y46720.png,0.2282,408.73,444.0,414.4,451.07
ch2_ohr_ncp_20250123T0750012833_d_img_d18_x10240_y46720.png,0.2145,253.34,398.39,260.05,404.2
ch2_ohr_ncp_20250123T0750012833_d_img_d18_x10240_y46720.png,0.209,251.93,386.43,256.49,390.0
ch2_ohr_ncp_20250123T0750012833_d_img_d18_x10240_y46720.png,0.2004,272.54,385.23,276.47,389.34
ch2_ohr_ncp_20250123T0750012833_d_img_d18_x10240_y46720.png,0.2004,364.0,411.96,373.67,419.27
ch2_ohr_ncp_20250123T0750012833_d_img_d18_x10240_y49280.png,0.2547,523.49,370.95,534.8,380.01
ch2_ohr_ncp_20250123T0750012833_d_img_d18_x10240_y49280.png,0.2254,445.4,374.06,452.66,381.67
ch2_ohr_ncp_20250123T0750012833_d_img_d18_x10240_y50560.png,0.4037,427.99,345.78,434.78,350.64
ch2_ohr_ncp_20250123T0750012833_d_img_d18_x10240_y50560.png,0.3355,429.33,345.85,436.0,350.85
ch2_ohr_ncp_20250123T0750012833_d_img_d18_x10240_y50560.png,0.2987,81.66,298.22,89.15,305.63
ch2_ohr_ncp_20250123T0750012833_d_img_d18_x10240_y50560.png,0.2944,321.16,326.17,328.24,333.38
ch2_ohr_ncp_20250123T0750012833_d_img_d18_x10240_y50560.png,0.2538,141.02,293.89,149.51,301.65
ch2_ohr_ncp_20250123T0750012833_d_img_d18_x10240_y51200.png,0.2721,385.7,0.34,439.29,55.43
ch2_ohr_ncp_20250123T0750012833_d_img_d18_x10240_y51840.png,0.4482,193.32,401.13,198.75,405.45
ch2_ohr_ncp_20250123T0750012833_d_img_d18_x10240_y53760.png,0.5766,493.83,383.91,501.43,390.86
ch2_ohr_ncp_20250123T0750012833_d_img_d18_x10240_y53760.png,0.4508,482.12,393.64,487.32,397.79
ch2_ohr_ncp_20250123T0750012833_d_img_d18_x10240_y53760.png,0.4275,618.01,627.36,621.76,630.87
ch2_ohr_ncp_20250123T0750012833_d_img_d18_x10240_y53760.png,0.341,590.02,622.94,598.7,632.42
ch2_ohr_ncp_20250123T0750012833_d_img_d18_x10240_y53760.png,0.2436,610.76,614.59,616.0,617.91
ch2_ohr_ncp_20250123T0750012833_d_img_d18_x10240_y53760.png,0.2303,159.82,83.68,164.79,87.81
ch2_ohr_ncp_20250123T0750012833_d_img_d18_x10240_y53760.png,0.22,547.61,619.99,553.56,626.28
ch2_ohr_ncp_20250123T0750012833_d_img_d18_x10240_y53760.png,0.2011,48.4,465.98,53.23,470.36
ch2_ohr_ncp_20250123T0750012833_d_img_d18_x10240_y55040.png,0.5984,65.3,527.93,69.97,532.66
ch2_ohr_ncp_20250123T0750012833_d_img_d18_x10240_y55040.png,0.5654,157.96,504.53,167.04,512.7
ch2_ohr_ncp_20250123T0750012833_d_img_d18_x10240_y55040.png,0.4229,207.15,624.47,214.38,631.22
ch2_ohr_ncp_20250123T0750012833_d_img_d18_x10240_y55040.png,0.3623,231.79,344.39,239.4,349.38
ch2_ohr_ncp_20250123T0750012833_d_img_d18_x10240_y55040.png,0.3434,497.57,552.66,503.9,559.14
ch2_ohr_ncp_20250123T0750012833_d_img_d18_x10240_y55040.png,0.3156,136.0,348.0,140.61,354.44
ch2_ohr_ncp_20250123T0750012833_d_img_d18_x10240_y55040.png,0.2878,458.11,440.8,463.57,446.16
ch2_ohr_ncp_20250123T0750012833_d_img_d18_x10240_y55040.png,0.2829,150.68,532.0,156.06,538.5
ch2_ohr_ncp_20250123T0750012833_d_img_d18_x10240_y55040.png,0.2763,99.85,286.64,111.02,297.17
ch2_ohr_ncp_20250123T0750012833_d_img_d18_x10240_y55040.png,0.2649,194.31,615.77,202.25,624.75
ch2_ohr_ncp_20250123T0750012833_d_img_d18_x10240_y55040.png,0.2636,230.45,290.94,242.73,300.03
ch2_ohr_ncp_20250123T0750012833_d_img_d18_x10240_y55040.png,0.2613,59.85,395.66,64.98,400.4
ch2_ohr_ncp_20250123T0750012833_d_img_d18_x10240_y55040.png,0.2604,513.49,596.16,567.89,640.0
ch2_ohr_ncp_20250123T0750012833_d_img_d18_x10240_y55040.png,0.2525,53.59,569.09,65.74,579.88
ch2_ohr_ncp_20250123T0750012833_d_img_d18_x10240_y55040.png,0.2449,128.53,238.29,146.17,269.93
ch2_ohr_ncp_20250123T0750012833_d_img_d18_x10240_y55040.png,0.2405,438.61,356.0,445.25,363.88
ch2_ohr_ncp_20250123T0750012833_d_img_d18_x10240_y55040.png,0.2359,429.03,478.83,436.87,487.34
ch2_ohr_ncp_20250123T0750012833_d_img_d18_x10240_y55040.png,0.2325,461.25,395.36,468.0,400.62
ch2_ohr_ncp_20250123T0750012833_d_img_d18_x10240_y55040.png,0.2217,460.0,395.56,466.32,400.4
ch2_ohr_ncp_20250123T0750012833_d_img_d18_x10240_y55040.png,0.2161,445.38,346.02,452.01,351.83
ch2_ohr_ncp_20250123T0750012833_d_img_d18_x10240_y55040.png,0.2137,14.94,457.59,21.1,462.66
ch2_ohr_ncp_20250123T0750012833_d_img_d18_x10240_y55040.png,0.2062,160.85,590.29,168.5,597.65
ch2_ohr_ncp_20250123T0750012833_d_img_d18_x10240_y55040.png,0.2046,371.95,295.93,379.08,302.23
ch2_ohr_ncp_20250123T0750012833_d_img_d18_x10240_y55040.png,0.2004,57.77,260.91,68.63,268.02
ch2_ohr_ncp_20250123T0750012833_d_img_d18_x10240_y55680.png,0.2751,251.0,230.4,256.65,236.38
ch2_ohr_ncp_20250123T0750012833_d_img_d18_x10240_y55680.png,0.2358,531.99,178.94,537.72,183.04
ch2_ohr_ncp_20250123T0750012833_d_img_d18_x10240_y64000.png,0.2202,393.12,426.37,438.78,455.86
ch2_ohr_ncp_20250123T0750012833_d_img_d18_x10240_y69760.png,0.4779,242.06,256.43,248.32,263.46
ch2_ohr_ncp_20250123T0750012833_d_img_d18_x10240_y69760.png,0.2747,332.48,110.71,340.42,117.31
ch2_ohr_ncp_20250123T0750012833_d_img_d18_x10240_y69760.png,0.2743,248.99,154.65,256.19,160.35
ch2_ohr_ncp_20250123T0750012833_d_img_d18_x10240_y69760.png,0.2014,55.46,368.21,60.57,373.03
ch2_ohr_ncp_20250123T0750012833_d_img_d18_x10240_y76160.png,0.2484,577.22,107.38,582.55,111.92
ch2_ohr_ncp_20250123T0750012833_d_img_d18_x10880_y12800.png,0.5578,553.17,294.46,559.07,300.64
ch2_ohr_ncp_20250123T0750012833_d_img_d18_x10880_y12800.png,0.5381,542.4,334.93,548.87,340.76
ch2_ohr_ncp_20250123T0750012833_d_img_d18_x10880_y12800.png,0.527,507.87,369.29,515.59,375.54
ch2_ohr_ncp_20250123T0750012833_d_img_d18_x10880_y12800.png,0.5014,333.17,264.26,340.0,269.21
ch2_ohr_ncp_20250123T0750012833_d_img_d18_x10880_y12800.png,0.4735,456.69,415.79,462.08,420.16
ch2_ohr_ncp_20250123T0750012833_d_img_d18_x10880_y12800.png,0.4472,518.27,280.6,525.25,286.51
ch2_ohr_ncp_20250123T0750012833_d_img_d18_x10880_y12800.png,0.4404,476.0,339.05,482.19,343.65
ch2_ohr_ncp_20250123T0750012833_d_img_d18_x10880_y12800.png,0.4227,331.99,264.42,338.92,269.37
ch2_ohr_ncp_20250123T0750012833_d_img_d18_x10880_y12800.png,0.3679,501.95,454.71,508.46,460.42
ch2_ohr_ncp_20250123T0750012833_d_img_d18_x10880_y12800.png,0.3607,442.78,438.28,453.02,448.08
ch2_ohr_ncp_20250123T0750012833_d_img_d18_x10880_y12800.png,0.3523,301.17,295.36,311.19,306.05
ch2_ohr_ncp_20250123T0750012833_d_img_d18_x10880_y12800.png,0.3349,403.75,230.77,410.56,236.16
ch2_ohr_ncp_20250123T0750012833_d_img_d18_x10880_y12800.png,0.2903,512.08,265.83,521.66,272.52
ch2_ohr_ncp_20250123T0750012833_d_img_d18_x10880_y12800.png,0.2828,521.75,322.16,525.88,325.81
ch2_ohr_ncp_20250123T0750012833_d_img_d18_x10880_y12800.png,0.2741,470.05,422.25,474.69,426.68
ch2_ohr_ncp_20250123T0750012833_d_img_d18_x10880_y12800.png,0.2687,520.69,329.23,526.44,335.9
ch2_ohr_ncp_20250123T0750012833_d_img_d18_x10880_y12800.png,0.2676,351.88,244.0,359.85,251.09
ch2_ohr_ncp_20250123T0750012833_d_img_d18_x10880_y12800.png,0.243,538.78,249.65,544.14,254.1
ch2_ohr_ncp_20250123T0750012833_d_img_d18_x10880_y12800.png,0.2336,355.14,257.99,358.94,261.03
ch2_ohr_ncp_20250123T0750012833_d_img_d18_x10880_y12800.png,0.2242,489.63,342.96,494.07,348.0
ch2_ohr_ncp_20250123T0750012833_d_img_d18_x10880_y12800.png,0.213,361.04,192.67,369.78,200.82
ch2_ohr_ncp_20250123T0750012833_d_img_d18_x10880_y12800.png,0.2038,490.14,360.87,494.74,364.68
ch2_ohr_ncp_20250123T0750012833_d_img_d18_x10880_y19200.png,0.3005,475.85,0.0,541.44,43.1
ch2_ohr_ncp_20250123T0750012833_d_img_d18_x10880_y51200.png,0.4343,426.55,322.52,436.94,330.57
ch2_ohr_ncp_20250123T0750012833_d_img_d18_x10880_y51200.png,0.3581,187.37,330.95,196.28,338.7
ch2_ohr_ncp_20250123T0750012833_d_img_d18_x10880_y51200.png,0.3386,320.92,285.04,326.76,292.0
ch2_ohr_ncp_20250123T0750012833_d_img_d18_x10880_y51200.png,0.2497,354.82,388.0,359.96,392.83
ch2_ohr_ncp_20250123T0750012833_d_img_d18_x10880_y51200.png,0.2417,450.43,256.04,456.08,260.91
ch2_ohr_ncp_20250123T0750012833_d_img_d18_x10880_y51200.png,0.2008,350.57,323.95,356.3,328.63
ch2_ohr_ncp_20250123T0750012833_d_img_d18_x10880_y53760.png,0.216,95.28,392.18,100.39,396.02
ch2_ohr_ncp_20250123T0750012833_d_img_d18_x10880_y54400.png,0.4418,602.51,350.07,611.9,360.22
ch2_ohr_ncp_20250123T0750012833_d_img_d18_x10880_y54400.png,0.333,575.15,378.54,581.02,383.88
ch2_ohr_ncp_20250123T0750012833_d_img_d18_x10880_y54400.png,0.2563,603.2,396.0,608.81,401.99
ch2_ohr_ncp_20250123T0750012833_d_img_d18_x10880_y54400.png,0.2197,602.87,397.38,608.57,404.0
ch2_ohr_ncp_20250123T0750012833_d_img_d18_x10880_y55040.png,0.2046,564.53,229.1,594.76,268.57
ch2_ohr_ncp_20250123T0750012833_d_img_d18_x10880_y55680.png,0.466,548.96,422.38,556.96,430.42
ch2_ohr_ncp_20250123T0750012833_d_img_d18_x10880_y56320.png,0.4209,427.93,525.16,437.82,532.92
ch2_ohr_ncp_20250123T0750012833_d_img_d18_x10880_y56320.png,0.2379,274.4,417.92,282.57,424.35
ch2_ohr_ncp_20250123T0750012833_d_img_d18_x10880_y57600.png,0.5608,286.24,311.45,292.66,316.05
ch2_ohr_ncp_20250123T0750012833_d_img_d18_x10880_y57600.png,0.4955,302.78,313.67,310.25,321.5
ch2_ohr_ncp_20250123T0750012833_d_img_d18_x10880_y57600.png,0.434,258.66,318.75,269.47,330.56
ch2_ohr_ncp_20250123T0750012833_d_img_d18_x10880_y57600.png,0.3618,189.87,259.2,205.05,271.03
ch2_ohr_ncp_20250123T0750012833_d_img_d18_x10880_y57600.png,0.3454,577.7,113.93,583.23,118.55
ch2_ohr_ncp_20250123T0750012833_d_img_d18_x10880_y57600.png,0.34,58.28,294.06,67.44,302.89
ch2_ohr_ncp_20250123T0750012833_d_img_d18_x10880_y57600.png,0.3203,290.55,126.09,296.16,132.01
ch2_ohr_ncp_20250123T0750012833_d_img_d18_x10880_y57600.png,0.3111,338.14,465.45,350.7,476.74
ch2_ohr_ncp_20250123T0750012833_d_img_d18_x10880_y57600.png,0.3015,315.99,145.55,321.02,149.23
ch2_ohr_ncp_20250123T0750012833_d_img_d18_x10880_y57600.png,0.3014,215.49,291.84,223.26,297.9
ch2_ohr_ncp_20250123T0750012833_d_img_d18_x10880_y57600.png,0.2912,319.25,208.26,324.55,212.4
ch2_ohr_ncp_20250123T0750012833_d_img_d18_x10880_y57600.png,0.2882,305.31,440.37,311.27,445.42
ch2_ohr_ncp_20250123T0750012833_d_img_d18_x10880_y57600.png,0.2879,263.43,307.89,268.12,312.28
ch2_ohr_ncp_20250123T0750012833_d_img_d18_x10880_y57600.png,0.2828,320.22,272.42,326.14,278.14
ch2_ohr_ncp_20250123T0750012833_d_img_d18_x10880_y57600.png,0.275,122.79,231.3,129.41,237.08
ch2_ohr_ncp_20250123T0750012833_d_img_d18_x10880_y57600.png,0.2705,284.0,311.42,291.95,316.04
ch2_ohr_ncp_20250123T0750012833_d_img_d18_x10880_y57600.png,0.2595,216.65,227.8,225.09,234.65
ch2_ohr_ncp_20250123T0750012833_d_img_d18_x10880_y57600.png,0.2581,262.99,121.81,275.77,131.14
ch2_ohr_ncp_20250123T0750012833_d_img_d18_x10880_y57600.png,0.2564,231.42,320.65,236.07,324.22
ch2_ohr_ncp_20250123T0750012833_d_img_d18_x10880_y57600.png,0.2255,95.22,231.37,100.22,236.01
ch2_ohr_ncp_20250123T0750012833_d_img_d18_x10880_y57600.png,0.2254,261.95,308.98,266.32,312.91
ch2_ohr_ncp_20250123T0750012833_d_img_d18_x10880_y57600.png,0.2236,211.92,247.12,217.09,252.06
ch2_ohr_ncp_20250123T0750012833_d_img_d18_x10880_y57600.png,0.218,266.06,300.0,270.85,305.89
ch2_ohr_ncp_20250123T0750012833_d_img_d18_x10880_y57600.png,0.202,488.45,178.32,493.49,184.06
ch2_ohr_ncp_20250123T0750012833_d_img_d18_x10880_y57600.png,0.2004,351.29,191.97,359.31,200.84
ch2_ohr_ncp_20250123T0750012833_d_img_d18_x10880_y64640.png,0.2569,366.84,0.0,441.28,41.09
ch2_ohr_ncp_20250123T0750012833_d_img_d18_x10880_y66560.png,0.4867,412.57,30.61,422.57,39.83
ch2_ohr_ncp_20250123T0750012833_d_img_d18_x10880_y66560.png,0.4722,544.68,112.47,548.83,116.17
ch2_ohr_ncp_20250123T0750012833_d_img_d18_x10880_y66560.png,0.462,481.2,28.39,490.34,36.54
ch2_ohr_ncp_20250123T0750012833_d_img_d18_x10880_y66560.png,0.4538,635.8,161.14,639.83,167.55
ch2_ohr_ncp_20250123T0750012833_d_img_d18_x10880_y66560.png,0.4515,587.88,183.02,592.64,188.01
ch2_ohr_ncp_20250123T0750012833_d_img_d18_x10880_y66560.png,0.3758,559.38,102.66,565.58,108.05
ch2_ohr_ncp_20250123T0750012833_d_img_d18_x10880_y66560.png,0.373,554.02,3.03,563.97,10.69
ch2_ohr_ncp_20250123T0750012833_d_img_d18_x10880_y66560.png,0.3601,580.0,148.0,586.17,153.12
ch2_ohr_ncp_20250123T0750012833_d_img_d18_x10880_y66560.png,0.3475,581.02,149.14,586.13,153.34
ch2_ohr_ncp_20250123T0750012833_d_img_d18_x10880_y66560.png,0.3206,501.84,134.99,508.44,140.02
ch2_ohr_ncp_20250123T0750012833_d_img_d18_x10880_y66560.png,0.3086,543.1,214.48,548.19,220.0
ch2_ohr_ncp_20250123T0750012833_d_img_d18_x10880_y66560.png,0.2907,426.28,8.66,432.65,14.86
ch2_ohr_ncp_20250123T0750012833_d_img_d18_x10880_y66560.png,0.2896,472.45,55.12,482.62,65.79
ch2_ohr_ncp_20250123T0750012833_d_img_d18_x10880_y66560.png,0.2613,464.76,243.0,468.87,247.08
ch2_ohr_ncp_20250123T0750012833_d_img_d18_x10880_y66560.png,0.2588,108.93,199.88,116.01,204.76
ch2_ohr_ncp_20250123T0750012833_d_img_d18_x10880_y66560.png,0.2523,457.53,62.45,470.4,69.36
ch2_ohr_ncp_20250123T0750012833_d_img_d18_x10880_y66560.png,0.2498,199.31,488.42,206.91,494.57
ch2_ohr_ncp_20250123T0750012833_d_img_d18_x10880_y66560.png,0.2356,635.57,51.88,639.46,56.82
ch2_ohr_ncp_20250123T0750012833_d_img_d18_x10880_y66560.png,0.223,581.0,148.0,588.01,153.22
ch2_ohr_ncp_20250123T0750012833_d_img_d18_x10880_y76160.png,0.5629,499.07,394.57,506.97,401.74
ch2_ohr_ncp_20250123T0750012833_d_img_d18_x10880_y76160.png,0.3655,481.54,213.18,491.02,222.2
ch2_ohr_ncp_20250123T0750012833_d_img_d18_x10880_y76160.png,0.3118,402.25,417.63,408.77,422.94
ch2_ohr_ncp_20250123T0750012833_d_img_d18_x10880_y76160.png,0.3089,414.31,232.04,420.68,237.3
ch2_ohr_ncp_20250123T0750012833_d_img_d18_x10880_y76160.png,0.2668,413.82,242.98,428.99,257.01
ch2_ohr_ncp_20250123T0750012833_d_img_d18_x10880_y76160.png,0.2622,379.94,118.35,387.32,124.76
ch2_ohr_ncp_20250123T0750012833_d_img_d18_x10880_y76160.png,0.2584,539.88,175.3,549.84,182.89
ch2_ohr_ncp_20250123T0750012833_d_img_d18_x10880_y76160.png,0.2444,576.54,192.64,581.16,198.0
ch2_ohr_ncp_20250123T0750012833_d_img_d18_x10880_y76160.png,0.24,423.23,311.78,475.18,367.32
ch2_ohr_ncp_20250123T0750012833_d_img_d18_x10880_y76160.png,0.2334,322.95,204.0,330.12,210.75
ch2_ohr_ncp_20250123T0750012833_d_img_d18_x10880_y76160.png,0.2064,85.98,9.49,92.02,14.07
ch2_ohr_ncp_20250123T0750012833_d_img_d18_x10880_y76160.png,0.2027,496.95,353.14,505.97,360.77
ch2_ohr_ncp_20250123T0750012833_d_img_d18_x11520_y10240.png,0.2566,333.1,356.0,340.0,361.69
ch2_ohr_ncp_20250123T0750012833_d_img_d18_x11520_y10240.png,0.2209,332.0,356.0,338.07,361.4
ch2_ohr_ncp_20250123T0750012833_d_img_d18_x11520_y12160.png,0.3979,48.53,400.81,55.96,407.44
ch2_ohr_ncp_20250123T0750012833_d_img_d18_x11520_y12160.png,0.3077,72.0,347.91,78.52,356.0
ch2_ohr_ncp_20250123T0750012833_d_img_d18_x11520_y12160.png,0.2767,52.09,532.58,60.82,540.03
ch2_ohr_ncp_20250123T0750012833_d_img_d18_x11520_y12160.png,0.242,77.99,579.24,84.01,583.34
ch2_ohr_ncp_20250123T0750012833_d_img_d18_x11520_y12160.png,0.2136,67.84,533.88,76.59,540.02
ch2_ohr_ncp_20250123T0750012833_d_img_d18_x11520_y12800.png,0.5312,333.41,185.5,340.62,190.97
ch2_ohr_ncp_20250123T0750012833_d_img_d18_x11520_y12800.png,0.3968,170.48,382.82,180.56,392.68
ch2_ohr_ncp_20250123T0750012833_d_img_d18_x11520_y12800.png,0.3419,403.62,167.09,412.03,174.55
ch2_ohr_ncp_20250123T0750012833_d_img_d18_x11520_y12800.png,0.3385,234.99,131.34,239.64,135.22
ch2_ohr_ncp_20250123T0750012833_d_img_d18_x11520_y12800.png,0.2889,398.0,409.92,404.01,415.13
ch2_ohr_ncp_20250123T0750012833_d_img_d18_x11520_y12800.png,0.2849,263.6,342.67,274.64,351.89
ch2_ohr_ncp_20250123T0750012833_d_img_d18_x11520_y12800.png,0.2667,157.74,423.85,164.0,428.18
ch2_ohr_ncp_20250123T0750012833_d_img_d18_x11520_y12800.png,0.2524,263.88,368.14,268.48,372.03
ch2_ohr_ncp_20250123T0750012833_d_img_d18_x11520_y12800.png,0.2225,183.72,200.24,191.38,206.22
ch2_ohr_ncp_20250123T0750012833_d_img_d18_x11520_y12800.png,0.2177,374.24,473.76,380.22,478.57
ch2_ohr_ncp_20250123T0750012833_d_img_d18_x11520_y12800.png,0.2102,414.27,333.95,420.05,340.04
ch2_ohr_ncp_20250123T0750012833_d_img_d18_x11520_y13440.png,0.5579,265.02,544.99,270.43,550.02
ch2_ohr_ncp_20250123T0750012833_d_img_d18_x11520_y13440.png,0.5454,321.63,374.26,331.29,382.15
ch2_ohr_ncp_20250123T0750012833_d_img_d18_x11520_y13440.png,0.4981,224.13,264.19,235.56,273.92
ch2_ohr_ncp_20250123T0750012833_d_img_d18_x11520_y13440.png,0.4663,239.4,187.99,245.57,193.82
ch2_ohr_ncp_20250123T0750012833_d_img_d18_x11520_y13440.png,0.4656,121.56,316.87,135.46,326.56
ch2_ohr_ncp_20250123T0750012833_d_img_d18_x11520_y13440.png,0.4535,207.64,499.1,214.35,505.05
ch2_ohr_ncp_20250123T0750012833_d_img_d18_x11520_y13440.png,0.4486,167.17,336.77,173.48,342.71
ch2_ohr_ncp_20250123T0750012833_d_img_d18_x11520_y13440.png,0.4132,181.36,421.55,186.7,426.16
ch2_ohr_ncp_20250123T0750012833_d_img_d18_x11520_y13440.png,0.4105,457.67,439.49,462.52,444.08
ch2_ohr_ncp_20250123T0750012833_d_img_d18_x11520_y13440.png,0.4099,363.64,564.0,369.97,570.52
ch2_ohr_ncp_20250123T0750012833_d_img_d18_x11520_y13440.png,0.4095,177.88,296.28,182.22,300.93
ch2_ohr_ncp_20250123T0750012833_d_img_d18_x11520_y13440.png,0.3969,369.73,514.45,374.98,518.8
ch2_ohr_ncp_20250123T0750012833_d_img_d18_x11520_y13440.png,0.3791,189.72,346.4,196.01,350.98
ch2_ohr_ncp_20250123T0750012833_d_img_d18_x11520_y13440.png,0.3676,210.37,275.75,216.05,282.02
ch2_ohr_ncp_20250123T0750012833_d_img_d18_x11520_y13440.png,0.3637,192.36,207.33,197.17,212.53
ch2_ohr_ncp_20250123T0750012833_d_img_d18_x11520_y13440.png,0.3282,102.2,67.99,108.9,75.09
ch2_ohr_ncp_20250123T0750012833_d_img_d18_x11520_y13440.png,0.326,202.61,458.5,206.6,462.24
ch2_ohr_ncp_20250123T0750012833_d_img_d18_x11520_y13440.png,0.3246,237.99,255.49,244.02,260.94
ch2_ohr_ncp_20250123T0750012833_d_img_d18_x11520_y13440.png,0.3125,431.31,405.44,437.52,412.0
ch2_ohr_ncp_20250123T0750012833_d_img_d18_x11520_y13440.png,0.3048,364.0,395.99,370.48,401.91
ch2_ohr_ncp_20250123T0750012833_d_img_d18_x11520_y13440.png,0.2984,366.28,383.83,375.18,389.87
ch2_ohr_ncp_20250123T0750012833_d_img_d18_x11520_y13440.png,0.2777,179.69,306.78,183.75,310.68
ch2_ohr_ncp_20250123T0750012833_d_img_d18_x11520_y13440.png,0.267,262.7,459.7,268.0,463.41
ch2_ohr_ncp_20250123T0750012833_d_img_d18_x11520_y13440.png,0.2642,399.97,423.42,408.56,430.84
ch2_ohr_ncp_20250123T0750012833_d_img_d18_x11520_y13440.png,0.2584,365.31,179.69,375.77,187.25
ch2_ohr_ncp_20250123T0750012833_d_img_d18_x11520_y13440.png,0.2583,365.27,396.0,372.01,402.1
ch2_ohr_ncp_20250123T0750012833_d_img_d18_x11520_y13440.png,0.248,262.01,129.88,271.43,137.77
ch2_ohr_ncp_20250123T0750012833_d_img_d18_x11520_y13440.png,0.2463,406.7,454.94,421.47,465.4
ch2_ohr_ncp_20250123T0750012833_d_img_d18_x11520_y13440.png,0.2434,90.0,271.05,93.71,276.0
ch2_ohr_ncp_20250123T0750012833_d_img_d18_x11520_y13440.png,0.2352,410.97,435.99,415.6,440.53
ch2_ohr_ncp_20250123T0750012833_d_img_d18_x11520_y13440.png,0.2349,171.72,384.48,175.56,388.09
ch2_ohr_ncp_20250123T0750012833_d_img_d18_x11520_y13440.png,0.2211,343.58,313.47,352.53,321.16
ch2_ohr_ncp_20250123T0750012833_d_img_d18_x11520_y13440.png,0.2164,172.13,454.29,180.42,461.36
ch2_ohr_ncp_20250123T0750012833_d_img_d18_x11520_y13440.png,0.2107,410.45,364.0,419.88,370.86
ch2_ohr_ncp_20250123T0750012833_d_img_d18_x11520_y13440.png,0.2106,102.33,138.42,109.39,144.2
ch2_ohr_ncp_20250123T0750012833_d_img_d18_x11520_y13440.png,0.2078,181.56,420.0,188.01,426.43
ch2_ohr_ncp_20250123T0750012833_d_img_d18_x11520_y14080.png,0.6856,456.83,135.54,464.72,143.35
ch2_ohr_ncp_20250123T0750012833_d_img_d18_x11520_y14080.png,0.5966,313.57,566.96,324.11,577.11
ch2_ohr_ncp_20250123T0750012833_d_img_d18_x11520_y14080.png,0.5708,259.12,449.6,266.11,456.46
ch2_ohr_ncp_20250123T0750012833_d_img_d18_x11520_y14080.png,0.5652,422.31,79.58,431.9,88.74
ch2_ohr_ncp_20250123T0750012833_d_img_d18_x11520_y14080.png,0.5613,209.05,300.81,221.09,313.37
ch2_ohr_ncp_20250123T0750012833_d_img_d18_x11520_y14080.png,0.5585,244.94,536.05,253.23,543.88
ch2_ohr_ncp_20250123T0750012833_d_img_d18_x11520_y14080.png,0.5444,395.24,628.3,409.48,639.16
ch2_ohr_ncp_20250123T0750012833_d_img_d18_x11520_y14080.png,0.5374,256.67,265.45,263.22,270.48
ch2_ohr_ncp_20250123T0750012833_d_img_d18_x11520_y14080.png,0.5301,49.59,263.42,54.95,268.58
ch2_ohr_ncp_20250123T0750012833_d_img_d18_x11520_y14080.png,0.5282,376.79,107.59,384.04,114.32
ch2_ohr_ncp_20250123T0750012833_d_img_d18_x11520_y14080.png,0.4894,272.65,275.68,277.53,279.62
ch2_ohr_ncp_20250123T0750012833_d_img_d18_x11520_y14080.png,0.4853,358.86,194.53,364.54,198.69
ch2_ohr_ncp_20250123T0750012833_d_img_d18_x11520_y14080.png,0.4782,71.19,239.72,76.57,244.09
ch2_ohr_ncp_20250123T0750012833_d_img_d18_x11520_y14080.png,0.4717,94.19,330.61,101.95,337.24
ch2_ohr_ncp_20250123T0750012833_d_img_d18_x11520_y14080.png,0.4622,176.19,404.0,180.88,409.15
ch2_ohr_ncp_20250123T0750012833_d_img_d18_x11520_y14080.png,0.4551,289.04,568.88,295.8,574.31
ch2_ohr_ncp_20250123T0750012833_d_img_d18_x11520_y14080.png,0.4484,136.8,303.64,142.7,308.68
ch2_ohr_ncp_20250123T0750012833_d_img_d18_x11520_y14080.png,0.4469,66.86,252.0,72.83,258.28
ch2_ohr_ncp_20250123T0750012833_d_img_d18_x11520_y14080.png,0.445,263.15,127.9,273.64,137.19
ch2_ohr_ncp_20250123T0750012833_d_img_d18_x11520_y14080.png,0.4389,37.57,225.67,44.14,231.43
ch2_ohr_ncp_20250123T0750012833_d_img_d18_x11520_y14080.png,0.4281,440.38,259.06,446.03,263.98
ch2_ohr_ncp_20250123T0750012833_d_img_d18_x11520_y14080.png,0.4047,141.41,435.98,148.02,440.31
ch2_ohr_ncp_20250123T0750012833_d_img_d18_x11520_y14080.png,0.4036,378.56,320.52,383.65,325.0
ch2_ohr_ncp_20250123T0750012833_d_img_d18_x11520_y14080.png,0.398,355.07,434.47,361.68,440.76
ch2_ohr_ncp_20250123T0750012833_d_img_d18_x11520_y14080.png,0.3895,419.64,265.06,424.89,269.2
ch2_ohr_ncp_20250123T0750012833_d_img_d18_x11520_y14080.png,0.3831,167.8,315.16,172.07,318.93
ch2_ohr_ncp_20250123T0750012833_d_img_d18_x11520_y14080.png,0.3777,306.11,231.92,314.53,238.87
ch2_ohr_ncp_20250123T0750012833_d_img_d18_x11520_y14080.png,0.3666,167.46,277.92,182.58,292.15
ch2_ohr_ncp_20250123T0750012833_d_img_d18_x11520_y14080.png,0.3649,381.4,331.97,388.61,338.09
ch2_ohr_ncp_20250123T0750012833_d_img_d18_x11520_y14080.png,0.3607,197.05,436.69,202.31,440.94
ch2_ohr_ncp_20250123T0750012833_d_img_d18_x11520_y14080.png,0.3553,415.02,318.15,423.67,325.6
ch2_ohr_ncp_20250123T0750012833_d_img_d18_x11520_y14080.png,0.349,413.74,108.0,420.01,112.94
ch2_ohr_ncp_20250123T0750012833_d_img_d18_x11520_y14080.png,0.3461,110.92,361.9,116.3,366.51
ch2_ohr_ncp_20250123T0750012833_d_img_d18_x11520_y14080.png,0.3445,141.89,275.98,148.92,282.77
ch2_ohr_ncp_20250123T0750012833_d_img_d18_x11520_y14080.png,0.3442,99.56,243.24,108.8,250.85
ch2_ohr_ncp_20250123T0750012833_d_img_d18_x11520_y14080.png,0.3291,416.76,338.07,422.68,344.01
ch2_ohr_ncp_20250123T0750012833_d_img_d18_x11520_y14080.png,0.3125,51.99,223.29,58.67,228.1
ch2_ohr_ncp_20250123T0750012833_d_img_d18_x11520_y14080.png,0.2952,441.39,140.0,446.07,146.24
ch2_ohr_ncp_20250123T0750012833_d_img_d18_x11520_y14080.png,0.2905,456.81,364.0,461.33,370.16
ch2_ohr_ncp_20250123T0750012833_d_img_d18_x11520_y14080.png,0.2904,448.36,270.14,453.24,276.0
ch2_ohr_ncp_20250123T0750012833_d_img_d18_x11520_y14080.png,0.2896,413.87,143.7,420.3,148.23
ch2_ohr_ncp_20250123T0750012833_d_img_d18_x11520_y14080.png,0.286,0.2,632.16,15.06,639.62
ch2_ohr_ncp_20250123T0750012833_d_img_d18_x11520_y14080.png,0.2859,403.99,472.8,409.99,476.79
ch2_ohr_ncp_20250123T0750012833_d_img_d18_x11520_y14080.png,0.2849,232.84,458.72,238.66,465.83
ch2_ohr_ncp_20250123T0750012833_d_img_d18_x11520_y14080.png,0.284,40.93,603.74,45.39,608.0
ch2_ohr_ncp_20250123T0750012833_d_img_d18_x11520_y14080.png,0.2717,428.0,416.2,433.83,420.16
ch2_ohr_ncp_20250123T0750012833_d_img_d18_x11520_y14080.png,0.27,158.93,499.6,164.01,504.4
ch2_ohr_ncp_20250123T0750012833_d_img_d18_x11520_y14080.png,0.27,412.0,143.58,419.12,148.1
ch2_ohr_ncp_20250123T0750012833_d_img_d18_x11520_y14080.png,0.2623,71.68,427.66,76.13,431.44
ch2_ohr_ncp_20250123T0750012833_d_img_d18_x11520_y14080.png,0.2621,95.45,576.16,101.15,581.26
ch2_ohr_ncp_20250123T0750012833_d_img_d18_x11520_y14080.png,0.2617,198.25,435.04,204.14,439.65
ch2_ohr_ncp_20250123T0750012833_d_img_d18_x11520_y14080.png,0.2567,89.9,335.43,93.85,340.02
ch2_ohr_ncp_20250123T0750012833_d_img_d18_x11520_y14080.png,0.256,382.5,256.95,390.82,262.96
ch2_ohr_ncp_20250123T0750012833_d_img_d18_x11520_y14080.png,0.2552,31.26,273.28,37.65,277.68
ch2_ohr_ncp_20250123T0750012833_d_img_d18_x11520_y14080.png,0.2514,155.52,194.18,160.09,198.67
ch2_ohr_ncp_20250123T0750012833_d_img_d18_x11520_y14080.png,0.2459,385.64,124.0,394.03,131.36
ch2_ohr_ncp_20250123T0750012833_d_img_d18_x11520_y14080.png,0.2455,380.0,148.0,386.12,153.7
ch2_ohr_ncp_20250123T0750012833_d_img_d18_x11520_y14080.png,0.2438,131.41,358.86,135.19,364.0
ch2_ohr_ncp_20250123T0750012833_d_img_d18_x11520_y14080.png,0.2394,430.28,150.87,436.0,156.01
ch2_ohr_ncp_20250123T0750012833_d_img_d18_x11520_y14080.png,0.2322,388.66,262.25,396.0,268.01
ch2_ohr_ncp_20250123T0750012833_d_img_d18_x11520_y14080.png,0.2296,52.97,223.49,60.0,228.09
ch2_ohr_ncp_20250123T0750012833_d_img_d18_x11520_y14080.png,0.2293,456.67,365.64,461.31,372.0
ch2_ohr_ncp_20250123T0750012833_d_img_d18_x11520_y14080.png,0.2288,31.41,608.05,36.16,612.48
ch2_ohr_ncp_20250123T0750012833_d_img_d18_x11520_y14080.png,0.2195,281.94,540.0,287.3,546.57
ch2_ohr_ncp_20250123T0750012833_d_img_d18_x11520_y14080.png,0.2166,221.5,347.79,228.01,352.3
ch2_ohr_ncp_20250123T0750012833_d_img_d18_x11520_y14080.png,0.2162,158.58,167.01,167.34,173.25
ch2_ohr_ncp_20250123T0750012833_d_img_d18_x11520_y14080.png,0.2157,416.23,47.96,420.91,52.08
ch2_ohr_ncp_20250123T0750012833_d_img_d18_x11520_y14080.png,0.2149,118.63,370.69,124.01,375.3
ch2_ohr_ncp_20250123T0750012833_d_img_d18_x11520_y14080.png,0.2141,244.0,177.97,249.62,182.74
ch2_ohr_ncp_20250123T0750012833_d_img_d18_x11520_y14080.png,0.2139,367.9,288.24,372.17,292.01
ch2_ohr_ncp_20250123T0750012833_d_img_d18_x11520_y14080.png,0.2112,142.52,277.48,148.99,284.0
ch2_ohr_ncp_20250123T0750012833_d_img_d18_x11520_y14080.png,0.2103,220.0,347.75,226.6,352.28
ch2_ohr_ncp_20250123T0750012833_d_img_d18_x11520_y14080.png,0.2067,86.19,598.1,92.82,604.09
ch2_ohr_ncp_20250123T0750012833_d_img_d18_x11520_y14080.png,0.2064,430.29,380.0,436.0,385.26
ch2_ohr_ncp_20250123T0750012833_d_img_d18_x11520_y14080.png,0.2063,411.99,33.14,418.11,37.61
ch2_ohr_ncp_20250123T0750012833_d_img_d18_x11520_y14080.png,0.2019,242.52,346.73,247.75,351.93
ch2_ohr_ncp_20250123T0750012833_d_img_d18_x11520_y14080.png,0.2007,239.66,520.36,247.33,526.6
ch2_ohr_ncp_20250123T0750012833_d_img_d18_x11520_y14080.png,0.2002,118.33,192.76,124.0,197.11
ch2_ohr_ncp_20250123T0750012833_d_img_d18_x11520_y14720.png,0.656,441.02,154.09,446.49,160.3
ch2_ohr_ncp_20250123T0750012833_d_img_d18_x11520_y14720.png,0.645,227.93,547.61,234.06,552.74
ch2_ohr_ncp_20250123T0750012833_d_img_d18_x11520_y14720.png,0.606,273.06,138.05,282.28,146.12
ch2_ohr_ncp_20250123T0750012833_d_img_d18_x11520_y14720.png,0.5991,375.34,288.16,381.4,293.06
ch2_ohr_ncp_20250123T0750012833_d_img_d18_x11520_y14720.png,0.5985,266.75,295.12,271.91,300.45
ch2_ohr_ncp_20250123T0750012833_d_img_d18_x11520_y14720.png,0.552,0.0,466.3,6.01,477.44
ch2_ohr_ncp_20250123T0750012833_d_img_d18_x11520_y14720.png,0.5507,209.42,276.21,219.84,285.32
ch2_ohr_ncp_20250123T0750012833_d_img_d18_x11520_y14720.png,0.5166,295.36,120.12,301.22,125.3
ch2_ohr_ncp_20250123T0750012833_d_img_d18_x11520_y14720.png,0.5092,107.98,499.94,116.08,506.51
ch2_ohr_ncp_20250123T0750012833_d_img_d18_x11520_y14720.png,0.503,245.93,273.13,252.06,277.96
ch2_ohr_ncp_20250123T0750012833_d_img_d18_x11520_y14720.png,0.498,5.28,522.35,12.09,529.69
ch2_ohr_ncp_20250123T0750012833_d_img_d18_x11520_y14720.png,0.4888,82.71,271.99,90.23,278.61
ch2_ohr_ncp_20250123T0750012833_d_img_d18_x11520_y14720.png,0.4796,464.18,279.91,469.5,284.19
ch2_ohr_ncp_20250123T0750012833_d_img_d18_x11520_y14720.png,0.46,201.71,451.74,206.91,456.63
ch2_ohr_ncp_20250123T0750012833_d_img_d18_x11520_y14720.png,0.44,437.96,192.22,444.01,196.97
ch2_ohr_ncp_20250123T0750012833_d_img_d18_x11520_y14720.png,0.4186,355.64,560.97,360.09,565.14
ch2_ohr_ncp_20250123T0750012833_d_img_d18_x11520_y14720.png,0.3952,316.35,257.25,330.75,274.0
ch2_ohr_ncp_20250123T0750012833_d_img_d18_x11520_y14720.png,0.379,171.09,352.58,181.13,361.44
ch2_ohr_ncp_20250123T0750012833_d_img_d18_x11520_y14720.png,0.3693,45.09,291.82,52.17,297.55
ch2_ohr_ncp_20250123T0750012833_d_img_d18_x11520_y14720.png,0.3646,29.82,263.29,36.0,268.03
ch2_ohr_ncp_20250123T0750012833_d_img_d18_x11520_y14720.png,0.3628,136.63,371.22,141.77,375.41
ch2_ohr_ncp_20250123T0750012833_d_img_d18_x11520_y14720.png,0.3605,57.48,490.47,62.54,495.39
ch2_ohr_ncp_20250123T0750012833_d_img_d18_x11520_y14720.png,0.3551,257.82,74.12,262.43,78.44
ch2_ohr_ncp_20250123T0750012833_d_img_d18_x11520_y14720.png,0.3539,402.78,507.98,413.68,514.52
ch2_ohr_ncp_20250123T0750012833_d_img_d18_x11520_y14720.png,0.3537,16.99,338.41,22.21,343.96
ch2_ohr_ncp_20250123T0750012833_d_img_d18_x11520_y14720.png,0.3517,459.8,471.34,467.92,477.99
ch2_ohr_ncp_20250123T0750012833_d_img_d18_x11520_y14720.png,0.3505,244.02,549.72,249.8,554.7
ch2_ohr_ncp_20250123T0750012833_d_img_d18_x11520_y14720.png,0.3486,414.61,453.7,435.42,467.16
ch2_ohr_ncp_20250123T0750012833_d_img_d18_x11520_y14720.png,0.3418,75.1,56.23,82.96,62.94
ch2_ohr_ncp_20250123T0750012833_d_img_d18_x11520_y14720.png,0.3407,234.3,284.54,251.18,297.73
ch2_ohr_ncp_20250123T0750012833_d_img_d18_x11520_y14720.png,0.3402,313.04,476.21,325.18,485.52
ch2_ohr_ncp_20250123T0750012833_d_img_d18_x11520_y14720.png,0.3337,17.36,214.07,26.65,222.11
ch2_ohr_ncp_20250123T0750012833_d_img_d18_x11520_y14720.png,0.3271,63.96,225.83,68.16,230.15
ch2_ohr_ncp_20250123T0750012833_d_img_d18_x11520_y14720.png,0.3266,240.82,211.89,245.71,216.44
ch2_ohr_ncp_20250123T0750012833_d_img_d18_x11520_y14720.png,0.3206,416.35,572.98,440.53,596.14
ch2_ohr_ncp_20250123T0750012833_d_img_d18_x11520_y14720.png,0.3204,353.04,107.51,357.56,111.79
ch2_ohr_ncp_20250123T0750012833_d_img_d18_x11520_y14720.png,0.3201,43.96,544.89,49.14,550.36
ch2_ohr_ncp_20250123T0750012833_d_img_d18_x11520_y14720.png,0.2977,229.68,257.64,240.6,268.08
ch2_ohr_ncp_20250123T0750012833_d_img_d18_x11520_y14720.png,0.2868,287.01,311.43,292.13,316.95
ch2_ohr_ncp_20250123T0750012833_d_img_d18_x11520_y14720.png,0.2841,0.0,402.3,5.37,413.23
ch2_ohr_ncp_20250123T0750012833_d_img_d18_x11520_y14720.png,0.2826,224.49,519.63,232.33,527.15
ch2_ohr_ncp_20250123T0750012833_d_img_d18_x11520_y14720.png,0.2783,255.21,195.61,260.1,199.92
ch2_ohr_ncp_20250123T0750012833_d_img_d18_x11520_y14720.png,0.2715,126.78,109.4,132.16,116.0
ch2_ohr_ncp_20250123T0750012833_d_img_d18_x11520_y14720.png,0.2693,9.49,305.9,15.42,310.16
ch2_ohr_ncp_20250123T0750012833_d_img_d18_x11520_y14720.png,0.2667,460.7,416.35,468.57,422.1
ch2_ohr_ncp_20250123T0750012833_d_img_d18_x11520_y14720.png,0.2626,267.85,314.13,272.2,317.8
ch2_ohr_ncp_20250123T0750012833_d_img_d18_x11520_y14720.png,0.2567,244.0,273.1,251.49,278.09
ch2_ohr_ncp_20250123T0750012833_d_img_d18_x11520_y14720.png,0.2539,308.43,167.39,314.0,171.6
ch2_ohr_ncp_20250123T0750012833_d_img_d18_x11520_y14720.png,0.2527,283.83,222.35,290.71,228.17
ch2_ohr_ncp_20250123T0750012833_d_img_d18_x11520_y14720.png,0.2403,296.22,337.23,302.33,342.61
ch2_ohr_ncp_20250123T0750012833_d_img_d18_x11520_y14720.png,0.2398,307.21,192.03,320.67,202.62
ch2_ohr_ncp_20250123T0750012833_d_img_d18_x11520_y14720.png,0.2392,404.2,555.43,412.12,561.79
ch2_ohr_ncp_20250123T0750012833_d_img_d18_x11520_y14720.png,0.2316,372.65,567.07,377.27,570.81
ch2_ohr_ncp_20250123T0750012833_d_img_d18_x11520_y14720.png,0.2306,382.43,215.0,388.0,220.0
ch2_ohr_ncp_20250123T0750012833_d_img_d18_x11520_y14720.png,0.228,70.81,216.76,77.02,222.32
ch2_ohr_ncp_20250123T0750012833_d_img_d18_x11520_y14720.png,0.2268,371.98,566.85,377.43,572.0
ch2_ohr_ncp_20250123T0750012833_d_img_d18_x11520_y14720.png,0.2264,395.94,353.0,402.16,357.95
ch2_ohr_ncp_20250123T0750012833_d_img_d18_x11520_y14720.png,0.2243,271.43,267.39,285.09,278.43
ch2_ohr_ncp_20250123T0750012833_d_img_d18_x11520_y14720.png,0.2241,28.0,263.2,35.2,268.12
ch2_ohr_ncp_20250123T0750012833_d_img_d18_x11520_y14720.png,0.2232,156.7,14.76,165.15,23.67
ch2_ohr_ncp_20250123T0750012833_d_img_d18_x11520_y14720.png,0.2048,366.08,475.84,374.77,483.99
ch2_ohr_ncp_20250123T0750012833_d_img_d18_x11520_y15360.png,0.6419,122.59,470.64,130.99,478.4
ch2_ohr_ncp_20250123T0750012833_d_img_d18_x11520_y15360.png,0.5997,139.67,387.92,146.27,393.79
ch2_ohr_ncp_20250123T0750012833_d_img_d18_x11520_y15360.png,0.5852,67.42,123.97,72.65,128.59
ch2_ohr_ncp_20250123T0750012833_d_img_d18_x11520_y15360.png,0.5211,266.51,177.22,274.05,184.73
ch2_ohr_ncp_20250123T0750012833_d_img_d18_x11520_y15360.png,0.5132,177.24,125.61,183.47,132.01
ch2_ohr_ncp_20250123T0750012833_d_img_d18_x11520_y15360.png,0.5054,375.93,531.97,380.12,536.31
ch2_ohr_ncp_20250123T0750012833_d_img_d18_x11520_y15360.png,0.5009,56.25,349.36,62.49,356.03
ch2_ohr_ncp_20250123T0750012833_d_img_d18_x11520_y15360.png,0.4979,398.46,455.14,412.93,467.09
ch2_ohr_ncp_20250123T0750012833_d_img_d18_x11520_y15360.png,0.4811,129.03,580.0,134.5,586.58
ch2_ohr_ncp_20250123T0750012833_d_img_d18_x11520_y15360.png,0.4794,186.47,537.92,195.64,546.91
ch2_ohr_ncp_20250123T0750012833_d_img_d18_x11520_y15360.png,0.4791,355.64,158.28,366.29,168.17
ch2_ohr_ncp_20250123T0750012833_d_img_d18_x11520_y15360.png,0.4565,306.13,243.94,311.27,248.78
ch2_ohr_ncp_20250123T0750012833_d_img_d18_x11520_y15360.png,0.4563,461.03,223.34,468.41,229.99
ch2_ohr_ncp_20250123T0750012833_d_img_d18_x11520_y15360.png,0.4424,446.47,363.87,452.02,368.18
ch2_ohr_ncp_20250123T0750012833_d_img_d18_x11520_y15360.png,0.4209,134.21,424.12,141.11,430.25
ch2_ohr_ncp_20250123T0750012833_d_img_d18_x11520_y15360.png,0.4158,419.35,360.51,425.15,365.44
ch2_ohr_ncp_20250123T0750012833_d_img_d18_x11520_y15360.png,0.4088,452.91,71.23,461.09,77.81
ch2_ohr_ncp_20250123T0750012833_d_img_d18_x11520_y15360.png,0.4053,447.54,144.4,452.61,149.66
ch2_ohr_ncp_20250123T0750012833_d_img_d18_x11520_y15360.png,0.399,265.54,26.46,270.06,30.17
ch2_ohr_ncp_20250123T0750012833_d_img_d18_x11520_y15360.png,0.3934,197.68,320.34,207.36,328.84
ch2_ohr_ncp_20250123T0750012833_d_img_d18_x11520_y15360.png,0.3913,383.49,355.64,389.59,360.6
ch2_ohr_ncp_20250123T0750012833_d_img_d18_x11520_y15360.png,0.3911,457.08,122.3,462.62,127.31
ch2_ohr_ncp_20250123T0750012833_d_img_d18_x11520_y15360.png,0.3808,200.25,126.48,207.7,132.88
ch2_ohr_ncp_20250123T0750012833_d_img_d18_x11520_y15360.png,0.3784,119.05,611.28,125.0,617.4
ch2_ohr_ncp_20250123T0750012833_d_img_d18_x11520_y15360.png,0.3773,126.33,112.37,132.01,116.56
ch2_ohr_ncp_20250123T0750012833_d_img_d18_x11520_y15360.png,0.3688,293.32,264.84,300.0,269.44
ch2_ohr_ncp_20250123T0750012833_d_img_d18_x11520_y15360.png,0.3658,306.56,75.6,311.19,79.58
ch2_ohr_ncp_20250123T0750012833_d_img_d18_x11520_y15360.png,0.3586,402.67,85.63,408.08,90.05
ch2_ohr_ncp_20250123T0750012833_d_img_d18_x11520_y15360.png,0.3585,107.81,532.0,112.06,537.11
ch2_ohr_ncp_20250123T0750012833_d_img_d18_x11520_y15360.png,0.351,97.23,479.89,102.19,484.7
ch2_ohr_ncp_20250123T0750012833_d_img_d18_x11520_y15360.png,0.3393,175.25,520.22,182.82,526.57
ch2_ohr_ncp_20250123T0750012833_d_img_d18_x11520_y15360.png,0.3293,427.13,355.94,433.66,363.02
ch2_ohr_ncp_20250123T0750012833_d_img_d18_x11520_y15360.png,0.3228,292.0,264.94,298.82,269.68
ch2_ohr_ncp_20250123T0750012833_d_img_d18_x11520_y15360.png,0.3199,422.68,394.0,428.22,399.66
ch2_ohr_ncp_20250123T0750012833_d_img_d18_x11520_y15360.png,0.3176,379.04,155.99,383.17,160.28
ch2_ohr_ncp_20250123T0750012833_d_img_d18_x11520_y15360.png,0.3168,342.81,331.49,348.05,335.07
ch2_ohr_ncp_20250123T0750012833_d_img_d18_x11520_y15360.png,0.3156,328.55,347.06,338.88,356.32
ch2_ohr_ncp_20250123T0750012833_d_img_d18_x11520_y15360.png,0.3138,413.43,69.24,421.06,76.0
ch2_ohr_ncp_20250123T0750012833_d_img_d18_x11520_y15360.png,0.301,296.63,594.33,300.15,597.67
ch2_ohr_ncp_20250123T0750012833_d_img_d18_x11520_y15360.png,0.2951,107.99,577.63,113.95,581.75
ch2_ohr_ncp_20250123T0750012833_d_img_d18_x11520_y15360.png,0.2924,384.07,323.86,388.88,327.57
ch2_ohr_ncp_20250123T0750012833_d_img_d18_x11520_y15360.png,0.2858,144.07,458.65,148.49,462.92
ch2_ohr_ncp_20250123T0750012833_d_img_d18_x11520_y15360.png,0.2842,106.06,313.2,110.15,317.72
ch2_ohr_ncp_20250123T0750012833_d_img_d18_x11520_y15360.png,0.281,326.15,325.02,334.0,331.08
ch2_ohr_ncp_20250123T0750012833_d_img_d18_x11520_y15360.png,0.2796,413.35,68.0,420.66,74.69
ch2_ohr_ncp_20250123T0750012833_d_img_d18_x11520_y15360.png,0.2708,375.85,49.61,381.92,55.67
ch2_ohr_ncp_20250123T0750012833_d_img_d18_x11520_y15360.png,0.267,429.54,387.98,437.69,395.32
ch2_ohr_ncp_20250123T0750012833_d_img_d18_x11520_y15360.png,0.2602,12.0,403.21,17.38,406.9
ch2_ohr_ncp_20250123T0750012833_d_img_d18_x11520_y15360.png,0.2594,293.3,263.99,298.71,269.45
ch2_ohr_ncp_20250123T0750012833_d_img_d18_x11520_y15360.png,0.2523,287.99,200.05,292.12,204.01
ch2_ohr_ncp_20250123T0750012833_d_img_d18_x11520_y15360.png,0.2484,342.41,203.08,348.1,208.27
ch2_ohr_ncp_20250123T0750012833_d_img_d18_x11520_y15360.png,0.2448,359.6,552.25,369.03,560.88
ch2_ohr_ncp_20250123T0750012833_d_img_d18_x11520_y15360.png,0.2435,24.52,135.41,29.35,140.03
ch2_ohr_ncp_20250123T0750012833_d_img_d18_x11520_y15360.png,0.2245,55.74,348.0,61.86,355.7
ch2_ohr_ncp_20250123T0750012833_d_img_d18_x11520_y15360.png,0.2186,345.84,95.79,349.82,100.03
ch2_ohr_ncp_20250123T0750012833_d_img_d18_x11520_y15360.png,0.2097,452.42,465.26,460.01,472.08
ch2_ohr_ncp_20250123T0750012833_d_img_d18_x11520_y15360.png,0.2068,467.64,334.48,476.19,341.04
ch2_ohr_ncp_20250123T0750012833_d_img_d18_x11520_y15360.png,0.2052,176.94,124.0,182.9,131.29
ch2_ohr_ncp_20250123T0750012833_d_img_d18_x11520_y15360.png,0.2033,160.44,524.0,164.38,530.14
ch2_ohr_ncp_20250123T0750012833_d_img_d18_x11520_y15360.png,0.2022,163.99,429.65,170.38,436.0
ch2_ohr_ncp_20250123T0750012833_d_img_d18_x11520_y16000.png,0.653,149.61,478.39,160.9,487.85
ch2_ohr_ncp_20250123T0750012833_d_img_d18_x11520_y16000.png,0.6126,85.24,243.17,93.7,251.09
ch2_ohr_ncp_20250123T0750012833_d_img_d18_x11520_y16000.png,0.5542,97.05,120.6,102.18,125.74
ch2_ohr_ncp_20250123T0750012833_d_img_d18_x11520_y16000.png,0.5421,11.97,90.41,17.89,96.5
ch2_ohr_ncp_20250123T0750012833_d_img_d18_x11520_y16000.png,0.5038,16.1,225.46,21.36,230.82
ch2_ohr_ncp_20250123T0750012833_d_img_d18_x11520_y16000.png,0.4709,93.59,108.0,100.77,115.37
ch2_ohr_ncp_20250123T0750012833_d_img_d18_x11520_y16000.png,0.431,73.64,106.43,83.55,116.11
ch2_ohr_ncp_20250123T0750012833_d_img_d18_x11520_y16000.png,0.4132,96.63,553.7,101.55,559.94
ch2_ohr_ncp_20250123T0750012833_d_img_d18_x11520_y16000.png,0.4048,295.61,524.0,302.11,530.58
ch2_ohr_ncp_20250123T0750012833_d_img_d18_x11520_y16000.png,0.3911,313.56,590.23,319.96,596.16
ch2_ohr_ncp_20250123T0750012833_d_img_d18_x11520_y16000.png,0.3812,97.7,259.18,106.19,267.41
ch2_ohr_ncp_20250123T0750012833_d_img_d18_x11520_y16000.png,0.3798,210.87,584.93,216.18,589.67
ch2_ohr_ncp_20250123T0750012833_d_img_d18_x11520_y16000.png,0.3719,54.17,123.98,60.02,129.02
ch2_ohr_ncp_20250123T0750012833_d_img_d18_x11520_y16000.png,0.3711,34.19,471.85,40.01,477.08
ch2_ohr_ncp_20250123T0750012833_d_img_d18_x11520_y16000.png,0.3574,295.94,525.14,302.3,532.0
ch2_ohr_ncp_20250123T0750012833_d_img_d18_x11520_y16000.png,0.3538,130.63,113.13,137.82,117.96
ch2_ohr_ncp_20250123T0750012833_d_img_d18_x11520_y16000.png,0.348,25.08,493.69,30.74,500.0
ch2_ohr_ncp_20250123T0750012833_d_img_d18_x11520_y16000.png,0.3391,347.84,379.91,355.26,387.09
ch2_ohr_ncp_20250123T0750012833_d_img_d18_x11520_y16000.png,0.3308,45.19,217.66,52.0,222.02
ch2_ohr_ncp_20250123T0750012833_d_img_d18_x11520_y16000.png,0.3272,89.78,503.86,98.7,510.3
ch2_ohr_ncp_20250123T0750012833_d_img_d18_x11520_y16000.png,0.3257,82.03,38.6,87.31,44.03
ch2_ohr_ncp_20250123T0750012833_d_img_d18_x11520_y16000.png,0.3103,162.69,116.0,168.4,122.33
ch2_ohr_ncp_20250123T0750012833_d_img_d18_x11520_y16000.png,0.2954,29.78,538.18,36.01,543.62
ch2_ohr_ncp_20250123T0750012833_d_img_d18_x11520_y16000.png,0.273,239.36,479.56,247.58,488.02
ch2_ohr_ncp_20250123T0750012833_d_img_d18_x11520_y16000.png,0.271,19.6,629.78,25.62,634.72
ch2_ohr_ncp_20250123T0750012833_d_img_d18_x11520_y16000.png,0.2676,210.59,570.89,215.64,575.25
ch2_ohr_ncp_20250123T0750012833_d_img_d18_x11520_y16000.png,0.2656,41.66,580.0,45.48,584.73
ch2_ohr_ncp_20250123T0750012833_d_img_d18_x11520_y16000.png,0.2561,370.56,528.78,378.29,536.51
ch2_ohr_ncp_20250123T0750012833_d_img_d18_x11520_y16000.png,0.2428,43.98,217.48,50.59,222.06
ch2_ohr_ncp_20250123T0750012833_d_img_d18_x11520_y16000.png,0.2402,56.47,152.4,60.82,156.41
ch2_ohr_ncp_20250123T0750012833_d_img_d18_x11520_y16000.png,0.2398,399.02,565.51,406.13,573.12
ch2_ohr_ncp_20250123T0750012833_d_img_d18_x11520_y16000.png,0.2398,348.54,380.7,356.04,388.0
ch2_ohr_ncp_20250123T0750012833_d_img_d18_x11520_y16000.png,0.2241,50.02,460.0,54.56,464.07
ch2_ohr_ncp_20250123T0750012833_d_img_d18_x11520_y16000.png,0.22,213.96,619.47,222.62,625.14
ch2_ohr_ncp_20250123T0750012833_d_img_d18_x11520_y16000.png,0.2186,238.1,131.98,244.02,137.26
ch2_ohr_ncp_20250123T0750012833_d_img_d18_x11520_y16000.png,0.211,140.9,206.4,148.0,212.0
ch2_ohr_ncp_20250123T0750012833_d_img_d18_x11520_y16000.png,0.2003,224.99,425.62,229.91,430.43
ch2_ohr_ncp_20250123T0750012833_d_img_d18_x11520_y16640.png,0.6348,33.31,494.59,39.22,500.66
ch2_ohr_ncp_20250123T0750012833_d_img_d18_x11520_y16640.png,0.6253,35.3,294.07,44.75,303.36
ch2_ohr_ncp_20250123T0750012833_d_img_d18_x11520_y16640.png,0.6017,418.49,403.19,428.29,412.01
ch2_ohr_ncp_20250123T0750012833_d_img_d18_x11520_y16640.png,0.5911,381.59,260.0,388.64,267.08
ch2_ohr_ncp_20250123T0750012833_d_img_d18_x11520_y16640.png,0.5621,446.14,312.52,453.55,318.4
ch2_ohr_ncp_20250123T0750012833_d_img_d18_x11520_y16640.png,0.5605,32.52,251.96,37.18,258.62
ch2_ohr_ncp_20250123T0750012833_d_img_d18_x11520_y16640.png,0.5471,361.14,417.67,366.75,423.25
ch2_ohr_ncp_20250123T0750012833_d_img_d18_x11520_y16640.png,0.5167,104.71,127.88,110.49,133.69
ch2_ohr_ncp_20250123T0750012833_d_img_d18_x11520_y16640.png,0.4989,340.23,546.24,350.2,553.87
ch2_ohr_ncp_20250123T0750012833_d_img_d18_x11520_y16640.png,0.4807,276.06,115.14,286.6,122.72
ch2_ohr_ncp_20250123T0750012833_d_img_d18_x11520_y16640.png,0.4748,432.49,250.56,439.48,256.97
ch2_ohr_ncp_20250123T0750012833_d_img_d18_x11520_y16640.png,0.4718,455.07,323.8,463.21,330.8
ch2_ohr_ncp_20250123T0750012833_d_img_d18_x11520_y16640.png,0.4707,37.72,186.5,45.74,194.5
ch2_ohr_ncp_20250123T0750012833_d_img_d18_x11520_y16640.png,0.4686,308.0,283.51,315.2,289.45
ch2_ohr_ncp_20250123T0750012833_d_img_d18_x11520_y16640.png,0.4635,466.27,295.52,471.05,300.34
ch2_ohr_ncp_20250123T0750012833_d_img_d18_x11520_y16640.png,0.4617,191.01,494.29,197.13,500.01
ch2_ohr_ncp_20250123T0750012833_d_img_d18_x11520_y16640.png,0.4399,225.86,152.91,232.9,159.17
ch2_ohr_ncp_20250123T0750012833_d_img_d18_x11520_y16640.png,0.4158,83.85,294.71,90.71,300.08
ch2_ohr_ncp_20250123T0750012833_d_img_d18_x11520_y16640.png,0.4154,225.81,465.51,232.41,471.51
ch2_ohr_ncp_20250123T0750012833_d_img_d18_x11520_y16640.png,0.3995,428.59,334.78,436.54,342.58
ch2_ohr_ncp_20250123T0750012833_d_img_d18_x11520_y16640.png,0.3977,145.98,103.77,153.51,110.31
ch2_ohr_ncp_20250123T0750012833_d_img_d18_x11520_y16640.png,0.3902,61.51,374.33,68.0,380.73
ch2_ohr_ncp_20250123T0750012833_d_img_d18_x11520_y16640.png,0.3853,92.32,168.15,100.08,173.99
ch2_ohr_ncp_20250123T0750012833_d_img_d18_x11520_y16640.png,0.3775,211.0,620.83,218.89,628.06
ch2_ohr_ncp_20250123T0750012833_d_img_d18_x11520_y16640.png,0.3739,245.27,419.95,252.09,425.9
ch2_ohr_ncp_20250123T0750012833_d_img_d18_x11520_y16640.png,0.3672,436.68,435.37,441.57,440.08
ch2_ohr_ncp_20250123T0750012833_d_img_d18_x11520_y16640.png,0.3539,252.0,268.0,257.66,272.83
ch2_ohr_ncp_20250123T0750012833_d_img_d18_x11520_y16640.png,0.3521,434.54,541.81,442.74,548.91
ch2_ohr_ncp_20250123T0750012833_d_img_d18_x11520_y16640.png,0.3497,334.88,594.57,350.68,607.35
ch2_ohr_ncp_20250123T0750012833_d_img_d18_x11520_y16640.png,0.3441,317.75,203.44,324.02,208.45
ch2_ohr_ncp_20250123T0750012833_d_img_d18_x11520_y16640.png,0.3379,94.62,304.67,100.14,308.71
ch2_ohr_ncp_20250123T0750012833_d_img_d18_x11520_y16640.png,0.3353,54.64,226.21,60.64,231.45
ch2_ohr_ncp_20250123T0750012833_d_img_d18_x11520_y16640.png,0.3277,99.78,270.45,105.19,276.0
ch2_ohr_ncp_20250123T0750012833_d_img_d18_x11520_y16640.png,0.327,320.91,443.71,327.22,448.95
ch2_ohr_ncp_20250123T0750012833_d_img_d18_x11520_y16640.png,0.3242,33.16,252.49,37.4,260.0
ch2_ohr_ncp_20250123T0750012833_d_img_d18_x11520_y16640.png,0.3208,219.43,564.68,229.03,573.13
ch2_ohr_ncp_20250123T0750012833_d_img_d18_x11520_y16640.png,0.3197,102.77,45.68,109.41,52.0
ch2_ohr_ncp_20250123T0750012833_d_img_d18_x11520_y16640.png,0.3189,440.78,618.08,445.25,621.9
ch2_ohr_ncp_20250123T0750012833_d_img_d18_x11520_y16640.png,0.3141,424.51,433.62,428.59,437.86
ch2_ohr_ncp_20250123T0750012833_d_img_d18_x11520_y16640.png,0.3112,177.84,298.66,187.06,306.57
ch2_ohr_ncp_20250123T0750012833_d_img_d18_x11520_y16640.png,0.3099,398.11,539.13,404.01,543.72
ch2_ohr_ncp_20250123T0750012833_d_img_d18_x11520_y16640.png,0.3046,72.96,382.99,78.8,388.17
ch2_ohr_ncp_20250123T0750012833_d_img_d18_x11520_y16640.png,0.3012,60.0,374.41,66.88,380.73
ch2_ohr_ncp_20250123T0750012833_d_img_d18_x11520_y16640.png,0.2957,296.23,361.12,300.52,364.5
ch2_ohr_ncp_20250123T0750012833_d_img_d18_x11520_y16640.png,0.289,320.73,592.93,325.69,597.66
ch2_ohr_ncp_20250123T0750012833_d_img_d18_x11520_y16640.png,0.2824,121.38,480.75,128.55,487.55
ch2_ohr_ncp_20250123T0750012833_d_img_d18_x11520_y16640.png,0.2812,398.98,122.21,407.89,132.01
ch2_ohr_ncp_20250123T0750012833_d_img_d18_x11520_y16640.png,0.2806,10.83,340.0,16.88,346.48
ch2_ohr_ncp_20250123T0750012833_d_img_d18_x11520_y16640.png,0.2717,77.09,171.16,84.04,176.63
ch2_ohr_ncp_20250123T0750012833_d_img_d18_x11520_y16640.png,0.2694,443.8,508.0,448.0,512.99
ch2_ohr_ncp_20250123T0750012833_d_img_d18_x11520_y16640.png,0.2655,322.51,248.66,329.46,254.12
ch2_ohr_ncp_20250123T0750012833_d_img_d18_x11520_y16640.png,0.2639,431.49,287.78,436.49,292.14
ch2_ohr_ncp_20250123T0750012833_d_img_d18_x11520_y16640.png,0.2585,360.83,224.47,365.74,229.09
ch2_ohr_ncp_20250123T0750012833_d_img_d18_x11520_y16640.png,0.2484,111.46,173.03,126.49,186.8
ch2_ohr_ncp_20250123T0750012833_d_img_d18_x11520_y16640.png,0.2433,412.0,595.96,417.72,600.06
ch2_ohr_ncp_20250123T0750012833_d_img_d18_x11520_y16640.png,0.2425,136.0,113.09,148.14,122.8
ch2_ohr_ncp_20250123T0750012833_d_img_d18_x11520_y16640.png,0.2405,322.42,340.0,329.9,347.39
ch2_ohr_ncp_20250123T0750012833_d_img_d18_x11520_y16640.png,0.237,364.53,271.84,372.0,277.98
ch2_ohr_ncp_20250123T0750012833_d_img_d18_x11520_y16640.png,0.2325,393.75,300.87,403.91,309.9
ch2_ohr_ncp_20250123T0750012833_d_img_d18_x11520_y16640.png,0.2303,72.5,240.11,77.29,244.03
ch2_ohr_ncp_20250123T0750012833_d_img_d18_x11520_y16640.png,0.2205,273.81,91.96,279.94,97.52
ch2_ohr_ncp_20250123T0750012833_d_img_d18_x11520_y16640.png,0.2191,265.78,615.03,271.95,623.13
ch2_ohr_ncp_20250123T0750012833_d_img_d18_x11520_y16640.png,0.2169,293.34,159.68,301.45,166.12
ch2_ohr_ncp_20250123T0750012833_d_img_d18_x11520_y16640.png,0.2113,272.45,247.78,277.47,252.03
ch2_ohr_ncp_20250123T0750012833_d_img_d18_x11520_y16640.png,0.2101,246.09,627.12,252.82,633.4
ch2_ohr_ncp_20250123T0750012833_d_img_d18_x11520_y16640.png,0.2078,245.02,420.93,251.38,425.71
ch2_ohr_ncp_20250123T0750012833_d_img_d18_x11520_y16640.png,0.206,15.38,24.09,22.25,29.37
ch2_ohr_ncp_20250123T0750012833_d_img_d18_x11520_y16640.png,0.2056,442.66,583.63,447.45,588.06
ch2_ohr_ncp_20250123T0750012833_d_img_d18_x11520_y17280.png,0.6064,38.98,497.21,45.13,502.71
ch2_ohr_ncp_20250123T0750012833_d_img_d18_x11520_y17280.png,0.4987,26.48,159.11,38.51,166.01
ch2_ohr_ncp_20250123T0750012833_d_img_d18_x11520_y17280.png,0.496,28.89,518.8,36.59,525.6
ch2_ohr_ncp_20250123T0750012833_d_img_d18_x11520_y17280.png,0.4679,46.88,538.55,52.15,542.81
ch2_ohr_ncp_20250123T0750012833_d_img_d18_x11520_y17280.png,0.4566,253.35,152.31,261.64,160.19
ch2_ohr_ncp_20250123T0750012833_d_img_d18_x11520_y17280.png,0.4557,230.26,248.61,236.76,254.3
ch2_ohr_ncp_20250123T0750012833_d_img_d18_x11520_y17280.png,0.4143,70.53,246.93,81.75,255.86
ch2_ohr_ncp_20250123T0750012833_d_img_d18_x11520_y17280.png,0.4096,56.87,423.06,62.01,428.27
ch2_ohr_ncp_20250123T0750012833_d_img_d18_x11520_y17280.png,0.3773,229.54,361.04,236.06,366.1
ch2_ohr_ncp_20250123T0750012833_d_img_d18_x11520_y17280.png,0.3485,355.93,321.22,364.69,328.55
ch2_ohr_ncp_20250123T0750012833_d_img_d18_x11520_y17280.png,0.3457,197.36,239.55,205.15,246.42
ch2_ohr_ncp_20250123T0750012833_d_img_d18_x11520_y17280.png,0.3448,159.31,211.74,165.28,216.96
ch2_ohr_ncp_20250123T0750012833_d_img_d18_x11520_y17280.png,0.3329,151.83,320.4,157.34,326.0
ch2_ohr_ncp_20250123T0750012833_d_img_d18_x11520_y17280.png,0.3298,160.65,177.32,166.75,182.16
ch2_ohr_ncp_20250123T0750012833_d_img_d18_x11520_y17280.png,0.3148,48.89,458.1,61.47,468.03
ch2_ohr_ncp_20250123T0750012833_d_img_d18_x11520_y17280.png,0.2968,272.49,163.1,278.07,167.62
ch2_ohr_ncp_20250123T0750012833_d_img_d18_x11520_y17280.png,0.2956,82.72,470.12,88.44,476.0
ch2_ohr_ncp_20250123T0750012833_d_img_d18_x11520_y17280.png,0.2947,101.18,557.0,111.54,565.8
ch2_ohr_ncp_20250123T0750012833_d_img_d18_x11520_y17280.png,0.2786,443.96,619.98,448.92,625.03
ch2_ohr_ncp_20250123T0750012833_d_img_d18_x11520_y17280.png,0.2738,27.94,180.0,34.59,186.28
ch2_ohr_ncp_20250123T0750012833_d_img_d18_x11520_y17280.png,0.2716,33.03,63.41,39.19,69.27
ch2_ohr_ncp_20250123T0750012833_d_img_d18_x11520_y17280.png,0.2687,341.55,617.91,348.02,622.31
ch2_ohr_ncp_20250123T0750012833_d_img_d18_x11520_y17280.png,0.2668,34.96,34.36,40.2,39.14
ch2_ohr_ncp_20250123T0750012833_d_img_d18_x11520_y17280.png,0.2645,160.1,247.28,164.71,252.01
ch2_ohr_ncp_20250123T0750012833_d_img_d18_x11520_y17280.png,0.2612,232.15,342.13,248.73,356.79
ch2_ohr_ncp_20250123T0750012833_d_img_d18_x11520_y17280.png,0.26,163.98,222.74,169.28,228.01
ch2_ohr_ncp_20250123T0750012833_d_img_d18_x11520_y17280.png,0.252,376.79,539.9,380.9,543.75
ch2_ohr_ncp_20250123T0750012833_d_img_d18_x11520_y17280.png,0.251,191.28,289.66,196.06,294.59
ch2_ohr_ncp_20250123T0750012833_d_img_d18_x11520_y17280.png,0.2367,416.79,402.34,422.44,408.2
ch2_ohr_ncp_20250123T0750012833_d_img_d18_x11520_y17280.png,0.2361,364.43,243.83,372.18,250.57
ch2_ohr_ncp_20250123T0750012833_d_img_d18_x11520_y17280.png,0.2338,151.64,451.99,157.32,457.45
ch2_ohr_ncp_20250123T0750012833_d_img_d18_x11520_y17280.png,0.2313,148.0,222.39,154.26,228.0
ch2_ohr_ncp_20250123T0750012833_d_img_d18_x11520_y17280.png,0.2298,289.99,362.43,294.01,366.51
ch2_ohr_ncp_20250123T0750012833_d_img_d18_x11520_y17280.png,0.2255,103.26,299.96,109.7,304.95
ch2_ohr_ncp_20250123T0750012833_d_img_d18_x11520_y17280.png,0.2229,49.06,27.9,56.56,34.92
ch2_ohr_ncp_20250123T0750012833_d_img_d18_x11520_y17280.png,0.2217,103.89,444.0,109.4,450.17
ch2_ohr_ncp_20250123T0750012833_d_img_d18_x11520_y17280.png,0.2192,308.24,323.36,316.09,330.58
ch2_ohr_ncp_20250123T0750012833_d_img_d18_x11520_y17280.png,0.2097,119.64,175.95,124.8,180.2
ch2_ohr_ncp_20250123T0750012833_d_img_d18_x11520_y17920.png,0.5703,129.09,546.47,134.86,552.15
ch2_ohr_ncp_20250123T0750012833_d_img_d18_x11520_y17920.png,0.3387,59.51,424.45,65.93,429.86
ch2_ohr_ncp_20250123T0750012833_d_img_d18_x11520_y17920.png,0.3138,95.58,187.15,103.44,193.87
ch2_ohr_ncp_20250123T0750012833_d_img_d18_x11520_y17920.png,0.2939,4.98,254.23,12.12,260.02
ch2_ohr_ncp_20250123T0750012833_d_img_d18_x11520_y17920.png,0.2841,154.24,212.21,162.67,220.05
ch2_ohr_ncp_20250123T0750012833_d_img_d18_x11520_y17920.png,0.2526,107.96,414.23,114.41,420.01
ch2_ohr_ncp_20250123T0750012833_d_img_d18_x11520_y17920.png,0.2359,97.26,17.5,111.95,29.86
ch2_ohr_ncp_20250123T0750012833_d_img_d18_x11520_y17920.png,0.2332,42.23,162.52,58.64,176.5
ch2_ohr_ncp_20250123T0750012833_d_img_d18_x11520_y17920.png,0.2329,107.24,380.0,112.64,385.9
ch2_ohr_ncp_20250123T0750012833_d_img_d18_x11520_y17920.png,0.2284,79.94,303.79,84.58,308.01
ch2_ohr_ncp_20250123T0750012833_d_img_d18_x11520_y17920.png,0.2252,43.89,301.75,49.86,308.01
ch2_ohr_ncp_20250123T0750012833_d_img_d18_x11520_y17920.png,0.2243,94.7,351.62,101.0,356.95
ch2_ohr_ncp_20250123T0750012833_d_img_d18_x11520_y17920.png,0.2156,150.39,236.0,156.03,242.2
ch2_ohr_ncp_20250123T0750012833_d_img_d18_x11520_y17920.png,0.2151,7.61,240.93,13.66,246.44
ch2_ohr_ncp_20250123T0750012833_d_img_d18_x11520_y17920.png,0.207,121.59,368.19,127.61,373.75
ch2_ohr_ncp_20250123T0750012833_d_img_d18_x11520_y18560.png,0.7007,378.55,584.78,384.21,590.04
ch2_ohr_ncp_20250123T0750012833_d_img_d18_x11520_y18560.png,0.6955,185.02,410.75,192.88,417.56
ch2_ohr_ncp_20250123T0750012833_d_img_d18_x11520_y18560.png,0.5793,178.82,297.24,196.81,310.44
ch2_ohr_ncp_20250123T0750012833_d_img_d18_x11520_y18560.png,0.5735,157.52,545.0,164.44,551.26
ch2_ohr_ncp_20250123T0750012833_d_img_d18_x11520_y18560.png,0.5565,349.38,576.65,357.66,584.43
ch2_ohr_ncp_20250123T0750012833_d_img_d18_x11520_y18560.png,0.5043,45.35,54.59,52.94,62.39
ch2_ohr_ncp_20250123T0750012833_d_img_d18_x11520_y18560.png,0.4768,96.82,479.96,103.16,486.86
ch2_ohr_ncp_20250123T0750012833_d_img_d18_x11520_y18560.png,0.4615,146.78,335.51,154.85,342.31
ch2_ohr_ncp_20250123T0750012833_d_img_d18_x11520_y18560.png,0.4318,217.6,537.55,221.98,541.45
ch2_ohr_ncp_20250123T0750012833_d_img_d18_x11520_y18560.png,0.417,155.43,452.0,160.59,458.03
ch2_ohr_ncp_20250123T0750012833_d_img_d18_x11520_y18560.png,0.4085,352.43,321.69,357.08,326.41
ch2_ohr_ncp_20250123T0750012833_d_img_d18_x11520_y18560.png,0.4025,352.33,564.0,357.12,569.59
ch2_ohr_ncp_20250123T0750012833_d_img_d18_x11520_y18560.png,0.4011,124.67,390.75,132.01,397.74
ch2_ohr_ncp_20250123T0750012833_d_img_d18_x11520_y18560.png,0.3977,131.99,538.26,137.56,542.94
ch2_ohr_ncp_20250123T0750012833_d_img_d18_x11520_y18560.png,0.3722,290.45,548.97,303.12,558.77
ch2_ohr_ncp_20250123T0750012833_d_img_d18_x11520_y18560.png,0.367,137.79,575.78,144.1,580.89
ch2_ohr_ncp_20250123T0750012833_d_img_d18_x11520_y18560.png,0.364,211.23,513.03,221.2,522.65
ch2_ohr_ncp_20250123T0750012833_d_img_d18_x11520_y18560.png,0.3577,268.0,544.23,274.61,548.56
ch2_ohr_ncp_20250123T0750012833_d_img_d18_x11520_y18560.png,0.3388,381.79,618.56,389.94,623.61
ch2_ohr_ncp_20250123T0750012833_d_img_d18_x11520_y18560.png,0.3199,145.81,224.0,154.76,231.62
ch2_ohr_ncp_20250123T0750012833_d_img_d18_x11520_y18560.png,0.3178,201.88,486.15,208.09,492.28
ch2_ohr_ncp_20250123T0750012833_d_img_d18_x11520_y18560.png,0.3023,393.17,137.85,397.37,141.59
ch2_ohr_ncp_20250123T0750012833_d_img_d18_x11520_y18560.png,0.3,48.13,352.79,54.63,359.4
ch2_ohr_ncp_20250123T0750012833_d_img_d18_x11520_y18560.png,0.293,56.48,620.61,63.6,628.35
ch2_ohr_ncp_20250123T0750012833_d_img_d18_x11520_y18560.png,0.2918,89.95,446.25,95.1,452.0
ch2_ohr_ncp_20250123T0750012833_d_img_d18_x11520_y18560.png,0.2821,11.65,206.86,17.94,212.68
ch2_ohr_ncp_20250123T0750012833_d_img_d18_x11520_y18560.png,0.2741,331.65,192.12,338.59,198.85
ch2_ohr_ncp_20250123T0750012833_d_img_d18_x11520_y18560.png,0.2676,87.2,554.69,92.19,559.95
ch2_ohr_ncp_20250123T0750012833_d_img_d18_x11520_y18560.png,0.2523,164.0,515.98,168.98,519.99
ch2_ohr_ncp_20250123T0750012833_d_img_d18_x11520_y18560.png,0.2503,259.98,433.66,266.93,438.7
ch2_ohr_ncp_20250123T0750012833_d_img_d18_x11520_y18560.png,0.2308,353.59,345.53,358.37,349.95
ch2_ohr_ncp_20250123T0750012833_d_img_d18_x11520_y18560.png,0.2266,124.21,519.57,132.49,526.41
ch2_ohr_ncp_20250123T0750012833_d_img_d18_x11520_y18560.png,0.2257,319.97,543.57,324.39,548.01
ch2_ohr_ncp_20250123T0750012833_d_img_d18_x11520_y18560.png,0.2201,177.95,515.92,182.32,519.95
ch2_ohr_ncp_20250123T0750012833_d_img_d18_x11520_y18560.png,0.2165,269.15,544.5,276.0,548.49
ch2_ohr_ncp_20250123T0750012833_d_img_d18_x11520_y18560.png,0.2153,211.52,553.54,224.49,566.14
ch2_ohr_ncp_20250123T0750012833_d_img_d18_x11520_y18560.png,0.2149,174.18,448.6,180.0,452.55
ch2_ohr_ncp_20250123T0750012833_d_img_d18_x11520_y18560.png,0.2124,172.0,448.86,178.51,452.59
ch2_ohr_ncp_20250123T0750012833_d_img_d18_x11520_y18560.png,0.204,359.55,72.42,364.43,77.42
ch2_ohr_ncp_20250123T0750012833_d_img_d18_x11520_y18560.png,0.2032,165.29,516.05,169.29,520.03
ch2_ohr_ncp_20250123T0750012833_d_img_d18_x11520_y19200.png,0.4344,194.46,83.59,201.16,89.79
ch2_ohr_ncp_20250123T0750012833_d_img_d18_x11520_y19200.png,0.4235,386.2,97.68,391.54,102.88
ch2_ohr_ncp_20250123T0750012833_d_img_d18_x11520_y19200.png,0.3977,320.98,114.95,327.81,122.49
ch2_ohr_ncp_20250123T0750012833_d_img_d18_x11520_y19200.png,0.2421,237.86,101.62,244.89,108.0
ch2_ohr_ncp_20250123T0750012833_d_img_d18_x11520_y55040.png,0.2438,138.41,609.73,145.09,615.62
ch2_ohr_ncp_20250123T0750012833_d_img_d18_x11520_y55680.png,0.3161,159.2,324.0,164.34,330.22
ch2_ohr_ncp_20250123T0750012833_d_img_d18_x11520_y55680.png,0.3063,184.04,252.0,189.35,257.55
ch2_ohr_ncp_20250123T0750012833_d_img_d18_x11520_y55680.png,0.2306,157.71,358.51,164.0,364.0
ch2_ohr_ncp_20250123T0750012833_d_img_d18_x11520_y56320.png,0.5646,349.37,570.74,356.07,578.22
ch2_ohr_ncp_20250123T0750012833_d_img_d18_x11520_y56320.png,0.446,384.95,381.38,391.4,388.0
ch2_ohr_ncp_20250123T0750012833_d_img_d18_x11520_y56320.png,0.4314,298.32,617.99,303.47,622.02
ch2_ohr_ncp_20250123T0750012833_d_img_d18_x11520_y56320.png,0.4098,384.7,523.99,393.63,531.56
ch2_ohr_ncp_20250123T0750012833_d_img_d18_x11520_y56320.png,0.3982,440.8,339.37,480.32,373.41
ch2_ohr_ncp_20250123T0750012833_d_img_d18_x11520_y56320.png,0.3802,238.61,544.78,244.35,548.96
ch2_ohr_ncp_20250123T0750012833_d_img_d18_x11520_y56320.png,0.3672,197.59,525.41,207.08,533.49
ch2_ohr_ncp_20250123T0750012833_d_img_d18_x11520_y56320.png,0.3637,125.1,521.85,132.41,531.34
ch2_ohr_ncp_20250123T0750012833_d_img_d18_x11520_y56320.png,0.3605,152.48,515.75,158.8,522.07
ch2_ohr_ncp_20250123T0750012833_d_img_d18_x11520_y56320.png,0.3593,296.31,586.48,301.28,591.78
ch2_ohr_ncp_20250123T0750012833_d_img_d18_x11520_y56320.png,0.3564,345.29,550.78,352.03,556.58
ch2_ohr_ncp_20250123T0750012833_d_img_d18_x11520_y56320.png,0.2963,218.87,563.39,229.14,571.16
ch2_ohr_ncp_20250123T0750012833_d_img_d18_x11520_y56320.png,0.2868,360.99,531.99,366.04,537.27
ch2_ohr_ncp_20250123T0750012833_d_img_d18_x11520_y56320.png,0.2857,302.53,354.39,308.04,358.06
ch2_ohr_ncp_20250123T0750012833_d_img_d18_x11520_y56320.png,0.2849,360.06,486.73,366.56,493.31
ch2_ohr_ncp_20250123T0750012833_d_img_d18_x11520_y56320.png,0.2804,98.43,584.31,104.4,590.55
ch2_ohr_ncp_20250123T0750012833_d_img_d18_x11520_y56320.png,0.279,447.75,545.08,454.46,551.23
ch2_ohr_ncp_20250123T0750012833_d_img_d18_x11520_y56320.png,0.2605,385.78,39.52,392.81,45.83
ch2_ohr_ncp_20250123T0750012833_d_img_d18_x11520_y56320.png,0.2594,160.17,529.45,164.85,533.17
ch2_ohr_ncp_20250123T0750012833_d_img_d18_x11520_y56320.png,0.249,191.54,443.82,197.57,449.16
ch2_ohr_ncp_20250123T0750012833_d_img_d18_x11520_y56320.png,0.2324,289.63,386.68,293.77,390.31
ch2_ohr_ncp_20250123T0750012833_d_img_d18_x11520_y56960.png,0.6626,266.68,481.55,277.65,489.86
ch2_ohr_ncp_20250123T0750012833_d_img_d18_x11520_y56960.png,0.6483,346.75,335.9,358.38,345.16
ch2_ohr_ncp_20250123T0750012833_d_img_d18_x11520_y56960.png,0.5948,285.57,623.47,292.71,630.08
ch2_ohr_ncp_20250123T0750012833_d_img_d18_x11520_y56960.png,0.5783,241.95,621.79,249.78,629.04
ch2_ohr_ncp_20250123T0750012833_d_img_d18_x11520_y56960.png,0.5638,263.96,559.39,268.79,564.02
ch2_ohr_ncp_20250123T0750012833_d_img_d18_x11520_y56960.png,0.5546,268.57,566.7,277.11,574.46
ch2_ohr_ncp_20250123T0750012833_d_img_d18_x11520_y56960.png,0.5295,0.2,295.58,5.47,300.96
ch2_ohr_ncp_20250123T0750012833_d_img_d18_x11520_y56960.png,0.5214,365.27,376.5,372.0,381.86
ch2_ohr_ncp_20250123T0750012833_d_img_d18_x11520_y56960.png,0.4564,201.87,599.83,206.48,605.01
ch2_ohr_ncp_20250123T0750012833_d_img_d18_x11520_y56960.png,0.447,291.59,495.7,297.59,500.54
ch2_ohr_ncp_20250123T0750012833_d_img_d18_x11520_y56960.png,0.4367,215.05,629.37,221.34,636.02
ch2_ohr_ncp_20250123T0750012833_d_img_d18_x11520_y56960.png,0.4042,397.28,387.99,404.68,394.48
ch2_ohr_ncp_20250123T0750012833_d_img_d18_x11520_y56960.png,0.4019,12.75,348.77,21.18,356.4
ch2_ohr_ncp_20250123T0750012833_d_img_d18_x11520_y56960.png,0.3888,147.97,385.6,154.2,390.03
ch2_ohr_ncp_20250123T0750012833_d_img_d18_x11520_y56960.png,0.3781,248.75,318.99,253.35,324.0
ch2_ohr_ncp_20250123T0750012833_d_img_d18_x11520_y56960.png,0.3699,255.31,576.88,263.23,582.62
ch2_ohr_ncp_20250123T0750012833_d_img_d18_x11520_y56960.png,0.3415,279.99,555.16,284.23,558.64
ch2_ohr_ncp_20250123T0750012833_d_img_d18_x11520_y56960.png,0.3167,296.45,292.0,301.22,296.93
ch2_ohr_ncp_20250123T0750012833_d_img_d18_x11520_y56960.png,0.3057,67.04,552.55,74.18,560.55
ch2_ohr_ncp_20250123T0750012833_d_img_d18_x11520_y56960.png,0.3019,313.87,514.08,318.71,518.03
ch2_ohr_ncp_20250123T0750012833_d_img_d18_x11520_y56960.png,0.3016,294.08,536.81,300.61,544.48
ch2_ohr_ncp_20250123T0750012833_d_img_d18_x11520_y56960.png,0.2919,78.58,92.29,92.55,102.48
ch2_ohr_ncp_20250123T0750012833_d_img_d18_x11520_y56960.png,0.2783,19.93,293.74,25.78,300.0
ch2_ohr_ncp_20250123T0750012833_d_img_d18_x11520_y56960.png,0.2669,308.0,260.0,316.76,266.85
ch2_ohr_ncp_20250123T0750012833_d_img_d18_x11520_y56960.png,0.2521,201.03,321.38,206.91,326.24
ch2_ohr_ncp_20250123T0750012833_d_img_d18_x11520_y56960.png,0.2351,291.23,507.62,296.54,512.05
ch2_ohr_ncp_20250123T0750012833_d_img_d18_x11520_y56960.png,0.2332,405.39,345.65,417.13,354.89
ch2_ohr_ncp_20250123T0750012833_d_img_d18_x11520_y56960.png,0.219,85.08,271.07,92.89,277.88
ch2_ohr_ncp_20250123T0750012833_d_img_d18_x11520_y56960.png,0.2156,444.88,409.75,452.16,415.3
ch2_ohr_ncp_20250123T0750012833_d_img_d18_x11520_y56960.png,0.2126,214.67,628.0,220.9,635.46
ch2_ohr_ncp_20250123T0750012833_d_img_d18_x11520_y56960.png,0.2099,324.09,255.09,338.46,266.24
ch2_ohr_ncp_20250123T0750012833_d_img_d18_x11520_y56960.png,0.203,352.88,318.04,360.99,324.08
ch2_ohr_ncp_20250123T0750012833_d_img_d18_x11520_y57600.png,0.7309,32.78,366.91,38.09,372.4
ch2_ohr_ncp_20250123T0750012833_d_img_d18_x11520_y57600.png,0.5804,241.1,462.57,249.78,471.11
ch2_ohr_ncp_20250123T0750012833_d_img_d18_x11520_y57600.png,0.5505,432.32,296.18,436.51,300.18
ch2_ohr_ncp_20250123T0750012833_d_img_d18_x11520_y57600.png,0.5502,71.28,340.0,76.36,346.17
ch2_ohr_ncp_20250123T0750012833_d_img_d18_x11520_y57600.png,0.5237,289.86,352.28,299.07,359.63
ch2_ohr_ncp_20250123T0750012833_d_img_d18_x11520_y57600.png,0.523,267.84,287.08,277.93,296.35
ch2_ohr_ncp_20250123T0750012833_d_img_d18_x11520_y57600.png,0.5042,271.41,368.61,277.61,374.23
ch2_ohr_ncp_20250123T0750012833_d_img_d18_x11520_y57600.png,0.5024,77.13,354.23,85.39,361.28
ch2_ohr_ncp_20250123T0750012833_d_img_d18_x11520_y57600.png,0.4952,162.33,423.14,169.97,431.68
ch2_ohr_ncp_20250123T0750012833_d_img_d18_x11520_y57600.png,0.4825,116.99,392.44,125.24,398.95
ch2_ohr_ncp_20250123T0750012833_d_img_d18_x11520_y57600.png,0.4652,122.33,607.48,127.06,612.05
ch2_ohr_ncp_20250123T0750012833_d_img_d18_x11520_y57600.png,0.4583,71.44,341.53,76.74,345.89
ch2_ohr_ncp_20250123T0750012833_d_img_d18_x11520_y57600.png,0.453,93.74,83.66,101.18,91.05
ch2_ohr_ncp_20250123T0750012833_d_img_d18_x11520_y57600.png,0.4514,321.21,331.76,325.0,335.22
ch2_ohr_ncp_20250123T0750012833_d_img_d18_x11520_y57600.png,0.4485,342.26,363.27,348.63,370.49
ch2_ohr_ncp_20250123T0750012833_d_img_d18_x11520_y57600.png,0.4327,345.43,384.47,350.01,388.48
ch2_ohr_ncp_20250123T0750012833_d_img_d18_x11520_y57600.png,0.4323,190.02,55.72,219.67,76.14
ch2_ohr_ncp_20250123T0750012833_d_img_d18_x11520_y57600.png,0.4219,377.12,303.32,388.34,314.13
ch2_ohr_ncp_20250123T0750012833_d_img_d18_x11520_y57600.png,0.4038,292.66,362.62,300.34,369.89
ch2_ohr_ncp_20250123T0750012833_d_img_d18_x11520_y57600.png,0.3747,135.45,360.72,141.9,367.0
ch2_ohr_ncp_20250123T0750012833_d_img_d18_x11520_y57600.png,0.3594,379.77,41.34,384.69,45.19
ch2_ohr_ncp_20250123T0750012833_d_img_d18_x11520_y57600.png,0.3549,268.52,349.76,278.68,359.27
ch2_ohr_ncp_20250123T0750012833_d_img_d18_x11520_y57600.png,0.334,40.45,395.78,46.37,402.18
ch2_ohr_ncp_20250123T0750012833_d_img_d18_x11520_y57600.png,0.325,167.38,62.55,172.88,68.03
ch2_ohr_ncp_20250123T0750012833_d_img_d18_x11520_y57600.png,0.3118,274.54,118.77,295.68,140.72
ch2_ohr_ncp_20250123T0750012833_d_img_d18_x11520_y57600.png,0.3104,169.96,73.65,175.19,78.89
ch2_ohr_ncp_20250123T0750012833_d_img_d18_x11520_y57600.png,0.3081,249.41,448.81,259.9,458.5
ch2_ohr_ncp_20250123T0750012833_d_img_d18_x11520_y57600.png,0.3077,285.6,408.03,292.04,413.07
ch2_ohr_ncp_20250123T0750012833_d_img_d18_x11520_y57600.png,0.297,261.97,439.44,269.25,444.27
ch2_ohr_ncp_20250123T0750012833_d_img_d18_x11520_y57600.png,0.284,50.31,354.9,54.05,358.06
ch2_ohr_ncp_20250123T0750012833_d_img_d18_x11520_y57600.png,0.281,278.83,308.0,284.06,313.81
ch2_ohr_ncp_20250123T0750012833_d_img_d18_x11520_y57600.png,0.2703,144.33,301.26,152.32,309.06
ch2_ohr_ncp_20250123T0750012833_d_img_d18_x11520_y57600.png,0.266,139.78,271.12,145.38,276.05
ch2_ohr_ncp_20250123T0750012833_d_img_d18_x11520_y57600.png,0.262,18.85,379.99,24.6,386.16
ch2_ohr_ncp_20250123T0750012833_d_img_d18_x11520_y57600.png,0.2596,123.99,354.65,128.86,357.92
ch2_ohr_ncp_20250123T0750012833_d_img_d18_x11520_y57600.png,0.2556,99.98,132.0,107.13,138.37
ch2_ohr_ncp_20250123T0750012833_d_img_d18_x11520_y57600.png,0.2541,260.0,393.53,266.3,398.22
ch2_ohr_ncp_20250123T0750012833_d_img_d18_x11520_y57600.png,0.252,240.72,41.67,247.42,47.37
ch2_ohr_ncp_20250123T0750012833_d_img_d18_x11520_y57600.png,0.2503,350.22,419.32,358.94,427.75
ch2_ohr_ncp_20250123T0750012833_d_img_d18_x11520_y57600.png,0.2491,315.5,273.73,320.45,277.87
ch2_ohr_ncp_20250123T0750012833_d_img_d18_x11520_y57600.png,0.2488,307.62,320.75,313.91,327.49
ch2_ohr_ncp_20250123T0750012833_d_img_d18_x11520_y57600.png,0.2484,319.85,239.96,324.12,244.02
ch2_ohr_ncp_20250123T0750012833_d_img_d18_x11520_y57600.png,0.2425,250.74,359.62,255.43,364.63
ch2_ohr_ncp_20250123T0750012833_d_img_d18_x11520_y57600.png,0.242,213.91,315.99,220.01,320.93
ch2_ohr_ncp_20250123T0750012833_d_img_d18_x11520_y57600.png,0.2393,148.0,364.0,154.56,370.12
ch2_ohr_ncp_20250123T0750012833_d_img_d18_x11520_y57600.png,0.236,149.63,364.0,156.0,370.25
ch2_ohr_ncp_20250123T0750012833_d_img_d18_x11520_y57600.png,0.2325,192.47,342.23,197.14,348.01
ch2_ohr_ncp_20250123T0750012833_d_img_d18_x11520_y57600.png,0.2322,25.35,137.83,29.72,142.4
ch2_ohr_ncp_20250123T0750012833_d_img_d18_x11520_y57600.png,0.2251,269.58,416.73,276.02,421.18
ch2_ohr_ncp_20250123T0750012833_d_img_d18_x11520_y57600.png,0.2186,394.09,399.79,402.48,406.48
ch2_ohr_ncp_20250123T0750012833_d_img_d18_x11520_y57600.png,0.2146,261.64,393.65,268.0,398.34
ch2_ohr_ncp_20250123T0750012833_d_img_d18_x11520_y57600.png,0.2123,86.91,206.19,92.61,212.01
ch2_ohr_ncp_20250123T0750012833_d_img_d18_x11520_y57600.png,0.2122,275.32,619.97,280.69,624.97
ch2_ohr_ncp_20250123T0750012833_d_img_d18_x11520_y57600.png,0.2065,279.16,309.75,283.51,313.84
ch2_ohr_ncp_20250123T0750012833_d_img_d18_x11520_y57600.png,0.2055,418.62,625.56,423.8,629.68
ch2_ohr_ncp_20250123T0750012833_d_img_d18_x11520_y57600.png,0.2033,0.65,221.98,7.49,228.09
ch2_ohr_ncp_20250123T0750012833_d_img_d18_x11520_y58240.png,0.6064,112.16,235.54,117.37,239.91
ch2_ohr_ncp_20250123T0750012833_d_img_d18_x11520_y58240.png,0.5621,143.92,405.33,156.24,414.69
ch2_ohr_ncp_20250123T0750012833_d_img_d18_x11520_y58240.png,0.5595,269.27,446.25,280.4,454.52
ch2_ohr_ncp_20250123T0750012833_d_img_d18_x11520_y58240.png,0.5416,427.91,416.12,434.85,422.09
ch2_ohr_ncp_20250123T0750012833_d_img_d18_x11520_y58240.png,0.5272,189.92,80.65,196.33,86.08
ch2_ohr_ncp_20250123T0750012833_d_img_d18_x11520_y58240.png,0.5156,0.27,256.34,11.11,265.44
ch2_ohr_ncp_20250123T0750012833_d_img_d18_x11520_y58240.png,0.4718,354.73,268.26,365.76,278.08
ch2_ohr_ncp_20250123T0750012833_d_img_d18_x11520_y58240.png,0.4628,17.53,609.65,26.74,620.0
ch2_ohr_ncp_20250123T0750012833_d_img_d18_x11520_y58240.png,0.4428,66.6,83.31,70.76,87.17
ch2_ohr_ncp_20250123T0750012833_d_img_d18_x11520_y58240.png,0.435,78.69,603.99,84.82,609.95
ch2_ohr_ncp_20250123T0750012833_d_img_d18_x11520_y58240.png,0.4313,144.1,388.95,150.58,396.0
ch2_ohr_ncp_20250123T0750012833_d_img_d18_x11520_y58240.png,0.4301,15.85,302.06,29.34,316.4
ch2_ohr_ncp_20250123T0750012833_d_img_d18_x11520_y58240.png,0.4215,48.94,411.95,53.94,416.83
ch2_ohr_ncp_20250123T0750012833_d_img_d18_x11520_y58240.png,0.4177,59.98,440.5,66.78,445.56
ch2_ohr_ncp_20250123T0750012833_d_img_d18_x11520_y58240.png,0.4098,227.93,101.93,236.64,109.0
ch2_ohr_ncp_20250123T0750012833_d_img_d18_x11520_y58240.png,0.3854,411.83,468.0,416.6,473.46
ch2_ohr_ncp_20250123T0750012833_d_img_d18_x11520_y58240.png,0.379,41.57,292.75,50.74,300.01
ch2_ohr_ncp_20250123T0750012833_d_img_d18_x11520_y58240.png,0.3575,255.04,440.26,260.72,445.97
ch2_ohr_ncp_20250123T0750012833_d_img_d18_x11520_y58240.png,0.3465,251.45,404.65,270.16,419.13
ch2_ohr_ncp_20250123T0750012833_d_img_d18_x11520_y58240.png,0.3454,101.67,625.55,108.01,629.54
ch2_ohr_ncp_20250123T0750012833_d_img_d18_x11520_y58240.png,0.3407,305.7,312.76,311.74,318.3
ch2_ohr_ncp_20250123T0750012833_d_img_d18_x11520_y58240.png,0.3394,202.99,302.26,220.55,316.04
ch2_ohr_ncp_20250123T0750012833_d_img_d18_x11520_y58240.png,0.3364,60.82,336.98,68.05,343.01
ch2_ohr_ncp_20250123T0750012833_d_img_d18_x11520_y58240.png,0.3297,0.87,411.5,7.69,417.24
ch2_ohr_ncp_20250123T0750012833_d_img_d18_x11520_y58240.png,0.3265,0.13,150.43,6.83,156.14
ch2_ohr_ncp_20250123T0750012833_d_img_d18_x11520_y58240.png,0.3199,176.03,512.25,188.38,523.56
ch2_ohr_ncp_20250123T0750012833_d_img_d18_x11520_y58240.png,0.3155,73.75,336.36,82.75,345.24
ch2_ohr_ncp_20250123T0750012833_d_img_d18_x11520_y58240.png,0.3106,115.99,80.15,122.27,84.19
ch2_ohr_ncp_20250123T0750012833_d_img_d18_x11520_y58240.png,0.3005,73.5,624.76,107.37,639.67
ch2_ohr_ncp_20250123T0750012833_d_img_d18_x11520_y58240.png,0.2969,178.14,107.79,187.53,115.67
ch2_ohr_ncp_20250123T0750012833_d_img_d18_x11520_y58240.png,0.2929,57.44,383.92,61.54,388.18
ch2_ohr_ncp_20250123T0750012833_d_img_d18_x11520_y58240.png,0.2907,95.01,422.17,102.82,428.63
ch2_ohr_ncp_20250123T0750012833_d_img_d18_x11520_y58240.png,0.2882,29.31,15.69,36.01,21.26
ch2_ohr_ncp_20250123T0750012833_d_img_d18_x11520_y58240.png,0.2856,8.56,403.27,15.48,407.99
ch2_ohr_ncp_20250123T0750012833_d_img_d18_x11520_y58240.png,0.2817,0.63,185.89,16.89,198.86
ch2_ohr_ncp_20250123T0750012833_d_img_d18_x11520_y58240.png,0.2789,315.22,256.17,321.04,261.65
ch2_ohr_ncp_20250123T0750012833_d_img_d18_x11520_y58240.png,0.2755,45.62,446.54,52.0,452.01
ch2_ohr_ncp_20250123T0750012833_d_img_d18_x11520_y58240.png,0.2721,87.59,358.28,92.04,364.0
ch2_ohr_ncp_20250123T0750012833_d_img_d18_x11520_y58240.png,0.2708,426.26,457.72,431.54,462.5
ch2_ohr_ncp_20250123T0750012833_d_img_d18_x11520_y58240.png,0.2697,105.0,455.35,109.77,460.27
ch2_ohr_ncp_20250123T0750012833_d_img_d18_x11520_y58240.png,0.2657,117.58,80.39,124.0,84.16
ch2_ohr_ncp_20250123T0750012833_d_img_d18_x11520_y58240.png,0.2637,380.0,372.0,386.95,377.93
ch2_ohr_ncp_20250123T0750012833_d_img_d18_x11520_y58240.png,0.2624,87.33,358.27,91.99,362.35
ch2_ohr_ncp_20250123T0750012833_d_img_d18_x11520_y58240.png,0.2619,426.03,257.19,429.68,260.86
ch2_ohr_ncp_20250123T0750012833_d_img_d18_x11520_y58240.png,0.2566,387.99,231.4,395.02,236.81
ch2_ohr_ncp_20250123T0750012833_d_img_d18_x11520_y58240.png,0.2422,51.05,333.8,57.33,340.01
ch2_ohr_ncp_20250123T0750012833_d_img_d18_x11520_y58240.png,0.2401,355.54,387.69,360.91,391.52
ch2_ohr_ncp_20250123T0750012833_d_img_d18_x11520_y58240.png,0.2357,91.06,587.91,98.24,596.0
ch2_ohr_ncp_20250123T0750012833_d_img_d18_x11520_y58240.png,0.2346,0.05,175.64,5.52,181.83
ch2_ohr_ncp_20250123T0750012833_d_img_d18_x11520_y58240.png,0.234,265.18,331.99,270.03,336.54
ch2_ohr_ncp_20250123T0750012833_d_img_d18_x11520_y58240.png,0.228,149.1,597.38,156.17,604.0
ch2_ohr_ncp_20250123T0750012833_d_img_d18_x11520_y58240.png,0.2113,24.75,424.98,28.25,428.73
ch2_ohr_ncp_20250123T0750012833_d_img_d18_x11520_y58240.png,0.2104,377.02,398.39,382.08,404.0
ch2_ohr_ncp_20250123T0750012833_d_img_d18_x11520_y58240.png,0.2102,103.09,432.07,108.04,436.19
ch2_ohr_ncp_20250123T0750012833_d_img_d18_x11520_y58240.png,0.2063,33.72,615.59,41.01,622.23
ch2_ohr_ncp_20250123T0750012833_d_img_d18_x11520_y58240.png,0.2045,198.94,512.01,204.08,516.09
ch2_ohr_ncp_20250123T0750012833_d_img_d18_x11520_y58240.png,0.2012,389.25,231.24,396.0,236.61
ch2_ohr_ncp_20250123T0750012833_d_img_d18_x11520_y58880.png,0.6656,311.34,248.87,316.86,255.49
ch2_ohr_ncp_20250123T0750012833_d_img_d18_x11520_y58880.png,0.5527,267.98,242.65,274.19,246.57
ch2_ohr_ncp_20250123T0750012833_d_img_d18_x11520_y58880.png,0.5347,377.29,312.03,383.76,318.01
ch2_ohr_ncp_20250123T0750012833_d_img_d18_x11520_y58880.png,0.5194,138.67,542.63,145.04,548.49
ch2_ohr_ncp_20250123T0750012833_d_img_d18_x11520_y58880.png,0.5166,160.35,251.85,165.65,256.94
ch2_ohr_ncp_20250123T0750012833_d_img_d18_x11520_y58880.png,0.4968,132.94,563.27,138.31,568.18
ch2_ohr_ncp_20250123T0750012833_d_img_d18_x11520_y58880.png,0.447,281.29,530.68,295.19,542.14
ch2_ohr_ncp_20250123T0750012833_d_img_d18_x11520_y58880.png,0.4356,310.57,511.21,316.2,516.2
ch2_ohr_ncp_20250123T0750012833_d_img_d18_x11520_y58880.png,0.4036,447.63,344.85,453.47,350.35
ch2_ohr_ncp_20250123T0750012833_d_img_d18_x11520_y58880.png,0.4018,229.66,325.88,234.67,329.97
ch2_ohr_ncp_20250123T0750012833_d_img_d18_x11520_y58880.png,0.4017,284.0,554.65,289.24,558.53
ch2_ohr_ncp_20250123T0750012833_d_img_d18_x11520_y58880.png,0.3726,278.97,471.39,285.38,476.69
ch2_ohr_ncp_20250123T0750012833_d_img_d18_x11520_y58880.png,0.3693,418.32,544.48,424.7,551.13
ch2_ohr_ncp_20250123T0750012833_d_img_d18_x11520_y58880.png,0.3571,81.78,507.2,85.78,511.46
ch2_ohr_ncp_20250123T0750012833_d_img_d18_x11520_y58880.png,0.3566,89.37,531.99,94.25,538.03
ch2_ohr_ncp_20250123T0750012833_d_img_d18_x11520_y58880.png,0.3454,39.02,337.92,44.01,342.12
ch2_ohr_ncp_20250123T0750012833_d_img_d18_x11520_y58880.png,0.3395,261.88,439.65,268.0,444.23
ch2_ohr_ncp_20250123T0750012833_d_img_d18_x11520_y58880.png,0.3039,353.89,484.79,384.8,509.34
ch2_ohr_ncp_20250123T0750012833_d_img_d18_x11520_y58880.png,0.3017,133.59,563.06,140.01,568.28
ch2_ohr_ncp_20250123T0750012833_d_img_d18_x11520_y58880.png,0.3003,214.6,488.96,220.05,493.14
ch2_ohr_ncp_20250123T0750012833_d_img_d18_x11520_y58880.png,0.2991,261.57,439.77,266.57,444.53
ch2_ohr_ncp_20250123T0750012833_d_img_d18_x11520_y58880.png,0.2928,152.28,603.98,158.01,608.92
ch2_ohr_ncp_20250123T0750012833_d_img_d18_x11520_y58880.png,0.2834,123.89,538.37,128.45,543.37
ch2_ohr_ncp_20250123T0750012833_d_img_d18_x11520_y58880.png,0.2799,413.72,558.35,424.14,569.37
ch2_ohr_ncp_20250123T0750012833_d_img_d18_x11520_y58880.png,0.2743,26.8,532.27,44.97,546.28
ch2_ohr_ncp_20250123T0750012833_d_img_d18_x11520_y58880.png,0.263,239.61,403.96,244.09,407.94
ch2_ohr_ncp_20250123T0750012833_d_img_d18_x11520_y58880.png,0.2622,219.48,415.4,228.01,422.43
ch2_ohr_ncp_20250123T0750012833_d_img_d18_x11520_y58880.png,0.2566,78.58,514.07,84.54,519.64
ch2_ohr_ncp_20250123T0750012833_d_img_d18_x11520_y58880.png,0.2461,269.32,242.68,276.0,246.43
ch2_ohr_ncp_20250123T0750012833_d_img_d18_x11520_y58880.png,0.2447,82.58,473.1,88.02,477.76
ch2_ohr_ncp_20250123T0750012833_d_img_d18_x11520_y58880.png,0.2412,289.18,418.84,295.66,424.96
ch2_ohr_ncp_20250123T0750012833_d_img_d18_x11520_y58880.png,0.241,221.74,396.0,228.0,401.6
ch2_ohr_ncp_20250123T0750012833_d_img_d18_x11520_y58880.png,0.2399,265.94,456.42,270.39,460.43
ch2_ohr_ncp_20250123T0750012833_d_img_d18_x11520_y58880.png,0.2386,330.78,528.37,334.69,532.06
ch2_ohr_ncp_20250123T0750012833_d_img_d18_x11520_y58880.png,0.2222,454.21,298.6,460.09,302.85
ch2_ohr_ncp_20250123T0750012833_d_img_d18_x11520_y58880.png,0.206,456.34,323.98,460.02,328.24
ch2_ohr_ncp_20250123T0750012833_d_img_d18_x11520_y59520.png,0.6132,89.61,120.55,95.57,128.24
ch2_ohr_ncp_20250123T0750012833_d_img_d18_x11520_y59520.png,0.5199,424.97,624.9,430.57,629.74
ch2_ohr_ncp_20250123T0750012833_d_img_d18_x11520_y59520.png,0.5108,183.77,590.26,190.15,596.0
ch2_ohr_ncp_20250123T0750012833_d_img_d18_x11520_y59520.png,0.4552,272.93,604.0,278.6,610.1
ch2_ohr_ncp_20250123T0750012833_d_img_d18_x11520_y59520.png,0.3995,112.71,433.53,117.13,437.16
ch2_ohr_ncp_20250123T0750012833_d_img_d18_x11520_y59520.png,0.3696,186.54,66.41,197.57,77.31
ch2_ohr_ncp_20250123T0750012833_d_img_d18_x11520_y59520.png,0.2943,288.87,249.33,296.09,255.76
ch2_ohr_ncp_20250123T0750012833_d_img_d18_x11520_y59520.png,0.2852,183.34,165.73,188.97,172.02
ch2_ohr_ncp_20250123T0750012833_d_img_d18_x11520_y59520.png,0.2676,323.6,175.05,328.92,180.0
ch2_ohr_ncp_20250123T0750012833_d_img_d18_x11520_y59520.png,0.2538,86.49,397.47,93.61,404.0
ch2_ohr_ncp_20250123T0750012833_d_img_d18_x11520_y59520.png,0.2465,267.22,613.38,280.01,625.28
ch2_ohr_ncp_20250123T0750012833_d_img_d18_x11520_y59520.png,0.2399,121.16,428.0,125.16,433.25
ch2_ohr_ncp_20250123T0750012833_d_img_d18_x11520_y59520.png,0.216,290.79,253.72,296.2,260.01
ch2_ohr_ncp_20250123T0750012833_d_img_d18_x11520_y59520.png,0.2119,190.24,29.44,197.2,36.01
ch2_ohr_ncp_20250123T0750012833_d_img_d18_x11520_y59520.png,0.2055,299.92,262.84,305.06,268.0
ch2_ohr_ncp_20250123T0750012833_d_img_d18_x11520_y60160.png,0.6059,66.32,248.37,74.48,255.17
ch2_ohr_ncp_20250123T0750012833_d_img_d18_x11520_y60160.png,0.4768,111.44,228.07,126.85,242.16
ch2_ohr_ncp_20250123T0750012833_d_img_d18_x11520_y60160.png,0.4222,449.06,146.29,453.53,150.67
ch2_ohr_ncp_20250123T0750012833_d_img_d18_x11520_y60160.png,0.4188,317.19,9.86,325.66,18.04
ch2_ohr_ncp_20250123T0750012833_d_img_d18_x11520_y60160.png,0.3855,431.04,128.19,436.15,132.38
ch2_ohr_ncp_20250123T0750012833_d_img_d18_x11520_y60160.png,0.3483,0.2,580.0,5.21,586.04
ch2_ohr_ncp_20250123T0750012833_d_img_d18_x11520_y60160.png,0.3332,449.07,453.99,454.29,460.0
ch2_ohr_ncp_20250123T0750012833_d_img_d18_x11520_y60160.png,0.2962,456.27,116.0,462.09,122.98
ch2_ohr_ncp_20250123T0750012833_d_img_d18_x11520_y60160.png,0.2465,91.99,231.28,98.81,236.49
ch2_ohr_ncp_20250123T0750012833_d_img_d18_x11520_y60160.png,0.224,170.83,218.1,176.69,223.63
ch2_ohr_ncp_20250123T0750012833_d_img_d18_x11520_y60160.png,0.2231,453.19,615.44,460.14,622.99
ch2_ohr_ncp_20250123T0750012833_d_img_d18_x11520_y60160.png,0.2179,424.95,420.0,430.25,426.71
ch2_ohr_ncp_20250123T0750012833_d_img_d18_x11520_y60160.png,0.2092,93.0,231.4,100.0,236.35
ch2_ohr_ncp_20250123T0750012833_d_img_d18_x11520_y60800.png,0.7223,316.0,545.77,321.21,550.25
ch2_ohr_ncp_20250123T0750012833_d_img_d18_x11520_y60800.png,0.6489,183.98,217.35,190.57,223.0
ch2_ohr_ncp_20250123T0750012833_d_img_d18_x11520_y60800.png,0.5656,383.61,529.19,390.44,534.34
ch2_ohr_ncp_20250123T0750012833_d_img_d18_x11520_y60800.png,0.5251,131.58,251.96,139.65,258.87
ch2_ohr_ncp_20250123T0750012833_d_img_d18_x11520_y60800.png,0.5229,375.32,533.33,380.89,538.39
ch2_ohr_ncp_20250123T0750012833_d_img_d18_x11520_y60800.png,0.4787,277.09,544.74,284.16,550.27
ch2_ohr_ncp_20250123T0750012833_d_img_d18_x11520_y60800.png,0.4732,375.48,532.95,380.75,540.0
ch2_ohr_ncp_20250123T0750012833_d_img_d18_x11520_y60800.png,0.4382,418.04,576.25,422.26,581.02
ch2_ohr_ncp_20250123T0750012833_d_img_d18_x11520_y60800.png,0.4094,216.6,311.76,221.78,316.62
ch2_ohr_ncp_20250123T0750012833_d_img_d18_x11520_y60800.png,0.3982,29.31,576.63,36.01,581.85
ch2_ohr_ncp_20250123T0750012833_d_img_d18_x11520_y60800.png,0.3938,198.44,191.94,204.3,196.15
ch2_ohr_ncp_20250123T0750012833_d_img_d18_x11520_y60800.png,0.3926,359.83,553.98,370.52,565.91
ch2_ohr_ncp_20250123T0750012833_d_img_d18_x11520_y60800.png,0.3748,283.13,334.4,291.87,342.74
ch2_ohr_ncp_20250123T0750012833_d_img_d18_x11520_y60800.png,0.3521,203.98,136.23,210.87,142.18
ch2_ohr_ncp_20250123T0750012833_d_img_d18_x11520_y60800.png,0.3452,201.14,91.01,208.45,98.7
ch2_ohr_ncp_20250123T0750012833_d_img_d18_x11520_y60800.png,0.3072,28.0,576.75,35.06,582.0
ch2_ohr_ncp_20250123T0750012833_d_img_d18_x11520_y60800.png,0.3061,354.46,535.86,360.8,541.95
ch2_ohr_ncp_20250123T0750012833_d_img_d18_x11520_y60800.png,0.2847,8.2,558.32,17.53,565.5
ch2_ohr_ncp_20250123T0750012833_d_img_d18_x11520_y60800.png,0.2767,183.38,272.93,190.5,278.73
ch2_ohr_ncp_20250123T0750012833_d_img_d18_x11520_y60800.png,0.2698,159.56,59.48,164.02,62.76
ch2_ohr_ncp_20250123T0750012833_d_img_d18_x11520_y60800.png,0.2663,87.86,625.8,96.65,636.1
ch2_ohr_ncp_20250123T0750012833_d_img_d18_x11520_y60800.png,0.262,409.86,556.0,414.49,560.87
ch2_ohr_ncp_20250123T0750012833_d_img_d18_x11520_y60800.png,0.2545,246.15,267.23,252.53,273.72
ch2_ohr_ncp_20250123T0750012833_d_img_d18_x11520_y60800.png,0.2483,20.0,622.49,25.1,628.0
ch2_ohr_ncp_20250123T0750012833_d_img_d18_x11520_y60800.png,0.2434,264.06,616.53,276.34,628.0
ch2_ohr_ncp_20250123T0750012833_d_img_d18_x11520_y60800.png,0.2393,229.79,195.98,236.01,200.88
ch2_ohr_ncp_20250123T0750012833_d_img_d18_x11520_y60800.png,0.2362,379.91,632.78,386.41,639.38
ch2_ohr_ncp_20250123T0750012833_d_img_d18_x11520_y61440.png,0.6638,354.37,383.19,361.66,389.42
ch2_ohr_ncp_20250123T0750012833_d_img_d18_x11520_y61440.png,0.6166,410.37,46.25,418.87,55.43
ch2_ohr_ncp_20250123T0750012833_d_img_d18_x11520_y61440.png,0.5932,235.58,424.24,241.45,429.17
ch2_ohr_ncp_20250123T0750012833_d_img_d18_x11520_y61440.png,0.5508,39.85,169.45,49.69,180.28
ch2_ohr_ncp_20250123T0750012833_d_img_d18_x11520_y61440.png,0.5288,238.75,298.99,244.36,304.03
ch2_ohr_ncp_20250123T0750012833_d_img_d18_x11520_y61440.png,0.5272,65.41,133.05,72.1,140.03
ch2_ohr_ncp_20250123T0750012833_d_img_d18_x11520_y61440.png,0.498,198.02,447.91,204.02,452.65
ch2_ohr_ncp_20250123T0750012833_d_img_d18_x11520_y61440.png,0.49,18.42,263.8,23.57,268.81
ch2_ohr_ncp_20250123T0750012833_d_img_d18_x11520_y61440.png,0.4869,133.74,411.99,140.04,417.9
ch2_ohr_ncp_20250123T0750012833_d_img_d18_x11520_y61440.png,0.4777,70.06,123.96,77.84,131.15
ch2_ohr_ncp_20250123T0750012833_d_img_d18_x11520_y61440.png,0.4253,295.74,464.03,305.43,469.45
ch2_ohr_ncp_20250123T0750012833_d_img_d18_x11520_y61440.png,0.4197,446.86,299.71,468.45,318.69
ch2_ohr_ncp_20250123T0750012833_d_img_d18_x11520_y61440.png,0.407,180.81,490.13,191.4,498.49
ch2_ohr_ncp_20250123T0750012833_d_img_d18_x11520_y61440.png,0.3896,77.98,448.19,88.22,456.89
ch2_ohr_ncp_20250123T0750012833_d_img_d18_x11520_y61440.png,0.378,418.44,429.53,423.89,436.0
ch2_ohr_ncp_20250123T0750012833_d_img_d18_x11520_y61440.png,0.373,117.34,378.63,124.03,384.42
ch2_ohr_ncp_20250123T0750012833_d_img_d18_x11520_y61440.png,0.3673,261.99,464.19,268.0,468.18
ch2_ohr_ncp_20250123T0750012833_d_img_d18_x11520_y61440.png,0.3553,157.62,369.65,164.0,374.16
ch2_ohr_ncp_20250123T0750012833_d_img_d18_x11520_y61440.png,0.3499,54.12,117.95,59.02,121.94
ch2_ohr_ncp_20250123T0750012833_d_img_d18_x11520_y61440.png,0.3342,435.38,440.07,442.03,445.09
ch2_ohr_ncp_20250123T0750012833_d_img_d18_x11520_y61440.png,0.321,434.56,387.31,438.98,390.72
ch2_ohr_ncp_20250123T0750012833_d_img_d18_x11520_y61440.png,0.301,288.05,264.03,294.01,269.3
ch2_ohr_ncp_20250123T0750012833_d_img_d18_x11520_y61440.png,0.2879,38.33,261.56,44.29,266.87
ch2_ohr_ncp_20250123T0750012833_d_img_d18_x11520_y61440.png,0.2864,355.63,181.67,360.36,186.1
ch2_ohr_ncp_20250123T0750012833_d_img_d18_x11520_y61440.png,0.2851,260.0,464.06,266.67,468.15
ch2_ohr_ncp_20250123T0750012833_d_img_d18_x11520_y61440.png,0.2843,176.88,432.39,183.42,438.74
ch2_ohr_ncp_20250123T0750012833_d_img_d18_x11520_y61440.png,0.2813,215.56,112.88,220.1,116.97
ch2_ohr_ncp_20250123T0750012833_d_img_d18_x11520_y61440.png,0.2798,104.9,395.95,108.73,399.38
ch2_ohr_ncp_20250123T0750012833_d_img_d18_x11520_y61440.png,0.2754,74.03,415.77,78.57,420.02
ch2_ohr_ncp_20250123T0750012833_d_img_d18_x11520_y61440.png,0.2715,132.3,487.79,136.08,491.13
ch2_ohr_ncp_20250123T0750012833_d_img_d18_x11520_y61440.png,0.2612,101.91,586.36,108.55,591.69
ch2_ohr_ncp_20250123T0750012833_d_img_d18_x11520_y61440.png,0.2604,421.55,186.16,429.3,194.02
ch2_ohr_ncp_20250123T0750012833_d_img_d18_x11520_y61440.png,0.254,131.98,488.0,136.03,492.01
ch2_ohr_ncp_20250123T0750012833_d_img_d18_x11520_y61440.png,0.2516,38.66,261.28,44.81,268.0
ch2_ohr_ncp_20250123T0750012833_d_img_d18_x11520_y61440.png,0.2416,169.35,551.26,174.9,556.24
ch2_ohr_ncp_20250123T0750012833_d_img_d18_x11520_y61440.png,0.2331,186.15,423.21,192.11,428.52
ch2_ohr_ncp_20250123T0750012833_d_img_d18_x11520_y61440.png,0.233,135.32,430.47,141.61,437.19
ch2_ohr_ncp_20250123T0750012833_d_img_d18_x11520_y61440.png,0.2293,400.78,435.45,405.26,440.57
ch2_ohr_ncp_20250123T0750012833_d_img_d18_x11520_y61440.png,0.2275,210.07,434.52,215.65,439.96
ch2_ohr_ncp_20250123T0750012833_d_img_d18_x11520_y61440.png,0.2247,296.52,608.24,300.8,612.02
ch2_ohr_ncp_20250123T0750012833_d_img_d18_x11520_y61440.png,0.2186,163.87,587.26,167.83,590.8
ch2_ohr_ncp_20250123T0750012833_d_img_d18_x11520_y61440.png,0.2119,462.95,402.56,468.02,406.61
ch2_ohr_ncp_20250123T0750012833_d_img_d18_x11520_y61440.png,0.206,124.85,64.76,132.22,71.28
ch2_ohr_ncp_20250123T0750012833_d_img_d18_x11520_y61440.png,0.2045,71.08,124.83,77.63,132.01
ch2_ohr_ncp_20250123T0750012833_d_img_d18_x11520_y61440.png,0.201,47.98,260.0,53.81,266.32
ch2_ohr_ncp_20250123T0750012833_d_img_d18_x11520_y62080.png,0.6482,117.21,504.41,125.07,510.73
ch2_ohr_ncp_20250123T0750012833_d_img_d18_x11520_y62080.png,0.6183,11.29,441.01,21.2,449.29
ch2_ohr_ncp_20250123T0750012833_d_img_d18_x11520_y62080.png,0.618,63.59,419.61,68.59,424.63
ch2_ohr_ncp_20250123T0750012833_d_img_d18_x11520_y62080.png,0.6068,372.62,186.79,380.82,193.71
ch2_ohr_ncp_20250123T0750012833_d_img_d18_x11520_y62080.png,0.6066,214.05,555.8,224.18,564.71
ch2_ohr_ncp_20250123T0750012833_d_img_d18_x11520_y62080.png,0.6006,249.63,40.58,260.83,50.26
ch2_ohr_ncp_20250123T0750012833_d_img_d18_x11520_y62080.png,0.5509,206.39,544.48,214.85,552.68
ch2_ohr_ncp_20250123T0750012833_d_img_d18_x11520_y62080.png,0.5066,439.18,368.01,444.69,373.72
ch2_ohr_ncp_20250123T0750012833_d_img_d18_x11520_y62080.png,0.493,359.47,173.03,365.46,180.06
ch2_ohr_ncp_20250123T0750012833_d_img_d18_x11520_y62080.png,0.4798,270.16,585.17,277.77,592.25
ch2_ohr_ncp_20250123T0750012833_d_img_d18_x11520_y62080.png,0.4578,400.07,172.0,406.95,178.25
ch2_ohr_ncp_20250123T0750012833_d_img_d18_x11520_y62080.png,0.4365,160.57,257.94,166.21,263.7
ch2_ohr_ncp_20250123T0750012833_d_img_d18_x11520_y62080.png,0.3965,436.33,344.89,452.65,361.36
ch2_ohr_ncp_20250123T0750012833_d_img_d18_x11520_y62080.png,0.387,337.87,205.17,347.92,214.12
ch2_ohr_ncp_20250123T0750012833_d_img_d18_x11520_y62080.png,0.3868,218.04,597.92,223.69,604.0
ch2_ohr_ncp_20250123T0750012833_d_img_d18_x11520_y62080.png,0.3857,203.0,90.25,207.4,94.08
ch2_ohr_ncp_20250123T0750012833_d_img_d18_x11520_y62080.png,0.3782,173.8,217.24,188.81,228.18
ch2_ohr_ncp_20250123T0750012833_d_img_d18_x11520_y62080.png,0.3363,365.55,155.82,383.44,173.06
ch2_ohr_ncp_20250123T0750012833_d_img_d18_x11520_y62080.png,0.3325,457.31,205.98,462.38,212.0
ch2_ohr_ncp_20250123T0750012833_d_img_d18_x11520_y62080.png,0.3266,48.21,457.52,54.18,464.22
ch2_ohr_ncp_20250123T0750012833_d_img_d18_x11520_y62080.png,0.3208,383.83,192.94,389.2,198.57
ch2_ohr_ncp_20250123T0750012833_d_img_d18_x11520_y62080.png,0.3174,22.48,465.05,28.01,469.04
ch2_ohr_ncp_20250123T0750012833_d_img_d18_x11520_y62080.png,0.3166,48.28,507.03,53.94,512.69
ch2_ohr_ncp_20250123T0750012833_d_img_d18_x11520_y62080.png,0.313,459.8,99.81,464.96,105.21
ch2_ohr_ncp_20250123T0750012833_d_img_d18_x11520_y62080.png,0.3086,252.39,630.3,260.38,636.95
ch2_ohr_ncp_20250123T0750012833_d_img_d18_x11520_y62080.png,0.2881,374.95,239.78,380.02,244.09
ch2_ohr_ncp_20250123T0750012833_d_img_d18_x11520_y62080.png,0.2811,431.46,291.83,444.74,303.05
ch2_ohr_ncp_20250123T0750012833_d_img_d18_x11520_y62080.png,0.2758,336.65,202.34,347.26,213.9
ch2_ohr_ncp_20250123T0750012833_d_img_d18_x11520_y62080.png,0.274,153.36,477.93,160.17,485.03
ch2_ohr_ncp_20250123T0750012833_d_img_d18_x11520_y62080.png,0.2732,346.93,199.39,352.23,204.58
ch2_ohr_ncp_20250123T0750012833_d_img_d18_x11520_y62080.png,0.2565,144.78,81.0,150.3,85.36
ch2_ohr_ncp_20250123T0750012833_d_img_d18_x11520_y62080.png,0.2532,96.05,446.92,101.01,452.54
ch2_ohr_ncp_20250123T0750012833_d_img_d18_x11520_y62080.png,0.25,1.86,238.31,10.54,244.31
ch2_ohr_ncp_20250123T0750012833_d_img_d18_x11520_y62080.png,0.2492,398.14,224.19,404.04,229.5
ch2_ohr_ncp_20250123T0750012833_d_img_d18_x11520_y62080.png,0.246,66.62,510.27,71.0,516.0
ch2_ohr_ncp_20250123T0750012833_d_img_d18_x11520_y62080.png,0.2345,133.98,89.8,140.25,95.97
ch2_ohr_ncp_20250123T0750012833_d_img_d18_x11520_y62080.png,0.2265,148.34,555.46,156.18,562.96
ch2_ohr_ncp_20250123T0750012833_d_img_d18_x11520_y62080.png,0.2246,400.83,173.14,407.57,180.0
ch2_ohr_ncp_20250123T0750012833_d_img_d18_x11520_y62080.png,0.2226,460.0,102.05,465.72,108.01
ch2_ohr_ncp_20250123T0750012833_d_img_d18_x11520_y62080.png,0.2214,138.6,437.59,144.39,444.0
ch2_ohr_ncp_20250123T0750012833_d_img_d18_x11520_y62080.png,0.2141,347.2,217.19,353.55,223.41
ch2_ohr_ncp_20250123T0750012833_d_img_d18_x11520_y62080.png,0.214,88.79,459.97,92.47,464.04
ch2_ohr_ncp_20250123T0750012833_d_img_d18_x11520_y62080.png,0.2128,443.02,273.29,449.5,278.9
ch2_ohr_ncp_20250123T0750012833_d_img_d18_x11520_y62080.png,0.2097,191.88,239.31,196.56,244.01
ch2_ohr_ncp_20250123T0750012833_d_img_d18_x11520_y62080.png,0.208,107.52,73.93,114.3,82.44
ch2_ohr_ncp_20250123T0750012833_d_img_d18_x11520_y62080.png,0.2063,227.19,306.12,232.67,311.2
ch2_ohr_ncp_20250123T0750012833_d_img_d18_x11520_y62080.png,0.2022,158.0,526.94,164.54,532.58
ch2_ohr_ncp_20250123T0750012833_d_img_d18_x11520_y62720.png,0.7103,184.33,516.43,199.07,530.81
ch2_ohr_ncp_20250123T0750012833_d_img_d18_x11520_y62720.png,0.6503,83.14,431.72,91.18,437.2
ch2_ohr_ncp_20250123T0750012833_d_img_d18_x11520_y62720.png,0.5909,440.11,95.37,445.96,100.36
ch2_ohr_ncp_20250123T0750012833_d_img_d18_x11520_y62720.png,0.5805,232.78,294.31,238.16,300.03
ch2_ohr_ncp_20250123T0750012833_d_img_d18_x11520_y62720.png,0.5632,107.87,459.01,115.19,465.34
ch2_ohr_ncp_20250123T0750012833_d_img_d18_x11520_y62720.png,0.5595,0.77,558.38,8.62,564.34
ch2_ohr_ncp_20250123T0750012833_d_img_d18_x11520_y62720.png,0.5388,145.39,468.33,153.37,474.53
ch2_ohr_ncp_20250123T0750012833_d_img_d18_x11520_y62720.png,0.5359,224.71,333.64,234.33,342.05
ch2_ohr_ncp_20250123T0750012833_d_img_d18_x11520_y62720.png,0.5303,256.6,407.72,265.34,415.93
ch2_ohr_ncp_20250123T0750012833_d_img_d18_x11520_y62720.png,0.5272,232.9,585.25,241.27,593.16
ch2_ohr_ncp_20250123T0750012833_d_img_d18_x11520_y62720.png,0.5132,139.6,480.16,145.46,486.89
ch2_ohr_ncp_20250123T0750012833_d_img_d18_x11520_y62720.png,0.5004,302.86,403.98,310.08,410.23
ch2_ohr_ncp_20250123T0750012833_d_img_d18_x11520_y62720.png,0.4799,33.12,510.43,37.82,516.0
ch2_ohr_ncp_20250123T0750012833_d_img_d18_x11520_y62720.png,0.4649,118.85,582.48,125.47,588.02
ch2_ohr_ncp_20250123T0750012833_d_img_d18_x11520_y62720.png,0.4624,259.0,389.6,264.47,393.86
ch2_ohr_ncp_20250123T0750012833_d_img_d18_x11520_y62720.png,0.455,168.67,443.99,174.7,450.06
ch2_ohr_ncp_20250123T0750012833_d_img_d18_x11520_y62720.png,0.4447,195.69,456.8,202.46,461.94
ch2_ohr_ncp_20250123T0750012833_d_img_d18_x11520_y62720.png,0.4362,53.11,420.47,57.87,424.64
ch2_ohr_ncp_20250123T0750012833_d_img_d18_x11520_y62720.png,0.4057,28.0,443.88,32.78,448.16
ch2_ohr_ncp_20250123T0750012833_d_img_d18_x11520_y62720.png,0.4001,211.18,468.95,220.57,476.82
ch2_ohr_ncp_20250123T0750012833_d_img_d18_x11520_y62720.png,0.3961,24.37,249.11,30.92,254.94
ch2_ohr_ncp_20250123T0750012833_d_img_d18_x11520_y62720.png,0.3932,228.0,267.98,233.8,273.95
ch2_ohr_ncp_20250123T0750012833_d_img_d18_x11520_y62720.png,0.3869,278.41,569.31,299.27,589.52
ch2_ohr_ncp_20250123T0750012833_d_img_d18_x11520_y62720.png,0.3804,373.66,632.04,380.01,636.67
ch2_ohr_ncp_20250123T0750012833_d_img_d18_x11520_y62720.png,0.3743,93.0,494.58,100.76,500.73
ch2_ohr_ncp_20250123T0750012833_d_img_d18_x11520_y62720.png,0.3737,217.67,435.68,229.29,445.36
ch2_ohr_ncp_20250123T0750012833_d_img_d18_x11520_y62720.png,0.3728,3.56,535.11,10.79,540.94
ch2_ohr_ncp_20250123T0750012833_d_img_d18_x11520_y62720.png,0.3623,275.44,551.46,293.9,565.09
ch2_ohr_ncp_20250123T0750012833_d_img_d18_x11520_y62720.png,0.3546,207.43,65.52,212.01,69.48
ch2_ohr_ncp_20250123T0750012833_d_img_d18_x11520_y62720.png,0.3505,185.75,443.67,191.97,448.74
ch2_ohr_ncp_20250123T0750012833_d_img_d18_x11520_y62720.png,0.349,254.1,0.03,261.06,4.91
ch2_ohr_ncp_20250123T0750012833_d_img_d18_x11520_y62720.png,0.348,96.95,547.58,107.35,556.42
ch2_ohr_ncp_20250123T0750012833_d_img_d18_x11520_y62720.png,0.3457,222.61,259.33,228.08,263.98
ch2_ohr_ncp_20250123T0750012833_d_img_d18_x11520_y62720.png,0.3418,71.43,419.99,76.01,423.81
ch2_ohr_ncp_20250123T0750012833_d_img_d18_x11520_y62720.png,0.3398,285.7,381.6,292.01,388.01
ch2_ohr_ncp_20250123T0750012833_d_img_d18_x11520_y62720.png,0.3382,249.66,485.96,255.19,492.02
ch2_ohr_ncp_20250123T0750012833_d_img_d18_x11520_y62720.png,0.3119,430.75,399.82,436.34,404.38
ch2_ohr_ncp_20250123T0750012833_d_img_d18_x11520_y62720.png,0.2846,22.67,457.12,28.01,460.81
ch2_ohr_ncp_20250123T0750012833_d_img_d18_x11520_y62720.png,0.2736,276.0,44.0,282.74,49.25
ch2_ohr_ncp_20250123T0750012833_d_img_d18_x11520_y62720.png,0.2629,373.15,631.81,378.82,636.98
ch2_ohr_ncp_20250123T0750012833_d_img_d18_x11520_y62720.png,0.2521,210.61,405.24,217.02,410.57
ch2_ohr_ncp_20250123T0750012833_d_img_d18_x11520_y62720.png,0.2517,155.93,474.58,161.86,479.91
ch2_ohr_ncp_20250123T0750012833_d_img_d18_x11520_y62720.png,0.2501,262.36,537.18,268.0,540.67
ch2_ohr_ncp_20250123T0750012833_d_img_d18_x11520_y62720.png,0.2468,277.26,43.99,284.0,49.27
ch2_ohr_ncp_20250123T0750012833_d_img_d18_x11520_y62720.png,0.2349,273.02,522.17,279.36,528.37
ch2_ohr_ncp_20250123T0750012833_d_img_d18_x11520_y62720.png,0.2261,284.0,381.35,290.98,388.01
ch2_ohr_ncp_20250123T0750012833_d_img_d18_x11520_y62720.png,0.2227,250.9,572.95,257.77,580.0
ch2_ohr_ncp_20250123T0750012833_d_img_d18_x11520_y62720.png,0.2192,71.33,420.69,75.33,424.41
ch2_ohr_ncp_20250123T0750012833_d_img_d18_x11520_y62720.png,0.2113,283.99,380.0,290.11,386.62
ch2_ohr_ncp_20250123T0750012833_d_img_d18_x11520_y62720.png,0.2085,7.32,491.49,12.01,494.67
ch2_ohr_ncp_20250123T0750012833_d_img_d18_x11520_y62720.png,0.2063,91.2,473.27,98.48,479.88
ch2_ohr_ncp_20250123T0750012833_d_img_d18_x11520_y62720.png,0.2033,265.4,518.06,270.19,524.0
ch2_ohr_ncp_20250123T0750012833_d_img_d18_x11520_y62720.png,0.2013,231.99,294.61,238.01,299.2
ch2_ohr_ncp_20250123T0750012833_d_img_d18_x11520_y62720.png,0.2,25.01,513.78,30.11,517.39
ch2_ohr_ncp_20250123T0750012833_d_img_d18_x11520_y63360.png,0.5411,133.28,181.38,140.44,188.01
ch2_ohr_ncp_20250123T0750012833_d_img_d18_x11520_y63360.png,0.5149,311.09,154.13,316.07,158.74
ch2_ohr_ncp_20250123T0750012833_d_img_d18_x11520_y63360.png,0.5081,320.9,378.23,326.37,383.34
ch2_ohr_ncp_20250123T0750012833_d_img_d18_x11520_y63360.png,0.5068,269.6,562.21,276.02,568.11
ch2_ohr_ncp_20250123T0750012833_d_img_d18_x11520_y63360.png,0.4931,277.48,371.75,282.07,376.12
ch2_ohr_ncp_20250123T0750012833_d_img_d18_x11520_y63360.png,0.4436,118.63,179.78,124.46,185.1
ch2_ohr_ncp_20250123T0750012833_d_img_d18_x11520_y63360.png,0.4276,393.12,192.9,397.34,196.69
ch2_ohr_ncp_20250123T0750012833_d_img_d18_x11520_y63360.png,0.3784,392.37,201.44,396.3,205.36
ch2_ohr_ncp_20250123T0750012833_d_img_d18_x11520_y63360.png,0.3649,277.79,371.61,284.0,375.91
ch2_ohr_ncp_20250123T0750012833_d_img_d18_x11520_y63360.png,0.3646,233.84,361.67,238.87,365.89
ch2_ohr_ncp_20250123T0750012833_d_img_d18_x11520_y63360.png,0.3538,379.34,428.98,386.31,436.0
ch2_ohr_ncp_20250123T0750012833_d_img_d18_x11520_y63360.png,0.352,132.32,181.74,139.49,187.59
ch2_ohr_ncp_20250123T0750012833_d_img_d18_x11520_y63360.png,0.3511,253.63,343.19,271.06,361.21
ch2_ohr_ncp_20250123T0750012833_d_img_d18_x11520_y63360.png,0.3424,243.96,519.92,248.31,524.03
ch2_ohr_ncp_20250123T0750012833_d_img_d18_x11520_y63360.png,0.3252,54.37,261.72,64.68,270.77
ch2_ohr_ncp_20250123T0750012833_d_img_d18_x11520_y63360.png,0.3243,262.23,476.0,268.0,481.07
ch2_ohr_ncp_20250123T0750012833_d_img_d18_x11520_y63360.png,0.3004,457.64,474.27,462.46,478.51
ch2_ohr_ncp_20250123T0750012833_d_img_d18_x11520_y63360.png,0.2973,416.44,366.9,420.48,372.0
ch2_ohr_ncp_20250123T0750012833_d_img_d18_x11520_y63360.png,0.2825,133.89,214.05,138.89,218.24
ch2_ohr_ncp_20250123T0750012833_d_img_d18_x11520_y63360.png,0.2757,276.0,371.53,282.17,375.59
ch2_ohr_ncp_20250123T0750012833_d_img_d18_x11520_y63360.png,0.2745,189.68,295.27,204.35,307.46
ch2_ohr_ncp_20250123T0750012833_d_img_d18_x11520_y63360.png,0.2594,241.37,470.81,245.29,476.0
ch2_ohr_ncp_20250123T0750012833_d_img_d18_x11520_y63360.png,0.2558,227.6,322.25,231.66,325.7
ch2_ohr_ncp_20250123T0750012833_d_img_d18_x11520_y63360.png,0.2551,203.94,311.28,210.11,316.43
ch2_ohr_ncp_20250123T0750012833_d_img_d18_x11520_y63360.png,0.247,371.99,185.86,376.77,189.8
ch2_ohr_ncp_20250123T0750012833_d_img_d18_x11520_y63360.png,0.2387,129.34,307.96,139.25,316.51
ch2_ohr_ncp_20250123T0750012833_d_img_d18_x11520_y63360.png,0.2256,370.9,431.41,374.93,436.0
ch2_ohr_ncp_20250123T0750012833_d_img_d18_x11520_y63360.png,0.2253,131.99,180.0,139.75,187.13
ch2_ohr_ncp_20250123T0750012833_d_img_d18_x11520_y63360.png,0.2162,199.51,434.37,204.72,440.16
ch2_ohr_ncp_20250123T0750012833_d_img_d18_x11520_y63360.png,0.2016,131.99,124.0,136.44,130.06
ch2_ohr_ncp_20250123T0750012833_d_img_d18_x11520_y64000.png,0.5703,145.7,315.84,150.74,320.5
ch2_ohr_ncp_20250123T0750012833_d_img_d18_x11520_y64000.png,0.5604,374.85,501.83,384.53,509.18
ch2_ohr_ncp_20250123T0750012833_d_img_d18_x11520_y64000.png,0.5525,114.21,189.44,124.48,198.05
ch2_ohr_ncp_20250123T0750012833_d_img_d18_x11520_y64000.png,0.5452,268.35,362.34,276.34,369.71
ch2_ohr_ncp_20250123T0750012833_d_img_d18_x11520_y64000.png,0.5013,135.99,154.0,146.78,163.18
ch2_ohr_ncp_20250123T0750012833_d_img_d18_x11520_y64000.png,0.4986,115.33,204.0,121.97,210.96
ch2_ohr_ncp_20250123T0750012833_d_img_d18_x11520_y64000.png,0.4944,361.59,512.47,367.58,517.72
ch2_ohr_ncp_20250123T0750012833_d_img_d18_x11520_y64000.png,0.4934,219.96,201.84,226.08,207.4
ch2_ohr_ncp_20250123T0750012833_d_img_d18_x11520_y64000.png,0.4915,265.61,456.51,271.59,461.45
ch2_ohr_ncp_20250123T0750012833_d_img_d18_x11520_y64000.png,0.4695,257.06,249.19,263.64,254.9
ch2_ohr_ncp_20250123T0750012833_d_img_d18_x11520_y64000.png,0.4601,111.65,177.84,117.37,183.11
ch2_ohr_ncp_20250123T0750012833_d_img_d18_x11520_y64000.png,0.4554,323.36,72.12,329.25,77.65
ch2_ohr_ncp_20250123T0750012833_d_img_d18_x11520_y64000.png,0.4462,254.41,31.04,260.59,36.04
ch2_ohr_ncp_20250123T0750012833_d_img_d18_x11520_y64000.png,0.4117,131.27,195.35,139.61,202.0
ch2_ohr_ncp_20250123T0750012833_d_img_d18_x11520_y64000.png,0.4022,429.82,571.88,436.0,576.82
ch2_ohr_ncp_20250123T0750012833_d_img_d18_x11520_y64000.png,0.3997,122.49,64.74,137.6,75.69
ch2_ohr_ncp_20250123T0750012833_d_img_d18_x11520_y64000.png,0.3957,138.07,336.32,148.6,346.67
ch2_ohr_ncp_20250123T0750012833_d_img_d18_x11520_y64000.png,0.3843,115.83,204.99,122.41,212.0
ch2_ohr_ncp_20250123T0750012833_d_img_d18_x11520_y64000.png,0.3601,438.44,388.0,444.0,392.77
ch2_ohr_ncp_20250123T0750012833_d_img_d18_x11520_y64000.png,0.3585,384.15,451.99,388.1,455.94
ch2_ohr_ncp_20250123T0750012833_d_img_d18_x11520_y64000.png,0.3501,459.9,48.37,466.23,54.0
ch2_ohr_ncp_20250123T0750012833_d_img_d18_x11520_y64000.png,0.3495,170.93,421.88,188.75,436.77
ch2_ohr_ncp_20250123T0750012833_d_img_d18_x11520_y64000.png,0.3348,139.53,338.38,148.23,348.01
ch2_ohr_ncp_20250123T0750012833_d_img_d18_x11520_y64000.png,0.3323,363.21,57.47,369.14,62.86
ch2_ohr_ncp_20250123T0750012833_d_img_d18_x11520_y64000.png,0.3273,438.16,389.19,442.87,392.77
ch2_ohr_ncp_20250123T0750012833_d_img_d18_x11520_y64000.png,0.3267,216.21,189.59,225.11,197.46
ch2_ohr_ncp_20250123T0750012833_d_img_d18_x11520_y64000.png,0.3257,158.04,351.85,164.01,356.73
ch2_ohr_ncp_20250123T0750012833_d_img_d18_x11520_y64000.png,0.3176,359.42,537.9,364.24,542.47
ch2_ohr_ncp_20250123T0750012833_d_img_d18_x11520_y64000.png,0.3105,222.97,230.85,229.57,237.78
ch2_ohr_ncp_20250123T0750012833_d_img_d18_x11520_y64000.png,0.3065,382.71,421.14,390.42,428.78
ch2_ohr_ncp_20250123T0750012833_d_img_d18_x11520_y64000.png,0.2996,254.59,394.86,260.01,398.85
ch2_ohr_ncp_20250123T0750012833_d_img_d18_x11520_y64000.png,0.2976,228.0,383.69,234.51,388.38
ch2_ohr_ncp_20250123T0750012833_d_img_d18_x11520_y64000.png,0.2964,229.67,383.84,236.0,388.16
ch2_ohr_ncp_20250123T0750012833_d_img_d18_x11520_y64000.png,0.2753,419.99,460.0,425.99,466.47
ch2_ohr_ncp_20250123T0750012833_d_img_d18_x11520_y64000.png,0.2584,169.7,252.11,183.56,260.51
ch2_ohr_ncp_20250123T0750012833_d_img_d18_x11520_y64000.png,0.2534,428.0,571.92,434.4,576.76
ch2_ohr_ncp_20250123T0750012833_d_img_d18_x11520_y64000.png,0.2334,344.77,448.39,348.56,452.01
ch2_ohr_ncp_20250123T0750012833_d_img_d18_x11520_y64000.png,0.229,133.38,0.0,152.42,12.4
ch2_ohr_ncp_20250123T0750012833_d_img_d18_x11520_y64000.png,0.227,323.38,36.24,328.4,40.84
ch2_ohr_ncp_20250123T0750012833_d_img_d18_x11520_y64000.png,0.2257,147.51,177.16,153.03,183.14
ch2_ohr_ncp_20250123T0750012833_d_img_d18_x11520_y64000.png,0.2202,103.8,154.44,108.95,159.37
ch2_ohr_ncp_20250123T0750012833_d_img_d18_x11520_y64000.png,0.2153,307.76,433.07,311.44,436.51
ch2_ohr_ncp_20250123T0750012833_d_img_d18_x11520_y64000.png,0.2095,238.71,409.06,251.27,419.85
ch2_ohr_ncp_20250123T0750012833_d_img_d18_x11520_y64640.png,0.4802,121.84,366.78,130.08,374.56
ch2_ohr_ncp_20250123T0750012833_d_img_d18_x11520_y64640.png,0.4475,208.85,249.69,212.66,254.18
ch2_ohr_ncp_20250123T0750012833_d_img_d18_x11520_y64640.png,0.4167,307.4,88.19,314.44,94.0
ch2_ohr_ncp_20250123T0750012833_d_img_d18_x11520_y64640.png,0.3295,229.2,318.06,238.11,324.06
ch2_ohr_ncp_20250123T0750012833_d_img_d18_x11520_y64640.png,0.2733,308.25,88.46,316.0,93.97
ch2_ohr_ncp_20250123T0750012833_d_img_d18_x11520_y64640.png,0.2542,242.23,469.33,254.14,479.82
ch2_ohr_ncp_20250123T0750012833_d_img_d18_x11520_y64640.png,0.2367,401.76,551.08,405.75,556.0
ch2_ohr_ncp_20250123T0750012833_d_img_d18_x11520_y64640.png,0.233,137.08,447.26,140.91,452.0
ch2_ohr_ncp_20250123T0750012833_d_img_d18_x11520_y64640.png,0.2165,179.98,464.02,185.75,468.45
ch2_ohr_ncp_20250123T0750012833_d_img_d18_x11520_y64640.png,0.2165,425.95,359.24,438.8,371.21
ch2_ohr_ncp_20250123T0750012833_d_img_d18_x11520_y64640.png,0.2042,48.87,161.78,54.07,167.12
ch2_ohr_ncp_20250123T0750012833_d_img_d18_x11520_y65280.png,0.5926,233.33,360.28,238.74,364.94
ch2_ohr_ncp_20250123T0750012833_d_img_d18_x11520_y65280.png,0.5715,408.61,473.42,414.52,478.76
ch2_ohr_ncp_20250123T0750012833_d_img_d18_x11520_y65280.png,0.5369,375.32,503.86,387.58,516.94
ch2_ohr_ncp_20250123T0750012833_d_img_d18_x11520_y65280.png,0.5243,49.02,442.37,55.61,448.98
ch2_ohr_ncp_20250123T0750012833_d_img_d18_x11520_y65280.png,0.4388,424.59,119.55,430.39,125.13
ch2_ohr_ncp_20250123T0750012833_d_img_d18_x11520_y65280.png,0.3944,397.67,536.77,404.32,542.43
ch2_ohr_ncp_20250123T0750012833_d_img_d18_x11520_y65280.png,0.3578,13.18,29.99,20.9,37.46
ch2_ohr_ncp_20250123T0750012833_d_img_d18_x11520_y65280.png,0.3498,261.48,385.14,268.03,390.26
ch2_ohr_ncp_20250123T0750012833_d_img_d18_x11520_y65280.png,0.3144,183.59,94.38,191.53,102.42
ch2_ohr_ncp_20250123T0750012833_d_img_d18_x11520_y65280.png,0.2751,32.84,32.76,36.93,36.29
ch2_ohr_ncp_20250123T0750012833_d_img_d18_x11520_y65280.png,0.2671,91.98,63.86,97.69,68.16
ch2_ohr_ncp_20250123T0750012833_d_img_d18_x11520_y65280.png,0.2438,312.29,433.58,317.92,439.38
ch2_ohr_ncp_20250123T0750012833_d_img_d18_x11520_y65280.png,0.243,160.41,12.0,165.86,18.32
ch2_ohr_ncp_20250123T0750012833_d_img_d18_x11520_y65280.png,0.2149,232.0,359.93,238.72,364.61
ch2_ohr_ncp_20250123T0750012833_d_img_d18_x11520_y65280.png,0.2077,459.78,83.9,463.71,88.08
ch2_ohr_ncp_20250123T0750012833_d_img_d18_x11520_y65280.png,0.2056,101.96,162.11,108.16,168.45
ch2_ohr_ncp_20250123T0750012833_d_img_d18_x11520_y65280.png,0.2003,395.93,504.15,400.3,508.12
ch2_ohr_ncp_20250123T0750012833_d_img_d18_x11520_y65280.png,0.2001,5.56,43.93,12.01,49.45
ch2_ohr_ncp_20250123T0750012833_d_img_d18_x11520_y65920.png,0.35,34.38,208.19,40.68,213.84
ch2_ohr_ncp_20250123T0750012833_d_img_d18_x11520_y65920.png,0.321,397.23,387.47,404.0,392.72
ch2_ohr_ncp_20250123T0750012833_d_img_d18_x11520_y65920.png,0.2797,396.0,387.75,402.46,392.82
ch2_ohr_ncp_20250123T0750012833_d_img_d18_x11520_y65920.png,0.2666,133.54,207.05,141.57,214.56
ch2_ohr_ncp_20250123T0750012833_d_img_d18_x11520_y65920.png,0.2568,334.06,152.52,340.31,158.69
ch2_ohr_ncp_20250123T0750012833_d_img_d18_x11520_y65920.png,0.2007,379.9,324.0,384.07,328.35
ch2_ohr_ncp_20250123T0750012833_d_img_d18_x11520_y66560.png,0.7402,0.06,161.17,7.48,170.05
ch2_ohr_ncp_20250123T0750012833_d_img_d18_x11520_y66560.png,0.5565,0.05,176.1,5.45,182.6
ch2_ohr_ncp_20250123T0750012833_d_img_d18_x11520_y66560.png,0.5529,21.31,157.77,30.88,164.96
ch2_ohr_ncp_20250123T0750012833_d_img_d18_x11520_y66560.png,0.4479,318.27,67.99,324.88,75.08
ch2_ohr_ncp_20250123T0750012833_d_img_d18_x11520_y66560.png,0.4131,13.52,192.83,22.12,199.26
ch2_ohr_ncp_20250123T0750012833_d_img_d18_x11520_y66560.png,0.3836,225.24,86.48,232.46,93.15
ch2_ohr_ncp_20250123T0750012833_d_img_d18_x11520_y66560.png,0.2754,354.04,157.42,361.1,164.0
ch2_ohr_ncp_20250123T0750012833_d_img_d18_x11520_y66560.png,0.2607,288.21,86.51,306.32,98.45
ch2_ohr_ncp_20250123T0750012833_d_img_d18_x11520_y66560.png,0.2606,281.04,414.79,290.25,424.08
ch2_ohr_ncp_20250123T0750012833_d_img_d18_x11520_y66560.png,0.2532,171.31,129.04,190.39,140.77
ch2_ohr_ncp_20250123T0750012833_d_img_d18_x11520_y66560.png,0.2451,354.01,156.0,360.57,162.68
ch2_ohr_ncp_20250123T0750012833_d_img_d18_x11520_y66560.png,0.2294,294.92,263.9,300.49,268.87
ch2_ohr_ncp_20250123T0750012833_d_img_d18_x11520_y66560.png,0.2257,24.08,196.0,29.93,202.03
ch2_ohr_ncp_20250123T0750012833_d_img_d18_x11520_y66560.png,0.2168,328.46,326.16,342.34,338.02
ch2_ohr_ncp_20250123T0750012833_d_img_d18_x11520_y67840.png,0.5748,304.95,179.85,311.08,185.32
ch2_ohr_ncp_20250123T0750012833_d_img_d18_x11520_y67840.png,0.5139,213.75,216.03,220.01,220.62
ch2_ohr_ncp_20250123T0750012833_d_img_d18_x11520_y67840.png,0.4577,292.42,297.77,304.62,305.99
ch2_ohr_ncp_20250123T0750012833_d_img_d18_x11520_y67840.png,0.4399,125.43,142.91,132.67,148.8
ch2_ohr_ncp_20250123T0750012833_d_img_d18_x11520_y67840.png,0.3989,201.59,238.52,208.25,244.0
ch2_ohr_ncp_20250123T0750012833_d_img_d18_x11520_y67840.png,0.3569,450.99,168.94,457.44,174.38
ch2_ohr_ncp_20250123T0750012833_d_img_d18_x11520_y67840.png,0.2973,27.56,239.64,31.98,244.02
ch2_ohr_ncp_20250123T0750012833_d_img_d18_x11520_y67840.png,0.292,152.23,216.0,156.2,220.0
ch2_ohr_ncp_20250123T0750012833_d_img_d18_x11520_y67840.png,0.2742,176.59,123.72,181.18,127.91
ch2_ohr_ncp_20250123T0750012833_d_img_d18_x11520_y67840.png,0.2727,226.24,18.5,236.99,26.79
ch2_ohr_ncp_20250123T0750012833_d_img_d18_x11520_y67840.png,0.2626,145.22,133.59,150.88,140.0
ch2_ohr_ncp_20250123T0750012833_d_img_d18_x11520_y67840.png,0.2595,448.17,177.47,452.69,181.77
ch2_ohr_ncp_20250123T0750012833_d_img_d18_x11520_y67840.png,0.2533,266.7,177.49,271.61,182.68
ch2_ohr_ncp_20250123T0750012833_d_img_d18_x11520_y67840.png,0.2445,174.68,209.71,180.01,213.54
ch2_ohr_ncp_20250123T0750012833_d_img_d18_x11520_y67840.png,0.2435,427.97,254.16,438.44,261.32
ch2_ohr_ncp_20250123T0750012833_d_img_d18_x11520_y67840.png,0.2156,212.0,216.12,219.11,220.71
ch2_ohr_ncp_20250123T0750012833_d_img_d18_x11520_y67840.png,0.2138,200.53,258.97,219.94,277.72
ch2_ohr_ncp_20250123T0750012833_d_img_d18_x11520_y67840.png,0.2098,334.86,208.68,340.01,212.75
ch2_ohr_ncp_20250123T0750012833_d_img_d18_x11520_y67840.png,0.2037,145.3,132.0,150.84,138.57
ch2_ohr_ncp_20250123T0750012833_d_img_d18_x11520_y68480.png,0.562,201.29,162.09,205.34,166.1
ch2_ohr_ncp_20250123T0750012833_d_img_d18_x11520_y68480.png,0.5571,160.79,436.0,165.37,441.89
ch2_ohr_ncp_20250123T0750012833_d_img_d18_x11520_y68480.png,0.5315,249.51,225.93,258.68,232.92
ch2_ohr_ncp_20250123T0750012833_d_img_d18_x11520_y68480.png,0.5064,325.71,522.74,333.54,530.32
ch2_ohr_ncp_20250123T0750012833_d_img_d18_x11520_y68480.png,0.5015,411.06,203.95,415.49,208.59
ch2_ohr_ncp_20250123T0750012833_d_img_d18_x11520_y68480.png,0.5007,335.15,224.09,342.99,230.65
ch2_ohr_ncp_20250123T0750012833_d_img_d18_x11520_y68480.png,0.4463,350.41,210.38,356.0,214.1
ch2_ohr_ncp_20250123T0750012833_d_img_d18_x11520_y68480.png,0.3447,339.31,313.01,348.64,321.2
ch2_ohr_ncp_20250123T0750012833_d_img_d18_x11520_y68480.png,0.3339,183.94,326.98,188.66,330.25
ch2_ohr_ncp_20250123T0750012833_d_img_d18_x11520_y68480.png,0.3222,185.09,327.02,189.06,332.0
ch2_ohr_ncp_20250123T0750012833_d_img_d18_x11520_y68480.png,0.3211,353.67,526.11,362.49,533.63
ch2_ohr_ncp_20250123T0750012833_d_img_d18_x11520_y68480.png,0.2871,98.67,309.79,120.37,330.81
ch2_ohr_ncp_20250123T0750012833_d_img_d18_x11520_y68480.png,0.2803,290.89,496.06,295.67,500.13
ch2_ohr_ncp_20250123T0750012833_d_img_d18_x11520_y68480.png,0.2682,409.53,178.55,420.56,189.41
ch2_ohr_ncp_20250123T0750012833_d_img_d18_x11520_y68480.png,0.262,352.98,315.66,359.77,320.67
ch2_ohr_ncp_20250123T0750012833_d_img_d18_x11520_y68480.png,0.2479,337.24,210.29,341.52,214.38
ch2_ohr_ncp_20250123T0750012833_d_img_d18_x11520_y68480.png,0.2414,229.35,491.98,236.09,498.2
ch2_ohr_ncp_20250123T0750012833_d_img_d18_x11520_y68480.png,0.2301,192.12,559.88,197.24,564.12
ch2_ohr_ncp_20250123T0750012833_d_img_d18_x11520_y68480.png,0.2282,187.99,443.07,193.0,446.95
ch2_ohr_ncp_20250123T0750012833_d_img_d18_x11520_y68480.png,0.2096,108.0,433.02,114.32,437.71
ch2_ohr_ncp_20250123T0750012833_d_img_d18_x11520_y68480.png,0.2066,109.14,432.59,116.0,437.26
ch2_ohr_ncp_20250123T0750012833_d_img_d18_x11520_y69120.png,0.5914,91.98,555.99,98.11,561.94
ch2_ohr_ncp_20250123T0750012833_d_img_d18_x11520_y69120.png,0.5201,309.31,593.31,316.53,599.43
ch2_ohr_ncp_20250123T0750012833_d_img_d18_x11520_y69120.png,0.5144,430.87,431.8,436.01,436.03
ch2_ohr_ncp_20250123T0750012833_d_img_d18_x11520_y69120.png,0.4769,366.35,353.76,372.02,357.78
ch2_ohr_ncp_20250123T0750012833_d_img_d18_x11520_y69120.png,0.4734,310.6,611.14,316.0,615.24
ch2_ohr_ncp_20250123T0750012833_d_img_d18_x11520_y69120.png,0.4668,301.44,535.79,308.0,540.73
ch2_ohr_ncp_20250123T0750012833_d_img_d18_x11520_y69120.png,0.465,112.31,457.11,116.85,460.84
ch2_ohr_ncp_20250123T0750012833_d_img_d18_x11520_y69120.png,0.4564,243.54,549.65,248.1,553.38
ch2_ohr_ncp_20250123T0750012833_d_img_d18_x11520_y69120.png,0.4397,243.49,548.0,247.85,553.41
ch2_ohr_ncp_20250123T0750012833_d_img_d18_x11520_y69120.png,0.3675,423.06,451.93,429.15,456.75
ch2_ohr_ncp_20250123T0750012833_d_img_d18_x11520_y69120.png,0.3526,433.42,57.71,442.22,65.27
ch2_ohr_ncp_20250123T0750012833_d_img_d18_x11520_y69120.png,0.346,252.0,414.39,258.12,420.0
ch2_ohr_ncp_20250123T0750012833_d_img_d18_x11520_y69120.png,0.3102,43.39,556.09,61.89,570.36
ch2_ohr_ncp_20250123T0750012833_d_img_d18_x11520_y69120.png,0.3021,440.86,418.07,445.52,423.3
ch2_ohr_ncp_20250123T0750012833_d_img_d18_x11520_y69120.png,0.2661,245.89,302.94,252.03,308.0
ch2_ohr_ncp_20250123T0750012833_d_img_d18_x11520_y69120.png,0.2599,403.99,398.87,410.08,404.01
ch2_ohr_ncp_20250123T0750012833_d_img_d18_x11520_y69120.png,0.2541,310.46,610.98,314.75,616.01
ch2_ohr_ncp_20250123T0750012833_d_img_d18_x11520_y69120.png,0.2367,157.75,466.5,165.55,472.04
ch2_ohr_ncp_20250123T0750012833_d_img_d18_x11520_y69120.png,0.232,138.41,492.0,142.48,496.92
ch2_ohr_ncp_20250123T0750012833_d_img_d18_x11520_y69120.png,0.2268,347.23,604.0,352.41,609.83
ch2_ohr_ncp_20250123T0750012833_d_img_d18_x11520_y69120.png,0.2251,253.85,414.45,260.0,420.0
ch2_ohr_ncp_20250123T0750012833_d_img_d18_x11520_y69120.png,0.2247,173.55,562.34,180.01,566.28
ch2_ohr_ncp_20250123T0750012833_d_img_d18_x11520_y69120.png,0.2179,331.73,578.23,338.61,585.79
ch2_ohr_ncp_20250123T0750012833_d_img_d18_x11520_y69120.png,0.2155,161.6,299.5,165.98,304.55
ch2_ohr_ncp_20250123T0750012833_d_img_d18_x11520_y69120.png,0.2002,347.03,131.86,351.9,137.04
ch2_ohr_ncp_20250123T0750012833_d_img_d18_x11520_y69760.png,0.6887,201.34,255.3,207.21,261.2
ch2_ohr_ncp_20250123T0750012833_d_img_d18_x11520_y69760.png,0.5647,422.3,313.66,428.02,317.74
ch2_ohr_ncp_20250123T0750012833_d_img_d18_x11520_y69760.png,0.5301,424.35,193.02,431.88,200.36
ch2_ohr_ncp_20250123T0750012833_d_img_d18_x11520_y69760.png,0.499,117.32,121.1,124.57,127.68
ch2_ohr_ncp_20250123T0750012833_d_img_d18_x11520_y69760.png,0.4503,359.11,433.47,364.06,437.26
ch2_ohr_ncp_20250123T0750012833_d_img_d18_x11520_y69760.png,0.4241,261.56,309.46,267.21,313.78
ch2_ohr_ncp_20250123T0750012833_d_img_d18_x11520_y69760.png,0.4173,0.11,422.71,6.92,429.5
ch2_ohr_ncp_20250123T0750012833_d_img_d18_x11520_y69760.png,0.4101,379.87,284.0,383.87,289.27
ch2_ohr_ncp_20250123T0750012833_d_img_d18_x11520_y69760.png,0.4054,228.81,146.46,247.46,163.03
ch2_ohr_ncp_20250123T0750012833_d_img_d18_x11520_y69760.png,0.4046,129.5,458.87,134.07,463.82
ch2_ohr_ncp_20250123T0750012833_d_img_d18_x11520_y69760.png,0.4005,367.21,296.96,373.84,301.8
ch2_ohr_ncp_20250123T0750012833_d_img_d18_x11520_y69760.png,0.3994,459.03,560.33,466.12,566.28
ch2_ohr_ncp_20250123T0750012833_d_img_d18_x11520_y69760.png,0.399,334.05,259.05,344.13,266.92
ch2_ohr_ncp_20250123T0750012833_d_img_d18_x11520_y69760.png,0.3928,13.28,275.77,22.32,283.06
ch2_ohr_ncp_20250123T0750012833_d_img_d18_x11520_y69760.png,0.3855,464.31,367.65,474.47,377.19
ch2_ohr_ncp_20250123T0750012833_d_img_d18_x11520_y69760.png,0.3758,261.48,308.0,268.01,314.03
ch2_ohr_ncp_20250123T0750012833_d_img_d18_x11520_y69760.png,0.3754,375.83,328.89,382.27,334.1
ch2_ohr_ncp_20250123T0750012833_d_img_d18_x11520_y69760.png,0.3613,439.82,561.07,445.44,565.5
ch2_ohr_ncp_20250123T0750012833_d_img_d18_x11520_y69760.png,0.3527,127.33,183.71,132.49,188.04
ch2_ohr_ncp_20250123T0750012833_d_img_d18_x11520_y69760.png,0.3499,328.8,265.84,333.94,271.23
ch2_ohr_ncp_20250123T0750012833_d_img_d18_x11520_y69760.png,0.3472,113.55,616.43,118.12,620.45
ch2_ohr_ncp_20250123T0750012833_d_img_d18_x11520_y69760.png,0.3395,231.38,379.77,236.71,384.15
ch2_ohr_ncp_20250123T0750012833_d_img_d18_x11520_y69760.png,0.3305,392.11,480.91,399.06,487.67
ch2_ohr_ncp_20250123T0750012833_d_img_d18_x11520_y69760.png,0.3239,148.0,59.97,153.99,65.82
ch2_ohr_ncp_20250123T0750012833_d_img_d18_x11520_y69760.png,0.3217,127.21,256.91,132.55,261.38
ch2_ohr_ncp_20250123T0750012833_d_img_d18_x11520_y69760.png,0.3181,281.79,617.96,285.78,622.07
ch2_ohr_ncp_20250123T0750012833_d_img_d18_x11520_y69760.png,0.3149,138.95,147.11,143.41,151.31
ch2_ohr_ncp_20250123T0750012833_d_img_d18_x11520_y69760.png,0.3111,143.37,23.09,148.07,28.0
ch2_ohr_ncp_20250123T0750012833_d_img_d18_x11520_y69760.png,0.3061,43.14,122.49,60.88,135.77
ch2_ohr_ncp_20250123T0750012833_d_img_d18_x11520_y69760.png,0.297,235.28,308.0,239.03,312.72
ch2_ohr_ncp_20250123T0750012833_d_img_d18_x11520_y69760.png,0.2969,265.72,402.72,271.86,408.59
ch2_ohr_ncp_20250123T0750012833_d_img_d18_x11520_y69760.png,0.2901,432.26,225.66,439.12,231.81
ch2_ohr_ncp_20250123T0750012833_d_img_d18_x11520_y69760.png,0.2887,337.44,443.62,347.27,453.32
ch2_ohr_ncp_20250123T0750012833_d_img_d18_x11520_y69760.png,0.2829,46.13,312.65,52.0,316.44
ch2_ohr_ncp_20250123T0750012833_d_img_d18_x11520_y69760.png,0.2823,176.85,316.0,182.04,322.62
ch2_ohr_ncp_20250123T0750012833_d_img_d18_x11520_y69760.png,0.2753,176.69,317.52,181.93,324.0
ch2_ohr_ncp_20250123T0750012833_d_img_d18_x11520_y69760.png,0.272,358.94,452.0,364.04,457.95
ch2_ohr_ncp_20250123T0750012833_d_img_d18_x11520_y69760.png,0.2559,156.0,240.26,161.93,244.2
ch2_ohr_ncp_20250123T0750012833_d_img_d18_x11520_y69760.png,0.2514,347.81,396.0,352.64,401.86
ch2_ohr_ncp_20250123T0750012833_d_img_d18_x11520_y69760.png,0.25,251.93,235.74,256.51,240.24
ch2_ohr_ncp_20250123T0750012833_d_img_d18_x11520_y69760.png,0.2484,465.65,380.83,473.34,388.02
ch2_ohr_ncp_20250123T0750012833_d_img_d18_x11520_y69760.png,0.245,385.1,348.41,394.11,356.44
ch2_ohr_ncp_20250123T0750012833_d_img_d18_x11520_y69760.png,0.2149,309.1,107.27,316.08,112.65
ch2_ohr_ncp_20250123T0750012833_d_img_d18_x11520_y69760.png,0.2144,345.64,537.22,353.07,543.2
ch2_ohr_ncp_20250123T0750012833_d_img_d18_x11520_y69760.png,0.2095,260.0,308.0,267.12,313.81
ch2_ohr_ncp_20250123T0750012833_d_img_d18_x11520_y69760.png,0.2087,229.43,60.0,236.01,65.75
ch2_ohr_ncp_20250123T0750012833_d_img_d18_x11520_y69760.png,0.2076,288.77,279.18,293.96,284.03
ch2_ohr_ncp_20250123T0750012833_d_img_d18_x11520_y69760.png,0.2071,323.41,281.35,333.5,289.34
ch2_ohr_ncp_20250123T0750012833_d_img_d18_x11520_y69760.png,0.2062,280.53,78.26,289.78,84.1
ch2_ohr_ncp_20250123T0750012833_d_img_d18_x11520_y69760.png,0.2012,228.0,60.0,234.64,65.74
ch2_ohr_ncp_20250123T0750012833_d_img_d18_x11520_y70400.png,0.6638,74.94,199.43,88.93,209.02
ch2_ohr_ncp_20250123T0750012833_d_img_d18_x11520_y70400.png,0.6258,342.01,215.38,348.46,220.1
ch2_ohr_ncp_20250123T0750012833_d_img_d18_x11520_y70400.png,0.583,255.04,271.84,260.55,276.68
ch2_ohr_ncp_20250123T0750012833_d_img_d18_x11520_y70400.png,0.5825,382.55,292.0,388.67,297.93
ch2_ohr_ncp_20250123T0750012833_d_img_d18_x11520_y70400.png,0.5788,18.7,446.15,28.96,454.48
ch2_ohr_ncp_20250123T0750012833_d_img_d18_x11520_y70400.png,0.557,84.89,465.52,93.38,473.47
ch2_ohr_ncp_20250123T0750012833_d_img_d18_x11520_y70400.png,0.5557,82.71,389.43,90.65,396.63
ch2_ohr_ncp_20250123T0750012833_d_img_d18_x11520_y70400.png,0.5141,379.58,104.71,386.21,110.41
ch2_ohr_ncp_20250123T0750012833_d_img_d18_x11520_y70400.png,0.5086,73.8,491.54,83.53,499.01
ch2_ohr_ncp_20250123T0750012833_d_img_d18_x11520_y70400.png,0.5019,96.76,467.93,104.7,474.4
ch2_ohr_ncp_20250123T0750012833_d_img_d18_x11520_y70400.png,0.4976,443.45,160.23,448.97,165.09
ch2_ohr_ncp_20250123T0750012833_d_img_d18_x11520_y70400.png,0.4969,77.87,217.02,84.06,223.38
ch2_ohr_ncp_20250123T0750012833_d_img_d18_x11520_y70400.png,0.4911,222.31,444.0,228.39,450.51
ch2_ohr_ncp_20250123T0750012833_d_img_d18_x11520_y70400.png,0.4866,327.05,467.82,334.64,474.61
ch2_ohr_ncp_20250123T0750012833_d_img_d18_x11520_y70400.png,0.4764,400.93,538.71,405.09,543.12
ch2_ohr_ncp_20250123T0750012833_d_img_d18_x11520_y70400.png,0.4756,462.22,465.52,468.29,470.49
ch2_ohr_ncp_20250123T0750012833_d_img_d18_x11520_y70400.png,0.4692,282.66,221.27,302.33,235.05
ch2_ohr_ncp_20250123T0750012833_d_img_d18_x11520_y70400.png,0.4494,88.51,511.18,95.44,518.07
ch2_ohr_ncp_20250123T0750012833_d_img_d18_x11520_y70400.png,0.4394,67.99,156.0,72.96,162.14
ch2_ohr_ncp_20250123T0750012833_d_img_d18_x11520_y70400.png,0.4339,250.15,227.99,256.48,233.33
ch2_ohr_ncp_20250123T0750012833_d_img_d18_x11520_y70400.png,0.4336,310.06,117.49,316.6,124.18
ch2_ohr_ncp_20250123T0750012833_d_img_d18_x11520_y70400.png,0.4313,239.37,233.96,244.05,237.89
ch2_ohr_ncp_20250123T0750012833_d_img_d18_x11520_y70400.png,0.4293,450.14,242.27,456.31,247.51
ch2_ohr_ncp_20250123T0750012833_d_img_d18_x11520_y70400.png,0.4252,349.36,554.77,361.15,565.42
ch2_ohr_ncp_20250123T0750012833_d_img_d18_x11520_y70400.png,0.4194,323.49,251.51,328.89,256.19
ch2_ohr_ncp_20250123T0750012833_d_img_d18_x11520_y70400.png,0.4161,19.29,123.93,24.57,129.22
ch2_ohr_ncp_20250123T0750012833_d_img_d18_x11520_y70400.png,0.4121,395.52,620.0,401.99,626.4
ch2_ohr_ncp_20250123T0750012833_d_img_d18_x11520_y70400.png,0.4011,270.2,512.01,276.97,517.56
ch2_ohr_ncp_20250123T0750012833_d_img_d18_x11520_y70400.png,0.3738,7.39,142.58,14.12,148.94
ch2_ohr_ncp_20250123T0750012833_d_img_d18_x11520_y70400.png,0.3715,83.11,535.8,90.07,541.31
ch2_ohr_ncp_20250123T0750012833_d_img_d18_x11520_y70400.png,0.3701,107.92,503.72,112.76,508.13
ch2_ohr_ncp_20250123T0750012833_d_img_d18_x11520_y70400.png,0.3686,261.75,520.19,274.6,532.22
ch2_ohr_ncp_20250123T0750012833_d_img_d18_x11520_y70400.png,0.3636,106.2,46.58,117.43,58.33
ch2_ohr_ncp_20250123T0750012833_d_img_d18_x11520_y70400.png,0.3603,303.06,128.16,308.03,132.08
ch2_ohr_ncp_20250123T0750012833_d_img_d18_x11520_y70400.png,0.3569,115.96,366.82,122.62,372.05
ch2_ohr_ncp_20250123T0750012833_d_img_d18_x11520_y70400.png,0.3466,437.88,490.5,444.0,495.5
ch2_ohr_ncp_20250123T0750012833_d_img_d18_x11520_y70400.png,0.3426,98.22,367.71,103.18,372.06
ch2_ohr_ncp_20250123T0750012833_d_img_d18_x11520_y70400.png,0.3409,411.74,277.56,418.82,284.0
ch2_ohr_ncp_20250123T0750012833_d_img_d18_x11520_y70400.png,0.3315,273.19,142.36,279.14,148.01
ch2_ohr_ncp_20250123T0750012833_d_img_d18_x11520_y70400.png,0.3311,454.99,475.28,460.69,480.32
ch2_ohr_ncp_20250123T0750012833_d_img_d18_x11520_y70400.png,0.3229,411.14,276.0,418.39,283.15
ch2_ohr_ncp_20250123T0750012833_d_img_d18_x11520_y70400.png,0.3131,339.99,78.42,345.14,84.0
ch2_ohr_ncp_20250123T0750012833_d_img_d18_x11520_y70400.png,0.3104,95.23,504.64,102.95,511.68
ch2_ohr_ncp_20250123T0750012833_d_img_d18_x11520_y70400.png,0.3058,82.66,30.56,89.55,36.65
ch2_ohr_ncp_20250123T0750012833_d_img_d18_x11520_y70400.png,0.3027,139.52,616.73,144.28,621.14
ch2_ohr_ncp_20250123T0750012833_d_img_d18_x11520_y70400.png,0.2949,120.11,275.92,124.67,280.4
ch2_ohr_ncp_20250123T0750012833_d_img_d18_x11520_y70400.png,0.2798,436.0,490.62,442.27,495.27
ch2_ohr_ncp_20250123T0750012833_d_img_d18_x11520_y70400.png,0.2795,361.6,170.58,367.13,175.84
ch2_ohr_ncp_20250123T0750012833_d_img_d18_x11520_y70400.png,0.2782,100.71,451.99,106.9,457.11
ch2_ohr_ncp_20250123T0750012833_d_img_d18_x11520_y70400.png,0.2739,315.99,535.83,323.57,542.04
ch2_ohr_ncp_20250123T0750012833_d_img_d18_x11520_y70400.png,0.2679,412.0,196.0,417.51,202.08
ch2_ohr_ncp_20250123T0750012833_d_img_d18_x11520_y70400.png,0.265,346.98,615.45,351.0,620.03
ch2_ohr_ncp_20250123T0750012833_d_img_d18_x11520_y70400.png,0.2501,253.21,331.75,260.09,337.42
ch2_ohr_ncp_20250123T0750012833_d_img_d18_x11520_y70400.png,0.2479,347.98,555.51,359.35,564.2
ch2_ohr_ncp_20250123T0750012833_d_img_d18_x11520_y70400.png,0.2463,410.92,626.4,416.75,631.97
ch2_ohr_ncp_20250123T0750012833_d_img_d18_x11520_y70400.png,0.2413,125.11,347.94,135.42,358.24
ch2_ohr_ncp_20250123T0750012833_d_img_d18_x11520_y70400.png,0.2411,40.38,619.15,46.07,624.47
ch2_ohr_ncp_20250123T0750012833_d_img_d18_x11520_y70400.png,0.2406,276.11,568.75,296.51,588.02
ch2_ohr_ncp_20250123T0750012833_d_img_d18_x11520_y70400.png,0.234,405.87,75.99,413.19,82.79
ch2_ohr_ncp_20250123T0750012833_d_img_d18_x11520_y70400.png,0.2335,395.5,620.83,402.28,628.0
ch2_ohr_ncp_20250123T0750012833_d_img_d18_x11520_y70400.png,0.2289,387.75,211.17,397.25,218.78
ch2_ohr_ncp_20250123T0750012833_d_img_d18_x11520_y70400.png,0.2282,135.41,393.15,141.11,397.62
ch2_ohr_ncp_20250123T0750012833_d_img_d18_x11520_y70400.png,0.2202,357.68,433.54,364.18,438.49
ch2_ohr_ncp_20250123T0750012833_d_img_d18_x11520_y70400.png,0.2163,284.62,195.82,304.46,215.31
ch2_ohr_ncp_20250123T0750012833_d_img_d18_x11520_y70400.png,0.2155,303.09,556.0,308.63,562.39
ch2_ohr_ncp_20250123T0750012833_d_img_d18_x11520_y70400.png,0.2154,129.13,174.88,134.71,180.03
ch2_ohr_ncp_20250123T0750012833_d_img_d18_x11520_y70400.png,0.213,222.72,445.05,228.68,452.0
ch2_ohr_ncp_20250123T0750012833_d_img_d18_x11520_y70400.png,0.208,317.19,535.72,324.52,542.75
ch2_ohr_ncp_20250123T0750012833_d_img_d18_x11520_y70400.png,0.2044,223.89,303.44,244.02,322.33
ch2_ohr_ncp_20250123T0750012833_d_img_d18_x11520_y70400.png,0.2041,405.64,77.31,412.82,84.0
ch2_ohr_ncp_20250123T0750012833_d_img_d18_x11520_y71040.png,0.6043,455.98,566.33,463.2,573.26
ch2_ohr_ncp_20250123T0750012833_d_img_d18_x11520_y71040.png,0.5756,406.84,295.6,414.23,303.71
ch2_ohr_ncp_20250123T0750012833_d_img_d18_x11520_y71040.png,0.555,416.67,331.85,421.73,336.28
ch2_ohr_ncp_20250123T0750012833_d_img_d18_x11520_y71040.png,0.5161,446.08,553.55,453.14,559.03
ch2_ohr_ncp_20250123T0750012833_d_img_d18_x11520_y71040.png,0.4876,331.99,211.99,337.78,217.5
ch2_ohr_ncp_20250123T0750012833_d_img_d18_x11520_y71040.png,0.4826,395.66,581.98,403.1,591.21
ch2_ohr_ncp_20250123T0750012833_d_img_d18_x11520_y71040.png,0.4798,239.68,455.02,245.75,460.71
ch2_ohr_ncp_20250123T0750012833_d_img_d18_x11520_y71040.png,0.4583,293.18,328.14,300.94,334.81
ch2_ohr_ncp_20250123T0750012833_d_img_d18_x11520_y71040.png,0.4327,64.94,186.41,72.78,193.38
ch2_ohr_ncp_20250123T0750012833_d_img_d18_x11520_y71040.png,0.4264,460.0,241.42,466.27,246.72
ch2_ohr_ncp_20250123T0750012833_d_img_d18_x11520_y71040.png,0.4232,405.35,215.87,412.04,221.63
ch2_ohr_ncp_20250123T0750012833_d_img_d18_x11520_y71040.png,0.3843,314.1,398.07,318.6,404.01
ch2_ohr_ncp_20250123T0750012833_d_img_d18_x11520_y71040.png,0.3797,403.3,378.45,412.64,385.82
ch2_ohr_ncp_20250123T0750012833_d_img_d18_x11520_y71040.png,0.3763,221.1,179.28,229.45,186.44
ch2_ohr_ncp_20250123T0750012833_d_img_d18_x11520_y71040.png,0.3756,164.3,574.28,178.73,586.44
ch2_ohr_ncp_20250123T0750012833_d_img_d18_x11520_y71040.png,0.3665,235.99,414.66,247.38,422.53
ch2_ohr_ncp_20250123T0750012833_d_img_d18_x11520_y71040.png,0.3637,368.37,615.27,374.94,621.33
ch2_ohr_ncp_20250123T0750012833_d_img_d18_x11520_y71040.png,0.3457,195.38,159.94,202.6,165.52
ch2_ohr_ncp_20250123T0750012833_d_img_d18_x11520_y71040.png,0.3108,427.36,630.57,433.34,636.02
ch2_ohr_ncp_20250123T0750012833_d_img_d18_x11520_y71040.png,0.3059,346.35,528.19,350.9,532.51
ch2_ohr_ncp_20250123T0750012833_d_img_d18_x11520_y71040.png,0.2876,461.37,241.47,468.0,246.76
ch2_ohr_ncp_20250123T0750012833_d_img_d18_x11520_y71040.png,0.2783,448.72,211.34,458.68,221.31
ch2_ohr_ncp_20250123T0750012833_d_img_d18_x11520_y71040.png,0.2632,206.97,601.56,212.0,605.25
ch2_ohr_ncp_20250123T0750012833_d_img_d18_x11520_y71040.png,0.261,289.65,473.03,296.52,478.72
ch2_ohr_ncp_20250123T0750012833_d_img_d18_x11520_y71040.png,0.2588,31.0,343.65,36.49,349.35
ch2_ohr_ncp_20250123T0750012833_d_img_d18_x11520_y71040.png,0.2461,158.12,420.0,164.06,426.07
ch2_ohr_ncp_20250123T0750012833_d_img_d18_x11520_y71040.png,0.2459,160.14,457.22,164.51,460.85
ch2_ohr_ncp_20250123T0750012833_d_img_d18_x11520_y71040.png,0.2351,273.98,552.95,285.21,562.62
ch2_ohr_ncp_20250123T0750012833_d_img_d18_x11520_y71040.png,0.2297,243.99,257.81,248.72,261.34
ch2_ohr_ncp_20250123T0750012833_d_img_d18_x11520_y71040.png,0.2285,453.36,359.3,460.0,364.99
ch2_ohr_ncp_20250123T0750012833_d_img_d18_x11520_y71040.png,0.2222,358.39,528.14,364.18,532.6
ch2_ohr_ncp_20250123T0750012833_d_img_d18_x11520_y71040.png,0.2164,376.24,195.99,380.26,200.11
ch2_ohr_ncp_20250123T0750012833_d_img_d18_x11520_y71040.png,0.2089,403.93,590.55,410.26,596.54
ch2_ohr_ncp_20250123T0750012833_d_img_d18_x11520_y71040.png,0.2033,442.85,553.55,452.1,559.2
ch2_ohr_ncp_20250123T0750012833_d_img_d18_x11520_y71040.png,0.2015,404.76,591.53,412.05,597.22
ch2_ohr_ncp_20250123T0750012833_d_img_d18_x11520_y71680.png,0.6438,237.7,222.62,245.98,229.9
ch2_ohr_ncp_20250123T0750012833_d_img_d18_x11520_y71680.png,0.5708,367.35,91.6,372.14,95.43
ch2_ohr_ncp_20250123T0750012833_d_img_d18_x11520_y71680.png,0.5565,91.76,619.37,95.67,623.41
ch2_ohr_ncp_20250123T0750012833_d_img_d18_x11520_y71680.png,0.5412,23.73,473.1,31.21,479.77
ch2_ohr_ncp_20250123T0750012833_d_img_d18_x11520_y71680.png,0.5403,382.16,591.25,388.79,596.58
ch2_ohr_ncp_20250123T0750012833_d_img_d18_x11520_y71680.png,0.5369,400.08,364.0,405.08,369.41
ch2_ohr_ncp_20250123T0750012833_d_img_d18_x11520_y71680.png,0.5119,308.5,200.34,319.72,209.21
ch2_ohr_ncp_20250123T0750012833_d_img_d18_x11520_y71680.png,0.5066,133.75,368.95,140.34,374.43
ch2_ohr_ncp_20250123T0750012833_d_img_d18_x11520_y71680.png,0.4974,302.78,255.42,314.64,265.04
ch2_ohr_ncp_20250123T0750012833_d_img_d18_x11520_y71680.png,0.4903,379.64,190.64,387.39,197.85
ch2_ohr_ncp_20250123T0750012833_d_img_d18_x11520_y71680.png,0.4738,345.9,600.48,351.14,604.93
ch2_ohr_ncp_20250123T0750012833_d_img_d18_x11520_y71680.png,0.4713,138.43,175.21,145.85,182.22
ch2_ohr_ncp_20250123T0750012833_d_img_d18_x11520_y71680.png,0.4696,335.34,370.51,341.83,376.82
ch2_ohr_ncp_20250123T0750012833_d_img_d18_x11520_y71680.png,0.4588,351.31,139.57,361.21,146.4
ch2_ohr_ncp_20250123T0750012833_d_img_d18_x11520_y71680.png,0.4525,9.7,195.97,14.87,201.37
ch2_ohr_ncp_20250123T0750012833_d_img_d18_x11520_y71680.png,0.4498,369.58,315.16,373.65,319.25
ch2_ohr_ncp_20250123T0750012833_d_img_d18_x11520_y71680.png,0.435,334.99,259.72,340.6,264.23
ch2_ohr_ncp_20250123T0750012833_d_img_d18_x11520_y71680.png,0.4311,271.37,329.78,276.41,334.81
ch2_ohr_ncp_20250123T0750012833_d_img_d18_x11520_y71680.png,0.4252,238.29,51.84,244.01,56.22
ch2_ohr_ncp_20250123T0750012833_d_img_d18_x11520_y71680.png,0.4251,383.36,130.28,389.59,135.54
ch2_ohr_ncp_20250123T0750012833_d_img_d18_x11520_y71680.png,0.4182,340.77,535.26,348.21,540.94
ch2_ohr_ncp_20250123T0750012833_d_img_d18_x11520_y71680.png,0.415,396.7,213.52,409.66,225.23
ch2_ohr_ncp_20250123T0750012833_d_img_d18_x11520_y71680.png,0.4094,149.63,51.99,156.0,57.99
ch2_ohr_ncp_20250123T0750012833_d_img_d18_x11520_y71680.png,0.4052,149.47,52.61,154.65,57.97
ch2_ohr_ncp_20250123T0750012833_d_img_d18_x11520_y71680.png,0.4044,79.77,437.16,97.96,449.46
ch2_ohr_ncp_20250123T0750012833_d_img_d18_x11520_y71680.png,0.3989,324.96,385.09,332.04,391.49
ch2_ohr_ncp_20250123T0750012833_d_img_d18_x11520_y71680.png,0.3875,420.39,212.93,429.1,219.33
ch2_ohr_ncp_20250123T0750012833_d_img_d18_x11520_y71680.png,0.3864,363.96,354.65,371.7,361.9
ch2_ohr_ncp_20250123T0750012833_d_img_d18_x11520_y71680.png,0.3821,34.28,264.42,40.89,270.41
ch2_ohr_ncp_20250123T0750012833_d_img_d18_x11520_y71680.png,0.3796,419.52,171.58,428.51,180.63
ch2_ohr_ncp_20250123T0750012833_d_img_d18_x11520_y71680.png,0.373,298.32,525.34,306.95,533.78
ch2_ohr_ncp_20250123T0750012833_d_img_d18_x11520_y71680.png,0.3702,364.9,354.88,372.7,362.73
ch2_ohr_ncp_20250123T0750012833_d_img_d18_x11520_y71680.png,0.3678,339.07,162.0,345.86,169.14
ch2_ohr_ncp_20250123T0750012833_d_img_d18_x11520_y71680.png,0.3677,451.44,209.7,457.47,215.46
ch2_ohr_ncp_20250123T0750012833_d_img_d18_x11520_y71680.png,0.3663,439.78,104.11,445.8,109.28
ch2_ohr_ncp_20250123T0750012833_d_img_d18_x11520_y71680.png,0.3569,449.01,271.93,454.55,276.43
ch2_ohr_ncp_20250123T0750012833_d_img_d18_x11520_y71680.png,0.3526,240.31,596.0,245.31,602.46
ch2_ohr_ncp_20250123T0750012833_d_img_d18_x11520_y71680.png,0.349,303.98,285.8,321.05,300.85
ch2_ohr_ncp_20250123T0750012833_d_img_d18_x11520_y71680.png,0.349,172.0,132.0,178.11,137.75
ch2_ohr_ncp_20250123T0750012833_d_img_d18_x11520_y71680.png,0.3475,4.18,150.48,10.03,154.71
ch2_ohr_ncp_20250123T0750012833_d_img_d18_x11520_y71680.png,0.3456,48.39,318.44,64.28,330.67
ch2_ohr_ncp_20250123T0750012833_d_img_d18_x11520_y71680.png,0.3368,347.98,405.86,353.71,412.0
ch2_ohr_ncp_20250123T0750012833_d_img_d18_x11520_y71680.png,0.3304,192.56,130.26,196.88,135.19
ch2_ohr_ncp_20250123T0750012833_d_img_d18_x11520_y71680.png,0.3232,89.37,243.99,94.29,248.84
ch2_ohr_ncp_20250123T0750012833_d_img_d18_x11520_y71680.png,0.3221,354.12,285.49,360.21,292.0
ch2_ohr_ncp_20250123T0750012833_d_img_d18_x11520_y71680.png,0.3184,400.96,451.24,406.33,455.96
ch2_ohr_ncp_20250123T0750012833_d_img_d18_x11520_y71680.png,0.3169,16.82,126.99,22.05,132.0
ch2_ohr_ncp_20250123T0750012833_d_img_d18_x11520_y71680.png,0.3067,227.98,358.34,234.62,364.0
ch2_ohr_ncp_20250123T0750012833_d_img_d18_x11520_y71680.png,0.3057,287.29,462.17,292.22,468.0
ch2_ohr_ncp_20250123T0750012833_d_img_d18_x11520_y71680.png,0.3052,288.91,21.8,294.97,28.0
ch2_ohr_ncp_20250123T0750012833_d_img_d18_x11520_y71680.png,0.3046,228.5,488.31,237.47,496.0
ch2_ohr_ncp_20250123T0750012833_d_img_d18_x11520_y71680.png,0.3011,193.49,545.18,204.21,554.22
ch2_ohr_ncp_20250123T0750012833_d_img_d18_x11520_y71680.png,0.2996,311.44,635.94,316.87,639.86
ch2_ohr_ncp_20250123T0750012833_d_img_d18_x11520_y71680.png,0.294,3.97,150.24,10.52,156.0
ch2_ohr_ncp_20250123T0750012833_d_img_d18_x11520_y71680.png,0.285,353.65,160.43,361.13,165.75
ch2_ohr_ncp_20250123T0750012833_d_img_d18_x11520_y71680.png,0.2826,335.83,189.3,348.98,201.04
ch2_ohr_ncp_20250123T0750012833_d_img_d18_x11520_y71680.png,0.282,297.63,416.55,302.89,420.87
ch2_ohr_ncp_20250123T0750012833_d_img_d18_x11520_y71680.png,0.2769,153.68,205.92,158.62,212.0
ch2_ohr_ncp_20250123T0750012833_d_img_d18_x11520_y71680.png,0.272,374.94,54.84,380.09,60.07
ch2_ohr_ncp_20250123T0750012833_d_img_d18_x11520_y71680.png,0.2715,469.91,324.63,479.08,332.12
ch2_ohr_ncp_20250123T0750012833_d_img_d18_x11520_y71680.png,0.2663,186.27,115.98,190.98,120.11
ch2_ohr_ncp_20250123T0750012833_d_img_d18_x11520_y71680.png,0.2628,106.54,312.38,112.62,318.48
ch2_ohr_ncp_20250123T0750012833_d_img_d18_x11520_y71680.png,0.2618,462.43,353.9,468.04,357.67
ch2_ohr_ncp_20250123T0750012833_d_img_d18_x11520_y71680.png,0.2583,339.41,616.58,344.72,621.51
ch2_ohr_ncp_20250123T0750012833_d_img_d18_x11520_y71680.png,0.2569,47.55,409.06,52.1,413.0
ch2_ohr_ncp_20250123T0750012833_d_img_d18_x11520_y71680.png,0.2542,0.53,183.98,6.99,189.39
ch2_ohr_ncp_20250123T0750012833_d_img_d18_x11520_y71680.png,0.2471,9.82,19.09,15.17,24.65
ch2_ohr_ncp_20250123T0750012833_d_img_d18_x11520_y71680.png,0.2447,315.95,345.62,321.11,350.05
ch2_ohr_ncp_20250123T0750012833_d_img_d18_x11520_y71680.png,0.2424,171.88,415.96,176.49,420.02
ch2_ohr_ncp_20250123T0750012833_d_img_d18_x11520_y71680.png,0.2378,177.73,50.74,181.78,54.45
ch2_ohr_ncp_20250123T0750012833_d_img_d18_x11520_y71680.png,0.2317,147.98,183.85,153.62,189.06
ch2_ohr_ncp_20250123T0750012833_d_img_d18_x11520_y71680.png,0.2304,326.63,368.49,332.03,373.14
ch2_ohr_ncp_20250123T0750012833_d_img_d18_x11520_y71680.png,0.2282,33.16,250.18,37.49,254.2
ch2_ohr_ncp_20250123T0750012833_d_img_d18_x11520_y71680.png,0.2192,288.68,20.0,295.36,26.78
ch2_ohr_ncp_20250123T0750012833_d_img_d18_x11520_y71680.png,0.2171,0.22,403.51,10.52,413.41
ch2_ohr_ncp_20250123T0750012833_d_img_d18_x11520_y71680.png,0.2171,289.09,21.72,296.01,26.67
ch2_ohr_ncp_20250123T0750012833_d_img_d18_x11520_y71680.png,0.2167,400.69,98.34,405.98,103.96
ch2_ohr_ncp_20250123T0750012833_d_img_d18_x11520_y71680.png,0.2166,24.71,240.32,28.41,244.84
ch2_ohr_ncp_20250123T0750012833_d_img_d18_x11520_y71680.png,0.2155,17.84,344.12,23.33,349.41
ch2_ohr_ncp_20250123T0750012833_d_img_d18_x11520_y71680.png,0.2154,144.19,44.0,151.02,50.11
ch2_ohr_ncp_20250123T0750012833_d_img_d18_x11520_y71680.png,0.2121,267.96,242.73,272.65,246.2
ch2_ohr_ncp_20250123T0750012833_d_img_d18_x11520_y71680.png,0.2085,354.37,284.0,360.11,290.79
ch2_ohr_ncp_20250123T0750012833_d_img_d18_x11520_y71680.png,0.2083,62.59,421.17,70.13,430.98
ch2_ohr_ncp_20250123T0750012833_d_img_d18_x11520_y71680.png,0.2079,228.45,358.22,234.11,362.66
ch2_ohr_ncp_20250123T0750012833_d_img_d18_x11520_y71680.png,0.2048,89.53,182.71,101.08,192.01
ch2_ohr_ncp_20250123T0750012833_d_img_d18_x11520_y71680.png,0.2036,347.98,404.0,353.74,411.15
ch2_ohr_ncp_20250123T0750012833_d_img_d18_x11520_y71680.png,0.2029,313.42,185.91,318.1,190.18
ch2_ohr_ncp_20250123T0750012833_d_img_d18_x11520_y72320.png,0.617,203.73,532.38,215.29,541.13
ch2_ohr_ncp_20250123T0750012833_d_img_d18_x11520_y72320.png,0.5973,424.18,575.18,429.41,580.12
ch2_ohr_ncp_20250123T0750012833_d_img_d18_x11520_y72320.png,0.5838,294.4,480.3,300.57,486.58
ch2_ohr_ncp_20250123T0750012833_d_img_d18_x11520_y72320.png,0.5684,351.14,221.79,366.56,234.73
ch2_ohr_ncp_20250123T0750012833_d_img_d18_x11520_y72320.png,0.5575,173.18,176.93,182.16,183.29
ch2_ohr_ncp_20250123T0750012833_d_img_d18_x11520_y72320.png,0.5519,141.35,519.48,148.73,525.17
ch2_ohr_ncp_20250123T0750012833_d_img_d18_x11520_y72320.png,0.5519,122.59,414.57,131.3,422.56
ch2_ohr_ncp_20250123T0750012833_d_img_d18_x11520_y72320.png,0.5131,322.64,603.06,327.86,608.41
ch2_ohr_ncp_20250123T0750012833_d_img_d18_x11520_y72320.png,0.4784,374.88,618.93,380.05,622.67
ch2_ohr_ncp_20250123T0750012833_d_img_d18_x11520_y72320.png,0.4679,222.03,58.85,230.18,68.0
ch2_ohr_ncp_20250123T0750012833_d_img_d18_x11520_y72320.png,0.4608,222.88,78.05,230.92,85.18
ch2_ohr_ncp_20250123T0750012833_d_img_d18_x11520_y72320.png,0.4559,379.91,231.39,388.02,237.65
ch2_ohr_ncp_20250123T0750012833_d_img_d18_x11520_y72320.png,0.4541,126.97,378.73,132.28,383.04
ch2_ohr_ncp_20250123T0750012833_d_img_d18_x11520_y72320.png,0.4493,325.34,80.63,332.01,86.24
ch2_ohr_ncp_20250123T0750012833_d_img_d18_x11520_y72320.png,0.4346,95.0,291.75,106.26,303.43
ch2_ohr_ncp_20250123T0750012833_d_img_d18_x11520_y72320.png,0.4264,362.57,139.93,370.5,146.68
ch2_ohr_ncp_20250123T0750012833_d_img_d18_x11520_y72320.png,0.4221,369.42,609.83,373.06,613.54
ch2_ohr_ncp_20250123T0750012833_d_img_d18_x11520_y72320.png,0.421,445.5,183.89,452.77,190.46
ch2_ohr_ncp_20250123T0750012833_d_img_d18_x11520_y72320.png,0.4203,301.08,103.06,308.39,108.72
ch2_ohr_ncp_20250123T0750012833_d_img_d18_x11520_y72320.png,0.4145,126.21,278.72,133.61,285.33
ch2_ohr_ncp_20250123T0750012833_d_img_d18_x11520_y72320.png,0.3905,404.0,219.38,410.68,225.22
ch2_ohr_ncp_20250123T0750012833_d_img_d18_x11520_y72320.png,0.367,287.38,118.58,296.02,125.63
ch2_ohr_ncp_20250123T0750012833_d_img_d18_x11520_y72320.png,0.3546,269.53,502.53,280.97,509.83
ch2_ohr_ncp_20250123T0750012833_d_img_d18_x11520_y72320.png,0.3526,123.96,553.12,130.54,558.59
ch2_ohr_ncp_20250123T0750012833_d_img_d18_x11520_y72320.png,0.3386,76.0,258.73,81.43,263.46
ch2_ohr_ncp_20250123T0750012833_d_img_d18_x11520_y72320.png,0.3356,354.06,614.46,360.91,621.02
ch2_ohr_ncp_20250123T0750012833_d_img_d18_x11520_y72320.png,0.3343,449.47,125.14,455.99,132.0
ch2_ohr_ncp_20250123T0750012833_d_img_d18_x11520_y72320.png,0.3144,267.8,611.86,275.91,618.69
ch2_ohr_ncp_20250123T0750012833_d_img_d18_x11520_y72320.png,0.3076,324.0,80.68,331.0,86.01
ch2_ohr_ncp_20250123T0750012833_d_img_d18_x11520_y72320.png,0.3061,55.6,292.65,66.3,300.41
ch2_ohr_ncp_20250123T0750012833_d_img_d18_x11520_y72320.png,0.3054,465.69,627.99,472.66,635.59
ch2_ohr_ncp_20250123T0750012833_d_img_d18_x11520_y72320.png,0.3053,171.9,547.99,176.09,552.44
ch2_ohr_ncp_20250123T0750012833_d_img_d18_x11520_y72320.png,0.2849,108.41,57.7,116.07,64.27
ch2_ohr_ncp_20250123T0750012833_d_img_d18_x11520_y72320.png,0.281,403.45,108.0,410.16,115.02
ch2_ohr_ncp_20250123T0750012833_d_img_d18_x11520_y72320.png,0.2767,395.99,249.41,401.83,253.81
ch2_ohr_ncp_20250123T0750012833_d_img_d18_x11520_y72320.png,0.2756,454.1,70.98,460.37,77.44
ch2_ohr_ncp_20250123T0750012833_d_img_d18_x11520_y72320.png,0.2754,344.91,380.84,351.01,388.02
ch2_ohr_ncp_20250123T0750012833_d_img_d18_x11520_y72320.png,0.2738,414.47,176.05,421.88,183.23
ch2_ohr_ncp_20250123T0750012833_d_img_d18_x11520_y72320.png,0.2706,124.71,552.99,132.01,559.13
ch2_ohr_ncp_20250123T0750012833_d_img_d18_x11520_y72320.png,0.2563,198.84,523.99,204.06,530.42
ch2_ohr_ncp_20250123T0750012833_d_img_d18_x11520_y72320.png,0.2542,370.69,354.15,381.57,361.42
ch2_ohr_ncp_20250123T0750012833_d_img_d18_x11520_y72320.png,0.2473,410.46,123.92,414.82,128.1
ch2_ohr_ncp_20250123T0750012833_d_img_d18_x11520_y72320.png,0.244,243.99,551.15,250.93,556.22
ch2_ohr_ncp_20250123T0750012833_d_img_d18_x11520_y72320.png,0.2362,215.3,611.3,232.39,622.91
ch2_ohr_ncp_20250123T0750012833_d_img_d18_x11520_y72320.png,0.2351,378.21,402.13,383.02,406.32
ch2_ohr_ncp_20250123T0750012833_d_img_d18_x11520_y72320.png,0.2292,458.04,59.65,467.12,67.24
ch2_ohr_ncp_20250123T0750012833_d_img_d18_x11520_y72320.png,0.2258,121.52,519.87,126.99,525.1
ch2_ohr_ncp_20250123T0750012833_d_img_d18_x11520_y72320.png,0.225,302.73,618.58,308.2,623.21
ch2_ohr_ncp_20250123T0750012833_d_img_d18_x11520_y72320.png,0.2247,151.02,452.97,157.74,458.9
ch2_ohr_ncp_20250123T0750012833_d_img_d18_x11520_y72320.png,0.2218,204.0,403.43,212.64,410.78
ch2_ohr_ncp_20250123T0750012833_d_img_d18_x11520_y72320.png,0.214,443.74,546.26,448.45,550.77
ch2_ohr_ncp_20250123T0750012833_d_img_d18_x11520_y72320.png,0.2069,318.04,386.16,324.04,390.83
ch2_ohr_ncp_20250123T0750012833_d_img_d18_x11520_y72320.png,0.2038,63.25,233.7,68.88,238.8
ch2_ohr_ncp_20250123T0750012833_d_img_d18_x11520_y72320.png,0.2016,408.44,150.57,418.04,158.11
ch2_ohr_ncp_20250123T0750012833_d_img_d18_x11520_y72320.png,0.201,53.99,587.99,60.02,592.96
ch2_ohr_ncp_20250123T0750012833_d_img_d18_x11520_y72960.png,0.5986,96.64,370.6,101.05,374.9
ch2_ohr_ncp_20250123T0750012833_d_img_d18_x11520_y72960.png,0.5771,287.9,388.0,294.1,394.47
ch2_ohr_ncp_20250123T0750012833_d_img_d18_x11520_y72960.png,0.5528,402.31,81.34,409.19,88.02
ch2_ohr_ncp_20250123T0750012833_d_img_d18_x11520_y72960.png,0.5526,285.84,161.23,292.0,166.2
ch2_ohr_ncp_20250123T0750012833_d_img_d18_x11520_y72960.png,0.549,159.76,195.38,165.52,199.87
ch2_ohr_ncp_20250123T0750012833_d_img_d18_x11520_y72960.png,0.5469,400.3,69.29,407.62,76.08
ch2_ohr_ncp_20250123T0750012833_d_img_d18_x11520_y72960.png,0.5237,165.1,402.57,172.83,410.0
ch2_ohr_ncp_20250123T0750012833_d_img_d18_x11520_y72960.png,0.5164,267.82,365.85,280.04,374.11
ch2_ohr_ncp_20250123T0750012833_d_img_d18_x11520_y72960.png,0.5102,431.42,296.61,437.1,301.14
ch2_ohr_ncp_20250123T0750012833_d_img_d18_x11520_y72960.png,0.5024,229.82,245.47,237.46,251.34
ch2_ohr_ncp_20250123T0750012833_d_img_d18_x11520_y72960.png,0.4974,273.14,420.89,282.26,427.11
ch2_ohr_ncp_20250123T0750012833_d_img_d18_x11520_y72960.png,0.4874,423.93,115.94,433.33,124.21
ch2_ohr_ncp_20250123T0750012833_d_img_d18_x11520_y72960.png,0.4774,163.26,302.9,167.94,308.01
ch2_ohr_ncp_20250123T0750012833_d_img_d18_x11520_y72960.png,0.4673,185.12,107.01,191.05,112.43
ch2_ohr_ncp_20250123T0750012833_d_img_d18_x11520_y72960.png,0.4496,356.9,206.46,364.68,214.05
ch2_ohr_ncp_20250123T0750012833_d_img_d18_x11520_y72960.png,0.4276,220.0,427.86,225.83,432.89
ch2_ohr_ncp_20250123T0750012833_d_img_d18_x11520_y72960.png,0.417,204.0,267.98,209.95,272.46
ch2_ohr_ncp_20250123T0750012833_d_img_d18_x11520_y72960.png,0.41,362.79,509.6,371.09,517.84
ch2_ohr_ncp_20250123T0750012833_d_img_d18_x11520_y72960.png,0.3897,191.16,202.15,200.28,210.27
ch2_ohr_ncp_20250123T0750012833_d_img_d18_x11520_y72960.png,0.3873,143.04,176.03,153.81,184.4
ch2_ohr_ncp_20250123T0750012833_d_img_d18_x11520_y72960.png,0.373,263.74,378.12,270.84,383.86
ch2_ohr_ncp_20250123T0750012833_d_img_d18_x11520_y72960.png,0.372,305.31,470.39,312.01,474.77
ch2_ohr_ncp_20250123T0750012833_d_img_d18_x11520_y72960.png,0.3684,368.71,455.87,374.76,460.51
ch2_ohr_ncp_20250123T0750012833_d_img_d18_x11520_y72960.png,0.3672,393.64,415.37,399.17,420.09
ch2_ohr_ncp_20250123T0750012833_d_img_d18_x11520_y72960.png,0.366,344.54,534.83,351.24,541.14
ch2_ohr_ncp_20250123T0750012833_d_img_d18_x11520_y72960.png,0.3506,316.51,385.57,324.04,391.33
ch2_ohr_ncp_20250123T0750012833_d_img_d18_x11520_y72960.png,0.3343,206.55,459.51,212.31,464.68
ch2_ohr_ncp_20250123T0750012833_d_img_d18_x11520_y72960.png,0.3274,353.89,278.0,360.02,282.53
ch2_ohr_ncp_20250123T0750012833_d_img_d18_x11520_y72960.png,0.3193,108.0,363.72,112.87,367.66
ch2_ohr_ncp_20250123T0750012833_d_img_d18_x11520_y72960.png,0.3137,454.47,242.34,460.03,246.1
ch2_ohr_ncp_20250123T0750012833_d_img_d18_x11520_y72960.png,0.3135,14.32,363.97,22.04,370.92
ch2_ohr_ncp_20250123T0750012833_d_img_d18_x11520_y72960.png,0.3128,201.16,411.79,205.09,415.72
ch2_ohr_ncp_20250123T0750012833_d_img_d18_x11520_y72960.png,0.3068,19.88,259.98,26.27,266.23
ch2_ohr_ncp_20250123T0750012833_d_img_d18_x11520_y72960.png,0.3061,99.32,333.8,106.77,340.16
ch2_ohr_ncp_20250123T0750012833_d_img_d18_x11520_y72960.png,0.306,188.35,442.41,196.75,452.57
ch2_ohr_ncp_20250123T0750012833_d_img_d18_x11520_y72960.png,0.2995,310.67,207.79,316.02,212.01
ch2_ohr_ncp_20250123T0750012833_d_img_d18_x11520_y72960.png,0.2994,363.96,397.99,369.46,404.0
ch2_ohr_ncp_20250123T0750012833_d_img_d18_x11520_y72960.png,0.2957,360.28,266.72,368.08,272.78
ch2_ohr_ncp_20250123T0750012833_d_img_d18_x11520_y72960.png,0.2845,322.2,170.86,330.02,176.85
ch2_ohr_ncp_20250123T0750012833_d_img_d18_x11520_y72960.png,0.2808,267.85,277.36,278.76,286.56
ch2_ohr_ncp_20250123T0750012833_d_img_d18_x11520_y72960.png,0.2782,417.01,547.71,424.97,555.03
ch2_ohr_ncp_20250123T0750012833_d_img_d18_x11520_y72960.png,0.276,305.32,470.04,311.3,476.0
ch2_ohr_ncp_20250123T0750012833_d_img_d18_x11520_y72960.png,0.2743,18.73,314.38,23.07,318.23
ch2_ohr_ncp_20250123T0750012833_d_img_d18_x11520_y72960.png,0.2648,140.0,190.2,145.5,196.0
ch2_ohr_ncp_20250123T0750012833_d_img_d18_x11520_y72960.png,0.2648,427.64,319.68,440.51,327.56
ch2_ohr_ncp_20250123T0750012833_d_img_d18_x11520_y72960.png,0.2548,349.33,377.57,356.04,383.49
ch2_ohr_ncp_20250123T0750012833_d_img_d18_x11520_y72960.png,0.2534,164.83,213.61,168.77,217.48
ch2_ohr_ncp_20250123T0750012833_d_img_d18_x11520_y72960.png,0.2512,124.0,475.94,131.13,481.34
ch2_ohr_ncp_20250123T0750012833_d_img_d18_x11520_y72960.png,0.2449,425.57,297.67,430.94,301.68
ch2_ohr_ncp_20250123T0750012833_d_img_d18_x11520_y72960.png,0.2431,296.89,82.3,316.32,98.54
ch2_ohr_ncp_20250123T0750012833_d_img_d18_x11520_y72960.png,0.2416,353.79,276.0,359.43,282.22
ch2_ohr_ncp_20250123T0750012833_d_img_d18_x11520_y72960.png,0.2376,348.0,376.95,355.22,382.71
ch2_ohr_ncp_20250123T0750012833_d_img_d18_x11520_y72960.png,0.2294,0.01,254.52,4.29,261.53
ch2_ohr_ncp_20250123T0750012833_d_img_d18_x11520_y72960.png,0.2275,145.19,151.94,158.06,162.7
ch2_ohr_ncp_20250123T0750012833_d_img_d18_x11520_y72960.png,0.2258,162.17,534.97,166.88,540.03
ch2_ohr_ncp_20250123T0750012833_d_img_d18_x11520_y72960.png,0.2244,389.57,175.99,396.22,181.41
ch2_ohr_ncp_20250123T0750012833_d_img_d18_x11520_y72960.png,0.2193,145.83,435.78,150.96,440.46
ch2_ohr_ncp_20250123T0750012833_d_img_d18_x11520_y72960.png,0.2166,415.54,354.48,420.04,358.11
ch2_ohr_ncp_20250123T0750012833_d_img_d18_x11520_y72960.png,0.2163,453.69,321.27,463.82,329.73
ch2_ohr_ncp_20250123T0750012833_d_img_d18_x11520_y72960.png,0.216,170.93,548.0,176.62,553.93
ch2_ohr_ncp_20250123T0750012833_d_img_d18_x11520_y72960.png,0.2108,18.84,323.94,23.07,328.38
ch2_ohr_ncp_20250123T0750012833_d_img_d18_x11520_y73600.png,0.6115,45.39,242.16,52.79,248.86
ch2_ohr_ncp_20250123T0750012833_d_img_d18_x11520_y73600.png,0.5509,89.31,222.62,100.72,232.76
ch2_ohr_ncp_20250123T0750012833_d_img_d18_x11520_y73600.png,0.548,41.42,257.98,46.76,262.6
ch2_ohr_ncp_20250123T0750012833_d_img_d18_x11520_y73600.png,0.54,91.34,245.94,100.38,253.98
ch2_ohr_ncp_20250123T0750012833_d_img_d18_x11520_y73600.png,0.5369,80.29,282.84,87.71,290.05
ch2_ohr_ncp_20250123T0750012833_d_img_d18_x11520_y73600.png,0.533,269.9,224.65,281.86,234.03
ch2_ohr_ncp_20250123T0750012833_d_img_d18_x11520_y73600.png,0.5097,117.37,223.65,124.48,228.72
ch2_ohr_ncp_20250123T0750012833_d_img_d18_x11520_y73600.png,0.503,86.08,211.42,93.93,218.84
ch2_ohr_ncp_20250123T0750012833_d_img_d18_x11520_y73600.png,0.5012,95.34,265.81,101.54,270.87
ch2_ohr_ncp_20250123T0750012833_d_img_d18_x11520_y73600.png,0.468,33.46,135.15,39.36,141.15
ch2_ohr_ncp_20250123T0750012833_d_img_d18_x11520_y73600.png,0.4545,304.19,224.31,310.59,229.85
ch2_ohr_ncp_20250123T0750012833_d_img_d18_x11520_y73600.png,0.4342,1.89,261.45,8.09,266.84
ch2_ohr_ncp_20250123T0750012833_d_img_d18_x11520_y73600.png,0.4295,369.75,479.15,377.18,485.27
ch2_ohr_ncp_20250123T0750012833_d_img_d18_x11520_y73600.png,0.427,266.27,351.48,276.08,358.83
ch2_ohr_ncp_20250123T0750012833_d_img_d18_x11520_y73600.png,0.4225,192.13,151.91,198.14,157.01
ch2_ohr_ncp_20250123T0750012833_d_img_d18_x11520_y73600.png,0.4212,320.73,185.5,329.21,193.57
ch2_ohr_ncp_20250123T0750012833_d_img_d18_x11520_y73600.png,0.4179,184.8,241.0,201.27,253.47
ch2_ohr_ncp_20250123T0750012833_d_img_d18_x11520_y73600.png,0.3813,307.96,473.68,314.81,478.24
ch2_ohr_ncp_20250123T0750012833_d_img_d18_x11520_y73600.png,0.3727,345.36,473.64,349.77,477.82
ch2_ohr_ncp_20250123T0750012833_d_img_d18_x11520_y73600.png,0.3657,415.79,318.68,423.7,325.7
ch2_ohr_ncp_20250123T0750012833_d_img_d18_x11520_y73600.png,0.363,118.42,139.79,124.34,145.28
ch2_ohr_ncp_20250123T0750012833_d_img_d18_x11520_y73600.png,0.3565,47.25,283.99,52.08,289.15
ch2_ohr_ncp_20250123T0750012833_d_img_d18_x11520_y73600.png,0.3533,54.36,111.45,60.02,116.34
ch2_ohr_ncp_20250123T0750012833_d_img_d18_x11520_y73600.png,0.3516,307.99,458.47,312.83,462.52
ch2_ohr_ncp_20250123T0750012833_d_img_d18_x11520_y73600.png,0.3435,347.78,309.99,354.14,316.01
ch2_ohr_ncp_20250123T0750012833_d_img_d18_x11520_y73600.png,0.3287,122.5,321.82,127.46,326.48
ch2_ohr_ncp_20250123T0750012833_d_img_d18_x11520_y73600.png,0.3279,6.7,153.63,12.01,157.42
ch2_ohr_ncp_20250123T0750012833_d_img_d18_x11520_y73600.png,0.3107,20.14,205.32,28.2,212.59
ch2_ohr_ncp_20250123T0750012833_d_img_d18_x11520_y73600.png,0.3076,0.21,190.57,4.56,196.04
ch2_ohr_ncp_20250123T0750012833_d_img_d18_x11520_y73600.png,0.2999,24.62,129.44,30.15,134.66
ch2_ohr_ncp_20250123T0750012833_d_img_d18_x11520_y73600.png,0.2948,379.9,296.85,386.95,302.25
ch2_ohr_ncp_20250123T0750012833_d_img_d18_x11520_y73600.png,0.2848,233.63,72.26,239.22,77.6
ch2_ohr_ncp_20250123T0750012833_d_img_d18_x11520_y73600.png,0.2843,72.76,283.57,76.86,287.75
ch2_ohr_ncp_20250123T0750012833_d_img_d18_x11520_y73600.png,0.2664,218.4,146.54,224.39,151.91
ch2_ohr_ncp_20250123T0750012833_d_img_d18_x11520_y73600.png,0.2652,152.61,275.15,162.49,282.56
ch2_ohr_ncp_20250123T0750012833_d_img_d18_x11520_y73600.png,0.2612,309.3,473.75,316.01,478.32
ch2_ohr_ncp_20250123T0750012833_d_img_d18_x11520_y73600.png,0.2517,269.79,569.15,277.78,574.55
ch2_ohr_ncp_20250123T0750012833_d_img_d18_x11520_y73600.png,0.248,438.86,392.45,445.88,399.28
ch2_ohr_ncp_20250123T0750012833_d_img_d18_x11520_y73600.png,0.2469,265.91,462.07,271.33,468.01
ch2_ohr_ncp_20250123T0750012833_d_img_d18_x11520_y73600.png,0.2418,337.47,331.94,342.7,337.33
ch2_ohr_ncp_20250123T0750012833_d_img_d18_x11520_y73600.png,0.2393,88.56,176.55,94.98,184.45
ch2_ohr_ncp_20250123T0750012833_d_img_d18_x11520_y73600.png,0.225,337.17,345.64,342.73,349.76
ch2_ohr_ncp_20250123T0750012833_d_img_d18_x11520_y73600.png,0.2215,430.21,240.23,436.07,245.68
ch2_ohr_ncp_20250123T0750012833_d_img_d18_x11520_y73600.png,0.2193,415.17,330.74,423.74,340.53
ch2_ohr_ncp_20250123T0750012833_d_img_d18_x11520_y73600.png,0.2109,440.21,299.49,444.65,304.02
ch2_ohr_ncp_20250123T0750012833_d_img_d18_x11520_y73600.png,0.2103,156.0,514.76,160.97,519.19
ch2_ohr_ncp_20250123T0750012833_d_img_d18_x11520_y73600.png,0.2035,327.94,217.97,333.86,223.55
ch2_ohr_ncp_20250123T0750012833_d_img_d18_x11520_y74240.png,0.4938,403.46,83.8,408.97,89.44
ch2_ohr_ncp_20250123T0750012833_d_img_d18_x11520_y74240.png,0.3945,401.22,337.13,407.45,343.67
ch2_ohr_ncp_20250123T0750012833_d_img_d18_x11520_y74240.png,0.3668,158.31,268.77,166.39,276.1
ch2_ohr_ncp_20250123T0750012833_d_img_d18_x11520_y74240.png,0.3664,11.26,246.08,18.8,252.46
ch2_ohr_ncp_20250123T0750012833_d_img_d18_x11520_y74240.png,0.3621,429.95,335.2,436.96,341.65
ch2_ohr_ncp_20250123T0750012833_d_img_d18_x11520_y74240.png,0.3598,413.25,70.45,423.29,78.3
ch2_ohr_ncp_20250123T0750012833_d_img_d18_x11520_y74240.png,0.3437,334.72,264.24,342.22,271.34
ch2_ohr_ncp_20250123T0750012833_d_img_d18_x11520_y74240.png,0.3294,70.63,531.25,78.09,537.08
ch2_ohr_ncp_20250123T0750012833_d_img_d18_x11520_y74240.png,0.3212,12.98,451.9,20.07,458.44
ch2_ohr_ncp_20250123T0750012833_d_img_d18_x11520_y74240.png,0.3143,396.1,328.69,404.06,335.06
ch2_ohr_ncp_20250123T0750012833_d_img_d18_x11520_y74240.png,0.31,140.82,391.68,149.38,399.53
ch2_ohr_ncp_20250123T0750012833_d_img_d18_x11520_y74240.png,0.3017,146.39,286.2,152.5,292.62
ch2_ohr_ncp_20250123T0750012833_d_img_d18_x11520_y74240.png,0.2888,105.04,531.61,109.66,536.07
ch2_ohr_ncp_20250123T0750012833_d_img_d18_x11520_y74240.png,0.2854,63.95,274.84,76.0,284.54
ch2_ohr_ncp_20250123T0750012833_d_img_d18_x11520_y74240.png,0.2817,422.11,610.5,428.07,615.9
ch2_ohr_ncp_20250123T0750012833_d_img_d18_x11520_y74240.png,0.2746,157.98,543.41,170.77,553.73
ch2_ohr_ncp_20250123T0750012833_d_img_d18_x11520_y74240.png,0.2745,154.19,476.09,165.58,486.15
ch2_ohr_ncp_20250123T0750012833_d_img_d18_x11520_y74240.png,0.2691,118.15,543.69,124.42,549.02
ch2_ohr_ncp_20250123T0750012833_d_img_d18_x11520_y74240.png,0.2607,394.19,123.78,402.13,133.47
ch2_ohr_ncp_20250123T0750012833_d_img_d18_x11520_y74240.png,0.2468,439.71,505.07,447.64,511.43
ch2_ohr_ncp_20250123T0750012833_d_img_d18_x11520_y74240.png,0.2433,53.14,366.27,72.72,383.41
ch2_ohr_ncp_20250123T0750012833_d_img_d18_x11520_y74240.png,0.2309,401.63,367.17,407.29,372.67
ch2_ohr_ncp_20250123T0750012833_d_img_d18_x11520_y74240.png,0.2242,323.68,233.29,329.17,238.55
ch2_ohr_ncp_20250123T0750012833_d_img_d18_x11520_y74240.png,0.2127,73.21,544.48,79.55,550.17
ch2_ohr_ncp_20250123T0750012833_d_img_d18_x11520_y74880.png,0.5717,186.42,138.14,196.73,146.4
ch2_ohr_ncp_20250123T0750012833_d_img_d18_x11520_y74880.png,0.5556,83.64,372.7,96.34,381.99
ch2_ohr_ncp_20250123T0750012833_d_img_d18_x11520_y74880.png,0.5494,35.79,334.06,46.52,345.78
ch2_ohr_ncp_20250123T0750012833_d_img_d18_x11520_y74880.png,0.4481,142.56,362.09,149.2,368.5
ch2_ohr_ncp_20250123T0750012833_d_img_d18_x11520_y74880.png,0.4245,68.09,373.64,75.4,380.08
ch2_ohr_ncp_20250123T0750012833_d_img_d18_x11520_y74880.png,0.4158,105.13,443.11,115.53,452.95
ch2_ohr_ncp_20250123T0750012833_d_img_d18_x11520_y74880.png,0.3776,271.66,390.33,278.95,397.99
ch2_ohr_ncp_20250123T0750012833_d_img_d18_x11520_y74880.png,0.3745,85.9,331.82,98.81,342.37
ch2_ohr_ncp_20250123T0750012833_d_img_d18_x11520_y74880.png,0.3666,293.54,304.55,301.87,313.19
ch2_ohr_ncp_20250123T0750012833_d_img_d18_x11520_y74880.png,0.3606,367.68,595.98,375.72,602.54
ch2_ohr_ncp_20250123T0750012833_d_img_d18_x11520_y74880.png,0.3431,315.94,571.26,322.06,577.67
ch2_ohr_ncp_20250123T0750012833_d_img_d18_x11520_y74880.png,0.3379,405.67,408.62,412.24,414.96
ch2_ohr_ncp_20250123T0750012833_d_img_d18_x11520_y74880.png,0.2963,107.97,464.97,114.12,469.22
ch2_ohr_ncp_20250123T0750012833_d_img_d18_x11520_y74880.png,0.2848,232.18,546.12,237.08,550.94
ch2_ohr_ncp_20250123T0750012833_d_img_d18_x11520_y74880.png,0.2759,134.41,59.24,145.3,68.34
ch2_ohr_ncp_20250123T0750012833_d_img_d18_x11520_y74880.png,0.2284,239.47,263.21,245.03,268.1
ch2_ohr_ncp_20250123T0750012833_d_img_d18_x11520_y74880.png,0.2253,381.25,599.08,389.23,605.28
ch2_ohr_ncp_20250123T0750012833_d_img_d18_x11520_y74880.png,0.2129,352.54,367.33,356.78,372.01
ch2_ohr_ncp_20250123T0750012833_d_img_d18_x11520_y74880.png,0.2101,42.93,427.79,50.67,433.89
ch2_ohr_ncp_20250123T0750012833_d_img_d18_x11520_y74880.png,0.2077,141.66,275.82,148.43,282.15
ch2_ohr_ncp_20250123T0750012833_d_img_d18_x11520_y74880.png,0.2048,368.24,612.95,380.9,620.96
ch2_ohr_ncp_20250123T0750012833_d_img_d18_x11520_y74880.png,0.2007,323.93,462.29,329.52,468.0
ch2_ohr_ncp_20250123T0750012833_d_img_d18_x11520_y75520.png,0.4041,89.67,609.29,100.08,617.22
ch2_ohr_ncp_20250123T0750012833_d_img_d18_x11520_y75520.png,0.3822,309.28,475.01,316.07,480.96
ch2_ohr_ncp_20250123T0750012833_d_img_d18_x11520_y75520.png,0.3764,330.78,134.67,341.25,144.55
ch2_ohr_ncp_20250123T0750012833_d_img_d18_x11520_y75520.png,0.344,247.2,420.0,253.01,425.77
ch2_ohr_ncp_20250123T0750012833_d_img_d18_x11520_y75520.png,0.3171,283.99,528.07,290.23,532.58
ch2_ohr_ncp_20250123T0750012833_d_img_d18_x11520_y75520.png,0.3132,375.61,403.97,382.69,409.73
ch2_ohr_ncp_20250123T0750012833_d_img_d18_x11520_y75520.png,0.2996,398.25,420.13,409.47,428.95
ch2_ohr_ncp_20250123T0750012833_d_img_d18_x11520_y75520.png,0.2881,282.67,575.2,296.15,582.84
ch2_ohr_ncp_20250123T0750012833_d_img_d18_x11520_y75520.png,0.2835,264.66,432.3,270.39,437.26
ch2_ohr_ncp_20250123T0750012833_d_img_d18_x11520_y75520.png,0.2811,201.49,432.26,212.57,442.45
ch2_ohr_ncp_20250123T0750012833_d_img_d18_x11520_y75520.png,0.2768,0.2,619.53,6.79,626.92
ch2_ohr_ncp_20250123T0750012833_d_img_d18_x11520_y75520.png,0.2672,249.11,391.81,255.5,397.1
ch2_ohr_ncp_20250123T0750012833_d_img_d18_x11520_y75520.png,0.2656,135.98,607.76,141.36,612.11
ch2_ohr_ncp_20250123T0750012833_d_img_d18_x11520_y75520.png,0.2521,121.43,507.38,125.03,511.42
ch2_ohr_ncp_20250123T0750012833_d_img_d18_x11520_y75520.png,0.2517,59.27,593.83,69.44,601.76
ch2_ohr_ncp_20250123T0750012833_d_img_d18_x11520_y75520.png,0.2515,320.57,558.69,338.44,573.11
ch2_ohr_ncp_20250123T0750012833_d_img_d18_x11520_y75520.png,0.2451,340.0,544.42,346.8,549.03
ch2_ohr_ncp_20250123T0750012833_d_img_d18_x11520_y75520.png,0.2447,127.14,513.2,133.65,521.03
ch2_ohr_ncp_20250123T0750012833_d_img_d18_x11520_y75520.png,0.2278,391.11,178.83,396.04,182.89
ch2_ohr_ncp_20250123T0750012833_d_img_d18_x11520_y75520.png,0.2136,366.09,159.13,372.13,164.84
ch2_ohr_ncp_20250123T0750012833_d_img_d18_x11520_y75520.png,0.2119,280.49,502.75,287.86,509.39
ch2_ohr_ncp_20250123T0750012833_d_img_d18_x11520_y75520.png,0.21,300.0,449.06,305.6,454.25
ch2_ohr_ncp_20250123T0750012833_d_img_d18_x11520_y75520.png,0.2097,341.46,544.31,348.0,549.15
ch2_ohr_ncp_20250123T0750012833_d_img_d18_x11520_y75520.png,0.2023,296.1,482.08,307.54,491.34
ch2_ohr_ncp_20250123T0750012833_d_img_d18_x11520_y76160.png,0.2959,352.97,213.07,379.2,237.13
ch2_ohr_ncp_20250123T0750012833_d_img_d18_x11520_y76160.png,0.2284,331.53,368.53,338.31,374.56
ch2_ohr_ncp_20250227T1046517020_d_img_d18_x00000_y43520.png,0.2804,321.88,571.46,351.59,621.75
ch2_ohr_ncp_20250227T1046517020_d_img_d18_x00000_y71680.png,0.2513,337.35,0.0,393.65,60.23
ch2_ohr_ncp_20250227T1046517020_d_img_d18_x00000_y74240.png,0.3707,11.78,282.11,66.51,313.61
ch2_ohr_ncp_20250227T1046517020_d_img_d18_x00000_y74240.png,0.2031,0.0,279.55,63.03,310.87
ch2_ohr_ncp_20250227T1046517020_d_img_d18_x00640_y37120.png,0.2046,46.72,47.47,93.56,82.71
ch2_ohr_ncp_20250227T1046517020_d_img_d18_x01280_y37760.png,0.271,304.89,577.74,337.67,607.15
ch2_ohr_ncp_20250227T1046517020_d_img_d18_x01920_y40320.png,0.2162,108.85,501.46,174.56,540.77
ch2_ohr_ncp_20250227T1046517020_d_img_d18_x02560_y42240.png,0.2194,351.24,299.87,462.85,352.07
ch2_ohr_ncp_20250227T1046517020_d_img_d18_x03200_y48640.png,0.2075,58.46,358.13,126.08,436.41
ch2_ohr_ncp_20250227T1046517020_d_img_d18_x03200_y80000.png,0.2509,489.95,226.58,545.15,257.55
ch2_ohr_ncp_20250227T1046517020_d_img_d18_x03840_y48640.png,0.2438,415.52,0.0,495.82,49.18
ch2_ohr_ncp_20250227T1046517020_d_img_d18_x03840_y80000.png,0.219,24.73,558.96,55.21,605.91
ch2_ohr_ncp_20250227T1046517020_d_img_d18_x10240_y80000.png,0.3052,150.32,424.93,172.98,498.83
ch2_ohr_ncp_20250227T1046517020_d_img_d18_x10240_y80000.png,0.2509,149.99,441.94,171.5,495.14
ch2_ohr_ncp_20250227T1046517020_d_img_d18_x11520_y78720.png,0.2401,9.85,111.44,15.16,117.27
ch2_ohr_ncp_20250303T0915317317_d_img_d18_x00000_y78080.png,0.2779,167.29,0.0,289.44,24.61
ch2_ohr_ncp_20250303T0915317317_d_img_d18_x00640_y37120.png,0.2796,65.54,171.1,112.17,215.31
ch2_ohr_ncp_20250303T0915317317_d_img_d18_x00640_y37760.png,0.2791,264.26,409.1,315.39,450.49
ch2_ohr_ncp_20250303T0915317317_d_img_d18_x00640_y61440.png,0.2626,100.68,2.9,156.84,30.66
ch2_ohr_ncp_20250303T0915317317_d_img_d18_x00640_y61440.png,0.2039,89.26,0.02,161.07,32.05
ch2_ohr_ncp_20250303T0915317317_d_img_d18_x00640_y80640.png,0.3696,199.75,129.19,269.38,177.04
ch2_ohr_ncp_20250303T0915317317_d_img_d18_x00640_y80640.png,0.2652,217.97,128.96,267.51,172.47
ch2_ohr_ncp_20250303T0915317317_d_img_d18_x02560_y78720.png,0.2755,230.02,481.02,253.67,544.73
ch2_ohr_ncp_20250303T0915317317_d_img_d18_x03200_y64640.png,0.2103,437.17,55.08,521.59,86.03
ch2_ohr_ncp_20250303T0915317317_d_img_d18_x03200_y75520.png,0.278,613.43,419.92,620.05,425.8
ch2_ohr_ncp_20250303T0915317317_d_img_d18_x03200_y75520.png,0.2104,600.61,410.07,606.68,416.49
ch2_ohr_ncp_20250303T0915317317_d_img_d18_x04480_y59520.png,0.2173,457.53,541.85,494.57,566.26
ch2_ohr_ncp_20250303T0915317317_d_img_d18_x05120_y49920.png,0.242,418.92,506.86,441.2,567.93
ch2_ohr_ncp_20250303T0915317317_d_img_d18_x05120_y78080.png,0.2626,502.45,554.09,564.76,631.23
ch2_ohr_ncp_20250303T0915317317_d_img_d18_x05760_y49920.png,0.2552,208.01,88.94,269.23,114.94
ch2_ohr_ncp_20250303T0915317317_d_img_d18_x06400_y63360.png,0.3774,165.95,517.61,193.89,562.18
ch2_ohr_ncp_20250303T0915317317_d_img_d18_x07040_y40960.png,0.2524,567.24,0.03,612.3,32.3
ch2_ohr_ncp_20250303T0915317317_d_img_d18_x07040_y43520.png,0.3974,18.6,139.88,74.64,175.99
ch2_ohr_ncp_20250303T0915317317_d_img_d18_x07680_y80000.png,0.2231,0.09,566.18,31.05,637.81
ch2_ohr_ncp_20250303T0915317317_d_img_d18_x08960_y81920.png,0.2406,453.27,360.49,535.27,451.95
ch2_ohr_ncp_20250303T0915317317_d_img_d18_x09600_y82560.png,0.5181,370.14,56.07,383.97,69.32
ch2_ohr_ncp_20250303T0915317317_d_img_d18_x10240_y82560.png,0.3967,10.9,16.12,16.83,21.48
ch2_ohr_ncp_20250303T0915317317_d_img_d18_x10240_y82560.png,0.3393,22.86,47.91,33.0,58.12
ch2_ohr_ncp_20250303T0915317317_d_img_d18_x10240_y82560.png,0.317,61.12,3.2,70.06,11.28
ch2_ohr_ncp_20250303T0915317317_d_img_d18_x10880_y76800.png,0.2159,345.97,0.0,476.13,39.77
ch2_ohr_ncp_20250303T0915317317_d_img_d18_x11520_y78080.png,0.606,193.52,374.69,198.69,380.6
ch2_ohr_ncp_20250303T0915317317_d_img_d18_x11520_y78080.png,0.4956,166.23,507.46,172.13,513.05
ch2_ohr_ncp_20250303T0915317317_d_img_d18_x11520_y78080.png,0.3681,187.55,367.86,192.5,373.03
ch2_ohr_ncp_20250303T0915317317_d_img_d18_x11520_y78080.png,0.3624,0.0,398.3,6.61,412.25
ch2_ohr_ncp_20250303T0915317317_d_img_d18_x11520_y78080.png,0.3106,52.62,403.99,61.77,412.98
ch2_ohr_ncp_20250303T0915317317_d_img_d18_x11520_y78080.png,0.2815,8.46,387.09,15.49,393.54
ch2_ohr_ncp_20250303T0915317317_d_img_d18_x11520_y78080.png,0.2028,466.89,616.27,479.56,632.5
ch2_ohr_ncp_20250303T0915317317_d_img_d18_x11520_y79360.png,0.5383,413.33,390.82,422.74,398.33
ch2_ohr_ncp_20250303T0915317317_d_img_d18_x11520_y79360.png,0.4511,342.43,243.97,350.24,250.98
ch2_ohr_ncp_20250303T0915317317_d_img_d18_x11520_y79360.png,0.3689,452.36,494.5,462.83,505.38
ch2_ohr_ncp_20250303T0915317317_d_img_d18_x11520_y79360.png,0.3641,121.03,204.48,134.77,216.55
ch2_ohr_ncp_20250303T0915317317_d_img_d18_x11520_y79360.png,0.3513,141.26,282.27,148.5,289.88
ch2_ohr_ncp_20250303T0915317317_d_img_d18_x11520_y79360.png,0.3185,110.17,392.92,119.43,405.66
ch2_ohr_ncp_20250303T0915317317_d_img_d18_x11520_y79360.png,0.2933,253.86,390.18,262.21,397.04
ch2_ohr_ncp_20250303T0915317317_d_img_d18_x11520_y79360.png,0.2513,103.11,446.94,108.81,452.05
ch2_ohr_ncp_20250303T0915317317_d_img_d18_x11520_y79360.png,0.2321,433.51,439.37,442.08,446.09
ch2_ohr_ncp_20250303T0915317317_d_img_d18_x11520_y79360.png,0.2005,64.81,226.57,70.67,232.13
ch2_ohr_ncp_20250303T0915317317_d_img_d18_x11520_y80000.png,0.618,93.4,513.37,102.46,520.81
ch2_ohr_ncp_20250303T0915317317_d_img_d18_x11520_y80000.png,0.5752,148.72,311.82,157.43,318.97
ch2_ohr_ncp_20250303T0915317317_d_img_d18_x11520_y80000.png,0.5556,338.49,446.76,345.27,453.89
ch2_ohr_ncp_20250303T0915317317_d_img_d18_x11520_y80000.png,0.543,193.11,458.13,197.74,463.01
ch2_ohr_ncp_20250303T0915317317_d_img_d18_x11520_y80000.png,0.4598,97.89,467.08,107.84,476.61
ch2_ohr_ncp_20250303T0915317317_d_img_d18_x11520_y80000.png,0.457,339.68,209.63,345.06,214.73
ch2_ohr_ncp_20250303T0915317317_d_img_d18_x11520_y80000.png,0.4312,264.86,627.06,270.53,632.58
ch2_ohr_ncp_20250303T0915317317_d_img_d18_x11520_y80000.png,0.4142,341.06,611.99,348.52,618.23
ch2_ohr_ncp_20250303T0915317317_d_img_d18_x11520_y80000.png,0.3886,117.64,435.08,121.99,440.02
ch2_ohr_ncp_20250303T0915317317_d_img_d18_x11520_y80000.png,0.3832,322.07,464.0,335.89,476.07
ch2_ohr_ncp_20250303T0915317317_d_img_d18_x11520_y80000.png,0.3744,287.69,339.97,294.94,345.54
ch2_ohr_ncp_20250303T0915317317_d_img_d18_x11520_y80000.png,0.3729,18.01,414.71,24.09,420.54
ch2_ohr_ncp_20250303T0915317317_d_img_d18_x11520_y80000.png,0.3686,178.79,462.49,185.77,468.17
ch2_ohr_ncp_20250303T0915317317_d_img_d18_x11520_y80000.png,0.297,23.35,219.5,30.43,225.82
ch2_ohr_ncp_20250303T0915317317_d_img_d18_x11520_y80000.png,0.2935,309.87,252.0,316.1,258.62
ch2_ohr_ncp_20250303T0915317317_d_img_d18_x11520_y80000.png,0.2915,72.33,433.52,77.03,438.23
ch2_ohr_ncp_20250303T0915317317_d_img_d18_x11520_y80000.png,0.2899,10.73,147.99,16.62,153.57
ch2_ohr_ncp_20250303T0915317317_d_img_d18_x11520_y80000.png,0.2656,30.05,122.19,38.01,129.22
ch2_ohr_ncp_20250303T0915317317_d_img_d18_x11520_y80000.png,0.2651,11.49,430.66,21.97,440.1
ch2_ohr_ncp_20250303T0915317317_d_img_d18_x11520_y80000.png,0.2345,207.23,634.77,212.92,639.49
ch2_ohr_ncp_20250303T0915317317_d_img_d18_x11520_y80000.png,0.2081,310.21,253.24,316.09,260.0
ch2_ohr_ncp_20250303T0915317317_d_img_d18_x11520_y80000.png,0.2069,67.49,458.37,72.24,462.86
ch2_ohr_ncp_20250303T0915317317_d_img_d18_x11520_y80000.png,0.2053,116.0,435.4,121.83,439.96
ch2_ohr_ncp_20250303T0915317317_d_img_d18_x11520_y80640.png,0.5382,99.09,419.57,106.18,425.95
ch2_ohr_ncp_20250303T0915317317_d_img_d18_x11520_y80640.png,0.5203,45.44,527.4,52.56,533.97
ch2_ohr_ncp_20250303T0915317317_d_img_d18_x11520_y80640.png,0.4877,455.31,382.85,460.76,388.01
ch2_ohr_ncp_20250303T0915317317_d_img_d18_x11520_y80640.png,0.4606,86.54,278.45,101.28,295.13
ch2_ohr_ncp_20250303T0915317317_d_img_d18_x11520_y80640.png,0.4165,398.22,75.38,408.15,85.19
ch2_ohr_ncp_20250303T0915317317_d_img_d18_x11520_y80640.png,0.36,26.42,363.99,36.9,375.63
ch2_ohr_ncp_20250303T0915317317_d_img_d18_x11520_y80640.png,0.2995,21.04,376.67,30.4,386.87
ch2_ohr_ncp_20250303T0915317317_d_img_d18_x11520_y80640.png,0.264,18.8,276.0,23.16,280.95
ch2_ohr_ncp_20250303T0915317317_d_img_d18_x11520_y80640.png,0.2615,449.85,34.52,454.65,38.69
ch2_ohr_ncp_20250303T0915317317_d_img_d18_x11520_y80640.png,0.2489,171.43,415.51,180.02,422.17
ch2_ohr_ncp_20250303T0915317317_d_img_d18_x11520_y80640.png,0.2404,365.9,301.34,385.54,322.73
ch2_ohr_ncp_20250303T0915317317_d_img_d18_x11520_y80640.png,0.234,74.17,283.88,80.62,290.36
ch2_ohr_ncp_20250303T0915317317_d_img_d18_x11520_y80640.png,0.23,453.42,243.89,462.22,251.15
ch2_ohr_ncp_20250303T0915317317_d_img_d18_x11520_y80640.png,0.2178,424.11,11.42,428.54,15.54
ch2_ohr_ncp_20250303T0915317317_d_img_d18_x11520_y81280.png,0.665,301.32,39.62,308.41,48.65
ch2_ohr_ncp_20250303T0915317317_d_img_d18_x11520_y81280.png,0.5828,405.91,0.18,417.12,9.55
ch2_ohr_ncp_20250303T0915317317_d_img_d18_x11520_y81280.png,0.493,462.71,239.45,468.98,245.63
ch2_ohr_ncp_20250303T0915317317_d_img_d18_x11520_y81280.png,0.3732,357.37,39.2,362.08,43.25
ch2_ohr_ncp_20250303T0915317317_d_img_d18_x11520_y81280.png,0.3572,375.69,617.89,384.07,626.34
ch2_ohr_ncp_20250303T0915317317_d_img_d18_x11520_y81280.png,0.3142,5.46,422.29,12.41,429.66
ch2_ohr_ncp_20250303T0915317317_d_img_d18_x11520_y81280.png,0.3057,382.46,262.67,401.28,281.28
ch2_ohr_ncp_20250303T0915317317_d_img_d18_x11520_y81280.png,0.3038,34.86,483.99,41.77,490.72
ch2_ohr_ncp_20250303T0915317317_d_img_d18_x11520_y81280.png,0.2846,447.25,624.7,452.86,629.91
ch2_ohr_ncp_20250303T0915317317_d_img_d18_x11520_y81280.png,0.2832,357.84,194.7,364.01,199.87
ch2_ohr_ncp_20250303T0915317317_d_img_d18_x11520_y81280.png,0.2745,320.62,235.13,330.27,244.01
ch2_ohr_ncp_20250303T0915317317_d_img_d18_x11520_y81280.png,0.2581,360.26,209.79,371.88,220.01
ch2_ohr_ncp_20250303T0915317317_d_img_d18_x11520_y81280.png,0.2549,366.48,272.89,378.25,284.47
ch2_ohr_ncp_20250303T0915317317_d_img_d18_x11520_y81280.png,0.2496,356.0,39.09,361.88,44.0
ch2_ohr_ncp_20250303T0915317317_d_img_d18_x11520_y81280.png,0.2163,319.05,487.25,325.44,492.55
ch2_ohr_ncp_20250303T0915317317_d_img_d18_x11520_y81280.png,0.208,335.55,531.98,343.3,539.16
ch2_ohr_ncp_20250303T0915317317_d_img_d18_x11520_y81280.png,0.2023,401.97,17.05,409.66,23.98
ch2_ohr_ncp_20250303T0915317317_d_img_d18_x11520_y81920.png,0.591,81.68,88.44,90.7,97.23
ch2_ohr_ncp_20250303T0915317317_d_img_d18_x11520_y81920.png,0.5756,236.0,284.1,245.2,292.87
ch2_ohr_ncp_20250303T0915317317_d_img_d18_x11520_y81920.png,0.5114,302.67,219.42,308.48,225.08
ch2_ohr_ncp_20250303T0915317317_d_img_d18_x11520_y81920.png,0.4495,90.01,261.92,94.4,268.0
ch2_ohr_ncp_20250303T0915317317_d_img_d18_x11520_y81920.png,0.4371,407.47,331.56,416.33,340.9
ch2_ohr_ncp_20250303T0915317317_d_img_d18_x11520_y81920.png,0.421,397.65,254.59,404.0,260.03
ch2_ohr_ncp_20250303T0915317317_d_img_d18_x11520_y81920.png,0.3253,378.47,136.54,385.07,143.69
ch2_ohr_ncp_20250303T0915317317_d_img_d18_x11520_y81920.png,0.2943,398.73,296.96,405.19,303.37
ch2_ohr_ncp_20250303T0915317317_d_img_d18_x11520_y81920.png,0.2665,238.55,3.38,244.17,8.65
ch2_ohr_ncp_20250303T0915317317_d_img_d18_x11520_y81920.png,0.2651,208.85,283.63,215.62,289.72
ch2_ohr_ncp_20250303T0915317317_d_img_d18_x11520_y81920.png,0.2517,367.27,316.0,373.08,322.3
ch2_ohr_ncp_20250303T0915317317_d_img_d18_x11520_y81920.png,0.2411,113.8,95.5,118.94,100.01
ch2_ohr_ncp_20250303T0915317317_d_img_d18_x11520_y81920.png,0.2362,237.85,334.25,246.37,341.8
ch2_ohr_ncp_20250303T0915317317_d_img_d18_x11520_y81920.png,0.2077,279.4,308.0,284.1,313.8
ch2_ohr_ncp_20250303T0915317317_d_img_d18_x11520_y81920.png,0.2053,396.0,254.99,402.75,260.09
ch2_ohr_ncp_20250303T0915317317_d_img_d18_x11520_y81920.png,0.2029,358.76,252.9,369.21,260.44
ch2_ohr_ncp_20250303T0915317317_d_img_d18_x11520_y82560.png,0.3548,73.73,448.08,83.3,457.66
ch2_ohr_ncp_20250303T0915317317_d_img_d18_x11520_y82560.png,0.2671,99.99,158.85,108.18,164.99
ch2_ohr_ncp_20250303T0915317317_d_img_d18_x11520_y82560.png,0.2505,142.86,206.1,151.74,216.18
ch2_ohr_ncp_20250303T0915317317_d_img_d18_x11520_y82560.png,0.2385,212.0,227.97,217.37,232.49
ch2_ohr_ncp_20250303T0915317317_d_img_d18_x11520_y82560.png,0.2075,367.16,371.73,372.0,375.51
ch2_ohr_ncp_20250303T1114102638_d_img_d18_x00640_y45440.png,0.2685,146.74,54.45,170.85,120.16
ch2_ohr_ncp_20250303T1114102638_d_img_d18_x00640_y66560.png,0.2484,195.53,235.68,245.41,263.3
ch2_ohr_ncp_20250303T1114102638_d_img_d18_x00640_y81280.png,0.2585,617.58,530.03,638.78,576.16
ch2_ohr_ncp_20250303T1114102638_d_img_d18_x00640_y81280.png,0.2471,362.81,71.31,426.47,170.18
ch2_ohr_ncp_20250303T1114102638_d_img_d18_x01280_y40960.png,0.328,526.04,233.48,583.66,261.01
ch2_ohr_ncp_20250303T1114102638_d_img_d18_x01280_y40960.png,0.2191,409.24,378.8,462.32,403.52
ch2_ohr_ncp_20250303T1114102638_d_img_d18_x01280_y76800.png,0.3051,486.62,519.67,492.72,527.33
ch2_ohr_ncp_20250303T1114102638_d_img_d18_x01280_y77440.png,0.4876,582.91,357.27,588.15,363.27
ch2_ohr_ncp_20250303T1114102638_d_img_d18_x01280_y77440.png,0.4188,583.45,357.12,588.9,364.01
ch2_ohr_ncp_20250303T1114102638_d_img_d18_x01280_y77440.png,0.3996,634.95,419.98,639.28,424.76
ch2_ohr_ncp_20250303T1114102638_d_img_d18_x01280_y77440.png,0.3439,583.14,356.0,588.75,363.12
ch2_ohr_ncp_20250303T1114102638_d_img_d18_x01280_y77440.png,0.3245,628.67,516.24,634.88,522.33
ch2_ohr_ncp_20250303T1114102638_d_img_d18_x01280_y77440.png,0.2975,448.14,401.92,453.38,406.73
ch2_ohr_ncp_20250303T1114102638_d_img_d18_x01280_y77440.png,0.2357,586.38,303.92,591.18,310.28
ch2_ohr_ncp_20250303T1114102638_d_img_d18_x01280_y78080.png,0.269,617.82,523.42,624.27,529.74
ch2_ohr_ncp_20250303T1114102638_d_img_d18_x01280_y78080.png,0.2191,608.61,483.6,612.23,487.26
ch2_ohr_ncp_20250303T1114102638_d_img_d18_x02560_y66560.png,0.2482,0.0,511.32,19.2,574.7
ch2_ohr_ncp_20250303T1114102638_d_img_d18_x02560_y67200.png,0.2146,206.19,331.22,267.67,355.88
ch2_ohr_ncp_20250303T1114102638_d_img_d18_x02560_y78720.png,0.2603,129.12,85.88,192.66,119.31
ch2_ohr_ncp_20250303T1114102638_d_img_d18_x02560_y82560.png,0.236,120.0,621.3,169.44,639.68
ch2_ohr_ncp_20250303T1114102638_d_img_d18_x03200_y60800.png,0.2022,312.48,486.63,335.98,533.78
ch2_ohr_ncp_20250303T1114102638_d_img_d18_x03200_y60800.png,0.2022,307.89,478.79,337.42,535.52
ch2_ohr_ncp_20250303T1114102638_d_img_d18_x03200_y81280.png,0.2099,389.7,477.0,462.58,597.6
ch2_ohr_ncp_20250303T1114102638_d_img_d18_x03200_y83200.png,0.2983,611.54,533.75,640.0,640.0
ch2_ohr_ncp_20250303T1114102638_d_img_d18_x03200_y83840.png,0.2595,610.19,60.71,640.0,149.63
ch2_ohr_ncp_20250303T1114102638_d_img_d18_x03840_y43520.png,0.2214,232.31,294.56,297.39,389.6
ch2_ohr_ncp_20250303T1114102638_d_img_d18_x03840_y61440.png,0.2197,170.71,541.76,202.88,562.32
ch2_ohr_ncp_20250303T1114102638_d_img_d18_x03840_y69760.png,0.4321,100.89,612.05,168.56,639.81
ch2_ohr_ncp_20250303T1114102638_d_img_d18_x03840_y75520.png,0.3409,372.2,0.12,428.81,26.62
ch2_ohr_ncp_20250303T1114102638_d_img_d18_x03840_y79360.png,0.2126,302.61,556.49,325.21,612.55
ch2_ohr_ncp_20250303T1114102638_d_img_d18_x04480_y40320.png,0.2292,581.03,1.07,627.66,41.48
ch2_ohr_ncp_20250303T1114102638_d_img_d18_x04480_y52480.png,0.23,329.05,585.35,373.91,611.59
ch2_ohr_ncp_20250303T1114102638_d_img_d18_x04480_y58880.png,0.3092,441.25,560.59,462.85,610.2
ch2_ohr_ncp_20250303T1114102638_d_img_d18_x04480_y80640.png,0.2002,14.11,615.81,79.82,639.98
ch2_ohr_ncp_20250303T1114102638_d_img_d18_x04480_y82560.png,0.2022,57.3,558.51,88.79,638.65
ch2_ohr_ncp_20250303T1114102638_d_img_d18_x05120_y58880.png,0.2219,154.14,38.71,212.91,72.0
ch2_ohr_ncp_20250303T1114102638_d_img_d18_x05120_y78080.png,0.2103,326.22,0.25,385.44,24.02
ch2_ohr_ncp_20250303T1114102638_d_img_d18_x05120_y79360.png,0.2776,375.5,246.52,433.35,279.04
ch2_ohr_ncp_20250303T1114102638_d_img_d18_x05760_y47360.png,0.2637,79.51,516.84,124.61,566.89
ch2_ohr_ncp_20250303T1114102638_d_img_d18_x05760_y61440.png,0.2791,47.85,460.95,111.24,500.94
ch2_ohr_ncp_20250303T1114102638_d_img_d18_x06400_y42880.png,0.3845,322.19,230.81,369.96,262.98
ch2_ohr_ncp_20250303T1114102638_d_img_d18_x06400_y83840.png,0.2317,544.12,560.49,575.82,634.32
ch2_ohr_ncp_20250303T1114102638_d_img_d18_x06400_y84480.png,0.244,618.88,447.96,640.0,510.18
ch2_ohr_ncp_20250303T1114102638_d_img_d18_x07040_y80640.png,0.2505,569.69,460.59,597.66,542.99
ch2_ohr_ncp_20250303T1114102638_d_img_d18_x07040_y87040.png,0.2556,216.67,0.0,239.66,40.26
ch2_ohr_ncp_20250303T1114102638_d_img_d18_x08960_y85120.png,0.2859,389.55,488.78,414.9,558.79
ch2_ohr_ncp_20250303T1114102638_d_img_d18_x09600_y87680.png,0.2445,622.54,346.13,629.25,355.21
ch2_ohr_ncp_20250303T1114102638_d_img_d18_x09600_y87680.png,0.2037,292.98,92.38,342.28,207.36
ch2_ohr_ncp_20250303T1114102638_d_img_d18_x10240_y88320.png,0.4865,445.44,206.76,452.33,213.97
ch2_ohr_ncp_20250303T1114102638_d_img_d18_x10240_y88320.png,0.4442,589.52,79.62,596.19,87.91
ch2_ohr_ncp_20250303T1114102638_d_img_d18_x10240_y88320.png,0.2267,482.99,67.99,488.83,74.37
ch2_ohr_ncp_20250303T1114102638_d_img_d18_x11520_y81280.png,0.606,263.5,495.8,269.81,500.72
ch2_ohr_ncp_20250303T1114102638_d_img_d18_x11520_y81280.png,0.5585,305.67,559.86,311.65,567.85
ch2_ohr_ncp_20250303T1114102638_d_img_d18_x11520_y81280.png,0.4745,435.91,434.32,443.13,443.12
ch2_ohr_ncp_20250303T1114102638_d_img_d18_x11520_y81280.png,0.4697,282.18,387.99,293.56,399.04
ch2_ohr_ncp_20250303T1114102638_d_img_d18_x11520_y81280.png,0.4435,451.81,155.72,455.62,159.53
ch2_ohr_ncp_20250303T1114102638_d_img_d18_x11520_y81280.png,0.4201,318.54,426.11,324.6,431.48
ch2_ohr_ncp_20250303T1114102638_d_img_d18_x11520_y81280.png,0.3976,456.6,443.75,461.48,448.87
ch2_ohr_ncp_20250303T1114102638_d_img_d18_x11520_y81280.png,0.373,241.63,457.92,246.73,463.35
ch2_ohr_ncp_20250303T1114102638_d_img_d18_x11520_y81280.png,0.3624,286.57,165.81,293.15,172.13
ch2_ohr_ncp_20250303T1114102638_d_img_d18_x11520_y81280.png,0.345,454.09,629.89,460.85,637.0
ch2_ohr_ncp_20250303T1114102638_d_img_d18_x11520_y81280.png,0.3095,323.06,386.81,328.25,392.02
ch2_ohr_ncp_20250303T1114102638_d_img_d18_x11520_y81280.png,0.2925,281.17,387.03,289.61,393.63
ch2_ohr_ncp_20250303T1114102638_d_img_d18_x11520_y81280.png,0.2407,434.74,359.97,441.11,366.16
ch2_ohr_ncp_20250303T1114102638_d_img_d18_x11520_y81280.png,0.2403,375.59,63.4,381.32,69.66
ch2_ohr_ncp_20250303T1114102638_d_img_d18_x11520_y81280.png,0.2277,297.24,403.97,301.59,407.71
ch2_ohr_ncp_20250303T1114102638_d_img_d18_x11520_y81280.png,0.2176,438.95,609.22,444.13,614.38
ch2_ohr_ncp_20250303T1114102638_d_img_d18_x11520_y81280.png,0.2065,342.12,226.82,345.75,232.06
ch2_ohr_ncp_20250303T1114102638_d_img_d18_x11520_y81280.png,0.205,311.71,330.17,316.07,334.92
ch2_ohr_ncp_20250303T1114102638_d_img_d18_x11520_y81920.png,0.6647,457.3,565.64,462.95,572.0
ch2_ohr_ncp_20250303T1114102638_d_img_d18_x11520_y81920.png,0.6064,312.17,530.19,316.84,536.09
ch2_ohr_ncp_20250303T1114102638_d_img_d18_x11520_y81920.png,0.5963,66.9,271.78,72.28,277.85
ch2_ohr_ncp_20250303T1114102638_d_img_d18_x11520_y81920.png,0.5292,53.37,412.04,63.3,424.45
ch2_ohr_ncp_20250303T1114102638_d_img_d18_x11520_y81920.png,0.5158,72.6,357.09,78.38,364.0
ch2_ohr_ncp_20250303T1114102638_d_img_d18_x11520_y81920.png,0.5153,363.98,609.91,370.79,617.57
ch2_ohr_ncp_20250303T1114102638_d_img_d18_x11520_y81920.png,0.5025,427.39,572.0,432.0,578.41
ch2_ohr_ncp_20250303T1114102638_d_img_d18_x11520_y81920.png,0.5018,117.97,528.23,124.0,533.35
ch2_ohr_ncp_20250303T1114102638_d_img_d18_x11520_y81920.png,0.4928,410.19,345.44,415.32,353.49
ch2_ohr_ncp_20250303T1114102638_d_img_d18_x11520_y81920.png,0.4351,159.19,223.4,166.24,231.73
ch2_ohr_ncp_20250303T1114102638_d_img_d18_x11520_y81920.png,0.4343,392.06,256.33,397.09,260.86
ch2_ohr_ncp_20250303T1114102638_d_img_d18_x11520_y81920.png,0.4171,157.62,214.79,164.04,221.57
ch2_ohr_ncp_20250303T1114102638_d_img_d18_x11520_y81920.png,0.4146,457.96,588.9,464.86,596.34
ch2_ohr_ncp_20250303T1114102638_d_img_d18_x11520_y81920.png,0.4019,51.37,434.52,55.01,438.88
ch2_ohr_ncp_20250303T1114102638_d_img_d18_x11520_y81920.png,0.3697,235.57,548.0,239.98,553.1
ch2_ohr_ncp_20250303T1114102638_d_img_d18_x11520_y81920.png,0.3615,365.05,609.88,372.0,617.9
ch2_ohr_ncp_20250303T1114102638_d_img_d18_x11520_y81920.png,0.3252,129.47,497.57,133.48,502.23
ch2_ohr_ncp_20250303T1114102638_d_img_d18_x11520_y81920.png,0.3234,178.53,183.02,184.03,188.34
ch2_ohr_ncp_20250303T1114102638_d_img_d18_x11520_y81920.png,0.307,421.6,253.69,428.0,262.32
ch2_ohr_ncp_20250303T1114102638_d_img_d18_x11520_y81920.png,0.2704,456.0,565.68,462.53,571.32
ch2_ohr_ncp_20250303T1114102638_d_img_d18_x11520_y81920.png,0.2655,410.83,316.0,414.77,322.44
ch2_ohr_ncp_20250303T1114102638_d_img_d18_x11520_y81920.png,0.2584,160.12,566.84,166.31,573.22
ch2_ohr_ncp_20250303T1114102638_d_img_d18_x11520_y81920.png,0.2558,112.03,234.62,116.08,238.67
ch2_ohr_ncp_20250303T1114102638_d_img_d18_x11520_y81920.png,0.225,43.72,495.21,47.91,500.02
ch2_ohr_ncp_20250303T1114102638_d_img_d18_x11520_y81920.png,0.2241,137.46,493.4,147.91,505.33
ch2_ohr_ncp_20250303T1114102638_d_img_d18_x11520_y81920.png,0.2193,134.33,373.83,138.84,378.48
ch2_ohr_ncp_20250303T1114102638_d_img_d18_x11520_y81920.png,0.2187,91.89,250.17,98.66,256.98
ch2_ohr_ncp_20250303T1114102638_d_img_d18_x11520_y81920.png,0.216,367.7,621.43,372.04,628.0
ch2_ohr_ncp_20250303T1114102638_d_img_d18_x11520_y82560.png,0.7106,94.29,135.4,100.78,142.04
ch2_ohr_ncp_20250303T1114102638_d_img_d18_x11520_y82560.png,0.698,320.6,521.6,327.24,529.61
ch2_ohr_ncp_20250303T1114102638_d_img_d18_x11520_y82560.png,0.657,209.29,117.74,216.1,125.43
ch2_ohr_ncp_20250303T1114102638_d_img_d18_x11520_y82560.png,0.5808,83.41,109.76,87.87,116.0
ch2_ohr_ncp_20250303T1114102638_d_img_d18_x11520_y82560.png,0.5705,73.57,241.5,78.39,247.04
ch2_ohr_ncp_20250303T1114102638_d_img_d18_x11520_y82560.png,0.5692,424.48,486.13,430.01,492.1
ch2_ohr_ncp_20250303T1114102638_d_img_d18_x11520_y82560.png,0.5451,210.93,426.66,221.48,437.14
ch2_ohr_ncp_20250303T1114102638_d_img_d18_x11520_y82560.png,0.5356,9.0,191.32,14.33,197.09
ch2_ohr_ncp_20250303T1114102638_d_img_d18_x11520_y82560.png,0.5253,42.88,186.73,47.2,191.72
ch2_ohr_ncp_20250303T1114102638_d_img_d18_x11520_y82560.png,0.5075,201.68,222.8,208.93,230.17
ch2_ohr_ncp_20250303T1114102638_d_img_d18_x11520_y82560.png,0.4947,449.13,630.93,457.98,639.43
ch2_ohr_ncp_20250303T1114102638_d_img_d18_x11520_y82560.png,0.476,407.67,400.11,412.96,406.3
ch2_ohr_ncp_20250303T1114102638_d_img_d18_x11520_y82560.png,0.4528,258.56,385.45,263.15,390.31
ch2_ohr_ncp_20250303T1114102638_d_img_d18_x11520_y82560.png,0.4483,359.2,83.95,364.66,90.07
ch2_ohr_ncp_20250303T1114102638_d_img_d18_x11520_y82560.png,0.4171,442.44,485.99,453.82,500.22
ch2_ohr_ncp_20250303T1114102638_d_img_d18_x11520_y82560.png,0.4057,42.18,209.85,49.13,219.99
ch2_ohr_ncp_20250303T1114102638_d_img_d18_x11520_y82560.png,0.3949,94.35,123.87,101.25,131.24
ch2_ohr_ncp_20250303T1114102638_d_img_d18_x11520_y82560.png,0.3948,361.93,335.8,366.38,340.89
ch2_ohr_ncp_20250303T1114102638_d_img_d18_x11520_y82560.png,0.3832,235.99,537.88,242.65,544.21
ch2_ohr_ncp_20250303T1114102638_d_img_d18_x11520_y82560.png,0.3813,279.96,165.75,285.04,170.74
ch2_ohr_ncp_20250303T1114102638_d_img_d18_x11520_y82560.png,0.3641,99.43,171.81,103.9,176.89
ch2_ohr_ncp_20250303T1114102638_d_img_d18_x11520_y82560.png,0.3561,3.35,615.19,10.06,622.85
ch2_ohr_ncp_20250303T1114102638_d_img_d18_x11520_y82560.png,0.3453,280.74,165.88,285.72,172.0
ch2_ohr_ncp_20250303T1114102638_d_img_d18_x11520_y82560.png,0.3246,269.47,601.95,276.02,608.4
ch2_ohr_ncp_20250303T1114102638_d_img_d18_x11520_y82560.png,0.3235,280.51,164.0,285.04,170.74
ch2_ohr_ncp_20250303T1114102638_d_img_d18_x11520_y82560.png,0.3079,72.89,475.7,77.68,480.36
ch2_ohr_ncp_20250303T1114102638_d_img_d18_x11520_y82560.png,0.3077,313.86,102.86,325.3,118.47
ch2_ohr_ncp_20250303T1114102638_d_img_d18_x11520_y82560.png,0.3027,260.0,473.39,265.29,478.23
ch2_ohr_ncp_20250303T1114102638_d_img_d18_x11520_y82560.png,0.2949,207.38,235.99,212.59,242.48
ch2_ohr_ncp_20250303T1114102638_d_img_d18_x11520_y82560.png,0.2826,183.59,481.91,188.04,485.97
ch2_ohr_ncp_20250303T1114102638_d_img_d18_x11520_y82560.png,0.2573,374.4,476.11,385.63,486.83
ch2_ohr_ncp_20250303T1114102638_d_img_d18_x11520_y82560.png,0.2529,375.71,486.62,382.49,493.84
ch2_ohr_ncp_20250303T1114102638_d_img_d18_x11520_y82560.png,0.2528,392.71,398.91,398.59,404.0
ch2_ohr_ncp_20250303T1114102638_d_img_d18_x11520_y82560.png,0.2471,115.97,458.89,119.53,462.12
ch2_ohr_ncp_20250303T1114102638_d_img_d18_x11520_y82560.png,0.2469,62.35,326.18,71.69,335.99
ch2_ohr_ncp_20250303T1114102638_d_img_d18_x11520_y82560.png,0.2452,83.56,108.0,87.73,115.28
ch2_ohr_ncp_20250303T1114102638_d_img_d18_x11520_y82560.png,0.2303,298.81,632.75,306.39,639.59
ch2_ohr_ncp_20250303T1114102638_d_img_d18_x11520_y82560.png,0.225,158.51,272.83,169.15,285.08
ch2_ohr_ncp_20250303T1114102638_d_img_d18_x11520_y82560.png,0.2173,321.99,404.15,351.89,447.61
ch2_ohr_ncp_20250303T1114102638_d_img_d18_x11520_y82560.png,0.2118,305.34,279.22,316.17,293.23
ch2_ohr_ncp_20250303T1114102638_d_img_d18_x11520_y82560.png,0.208,320.43,520.0,328.03,529.21
ch2_ohr_ncp_20250303T1114102638_d_img_d18_x11520_y82560.png,0.2045,92.0,135.83,100.21,142.35
ch2_ohr_ncp_20250303T1114102638_d_img_d18_x11520_y83200.png,0.7059,384.91,576.0,390.3,581.98
ch2_ohr_ncp_20250303T1114102638_d_img_d18_x11520_y83200.png,0.6521,400.86,587.7,405.94,592.88
ch2_ohr_ncp_20250303T1114102638_d_img_d18_x11520_y83200.png,0.6501,371.19,337.6,377.36,344.08
ch2_ohr_ncp_20250303T1114102638_d_img_d18_x11520_y83200.png,0.6079,23.89,73.63,28.55,79.55
ch2_ohr_ncp_20250303T1114102638_d_img_d18_x11520_y83200.png,0.5815,125.32,236.86,133.0,245.03
ch2_ohr_ncp_20250303T1114102638_d_img_d18_x11520_y83200.png,0.5768,122.37,511.86,127.42,517.21
ch2_ohr_ncp_20250303T1114102638_d_img_d18_x11520_y83200.png,0.5695,319.24,224.6,324.18,229.63
ch2_ohr_ncp_20250303T1114102638_d_img_d18_x11520_y83200.png,0.4925,405.3,120.17,412.01,127.02
ch2_ohr_ncp_20250303T1114102638_d_img_d18_x11520_y83200.png,0.44,333.67,275.97,340.07,282.46
ch2_ohr_ncp_20250303T1114102638_d_img_d18_x11520_y83200.png,0.3891,430.15,0.06,438.22,4.61
ch2_ohr_ncp_20250303T1114102638_d_img_d18_x11520_y83200.png,0.3829,404.0,120.48,411.14,126.98
ch2_ohr_ncp_20250303T1114102638_d_img_d18_x11520_y83200.png,0.3281,451.39,191.35,459.41,202.3
ch2_ohr_ncp_20250303T1114102638_d_img_d18_x11520_y83200.png,0.3234,81.22,570.2,92.05,581.72
ch2_ohr_ncp_20250303T1114102638_d_img_d18_x11520_y83200.png,0.3078,307.81,341.56,314.06,347.9
ch2_ohr_ncp_20250303T1114102638_d_img_d18_x11520_y83200.png,0.2932,155.47,161.96,160.06,167.16
ch2_ohr_ncp_20250303T1114102638_d_img_d18_x11520_y83200.png,0.2707,27.75,321.07,33.34,331.14
ch2_ohr_ncp_20250303T1114102638_d_img_d18_x11520_y83200.png,0.2553,173.76,622.95,193.51,639.87
ch2_ohr_ncp_20250303T1114102638_d_img_d18_x11520_y83200.png,0.2431,165.96,565.34,170.84,569.45
ch2_ohr_ncp_20250303T1114102638_d_img_d18_x11520_y83200.png,0.2333,353.6,294.1,357.09,300.0
ch2_ohr_ncp_20250303T1114102638_d_img_d18_x11520_y83200.png,0.2324,383.36,555.52,392.95,565.99
ch2_ohr_ncp_20250303T1114102638_d_img_d18_x11520_y83200.png,0.2224,49.2,462.58,54.27,468.09
ch2_ohr_ncp_20250303T1114102638_d_img_d18_x11520_y83200.png,0.2142,312.35,215.94,316.48,220.04
ch2_ohr_ncp_20250303T1114102638_d_img_d18_x11520_y83200.png,0.2125,427.24,166.04,435.01,173.79
ch2_ohr_ncp_20250303T1114102638_d_img_d18_x11520_y83200.png,0.2003,165.39,79.03,172.91,87.5
ch2_ohr_ncp_20250303T1114102638_d_img_d18_x11520_y83840.png,0.6831,390.45,350.97,396.2,357.04
ch2_ohr_ncp_20250303T1114102638_d_img_d18_x11520_y83840.png,0.6529,295.15,128.48,300.35,135.33
ch2_ohr_ncp_20250303T1114102638_d_img_d18_x11520_y83840.png,0.6189,175.36,0.01,194.16,5.35
ch2_ohr_ncp_20250303T1114102638_d_img_d18_x11520_y83840.png,0.5679,429.5,506.06,436.04,513.33
ch2_ohr_ncp_20250303T1114102638_d_img_d18_x11520_y83840.png,0.5132,444.57,187.71,453.48,197.14
ch2_ohr_ncp_20250303T1114102638_d_img_d18_x11520_y83840.png,0.4929,302.62,328.64,308.45,334.45
ch2_ohr_ncp_20250303T1114102638_d_img_d18_x11520_y83840.png,0.3685,393.62,559.04,405.66,572.54
ch2_ohr_ncp_20250303T1114102638_d_img_d18_x11520_y83840.png,0.3565,210.39,0.01,217.32,5.42
ch2_ohr_ncp_20250303T1114102638_d_img_d18_x11520_y83840.png,0.351,416.04,179.38,420.95,184.33
ch2_ohr_ncp_20250303T1114102638_d_img_d18_x11520_y83840.png,0.3397,416.69,259.86,420.87,265.18
ch2_ohr_ncp_20250303T1114102638_d_img_d18_x11520_y83840.png,0.3353,428.0,506.24,435.33,513.49
ch2_ohr_ncp_20250303T1114102638_d_img_d18_x11520_y83840.png,0.331,0.09,414.89,4.2,420.92
ch2_ohr_ncp_20250303T1114102638_d_img_d18_x11520_y83840.png,0.32,284.51,164.75,292.07,172.38
ch2_ohr_ncp_20250303T1114102638_d_img_d18_x11520_y83840.png,0.2891,130.31,4.42,137.89,12.18
ch2_ohr_ncp_20250303T1114102638_d_img_d18_x11520_y83840.png,0.285,405.83,531.99,412.01,537.73
ch2_ohr_ncp_20250303T1114102638_d_img_d18_x11520_y83840.png,0.2381,280.06,0.0,286.33,4.42
ch2_ohr_ncp_20250303T1114102638_d_img_d18_x11520_y83840.png,0.2365,257.43,327.8,262.38,332.05
ch2_ohr_ncp_20250303T1114102638_d_img_d18_x11520_y83840.png,0.2293,469.47,162.32,478.89,173.8
ch2_ohr_ncp_20250303T1114102638_d_img_d18_x11520_y83840.png,0.2022,364.0,391.22,369.47,396.0
ch2_ohr_ncp_20250303T1114102638_d_img_d18_x11520_y84480.png,0.5568,223.09,530.23,229.17,537.41
ch2_ohr_ncp_20250303T1114102638_d_img_d18_x11520_y84480.png,0.5447,177.08,359.16,182.4,365.16
ch2_ohr_ncp_20250303T1114102638_d_img_d18_x11520_y84480.png,0.4634,321.91,441.01,326.72,446.26
ch2_ohr_ncp_20250303T1114102638_d_img_d18_x11520_y84480.png,0.3351,438.71,294.93,447.81,304.67
ch2_ohr_ncp_20250303T1114102638_d_img_d18_x11520_y84480.png,0.3234,5.75,262.08,16.4,275.42
ch2_ohr_ncp_20250303T1114102638_d_img_d18_x11520_y84480.png,0.245,355.28,561.39,362.34,567.5
ch2_ohr_ncp_20250303T1114102638_d_img_d18_x11520_y84480.png,0.2059,272.45,626.56,276.8,631.49
ch2_ohr_ncp_20250303T1114102638_d_img_d18_x11520_y85120.png,0.5681,91.98,595.48,98.55,601.64
ch2_ohr_ncp_20250303T1114102638_d_img_d18_x11520_y85120.png,0.5149,449.43,246.83,455.04,252.9
ch2_ohr_ncp_20250303T1114102638_d_img_d18_x11520_y85120.png,0.4958,462.29,233.9,470.09,244.08
ch2_ohr_ncp_20250303T1114102638_d_img_d18_x11520_y85120.png,0.4057,83.88,633.68,88.42,639.55
ch2_ohr_ncp_20250303T1114102638_d_img_d18_x11520_y85120.png,0.3955,342.69,213.42,348.4,218.98
ch2_ohr_ncp_20250303T1114102638_d_img_d18_x11520_y85120.png,0.3832,458.17,323.99,462.37,328.7
ch2_ohr_ncp_20250303T1114102638_d_img_d18_x11520_y85120.png,0.3491,339.81,630.6,344.1,635.52
ch2_ohr_ncp_20250303T1114102638_d_img_d18_x11520_y85120.png,0.311,81.04,603.9,85.7,608.76
ch2_ohr_ncp_20250303T1114102638_d_img_d18_x11520_y85120.png,0.3051,271.74,635.7,277.87,639.87
ch2_ohr_ncp_20250303T1114102638_d_img_d18_x11520_y85120.png,0.2846,318.48,434.1,324.0,438.95
ch2_ohr_ncp_20250303T1114102638_d_img_d18_x11520_y85120.png,0.281,79.98,592.64,84.72,597.8
ch2_ohr_ncp_20250303T1114102638_d_img_d18_x11520_y85120.png,0.2791,253.77,51.02,261.98,60.59
ch2_ohr_ncp_20250303T1114102638_d_img_d18_x11520_y85120.png,0.2552,432.82,376.49,439.62,382.0
ch2_ohr_ncp_20250303T1114102638_d_img_d18_x11520_y85120.png,0.215,91.34,633.65,97.35,638.86
ch2_ohr_ncp_20250303T1114102638_d_img_d18_x11520_y85760.png,0.6462,224.04,489.43,228.78,494.54
ch2_ohr_ncp_20250303T1114102638_d_img_d18_x11520_y85760.png,0.3837,455.63,330.93,462.51,337.62
ch2_ohr_ncp_20250303T1114102638_d_img_d18_x11520_y85760.png,0.3461,426.38,392.4,430.26,396.69
ch2_ohr_ncp_20250303T1114102638_d_img_d18_x11520_y86400.png,0.6027,297.2,130.89,302.68,137.05
ch2_ohr_ncp_20250303T1114102638_d_img_d18_x11520_y86400.png,0.5754,149.99,564.83,157.74,572.81
ch2_ohr_ncp_20250303T1114102638_d_img_d18_x11520_y86400.png,0.4407,168.41,622.37,173.66,628.03
ch2_ohr_ncp_20250303T1114102638_d_img_d18_x11520_y86400.png,0.4136,296.49,436.0,300.28,441.34
ch2_ohr_ncp_20250303T1114102638_d_img_d18_x11520_y86400.png,0.3165,181.62,477.1,188.03,484.0
ch2_ohr_ncp_20250303T1114102638_d_img_d18_x11520_y86400.png,0.3115,85.46,261.68,90.86,267.27
ch2_ohr_ncp_20250303T1114102638_d_img_d18_x11520_y86400.png,0.2751,164.0,496.49,169.82,501.0
ch2_ohr_ncp_20250303T1114102638_d_img_d18_x11520_y86400.png,0.2259,165.87,496.38,172.0,500.96
ch2_ohr_ncp_20250303T1114102638_d_img_d18_x11520_y86400.png,0.2215,219.85,306.2,224.46,310.58
ch2_ohr_ncp_20250303T1114102638_d_img_d18_x11520_y87040.png,0.3083,231.95,373.89,237.05,378.36
ch2_ohr_ncp_20250303T1114102638_d_img_d18_x11520_y87040.png,0.2862,140.0,427.83,146.01,433.7
ch2_ohr_ncp_20250303T1114102638_d_img_d18_x11520_y87040.png,0.2498,155.83,414.94,159.54,420.0
ch2_ohr_ncp_20250303T1114102638_d_img_d18_x11520_y87040.png,0.2408,162.89,412.0,166.89,416.84
ch2_ohr_ncp_20250303T1114102638_d_img_d18_x11520_y87040.png,0.234,141.63,426.53,148.02,432.2
ch2_ohr_ncp_20250303T1114102638_d_img_d18_x11520_y87040.png,0.2266,70.58,550.45,76.67,556.09
ch2_ohr_ncp_20250303T1114102638_d_img_d18_x11520_y87040.png,0.2211,34.2,441.3,38.93,445.49
ch2_ohr_ncp_20250303T1114102638_d_img_d18_x11520_y87680.png,0.663,355.34,175.43,362.85,183.4
ch2_ohr_ncp_20250303T1114102638_d_img_d18_x11520_y87680.png,0.5396,312.73,485.88,318.41,492.02
ch2_ohr_ncp_20250303T1114102638_d_img_d18_x11520_y87680.png,0.5042,394.58,299.99,399.81,305.94
ch2_ohr_ncp_20250303T1114102638_d_img_d18_x11520_y87680.png,0.4676,235.99,539.42,242.11,545.13
ch2_ohr_ncp_20250303T1114102638_d_img_d18_x11520_y87680.png,0.4665,343.8,374.75,347.88,378.33
ch2_ohr_ncp_20250303T1114102638_d_img_d18_x11520_y87680.png,0.4227,50.73,11.03,63.9,24.91
ch2_ohr_ncp_20250303T1114102638_d_img_d18_x11520_y87680.png,0.3878,288.09,348.83,301.34,364.75
ch2_ohr_ncp_20250303T1114102638_d_img_d18_x11520_y87680.png,0.3513,182.06,375.77,186.62,380.75
ch2_ohr_ncp_20250303T1114102638_d_img_d18_x11520_y87680.png,0.342,161.42,505.65,166.12,510.61
ch2_ohr_ncp_20250303T1114102638_d_img_d18_x11520_y87680.png,0.3279,369.35,369.3,374.04,374.29
ch2_ohr_ncp_20250303T1114102638_d_img_d18_x11520_y87680.png,0.3172,245.37,626.84,250.79,632.88
ch2_ohr_ncp_20250303T1114102638_d_img_d18_x11520_y87680.png,0.3168,396.0,530.05,401.6,534.55
ch2_ohr_ncp_20250303T1114102638_d_img_d18_x11520_y87680.png,0.3158,16.8,0.01,23.03,5.84
ch2_ohr_ncp_20250303T1114102638_d_img_d18_x11520_y87680.png,0.2839,311.99,485.93,317.84,491.19
ch2_ohr_ncp_20250303T1114102638_d_img_d18_x11520_y87680.png,0.2778,165.72,123.97,172.02,130.85
ch2_ohr_ncp_20250303T1114102638_d_img_d18_x11520_y87680.png,0.2775,343.71,374.3,348.06,380.0
ch2_ohr_ncp_20250303T1114102638_d_img_d18_x11520_y87680.png,0.2704,244.0,627.38,250.58,633.15
ch2_ohr_ncp_20250303T1114102638_d_img_d18_x11520_y87680.png,0.2635,336.56,393.41,340.67,398.12
ch2_ohr_ncp_20250303T1114102638_d_img_d18_x11520_y87680.png,0.2578,84.0,249.32,90.12,255.54
ch2_ohr_ncp_20250303T1114102638_d_img_d18_x11520_y87680.png,0.2116,331.07,518.11,335.96,524.0
ch2_ohr_ncp_20250303T1114102638_d_img_d18_x11520_y88320.png,0.5255,31.03,481.61,36.54,488.04
ch2_ohr_ncp_20250303T1114102638_d_img_d18_x11520_y88320.png,0.4917,360.77,165.67,366.2,172.02
ch2_ohr_ncp_20250303T1114102638_d_img_d18_x11520_y88320.png,0.4208,53.77,348.49,61.34,359.02
ch2_ohr_ncp_20250303T1114102638_d_img_d18_x11520_y88320.png,0.3639,411.73,171.33,422.02,184.03
ch2_ohr_ncp_20250303T1114102638_d_img_d18_x11520_y88320.png,0.3392,1.51,616.03,21.81,638.44
ch2_ohr_ncp_20250303T1114102638_d_img_d18_x11520_y88320.png,0.3157,233.2,441.67,237.21,446.49
ch2_ohr_ncp_20250303T1114102638_d_img_d18_x11520_y88320.png,0.2066,63.31,624.58,68.84,631.29
ch2_ohr_ncp_20250303T1114102638_d_img_d18_x11520_y88960.png,0.4958,342.24,83.48,348.34,89.98
ch2_ohr_ncp_20250303T1114102638_d_img_d18_x11520_y88960.png,0.4482,326.67,75.95,334.52,83.15
ch2_ohr_ncp_20250303T1114102638_d_img_d18_x11520_y88960.png,0.287,310.13,79.45,316.07,85.69
ch2_ohr_ncp_20250303T1114102638_d_img_d18_x11520_y88960.png,0.2327,380.0,79.88,385.48,84.15
ch2_ohr_ncp_20250303T1114102638_d_img_d18_x11520_y88960.png,0.2006,359.72,69.99,367.94,77.23
ch2_ohr_ncp_20250304T0655103610_d_img_d18_x00000_y43520.png,0.2346,414.29,610.11,464.47,639.69
ch2_ohr_ncp_20250304T0655103610_d_img_d18_x00000_y45440.png,0.3898,27.8,55.38,83.62,90.76
ch2_ohr_ncp_20250304T0655103610_d_img_d18_x00000_y77440.png,0.2974,604.34,214.4,640.0,307.74
ch2_ohr_ncp_20250304T0655103610_d_img_d18_x00640_y34560.png,0.2134,608.27,469.01,628.16,523.72
ch2_ohr_ncp_20250304T0655103610_d_img_d18_x00640_y42880.png,0.2235,502.95,483.26,524.34,526.97
ch2_ohr_ncp_20250304T0655103610_d_img_d18_x00640_y63360.png,0.2089,317.63,606.83,336.46,640.0
ch2_ohr_ncp_20250304T0655103610_d_img_d18_x01280_y36480.png,0.2967,603.05,565.98,629.13,630.08
ch2_ohr_ncp_20250304T0655103610_d_img_d18_x01280_y42880.png,0.2684,84.49,549.9,108.45,591.6
ch2_ohr_ncp_20250304T0655103610_d_img_d18_x01280_y63360.png,0.291,481.4,387.42,510.62,442.48
ch2_ohr_ncp_20250304T0655103610_d_img_d18_x01280_y64000.png,0.2552,201.1,103.66,220.68,150.5
ch2_ohr_ncp_20250304T0655103610_d_img_d18_x01280_y76800.png,0.446,575.72,236.0,581.82,243.23
ch2_ohr_ncp_20250304T0655103610_d_img_d18_x01280_y76800.png,0.2885,525.71,222.98,533.04,229.96
ch2_ohr_ncp_20250304T0655103610_d_img_d18_x01280_y76800.png,0.2525,627.99,274.39,633.84,279.02
ch2_ohr_ncp_20250304T0655103610_d_img_d18_x01280_y85120.png,0.3991,517.36,371.38,522.27,376.14
ch2_ohr_ncp_20250304T0655103610_d_img_d18_x01920_y46080.png,0.4421,592.69,581.62,613.98,630.5
ch2_ohr_ncp_20250304T0655103610_d_img_d18_x01920_y46080.png,0.2136,591.95,572.75,615.1,624.64
ch2_ohr_ncp_20250304T0655103610_d_img_d18_x02560_y38400.png,0.2066,303.32,2.16,330.55,56.22
ch2_ohr_ncp_20250304T0655103610_d_img_d18_x02560_y76800.png,0.2218,64.42,620.52,73.42,630.16
ch2_ohr_ncp_20250304T0655103610_d_img_d18_x02560_y83200.png,0.3156,379.46,319.59,408.25,389.26
ch2_ohr_ncp_20250304T0655103610_d_img_d18_x02560_y83840.png,0.2003,507.9,480.94,547.13,586.42
ch2_ohr_ncp_20250304T0655103610_d_img_d18_x03200_y77440.png,0.4039,0.06,133.72,8.91,145.77
ch2_ohr_ncp_20250304T0655103610_d_img_d18_x03200_y86400.png,0.4973,616.78,400.96,622.51,406.47
ch2_ohr_ncp_20250304T0655103610_d_img_d18_x03200_y86400.png,0.2465,491.91,406.6,496.06,412.01
ch2_ohr_ncp_20250304T0655103610_d_img_d18_x03200_y86400.png,0.2067,78.2,15.05,87.03,22.57
ch2_ohr_ncp_20250304T0655103610_d_img_d18_x03840_y45440.png,0.3293,196.3,549.33,262.68,581.02
ch2_ohr_ncp_20250304T0655103610_d_img_d18_x03840_y87040.png,0.3192,389.1,68.83,395.7,77.24
ch2_ohr_ncp_20250304T0655103610_d_img_d18_x03840_y87040.png,0.2856,86.19,123.22,92.02,127.89
ch2_ohr_ncp_20250304T0655103610_d_img_d18_x04480_y44800.png,0.2753,420.99,0.0,504.51,35.0
ch2_ohr_ncp_20250304T0655103610_d_img_d18_x04480_y44800.png,0.2206,411.61,0.0,524.81,37.22
ch2_ohr_ncp_20250304T0655103610_d_img_d18_x04480_y78720.png,0.3254,191.59,539.76,197.83,547.31
ch2_ohr_ncp_20250304T0655103610_d_img_d18_x04480_y79360.png,0.537,114.64,591.88,120.46,599.87
ch2_ohr_ncp_20250304T0655103610_d_img_d18_x04480_y79360.png,0.3766,175.06,367.27,182.88,376.53
ch2_ohr_ncp_20250304T0655103610_d_img_d18_x04480_y79360.png,0.3025,215.47,566.84,222.16,573.03
ch2_ohr_ncp_20250304T0655103610_d_img_d18_x04480_y87040.png,0.2623,622.86,511.68,629.04,519.02
ch2_ohr_ncp_20250304T0655103610_d_img_d18_x04480_y87040.png,0.2076,577.08,592.49,587.35,603.97
ch2_ohr_ncp_20250304T0655103610_d_img_d18_x05120_y78720.png,0.2977,536.69,520.82,590.83,545.93
ch2_ohr_ncp_20250304T0655103610_d_img_d18_x05120_y78720.png,0.2548,0.5,540.89,11.43,555.11
ch2_ohr_ncp_20250304T0655103610_d_img_d18_x05120_y78720.png,0.2524,610.59,504.96,632.99,551.03
ch2_ohr_ncp_20250304T0655103610_d_img_d18_x05120_y87680.png,0.5402,439.73,494.7,472.78,556.54
ch2_ohr_ncp_20250304T0655103610_d_img_d18_x05760_y88320.png,0.2666,83.96,243.91,89.28,248.73
ch2_ohr_ncp_20250304T0655103610_d_img_d18_x06400_y42240.png,0.2241,227.46,329.27,287.12,354.68
ch2_ohr_ncp_20250304T0655103610_d_img_d18_x07040_y40320.png,0.219,62.33,438.6,106.12,480.07
ch2_ohr_ncp_20250304T0655103610_d_img_d18_x07040_y80640.png,0.6461,0.04,401.08,6.96,410.19
ch2_ohr_ncp_20250304T0655103610_d_img_d18_x07040_y80640.png,0.4333,63.43,446.84,68.61,452.01
ch2_ohr_ncp_20250304T0655103610_d_img_d18_x07040_y80640.png,0.3508,42.75,419.59,48.32,425.75
ch2_ohr_ncp_20250304T0655103610_d_img_d18_x07040_y80640.png,0.2392,0.23,328.91,6.76,336.74
ch2_ohr_ncp_20250304T0655103610_d_img_d18_x07040_y80640.png,0.2041,3.53,461.4,8.65,468.01
ch2_ohr_ncp_20250304T0655103610_d_img_d18_x07040_y83200.png,0.202,623.31,207.43,640.0,266.82
ch2_ohr_ncp_20250304T0655103610_d_img_d18_x07040_y84480.png,0.3063,460.89,247.84,503.25,321.26
ch2_ohr_ncp_20250304T0655103610_d_img_d18_x07040_y89600.png,0.2993,286.47,63.66,292.72,68.73
ch2_ohr_ncp_20250304T0655103610_d_img_d18_x08960_y81920.png,0.266,218.41,410.71,244.2,464.83
ch2_ohr_ncp_20250304T0655103610_d_img_d18_x08960_y82560.png,0.2157,114.25,24.53,185.07,52.06
ch2_ohr_ncp_20250304T0655103610_d_img_d18_x08960_y83200.png,0.2667,70.79,13.61,88.44,59.46
ch2_ohr_ncp_20250304T0655103610_d_img_d18_x08960_y83200.png,0.2021,182.57,607.77,219.88,634.66
ch2_ohr_ncp_20250304T0655103610_d_img_d18_x09600_y82560.png,0.6166,304.76,463.12,310.93,469.3
ch2_ohr_ncp_20250304T0655103610_d_img_d18_x09600_y82560.png,0.2829,417.8,577.79,424.91,588.97
ch2_ohr_ncp_20250304T0655103610_d_img_d18_x09600_y82560.png,0.2295,484.5,614.83,489.68,620.68
ch2_ohr_ncp_20250304T0655103610_d_img_d18_x10240_y83840.png,0.2248,8.09,495.82,27.67,539.26
ch2_ohr_ncp_20250304T0655103610_d_img_d18_x10240_y83840.png,0.2153,0.0,485.59,20.78,540.4
ch2_ohr_ncp_20250304T0655103610_d_img_d18_x10240_y92160.png,0.5229,507.32,94.95,511.6,100.0
ch2_ohr_ncp_20250304T0655103610_d_img_d18_x10240_y92160.png,0.4897,496.93,112.19,507.87,122.8
ch2_ohr_ncp_20250304T0655103610_d_img_d18_x10240_y92160.png,0.4599,486.2,97.21,493.27,103.12
ch2_ohr_ncp_20250304T0655103610_d_img_d18_x10240_y92160.png,0.4456,417.03,131.58,422.06,137.75
ch2_ohr_ncp_20250304T0655103610_d_img_d18_x10240_y92160.png,0.4331,483.61,158.67,489.64,166.75
ch2_ohr_ncp_20250304T0655103610_d_img_d18_x10240_y92160.png,0.4258,458.21,160.15,463.93,165.98
ch2_ohr_ncp_20250304T0655103610_d_img_d18_x10240_y92160.png,0.4105,471.55,183.59,477.44,188.08
ch2_ohr_ncp_20250304T0655103610_d_img_d18_x10240_y92160.png,0.3958,507.91,49.54,512.95,54.92
ch2_ohr_ncp_20250304T0655103610_d_img_d18_x10240_y92160.png,0.3024,526.79,83.44,532.12,87.86
ch2_ohr_ncp_20250304T0655103610_d_img_d18_x10240_y92160.png,0.2715,544.82,501.13,565.92,554.08
ch2_ohr_ncp_20250304T0655103610_d_img_d18_x10240_y92160.png,0.2696,411.98,147.07,417.4,152.05
ch2_ohr_ncp_20250304T0655103610_d_img_d18_x10240_y92160.png,0.2627,575.25,155.59,581.65,161.49
ch2_ohr_ncp_20250304T0655103610_d_img_d18_x10240_y92160.png,0.2354,383.33,121.73,388.12,125.82
ch2_ohr_ncp_20250304T0655103610_d_img_d18_x10880_y83840.png,0.6426,34.74,530.65,39.53,536.82
ch2_ohr_ncp_20250304T0655103610_d_img_d18_x10880_y83840.png,0.4159,11.22,359.56,16.05,364.19
ch2_ohr_ncp_20250304T0655103610_d_img_d18_x10880_y83840.png,0.2559,17.76,409.96,23.29,416.35
ch2_ohr_ncp_20250304T0655103610_d_img_d18_x10880_y87040.png,0.2158,539.57,365.01,549.04,375.48
ch2_ohr_ncp_20250304T0655103610_d_img_d18_x10880_y87040.png,0.2032,499.85,345.38,506.42,352.67
ch2_ohr_ncp_20250304T0655103610_d_img_d18_x10880_y92160.png,0.3829,123.27,374.63,144.12,429.03
ch2_ohr_ncp_20250304T0655103610_d_img_d18_x10880_y92800.png,0.6337,514.7,287.9,521.2,292.88
ch2_ohr_ncp_20250304T0655103610_d_img_d18_x10880_y92800.png,0.3091,390.67,230.91,395.99,236.08
ch2_ohr_ncp_20250304T0655103610_d_img_d18_x10880_y92800.png,0.2678,344.04,264.3,348.3,268.81
ch2_ohr_ncp_20250304T0655103610_d_img_d18_x10880_y92800.png,0.2381,353.43,62.22,357.78,68.0
ch2_ohr_ncp_20250304T0655103610_d_img_d18_x11520_y85120.png,0.5631,441.59,355.01,446.42,360.18
ch2_ohr_ncp_20250304T0655103610_d_img_d18_x11520_y85120.png,0.5275,415.03,419.99,421.53,426.66
ch2_ohr_ncp_20250304T0655103610_d_img_d18_x11520_y85120.png,0.5168,457.65,489.77,463.24,495.71
ch2_ohr_ncp_20250304T0655103610_d_img_d18_x11520_y85120.png,0.4096,135.06,446.11,140.02,452.0
ch2_ohr_ncp_20250304T0655103610_d_img_d18_x11520_y85120.png,0.4023,83.98,465.7,90.52,472.59
ch2_ohr_ncp_20250304T0655103610_d_img_d18_x11520_y85120.png,0.3884,423.38,486.32,428.72,492.03
ch2_ohr_ncp_20250304T0655103610_d_img_d18_x11520_y85120.png,0.3816,350.0,169.58,356.09,176.38
ch2_ohr_ncp_20250304T0655103610_d_img_d18_x11520_y85120.png,0.3709,362.28,168.69,366.46,172.64
ch2_ohr_ncp_20250304T0655103610_d_img_d18_x11520_y85120.png,0.3572,411.99,441.29,417.18,446.46
ch2_ohr_ncp_20250304T0655103610_d_img_d18_x11520_y85120.png,0.35,425.34,321.84,429.2,325.41
ch2_ohr_ncp_20250304T0655103610_d_img_d18_x11520_y85120.png,0.3214,464.48,478.65,472.73,487.1
ch2_ohr_ncp_20250304T0655103610_d_img_d18_x11520_y85120.png,0.3188,97.68,207.54,101.95,212.96
ch2_ohr_ncp_20250304T0655103610_d_img_d18_x11520_y85120.png,0.3065,414.84,421.12,421.41,428.0
ch2_ohr_ncp_20250304T0655103610_d_img_d18_x11520_y85120.png,0.3024,403.99,323.97,409.1,329.16
ch2_ohr_ncp_20250304T0655103610_d_img_d18_x11520_y85120.png,0.2832,0.24,419.9,6.99,427.03
ch2_ohr_ncp_20250304T0655103610_d_img_d18_x11520_y85120.png,0.2753,199.86,625.61,204.18,630.59
ch2_ohr_ncp_20250304T0655103610_d_img_d18_x11520_y85120.png,0.2636,84.98,465.65,92.0,472.81
ch2_ohr_ncp_20250304T0655103610_d_img_d18_x11520_y85760.png,0.4751,459.92,630.22,467.35,637.53
ch2_ohr_ncp_20250304T0655103610_d_img_d18_x11520_y85760.png,0.2824,386.83,402.0,393.96,412.18
ch2_ohr_ncp_20250304T0655103610_d_img_d18_x11520_y85760.png,0.2328,426.09,406.3,431.07,412.0
ch2_ohr_ncp_20250304T0655103610_d_img_d18_x11520_y85760.png,0.2024,27.2,364.0,31.2,369.74
ch2_ohr_ncp_20250304T0655103610_d_img_d18_x11520_y86400.png,0.515,358.19,95.8,364.03,103.14
ch2_ohr_ncp_20250304T0655103610_d_img_d18_x11520_y86400.png,0.2732,348.47,131.06,357.31,140.87
ch2_ohr_ncp_20250304T0655103610_d_img_d18_x11520_y86400.png,0.2707,323.81,14.14,329.48,20.0
ch2_ohr_ncp_20250304T0655103610_d_img_d18_x11520_y86400.png,0.2256,413.44,124.0,420.63,130.95
ch2_ohr_ncp_20250304T0655103610_d_img_d18_x11520_y86400.png,0.2106,406.87,320.97,414.2,330.91
ch2_ohr_ncp_20250304T0655103610_d_img_d18_x11520_y87040.png,0.448,408.2,539.99,414.1,545.89
ch2_ohr_ncp_20250304T0655103610_d_img_d18_x11520_y87680.png,0.5733,304.28,322.06,308.49,326.43
ch2_ohr_ncp_20250304T0655103610_d_img_d18_x11520_y87680.png,0.5292,32.64,439.09,37.23,444.06
ch2_ohr_ncp_20250304T0655103610_d_img_d18_x11520_y87680.png,0.4514,426.09,440.53,431.82,447.2
ch2_ohr_ncp_20250304T0655103610_d_img_d18_x11520_y87680.png,0.4315,414.46,109.5,425.17,120.98
ch2_ohr_ncp_20250304T0655103610_d_img_d18_x11520_y87680.png,0.3863,349.26,0.28,356.01,5.99
ch2_ohr_ncp_20250304T0655103610_d_img_d18_x11520_y87680.png,0.3787,419.99,122.92,426.88,129.5
ch2_ohr_ncp_20250304T0655103610_d_img_d18_x11520_y87680.png,0.364,339.62,354.17,343.6,358.39
ch2_ohr_ncp_20250304T0655103610_d_img_d18_x11520_y87680.png,0.3202,348.0,0.39,354.91,5.82
ch2_ohr_ncp_20250304T0655103610_d_img_d18_x11520_y87680.png,0.2064,58.1,434.56,66.52,444.07
ch2_ohr_ncp_20250304T0655103610_d_img_d18_x11520_y88320.png,0.4317,192.26,264.62,196.58,269.12
ch2_ohr_ncp_20250304T0655103610_d_img_d18_x11520_y88320.png,0.3828,44.0,211.95,49.38,217.44
ch2_ohr_ncp_20250304T0655103610_d_img_d18_x11520_y88320.png,0.3302,224.98,281.75,229.56,287.22
ch2_ohr_ncp_20250304T0655103610_d_img_d18_x11520_y88320.png,0.3261,99.99,284.0,105.34,289.64
ch2_ohr_ncp_20250304T0655103610_d_img_d18_x11520_y88320.png,0.2122,235.89,298.74,241.89,304.69
ch2_ohr_ncp_20250304T0655103610_d_img_d18_x11520_y88960.png,0.4354,52.73,147.49,60.67,155.27
ch2_ohr_ncp_20250304T0655103610_d_img_d18_x11520_y88960.png,0.2739,38.5,18.96,44.01,23.84
ch2_ohr_ncp_20250304T0655103610_d_img_d18_x11520_y88960.png,0.244,37.83,19.6,42.47,24.2
ch2_ohr_ncp_20250304T0655103610_d_img_d18_x11520_y92800.png,0.6204,123.6,283.95,128.47,289.41
ch2_ohr_ncp_20250304T0655103610_d_img_d18_x11520_y92800.png,0.4586,167.5,420.0,172.92,425.8
ch2_ohr_ncp_20250304T0655103610_d_img_d18_x11520_y92800.png,0.3706,164.0,240.11,170.51,246.96
ch2_ohr_ncp_20250304T0655103610_d_img_d18_x11520_y92800.png,0.3582,165.37,240.0,172.01,246.67
ch2_ohr_ncp_20250304T0655103610_d_img_d18_x11520_y92800.png,0.3332,136.71,276.0,141.62,282.96
ch2_ohr_ncp_20250304T0655103610_d_img_d18_x11520_y92800.png,0.32,176.56,249.1,181.41,254.44
ch2_ohr_ncp_20250304T0655103610_d_img_d18_x11520_y92800.png,0.3094,135.99,277.4,141.11,283.05
ch2_ohr_ncp_20250304T0655103610_d_img_d18_x11520_y92800.png,0.3012,147.36,280.62,151.95,285.67
ch2_ohr_ncp_20250304T0655103610_d_img_d18_x11520_y92800.png,0.2768,162.63,279.02,167.6,284.47
ch2_ohr_ncp_20250304T0655103610_d_img_d18_x11520_y92800.png,0.2614,121.0,471.78,125.37,476.2
ch2_ohr_ncp_20250304T0655103610_d_img_d18_x11520_y92800.png,0.2535,142.49,292.0,148.01,297.12
ch2_ohr_ncp_20250304T0655103610_d_img_d18_x11520_y93440.png,0.5308,360.09,114.85,367.13,120.99
ch2_ohr_ncp_20250304T0655103610_d_img_d18_x11520_y93440.png,0.4993,255.93,312.22,262.0,320.02
ch2_ohr_ncp_20250304T0655103610_d_img_d18_x11520_y93440.png,0.4515,296.49,121.93,300.79,126.23
ch2_ohr_ncp_20250304T0655103610_d_img_d18_x11520_y93440.png,0.2893,448.33,142.85,454.55,148.07
ch2_ohr_ncp_20250304T0655103610_d_img_d18_x11520_y93440.png,0.273,307.91,287.43,312.78,293.53
ch2_ohr_ncp_20250304T0655103610_d_img_d18_x11520_y93440.png,0.2467,237.53,192.53,244.02,197.4
ch2_ohr_ncp_20250304T0655103610_d_img_d18_x11520_y93440.png,0.2282,456.68,201.89,461.14,207.2
ch2_ohr_ncp_20250304T0655103610_d_img_d18_x11520_y93440.png,0.2057,298.87,283.64,303.13,287.67
ch2_ohr_ncp_20250304T1050453845_d_img_d18_x00640_y45440.png,0.2019,87.29,571.26,111.31,599.02
ch2_ohr_ncp_20250304T1050453845_d_img_d18_x01280_y84480.png,0.2107,101.08,52.69,130.62,108.38
ch2_ohr_ncp_20250304T1050453845_d_img_d18_x01280_y90880.png,0.2479,623.01,172.0,628.02,177.77
ch2_ohr_ncp_20250304T1050453845_d_img_d18_x01920_y85120.png,0.4237,137.93,393.02,144.27,399.56
ch2_ohr_ncp_20250304T1050453845_d_img_d18_x02560_y91520.png,0.2357,94.74,1.09,131.18,38.45
ch2_ohr_ncp_20250304T1050453845_d_img_d18_x03200_y52480.png,0.209,102.63,597.21,188.27,634.83
ch2_ohr_ncp_20250304T1050453845_d_img_d18_x03200_y55040.png,0.2122,19.31,566.82,71.07,607.28
ch2_ohr_ncp_20250304T1050453845_d_img_d18_x03200_y85120.png,0.2043,8.62,440.84,86.34,467.79
ch2_ohr_ncp_20250304T1050453845_d_img_d18_x03840_y85120.png,0.2996,22.75,80.79,49.14,144.43
ch2_ohr_ncp_20250304T1050453845_d_img_d18_x03840_y85760.png,0.2849,98.63,331.65,132.4,386.98
ch2_ohr_ncp_20250304T1050453845_d_img_d18_x03840_y85760.png,0.2096,55.99,473.89,61.11,478.76
ch2_ohr_ncp_20250304T1050453845_d_img_d18_x03840_y86400.png,0.2292,524.33,355.11,590.26,394.01
ch2_ohr_ncp_20250304T1050453845_d_img_d18_x04480_y87040.png,0.2681,333.65,515.16,356.37,559.35
ch2_ohr_ncp_20250304T1050453845_d_img_d18_x05120_y56960.png,0.206,271.91,608.66,309.32,638.81
ch2_ohr_ncp_20250304T1050453845_d_img_d18_x05760_y87680.png,0.3107,549.89,604.58,583.53,635.52
ch2_ohr_ncp_20250304T1050453845_d_img_d18_x06400_y54400.png,0.2395,186.76,310.44,243.74,347.34
ch2_ohr_ncp_20250304T1050453845_d_img_d18_x06400_y88320.png,0.462,201.29,301.93,229.73,369.5
ch2_ohr_ncp_20250304T1050453845_d_img_d18_x07040_y47360.png,0.3237,367.44,565.38,411.83,612.84
ch2_ohr_ncp_20250304T1050453845_d_img_d18_x07040_y92160.png,0.2189,617.76,453.21,640.0,552.16
ch2_ohr_ncp_20250304T1050453845_d_img_d18_x07680_y89600.png,0.2968,191.33,258.25,209.02,305.96
ch2_ohr_ncp_20250304T1050453845_d_img_d18_x08320_y92160.png,0.2306,389.61,557.27,418.38,618.9
ch2_ohr_ncp_20250304T1050453845_d_img_d18_x08960_y90240.png,0.2796,359.32,535.7,366.92,542.3
ch2_ohr_ncp_20250304T1050453845_d_img_d18_x08960_y90240.png,0.2016,342.3,399.84,348.03,404.49
ch2_ohr_ncp_20250304T1050453845_d_img_d18_x08960_y92160.png,0.2569,113.19,74.25,131.5,122.65
ch2_ohr_ncp_20250304T1050453845_d_img_d18_x08960_y96640.png,0.2912,115.89,300.0,121.24,306.36
ch2_ohr_ncp_20250304T1050453845_d_img_d18_x09600_y97280.png,0.3787,378.12,425.93,383.75,431.37
ch2_ohr_ncp_20250304T1050453845_d_img_d18_x09600_y97280.png,0.3559,306.97,307.81,312.83,314.19
ch2_ohr_ncp_20250304T1050453845_d_img_d18_x09600_y97280.png,0.3533,389.86,283.19,396.01,288.02
ch2_ohr_ncp_20250304T1050453845_d_img_d18_x09600_y97280.png,0.2315,388.0,283.38,394.83,287.94
ch2_ohr_ncp_20250304T1050453845_d_img_d18_x10240_y90880.png,0.2513,190.49,583.53,219.49,628.14
ch2_ohr_ncp_20250304T1050453845_d_img_d18_x10240_y90880.png,0.2375,95.88,305.18,101.73,311.03
ch2_ohr_ncp_20250304T1050453845_d_img_d18_x10240_y97920.png,0.3495,227.96,62.37,232.4,68.03
ch2_ohr_ncp_20250304T1050453845_d_img_d18_x10240_y97920.png,0.3363,201.27,86.42,207.74,92.74
ch2_ohr_ncp_20250304T1050453845_d_img_d18_x10240_y97920.png,0.2519,101.87,231.76,106.23,235.94
ch2_ohr_ncp_20250304T1050453845_d_img_d18_x10240_y97920.png,0.237,119.95,304.62,126.94,310.02
ch2_ohr_ncp_20250304T1050453845_d_img_d18_x10240_y97920.png,0.2127,83.42,258.49,88.98,264.13
ch2_ohr_ncp_20250304T1050453845_d_img_d18_x10240_y97920.png,0.2072,407.39,283.26,412.74,289.47
ch2_ohr_ncp_20250304T1050453845_d_img_d18_x10880_y91520.png,0.2063,411.45,531.95,433.28,586.14
ch2_ohr_ncp_20250304T1050453845_d_img_d18_x11520_y92800.png,0.3108,61.65,611.38,68.46,618.2
ch2_ohr_ncp_20250304T1050453845_d_img_d18_x11520_y93440.png,0.4886,291.29,511.17,296.65,516.18
ch2_ohr_ncp_20250304T1050453845_d_img_d18_x11520_y93440.png,0.4309,355.89,406.78,360.75,412.0
ch2_ohr_ncp_20250304T1050453845_d_img_d18_x11520_y93440.png,0.4227,40.73,220.81,52.98,231.43
ch2_ohr_ncp_20250304T1050453845_d_img_d18_x11520_y93440.png,0.4066,323.9,468.0,328.92,473.79
ch2_ohr_ncp_20250304T1050453845_d_img_d18_x11520_y93440.png,0.4063,434.1,548.0,438.1,553.39
ch2_ohr_ncp_20250304T1050453845_d_img_d18_x11520_y93440.png,0.3977,59.41,301.68,71.3,311.66
ch2_ohr_ncp_20250304T1050453845_d_img_d18_x11520_y93440.png,0.3911,232.42,106.91,237.12,112.28
ch2_ohr_ncp_20250304T1050453845_d_img_d18_x11520_y93440.png,0.3812,77.06,568.21,84.01,574.84
ch2_ohr_ncp_20250304T1050453845_d_img_d18_x11520_y93440.png,0.3147,237.79,631.25,244.89,637.6
ch2_ohr_ncp_20250304T1050453845_d_img_d18_x11520_y93440.png,0.2995,195.53,90.68,202.43,99.13
ch2_ohr_ncp_20250304T1050453845_d_img_d18_x11520_y93440.png,0.281,181.69,23.68,191.18,32.33
ch2_ohr_ncp_20250304T1050453845_d_img_d18_x11520_y93440.png,0.2809,394.43,513.15,398.81,517.49
ch2_ohr_ncp_20250304T1050453845_d_img_d18_x11520_y93440.png,0.2556,369.63,400.78,373.34,404.54
ch2_ohr_ncp_20250304T1050453845_d_img_d18_x11520_y93440.png,0.2295,175.54,38.18,181.88,44.01
ch2_ohr_ncp_20250304T1050453845_d_img_d18_x11520_y93440.png,0.2097,148.38,45.66,160.52,55.08
ch2_ohr_ncp_20250304T1050453845_d_img_d18_x11520_y94080.png,0.6287,207.99,309.26,214.89,316.05
ch2_ohr_ncp_20250304T1050453845_d_img_d18_x11520_y94080.png,0.4216,355.89,400.76,363.14,407.62
ch2_ohr_ncp_20250304T1050453845_d_img_d18_x11520_y94080.png,0.3683,274.77,65.85,286.29,78.46
ch2_ohr_ncp_20250304T1050453845_d_img_d18_x11520_y94080.png,0.3542,216.44,106.5,220.66,110.88
ch2_ohr_ncp_20250304T1050453845_d_img_d18_x11520_y94080.png,0.3466,87.73,139.23,92.8,145.51
ch2_ohr_ncp_20250304T1050453845_d_img_d18_x11520_y94080.png,0.2648,12.0,543.37,17.66,548.0
ch2_ohr_ncp_20250304T1050453845_d_img_d18_x11520_y94080.png,0.2037,115.94,219.4,124.42,227.36
ch2_ohr_ncp_20250304T1050453845_d_img_d18_x11520_y95360.png,0.2869,259.51,349.65,266.61,356.02
ch2_ohr_ncp_20250304T1050453845_d_img_d18_x11520_y95360.png,0.2853,98.21,501.56,108.85,509.81
ch2_ohr_ncp_20250304T1050453845_d_img_d18_x11520_y95360.png,0.2323,319.67,371.12,327.79,381.53
ch2_ohr_ncp_20250304T1050453845_d_img_d18_x11520_y95360.png,0.2136,95.48,495.63,105.98,506.51
ch2_ohr_ncp_20250304T1050453845_d_img_d18_x11520_y95360.png,0.2117,282.52,355.63,287.29,360.0
ch2_ohr_ncp_20250304T1050453845_d_img_d18_x11520_y96000.png,0.5315,112.03,285.23,119.71,292.84
ch2_ohr_ncp_20250304T1050453845_d_img_d18_x11520_y96000.png,0.4519,35.03,463.35,40.34,468.07
ch2_ohr_ncp_20250304T1050453845_d_img_d18_x11520_y96000.png,0.4054,191.42,451.26,197.69,457.1
ch2_ohr_ncp_20250304T1050453845_d_img_d18_x11520_y96000.png,0.3391,443.47,372.0,447.04,376.39
ch2_ohr_ncp_20250304T1050453845_d_img_d18_x11520_y96000.png,0.3223,423.01,413.32,428.46,420.45
ch2_ohr_ncp_20250304T1050453845_d_img_d18_x11520_y96000.png,0.2983,65.06,293.59,70.64,300.08
ch2_ohr_ncp_20250304T1050453845_d_img_d18_x11520_y96000.png,0.2678,250.72,0.51,269.82,10.55
ch2_ohr_ncp_20250304T1050453845_d_img_d18_x11520_y96000.png,0.262,120.74,311.05,133.39,324.93
ch2_ohr_ncp_20250304T1050453845_d_img_d18_x11520_y96000.png,0.2566,458.99,96.42,465.51,102.28
ch2_ohr_ncp_20250304T1050453845_d_img_d18_x11520_y96000.png,0.2404,438.94,236.0,444.0,240.99
ch2_ohr_ncp_20250304T1050453845_d_img_d18_x11520_y96000.png,0.2214,250.76,1.57,261.95,9.9
ch2_ohr_ncp_20250304T1050453845_d_img_d18_x11520_y96640.png,0.388,114.56,292.0,119.12,297.64
ch2_ohr_ncp_20250304T1050453845_d_img_d18_x11520_y96640.png,0.3106,419.72,102.62,426.45,108.78
ch2_ohr_ncp_20250304T1050453845_d_img_d18_x11520_y96640.png,0.2761,129.8,285.96,133.33,292.0
ch2_ohr_ncp_20250304T1050453845_d_img_d18_x11520_y97280.png,0.6393,278.45,515.87,285.11,522.89
ch2_ohr_ncp_20250304T1050453845_d_img_d18_x11520_y97280.png,0.4924,369.13,431.04,374.46,436.56
ch2_ohr_ncp_20250304T1050453845_d_img_d18_x11520_y97280.png,0.4167,264.54,635.92,271.17,639.77
ch2_ohr_ncp_20250304T1050453845_d_img_d18_x11520_y97280.png,0.2439,287.43,499.75,292.55,504.63
ch2_ohr_ncp_20250304T1050453845_d_img_d18_x11520_y97280.png,0.2137,387.94,611.44,392.52,615.34
ch2_ohr_ncp_20250304T1050453845_d_img_d18_x11520_y97920.png,0.6899,148.88,133.85,156.46,140.28
ch2_ohr_ncp_20250304T1050453845_d_img_d18_x11520_y97920.png,0.6846,82.55,235.58,89.15,242.9
ch2_ohr_ncp_20250304T1050453845_d_img_d18_x11520_y97920.png,0.6842,34.1,329.75,38.7,335.22
ch2_ohr_ncp_20250304T1050453845_d_img_d18_x11520_y97920.png,0.6425,306.38,203.13,312.23,209.77
ch2_ohr_ncp_20250304T1050453845_d_img_d18_x11520_y97920.png,0.6057,363.42,433.3,367.96,438.04
ch2_ohr_ncp_20250304T1050453845_d_img_d18_x11520_y97920.png,0.6051,338.83,502.28,345.44,509.14
ch2_ohr_ncp_20250304T1050453845_d_img_d18_x11520_y97920.png,0.5958,114.52,205.49,123.44,213.36
ch2_ohr_ncp_20250304T1050453845_d_img_d18_x11520_y97920.png,0.585,182.58,301.7,189.82,308.73
ch2_ohr_ncp_20250304T1050453845_d_img_d18_x11520_y97920.png,0.5703,347.99,370.45,352.43,374.68
ch2_ohr_ncp_20250304T1050453845_d_img_d18_x11520_y97920.png,0.5352,274.02,359.35,278.44,364.02
ch2_ohr_ncp_20250304T1050453845_d_img_d18_x11520_y97920.png,0.5343,377.67,56.12,385.41,62.68
ch2_ohr_ncp_20250304T1050453845_d_img_d18_x11520_y97920.png,0.5148,306.66,401.54,312.14,409.42
ch2_ohr_ncp_20250304T1050453845_d_img_d18_x11520_y97920.png,0.5036,337.67,393.38,342.12,397.38
ch2_ohr_ncp_20250304T1050453845_d_img_d18_x11520_y97920.png,0.4758,289.75,355.99,295.19,361.82
ch2_ohr_ncp_20250304T1050453845_d_img_d18_x11520_y97920.png,0.4752,410.25,595.98,415.18,600.74
ch2_ohr_ncp_20250304T1050453845_d_img_d18_x11520_y97920.png,0.4665,191.63,332.0,200.7,342.23
ch2_ohr_ncp_20250304T1050453845_d_img_d18_x11520_y97920.png,0.466,365.72,226.2,372.0,231.62
ch2_ohr_ncp_20250304T1050453845_d_img_d18_x11520_y97920.png,0.4496,120.13,151.69,124.89,156.95
ch2_ohr_ncp_20250304T1050453845_d_img_d18_x11520_y97920.png,0.4427,275.98,377.34,281.49,382.48
ch2_ohr_ncp_20250304T1050453845_d_img_d18_x11520_y97920.png,0.4423,227.92,351.69,234.54,358.1
ch2_ohr_ncp_20250304T1050453845_d_img_d18_x11520_y97920.png,0.4401,164.08,261.35,169.78,266.5
ch2_ohr_ncp_20250304T1050453845_d_img_d18_x11520_y97920.png,0.4288,319.39,482.54,329.8,492.7
ch2_ohr_ncp_20250304T1050453845_d_img_d18_x11520_y97920.png,0.4272,131.42,259.98,136.57,265.01
ch2_ohr_ncp_20250304T1050453845_d_img_d18_x11520_y97920.png,0.3948,419.56,571.3,428.33,580.83
ch2_ohr_ncp_20250304T1050453845_d_img_d18_x11520_y97920.png,0.3933,364.0,226.33,370.72,231.63
ch2_ohr_ncp_20250304T1050453845_d_img_d18_x11520_y97920.png,0.3863,305.56,412.06,311.21,420.02
ch2_ohr_ncp_20250304T1050453845_d_img_d18_x11520_y97920.png,0.3752,275.98,384.8,281.4,392.31
ch2_ohr_ncp_20250304T1050453845_d_img_d18_x11520_y97920.png,0.3737,334.24,59.52,340.06,65.25
ch2_ohr_ncp_20250304T1050453845_d_img_d18_x11520_y97920.png,0.3548,265.22,368.79,269.95,374.1
ch2_ohr_ncp_20250304T1050453845_d_img_d18_x11520_y97920.png,0.3532,353.83,192.43,358.69,196.17
ch2_ohr_ncp_20250304T1050453845_d_img_d18_x11520_y97920.png,0.3494,316.54,103.71,326.13,112.86
ch2_ohr_ncp_20250304T1050453845_d_img_d18_x11520_y97920.png,0.3492,371.78,555.97,376.34,561.08
ch2_ohr_ncp_20250304T1050453845_d_img_d18_x11520_y97920.png,0.348,346.19,403.98,350.24,408.35
ch2_ohr_ncp_20250304T1050453845_d_img_d18_x11520_y97920.png,0.3454,111.13,247.09,118.28,254.04
ch2_ohr_ncp_20250304T1050453845_d_img_d18_x11520_y97920.png,0.3405,92.59,110.36,100.98,118.74
ch2_ohr_ncp_20250304T1050453845_d_img_d18_x11520_y97920.png,0.3403,28.0,146.83,33.42,151.93
ch2_ohr_ncp_20250304T1050453845_d_img_d18_x11520_y97920.png,0.3221,291.33,219.19,295.98,224.41
ch2_ohr_ncp_20250304T1050453845_d_img_d18_x11520_y97920.png,0.2927,174.6,120.16,181.21,126.26
ch2_ohr_ncp_20250304T1050453845_d_img_d18_x11520_y97920.png,0.2769,281.0,32.07,284.97,36.04
ch2_ohr_ncp_20250304T1050453845_d_img_d18_x11520_y97920.png,0.2736,320.17,401.0,325.65,407.23
ch2_ohr_ncp_20250304T1050453845_d_img_d18_x11520_y97920.png,0.245,264.71,446.58,268.67,452.0
ch2_ohr_ncp_20250304T1050453845_d_img_d18_x11520_y97920.png,0.2261,361.33,243.54,365.7,247.95
ch2_ohr_ncp_20250304T1050453845_d_img_d18_x11520_y97920.png,0.2222,297.66,201.67,302.8,206.4
ch2_ohr_ncp_20250304T1050453845_d_img_d18_x11520_y97920.png,0.213,294.1,31.65,300.0,36.08
ch2_ohr_ncp_20250304T1050453845_d_img_d18_x11520_y97920.png,0.2098,163.82,261.1,169.92,268.0
ch2_ohr_ncp_20250304T1050453845_d_img_d18_x11520_y97920.png,0.2094,160.02,111.73,165.29,117.07
ch2_ohr_ncp_20250304T1050453845_d_img_d18_x11520_y98560.png,0.3679,176.26,578.0,180.3,582.55
ch2_ohr_ncp_20250304T1050453845_d_img_d18_x11520_y98560.png,0.2486,379.79,540.0,384.14,544.84
ch2_ohr_ncp_20250304T1050453845_d_img_d18_x11520_y98560.png,0.2093,0.39,406.33,8.04,413.38
ch2_ohr_ncp_20250304T1050453845_d_img_d18_x11520_y99200.png,0.3695,299.26,622.78,306.9,628.72
ch2_ohr_ncp_20250304T1050453845_d_img_d18_x11520_y99200.png,0.3208,402.48,63.84,409.46,71.97
ch2_ohr_ncp_20250304T1050453845_d_img_d18_x11520_y99840.png,0.3583,342.82,195.21,348.06,199.7
ch2_ohr_ncp_20250304T1249251285_d_img_d18_x00640_y83200.png,0.3065,8.77,631.27,18.21,639.73
ch2_ohr_ncp_20250304T1249251285_d_img_d18_x00640_y83200.png,0.2612,21.25,617.02,30.5,628.04
ch2_ohr_ncp_20250304T1249251285_d_img_d18_x00640_y83200.png,0.2344,94.61,399.66,101.73,408.54
ch2_ohr_ncp_20250304T1249251285_d_img_d18_x00640_y91520.png,0.2626,503.07,257.68,508.02,262.24
ch2_ohr_ncp_20250304T1249251285_d_img_d18_x01280_y50560.png,0.2852,0.0,373.83,38.71,459.27
ch2_ohr_ncp_20250304T1249251285_d_img_d18_x01280_y81920.png,0.3175,55.02,527.86,97.18,626.93
ch2_ohr_ncp_20250304T1249251285_d_img_d18_x01280_y82560.png,0.3349,156.8,0.0,275.48,65.82
ch2_ohr_ncp_20250304T1249251285_d_img_d18_x01280_y83840.png,0.203,123.65,575.57,144.01,619.68
ch2_ohr_ncp_20250304T1249251285_d_img_d18_x01280_y86400.png,0.2016,397.93,589.08,416.64,620.8
ch2_ohr_ncp_20250304T1249251285_d_img_d18_x01280_y92160.png,0.3765,167.6,19.82,173.18,25.51
ch2_ohr_ncp_20250304T1249251285_d_img_d18_x01280_y92160.png,0.2235,615.71,225.48,620.11,229.61
ch2_ohr_ncp_20250304T1249251285_d_img_d18_x01280_y92160.png,0.2226,400.43,106.88,404.42,110.41
ch2_ohr_ncp_20250304T1249251285_d_img_d18_x01920_y39680.png,0.2255,500.93,0.9,545.89,42.61
ch2_ohr_ncp_20250304T1249251285_d_img_d18_x01920_y44800.png,0.2047,193.03,573.88,220.8,626.89
ch2_ohr_ncp_20250304T1249251285_d_img_d18_x02560_y44160.png,0.2542,322.33,495.49,385.21,524.52
ch2_ohr_ncp_20250304T1249251285_d_img_d18_x02560_y83840.png,0.4351,4.81,625.86,12.81,634.96
ch2_ohr_ncp_20250304T1249251285_d_img_d18_x02560_y83840.png,0.3784,18.12,609.46,23.22,615.11
ch2_ohr_ncp_20250304T1249251285_d_img_d18_x02560_y83840.png,0.3343,38.31,383.51,44.01,389.19
ch2_ohr_ncp_20250304T1249251285_d_img_d18_x02560_y85120.png,0.5859,64.3,365.67,70.38,372.01
ch2_ohr_ncp_20250304T1249251285_d_img_d18_x02560_y85120.png,0.3533,33.48,364.0,38.78,370.33
ch2_ohr_ncp_20250304T1249251285_d_img_d18_x02560_y85120.png,0.2175,73.54,137.2,79.68,148.1
ch2_ohr_ncp_20250304T1249251285_d_img_d18_x02560_y92800.png,0.3659,264.93,89.16,326.71,176.4
ch2_ohr_ncp_20250304T1249251285_d_img_d18_x03200_y43520.png,0.206,180.35,181.77,203.83,230.21
ch2_ohr_ncp_20250304T1249251285_d_img_d18_x03200_y83840.png,0.315,275.68,562.1,283.6,570.02
ch2_ohr_ncp_20250304T1249251285_d_img_d18_x03200_y84480.png,0.3051,0.77,407.83,9.66,417.55
ch2_ohr_ncp_20250304T1249251285_d_img_d18_x03200_y93440.png,0.2357,613.42,247.95,620.61,255.17
ch2_ohr_ncp_20250304T1249251285_d_img_d18_x03840_y87040.png,0.2278,233.81,554.98,251.29,598.39
ch2_ohr_ncp_20250304T1249251285_d_img_d18_x04480_y94080.png,0.2244,447.48,211.26,457.39,219.58
ch2_ohr_ncp_20250304T1249251285_d_img_d18_x05120_y50560.png,0.2777,439.89,469.6,509.56,500.11
ch2_ohr_ncp_20250304T1249251285_d_img_d18_x05120_y50560.png,0.2238,206.66,56.3,265.04,87.76
ch2_ohr_ncp_20250304T1249251285_d_img_d18_x05120_y95360.png,0.3852,359.24,11.76,366.15,18.38
ch2_ohr_ncp_20250304T1249251285_d_img_d18_x05760_y94720.png,0.2654,280.2,270.19,303.23,347.57
ch2_ohr_ncp_20250304T1249251285_d_img_d18_x05760_y94720.png,0.2231,273.36,265.47,299.18,348.27
ch2_ohr_ncp_20250304T1249251285_d_img_d18_x05760_y95360.png,0.3928,384.09,278.4,390.36,284.68
ch2_ohr_ncp_20250304T1249251285_d_img_d18_x06400_y54400.png,0.3049,294.52,0.05,355.12,27.72
ch2_ohr_ncp_20250304T1249251285_d_img_d18_x06400_y88320.png,0.2045,363.3,419.12,385.87,482.08
ch2_ohr_ncp_20250304T1249251285_d_img_d18_x06400_y88960.png,0.4236,355.17,38.51,374.03,84.48
ch2_ohr_ncp_20250304T1249251285_d_img_d18_x07040_y51840.png,0.3627,488.02,560.31,493.38,566.2
ch2_ohr_ncp_20250304T1249251285_d_img_d18_x07040_y88320.png,0.2916,408.52,584.23,462.29,609.15
ch2_ohr_ncp_20250304T1249251285_d_img_d18_x07040_y88320.png,0.2272,399.55,577.31,462.06,610.33
ch2_ohr_ncp_20250304T1249251285_d_img_d18_x07680_y97920.png,0.2007,413.98,208.13,420.0,213.28
ch2_ohr_ncp_20250304T1249251285_d_img_d18_x08320_y89600.png,0.4046,0.01,207.04,4.03,215.09
ch2_ohr_ncp_20250304T1249251285_d_img_d18_x08320_y89600.png,0.3736,420.1,0.0,559.21,38.12
ch2_ohr_ncp_20250304T1249251285_d_img_d18_x08320_y89600.png,0.2982,42.13,614.42,49.96,623.52
ch2_ohr_ncp_20250304T1249251285_d_img_d18_x08320_y89600.png,0.2932,26.1,451.92,32.15,458.76
ch2_ohr_ncp_20250304T1249251285_d_img_d18_x08320_y89600.png,0.2343,14.81,629.92,29.34,640.0
ch2_ohr_ncp_20250304T1249251285_d_img_d18_x08320_y89600.png,0.2035,11.99,201.64,17.45,206.33
ch2_ohr_ncp_20250304T1249251285_d_img_d18_x08320_y98560.png,0.6876,497.17,376.82,503.03,382.66
ch2_ohr_ncp_20250304T1249251285_d_img_d18_x08320_y98560.png,0.5467,541.62,336.09,548.02,342.52
ch2_ohr_ncp_20250304T1249251285_d_img_d18_x08320_y98560.png,0.4947,511.17,371.42,516.78,376.64
ch2_ohr_ncp_20250304T1249251285_d_img_d18_x08320_y98560.png,0.4479,471.97,196.66,478.0,202.19
ch2_ohr_ncp_20250304T1249251285_d_img_d18_x08320_y98560.png,0.3981,533.01,187.99,540.01,192.68
ch2_ohr_ncp_20250304T1249251285_d_img_d18_x08320_y98560.png,0.3444,419.76,246.57,424.14,251.78
ch2_ohr_ncp_20250304T1249251285_d_img_d18_x08320_y98560.png,0.3226,540.0,336.33,547.17,342.23
ch2_ohr_ncp_20250304T1249251285_d_img_d18_x08320_y98560.png,0.319,487.97,181.96,492.77,186.97
ch2_ohr_ncp_20250304T1249251285_d_img_d18_x08320_y98560.png,0.2612,497.58,375.99,504.02,382.88
ch2_ohr_ncp_20250304T1249251285_d_img_d18_x08320_y98560.png,0.2284,472.72,196.95,478.52,204.0
ch2_ohr_ncp_20250304T1249251285_d_img_d18_x08320_y98560.png,0.2239,533.84,515.86,539.39,520.29
ch2_ohr_ncp_20250304T1249251285_d_img_d18_x08320_y98560.png,0.2238,415.41,44.0,420.02,49.67
ch2_ohr_ncp_20250304T1249251285_d_img_d18_x08320_y98560.png,0.2175,555.92,152.21,561.19,156.42
ch2_ohr_ncp_20250304T1249251285_d_img_d18_x08960_y90880.png,0.2295,44.26,153.6,52.01,160.94
ch2_ohr_ncp_20250304T1249251285_d_img_d18_x08960_y99200.png,0.5319,577.22,145.37,582.09,150.78
ch2_ohr_ncp_20250304T1249251285_d_img_d18_x08960_y99200.png,0.466,528.71,164.0,533.56,168.67
ch2_ohr_ncp_20250304T1249251285_d_img_d18_x08960_y99200.png,0.3532,563.06,210.88,568.63,218.15
ch2_ohr_ncp_20250304T1249251285_d_img_d18_x08960_y99200.png,0.3355,553.07,609.3,558.35,614.26
ch2_ohr_ncp_20250304T1249251285_d_img_d18_x08960_y99200.png,0.3226,532.0,145.84,537.82,150.38
ch2_ohr_ncp_20250304T1249251285_d_img_d18_x08960_y99200.png,0.2637,539.99,135.07,545.45,140.0
ch2_ohr_ncp_20250304T1249251285_d_img_d18_x08960_y99200.png,0.2106,448.82,33.75,454.21,39.7
ch2_ohr_ncp_20250304T1249251285_d_img_d18_x09600_y100480.png,0.4414,633.51,307.13,639.08,313.07
ch2_ohr_ncp_20250304T1249251285_d_img_d18_x09600_y100480.png,0.2353,631.99,306.97,638.61,313.09
ch2_ohr_ncp_20250304T1249251285_d_img_d18_x09600_y91520.png,0.5791,110.08,571.96,116.07,577.83
ch2_ohr_ncp_20250304T1249251285_d_img_d18_x09600_y91520.png,0.3709,142.45,522.92,151.05,531.28
ch2_ohr_ncp_20250304T1249251285_d_img_d18_x09600_y91520.png,0.2204,86.81,416.66,92.87,423.57
ch2_ohr_ncp_20250304T1249251285_d_img_d18_x09600_y97280.png,0.2071,616.39,68.27,640.0,168.06
ch2_ohr_ncp_20250304T1249251285_d_img_d18_x09600_y97280.png,0.2043,612.21,64.8,640.0,169.73
ch2_ohr_ncp_20250304T1249251285_d_img_d18_x09600_y99840.png,0.4125,487.14,373.12,491.15,377.67
ch2_ohr_ncp_20250304T1249251285_d_img_d18_x09600_y99840.png,0.2981,487.3,372.0,492.01,377.73
ch2_ohr_ncp_20250304T1249251285_d_img_d18_x10240_y100480.png,0.6135,542.28,96.38,550.08,106.75
ch2_ohr_ncp_20250304T1249251285_d_img_d18_x10240_y100480.png,0.3398,587.4,163.97,590.96,168.38
ch2_ohr_ncp_20250304T1249251285_d_img_d18_x10240_y100480.png,0.2513,586.7,594.93,639.46,637.69
ch2_ohr_ncp_20250304T1249251285_d_img_d18_x10240_y100480.png,0.2508,586.27,110.3,590.2,116.0
ch2_ohr_ncp_20250304T1249251285_d_img_d18_x10240_y100480.png,0.2375,128.75,244.0,132.84,249.83
ch2_ohr_ncp_20250304T1249251285_d_img_d18_x10240_y92800.png,0.5067,17.46,303.57,22.91,309.33
ch2_ohr_ncp_20250304T1249251285_d_img_d18_x10240_y92800.png,0.3781,110.62,85.18,118.73,92.02
ch2_ohr_ncp_20250304T1249251285_d_img_d18_x10240_y92800.png,0.2542,14.49,85.83,21.23,92.9
ch2_ohr_ncp_20250304T1249251285_d_img_d18_x10240_y92800.png,0.2347,124.0,323.4,130.14,329.08
ch2_ohr_ncp_20250304T1249251285_d_img_d18_x10240_y92800.png,0.2041,40.58,140.0,45.35,146.08
ch2_ohr_ncp_20250304T1249251285_d_img_d18_x10240_y94080.png,0.2373,63.0,461.39,87.93,530.99
ch2_ohr_ncp_20250304T1249251285_d_img_d18_x10880_y100480.png,0.3922,20.92,385.26,28.63,393.47
ch2_ohr_ncp_20250304T1249251285_d_img_d18_x10880_y100480.png,0.319,3.03,594.14,61.82,640.0
ch2_ohr_ncp_20250304T1249251285_d_img_d18_x10880_y100480.png,0.3038,80.68,497.7,85.5,502.21
ch2_ohr_ncp_20250304T1249251285_d_img_d18_x10880_y100480.png,0.2935,61.96,366.72,68.64,374.25
ch2_ohr_ncp_20250304T1249251285_d_img_d18_x10880_y93440.png,0.4315,301.29,402.46,308.14,409.45
ch2_ohr_ncp_20250304T1249251285_d_img_d18_x10880_y93440.png,0.2396,359.72,430.08,365.14,436.34
ch2_ohr_ncp_20250304T1249251285_d_img_d18_x10880_y94720.png,0.2077,15.49,321.92,20.03,326.88
ch2_ohr_ncp_20250304T1249251285_d_img_d18_x11520_y100480.png,0.6897,450.86,370.57,456.05,377.51
ch2_ohr_ncp_20250304T1249251285_d_img_d18_x11520_y100480.png,0.6744,390.97,265.64,397.53,272.5
ch2_ohr_ncp_20250304T1249251285_d_img_d18_x11520_y100480.png,0.507,393.31,553.46,399.14,558.89
ch2_ohr_ncp_20250304T1249251285_d_img_d18_x11520_y100480.png,0.3664,450.26,559.76,456.66,565.48
ch2_ohr_ncp_20250304T1249251285_d_img_d18_x11520_y100480.png,0.3472,361.55,555.9,365.65,560.93
ch2_ohr_ncp_20250304T1249251285_d_img_d18_x11520_y100480.png,0.3455,462.99,400.31,469.89,406.3
ch2_ohr_ncp_20250304T1249251285_d_img_d18_x11520_y100480.png,0.3395,230.53,287.5,236.52,294.44
ch2_ohr_ncp_20250304T1249251285_d_img_d18_x11520_y100480.png,0.29,404.0,302.73,409.7,308.03
ch2_ohr_ncp_20250304T1249251285_d_img_d18_x11520_y100480.png,0.2719,392.14,584.58,397.92,590.14
ch2_ohr_ncp_20250304T1249251285_d_img_d18_x11520_y100480.png,0.2385,298.42,227.43,305.31,236.65
ch2_ohr_ncp_20250304T1249251285_d_img_d18_x11520_y94080.png,0.3909,65.18,158.94,69.86,165.07
ch2_ohr_ncp_20250304T1249251285_d_img_d18_x11520_y94080.png,0.3746,137.91,337.74,142.2,341.76
ch2_ohr_ncp_20250304T1249251285_d_img_d18_x11520_y94080.png,0.2349,65.91,176.19,72.01,182.13
ch2_ohr_ncp_20250304T1249251285_d_img_d18_x11520_y94080.png,0.2135,69.74,453.58,76.01,460.88
ch2_ohr_ncp_20250304T1249251285_d_img_d18_x11520_y94720.png,0.6191,147.86,624.41,153.82,631.46
ch2_ohr_ncp_20250304T1249251285_d_img_d18_x11520_y94720.png,0.4097,25.26,507.01,31.05,512.71
ch2_ohr_ncp_20250304T1249251285_d_img_d18_x11520_y94720.png,0.3648,168.28,618.99,174.48,627.91
ch2_ohr_ncp_20250304T1249251285_d_img_d18_x11520_y94720.png,0.3355,166.35,629.96,174.01,637.47
ch2_ohr_ncp_20250304T1249251285_d_img_d18_x11520_y94720.png,0.3099,23.28,515.99,28.38,521.68
ch2_ohr_ncp_20250304T1249251285_d_img_d18_x11520_y94720.png,0.2844,201.9,625.58,207.69,633.45
ch2_ohr_ncp_20250304T1249251285_d_img_d18_x11520_y94720.png,0.2626,403.99,262.6,410.41,268.46
ch2_ohr_ncp_20250304T1249251285_d_img_d18_x11520_y94720.png,0.2615,380.56,252.91,388.04,260.23
ch2_ohr_ncp_20250304T1249251285_d_img_d18_x11520_y94720.png,0.227,137.4,428.35,142.76,436.01
ch2_ohr_ncp_20250304T1249251285_d_img_d18_x11520_y94720.png,0.2268,219.79,434.05,224.66,440.78
ch2_ohr_ncp_20250304T1249251285_d_img_d18_x11520_y94720.png,0.2237,385.51,227.48,390.43,232.1
ch2_ohr_ncp_20250304T1249251285_d_img_d18_x11520_y95360.png,0.6519,148.78,614.23,156.97,624.49
ch2_ohr_ncp_20250304T1249251285_d_img_d18_x11520_y95360.png,0.5958,457.78,198.83,463.22,204.17
ch2_ohr_ncp_20250304T1249251285_d_img_d18_x11520_y95360.png,0.5953,54.55,90.12,61.81,98.26
ch2_ohr_ncp_20250304T1249251285_d_img_d18_x11520_y95360.png,0.5482,455.51,480.45,461.07,486.35
ch2_ohr_ncp_20250304T1249251285_d_img_d18_x11520_y95360.png,0.4575,170.94,39.65,175.8,44.5
ch2_ohr_ncp_20250304T1249251285_d_img_d18_x11520_y95360.png,0.4532,419.82,359.6,428.36,368.03
ch2_ohr_ncp_20250304T1249251285_d_img_d18_x11520_y95360.png,0.4497,274.66,77.84,280.01,84.98
ch2_ohr_ncp_20250304T1249251285_d_img_d18_x11520_y95360.png,0.4445,34.07,120.61,38.7,125.76
ch2_ohr_ncp_20250304T1249251285_d_img_d18_x11520_y95360.png,0.4283,428.0,63.22,433.8,68.11
ch2_ohr_ncp_20250304T1249251285_d_img_d18_x11520_y95360.png,0.4065,314.25,580.75,326.78,598.82
ch2_ohr_ncp_20250304T1249251285_d_img_d18_x11520_y95360.png,0.374,283.44,468.34,291.37,476.03
ch2_ohr_ncp_20250304T1249251285_d_img_d18_x11520_y95360.png,0.333,465.29,464.29,470.39,469.57
ch2_ohr_ncp_20250304T1249251285_d_img_d18_x11520_y95360.png,0.3194,346.79,61.2,357.27,72.97
ch2_ohr_ncp_20250304T1249251285_d_img_d18_x11520_y95360.png,0.3107,367.38,67.92,376.63,79.14
ch2_ohr_ncp_20250304T1249251285_d_img_d18_x11520_y95360.png,0.3042,238.37,610.61,244.03,615.67
ch2_ohr_ncp_20250304T1249251285_d_img_d18_x11520_y95360.png,0.3011,246.61,619.41,253.21,625.81
ch2_ohr_ncp_20250304T1249251285_d_img_d18_x11520_y95360.png,0.3007,376.29,415.45,381.61,421.49
ch2_ohr_ncp_20250304T1249251285_d_img_d18_x11520_y95360.png,0.2171,148.0,307.23,154.12,314.82
ch2_ohr_ncp_20250304T1249251285_d_img_d18_x11520_y95360.png,0.2131,415.43,353.47,420.06,357.81
ch2_ohr_ncp_20250304T1249251285_d_img_d18_x11520_y95360.png,0.2118,37.45,301.81,44.72,310.63
ch2_ohr_ncp_20250304T1249251285_d_img_d18_x11520_y95360.png,0.2012,46.37,95.36,52.05,100.03
ch2_ohr_ncp_20250304T1249251285_d_img_d18_x11520_y96000.png,0.6177,442.97,616.16,449.48,625.82
ch2_ohr_ncp_20250304T1249251285_d_img_d18_x11520_y96000.png,0.5375,417.46,248.3,422.52,253.86
ch2_ohr_ncp_20250304T1249251285_d_img_d18_x11520_y96000.png,0.4928,409.91,438.03,415.81,444.76
ch2_ohr_ncp_20250304T1249251285_d_img_d18_x11520_y96000.png,0.3591,53.67,0.02,67.13,4.34
ch2_ohr_ncp_20250304T1249251285_d_img_d18_x11520_y96000.png,0.3161,138.69,0.77,144.36,6.1
ch2_ohr_ncp_20250304T1249251285_d_img_d18_x11520_y96000.png,0.2764,473.05,112.04,478.32,119.67
ch2_ohr_ncp_20250304T1249251285_d_img_d18_x11520_y96000.png,0.2234,389.77,471.97,395.51,477.28
ch2_ohr_ncp_20250304T1249251285_d_img_d18_x11520_y96000.png,0.2217,434.43,83.67,439.78,89.3
ch2_ohr_ncp_20250304T1249251285_d_img_d18_x11520_y96000.png,0.2067,333.68,8.44,340.0,13.73
ch2_ohr_ncp_20250304T1249251285_d_img_d18_x11520_y96000.png,0.2033,41.72,138.02,47.44,142.78
ch2_ohr_ncp_20250304T1249251285_d_img_d18_x11520_y96640.png,0.6482,384.59,214.7,392.67,223.66
ch2_ohr_ncp_20250304T1249251285_d_img_d18_x11520_y96640.png,0.6284,408.25,259.4,413.46,265.06
ch2_ohr_ncp_20250304T1249251285_d_img_d18_x11520_y96640.png,0.6219,149.37,42.54,159.6,54.26
ch2_ohr_ncp_20250304T1249251285_d_img_d18_x11520_y96640.png,0.6142,156.97,57.55,165.24,68.03
ch2_ohr_ncp_20250304T1249251285_d_img_d18_x11520_y96640.png,0.5776,337.71,285.66,347.14,297.14
ch2_ohr_ncp_20250304T1249251285_d_img_d18_x11520_y96640.png,0.4848,413.73,231.82,420.19,240.08
ch2_ohr_ncp_20250304T1249251285_d_img_d18_x11520_y96640.png,0.469,318.24,243.05,324.01,248.23
ch2_ohr_ncp_20250304T1249251285_d_img_d18_x11520_y96640.png,0.4627,299.76,284.87,305.73,292.0
ch2_ohr_ncp_20250304T1249251285_d_img_d18_x11520_y96640.png,0.4449,450.08,380.1,457.64,388.38
ch2_ohr_ncp_20250304T1249251285_d_img_d18_x11520_y96640.png,0.3515,218.05,4.0,222.83,10.01
ch2_ohr_ncp_20250304T1249251285_d_img_d18_x11520_y96640.png,0.2693,446.28,246.28,452.03,253.07
ch2_ohr_ncp_20250304T1249251285_d_img_d18_x11520_y96640.png,0.263,129.97,576.18,135.1,581.18
ch2_ohr_ncp_20250304T1249251285_d_img_d18_x11520_y96640.png,0.2233,431.64,321.94,436.14,326.54
ch2_ohr_ncp_20250304T1249251285_d_img_d18_x11520_y96640.png,0.207,323.07,281.6,329.01,287.72
ch2_ohr_ncp_20250304T1249251285_d_img_d18_x11520_y97280.png,0.6486,98.37,192.11,103.87,198.56
ch2_ohr_ncp_20250304T1249251285_d_img_d18_x11520_y97280.png,0.5951,54.1,175.36,60.01,181.35
ch2_ohr_ncp_20250304T1249251285_d_img_d18_x11520_y97280.png,0.5328,403.48,146.55,408.47,151.28
ch2_ohr_ncp_20250304T1249251285_d_img_d18_x11520_y97280.png,0.4618,72.66,99.99,76.76,105.58
ch2_ohr_ncp_20250304T1249251285_d_img_d18_x11520_y97280.png,0.3856,261.63,594.68,269.42,604.28
ch2_ohr_ncp_20250304T1249251285_d_img_d18_x11520_y97280.png,0.3829,206.24,208.3,212.82,216.6
ch2_ohr_ncp_20250304T1249251285_d_img_d18_x11520_y97280.png,0.3715,4.69,413.07,12.14,420.93
ch2_ohr_ncp_20250304T1249251285_d_img_d18_x11520_y97280.png,0.3602,38.13,259.29,44.01,265.34
ch2_ohr_ncp_20250304T1249251285_d_img_d18_x11520_y97280.png,0.3327,213.82,192.36,220.4,199.85
ch2_ohr_ncp_20250304T1249251285_d_img_d18_x11520_y97280.png,0.2944,98.72,83.99,104.14,89.41
ch2_ohr_ncp_20250304T1249251285_d_img_d18_x11520_y97280.png,0.2422,319.97,482.52,325.16,487.61
ch2_ohr_ncp_20250304T1249251285_d_img_d18_x11520_y97280.png,0.2189,0.25,422.07,6.56,428.83
ch2_ohr_ncp_20250304T1249251285_d_img_d18_x11520_y97280.png,0.2131,279.06,392.0,285.4,402.58
ch2_ohr_ncp_20250304T1249251285_d_img_d18_x11520_y97280.png,0.2071,403.81,146.26,409.08,152.0
ch2_ohr_ncp_20250304T1249251285_d_img_d18_x11520_y97920.png,0.601,251.47,286.98,262.38,299.08
ch2_ohr_ncp_20250304T1249251285_d_img_d18_x11520_y97920.png,0.5829,394.09,598.78,400.31,606.89
ch2_ohr_ncp_20250304T1249251285_d_img_d18_x11520_y97920.png,0.5792,347.13,572.0,351.82,578.03
ch2_ohr_ncp_20250304T1249251285_d_img_d18_x11520_y97920.png,0.5515,326.83,558.73,332.05,564.78
ch2_ohr_ncp_20250304T1249251285_d_img_d18_x11520_y97920.png,0.529,283.86,155.8,288.22,160.44
ch2_ohr_ncp_20250304T1249251285_d_img_d18_x11520_y97920.png,0.5067,0.31,496.31,6.2,502.81
ch2_ohr_ncp_20250304T1249251285_d_img_d18_x11520_y97920.png,0.4859,350.3,541.0,359.02,549.0
ch2_ohr_ncp_20250304T1249251285_d_img_d18_x11520_y97920.png,0.4839,376.22,588.0,380.35,593.17
ch2_ohr_ncp_20250304T1249251285_d_img_d18_x11520_y97920.png,0.4585,291.93,132.91,296.77,138.39
ch2_ohr_ncp_20250304T1249251285_d_img_d18_x11520_y97920.png,0.4547,352.27,614.61,356.73,620.01
ch2_ohr_ncp_20250304T1249251285_d_img_d18_x11520_y97920.png,0.3824,419.94,94.54,424.85,100.08
ch2_ohr_ncp_20250304T1249251285_d_img_d18_x11520_y97920.png,0.3699,347.21,528.36,353.82,534.6
ch2_ohr_ncp_20250304T1249251285_d_img_d18_x11520_y97920.png,0.3602,61.23,408.48,70.24,418.8
ch2_ohr_ncp_20250304T1249251285_d_img_d18_x11520_y97920.png,0.3349,309.69,146.1,314.92,152.04
ch2_ohr_ncp_20250304T1249251285_d_img_d18_x11520_y97920.png,0.3308,473.88,226.64,479.21,233.35
ch2_ohr_ncp_20250304T1249251285_d_img_d18_x11520_y97920.png,0.3239,330.02,480.46,335.58,486.35
ch2_ohr_ncp_20250304T1249251285_d_img_d18_x11520_y97920.png,0.3236,0.0,337.39,5.48,352.25
ch2_ohr_ncp_20250304T1249251285_d_img_d18_x11520_y97920.png,0.2877,451.14,233.76,455.89,238.72
ch2_ohr_ncp_20250304T1249251285_d_img_d18_x11520_y97920.png,0.2853,197.59,41.11,205.35,50.7
ch2_ohr_ncp_20250304T1249251285_d_img_d18_x11520_y97920.png,0.262,279.89,126.33,284.22,132.0
ch2_ohr_ncp_20250304T1249251285_d_img_d18_x11520_y97920.png,0.2307,355.05,555.05,359.08,558.82
ch2_ohr_ncp_20250304T1249251285_d_img_d18_x11520_y97920.png,0.2275,392.0,598.78,399.49,606.49
ch2_ohr_ncp_20250304T1249251285_d_img_d18_x11520_y97920.png,0.2228,310.57,132.12,314.66,136.34
ch2_ohr_ncp_20250304T1249251285_d_img_d18_x11520_y97920.png,0.2168,252.0,531.93,258.31,537.92
ch2_ohr_ncp_20250304T1249251285_d_img_d18_x11520_y97920.png,0.2152,332.0,542.29,337.25,548.0
ch2_ohr_ncp_20250304T1249251285_d_img_d18_x11520_y97920.png,0.2017,425.77,43.91,430.14,48.65
ch2_ohr_ncp_20250304T1249251285_d_img_d18_x11520_y97920.png,0.2009,347.02,572.91,351.86,580.0
ch2_ohr_ncp_20250304T1249251285_d_img_d18_x11520_y98560.png,0.6504,388.01,413.72,400.31,425.6
ch2_ohr_ncp_20250304T1249251285_d_img_d18_x11520_y98560.png,0.587,353.67,402.48,361.02,409.92
ch2_ohr_ncp_20250304T1249251285_d_img_d18_x11520_y98560.png,0.4636,401.98,429.22,409.29,437.87
ch2_ohr_ncp_20250304T1249251285_d_img_d18_x11520_y98560.png,0.4579,19.65,405.34,27.59,414.0
ch2_ohr_ncp_20250304T1249251285_d_img_d18_x11520_y98560.png,0.3927,331.97,142.65,336.29,148.0
ch2_ohr_ncp_20250304T1249251285_d_img_d18_x11520_y98560.png,0.3066,379.85,418.16,384.9,422.95
ch2_ohr_ncp_20250304T1249251285_d_img_d18_x11520_y98560.png,0.2627,335.85,163.15,341.63,167.57
ch2_ohr_ncp_20250304T1249251285_d_img_d18_x11520_y98560.png,0.2337,322.4,114.83,327.47,119.84
ch2_ohr_ncp_20250304T1249251285_d_img_d18_x11520_y98560.png,0.2149,450.28,492.0,455.45,499.11
ch2_ohr_ncp_20251007T0659402125_d_img_d18_x02560_y87040.png,0.216,494.75,577.44,522.43,640.0
ch2_ohr_ncp_20251007T0659402125_d_img_d18_x05760_y53120.png,0.299,0.0,616.8,6.99,626.13
ch2_ohr_ncp_20251007T0659402125_d_img_d18_x05760_y53760.png,0.3433,10.54,298.03,20.04,309.01
ch2_ohr_ncp_20251007T0659402125_d_img_d18_x05760_y56320.png,0.2287,1.46,130.76,61.27,244.26
ch2_ohr_ncp_20251007T0659402125_d_img_d18_x07680_y51200.png,0.3241,57.05,601.7,105.27,636.44
ch2_ohr_ncp_20251007T0659402125_d_img_d18_x08320_y53120.png,0.3533,64.78,369.11,97.84,445.03
ch2_ohr_ncp_20251007T0659402125_d_img_d18_x08320_y53120.png,0.315,320.39,183.69,367.74,285.41
ch2_ohr_ncp_20251007T0659402125_d_img_d18_x08320_y59520.png,0.3997,262.13,176.99,288.79,230.59
ch2_ohr_ncp_20251007T0659402125_d_img_d18_x08960_y60800.png,0.2167,604.91,5.83,640.0,58.63
ch2_ohr_ncp_20251007T0659402125_d_img_d18_x09600_y72960.png,0.2134,0.0,485.06,17.05,540.54
ch2_ohr_ncp_20251007T0659402125_d_img_d18_x10240_y54400.png,0.2953,283.05,569.81,299.16,607.34
ch2_ohr_ncp_20251007T0659402125_d_img_d18_x10240_y68480.png,0.2087,358.77,353.63,380.01,394.34
ch2_ohr_ncp_20251007T0659402125_d_img_d18_x10880_y55680.png,0.2073,249.85,411.07,272.62,463.45
ch2_ohr_ncp_20251007T0659402125_d_img_d18_x10880_y58240.png,0.2059,41.97,0.37,66.7,44.61
ch2_ohr_ncp_20251007T0659402125_d_img_d18_x10880_y64000.png,0.2994,5.27,583.94,28.94,635.72
ch2_ohr_ncp_20251007T0659402125_d_img_d18_x10880_y64640.png,0.2196,525.69,438.24,551.24,499.43
ch2_ohr_ncp_20251007T0659402125_d_img_d18_x10880_y76800.png,0.2596,491.16,600.04,516.73,639.89
ch2_ohr_ncp_20251007T0659402125_d_img_d18_x11520_y58240.png,0.4537,312.28,251.17,317.23,256.83
ch2_ohr_ncp_20251007T0659402125_d_img_d18_x11520_y58240.png,0.3667,172.0,329.39,178.14,335.2
ch2_ohr_ncp_20251007T0659402125_d_img_d18_x11520_y58240.png,0.3171,283.64,160.49,289.78,168.18
ch2_ohr_ncp_20251007T0659402125_d_img_d18_x11520_y58240.png,0.3117,15.36,19.61,20.51,25.01
ch2_ohr_ncp_20251007T0659402125_d_img_d18_x11520_y58240.png,0.2199,367.11,203.97,373.33,212.25
ch2_ohr_ncp_20251007T0659402125_d_img_d18_x11520_y58240.png,0.2129,173.56,329.44,180.0,335.32
ch2_ohr_ncp_20251007T0659402125_d_img_d18_x11520_y67200.png,0.3137,62.33,508.12,72.85,526.54
ch2_ohr_ncp_20251007T0659402125_d_img_d18_x11520_y67200.png,0.2742,2.14,447.63,7.68,455.83
ch2_ohr_ncp_20251007T0659402125_d_img_d18_x11520_y67200.png,0.2176,80.19,574.03,88.74,586.8
ch2_ohr_ncp_20251009T1006356898_d_img_d18_x00000_y82560.png,0.2463,362.58,462.48,385.92,511.01
ch2_ohr_ncp_20251009T1006356898_d_img_d18_x00000_y83840.png,0.3157,605.17,475.72,639.09,534.22
ch2_ohr_ncp_20251009T1006356898_d_img_d18_x00000_y87040.png,0.2763,592.51,149.59,624.32,222.53
ch2_ohr_ncp_20251009T1006356898_d_img_d18_x00640_y83840.png,0.3121,27.47,294.2,67.79,380.38
ch2_ohr_ncp_20251009T1006356898_d_img_d18_x00640_y83840.png,0.2611,139.58,461.3,167.39,498.96
ch2_ohr_ncp_20251009T1006356898_d_img_d18_x00640_y85760.png,0.3025,410.58,322.71,433.31,380.11
ch2_ohr_ncp_20251009T1006356898_d_img_d18_x00640_y86400.png,0.2995,88.72,213.04,121.04,257.69
ch2_ohr_ncp_20251009T1006356898_d_img_d18_x00640_y87680.png,0.5125,185.82,125.3,212.66,179.13
ch2_ohr_ncp_20251009T1006356898_d_img_d18_x00640_y87680.png,0.2483,180.31,117.27,214.98,179.37
ch2_ohr_ncp_20251009T1006356898_d_img_d18_x00640_y88960.png,0.2735,143.91,561.51,161.56,603.92
ch2_ohr_ncp_20251009T1006356898_d_img_d18_x00640_y89600.png,0.2495,380.05,231.11,402.82,284.16
ch2_ohr_ncp_20251009T1006356898_d_img_d18_x01280_y86400.png,0.2096,0.0,444.77,19.12,481.71
ch2_ohr_ncp_20251009T1006356898_d_img_d18_x01280_y87680.png,0.2421,0.0,586.29,14.92,635.55
ch2_ohr_ncp_20251009T1006356898_d_img_d18_x01920_y85120.png,0.3403,436.14,54.49,466.8,97.69
ch2_ohr_ncp_20251009T1006356898_d_img_d18_x01920_y86400.png,0.5744,73.99,359.4,77.73,364.05
ch2_ohr_ncp_20251009T1006356898_d_img_d18_x01920_y86400.png,0.3045,139.8,281.2,145.23,286.71
ch2_ohr_ncp_20251009T1006356898_d_img_d18_x01920_y86400.png,0.301,379.62,167.61,419.12,225.53
ch2_ohr_ncp_20251009T1006356898_d_img_d18_x01920_y86400.png,0.2559,31.71,305.35,36.27,309.5
ch2_ohr_ncp_20251009T1006356898_d_img_d18_x01920_y86400.png,0.2486,35.01,291.3,39.26,296.36
ch2_ohr_ncp_20251009T1006356898_d_img_d18_x01920_y86400.png,0.2346,92.0,328.71,97.63,333.49
ch2_ohr_ncp_20251009T1006356898_d_img_d18_x01920_y88320.png,0.2042,570.22,27.22,617.3,128.86
ch2_ohr_ncp_20251009T1006356898_d_img_d18_x01920_y89600.png,0.2259,507.42,110.63,533.19,164.6
ch2_ohr_ncp_20251009T1006356898_d_img_d18_x02560_y79360.png,0.2134,340.27,549.44,367.46,596.09
ch2_ohr_ncp_20251009T1006356898_d_img_d18_x02560_y83200.png,0.2516,149.49,74.91,181.18,148.86
ch2_ohr_ncp_20251009T1006356898_d_img_d18_x03200_y83200.png,0.232,246.68,568.89,270.57,601.06
ch2_ohr_ncp_20251009T1006356898_d_img_d18_x03200_y86400.png,0.2111,349.23,182.37,378.9,241.13
ch2_ohr_ncp_20251009T1006356898_d_img_d18_x03840_y78720.png,0.2036,294.61,559.22,370.2,640.0
ch2_ohr_ncp_20251009T1006356898_d_img_d18_x03840_y80640.png,0.3487,381.21,11.16,424.22,100.79
ch2_ohr_ncp_20251009T1006356898_d_img_d18_x04480_y69760.png,0.238,375.05,598.66,422.11,640.0
ch2_ohr_ncp_20251009T1006356898_d_img_d18_x04480_y69760.png,0.2145,372.87,604.9,415.48,640.0
ch2_ohr_ncp_20251009T1006356898_d_img_d18_x04480_y83200.png,0.3866,604.67,151.97,640.0,228.88
ch2_ohr_ncp_20251009T1006356898_d_img_d18_x04480_y83200.png,0.335,600.27,129.72,640.0,235.24
ch2_ohr_ncp_20251009T1006356898_d_img_d18_x04480_y87680.png,0.2126,73.7,475.97,109.68,533.83
ch2_ohr_ncp_20251009T1006356898_d_img_d18_x04480_y88960.png,0.2595,598.1,93.09,635.17,171.77
ch2_ohr_ncp_20251009T1006356898_d_img_d18_x05120_y73600.png,0.2274,554.23,599.14,582.32,635.81
ch2_ohr_ncp_20251009T1006356898_d_img_d18_x05120_y85120.png,0.2107,24.55,405.56,78.36,500.48
ch2_ohr_ncp_20251009T1006356898_d_img_d18_x05120_y88320.png,0.2504,75.2,545.92,97.18,590.25
ch2_ohr_ncp_20251009T1006356898_d_img_d18_x05760_y76160.png,0.2145,152.19,210.62,178.37,261.99
ch2_ohr_ncp_20251009T1006356898_d_img_d18_x05760_y78720.png,0.3738,199.43,85.48,246.74,186.07
ch2_ohr_ncp_20251009T1006356898_d_img_d18_x06400_y69760.png,0.2244,72.43,0.0,127.57,69.61
ch2_ohr_ncp_20251009T1006356898_d_img_d18_x06400_y72960.png,0.275,391.4,572.66,410.35,629.21
ch2_ohr_ncp_20251009T1006356898_d_img_d18_x07040_y64640.png,0.2005,617.97,404.08,640.0,486.7
ch2_ohr_ncp_20251009T1006356898_d_img_d18_x07040_y70400.png,0.2475,574.44,144.75,624.47,237.94
ch2_ohr_ncp_20251009T1006356898_d_img_d18_x07040_y77440.png,0.2212,202.19,218.4,267.12,338.56
ch2_ohr_ncp_20251009T1006356898_d_img_d18_x07040_y78720.png,0.2083,426.68,8.87,497.28,116.34
ch2_ohr_ncp_20251009T1006356898_d_img_d18_x07040_y81920.png,0.3247,0.0,55.84,42.27,148.44
ch2_ohr_ncp_20251009T1006356898_d_img_d18_x07040_y86400.png,0.2145,0.0,438.95,28.66,497.28
ch2_ohr_ncp_20251009T1006356898_d_img_d18_x07680_y67840.png,0.2281,329.88,381.05,368.42,444.86
ch2_ohr_ncp_20251009T1006356898_d_img_d18_x07680_y68480.png,0.3167,310.09,191.27,334.3,251.32
ch2_ohr_ncp_20251009T1006356898_d_img_d18_x07680_y69760.png,0.2002,593.53,310.73,637.64,399.51
ch2_ohr_ncp_20251009T1006356898_d_img_d18_x07680_y81920.png,0.2642,3.94,406.13,71.11,507.13
ch2_ohr_ncp_20251009T1006356898_d_img_d18_x07680_y87040.png,0.293,620.59,573.28,640.0,625.44
ch2_ohr_ncp_20251009T1006356898_d_img_d18_x08320_y72320.png,0.2001,163.84,393.29,235.16,505.59
ch2_ohr_ncp_20251009T1006356898_d_img_d18_x08960_y63360.png,0.2262,578.89,556.1,634.25,612.01
ch2_ohr_ncp_20251009T1006356898_d_img_d18_x08960_y63360.png,0.2134,291.21,373.79,366.52,406.18
ch2_ohr_ncp_20251009T1006356898_d_img_d18_x08960_y71680.png,0.2461,544.86,237.13,591.36,333.03
ch2_ohr_ncp_20251009T1006356898_d_img_d18_x08960_y81920.png,0.2082,325.48,92.39,355.0,161.2
ch2_ohr_ncp_20251009T1006356898_d_img_d18_x08960_y82560.png,0.2843,137.34,150.38,186.25,243.23
ch2_ohr_ncp_20251009T1006356898_d_img_d18_x09600_y78720.png,0.313,618.4,351.38,639.99,438.89
ch2_ohr_ncp_20251009T1006356898_d_img_d18_x10240_y48000.png,0.238,613.82,33.04,635.85,95.27
ch2_ohr_ncp_20251009T1006356898_d_img_d18_x10240_y49280.png,0.3027,0.0,339.34,18.48,385.24
ch2_ohr_ncp_20251009T1006356898_d_img_d18_x10240_y58240.png,0.3843,568.7,329.32,572.79,334.47
ch2_ohr_ncp_20251009T1006356898_d_img_d18_x10240_y58240.png,0.3823,582.11,323.23,588.01,329.67
ch2_ohr_ncp_20251009T1006356898_d_img_d18_x10240_y61440.png,0.2423,0.0,452.56,22.6,509.98
ch2_ohr_ncp_20251009T1006356898_d_img_d18_x10240_y79360.png,0.2521,0.0,477.23,20.66,525.19
ch2_ohr_ncp_20251009T1006356898_d_img_d18_x10240_y94080.png,0.2099,437.84,551.94,460.46,609.07
ch2_ohr_ncp_20251009T1006356898_d_img_d18_x10880_y51200.png,0.4399,0.0,552.62,18.94,599.91
ch2_ohr_ncp_20251009T1006356898_d_img_d18_x10880_y60160.png,0.2439,89.56,184.94,94.38,191.26
ch2_ohr_ncp_20251009T1006356898_d_img_d18_x10880_y80640.png,0.4116,0.0,542.0,19.14,602.18
ch2_ohr_ncp_20251009T1006356898_d_img_d18_x10880_y87680.png,0.365,613.75,538.16,638.8,598.5
ch2_ohr_ncp_20251009T1006356898_d_img_d18_x10880_y87680.png,0.2279,616.49,549.67,640.0,596.73
ch2_ohr_ncp_20251009T1006356898_d_img_d18_x11520_y51840.png,0.3248,49.08,337.32,52.98,341.98
ch2_ohr_ncp_20251009T1006356898_d_img_d18_x11520_y51840.png,0.3141,9.63,239.29,14.96,245.38
ch2_ohr_ncp_20251009T1006356898_d_img_d18_x11520_y55040.png,0.2254,146.0,487.74,151.76,494.85
ch2_ohr_ncp_20251009T1006356898_d_img_d18_x11520_y67200.png,0.3205,375.26,127.77,381.25,134.93
ch2_ohr_ncp_20251009T1006356898_d_img_d18_x11520_y67840.png,0.2487,24.26,366.59,28.74,372.89
ch2_ohr_ncp_20251009T1006356898_d_img_d18_x11520_y67840.png,0.2315,423.07,380.0,428.02,385.45
ch2_ohr_ncp_20251009T1006356898_d_img_d18_x11520_y72320.png,0.2145,0.0,227.72,29.5,315.99
ch2_ohr_ncp_20251009T1006356898_d_img_d18_x11520_y79360.png,0.337,130.48,423.11,160.52,497.15
ch2_ohr_ncp_20251009T1006356898_d_img_d18_x11520_y86400.png,0.2819,0.0,506.79,17.15,570.5
ch2_ohr_ncp_20251009T1006356898_d_img_d18_x11520_y87680.png,0.2014,416.52,552.36,447.34,610.18
ch2_ohr_ncp_20251009T1205142094_d_img_d18_x00640_y85760.png,0.4186,200.32,598.79,218.31,635.27
ch2_ohr_ncp_20251009T1205142094_d_img_d18_x01280_y76160.png,0.2393,471.78,501.58,498.8,564.28
ch2_ohr_ncp_20251009T1205142094_d_img_d18_x01920_y78720.png,0.2215,2.92,0.6,51.46,66.48
ch2_ohr_ncp_20251009T1205142094_d_img_d18_x01920_y80000.png,0.2406,488.09,0.0,558.15,20.41
ch2_ohr_ncp_20251009T1205142094_d_img_d18_x01920_y87680.png,0.2032,584.08,222.86,630.22,311.41
ch2_ohr_ncp_20251009T1205142094_d_img_d18_x02560_y77440.png,0.2358,452.64,575.7,488.24,621.54
ch2_ohr_ncp_20251009T1205142094_d_img_d18_x02560_y78720.png,0.2254,50.49,137.63,110.23,201.75
ch2_ohr_ncp_20251009T1205142094_d_img_d18_x03200_y74880.png,0.2188,616.98,35.76,639.98,104.58
ch2_ohr_ncp_20251009T1205142094_d_img_d18_x03200_y78720.png,0.3715,363.03,519.2,409.48,611.66
ch2_ohr_ncp_20251009T1205142094_d_img_d18_x03200_y80640.png,0.2627,376.17,535.35,412.35,599.67
ch2_ohr_ncp_20251009T1205142094_d_img_d18_x03840_y74880.png,0.2242,567.98,151.02,631.62,263.97
ch2_ohr_ncp_20251009T1205142094_d_img_d18_x03840_y84480.png,0.2128,603.87,600.08,629.82,636.92
ch2_ohr_ncp_20251009T1205142094_d_img_d18_x04480_y71680.png,0.2432,617.26,423.74,639.85,510.48
ch2_ohr_ncp_20251009T1205142094_d_img_d18_x04480_y87680.png,0.2829,237.5,408.08,329.1,501.15
ch2_ohr_ncp_20251009T1205142094_d_img_d18_x05120_y76160.png,0.3,415.81,116.08,478.77,233.54
ch2_ohr_ncp_20251009T1205142094_d_img_d18_x05760_y67840.png,0.2929,619.25,540.38,640.0,617.48
ch2_ohr_ncp_20251009T1205142094_d_img_d18_x05760_y79360.png,0.2081,518.46,449.3,591.18,568.37
ch2_ohr_ncp_20251009T1205142094_d_img_d18_x06400_y71040.png,0.2272,580.72,488.2,618.22,593.8
ch2_ohr_ncp_20251009T1205142094_d_img_d18_x06400_y74880.png,0.4028,561.21,567.65,600.88,601.42
ch2_ohr_ncp_20251009T1205142094_d_img_d18_x07040_y95360.png,0.2075,359.19,174.97,412.71,219.15
ch2_ohr_ncp_20251009T1205142094_d_img_d18_x07680_y85120.png,0.2169,506.58,328.01,578.65,432.23
ch2_ohr_ncp_20251009T1205142094_d_img_d18_x07680_y85760.png,0.2014,20.23,481.64,60.98,541.71
ch2_ohr_ncp_20251009T1205142094_d_img_d18_x08320_y72320.png,0.2126,82.51,419.97,118.81,500.75
ch2_ohr_ncp_20251009T1205142094_d_img_d18_x08320_y80000.png,0.2014,605.34,562.7,637.26,617.77
ch2_ohr_ncp_20251009T1205142094_d_img_d18_x08960_y78080.png,0.3864,597.3,580.71,628.32,638.64
ch2_ohr_ncp_20251009T1205142094_d_img_d18_x08960_y78720.png,0.2765,250.38,564.49,274.63,615.99
ch2_ohr_ncp_20251009T1205142094_d_img_d18_x08960_y81280.png,0.3826,47.47,321.86,76.73,364.68
ch2_ohr_ncp_20251009T1205142094_d_img_d18_x08960_y90240.png,0.3466,607.03,401.63,640.0,504.76
ch2_ohr_ncp_20251009T1205142094_d_img_d18_x09600_y56320.png,0.2383,0.0,552.43,26.11,620.35
ch2_ohr_ncp_20251009T1205142094_d_img_d18_x09600_y72320.png,0.2029,259.92,103.69,294.59,171.6
ch2_ohr_ncp_20251009T1205142094_d_img_d18_x09600_y76160.png,0.2379,457.52,582.43,479.58,626.16
ch2_ohr_ncp_20251009T1205142094_d_img_d18_x09600_y80000.png,0.2123,77.32,484.57,101.98,539.83
ch2_ohr_ncp_20251009T1205142094_d_img_d18_x09600_y82560.png,0.2211,273.01,450.23,287.89,484.12
ch2_ohr_ncp_20251009T1205142094_d_img_d18_x09600_y95360.png,0.2381,614.1,466.46,639.73,566.96
ch2_ohr_ncp_20251009T1205142094_d_img_d18_x09600_y96000.png,0.2139,404.42,454.5,465.59,558.35
ch2_ohr_ncp_20251009T1205142094_d_img_d18_x09600_y98560.png,0.2948,547.93,530.57,581.29,572.14
ch2_ohr_ncp_20251009T1205142094_d_img_d18_x10240_y49280.png,0.2072,609.35,576.09,640.0,625.82
ch2_ohr_ncp_20251009T1205142094_d_img_d18_x10240_y51200.png,0.2341,238.93,350.37,283.33,401.94
ch2_ohr_ncp_20251009T1205142094_d_img_d18_x10240_y58240.png,0.3718,382.25,157.99,429.96,203.71
ch2_ohr_ncp_20251009T1205142094_d_img_d18_x10240_y58880.png,0.3369,25.96,27.57,32.25,34.23
ch2_ohr_ncp_20251009T1205142094_d_img_d18_x10240_y58880.png,0.3035,18.48,65.7,23.75,73.79
ch2_ohr_ncp_20251009T1205142094_d_img_d18_x10240_y58880.png,0.294,235.61,424.08,246.44,435.78
ch2_ohr_ncp_20251009T1205142094_d_img_d18_x10240_y58880.png,0.288,0.16,66.83,5.26,72.7
ch2_ohr_ncp_20251009T1205142094_d_img_d18_x10240_y58880.png,0.2444,0.91,74.19,6.31,79.95
ch2_ohr_ncp_20251009T1205142094_d_img_d18_x10240_y77440.png,0.2835,0.0,143.96,18.87,194.25
ch2_ohr_ncp_20251009T1205142094_d_img_d18_x10240_y90240.png,0.2212,614.88,112.12,640.0,165.59
ch2_ohr_ncp_20251009T1205142094_d_img_d18_x10240_y94720.png,0.3004,206.75,108.95,212.02,117.14
ch2_ohr_ncp_20251009T1205142094_d_img_d18_x10880_y46720.png,0.4199,607.23,468.18,628.61,499.84
ch2_ohr_ncp_20251009T1205142094_d_img_d18_x10880_y53760.png,0.2788,68.57,435.79,192.15,530.35
ch2_ohr_ncp_20251009T1205142094_d_img_d18_x10880_y53760.png,0.2622,73.89,426.0,201.69,514.37
ch2_ohr_ncp_20251009T1205142094_d_img_d18_x10880_y63360.png,0.2077,618.37,78.4,640.0,158.98
ch2_ohr_ncp_20251009T1205142094_d_img_d18_x10880_y70400.png,0.3348,0.0,59.08,37.5,154.91
ch2_ohr_ncp_20251009T1205142094_d_img_d18_x10880_y79360.png,0.2042,331.8,588.77,360.04,632.83
ch2_ohr_ncp_20251009T1205142094_d_img_d18_x10880_y81920.png,0.219,203.16,608.16,221.45,640.0
ch2_ohr_ncp_20251009T1205142094_d_img_d18_x11520_y48640.png,0.2606,439.53,546.08,444.13,552.5
ch2_ohr_ncp_20251009T1205142094_d_img_d18_x11520_y52480.png,0.2252,43.46,194.43,49.91,201.27
ch2_ohr_ncp_20251009T1205142094_d_img_d18_x11520_y55040.png,0.5303,383.39,578.47,389.43,588.24
ch2_ohr_ncp_20251009T1205142094_d_img_d18_x11520_y55040.png,0.3131,343.94,625.42,348.25,630.1
ch2_ohr_ncp_20251009T1205142094_d_img_d18_x11520_y55040.png,0.2614,350.66,543.86,356.53,550.97
ch2_ohr_ncp_20251009T1205142094_d_img_d18_x11520_y55040.png,0.2328,423.76,474.47,429.71,482.52
ch2_ohr_ncp_20251009T1205142094_d_img_d18_x11520_y55040.png,0.2011,354.9,537.19,358.92,542.23
ch2_ohr_ncp_20251009T1205142094_d_img_d18_x11520_y58880.png,0.3467,56.78,574.75,62.5,583.93
ch2_ohr_ncp_20251009T1205142094_d_img_d18_x11520_y59520.png,0.4321,104.61,319.4,111.7,329.26
ch2_ohr_ncp_20251009T1205142094_d_img_d18_x11520_y59520.png,0.4236,123.89,323.13,128.29,328.73
ch2_ohr_ncp_20251009T1205142094_d_img_d18_x11520_y59520.png,0.2646,107.28,313.49,111.47,318.3
ch2_ohr_ncp_20251009T1205142094_d_img_d18_x11520_y59520.png,0.225,154.96,137.42,160.48,145.38
ch2_ohr_ncp_20251009T1205142094_d_img_d18_x11520_y59520.png,0.2093,3.88,251.94,10.07,258.39
ch2_ohr_ncp_20251009T1205142094_d_img_d18_x11520_y60160.png,0.3993,251.83,411.37,256.04,416.79
ch2_ohr_ncp_20251009T1205142094_d_img_d18_x11520_y61440.png,0.2696,366.44,243.65,372.01,248.22
ch2_ohr_ncp_20251009T1205142094_d_img_d18_x11520_y61440.png,0.2241,364.0,243.5,370.3,248.04
ch2_ohr_ncp_20251009T1205142094_d_img_d18_x11520_y62080.png,0.2427,298.23,371.95,302.58,377.59
ch2_ohr_ncp_20251009T1205142094_d_img_d18_x11520_y62720.png,0.3237,336.15,141.47,340.48,148.01
ch2_ohr_ncp_20251009T1205142094_d_img_d18_x11520_y62720.png,0.2349,19.99,432.81,26.48,441.17
ch2_ohr_ncp_20251009T1205142094_d_img_d18_x11520_y62720.png,0.2327,120.37,471.95,125.4,478.75
ch2_ohr_ncp_20251009T1205142094_d_img_d18_x11520_y63360.png,0.5203,55.88,142.41,61.68,151.84
ch2_ohr_ncp_20251009T1205142094_d_img_d18_x11520_y63360.png,0.5107,429.43,160.51,437.4,170.85
ch2_ohr_ncp_20251009T1205142094_d_img_d18_x11520_y63360.png,0.457,371.57,235.53,377.49,243.47
ch2_ohr_ncp_20251009T1205142094_d_img_d18_x11520_y63360.png,0.3725,136.68,210.57,141.66,217.25
ch2_ohr_ncp_20251009T1205142094_d_img_d18_x11520_y63360.png,0.3477,196.39,462.22,202.45,472.03
ch2_ohr_ncp_20251009T1205142094_d_img_d18_x11520_y63360.png,0.3294,363.71,338.59,368.57,345.57
ch2_ohr_ncp_20251009T1205142094_d_img_d18_x11520_y63360.png,0.2614,412.0,169.92,417.3,174.38
ch2_ohr_ncp_20251009T1205142094_d_img_d18_x11520_y63360.png,0.2428,119.43,210.67,124.41,215.79
ch2_ohr_ncp_20251009T1205142094_d_img_d18_x11520_y63360.png,0.2211,298.16,376.32,308.33,388.79
ch2_ohr_ncp_20251009T1205142094_d_img_d18_x11520_y63360.png,0.218,5.98,126.16,12.01,132.02
ch2_ohr_ncp_20251009T1205142094_d_img_d18_x11520_y63360.png,0.2019,437.03,294.75,444.0,302.2
ch2_ohr_ncp_20251009T1205142094_d_img_d18_x11520_y64000.png,0.2571,55.01,26.74,60.4,34.11
ch2_ohr_ncp_20251009T1205142094_d_img_d18_x11520_y64000.png,0.2314,313.68,261.51,317.81,268.62
ch2_ohr_ncp_20251009T1205142094_d_img_d18_x11520_y64000.png,0.2248,203.96,68.0,209.91,77.82
ch2_ohr_ncp_20251009T1205142094_d_img_d18_x11520_y64640.png,0.2049,323.53,491.09,328.84,498.87
ch2_ohr_ncp_20251009T1205142094_d_img_d18_x11520_y67200.png,0.2976,16.47,396.0,20.48,401.69
ch2_ohr_ncp_20251009T1205142094_d_img_d18_x11520_y67200.png,0.2345,44.0,369.88,50.09,375.99
ch2_ohr_ncp_20251009T1205142094_d_img_d18_x11520_y67840.png,0.2703,8.16,96.17,13.92,102.71
ch2_ohr_ncp_20251009T1205142094_d_img_d18_x11520_y68480.png,0.3529,454.66,427.77,460.96,436.08
ch2_ohr_ncp_20251009T1205142094_d_img_d18_x11520_y69120.png,0.5425,295.0,333.92,300.26,342.14
ch2_ohr_ncp_20251009T1205142094_d_img_d18_x11520_y69120.png,0.2756,6.3,630.72,12.05,636.36
ch2_ohr_ncp_20251009T1205142094_d_img_d18_x11520_y69760.png,0.4124,43.99,483.44,50.38,489.42
ch2_ohr_ncp_20251009T1205142094_d_img_d18_x11520_y69760.png,0.2706,21.54,474.69,28.0,480.97
ch2_ohr_ncp_20251009T1205142094_d_img_d18_x11520_y69760.png,0.2654,145.36,450.42,150.04,457.94
ch2_ohr_ncp_20251009T1205142094_d_img_d18_x11520_y69760.png,0.237,44.94,483.4,52.01,489.68
ch2_ohr_ncp_20251009T1205142094_d_img_d18_x11520_y70400.png,0.4928,11.53,505.82,18.88,515.3
ch2_ohr_ncp_20251009T1205142094_d_img_d18_x11520_y70400.png,0.4406,27.93,506.08,33.46,513.01
ch2_ohr_ncp_20251009T1205142094_d_img_d18_x11520_y71680.png,0.2504,72.08,93.82,76.72,100.1
ch2_ohr_ncp_20251009T1205142094_d_img_d18_x11520_y74880.png,0.309,63.78,553.2,86.69,595.64
ch2_ohr_ncp_20251009T1205142094_d_img_d18_x11520_y76800.png,0.3126,331.34,299.99,335.3,305.29
ch2_ohr_ncp_20251009T1205142094_d_img_d18_x11520_y79360.png,0.4663,58.01,134.51,65.55,141.1
ch2_ohr_ncp_20251009T1205142094_d_img_d18_x11520_y79360.png,0.2639,78.92,146.65,84.04,151.74
ch2_ohr_ncp_20251009T1205142094_d_img_d18_x11520_y80000.png,0.5336,114.06,485.43,118.11,492.13
ch2_ohr_ncp_20251009T1205142094_d_img_d18_x11520_y80000.png,0.4271,39.54,546.32,48.24,558.16
ch2_ohr_ncp_20251009T1205142094_d_img_d18_x11520_y80000.png,0.3576,137.46,495.24,144.54,502.32
ch2_ohr_ncp_20251009T1205142094_d_img_d18_x11520_y80000.png,0.3555,52.0,498.54,57.23,503.41
ch2_ohr_ncp_20251009T1205142094_d_img_d18_x11520_y80000.png,0.3442,17.15,504.52,23.41,513.97
ch2_ohr_ncp_20251009T1205142094_d_img_d18_x11520_y80000.png,0.3124,144.24,475.71,149.1,481.62
ch2_ohr_ncp_20251009T1205142094_d_img_d18_x11520_y80000.png,0.2975,0.0,533.53,4.01,540.51
ch2_ohr_ncp_20251009T1205142094_d_img_d18_x11520_y80000.png,0.2806,123.98,588.0,128.34,593.96
ch2_ohr_ncp_20251009T1205142094_d_img_d18_x11520_y80000.png,0.2687,44.0,505.29,49.52,510.44
ch2_ohr_ncp_20251009T1205142094_d_img_d18_x11520_y80000.png,0.2477,37.81,400.18,44.0,405.23
ch2_ohr_ncp_20251009T1205142094_d_img_d18_x11520_y80000.png,0.2467,115.88,504.59,120.67,509.71
ch2_ohr_ncp_20251009T1205142094_d_img_d18_x11520_y80000.png,0.2327,82.74,607.53,94.02,631.27
ch2_ohr_ncp_20251009T1205142094_d_img_d18_x11520_y80000.png,0.2282,29.88,377.4,36.0,381.7
ch2_ohr_ncp_20251009T1205142094_d_img_d18_x11520_y80000.png,0.2102,0.03,409.12,4.02,413.84
ch2_ohr_ncp_20251009T1205142094_d_img_d18_x11520_y80000.png,0.2091,6.11,624.59,12.03,636.14
ch2_ohr_ncp_20251009T1205142094_d_img_d18_x11520_y80000.png,0.2053,114.62,464.78,119.09,470.04
ch2_ohr_ncp_20251009T1205142094_d_img_d18_x11520_y81920.png,0.4776,312.79,301.53,317.6,308.01
ch2_ohr_ncp_20251009T1205142094_d_img_d18_x11520_y81920.png,0.4355,327.44,284.0,332.4,290.88
ch2_ohr_ncp_20251009T1205142094_d_img_d18_x11520_y81920.png,0.3361,293.08,303.61,300.54,317.45
ch2_ohr_ncp_20251009T1205142094_d_img_d18_x11520_y81920.png,0.2724,328.02,284.86,332.35,292.0
ch2_ohr_ncp_20251009T1205142094_d_img_d18_x11520_y81920.png,0.2629,313.14,300.0,317.91,307.05
ch2_ohr_ncp_20251009T1205142094_d_img_d18_x11520_y81920.png,0.2182,291.99,304.42,299.04,317.76
ch2_ohr_ncp_20251009T1205142094_d_img_d18_x11520_y86400.png,0.2321,140.53,414.39,169.18,457.2
ch2_ohr_ncp_20251010T1140338327_d_img_d18_x00000_y71680.png,0.2307,617.17,127.76,639.95,206.3
ch2_ohr_ncp_20251010T1140338327_d_img_d18_x00000_y72960.png,0.2137,514.19,281.27,517.83,285.62
ch2_ohr_ncp_20251010T1140338327_d_img_d18_x00000_y77440.png,0.3023,602.1,438.16,639.98,518.25
ch2_ohr_ncp_20251010T1140338327_d_img_d18_x00000_y77440.png,0.2622,620.63,358.12,640.0,448.75
ch2_ohr_ncp_20251010T1140338327_d_img_d18_x00000_y79360.png,0.3904,617.63,579.16,640.0,623.77
ch2_ohr_ncp_20251010T1140338327_d_img_d18_x00000_y79360.png,0.2693,143.71,521.12,181.82,597.98
ch2_ohr_ncp_20251010T1140338327_d_img_d18_x00000_y80640.png,0.2057,284.94,222.65,309.8,280.72
ch2_ohr_ncp_20251010T1140338327_d_img_d18_x00000_y80640.png,0.2051,283.17,206.18,311.94,284.4
ch2_ohr_ncp_20251010T1140338327_d_img_d18_x00000_y82560.png,0.2447,601.9,397.16,634.88,437.94
ch2_ohr_ncp_20251010T1140338327_d_img_d18_x00000_y82560.png,0.2232,602.35,402.8,627.83,437.42
ch2_ohr_ncp_20251010T1140338327_d_img_d18_x00640_y71040.png,0.2203,505.77,472.22,529.18,513.55
ch2_ohr_ncp_20251010T1140338327_d_img_d18_x00640_y72320.png,0.239,619.64,280.11,640.0,350.83
ch2_ohr_ncp_20251010T1140338327_d_img_d18_x00640_y72960.png,0.2957,281.76,257.73,305.14,300.58
ch2_ohr_ncp_20251010T1140338327_d_img_d18_x00640_y77440.png,0.3633,610.84,341.38,640.0,419.76
ch2_ohr_ncp_20251010T1140338327_d_img_d18_x00640_y92160.png,0.23,623.56,577.52,640.0,629.52
ch2_ohr_ncp_20251010T1140338327_d_img_d18_x01280_y72320.png,0.2755,152.18,46.26,179.34,108.1
ch2_ohr_ncp_20251010T1140338327_d_img_d18_x01280_y74240.png,0.2584,229.69,432.98,264.92,487.24
ch2_ohr_ncp_20251010T1140338327_d_img_d18_x01920_y65280.png,0.2064,3.31,0.89,42.22,50.8
ch2_ohr_ncp_20251010T1140338327_d_img_d18_x01920_y68480.png,0.218,325.46,411.13,356.76,443.53
ch2_ohr_ncp_20251010T1140338327_d_img_d18_x01920_y69120.png,0.3158,147.2,580.73,174.09,637.26
ch2_ohr_ncp_20251010T1140338327_d_img_d18_x01920_y73600.png,0.2016,380.62,600.16,405.16,637.79
ch2_ohr_ncp_20251010T1140338327_d_img_d18_x01920_y75520.png,0.3349,138.15,240.04,171.15,314.39
ch2_ohr_ncp_20251010T1140338327_d_img_d18_x01920_y75520.png,0.2679,135.75,219.06,173.51,315.44
ch2_ohr_ncp_20251010T1140338327_d_img_d18_x01920_y89600.png,0.2866,261.33,88.41,292.52,155.03
ch2_ohr_ncp_20251010T1140338327_d_img_d18_x01920_y96000.png,0.215,199.55,564.32,220.54,612.45
ch2_ohr_ncp_20251010T1140338327_d_img_d18_x02560_y86400.png,0.291,471.43,238.91,507.74,309.85
ch2_ohr_ncp_20251010T1140338327_d_img_d18_x02560_y93440.png,0.3141,16.83,246.93,38.83,294.9
ch2_ohr_ncp_20251010T1140338327_d_img_d18_x02560_y98560.png,0.2216,1.61,0.0,42.23,30.93
ch2_ohr_ncp_20251010T1140338327_d_img_d18_x03200_y67200.png,0.2215,605.9,592.21,634.99,632.11
ch2_ohr_ncp_20251010T1140338327_d_img_d18_x03200_y73600.png,0.2544,49.09,545.98,71.61,589.1
ch2_ohr_ncp_20251010T1140338327_d_img_d18_x03200_y77440.png,0.2303,196.5,605.96,222.86,634.71
ch2_ohr_ncp_20251010T1140338327_d_img_d18_x03200_y92800.png,0.2242,0.0,62.57,20.39,132.02
ch2_ohr_ncp_20251010T1140338327_d_img_d18_x03200_y96640.png,0.311,462.42,566.44,494.58,626.86
ch2_ohr_ncp_20251010T1140338327_d_img_d18_x03200_y97280.png,0.2194,506.51,49.06,537.88,88.83
ch2_ohr_ncp_20251010T1140338327_d_img_d18_x03840_y72960.png,0.2916,430.74,585.25,452.79,620.87
ch2_ohr_ncp_20251010T1140338327_d_img_d18_x03840_y72960.png,0.2711,422.09,145.59,469.44,195.02
ch2_ohr_ncp_20251010T1140338327_d_img_d18_x03840_y76800.png,0.4308,106.15,512.85,129.37,547.41
ch2_ohr_ncp_20251010T1140338327_d_img_d18_x03840_y76800.png,0.2694,104.75,504.42,130.52,550.87
ch2_ohr_ncp_20251010T1140338327_d_img_d18_x03840_y87040.png,0.2006,2.64,0.0,47.4,64.35
ch2_ohr_ncp_20251010T1140338327_d_img_d18_x03840_y96000.png,0.2698,249.9,582.52,275.57,635.56
ch2_ohr_ncp_20251010T1140338327_d_img_d18_x04480_y100480.png,0.2648,614.78,10.09,620.2,17.56
ch2_ohr_ncp_20251010T1140338327_d_img_d18_x04480_y65280.png,0.2042,317.67,515.59,366.03,557.17
ch2_ohr_ncp_20251010T1140338327_d_img_d18_x04480_y77440.png,0.2102,585.83,590.13,601.19,627.45
ch2_ohr_ncp_20251010T1140338327_d_img_d18_x04480_y78720.png,0.3015,93.02,599.65,123.93,629.74
ch2_ohr_ncp_20251010T1140338327_d_img_d18_x05120_y66560.png,0.2378,607.24,474.89,640.0,560.11
ch2_ohr_ncp_20251010T1140338327_d_img_d18_x05120_y67840.png,0.2278,0.0,566.32,20.88,614.58
ch2_ohr_ncp_20251010T1140338327_d_img_d18_x05120_y68480.png,0.4266,616.13,87.66,640.0,148.24
ch2_ohr_ncp_20251010T1140338327_d_img_d18_x05760_y100480.png,0.4626,390.02,389.69,396.0,397.8
ch2_ohr_ncp_20251010T1140338327_d_img_d18_x05760_y100480.png,0.4301,86.59,177.11,92.1,183.17
ch2_ohr_ncp_20251010T1140338327_d_img_d18_x05760_y100480.png,0.2264,287.69,36.0,292.83,42.79
ch2_ohr_ncp_20251010T1140338327_d_img_d18_x05760_y72320.png,0.2527,199.15,524.78,225.19,571.61
ch2_ohr_ncp_20251010T1140338327_d_img_d18_x05760_y72960.png,0.2683,153.26,512.9,174.0,563.46
ch2_ohr_ncp_20251010T1140338327_d_img_d18_x05760_y72960.png,0.2075,41.84,188.71,120.37,257.66
ch2_ohr_ncp_20251010T1140338327_d_img_d18_x05760_y77440.png,0.2935,8.07,415.66,65.54,468.79
ch2_ohr_ncp_20251010T1140338327_d_img_d18_x06400_y100480.png,0.548,632.57,259.46,639.19,272.96
ch2_ohr_ncp_20251010T1140338327_d_img_d18_x06400_y100480.png,0.4981,6.14,25.87,12.61,33.23
ch2_ohr_ncp_20251010T1140338327_d_img_d18_x06400_y100480.png,0.3084,59.9,91.32,64.06,97.35
ch2_ohr_ncp_20251010T1140338327_d_img_d18_x06400_y76160.png,0.2351,223.44,592.82,265.37,630.17
ch2_ohr_ncp_20251010T1140338327_d_img_d18_x06400_y81280.png,0.2384,597.16,511.88,627.71,561.87
ch2_ohr_ncp_20251010T1140338327_d_img_d18_x06400_y88960.png,0.347,64.37,414.95,107.86,517.36
ch2_ohr_ncp_20251010T1140338327_d_img_d18_x06400_y88960.png,0.2133,67.88,430.48,103.65,515.11
ch2_ohr_ncp_20251010T1140338327_d_img_d18_x07040_y100480.png,0.2023,0.01,59.9,6.67,70.48
ch2_ohr_ncp_20251010T1140338327_d_img_d18_x07040_y62080.png,0.2189,598.17,178.09,640.0,237.24
ch2_ohr_ncp_20251010T1140338327_d_img_d18_x07040_y88320.png,0.2905,261.24,96.61,301.04,190.35
ch2_ohr_ncp_20251010T1140338327_d_img_d18_x07040_y91520.png,0.2578,610.38,281.75,640.0,361.25
ch2_ohr_ncp_20251010T1140338327_d_img_d18_x07040_y92160.png,0.2691,542.65,504.68,588.62,561.79
ch2_ohr_ncp_20251010T1140338327_d_img_d18_x07680_y100480.png,0.5449,185.58,323.33,191.01,331.01
ch2_ohr_ncp_20251010T1140338327_d_img_d18_x07680_y100480.png,0.4352,127.78,243.98,132.37,250.62
ch2_ohr_ncp_20251010T1140338327_d_img_d18_x07680_y100480.png,0.4153,165.8,421.23,172.02,429.26
ch2_ohr_ncp_20251010T1140338327_d_img_d18_x07680_y100480.png,0.3964,38.29,230.93,44.72,240.74
ch2_ohr_ncp_20251010T1140338327_d_img_d18_x07680_y100480.png,0.364,381.88,245.53,388.0,253.15
ch2_ohr_ncp_20251010T1140338327_d_img_d18_x07680_y100480.png,0.3571,378.72,275.43,386.04,285.89
ch2_ohr_ncp_20251010T1140338327_d_img_d18_x07680_y100480.png,0.3468,194.91,273.25,200.5,279.67
ch2_ohr_ncp_20251010T1140338327_d_img_d18_x07680_y100480.png,0.3378,163.79,306.24,167.72,310.54
ch2_ohr_ncp_20251010T1140338327_d_img_d18_x07680_y100480.png,0.306,127.71,244.67,132.08,252.01
ch2_ohr_ncp_20251010T1140338327_d_img_d18_x07680_y100480.png,0.286,8.57,451.9,16.66,463.21
ch2_ohr_ncp_20251010T1140338327_d_img_d18_x07680_y100480.png,0.2757,86.37,67.98,92.12,76.58
ch2_ohr_ncp_20251010T1140338327_d_img_d18_x07680_y100480.png,0.261,382.02,243.99,388.01,251.12
ch2_ohr_ncp_20251010T1140338327_d_img_d18_x07680_y100480.png,0.2485,203.99,384.26,208.95,389.32
ch2_ohr_ncp_20251010T1140338327_d_img_d18_x07680_y100480.png,0.2457,565.62,354.54,570.23,360.4
ch2_ohr_ncp_20251010T1140338327_d_img_d18_x07680_y100480.png,0.2392,39.26,234.57,45.14,244.01
ch2_ohr_ncp_20251010T1140338327_d_img_d18_x07680_y100480.png,0.2245,255.05,156.0,260.04,161.87
ch2_ohr_ncp_20251010T1140338327_d_img_d18_x07680_y100480.png,0.2159,177.28,427.13,181.64,432.67
ch2_ohr_ncp_20251010T1140338327_d_img_d18_x07680_y100480.png,0.2124,380.0,245.16,386.2,253.0
ch2_ohr_ncp_20251010T1140338327_d_img_d18_x07680_y40960.png,0.4504,486.75,575.79,519.71,632.58
ch2_ohr_ncp_20251010T1140338327_d_img_d18_x07680_y61440.png,0.2189,283.15,604.47,310.79,638.05
ch2_ohr_ncp_20251010T1140338327_d_img_d18_x07680_y76160.png,0.3711,306.68,601.65,338.61,634.24
ch2_ohr_ncp_20251010T1140338327_d_img_d18_x07680_y78720.png,0.2369,453.12,181.44,480.53,238.38
ch2_ohr_ncp_20251010T1140338327_d_img_d18_x08320_y100480.png,0.5768,518.38,122.27,528.04,142.49
ch2_ohr_ncp_20251010T1140338327_d_img_d18_x08320_y100480.png,0.457,587.55,297.92,593.94,309.32
ch2_ohr_ncp_20251010T1140338327_d_img_d18_x08320_y100480.png,0.4392,466.72,62.77,471.32,68.68
ch2_ohr_ncp_20251010T1140338327_d_img_d18_x08320_y100480.png,0.427,450.24,306.47,456.23,315.42
ch2_ohr_ncp_20251010T1140338327_d_img_d18_x08320_y100480.png,0.3715,495.33,92.02,501.44,100.71
ch2_ohr_ncp_20251010T1140338327_d_img_d18_x08320_y100480.png,0.3631,559.7,220.16,565.85,229.04
ch2_ohr_ncp_20251010T1140338327_d_img_d18_x08320_y100480.png,0.3239,350.3,201.57,356.7,211.44
ch2_ohr_ncp_20251010T1140338327_d_img_d18_x08320_y100480.png,0.3088,553.34,453.19,559.82,465.05
ch2_ohr_ncp_20251010T1140338327_d_img_d18_x08320_y100480.png,0.3046,163.94,189.21,169.89,198.07
ch2_ohr_ncp_20251010T1140338327_d_img_d18_x08320_y100480.png,0.2762,42.85,0.0,48.91,4.72
ch2_ohr_ncp_20251010T1140338327_d_img_d18_x08320_y100480.png,0.269,561.04,191.16,568.33,204.01
ch2_ohr_ncp_20251010T1140338327_d_img_d18_x08320_y100480.png,0.2515,163.98,188.0,169.51,195.91
ch2_ohr_ncp_20251010T1140338327_d_img_d18_x08320_y100480.png,0.2331,617.85,249.76,622.32,255.36
ch2_ohr_ncp_20251010T1140338327_d_img_d18_x08320_y59520.png,0.3053,3.18,0.52,56.45,61.57
ch2_ohr_ncp_20251010T1140338327_d_img_d18_x08320_y71680.png,0.2248,44.61,589.74,99.0,639.45
ch2_ohr_ncp_20251010T1140338327_d_img_d18_x08320_y78080.png,0.2809,0.0,369.82,32.26,435.04
ch2_ohr_ncp_20251010T1140338327_d_img_d18_x08320_y88320.png,0.3427,524.67,314.48,625.77,426.02
ch2_ohr_ncp_20251010T1140338327_d_img_d18_x08320_y96000.png,0.2283,342.96,393.41,378.59,499.42
ch2_ohr_ncp_20251010T1140338327_d_img_d18_x08320_y96640.png,0.2471,398.26,122.71,434.41,200.52
ch2_ohr_ncp_20251010T1140338327_d_img_d18_x08960_y100480.png,0.5604,434.63,110.52,441.07,122.95
ch2_ohr_ncp_20251010T1140338327_d_img_d18_x08960_y100480.png,0.498,97.15,382.76,102.63,389.09
ch2_ohr_ncp_20251010T1140338327_d_img_d18_x08960_y100480.png,0.3851,110.17,90.21,116.06,97.73
ch2_ohr_ncp_20251010T1140338327_d_img_d18_x08960_y100480.png,0.3711,344.14,289.58,349.42,296.84
ch2_ohr_ncp_20251010T1140338327_d_img_d18_x08960_y100480.png,0.3234,7.7,124.0,12.12,130.01
ch2_ohr_ncp_20251010T1140338327_d_img_d18_x08960_y100480.png,0.3179,136.13,158.97,145.9,177.97
ch2_ohr_ncp_20251010T1140338327_d_img_d18_x08960_y100480.png,0.2654,538.88,70.89,545.14,78.16
ch2_ohr_ncp_20251010T1140338327_d_img_d18_x08960_y100480.png,0.2585,602.76,4.0,607.51,10.93
ch2_ohr_ncp_20251010T1140338327_d_img_d18_x08960_y100480.png,0.2496,594.8,325.83,600.1,332.79
ch2_ohr_ncp_20251010T1140338327_d_img_d18_x08960_y100480.png,0.2402,578.45,106.55,584.23,116.0
ch2_ohr_ncp_20251010T1140338327_d_img_d18_x08960_y100480.png,0.2029,274.48,142.28,278.35,148.02
ch2_ohr_ncp_20251010T1140338327_d_img_d18_x08960_y58240.png,0.2889,199.49,616.68,260.3,640.0
ch2_ohr_ncp_20251010T1140338327_d_img_d18_x08960_y77440.png,0.2337,128.61,587.38,145.38,628.1
ch2_ohr_ncp_20251010T1140338327_d_img_d18_x08960_y93440.png,0.4364,606.4,225.89,640.0,327.81
ch2_ohr_ncp_20251010T1140338327_d_img_d18_x08960_y93440.png,0.226,604.34,255.15,640.0,322.99
ch2_ohr_ncp_20251010T1140338327_d_img_d18_x09600_y100480.png,0.5487,320.13,355.0,324.54,362.08
ch2_ohr_ncp_20251010T1140338327_d_img_d18_x09600_y100480.png,0.4893,97.84,308.59,104.29,320.11
ch2_ohr_ncp_20251010T1140338327_d_img_d18_x09600_y100480.png,0.477,203.7,78.27,208.38,84.9
ch2_ohr_ncp_20251010T1140338327_d_img_d18_x09600_y100480.png,0.47,363.95,127.06,368.44,134.47
ch2_ohr_ncp_20251010T1140338327_d_img_d18_x09600_y100480.png,0.4217,34.56,335.8,40.15,344.1
ch2_ohr_ncp_20251010T1140338327_d_img_d18_x09600_y100480.png,0.3935,13.62,338.14,20.01,346.52
ch2_ohr_ncp_20251010T1140338327_d_img_d18_x09600_y100480.png,0.387,19.99,545.18,25.62,552.45
ch2_ohr_ncp_20251010T1140338327_d_img_d18_x09600_y100480.png,0.3774,344.19,43.92,349.52,53.55
ch2_ohr_ncp_20251010T1140338327_d_img_d18_x09600_y100480.png,0.3655,345.15,42.85,350.38,51.58
ch2_ohr_ncp_20251010T1140338327_d_img_d18_x09600_y100480.png,0.3086,627.98,198.51,633.21,205.09
ch2_ohr_ncp_20251010T1140338327_d_img_d18_x09600_y100480.png,0.2966,350.33,211.02,357.54,221.75
ch2_ohr_ncp_20251010T1140338327_d_img_d18_x09600_y100480.png,0.2958,509.52,523.21,516.02,533.36
ch2_ohr_ncp_20251010T1140338327_d_img_d18_x09600_y100480.png,0.2785,168.9,182.16,172.96,188.1
ch2_ohr_ncp_20251010T1140338327_d_img_d18_x09600_y100480.png,0.272,338.25,33.48,344.44,42.87
ch2_ohr_ncp_20251010T1140338327_d_img_d18_x09600_y100480.png,0.2687,265.65,321.87,269.93,327.81
ch2_ohr_ncp_20251010T1140338327_d_img_d18_x09600_y100480.png,0.2647,337.75,33.72,343.26,44.02
ch2_ohr_ncp_20251010T1140338327_d_img_d18_x09600_y100480.png,0.2556,317.73,307.94,324.02,315.15
ch2_ohr_ncp_20251010T1140338327_d_img_d18_x09600_y100480.png,0.2465,572.0,61.58,577.53,68.01
ch2_ohr_ncp_20251010T1140338327_d_img_d18_x09600_y100480.png,0.2397,209.37,0.0,214.18,5.01
ch2_ohr_ncp_20251010T1140338327_d_img_d18_x09600_y100480.png,0.2311,25.39,157.92,29.16,164.01
ch2_ohr_ncp_20251010T1140338327_d_img_d18_x09600_y100480.png,0.2235,356.0,545.63,361.55,551.93
ch2_ohr_ncp_20251010T1140338327_d_img_d18_x09600_y100480.png,0.2022,294.06,393.15,300.24,399.36
ch2_ohr_ncp_20251010T1140338327_d_img_d18_x09600_y73600.png,0.2317,606.99,371.69,639.27,450.57
ch2_ohr_ncp_20251010T1140338327_d_img_d18_x09600_y90880.png,0.2859,289.73,475.72,325.86,527.36
ch2_ohr_ncp_20251010T1140338327_d_img_d18_x09600_y97280.png,0.2407,233.17,606.29,264.33,637.52
ch2_ohr_ncp_20251010T1140338327_d_img_d18_x10240_y100480.png,0.5405,116.0,289.02,120.93,294.75
ch2_ohr_ncp_20251010T1140338327_d_img_d18_x10240_y100480.png,0.49,3.55,300.93,9.0,310.15
ch2_ohr_ncp_20251010T1140338327_d_img_d18_x10240_y100480.png,0.4067,341.83,18.02,348.0,23.51
ch2_ohr_ncp_20251010T1140338327_d_img_d18_x10240_y100480.png,0.386,19.94,523.95,25.47,534.03
ch2_ohr_ncp_20251010T1140338327_d_img_d18_x10240_y100480.png,0.3505,189.91,65.79,196.0,72.7
ch2_ohr_ncp_20251010T1140338327_d_img_d18_x10240_y100480.png,0.3461,599.1,9.87,604.17,16.76
ch2_ohr_ncp_20251010T1140338327_d_img_d18_x10240_y100480.png,0.3234,133.74,290.99,140.0,297.67
ch2_ohr_ncp_20251010T1140338327_d_img_d18_x10240_y100480.png,0.3111,341.81,17.92,346.4,24.03
ch2_ohr_ncp_20251010T1140338327_d_img_d18_x10240_y100480.png,0.2839,499.6,221.38,505.94,232.43
ch2_ohr_ncp_20251010T1140338327_d_img_d18_x10240_y100480.png,0.2829,25.83,278.62,31.13,284.21
ch2_ohr_ncp_20251010T1140338327_d_img_d18_x10240_y100480.png,0.2554,359.87,265.07,364.56,270.73
ch2_ohr_ncp_20251010T1140338327_d_img_d18_x10240_y100480.png,0.2498,387.45,541.36,393.12,549.74
ch2_ohr_ncp_20251010T1140338327_d_img_d18_x10240_y100480.png,0.2488,336.62,224.88,344.06,237.16
ch2_ohr_ncp_20251010T1140338327_d_img_d18_x10240_y100480.png,0.2388,555.98,257.3,561.93,263.61
ch2_ohr_ncp_20251010T1140338327_d_img_d18_x10240_y100480.png,0.2233,132.0,291.03,138.69,297.44
ch2_ohr_ncp_20251010T1140338327_d_img_d18_x10240_y100480.png,0.2048,124.0,382.35,129.9,388.06
ch2_ohr_ncp_20251010T1140338327_d_img_d18_x10240_y56960.png,0.496,3.85,233.79,10.15,243.0
ch2_ohr_ncp_20251010T1140338327_d_img_d18_x10240_y56960.png,0.4812,15.65,9.97,20.74,17.41
ch2_ohr_ncp_20251010T1140338327_d_img_d18_x10240_y56960.png,0.4503,46.13,185.39,52.0,191.57
ch2_ohr_ncp_20251010T1140338327_d_img_d18_x10240_y56960.png,0.3197,0.0,202.2,4.02,208.77
ch2_ohr_ncp_20251010T1140338327_d_img_d18_x10240_y56960.png,0.3033,111.45,247.05,116.11,253.29
ch2_ohr_ncp_20251010T1140338327_d_img_d18_x10240_y56960.png,0.3018,60.0,198.72,66.03,207.22
ch2_ohr_ncp_20251010T1140338327_d_img_d18_x10240_y56960.png,0.2501,48.7,143.14,52.59,148.06
ch2_ohr_ncp_20251010T1140338327_d_img_d18_x10240_y56960.png,0.2297,0.17,87.53,6.59,95.9
ch2_ohr_ncp_20251010T1140338327_d_img_d18_x10240_y60800.png,0.2653,256.74,84.46,279.6,133.83
ch2_ohr_ncp_20251010T1140338327_d_img_d18_x10240_y65280.png,0.3786,0.0,514.03,19.99,557.72
ch2_ohr_ncp_20251010T1140338327_d_img_d18_x10240_y69120.png,0.2736,52.78,519.83,112.73,615.3
ch2_ohr_ncp_20251010T1140338327_d_img_d18_x10240_y90880.png,0.2086,151.91,482.76,196.53,584.77
ch2_ohr_ncp_20251010T1140338327_d_img_d18_x10880_y100480.png,0.5237,537.52,199.66,543.56,206.45
ch2_ohr_ncp_20251010T1140338327_d_img_d18_x10880_y100480.png,0.4872,609.92,161.24,614.81,170.76
ch2_ohr_ncp_20251010T1140338327_d_img_d18_x10880_y100480.png,0.4722,427.51,120.91,432.15,127.44
ch2_ohr_ncp_20251010T1140338327_d_img_d18_x10880_y100480.png,0.429,31.54,26.85,36.66,31.9
ch2_ohr_ncp_20251010T1140338327_d_img_d18_x10880_y100480.png,0.3776,401.26,147.91,406.81,155.13
ch2_ohr_ncp_20251010T1140338327_d_img_d18_x10880_y100480.png,0.3478,555.99,206.82,561.77,212.13
ch2_ohr_ncp_20251010T1140338327_d_img_d18_x10880_y100480.png,0.3346,288.39,384.87,296.39,398.66
ch2_ohr_ncp_20251010T1140338327_d_img_d18_x10880_y100480.png,0.3255,571.78,209.33,578.63,219.22
ch2_ohr_ncp_20251010T1140338327_d_img_d18_x10880_y100480.png,0.2907,332.0,189.29,337.67,196.01
ch2_ohr_ncp_20251010T1140338327_d_img_d18_x10880_y100480.png,0.2839,454.89,274.07,462.49,283.9
ch2_ohr_ncp_20251010T1140338327_d_img_d18_x10880_y100480.png,0.2703,353.33,51.05,359.21,59.3
ch2_ohr_ncp_20251010T1140338327_d_img_d18_x10880_y100480.png,0.2657,361.26,149.82,365.77,157.43
ch2_ohr_ncp_20251010T1140338327_d_img_d18_x10880_y100480.png,0.2633,584.65,123.14,590.71,131.24
ch2_ohr_ncp_20251010T1140338327_d_img_d18_x10880_y100480.png,0.2607,371.96,387.03,377.38,394.77
ch2_ohr_ncp_20251010T1140338327_d_img_d18_x10880_y100480.png,0.2378,129.59,275.99,134.53,287.17
ch2_ohr_ncp_20251010T1140338327_d_img_d18_x10880_y100480.png,0.232,535.99,199.33,543.01,206.46
ch2_ohr_ncp_20251010T1140338327_d_img_d18_x10880_y100480.png,0.2304,401.85,148.46,408.01,155.61
ch2_ohr_ncp_20251010T1140338327_d_img_d18_x10880_y100480.png,0.221,129.26,277.37,134.07,288.09
ch2_ohr_ncp_20251010T1140338327_d_img_d18_x10880_y100480.png,0.2072,474.8,302.02,480.92,314.2
ch2_ohr_ncp_20251010T1140338327_d_img_d18_x10880_y100480.png,0.2068,513.4,101.91,517.71,108.11
ch2_ohr_ncp_20251010T1140338327_d_img_d18_x10880_y62080.png,0.2061,85.86,80.56,114.61,159.81
ch2_ohr_ncp_20251010T1140338327_d_img_d18_x10880_y95360.png,0.2691,1.76,85.09,47.43,158.45
ch2_ohr_ncp_20251010T1140338327_d_img_d18_x10880_y96640.png,0.2559,0.13,579.24,19.44,630.39
ch2_ohr_ncp_20251010T1140338327_d_img_d18_x10880_y97280.png,0.326,598.31,179.21,636.32,283.48
ch2_ohr_ncp_20251010T1140338327_d_img_d18_x10880_y97280.png,0.2037,605.97,168.33,640.0,289.38
ch2_ohr_ncp_20251010T1140338327_d_img_d18_x10880_y98560.png,0.294,28.49,581.14,50.21,620.99
ch2_ohr_ncp_20251010T1140338327_d_img_d18_x10880_y99840.png,0.2208,597.18,523.92,638.66,625.05
ch2_ohr_ncp_20251010T1140338327_d_img_d18_x11520_y100480.png,0.4167,72.54,552.24,77.11,557.57
ch2_ohr_ncp_20251010T1140338327_d_img_d18_x11520_y100480.png,0.403,95.03,245.59,100.73,253.76
ch2_ohr_ncp_20251010T1140338327_d_img_d18_x11520_y100480.png,0.3669,171.98,326.97,177.67,333.99
ch2_ohr_ncp_20251010T1140338327_d_img_d18_x11520_y100480.png,0.3619,56.16,367.9,61.5,378.63
ch2_ohr_ncp_20251010T1140338327_d_img_d18_x11520_y100480.png,0.3568,339.23,319.53,345.61,329.12
ch2_ohr_ncp_20251010T1140338327_d_img_d18_x11520_y100480.png,0.3332,235.2,264.12,240.14,270.03
ch2_ohr_ncp_20251010T1140338327_d_img_d18_x11520_y100480.png,0.3147,125.07,97.17,132.03,108.0
ch2_ohr_ncp_20251010T1140338327_d_img_d18_x11520_y100480.png,0.3104,123.99,97.14,130.79,107.08
ch2_ohr_ncp_20251010T1140338327_d_img_d18_x11520_y100480.png,0.2831,91.44,313.02,95.67,319.47
ch2_ohr_ncp_20251010T1140338327_d_img_d18_x11520_y100480.png,0.2791,345.99,198.94,353.58,208.52
ch2_ohr_ncp_20251010T1140338327_d_img_d18_x11520_y100480.png,0.2696,154.6,88.91,159.2,94.76
ch2_ohr_ncp_20251010T1140338327_d_img_d18_x11520_y100480.png,0.2546,256.64,169.38,261.71,177.22
ch2_ohr_ncp_20251010T1140338327_d_img_d18_x11520_y100480.png,0.2304,57.36,368.82,62.78,382.61
ch2_ohr_ncp_20251010T1140338327_d_img_d18_x11520_y100480.png,0.2266,418.82,345.45,427.68,357.53
ch2_ohr_ncp_20251010T1140338327_d_img_d18_x11520_y100480.png,0.2036,438.83,537.76,445.51,550.23
ch2_ohr_ncp_20251010T1140338327_d_img_d18_x11520_y58240.png,0.284,466.04,600.9,469.58,605.37
ch2_ohr_ncp_20251010T1140338327_d_img_d18_x11520_y58880.png,0.5544,419.69,449.72,424.84,458.21
ch2_ohr_ncp_20251010T1140338327_d_img_d18_x11520_y58880.png,0.5037,408.65,402.03,415.88,410.6
ch2_ohr_ncp_20251010T1140338327_d_img_d18_x11520_y58880.png,0.4942,207.17,625.44,212.5,633.33
ch2_ohr_ncp_20251010T1140338327_d_img_d18_x11520_y58880.png,0.4537,322.26,518.92,325.85,524.32
ch2_ohr_ncp_20251010T1140338327_d_img_d18_x11520_y58880.png,0.272,466.96,208.7,472.2,215.43
ch2_ohr_ncp_20251010T1140338327_d_img_d18_x11520_y58880.png,0.2635,255.73,138.94,260.36,145.85
ch2_ohr_ncp_20251010T1140338327_d_img_d18_x11520_y58880.png,0.255,425.03,432.48,429.5,438.78
ch2_ohr_ncp_20251010T1140338327_d_img_d18_x11520_y58880.png,0.252,412.0,208.79,417.16,213.41
ch2_ohr_ncp_20251010T1140338327_d_img_d18_x11520_y58880.png,0.2073,421.7,167.41,429.73,180.1
ch2_ohr_ncp_20251010T1140338327_d_img_d18_x11520_y59520.png,0.2718,23.74,54.71,28.12,60.38
ch2_ohr_ncp_20251010T1140338327_d_img_d18_x11520_y59520.png,0.2147,39.98,90.59,44.95,96.02
ch2_ohr_ncp_20251010T1140338327_d_img_d18_x11520_y60800.png,0.5999,104.88,163.5,109.73,172.1
ch2_ohr_ncp_20251010T1140338327_d_img_d18_x11520_y60800.png,0.545,169.36,293.19,174.23,300.4
ch2_ohr_ncp_20251010T1140338327_d_img_d18_x11520_y60800.png,0.4047,62.52,109.94,68.24,116.83
ch2_ohr_ncp_20251010T1140338327_d_img_d18_x11520_y60800.png,0.3831,46.0,313.35,52.04,321.35
ch2_ohr_ncp_20251010T1140338327_d_img_d18_x11520_y60800.png,0.3649,111.12,81.55,116.4,88.61
ch2_ohr_ncp_20251010T1140338327_d_img_d18_x11520_y60800.png,0.3605,400.01,370.82,404.77,377.0
ch2_ohr_ncp_20251010T1140338327_d_img_d18_x11520_y60800.png,0.3431,99.41,98.04,106.01,108.41
ch2_ohr_ncp_20251010T1140338327_d_img_d18_x11520_y60800.png,0.3053,415.49,378.21,420.11,384.54
ch2_ohr_ncp_20251010T1140338327_d_img_d18_x11520_y60800.png,0.2962,87.4,354.08,92.03,360.05
ch2_ohr_ncp_20251010T1140338327_d_img_d18_x11520_y60800.png,0.2366,44.0,313.29,50.6,321.52
ch2_ohr_ncp_20251010T1140338327_d_img_d18_x11520_y60800.png,0.2133,102.46,510.69,109.13,518.9
ch2_ohr_ncp_20251010T1140338327_d_img_d18_x11520_y61440.png,0.2617,77.47,535.82,84.0,542.87
ch2_ohr_ncp_20251010T1140338327_d_img_d18_x11520_y66560.png,0.2186,340.87,545.95,375.77,620.01
ch2_ohr_ncp_20251010T1140338327_d_img_d18_x11520_y94720.png,0.2672,355.67,593.71,360.05,600.35
ch2_ohr_ncp_20251010T1140338327_d_img_d18_x11520_y94720.png,0.2182,0.0,579.77,4.02,587.69
ch2_ohr_ncp_20251010T1140338327_d_img_d18_x11520_y94720.png,0.2147,416.7,443.29,422.0,454.56
ch2_ohr_ncp_20251010T1140338327_d_img_d18_x11520_y96000.png,0.3309,393.98,279.11,399.59,284.9
ch2_ohr_ncp_20251010T1140338327_d_img_d18_x11520_y96000.png,0.327,395.4,261.89,402.87,269.64
ch2_ohr_ncp_20251010T1140338327_d_img_d18_x11520_y96000.png,0.2499,390.71,15.87,396.42,23.78
ch2_ohr_ncp_20251010T1140338327_d_img_d18_x11520_y96000.png,0.2252,358.39,269.72,364.01,276.06
ch2_ohr_ncp_20251010T1140338327_d_img_d18_x11520_y96640.png,0.2412,246.17,141.45,252.1,149.57
ch2_ohr_ncp_20251010T1140338327_d_img_d18_x11520_y96640.png,0.2351,0.0,586.08,4.01,592.06
ch2_ohr_ncp_20251010T1140338327_d_img_d18_x11520_y96640.png,0.2308,211.12,233.54,217.72,243.18
ch2_ohr_ncp_20251010T1140338327_d_img_d18_x11520_y96640.png,0.2181,265.89,137.08,272.91,150.31
ch2_ohr_ncp_20251010T1140338327_d_img_d18_x11520_y96640.png,0.2117,91.96,412.33,97.17,420.2
ch2_ohr_ncp_20251010T1140338327_d_img_d18_x11520_y97920.png,0.2788,49.38,19.83,57.67,33.14
ch2_ohr_ncp_20251010T1140338327_d_img_d18_x11520_y98560.png,0.5321,81.56,404.32,86.53,412.58
ch2_ohr_ncp_20251010T1140338327_d_img_d18_x11520_y98560.png,0.5033,319.81,359.39,330.05,374.68
ch2_ohr_ncp_20251010T1140338327_d_img_d18_x11520_y98560.png,0.4629,30.91,249.63,37.07,255.91
ch2_ohr_ncp_20251010T1140338327_d_img_d18_x11520_y98560.png,0.4401,12.0,202.9,18.09,211.01
ch2_ohr_ncp_20251010T1140338327_d_img_d18_x11520_y98560.png,0.4068,120.48,273.62,125.39,280.05
ch2_ohr_ncp_20251010T1140338327_d_img_d18_x11520_y98560.png,0.3782,149.86,291.53,156.12,300.83
ch2_ohr_ncp_20251010T1140338327_d_img_d18_x11520_y98560.png,0.377,51.18,283.99,55.6,291.62
ch2_ohr_ncp_20251010T1140338327_d_img_d18_x11520_y98560.png,0.361,88.08,83.87,94.83,96.16
ch2_ohr_ncp_20251010T1140338327_d_img_d18_x11520_y98560.png,0.322,77.89,313.0,84.26,321.15
ch2_ohr_ncp_20251010T1140338327_d_img_d18_x11520_y98560.png,0.309,71.18,74.63,76.06,81.35
ch2_ohr_ncp_20251010T1140338327_d_img_d18_x11520_y98560.png,0.2654,102.35,293.95,106.29,298.78
ch2_ohr_ncp_20251010T1140338327_d_img_d18_x11520_y98560.png,0.2471,115.67,154.06,121.12,164.66
ch2_ohr_ncp_20251010T1140338327_d_img_d18_x11520_y98560.png,0.2331,217.29,351.43,223.99,363.43
ch2_ohr_ncp_20251010T1140338327_d_img_d18_x11520_y98560.png,0.2194,3.97,563.4,8.39,568.95
ch2_ohr_ncp_20251010T1140338327_d_img_d18_x11520_y98560.png,0.2186,13.29,202.84,20.0,210.8
ch2_ohr_ncp_20251010T1140338327_d_img_d18_x11520_y98560.png,0.2078,198.04,403.18,203.52,413.5
ch2_ohr_ncp_20251010T1140338327_d_img_d18_x11520_y98560.png,0.2024,200.33,462.63,204.26,468.13
ch2_ohr_ncp_20251010T1140338327_d_img_d18_x11520_y98560.png,0.2009,400.51,427.98,404.85,433.04
ch2_ohr_ncp_20251010T1140338327_d_img_d18_x11520_y99200.png,0.4724,34.88,90.1,41.51,104.93
ch2_ohr_ncp_20251010T1140338327_d_img_d18_x11520_y99200.png,0.3293,155.75,461.35,160.55,468.0
ch2_ohr_ncp_20251010T1140338327_d_img_d18_x11520_y99200.png,0.2938,410.2,290.93,414.89,296.45
ch2_ohr_ncp_20251010T1140338327_d_img_d18_x11520_y99200.png,0.2841,456.01,39.15,460.43,44.27
ch2_ohr_ncp_20251010T1140338327_d_img_d18_x11520_y99200.png,0.2766,75.13,207.27,87.13,231.44
ch2_ohr_ncp_20251010T1140338327_d_img_d18_x11520_y99200.png,0.263,155.95,460.0,160.41,467.22
ch2_ohr_ncp_20251010T1140338327_d_img_d18_x11520_y99200.png,0.2559,395.16,380.0,399.15,386.42
ch2_ohr_ncp_20251010T1140338327_d_img_d18_x11520_y99200.png,0.2523,163.87,207.57,168.15,213.63
ch2_ohr_ncp_20251010T1140338327_d_img_d18_x11520_y99200.png,0.2386,325.74,525.54,333.37,537.36
ch2_ohr_ncp_20251010T1140338327_d_img_d18_x11520_y99200.png,0.2384,459.95,506.33,464.85,511.83
ch2_ohr_ncp_20251010T1140338327_d_img_d18_x11520_y99200.png,0.2366,395.13,381.73,399.32,388.0
ch2_ohr_ncp_20251010T1140338327_d_img_d18_x11520_y99200.png,0.2183,178.73,150.51,184.14,157.17
ch2_ohr_ncp_20251010T1140338327_d_img_d18_x11520_y99840.png,0.4697,329.16,629.77,334.46,637.92
ch2_ohr_ncp_20251010T1140338327_d_img_d18_x11520_y99840.png,0.333,440.61,619.63,446.11,628.01
ch2_ohr_ncp_20251010T1140338327_d_img_d18_x11520_y99840.png,0.3034,414.95,525.9,420.01,532.03
ch2_ohr_ncp_20251010T1140338327_d_img_d18_x11520_y99840.png,0.2956,329.61,627.98,334.85,636.88
ch2_ohr_ncp_20251010T1140338327_d_img_d18_x11520_y99840.png,0.2445,279.62,542.63,284.01,548.01
ch2_ohr_ncp_20251010T1140338327_d_img_d18_x11520_y99840.png,0.2142,276.0,511.45,281.94,519.09
ch2_ohr_ncp_20251105T0849435342_d_img_d18_x00640_y68480.png,0.3318,0.0,271.68,75.13,353.91
ch2_ohr_ncp_20251105T0849435342_d_img_d18_x02560_y87680.png,0.2522,25.73,0.07,91.19,29.21
ch2_ohr_ncp_20251105T0849435342_d_img_d18_x04480_y74240.png,0.4511,280.4,489.33,308.32,546.66
ch2_ohr_ncp_20251105T0849435342_d_img_d18_x04480_y78080.png,0.2214,0.0,585.1,41.26,634.02
ch2_ohr_ncp_20251105T0849435342_d_img_d18_x04480_y81280.png,0.3281,107.52,79.63,155.81,134.03
ch2_ohr_ncp_20251105T0849435342_d_img_d18_x05120_y76800.png,0.2135,3.69,0.8,57.67,53.19
ch2_ohr_ncp_20251105T0849435342_d_img_d18_x05120_y79360.png,0.259,529.08,501.8,570.57,541.34
ch2_ohr_ncp_20251105T0849435342_d_img_d18_x05120_y83840.png,0.2905,0.02,520.45,26.07,575.3
ch2_ohr_ncp_20251105T0849435342_d_img_d18_x05760_y67200.png,0.2539,531.63,545.93,574.61,582.14
ch2_ohr_ncp_20251105T0849435342_d_img_d18_x05760_y67200.png,0.2151,534.64,541.36,581.66,581.24
ch2_ohr_ncp_20251105T0849435342_d_img_d18_x05760_y68480.png,0.2006,2.98,0.0,57.14,60.12
ch2_ohr_ncp_20251105T0849435342_d_img_d18_x05760_y71040.png,0.2537,16.62,0.0,70.16,71.29
ch2_ohr_ncp_20251105T0849435342_d_img_d18_x05760_y80640.png,0.2113,160.75,0.0,249.42,49.54
ch2_ohr_ncp_20251105T0849435342_d_img_d18_x06400_y71680.png,0.2064,38.18,606.63,74.86,638.29
ch2_ohr_ncp_20251105T0849435342_d_img_d18_x06400_y74880.png,0.2252,540.03,583.94,568.2,631.19
ch2_ohr_ncp_20251105T0849435342_d_img_d18_x07040_y65920.png,0.3327,0.0,597.78,44.14,640.0
ch2_ohr_ncp_20251105T0849435342_d_img_d18_x07040_y69760.png,0.2186,303.43,411.01,337.55,447.73
ch2_ohr_ncp_20251105T0849435342_d_img_d18_x07680_y62080.png,0.2425,559.15,488.2,621.99,550.56
ch2_ohr_ncp_20251105T0849435342_d_img_d18_x07680_y72960.png,0.5174,533.64,600.0,569.78,635.39
ch2_ohr_ncp_20251105T0849435342_d_img_d18_x07680_y80000.png,0.2624,388.51,571.11,424.26,619.04
ch2_ohr_ncp_20251105T0849435342_d_img_d18_x07680_y80000.png,0.2606,618.61,293.26,640.0,363.14
ch2_ohr_ncp_20251105T0849435342_d_img_d18_x08320_y56960.png,0.2574,82.5,0.0,139.89,50.87
ch2_ohr_ncp_20251105T0849435342_d_img_d18_x08320_y57600.png,0.2354,251.8,463.13,277.41,507.9
ch2_ohr_ncp_20251105T0849435342_d_img_d18_x08320_y73600.png,0.3306,200.23,570.19,232.28,612.98
ch2_ohr_ncp_20251105T0849435342_d_img_d18_x08320_y74880.png,0.4844,0.0,186.56,60.18,245.64
ch2_ohr_ncp_20251105T0849435342_d_img_d18_x08320_y74880.png,0.2106,0.82,197.7,48.28,242.47
ch2_ohr_ncp_20251105T0849435342_d_img_d18_x08960_y72960.png,0.3617,5.66,527.78,65.96,573.98
ch2_ohr_ncp_20251105T0849435342_d_img_d18_x08960_y74240.png,0.2792,3.31,483.31,35.85,527.59
ch2_ohr_ncp_20251105T0849435342_d_img_d18_x09600_y56960.png,0.2831,595.66,483.77,637.65,562.66
ch2_ohr_ncp_20251105T0849435342_d_img_d18_x09600_y60160.png,0.3037,615.82,513.18,640.0,604.02
ch2_ohr_ncp_20251105T0849435342_d_img_d18_x09600_y65920.png,0.2773,1.36,187.36,54.0,285.57
ch2_ohr_ncp_20251105T0849435342_d_img_d18_x09600_y68480.png,0.2347,606.51,450.49,640.0,549.78
ch2_ohr_ncp_20251105T0849435342_d_img_d18_x09600_y72320.png,0.2754,197.6,553.64,256.48,609.21
ch2_ohr_ncp_20251105T0849435342_d_img_d18_x10240_y49280.png,0.2428,411.1,400.27,495.98,452.99
ch2_ohr_ncp_20251105T0849435342_d_img_d18_x10240_y72960.png,0.2114,119.27,0.0,177.32,31.26
ch2_ohr_ncp_20251105T0849435342_d_img_d18_x10240_y76160.png,0.3035,422.43,594.82,472.86,635.17
ch2_ohr_ncp_20251105T0849435342_d_img_d18_x10240_y76160.png,0.231,423.15,601.23,463.26,635.43
ch2_ohr_ncp_20251105T0849435342_d_img_d18_x11520_y37120.png,0.2256,443.97,197.72,450.35,204.95
ch2_ohr_ncp_20251105T0849435342_d_img_d18_x11520_y37760.png,0.3937,127.28,58.28,132.21,65.24
ch2_ohr_ncp_20251105T0849435342_d_img_d18_x11520_y37760.png,0.2737,319.6,257.98,384.02,380.55
ch2_ohr_ncp_20251105T0849435342_d_img_d18_x11520_y37760.png,0.2515,322.42,272.26,371.41,380.44
ch2_ohr_ncp_20251105T0849435342_d_img_d18_x11520_y44800.png,0.3094,12.0,624.62,17.57,629.71
ch2_ohr_ncp_20251105T0849435342_d_img_d18_x11520_y54400.png,0.3844,379.51,629.6,386.6,637.26
ch2_ohr_ncp_20251105T0849435342_d_img_d18_x11520_y56960.png,0.5062,440.47,266.13,446.75,274.09
ch2_ohr_ncp_20251105T0849435342_d_img_d18_x11520_y56960.png,0.3313,439.94,266.13,445.61,276.0
ch2_ohr_ncp_20251105T0849435342_d_img_d18_x11520_y56960.png,0.3027,199.37,539.31,204.63,545.59
ch2_ohr_ncp_20251105T0849435342_d_img_d18_x11520_y56960.png,0.2828,373.5,561.69,379.1,568.12
ch2_ohr_ncp_20251105T0849435342_d_img_d18_x11520_y56960.png,0.2765,283.99,382.05,290.49,388.27
ch2_ohr_ncp_20251105T0849435342_d_img_d18_x11520_y56960.png,0.2681,303.3,358.96,310.55,368.27
ch2_ohr_ncp_20251105T0849435342_d_img_d18_x11520_y56960.png,0.216,362.29,270.83,367.6,277.43
ch2_ohr_ncp_20251105T0849435342_d_img_d18_x11520_y58240.png,0.3989,439.43,545.71,444.64,552.08
ch2_ohr_ncp_20251105T0849435342_d_img_d18_x11520_y58240.png,0.3735,416.54,607.3,422.8,614.0
ch2_ohr_ncp_20251105T0849435342_d_img_d18_x11520_y58240.png,0.2898,351.74,628.0,356.05,633.82
ch2_ohr_ncp_20251105T0849435342_d_img_d18_x11520_y58240.png,0.2144,334.29,483.81,340.02,488.49
ch2_ohr_ncp_20251105T0849435342_d_img_d18_x11520_y58880.png,0.3213,358.0,629.03,366.34,638.41
ch2_ohr_ncp_20251105T0849435342_d_img_d18_x11520_y58880.png,0.2588,367.25,477.47,375.18,486.93
ch2_ohr_ncp_20251105T0849435342_d_img_d18_x11520_y58880.png,0.2478,283.94,231.42,290.03,237.88
ch2_ohr_ncp_20251105T0849435342_d_img_d18_x11520_y58880.png,0.2088,368.53,476.0,375.79,485.82
ch2_ohr_ncp_20251105T0849435342_d_img_d18_x11520_y59520.png,0.4839,87.38,233.3,94.11,240.05
ch2_ohr_ncp_20251105T0849435342_d_img_d18_x11520_y59520.png,0.3674,381.53,630.17,392.1,639.73
ch2_ohr_ncp_20251105T0849435342_d_img_d18_x11520_y59520.png,0.3475,37.75,574.04,44.01,581.51
ch2_ohr_ncp_20251105T0849435342_d_img_d18_x11520_y59520.png,0.3105,31.39,162.85,39.01,169.77
ch2_ohr_ncp_20251105T0849435342_d_img_d18_x11520_y59520.png,0.2244,178.12,65.11,188.03,76.05
ch2_ohr_ncp_20251105T0849435342_d_img_d18_x11520_y59520.png,0.221,259.62,318.3,264.74,324.27
ch2_ohr_ncp_20251105T0849435342_d_img_d18_x11520_y60160.png,0.215,189.54,440.72,196.01,447.18
ch2_ohr_ncp_20251105T0849435342_d_img_d18_x11520_y60160.png,0.2112,422.19,209.93,429.21,220.0
ch2_ohr_ncp_20251105T0849435342_d_img_d18_x11520_y60160.png,0.2038,0.23,83.69,4.64,90.16
ch2_ohr_ncp_20251105T0849435342_d_img_d18_x11520_y60800.png,0.3947,414.49,284.81,423.59,295.26
ch2_ohr_ncp_20251105T0849435342_d_img_d18_x11520_y60800.png,0.3781,369.55,451.09,375.49,459.17
ch2_ohr_ncp_20251105T0849435342_d_img_d18_x11520_y60800.png,0.3374,438.59,421.04,447.3,429.92
ch2_ohr_ncp_20251105T0849435342_d_img_d18_x11520_y60800.png,0.325,369.18,451.99,373.94,460.0
ch2_ohr_ncp_20251105T0849435342_d_img_d18_x11520_y60800.png,0.3225,383.75,64.94,389.58,71.0
ch2_ohr_ncp_20251105T0849435342_d_img_d18_x11520_y60800.png,0.3192,147.86,146.32,152.42,152.46
ch2_ohr_ncp_20251105T0849435342_d_img_d18_x11520_y60800.png,0.3087,394.83,76.0,400.74,84.01
ch2_ohr_ncp_20251105T0849435342_d_img_d18_x11520_y60800.png,0.2706,300.0,99.98,306.39,105.98
ch2_ohr_ncp_20251105T0849435342_d_img_d18_x11520_y60800.png,0.2655,0.02,195.08,4.13,200.4
ch2_ohr_ncp_20251105T0849435342_d_img_d18_x11520_y60800.png,0.2435,392.43,105.55,397.72,111.63
ch2_ohr_ncp_20251105T0849435342_d_img_d18_x11520_y60800.png,0.2415,278.04,299.66,284.01,305.12
ch2_ohr_ncp_20251105T0849435342_d_img_d18_x11520_y60800.png,0.2269,314.15,147.7,319.91,153.43
ch2_ohr_ncp_20251105T0849435342_d_img_d18_x11520_y60800.png,0.2083,229.6,499.01,236.35,507.21
ch2_ohr_ncp_20251105T0849435342_d_img_d18_x11520_y60800.png,0.2066,133.68,367.32,140.0,373.58
ch2_ohr_ncp_20251105T0849435342_d_img_d18_x11520_y61440.png,0.4045,325.51,406.29,330.63,413.44
ch2_ohr_ncp_20251105T0849435342_d_img_d18_x11520_y61440.png,0.3555,324.0,406.48,330.27,413.53
ch2_ohr_ncp_20251105T0849435342_d_img_d18_x11520_y61440.png,0.257,243.59,307.15,249.44,316.5
ch2_ohr_ncp_20251105T0849435342_d_img_d18_x11520_y61440.png,0.2525,247.81,286.58,252.36,292.08
ch2_ohr_ncp_20251105T0849435342_d_img_d18_x11520_y61440.png,0.2518,0.2,59.95,5.31,67.58
ch2_ohr_ncp_20251105T0849435342_d_img_d18_x11520_y62080.png,0.3251,291.89,472.7,298.51,480.52
ch2_ohr_ncp_20251105T0849435342_d_img_d18_x11520_y62080.png,0.2803,336.94,409.47,346.76,423.76
ch2_ohr_ncp_20251105T0849435342_d_img_d18_x11520_y62080.png,0.2682,307.8,63.32,315.02,72.02
ch2_ohr_ncp_20251105T0849435342_d_img_d18_x11520_y62080.png,0.2269,390.36,590.18,396.02,596.02
ch2_ohr_ncp_20251105T0849435342_d_img_d18_x11520_y62720.png,0.4565,386.95,355.53,394.62,363.32
ch2_ohr_ncp_20251105T0849435342_d_img_d18_x11520_y63360.png,0.4459,408.71,367.37,414.0,372.24
ch2_ohr_ncp_20251105T0849435342_d_img_d18_x11520_y63360.png,0.3202,457.35,621.18,465.75,631.07
ch2_ohr_ncp_20251105T0849435342_d_img_d18_x11520_y63360.png,0.2968,399.07,376.67,407.09,384.35
ch2_ohr_ncp_20251105T0849435342_d_img_d18_x11520_y64000.png,0.2249,33.63,623.14,40.89,629.54
ch2_ohr_ncp_20251105T0849435342_d_img_d18_x11520_y64640.png,0.4928,342.49,365.03,349.51,373.29
ch2_ohr_ncp_20251105T0849435342_d_img_d18_x11520_y64640.png,0.4508,366.29,619.16,375.09,629.74
ch2_ohr_ncp_20251105T0849435342_d_img_d18_x11520_y64640.png,0.3769,360.76,293.47,367.55,300.68
ch2_ohr_ncp_20251105T0849435342_d_img_d18_x11520_y64640.png,0.3362,77.44,21.77,84.78,29.78
ch2_ohr_ncp_20251105T0849435342_d_img_d18_x11520_y64640.png,0.2893,141.53,622.63,148.04,629.12
ch2_ohr_ncp_20251105T0849435342_d_img_d18_x11520_y64640.png,0.2652,359.45,200.54,372.05,214.25
ch2_ohr_ncp_20251105T0849435342_d_img_d18_x11520_y64640.png,0.2572,448.47,506.63,455.98,516.0
ch2_ohr_ncp_20251105T0849435342_d_img_d18_x11520_y64640.png,0.2313,296.77,125.86,303.31,133.44
ch2_ohr_ncp_20251105T0849435342_d_img_d18_x11520_y64640.png,0.2311,96.51,22.52,100.98,28.01
ch2_ohr_ncp_20251105T0849435342_d_img_d18_x11520_y65280.png,0.2052,0.13,62.4,4.04,68.01
ch2_ohr_ncp_20251105T0849435342_d_img_d18_x11520_y65280.png,0.2028,27.92,470.12,35.07,478.56
ch2_ohr_ncp_20251105T0849435342_d_img_d18_x11520_y65920.png,0.4279,388.71,225.77,397.93,236.59
ch2_ohr_ncp_20251105T0849435342_d_img_d18_x11520_y65920.png,0.3808,319.36,243.54,333.42,261.91
ch2_ohr_ncp_20251105T0849435342_d_img_d18_x11520_y65920.png,0.3717,5.48,66.53,12.05,73.69
ch2_ohr_ncp_20251105T0849435342_d_img_d18_x11520_y65920.png,0.3259,63.56,130.86,69.63,137.19
ch2_ohr_ncp_20251105T0849435342_d_img_d18_x11520_y65920.png,0.3057,454.54,478.6,460.46,484.24
ch2_ohr_ncp_20251105T0849435342_d_img_d18_x11520_y65920.png,0.294,402.31,245.96,408.06,250.93
ch2_ohr_ncp_20251105T0849435342_d_img_d18_x11520_y65920.png,0.2786,175.24,567.74,182.17,574.78
ch2_ohr_ncp_20251105T0849435342_d_img_d18_x11520_y65920.png,0.2662,206.07,25.23,216.24,35.03
ch2_ohr_ncp_20251105T0849435342_d_img_d18_x11520_y66560.png,0.5229,130.16,507.57,139.09,516.57
ch2_ohr_ncp_20251105T0849435342_d_img_d18_x11520_y66560.png,0.5047,447.2,181.21,453.14,190.47
ch2_ohr_ncp_20251105T0849435342_d_img_d18_x11520_y66560.png,0.4904,294.78,147.03,300.22,156.5
ch2_ohr_ncp_20251105T0849435342_d_img_d18_x11520_y66560.png,0.3621,332.0,459.88,337.83,465.6
ch2_ohr_ncp_20251105T0849435342_d_img_d18_x11520_y66560.png,0.3399,375.6,321.24,382.99,329.68
ch2_ohr_ncp_20251105T0849435342_d_img_d18_x11520_y66560.png,0.325,150.37,626.96,158.89,635.64
ch2_ohr_ncp_20251105T0849435342_d_img_d18_x11520_y66560.png,0.3057,4.5,530.32,10.52,536.83
ch2_ohr_ncp_20251105T0849435342_d_img_d18_x11520_y66560.png,0.2857,277.52,350.81,284.0,356.4
ch2_ohr_ncp_20251105T0849435342_d_img_d18_x11520_y66560.png,0.283,98.29,259.82,108.01,270.22
ch2_ohr_ncp_20251105T0849435342_d_img_d18_x11520_y66560.png,0.2456,349.67,197.38,356.59,206.36
ch2_ohr_ncp_20251105T0849435342_d_img_d18_x11520_y66560.png,0.2446,354.61,313.82,360.69,320.39
ch2_ohr_ncp_20251105T0849435342_d_img_d18_x11520_y66560.png,0.2405,348.0,197.66,355.72,206.57
ch2_ohr_ncp_20251105T0849435342_d_img_d18_x11520_y66560.png,0.2318,78.86,483.5,85.3,492.23
ch2_ohr_ncp_20251105T0849435342_d_img_d18_x11520_y67200.png,0.3909,454.6,430.62,460.02,436.05
ch2_ohr_ncp_20251105T0849435342_d_img_d18_x11520_y67840.png,0.6063,422.05,177.97,430.41,186.74
ch2_ohr_ncp_20251105T0849435342_d_img_d18_x11520_y67840.png,0.5502,136.28,348.06,143.55,356.24
ch2_ohr_ncp_20251105T0849435342_d_img_d18_x11520_y67840.png,0.5369,23.54,460.68,29.95,468.15
ch2_ohr_ncp_20251105T0849435342_d_img_d18_x11520_y67840.png,0.4904,345.42,561.26,351.77,569.71
ch2_ohr_ncp_20251105T0849435342_d_img_d18_x11520_y67840.png,0.4518,24.6,184.41,30.05,190.25
ch2_ohr_ncp_20251105T0849435342_d_img_d18_x11520_y67840.png,0.3468,347.97,474.18,353.76,479.69
ch2_ohr_ncp_20251105T0849435342_d_img_d18_x11520_y67840.png,0.2909,321.74,24.88,327.19,30.73
ch2_ohr_ncp_20251105T0849435342_d_img_d18_x11520_y67840.png,0.2753,438.3,118.7,444.31,125.43
ch2_ohr_ncp_20251105T0849435342_d_img_d18_x11520_y67840.png,0.2688,358.43,437.3,365.02,445.52
ch2_ohr_ncp_20251105T0849435342_d_img_d18_x11520_y67840.png,0.2673,403.94,259.93,408.76,265.52
ch2_ohr_ncp_20251105T0849435342_d_img_d18_x11520_y67840.png,0.2272,39.25,187.95,48.01,200.3
ch2_ohr_ncp_20251105T0849435342_d_img_d18_x11520_y67840.png,0.2238,419.8,359.91,426.66,371.42
ch2_ohr_ncp_20251105T0849435342_d_img_d18_x11520_y67840.png,0.2066,139.87,574.73,149.39,588.14
ch2_ohr_ncp_20251105T0849435342_d_img_d18_x11520_y68480.png,0.2384,446.39,45.97,452.01,52.02
ch2_ohr_ncp_20251105T0849435342_d_img_d18_x11520_y69120.png,0.2397,387.99,287.55,393.43,293.0
ch2_ohr_ncp_20251105T0849435342_d_img_d18_x11520_y69760.png,0.4512,459.58,504.85,465.89,511.73
ch2_ohr_ncp_20251105T0849435342_d_img_d18_x11520_y69760.png,0.2348,433.68,515.92,438.8,521.61
ch2_ohr_ncp_20251105T0849435342_d_img_d18_x11520_y69760.png,0.2057,459.67,505.07,468.0,511.25
ch2_ohr_ncp_20251105T0849435342_d_img_d18_x11520_y70400.png,0.5503,16.63,370.66,23.34,377.39
ch2_ohr_ncp_20251105T0849435342_d_img_d18_x11520_y70400.png,0.5434,102.67,345.64,111.42,355.63
ch2_ohr_ncp_20251105T0849435342_d_img_d18_x11520_y70400.png,0.4911,0.11,505.27,5.16,511.88
ch2_ohr_ncp_20251105T0849435342_d_img_d18_x11520_y70400.png,0.4757,368.31,296.1,374.31,302.25
ch2_ohr_ncp_20251105T0849435342_d_img_d18_x11520_y70400.png,0.4606,109.63,243.28,116.0,248.86
ch2_ohr_ncp_20251105T0849435342_d_img_d18_x11520_y70400.png,0.4209,409.01,242.94,414.51,249.1
ch2_ohr_ncp_20251105T0849435342_d_img_d18_x11520_y70400.png,0.397,369.15,287.96,375.75,293.12
ch2_ohr_ncp_20251105T0849435342_d_img_d18_x11520_y70400.png,0.2958,120.12,374.43,127.86,382.16
ch2_ohr_ncp_20251105T0849435342_d_img_d18_x11520_y70400.png,0.2611,150.18,390.15,156.09,396.03
ch2_ohr_ncp_20251105T0849435342_d_img_d18_x11520_y70400.png,0.225,98.35,200.32,103.99,205.71
ch2_ohr_ncp_20251105T0849435342_d_img_d18_x11520_y70400.png,0.2205,99.0,212.67,104.6,218.32
ch2_ohr_ncp_20251105T0849435342_d_img_d18_x11520_y70400.png,0.2044,130.77,238.88,137.15,247.55
ch2_ohr_ncp_20251105T0849435342_d_img_d18_x11520_y74240.png,0.3536,325.19,577.48,332.01,584.43
ch2_ohr_ncp_20251105T0849435342_d_img_d18_x11520_y74240.png,0.3002,101.07,629.0,108.02,636.54
ch2_ohr_ncp_20251105T0849435342_d_img_d18_x11520_y74240.png,0.2662,138.89,600.48,149.71,612.11
ch2_ohr_ncp_20251105T0849435342_d_img_d18_x11520_y74240.png,0.2363,346.62,344.67,352.42,350.9
ch2_ohr_ncp_20251105T0849435342_d_img_d18_x11520_y74880.png,0.5424,72.61,558.97,78.45,565.43
ch2_ohr_ncp_20251105T0849435342_d_img_d18_x11520_y74880.png,0.4064,252.98,175.16,260.39,183.76
ch2_ohr_ncp_20251105T0849435342_d_img_d18_x11520_y74880.png,0.3994,87.17,552.41,95.43,560.83
ch2_ohr_ncp_20251105T0849435342_d_img_d18_x11520_y74880.png,0.3888,26.67,427.33,32.25,434.45
ch2_ohr_ncp_20251105T0849435342_d_img_d18_x11520_y74880.png,0.3497,16.98,454.53,22.91,461.52
ch2_ohr_ncp_20251105T0849435342_d_img_d18_x11520_y74880.png,0.3067,96.29,456.91,103.49,466.78
ch2_ohr_ncp_20251105T0849435342_d_img_d18_x11520_y74880.png,0.2626,120.17,619.98,131.12,633.48
ch2_ohr_ncp_20251105T0849435342_d_img_d18_x11520_y74880.png,0.2224,281.95,179.28,289.47,189.76
ch2_ohr_ncp_20251105T0849435342_d_img_d18_x11520_y74880.png,0.2124,296.46,363.83,302.83,372.06
ch2_ohr_ncp_20251105T0849435342_d_img_d18_x11520_y74880.png,0.2076,416.09,159.15,423.8,172.1
ch2_ohr_ncp_20251105T1048273563_d_img_d18_x00000_y77440.png,0.3699,138.69,455.21,159.25,495.44
ch2_ohr_ncp_20251105T1048273563_d_img_d18_x00640_y75520.png,0.2112,216.89,0.0,274.91,74.1
ch2_ohr_ncp_20251105T1048273563_d_img_d18_x00640_y75520.png,0.2073,236.59,371.64,253.38,402.88
ch2_ohr_ncp_20251105T1048273563_d_img_d18_x00640_y76800.png,0.2176,360.5,516.52,391.44,560.57
ch2_ohr_ncp_20251105T1048273563_d_img_d18_x00640_y77440.png,0.2405,572.51,28.72,612.42,79.52
ch2_ohr_ncp_20251105T1048273563_d_img_d18_x01280_y75520.png,0.238,567.97,551.58,595.9,591.99
ch2_ohr_ncp_20251105T1048273563_d_img_d18_x02560_y64640.png,0.3124,98.8,498.39,133.7,536.06
ch2_ohr_ncp_20251105T1048273563_d_img_d18_x02560_y64640.png,0.2314,173.93,596.67,218.61,640.0
ch2_ohr_ncp_20251105T1048273563_d_img_d18_x04480_y62720.png,0.22,3.41,0.83,51.18,56.01
ch2_ohr_ncp_20251105T1048273563_d_img_d18_x04480_y71040.png,0.2736,525.15,607.86,584.7,640.0
ch2_ohr_ncp_20251105T1048273563_d_img_d18_x04480_y74240.png,0.2858,11.32,598.51,52.56,634.32
ch2_ohr_ncp_20251105T1048273563_d_img_d18_x05760_y67840.png,0.2173,339.74,549.12,395.33,637.69
ch2_ohr_ncp_20251105T1048273563_d_img_d18_x06400_y56320.png,0.3184,53.46,517.36,104.65,555.41
ch2_ohr_ncp_20251105T1048273563_d_img_d18_x06400_y56320.png,0.2888,43.42,515.95,102.96,561.69
ch2_ohr_ncp_20251105T1048273563_d_img_d18_x06400_y56960.png,0.204,215.89,594.58,244.87,634.23
ch2_ohr_ncp_20251105T1048273563_d_img_d18_x06400_y65920.png,0.2296,605.57,472.08,640.0,517.14
ch2_ohr_ncp_20251105T1048273563_d_img_d18_x06400_y69760.png,0.2188,289.08,0.0,345.67,75.99
ch2_ohr_ncp_20251105T1048273563_d_img_d18_x07040_y64000.png,0.2961,72.57,599.71,104.79,634.01
ch2_ohr_ncp_20251105T1048273563_d_img_d18_x07040_y64000.png,0.2019,70.52,597.57,115.53,635.05
ch2_ohr_ncp_20251105T1048273563_d_img_d18_x07680_y47360.png,0.2068,28.02,0.02,63.34,36.74
ch2_ohr_ncp_20251105T1048273563_d_img_d18_x07680_y65920.png,0.2109,449.68,65.67,482.04,104.16
ch2_ohr_ncp_20251105T1048273563_d_img_d18_x07680_y68480.png,0.2103,419.62,266.95,458.46,303.38
ch2_ohr_ncp_20251105T1048273563_d_img_d18_x08320_y51840.png,0.2224,92.63,0.37,145.25,49.15
ch2_ohr_ncp_20251105T1048273563_d_img_d18_x08320_y55040.png,0.2592,381.5,591.74,424.1,639.83
ch2_ohr_ncp_20251105T1048273563_d_img_d18_x08320_y64640.png,0.2981,312.26,151.24,355.21,186.26
ch2_ohr_ncp_20251105T1048273563_d_img_d18_x08320_y68480.png,0.3367,444.47,541.89,472.15,591.55
ch2_ohr_ncp_20251105T1048273563_d_img_d18_x08960_y51200.png,0.3076,441.64,399.38,484.16,469.07
ch2_ohr_ncp_20251105T1048273563_d_img_d18_x08960_y53120.png,0.2211,41.59,0.0,113.26,105.6
ch2_ohr_ncp_20251105T1048273563_d_img_d18_x08960_y53760.png,0.3684,345.04,600.09,376.22,640.0
ch2_ohr_ncp_20251105T1048273563_d_img_d18_x08960_y56960.png,0.3298,146.72,560.61,169.72,604.17
ch2_ohr_ncp_20251105T1048273563_d_img_d18_x08960_y62720.png,0.2164,600.46,590.19,631.13,631.69
ch2_ohr_ncp_20251105T1048273563_d_img_d18_x08960_y67840.png,0.2296,280.01,514.2,331.39,568.13
ch2_ohr_ncp_20251105T1048273563_d_img_d18_x08960_y68480.png,0.2615,394.44,0.02,424.12,37.13
ch2_ohr_ncp_20251105T1048273563_d_img_d18_x08960_y69120.png,0.3032,570.83,0.0,628.6,70.99
ch2_ohr_ncp_20251105T1048273563_d_img_d18_x09600_y49920.png,0.4615,630.01,347.84,639.05,358.41
ch2_ohr_ncp_20251105T1048273563_d_img_d18_x09600_y49920.png,0.2786,560.11,427.99,564.91,433.7
ch2_ohr_ncp_20251105T1048273563_d_img_d18_x09600_y49920.png,0.2682,511.09,400.57,516.01,404.77
ch2_ohr_ncp_20251105T1048273563_d_img_d18_x09600_y49920.png,0.2544,594.27,338.51,598.53,342.68
ch2_ohr_ncp_20251105T1048273563_d_img_d18_x09600_y62080.png,0.2032,605.33,546.54,632.59,602.76
ch2_ohr_ncp_20251105T1048273563_d_img_d18_x09600_y65920.png,0.3657,0.26,423.27,21.21,466.81
ch2_ohr_ncp_20251105T1048273563_d_img_d18_x09600_y67200.png,0.2168,553.69,353.85,624.92,467.57
ch2_ohr_ncp_20251105T1048273563_d_img_d18_x10240_y44160.png,0.2384,495.79,171.72,520.13,213.74
ch2_ohr_ncp_20251105T1048273563_d_img_d18_x10240_y49920.png,0.2955,236.38,488.92,258.9,529.27
ch2_ohr_ncp_20251105T1048273563_d_img_d18_x10240_y51840.png,0.2051,478.89,401.72,500.91,450.17
ch2_ohr_ncp_20251105T1048273563_d_img_d18_x10880_y63360.png,0.2834,266.27,0.0,324.67,36.62
ch2_ohr_ncp_20251105T1048273563_d_img_d18_x10880_y64640.png,0.4641,43.96,307.93,47.91,312.65
ch2_ohr_ncp_20251105T1048273563_d_img_d18_x10880_y64640.png,0.3362,8.76,297.91,13.2,302.4
ch2_ohr_ncp_20251105T1048273563_d_img_d18_x10880_y64640.png,0.246,615.35,35.85,620.55,40.62
ch2_ohr_ncp_20251105T1048273563_d_img_d18_x10880_y64640.png,0.2353,186.38,138.83,196.14,151.8
ch2_ohr_ncp_20251105T1048273563_d_img_d18_x11520_y35840.png,0.2522,173.78,591.56,220.82,633.26
ch2_ohr_ncp_20251105T1048273563_d_img_d18_x11520_y48640.png,0.3118,426.7,393.74,431.83,398.55
ch2_ohr_ncp_20251105T1048273563_d_img_d18_x11520_y51840.png,0.2229,62.67,369.58,71.31,380.17
ch2_ohr_ncp_20251105T1048273563_d_img_d18_x11520_y51840.png,0.2125,457.73,108.0,461.76,113.67
ch2_ohr_ncp_20251105T1048273563_d_img_d18_x11520_y53120.png,0.3618,14.11,169.67,20.08,177.23
ch2_ohr_ncp_20251105T1048273563_d_img_d18_x11520_y53120.png,0.2195,302.98,478.47,309.04,489.01
ch2_ohr_ncp_20251105T1048273563_d_img_d18_x11520_y54400.png,0.2789,334.26,393.23,340.01,398.21
ch2_ohr_ncp_20251105T1048273563_d_img_d18_x11520_y54400.png,0.2427,427.99,498.42,433.5,503.93
ch2_ohr_ncp_20251105T1048273563_d_img_d18_x11520_y55040.png,0.216,271.24,584.45,276.05,590.1
ch2_ohr_ncp_20251105T1048273563_d_img_d18_x11520_y57600.png,0.2806,19.97,554.57,28.49,565.19
ch2_ohr_ncp_20251105T1048273563_d_img_d18_x11520_y57600.png,0.2335,366.95,209.57,372.02,214.48
ch2_ohr_ncp_20251105T1048273563_d_img_d18_x11520_y57600.png,0.2166,379.54,348.92,384.4,356.0
ch2_ohr_ncp_20251105T1048273563_d_img_d18_x11520_y57600.png,0.2059,379.45,348.0,384.09,354.58
ch2_ohr_ncp_20251227T1027178560_d_img_d18_x00000_y65920.png,0.2751,304.7,0.0,363.65,48.13
ch2_ohr_ncp_20251227T1027178560_d_img_d18_x00000_y65920.png,0.2048,219.28,0.0,278.53,42.41
ch2_ohr_ncp_20251227T1027178560_d_img_d18_x00000_y67840.png,0.2508,297.02,613.24,351.74,640.0
ch2_ohr_ncp_20251227T1027178560_d_img_d18_x00000_y68480.png,0.2065,89.91,606.1,149.82,640.0
ch2_ohr_ncp_20251227T1027178560_d_img_d18_x00000_y69760.png,0.2204,22.94,0.0,61.85,48.52
ch2_ohr_ncp_20251227T1027178560_d_img_d18_x00000_y70400.png,0.3259,380.96,586.37,435.53,637.11
ch2_ohr_ncp_20251227T1027178560_d_img_d18_x00000_y70400.png,0.2796,442.98,483.95,492.37,529.33
ch2_ohr_ncp_20251227T1027178560_d_img_d18_x00000_y70400.png,0.2476,563.17,176.01,627.91,217.33
ch2_ohr_ncp_20251227T1027178560_d_img_d18_x00640_y67200.png,0.4376,491.95,270.37,550.91,310.63
ch2_ohr_ncp_20251227T1027178560_d_img_d18_x00640_y67840.png,0.2746,277.47,510.86,335.34,550.42
ch2_ohr_ncp_20251227T1027178560_d_img_d18_x00640_y67840.png,0.2094,282.95,508.18,351.21,546.17
ch2_ohr_ncp_20251227T1027178560_d_img_d18_x00640_y69120.png,0.2649,576.1,249.97,636.82,287.59
ch2_ohr_ncp_20251227T1027178560_d_img_d18_x01280_y55680.png,0.2555,586.12,199.91,614.01,231.44
ch2_ohr_ncp_20251227T1027178560_d_img_d18_x01280_y56320.png,0.291,378.5,609.95,432.93,640.0
ch2_ohr_ncp_20251227T1027178560_d_img_d18_x01280_y56960.png,0.3374,299.03,612.0,347.56,640.0
ch2_ohr_ncp_20251227T1027178560_d_img_d18_x01280_y56960.png,0.2594,0.0,610.82,76.99,639.87
ch2_ohr_ncp_20251227T1027178560_d_img_d18_x01280_y57600.png,0.3115,276.55,593.1,336.56,637.06
ch2_ohr_ncp_20251227T1027178560_d_img_d18_x01280_y57600.png,0.2299,13.88,609.83,61.56,640.0
ch2_ohr_ncp_20251227T1027178560_d_img_d18_x01280_y64000.png,0.282,265.91,390.55,397.75,464.65
ch2_ohr_ncp_20251227T1027178560_d_img_d18_x01280_y64000.png,0.2139,364.96,352.27,372.55,359.1
ch2_ohr_ncp_20251227T1027178560_d_img_d18_x01280_y67200.png,0.2186,6.62,299.97,12.62,305.56
ch2_ohr_ncp_20251227T1027178560_d_img_d18_x01280_y67840.png,0.255,491.64,604.68,549.0,640.0
ch2_ohr_ncp_20251227T1027178560_d_img_d18_x01280_y69120.png,0.3323,297.35,0.0,349.58,38.15
ch2_ohr_ncp_20251227T1027178560_d_img_d18_x01280_y69760.png,0.2695,537.55,606.59,587.68,640.0
ch2_ohr_ncp_20251227T1027178560_d_img_d18_x01280_y69760.png,0.2269,9.93,258.47,57.38,296.26
ch2_ohr_ncp_20251227T1027178560_d_img_d18_x01920_y55040.png,0.3534,481.07,545.92,487.72,550.85
ch2_ohr_ncp_20251227T1027178560_d_img_d18_x01920_y55040.png,0.3245,448.17,561.24,454.11,566.57
ch2_ohr_ncp_20251227T1027178560_d_img_d18_x01920_y55680.png,0.4116,324.71,19.29,426.58,86.37
ch2_ohr_ncp_20251227T1027178560_d_img_d18_x01920_y57600.png,0.4263,19.86,591.16,94.74,640.0
ch2_ohr_ncp_20251227T1027178560_d_img_d18_x01920_y64640.png,0.3158,553.1,0.0,615.51,44.35
ch2_ohr_ncp_20251227T1027178560_d_img_d18_x01920_y66560.png,0.4086,79.52,559.01,142.09,597.67
ch2_ohr_ncp_20251227T1027178560_d_img_d18_x01920_y66560.png,0.2186,464.19,610.6,512.49,640.0
ch2_ohr_ncp_20251227T1027178560_d_img_d18_x01920_y67200.png,0.3764,265.22,589.44,333.99,637.36
ch2_ohr_ncp_20251227T1027178560_d_img_d18_x01920_y67840.png,0.3334,305.69,582.94,345.76,621.59
ch2_ohr_ncp_20251227T1027178560_d_img_d18_x01920_y69120.png,0.2542,159.38,0.57,195.65,39.43
ch2_ohr_ncp_20251227T1027178560_d_img_d18_x01920_y76800.png,0.3064,591.1,156.83,632.55,199.26
ch2_ohr_ncp_20251227T1027178560_d_img_d18_x01920_y76800.png,0.2108,582.17,160.45,632.58,204.72
ch2_ohr_ncp_20251227T1027178560_d_img_d18_x01920_y78080.png,0.2234,141.13,601.28,223.39,640.0
ch2_ohr_ncp_20251227T1027178560_d_img_d18_x01920_y78720.png,0.3173,108.0,605.17,158.56,640.0
ch2_ohr_ncp_20251227T1027178560_d_img_d18_x01920_y78720.png,0.2864,384.5,556.0,389.8,561.81
ch2_ohr_ncp_20251227T1027178560_d_img_d18_x01920_y78720.png,0.205,16.51,609.19,75.53,640.0
ch2_ohr_ncp_20251227T1027178560_d_img_d18_x01920_y79360.png,0.3137,525.3,69.42,577.18,100.88
ch2_ohr_ncp_20251227T1027178560_d_img_d18_x02560_y55040.png,0.4198,292.88,609.91,350.36,640.0
ch2_ohr_ncp_20251227T1027178560_d_img_d18_x02560_y56960.png,0.2129,435.11,613.92,494.19,640.0
ch2_ohr_ncp_20251227T1027178560_d_img_d18_x02560_y57600.png,0.2385,204.0,336.16,208.85,340.09
ch2_ohr_ncp_20251227T1027178560_d_img_d18_x02560_y57600.png,0.238,255.01,309.32,263.84,316.77
ch2_ohr_ncp_20251227T1027178560_d_img_d18_x02560_y58880.png,0.3516,335.87,609.74,384.03,639.71
ch2_ohr_ncp_20251227T1027178560_d_img_d18_x02560_y62080.png,0.2603,609.6,446.23,640.0,493.04
ch2_ohr_ncp_20251227T1027178560_d_img_d18_x02560_y65280.png,0.2815,438.8,0.0,502.01,49.1
ch2_ohr_ncp_20251227T1027178560_d_img_d18_x02560_y76160.png,0.2155,557.69,590.06,624.33,635.16
ch2_ohr_ncp_20251227T1027178560_d_img_d18_x02560_y77440.png,0.2369,519.53,133.34,583.0,173.15
ch2_ohr_ncp_20251227T1027178560_d_img_d18_x02560_y79360.png,0.459,65.82,0.0,123.98,33.84
ch2_ohr_ncp_20251227T1027178560_d_img_d18_x02560_y79360.png,0.2397,465.91,516.67,495.33,547.8
ch2_ohr_ncp_20251227T1027178560_d_img_d18_x03200_y53120.png,0.2099,434.93,614.81,496.02,639.67
ch2_ohr_ncp_20251227T1027178560_d_img_d18_x03200_y53760.png,0.201,16.31,398.42,80.9,442.36
ch2_ohr_ncp_20251227T1027178560_d_img_d18_x03200_y56960.png,0.2576,179.27,595.62,245.36,640.0
ch2_ohr_ncp_20251227T1027178560_d_img_d18_x03200_y59520.png,0.2507,544.81,22.92,613.3,69.6
ch2_ohr_ncp_20251227T1027178560_d_img_d18_x03200_y67840.png,0.3755,261.37,607.68,316.3,640.0
ch2_ohr_ncp_20251227T1027178560_d_img_d18_x03200_y67840.png,0.2023,246.9,604.85,321.95,640.0
ch2_ohr_ncp_20251227T1027178560_d_img_d18_x03200_y80000.png,0.3805,472.59,12.47,542.27,66.03
ch2_ohr_ncp_20251227T1027178560_d_img_d18_x03840_y57600.png,0.2827,440.75,612.97,493.62,639.77
ch2_ohr_ncp_20251227T1027178560_d_img_d18_x03840_y58240.png,0.5047,511.23,92.0,516.55,97.45
ch2_ohr_ncp_20251227T1027178560_d_img_d18_x03840_y58240.png,0.3241,403.3,63.97,408.54,68.78
ch2_ohr_ncp_20251227T1027178560_d_img_d18_x03840_y58240.png,0.2878,438.35,67.77,447.31,73.88
ch2_ohr_ncp_20251227T1027178560_d_img_d18_x03840_y58240.png,0.2854,587.94,99.99,593.34,105.28
ch2_ohr_ncp_20251227T1027178560_d_img_d18_x03840_y58240.png,0.2512,355.98,98.15,365.89,105.33
ch2_ohr_ncp_20251227T1027178560_d_img_d18_x03840_y58240.png,0.2405,422.36,80.37,428.01,84.57
ch2_ohr_ncp_20251227T1027178560_d_img_d18_x03840_y58240.png,0.2398,606.06,106.25,612.19,112.86
ch2_ohr_ncp_20251227T1027178560_d_img_d18_x03840_y58240.png,0.2334,465.51,76.0,470.46,81.11
ch2_ohr_ncp_20251227T1027178560_d_img_d18_x03840_y58240.png,0.2332,424.49,51.84,430.63,56.9
ch2_ohr_ncp_20251227T1027178560_d_img_d18_x03840_y58880.png,0.3436,247.61,302.46,258.87,310.39
ch2_ohr_ncp_20251227T1027178560_d_img_d18_x03840_y58880.png,0.2155,379.43,336.68,384.21,340.88
ch2_ohr_ncp_20251227T1027178560_d_img_d18_x03840_y59520.png,0.2375,202.1,605.6,255.05,640.0
ch2_ohr_ncp_20251227T1027178560_d_img_d18_x03840_y62080.png,0.2351,333.23,14.98,402.86,58.09
ch2_ohr_ncp_20251227T1027178560_d_img_d18_x03840_y62720.png,0.2572,474.23,347.68,480.97,353.09
ch2_ohr_ncp_20251227T1027178560_d_img_d18_x03840_y62720.png,0.2309,285.21,223.09,292.04,228.71
ch2_ohr_ncp_20251227T1027178560_d_img_d18_x03840_y65280.png,0.2554,142.58,589.36,202.23,631.74
ch2_ohr_ncp_20251227T1027178560_d_img_d18_x03840_y75520.png,0.3875,475.81,610.22,525.67,640.0
ch2_ohr_ncp_20251227T1027178560_d_img_d18_x03840_y76800.png,0.2409,0.65,610.17,46.32,640.0
ch2_ohr_ncp_20251227T1027178560_d_img_d18_x03840_y77440.png,0.3637,242.39,141.23,311.21,184.99
ch2_ohr_ncp_20251227T1027178560_d_img_d18_x03840_y77440.png,0.2003,225.96,239.8,261.28,267.87
ch2_ohr_ncp_20251227T1027178560_d_img_d18_x04480_y100480.png,0.3114,512.65,0.0,580.12,50.33
ch2_ohr_ncp_20251227T1027178560_d_img_d18_x04480_y53120.png,0.3098,563.41,0.0,631.05,75.49
ch2_ohr_ncp_20251227T1027178560_d_img_d18_x04480_y54400.png,0.2693,7.44,80.19,69.27,179.86
ch2_ohr_ncp_20251227T1027178560_d_img_d18_x04480_y58240.png,0.2854,49.61,152.05,54.34,156.82
ch2_ohr_ncp_20251227T1027178560_d_img_d18_x04480_y62720.png,0.2644,478.55,582.37,551.77,640.0
ch2_ohr_ncp_20251227T1027178560_d_img_d18_x04480_y66560.png,0.4538,389.45,351.17,445.98,392.56
ch2_ohr_ncp_20251227T1027178560_d_img_d18_x04480_y76160.png,0.3084,252.82,334.42,297.36,370.49
ch2_ohr_ncp_20251227T1027178560_d_img_d18_x04480_y76160.png,0.2261,575.03,93.53,632.7,136.31
ch2_ohr_ncp_20251227T1027178560_d_img_d18_x04480_y76800.png,0.5658,65.16,0.0,124.58,42.14
ch2_ohr_ncp_20251227T1027178560_d_img_d18_x04480_y78080.png,0.2727,126.36,50.77,176.01,87.87
ch2_ohr_ncp_20251227T1027178560_d_img_d18_x05120_y100480.png,0.443,349.48,74.26,356.01,79.04
ch2_ohr_ncp_20251227T1027178560_d_img_d18_x05120_y100480.png,0.4291,565.6,60.0,572.04,66.54
ch2_ohr_ncp_20251227T1027178560_d_img_d18_x05120_y100480.png,0.3976,569.75,169.44,575.2,174.38
ch2_ohr_ncp_20251227T1027178560_d_img_d18_x05120_y100480.png,0.3933,535.85,224.58,541.96,229.7
ch2_ohr_ncp_20251227T1027178560_d_img_d18_x05120_y100480.png,0.3884,553.79,469.03,559.15,476.0
ch2_ohr_ncp_20251227T1027178560_d_img_d18_x05120_y100480.png,0.3853,420.95,287.41,429.71,293.81
ch2_ohr_ncp_20251227T1027178560_d_img_d18_x05120_y100480.png,0.3838,463.28,534.68,471.72,542.13
ch2_ohr_ncp_20251227T1027178560_d_img_d18_x05120_y100480.png,0.3752,442.16,507.95,451.03,514.88
ch2_ohr_ncp_20251227T1027178560_d_img_d18_x05120_y100480.png,0.3661,632.83,32.42,639.55,40.56
ch2_ohr_ncp_20251227T1027178560_d_img_d18_x05120_y100480.png,0.3468,502.54,388.0,509.12,394.92
ch2_ohr_ncp_20251227T1027178560_d_img_d18_x05120_y100480.png,0.3375,549.78,203.26,566.41,215.65
ch2_ohr_ncp_20251227T1027178560_d_img_d18_x05120_y100480.png,0.3339,451.4,215.37,457.16,220.24
ch2_ohr_ncp_20251227T1027178560_d_img_d18_x05120_y100480.png,0.3223,507.69,166.56,513.44,172.07
ch2_ohr_ncp_20251227T1027178560_d_img_d18_x05120_y100480.png,0.3073,513.73,241.62,519.33,246.05
ch2_ohr_ncp_20251227T1027178560_d_img_d18_x05120_y100480.png,0.3038,80.79,491.99,86.94,498.59
ch2_ohr_ncp_20251227T1027178560_d_img_d18_x05120_y100480.png,0.2983,510.87,346.48,523.43,354.52
ch2_ohr_ncp_20251227T1027178560_d_img_d18_x05120_y100480.png,0.2977,459.92,64.72,465.11,69.5
ch2_ohr_ncp_20251227T1027178560_d_img_d18_x05120_y100480.png,0.2944,553.92,468.0,559.04,474.6
ch2_ohr_ncp_20251227T1027178560_d_img_d18_x05120_y100480.png,0.2907,405.36,385.85,412.03,391.23
ch2_ohr_ncp_20251227T1027178560_d_img_d18_x05120_y100480.png,0.2852,611.57,448.09,618.78,455.03
ch2_ohr_ncp_20251227T1027178560_d_img_d18_x05120_y100480.png,0.2804,509.58,346.43,523.32,356.85
ch2_ohr_ncp_20251227T1027178560_d_img_d18_x05120_y100480.png,0.2748,565.48,61.28,572.08,68.0
ch2_ohr_ncp_20251227T1027178560_d_img_d18_x05120_y100480.png,0.27,375.06,486.06,380.97,492.0
ch2_ohr_ncp_20251227T1027178560_d_img_d18_x05120_y100480.png,0.2655,423.81,232.67,430.74,238.23
ch2_ohr_ncp_20251227T1027178560_d_img_d18_x05120_y100480.png,0.2625,332.1,499.94,340.57,508.04
ch2_ohr_ncp_20251227T1027178560_d_img_d18_x05120_y100480.png,0.2447,526.78,240.15,535.2,247.27
ch2_ohr_ncp_20251227T1027178560_d_img_d18_x05120_y100480.png,0.2415,419.61,564.0,425.34,570.5
ch2_ohr_ncp_20251227T1027178560_d_img_d18_x05120_y100480.png,0.2386,616.95,26.85,622.51,31.0
ch2_ohr_ncp_20251227T1027178560_d_img_d18_x05120_y100480.png,0.2378,388.85,92.88,396.29,100.01
ch2_ohr_ncp_20251227T1027178560_d_img_d18_x05120_y100480.png,0.2367,515.96,365.32,526.12,373.8
ch2_ohr_ncp_20251227T1027178560_d_img_d18_x05120_y100480.png,0.2346,353.88,566.3,395.56,592.35
ch2_ohr_ncp_20251227T1027178560_d_img_d18_x05120_y100480.png,0.2301,626.14,57.45,631.5,61.91
ch2_ohr_ncp_20251227T1027178560_d_img_d18_x05120_y100480.png,0.2251,499.94,402.14,505.52,407.0
ch2_ohr_ncp_20251227T1027178560_d_img_d18_x05120_y100480.png,0.2159,635.93,525.78,639.79,532.03
ch2_ohr_ncp_20251227T1027178560_d_img_d18_x05120_y100480.png,0.2103,553.22,402.93,561.5,410.42
ch2_ohr_ncp_20251227T1027178560_d_img_d18_x05120_y100480.png,0.2102,299.99,216.3,305.83,220.49
ch2_ohr_ncp_20251227T1027178560_d_img_d18_x05120_y100480.png,0.2058,520.25,180.0,525.86,186.57
ch2_ohr_ncp_20251227T1027178560_d_img_d18_x05120_y100480.png,0.2024,280.1,195.61,285.21,199.5
ch2_ohr_ncp_20251227T1027178560_d_img_d18_x05120_y100480.png,0.2006,467.96,323.1,473.73,328.29
ch2_ohr_ncp_20251227T1027178560_d_img_d18_x05120_y55680.png,0.2074,6.06,541.93,72.31,640.0
ch2_ohr_ncp_20251227T1027178560_d_img_d18_x05120_y62080.png,0.2436,132.39,605.91,196.33,640.0
ch2_ohr_ncp_20251227T1027178560_d_img_d18_x05120_y71040.png,0.2883,154.73,0.13,209.02,60.94
ch2_ohr_ncp_20251227T1027178560_d_img_d18_x05120_y74240.png,0.2275,291.56,0.74,349.71,50.88
ch2_ohr_ncp_20251227T1027178560_d_img_d18_x05120_y74880.png,0.3277,125.04,319.85,132.0,324.7
ch2_ohr_ncp_20251227T1027178560_d_img_d18_x05120_y74880.png,0.2189,67.41,274.25,97.5,318.98
ch2_ohr_ncp_20251227T1027178560_d_img_d18_x05120_y74880.png,0.2086,302.32,444.49,357.85,496.94
ch2_ohr_ncp_20251227T1027178560_d_img_d18_x05120_y75520.png,0.2965,448.88,609.65,513.07,640.0
ch2_ohr_ncp_20251227T1027178560_d_img_d18_x05120_y76160.png,0.3636,539.77,602.68,607.93,640.0
ch2_ohr_ncp_20251227T1027178560_d_img_d18_x05120_y77440.png,0.3192,3.91,0.0,67.14,44.33
ch2_ohr_ncp_20251227T1027178560_d_img_d18_x05120_y77440.png,0.2405,593.06,0.34,599.65,6.22
ch2_ohr_ncp_20251227T1027178560_d_img_d18_x05760_y100480.png,0.5877,58.58,326.92,67.09,333.75
ch2_ohr_ncp_20251227T1027178560_d_img_d18_x05760_y100480.png,0.5544,289.38,336.67,296.15,342.09
ch2_ohr_ncp_20251227T1027178560_d_img_d18_x05760_y100480.png,0.5537,0.06,32.66,4.84,39.3
ch2_ohr_ncp_20251227T1027178560_d_img_d18_x05760_y100480.png,0.5419,493.2,374.5,504.63,383.75
ch2_ohr_ncp_20251227T1027178560_d_img_d18_x05760_y100480.png,0.5333,138.32,290.36,145.63,295.83
ch2_ohr_ncp_20251227T1027178560_d_img_d18_x05760_y100480.png,0.5166,487.99,469.8,498.44,478.55
ch2_ohr_ncp_20251227T1027178560_d_img_d18_x05760_y100480.png,0.513,527.2,524.68,535.63,532.39
ch2_ohr_ncp_20251227T1027178560_d_img_d18_x05760_y100480.png,0.5102,117.1,317.17,133.01,329.94
ch2_ohr_ncp_20251227T1027178560_d_img_d18_x05760_y100480.png,0.4988,458.36,267.61,466.69,274.63
ch2_ohr_ncp_20251227T1027178560_d_img_d18_x05760_y100480.png,0.4909,248.88,209.3,279.56,232.39
ch2_ohr_ncp_20251227T1027178560_d_img_d18_x05760_y100480.png,0.4776,569.92,375.13,584.3,383.38
ch2_ohr_ncp_20251227T1027178560_d_img_d18_x05760_y100480.png,0.4773,156.0,187.98,162.72,194.12
ch2_ohr_ncp_20251227T1027178560_d_img_d18_x05760_y100480.png,0.4738,112.03,63.67,123.77,71.71
ch2_ohr_ncp_20251227T1027178560_d_img_d18_x05760_y100480.png,0.4662,125.1,190.42,132.04,196.11
ch2_ohr_ncp_20251227T1027178560_d_img_d18_x05760_y100480.png,0.4512,576.17,571.98,581.81,577.56
ch2_ohr_ncp_20251227T1027178560_d_img_d18_x05760_y100480.png,0.4384,47.03,12.0,52.93,17.89
ch2_ohr_ncp_20251227T1027178560_d_img_d18_x05760_y100480.png,0.4326,143.86,337.63,191.11,367.26
ch2_ohr_ncp_20251227T1027178560_d_img_d18_x05760_y100480.png,0.426,41.29,234.99,47.27,239.86
ch2_ohr_ncp_20251227T1027178560_d_img_d18_x05760_y100480.png,0.4202,416.01,324.0,421.69,330.28
ch2_ohr_ncp_20251227T1027178560_d_img_d18_x05760_y100480.png,0.4133,112.98,169.38,117.87,173.83
ch2_ohr_ncp_20251227T1027178560_d_img_d18_x05760_y100480.png,0.4063,503.09,30.61,512.03,37.26
ch2_ohr_ncp_20251227T1027178560_d_img_d18_x05760_y100480.png,0.3794,480.18,11.46,484.84,15.9
ch2_ohr_ncp_20251227T1027178560_d_img_d18_x05760_y100480.png,0.3762,75.08,11.42,80.4,15.85
ch2_ohr_ncp_20251227T1027178560_d_img_d18_x05760_y100480.png,0.3502,72.72,165.19,81.39,172.07
ch2_ohr_ncp_20251227T1027178560_d_img_d18_x05760_y100480.png,0.3406,249.67,259.18,257.97,266.13
ch2_ohr_ncp_20251227T1027178560_d_img_d18_x05760_y100480.png,0.3173,599.42,135.4,609.24,143.11
ch2_ohr_ncp_20251227T1027178560_d_img_d18_x05760_y100480.png,0.3167,371.49,310.43,377.92,316.2
ch2_ohr_ncp_20251227T1027178560_d_img_d18_x05760_y100480.png,0.3158,632.51,184.15,639.83,190.21
ch2_ohr_ncp_20251227T1027178560_d_img_d18_x05760_y100480.png,0.3073,173.34,54.98,180.13,60.18
ch2_ohr_ncp_20251227T1027178560_d_img_d18_x05760_y100480.png,0.2934,93.54,282.89,100.01,288.07
ch2_ohr_ncp_20251227T1027178560_d_img_d18_x05760_y100480.png,0.292,290.44,23.43,297.89,29.05
ch2_ohr_ncp_20251227T1027178560_d_img_d18_x05760_y100480.png,0.2906,624.86,323.14,629.7,327.31
ch2_ohr_ncp_20251227T1027178560_d_img_d18_x05760_y100480.png,0.2893,250.65,407.48,261.44,415.97
ch2_ohr_ncp_20251227T1027178560_d_img_d18_x05760_y100480.png,0.2891,105.16,209.5,110.85,214.22
ch2_ohr_ncp_20251227T1027178560_d_img_d18_x05760_y100480.png,0.2753,491.52,374.5,504.44,386.07
ch2_ohr_ncp_20251227T1027178560_d_img_d18_x05760_y100480.png,0.273,600.2,182.19,607.47,188.25
ch2_ohr_ncp_20251227T1027178560_d_img_d18_x05760_y100480.png,0.2651,116.0,291.08,122.28,296.92
ch2_ohr_ncp_20251227T1027178560_d_img_d18_x05760_y100480.png,0.2625,319.02,154.63,324.25,159.1
ch2_ohr_ncp_20251227T1027178560_d_img_d18_x05760_y100480.png,0.2604,606.64,275.98,612.82,282.08
ch2_ohr_ncp_20251227T1027178560_d_img_d18_x05760_y100480.png,0.2509,200.24,405.58,207.67,412.06
ch2_ohr_ncp_20251227T1027178560_d_img_d18_x05760_y100480.png,0.2441,523.26,582.18,532.33,590.51
ch2_ohr_ncp_20251227T1027178560_d_img_d18_x05760_y100480.png,0.2433,263.51,108.55,283.23,120.88
ch2_ohr_ncp_20251227T1027178560_d_img_d18_x05760_y100480.png,0.2431,591.52,438.89,596.28,444.0
ch2_ohr_ncp_20251227T1027178560_d_img_d18_x05760_y100480.png,0.2378,43.33,171.35,47.85,175.48
ch2_ohr_ncp_20251227T1027178560_d_img_d18_x05760_y100480.png,0.2352,589.65,231.36,596.11,236.67
ch2_ohr_ncp_20251227T1027178560_d_img_d18_x05760_y100480.png,0.2352,42.98,160.13,48.52,165.23
ch2_ohr_ncp_20251227T1027178560_d_img_d18_x05760_y100480.png,0.2351,350.2,387.99,357.45,394.08
ch2_ohr_ncp_20251227T1027178560_d_img_d18_x05760_y100480.png,0.2351,355.89,181.14,364.09,189.17
ch2_ohr_ncp_20251227T1027178560_d_img_d18_x05760_y100480.png,0.2342,517.61,375.39,536.19,390.37
ch2_ohr_ncp_20251227T1027178560_d_img_d18_x05760_y100480.png,0.2327,619.51,302.23,628.22,308.3
ch2_ohr_ncp_20251227T1027178560_d_img_d18_x05760_y100480.png,0.2308,609.03,338.64,613.54,342.7
ch2_ohr_ncp_20251227T1027178560_d_img_d18_x05760_y100480.png,0.2291,241.22,457.0,253.26,465.39
ch2_ohr_ncp_20251227T1027178560_d_img_d18_x05760_y100480.png,0.2288,4.08,335.12,12.0,340.34
ch2_ohr_ncp_20251227T1027178560_d_img_d18_x05760_y100480.png,0.2238,437.19,161.8,444.01,166.92
ch2_ohr_ncp_20251227T1027178560_d_img_d18_x05760_y100480.png,0.2231,122.77,37.58,129.9,44.07
ch2_ohr_ncp_20251227T1027178560_d_img_d18_x05760_y100480.png,0.2204,213.23,181.58,223.56,188.14
ch2_ohr_ncp_20251227T1027178560_d_img_d18_x05760_y100480.png,0.2186,65.05,186.36,70.13,190.92
ch2_ohr_ncp_20251227T1027178560_d_img_d18_x05760_y100480.png,0.2177,512.14,404.36,520.08,410.77
ch2_ohr_ncp_20251227T1027178560_d_img_d18_x05760_y100480.png,0.2168,237.83,176.68,244.01,181.07
ch2_ohr_ncp_20251227T1027178560_d_img_d18_x05760_y100480.png,0.2149,579.99,32.72,585.93,36.77
ch2_ohr_ncp_20251227T1027178560_d_img_d18_x05760_y100480.png,0.2092,201.03,439.49,205.92,444.01
ch2_ohr_ncp_20251227T1027178560_d_img_d18_x05760_y100480.png,0.208,17.79,358.22,25.48,364.5
ch2_ohr_ncp_20251227T1027178560_d_img_d18_x05760_y100480.png,0.2056,578.0,98.74,584.95,104.84
ch2_ohr_ncp_20251227T1027178560_d_img_d18_x05760_y58240.png,0.2171,143.91,604.77,201.68,640.0
ch2_ohr_ncp_20251227T1027178560_d_img_d18_x05760_y61440.png,0.2231,38.44,602.88,108.68,640.0
ch2_ohr_ncp_20251227T1027178560_d_img_d18_x05760_y64000.png,0.309,427.25,607.68,483.61,640.0
ch2_ohr_ncp_20251227T1027178560_d_img_d18_x05760_y76800.png,0.206,479.47,165.38,488.54,172.0
ch2_ohr_ncp_20251227T1027178560_d_img_d18_x05760_y98560.png,0.2607,158.09,275.44,224.19,377.62
ch2_ohr_ncp_20251227T1027178560_d_img_d18_x05760_y99840.png,0.5722,590.87,263.01,601.87,270.42
ch2_ohr_ncp_20251227T1027178560_d_img_d18_x05760_y99840.png,0.5018,555.7,422.93,563.12,429.14
ch2_ohr_ncp_20251227T1027178560_d_img_d18_x05760_y99840.png,0.4697,463.02,371.24,471.25,376.57
ch2_ohr_ncp_20251227T1027178560_d_img_d18_x05760_y99840.png,0.3234,418.4,414.97,425.47,420.99
ch2_ohr_ncp_20251227T1027178560_d_img_d18_x05760_y99840.png,0.3218,625.45,316.0,629.61,321.47
ch2_ohr_ncp_20251227T1027178560_d_img_d18_x05760_y99840.png,0.3171,619.99,276.0,629.29,282.31
ch2_ohr_ncp_20251227T1027178560_d_img_d18_x05760_y99840.png,0.2983,590.83,321.68,596.05,326.0
ch2_ohr_ncp_20251227T1027178560_d_img_d18_x05760_y99840.png,0.2105,468.87,451.99,476.03,458.91
ch2_ohr_ncp_20251227T1027178560_d_img_d18_x06400_y100480.png,0.6637,150.48,131.48,157.02,137.35
ch2_ohr_ncp_20251227T1027178560_d_img_d18_x06400_y100480.png,0.6242,495.13,328.8,502.82,334.75
ch2_ohr_ncp_20251227T1027178560_d_img_d18_x06400_y100480.png,0.5418,230.85,393.61,237.96,398.42
ch2_ohr_ncp_20251227T1027178560_d_img_d18_x06400_y100480.png,0.4876,263.78,402.53,277.27,413.15
ch2_ohr_ncp_20251227T1027178560_d_img_d18_x06400_y100480.png,0.473,343.44,234.7,348.42,239.03
ch2_ohr_ncp_20251227T1027178560_d_img_d18_x06400_y100480.png,0.4658,65.25,17.18,73.65,23.41
ch2_ohr_ncp_20251227T1027178560_d_img_d18_x06400_y100480.png,0.4526,8.81,158.56,16.25,164.82
ch2_ohr_ncp_20251227T1027178560_d_img_d18_x06400_y100480.png,0.4321,567.44,162.07,575.29,169.38
ch2_ohr_ncp_20251227T1027178560_d_img_d18_x06400_y100480.png,0.4313,31.88,280.25,46.47,289.6
ch2_ohr_ncp_20251227T1027178560_d_img_d18_x06400_y100480.png,0.429,27.97,519.12,35.36,524.53
ch2_ohr_ncp_20251227T1027178560_d_img_d18_x06400_y100480.png,0.416,577.37,499.54,583.52,503.65
ch2_ohr_ncp_20251227T1027178560_d_img_d18_x06400_y100480.png,0.4075,587.59,436.0,591.87,440.83
ch2_ohr_ncp_20251227T1027178560_d_img_d18_x06400_y100480.png,0.4061,215.78,232.61,223.08,239.58
ch2_ohr_ncp_20251227T1027178560_d_img_d18_x06400_y100480.png,0.3952,206.49,584.43,217.17,592.53
ch2_ohr_ncp_20251227T1027178560_d_img_d18_x06400_y100480.png,0.3858,115.15,349.8,122.44,356.85
ch2_ohr_ncp_20251227T1027178560_d_img_d18_x06400_y100480.png,0.3782,153.69,286.83,161.95,294.19
ch2_ohr_ncp_20251227T1027178560_d_img_d18_x06400_y100480.png,0.3606,440.85,392.32,448.15,398.53
ch2_ohr_ncp_20251227T1027178560_d_img_d18_x06400_y100480.png,0.3551,362.11,219.99,366.94,224.97
ch2_ohr_ncp_20251227T1027178560_d_img_d18_x06400_y100480.png,0.3539,128.85,291.89,133.2,296.18
ch2_ohr_ncp_20251227T1027178560_d_img_d18_x06400_y100480.png,0.3332,570.73,528.27,579.63,536.21
ch2_ohr_ncp_20251227T1027178560_d_img_d18_x06400_y100480.png,0.3318,29.78,534.88,44.81,546.04
ch2_ohr_ncp_20251227T1027178560_d_img_d18_x06400_y100480.png,0.323,81.85,368.71,90.45,376.04
ch2_ohr_ncp_20251227T1027178560_d_img_d18_x06400_y100480.png,0.3174,42.63,363.22,50.11,369.18
ch2_ohr_ncp_20251227T1027178560_d_img_d18_x06400_y100480.png,0.3132,493.12,120.06,500.3,126.1
ch2_ohr_ncp_20251227T1027178560_d_img_d18_x06400_y100480.png,0.3051,173.95,384.14,180.01,388.58
ch2_ohr_ncp_20251227T1027178560_d_img_d18_x06400_y100480.png,0.2868,13.71,270.49,21.16,276.93
ch2_ohr_ncp_20251227T1027178560_d_img_d18_x06400_y100480.png,0.2863,29.38,118.96,36.01,124.09
ch2_ohr_ncp_20251227T1027178560_d_img_d18_x06400_y100480.png,0.2846,335.43,523.37,347.27,532.08
ch2_ohr_ncp_20251227T1027178560_d_img_d18_x06400_y100480.png,0.2821,102.4,139.35,108.02,143.74
ch2_ohr_ncp_20251227T1027178560_d_img_d18_x06400_y100480.png,0.2686,451.91,456.63,457.38,460.51
ch2_ohr_ncp_20251227T1027178560_d_img_d18_x06400_y100480.png,0.2632,456.27,303.49,460.69,308.01
ch2_ohr_ncp_20251227T1027178560_d_img_d18_x06400_y100480.png,0.2595,109.63,90.93,117.11,96.54
ch2_ohr_ncp_20251227T1027178560_d_img_d18_x06400_y100480.png,0.2571,464.78,196.0,470.69,201.63
ch2_ohr_ncp_20251227T1027178560_d_img_d18_x06400_y100480.png,0.2154,417.77,91.14,423.46,94.86
ch2_ohr_ncp_20251227T1027178560_d_img_d18_x06400_y100480.png,0.2024,166.97,211.84,172.02,215.81
ch2_ohr_ncp_20251227T1027178560_d_img_d18_x06400_y100480.png,0.2015,131.15,84.38,142.97,92.72
ch2_ohr_ncp_20251227T1027178560_d_img_d18_x06400_y100480.png,0.2008,5.6,279.63,11.66,284.14
ch2_ohr_ncp_20251227T1027178560_d_img_d18_x06400_y54400.png,0.3889,7.07,386.24,76.35,442.87
ch2_ohr_ncp_20251227T1027178560_d_img_d18_x06400_y54400.png,0.324,0.5,391.46,77.38,455.97
ch2_ohr_ncp_20251227T1027178560_d_img_d18_x06400_y56320.png,0.3503,75.45,0.49,119.0,26.83
ch2_ohr_ncp_20251227T1027178560_d_img_d18_x06400_y59520.png,0.2124,577.95,0.0,633.61,50.44
ch2_ohr_ncp_20251227T1027178560_d_img_d18_x06400_y62720.png,0.3368,265.5,156.4,345.39,208.02
ch2_ohr_ncp_20251227T1027178560_d_img_d18_x06400_y62720.png,0.2883,300.21,143.89,388.63,212.92
ch2_ohr_ncp_20251227T1027178560_d_img_d18_x06400_y62720.png,0.2156,480.7,606.67,539.79,640.0
ch2_ohr_ncp_20251227T1027178560_d_img_d18_x06400_y71040.png,0.225,407.33,0.0,466.64,80.73
ch2_ohr_ncp_20251227T1027178560_d_img_d18_x06400_y74240.png,0.3675,54.59,608.58,107.68,639.92
ch2_ohr_ncp_20251227T1027178560_d_img_d18_x06400_y74880.png,0.2391,556.11,530.32,590.72,560.51
ch2_ohr_ncp_20251227T1027178560_d_img_d18_x06400_y74880.png,0.2304,133.16,268.01,144.04,277.0
ch2_ohr_ncp_20251227T1027178560_d_img_d18_x06400_y74880.png,0.219,475.98,524.0,482.5,530.39
ch2_ohr_ncp_20251227T1027178560_d_img_d18_x06400_y75520.png,0.354,400.5,603.91,467.4,640.0
ch2_ohr_ncp_20251227T1027178560_d_img_d18_x06400_y76800.png,0.3104,130.66,207.59,138.28,214.11
ch2_ohr_ncp_20251227T1027178560_d_img_d18_x06400_y98560.png,0.203,530.67,598.24,584.01,640.0
ch2_ohr_ncp_20251227T1027178560_d_img_d18_x06400_y99840.png,0.2682,454.62,171.84,460.01,175.36
ch2_ohr_ncp_20251227T1027178560_d_img_d18_x06400_y99840.png,0.2049,558.12,75.62,564.02,79.78
ch2_ohr_ncp_20251227T1027178560_d_img_d18_x07040_y100480.png,0.6092,454.73,355.57,461.24,361.3
ch2_ohr_ncp_20251227T1027178560_d_img_d18_x07040_y100480.png,0.6068,508.64,511.11,516.71,518.56
ch2_ohr_ncp_20251227T1027178560_d_img_d18_x07040_y100480.png,0.6064,330.8,408.94,341.49,418.13
ch2_ohr_ncp_20251227T1027178560_d_img_d18_x07040_y100480.png,0.5716,382.49,339.94,388.99,345.81
ch2_ohr_ncp_20251227T1027178560_d_img_d18_x07040_y100480.png,0.5152,631.79,511.55,639.55,518.3
ch2_ohr_ncp_20251227T1027178560_d_img_d18_x07040_y100480.png,0.5042,95.86,242.15,102.63,248.19
ch2_ohr_ncp_20251227T1027178560_d_img_d18_x07040_y100480.png,0.4984,392.36,379.94,399.42,386.3
ch2_ohr_ncp_20251227T1027178560_d_img_d18_x07040_y100480.png,0.4909,133.15,495.67,140.01,500.73
ch2_ohr_ncp_20251227T1027178560_d_img_d18_x07040_y100480.png,0.4855,340.85,358.45,350.79,367.09
ch2_ohr_ncp_20251227T1027178560_d_img_d18_x07040_y100480.png,0.4727,517.35,328.29,524.02,333.75
ch2_ohr_ncp_20251227T1027178560_d_img_d18_x07040_y100480.png,0.4585,54.1,307.89,61.89,314.5
ch2_ohr_ncp_20251227T1027178560_d_img_d18_x07040_y100480.png,0.4296,105.96,555.06,110.04,558.99
ch2_ohr_ncp_20251227T1027178560_d_img_d18_x07040_y100480.png,0.422,351.82,435.65,357.4,441.2
ch2_ohr_ncp_20251227T1027178560_d_img_d18_x07040_y100480.png,0.4214,235.94,387.99,242.69,393.89
ch2_ohr_ncp_20251227T1027178560_d_img_d18_x07040_y100480.png,0.4012,502.13,204.0,508.8,210.85
ch2_ohr_ncp_20251227T1027178560_d_img_d18_x07040_y100480.png,0.3969,482.42,507.92,487.45,512.78
ch2_ohr_ncp_20251227T1027178560_d_img_d18_x07040_y100480.png,0.3931,575.77,354.08,585.64,362.86
ch2_ohr_ncp_20251227T1027178560_d_img_d18_x07040_y100480.png,0.3788,132.69,455.73,138.19,460.31
ch2_ohr_ncp_20251227T1027178560_d_img_d18_x07040_y100480.png,0.3539,129.86,305.51,137.3,310.24
ch2_ohr_ncp_20251227T1027178560_d_img_d18_x07040_y100480.png,0.3502,524.93,98.53,538.27,106.6
ch2_ohr_ncp_20251227T1027178560_d_img_d18_x07040_y100480.png,0.3477,582.5,374.61,588.01,380.03
ch2_ohr_ncp_20251227T1027178560_d_img_d18_x07040_y100480.png,0.3475,79.17,552.74,84.02,557.2
ch2_ohr_ncp_20251227T1027178560_d_img_d18_x07040_y100480.png,0.3326,235.96,388.72,242.7,396.0
ch2_ohr_ncp_20251227T1027178560_d_img_d18_x07040_y100480.png,0.3309,419.93,104.38,430.76,111.24
ch2_ohr_ncp_20251227T1027178560_d_img_d18_x07040_y100480.png,0.3281,612.65,351.41,620.39,357.06
ch2_ohr_ncp_20251227T1027178560_d_img_d18_x07040_y100480.png,0.3249,227.38,381.26,234.12,388.03
ch2_ohr_ncp_20251227T1027178560_d_img_d18_x07040_y100480.png,0.3107,449.75,551.43,454.95,556.25
ch2_ohr_ncp_20251227T1027178560_d_img_d18_x07040_y100480.png,0.3027,266.04,496.53,272.69,502.12
ch2_ohr_ncp_20251227T1027178560_d_img_d18_x07040_y100480.png,0.299,287.52,572.0,292.64,578.18
ch2_ohr_ncp_20251227T1027178560_d_img_d18_x07040_y100480.png,0.2945,53.55,307.98,62.6,316.01
ch2_ohr_ncp_20251227T1027178560_d_img_d18_x07040_y100480.png,0.2905,589.77,466.6,596.0,471.39
ch2_ohr_ncp_20251227T1027178560_d_img_d18_x07040_y100480.png,0.2901,530.79,510.47,536.87,516.11
ch2_ohr_ncp_20251227T1027178560_d_img_d18_x07040_y100480.png,0.2873,85.61,435.72,94.86,442.41
ch2_ohr_ncp_20251227T1027178560_d_img_d18_x07040_y100480.png,0.2832,440.31,400.71,446.44,405.77
ch2_ohr_ncp_20251227T1027178560_d_img_d18_x07040_y100480.png,0.2757,428.0,276.0,433.63,281.43
ch2_ohr_ncp_20251227T1027178560_d_img_d18_x07040_y100480.png,0.2428,308.39,355.63,313.21,360.05
ch2_ohr_ncp_20251227T1027178560_d_img_d18_x07040_y100480.png,0.2428,529.8,274.31,534.48,278.68
ch2_ohr_ncp_20251227T1027178560_d_img_d18_x07040_y100480.png,0.2388,456.39,294.23,462.11,300.07
ch2_ohr_ncp_20251227T1027178560_d_img_d18_x07040_y100480.png,0.2075,444.39,81.27,458.21,93.5
ch2_ohr_ncp_20251227T1027178560_d_img_d18_x07040_y100480.png,0.205,272.81,324.0,277.02,329.44
ch2_ohr_ncp_20251227T1027178560_d_img_d18_x07040_y100480.png,0.2031,4.85,519.56,10.64,523.92
ch2_ohr_ncp_20251227T1027178560_d_img_d18_x07040_y100480.png,0.2015,318.65,568.52,326.4,576.16
ch2_ohr_ncp_20251227T1027178560_d_img_d18_x07040_y56320.png,0.2461,407.6,180.98,413.7,188.01
ch2_ohr_ncp_20251227T1027178560_d_img_d18_x07040_y56320.png,0.2406,265.74,326.8,273.53,333.62
ch2_ohr_ncp_20251227T1027178560_d_img_d18_x07040_y63360.png,0.4105,326.65,606.21,393.18,640.0
ch2_ohr_ncp_20251227T1027178560_d_img_d18_x07040_y63360.png,0.2023,416.67,613.92,470.34,640.0
ch2_ohr_ncp_20251227T1027178560_d_img_d18_x07040_y71680.png,0.247,520.46,606.2,582.84,640.0
ch2_ohr_ncp_20251227T1027178560_d_img_d18_x07040_y71680.png,0.2469,441.6,611.64,494.63,640.0
ch2_ohr_ncp_20251227T1027178560_d_img_d18_x07040_y72960.png,0.332,385.66,522.41,443.79,567.71
ch2_ohr_ncp_20251227T1027178560_d_img_d18_x07040_y72960.png,0.2509,538.81,462.23,589.25,497.35
ch2_ohr_ncp_20251227T1027178560_d_img_d18_x07040_y72960.png,0.2396,496.57,0.6,537.33,27.54
ch2_ohr_ncp_20251227T1027178560_d_img_d18_x07040_y73600.png,0.2124,257.23,107.68,302.09,141.56
ch2_ohr_ncp_20251227T1027178560_d_img_d18_x07040_y74240.png,0.3828,353.83,609.98,403.25,639.79
ch2_ohr_ncp_20251227T1027178560_d_img_d18_x07040_y75520.png,0.397,591.94,447.09,638.73,491.28
ch2_ohr_ncp_20251227T1027178560_d_img_d18_x07040_y76160.png,0.5343,471.5,186.62,480.65,193.67
ch2_ohr_ncp_20251227T1027178560_d_img_d18_x07040_y76160.png,0.5241,562.02,81.58,567.68,86.12
ch2_ohr_ncp_20251227T1027178560_d_img_d18_x07040_y76160.png,0.4486,528.16,74.06,532.47,78.4
ch2_ohr_ncp_20251227T1027178560_d_img_d18_x07040_y76160.png,0.425,555.22,47.56,559.73,52.02
ch2_ohr_ncp_20251227T1027178560_d_img_d18_x07040_y76160.png,0.3678,160.59,267.49,165.07,271.4
ch2_ohr_ncp_20251227T1027178560_d_img_d18_x07040_y76160.png,0.324,280.4,142.33,289.91,149.3
ch2_ohr_ncp_20251227T1027178560_d_img_d18_x07040_y76160.png,0.3051,465.51,55.34,470.21,60.01
ch2_ohr_ncp_20251227T1027178560_d_img_d18_x07040_y76160.png,0.3,503.54,264.42,513.01,271.88
ch2_ohr_ncp_20251227T1027178560_d_img_d18_x07040_y76160.png,0.2962,146.61,273.12,152.27,277.55
ch2_ohr_ncp_20251227T1027178560_d_img_d18_x07040_y76160.png,0.2917,78.66,450.91,87.85,458.32
ch2_ohr_ncp_20251227T1027178560_d_img_d18_x07040_y76160.png,0.2793,530.29,176.29,536.89,182.54
ch2_ohr_ncp_20251227T1027178560_d_img_d18_x07040_y76160.png,0.2633,446.34,149.85,452.22,156.0
ch2_ohr_ncp_20251227T1027178560_d_img_d18_x07040_y76160.png,0.2606,137.36,270.62,143.96,276.29
ch2_ohr_ncp_20251227T1027178560_d_img_d18_x07040_y76160.png,0.2472,53.4,460.0,61.02,466.79
ch2_ohr_ncp_20251227T1027178560_d_img_d18_x07040_y76160.png,0.2353,401.61,298.81,407.86,303.81
ch2_ohr_ncp_20251227T1027178560_d_img_d18_x07040_y76160.png,0.2227,385.73,212.0,391.6,218.27
ch2_ohr_ncp_20251227T1027178560_d_img_d18_x07040_y76160.png,0.2191,505.99,80.91,510.86,85.07
ch2_ohr_ncp_20251227T1027178560_d_img_d18_x07040_y98560.png,0.5334,261.44,578.37,268.02,583.94
ch2_ohr_ncp_20251227T1027178560_d_img_d18_x07040_y98560.png,0.4979,279.34,603.13,285.87,609.02
ch2_ohr_ncp_20251227T1027178560_d_img_d18_x07040_y98560.png,0.4625,294.38,355.64,300.02,360.42
ch2_ohr_ncp_20251227T1027178560_d_img_d18_x07040_y98560.png,0.4545,62.6,578.48,69.53,584.14
ch2_ohr_ncp_20251227T1027178560_d_img_d18_x07040_y98560.png,0.4189,99.82,630.53,109.8,637.39
ch2_ohr_ncp_20251227T1027178560_d_img_d18_x07040_y98560.png,0.4082,515.16,295.66,520.97,301.18
ch2_ohr_ncp_20251227T1027178560_d_img_d18_x07040_y98560.png,0.395,215.21,533.49,221.75,540.58
ch2_ohr_ncp_20251227T1027178560_d_img_d18_x07040_y98560.png,0.3885,504.18,559.51,510.14,564.82
ch2_ohr_ncp_20251227T1027178560_d_img_d18_x07040_y98560.png,0.3818,330.19,512.27,336.58,516.86
ch2_ohr_ncp_20251227T1027178560_d_img_d18_x07040_y98560.png,0.355,380.57,329.06,388.02,335.26
ch2_ohr_ncp_20251227T1027178560_d_img_d18_x07040_y98560.png,0.3322,334.93,590.04,340.85,596.0
ch2_ohr_ncp_20251227T1027178560_d_img_d18_x07040_y98560.png,0.3161,240.28,368.0,245.67,372.32
ch2_ohr_ncp_20251227T1027178560_d_img_d18_x07040_y98560.png,0.3065,152.11,564.0,158.16,570.42
ch2_ohr_ncp_20251227T1027178560_d_img_d18_x07040_y98560.png,0.2903,352.05,435.85,356.12,439.96
ch2_ohr_ncp_20251227T1027178560_d_img_d18_x07040_y98560.png,0.2863,425.17,371.28,431.49,376.7
ch2_ohr_ncp_20251227T1027178560_d_img_d18_x07040_y98560.png,0.2862,563.91,279.41,568.4,284.01
ch2_ohr_ncp_20251227T1027178560_d_img_d18_x07040_y98560.png,0.2844,360.42,528.67,367.68,534.9
ch2_ohr_ncp_20251227T1027178560_d_img_d18_x07040_y98560.png,0.2702,331.99,492.0,338.03,497.8
ch2_ohr_ncp_20251227T1027178560_d_img_d18_x07040_y98560.png,0.2638,415.93,417.54,423.11,422.59
ch2_ohr_ncp_20251227T1027178560_d_img_d18_x07040_y98560.png,0.2502,277.98,392.1,285.24,398.04
ch2_ohr_ncp_20251227T1027178560_d_img_d18_x07040_y98560.png,0.2458,633.27,553.73,639.39,560.25
ch2_ohr_ncp_20251227T1027178560_d_img_d18_x07040_y98560.png,0.2361,462.57,592.17,468.64,597.44
ch2_ohr_ncp_20251227T1027178560_d_img_d18_x07040_y98560.png,0.2338,335.12,213.74,340.55,220.01
ch2_ohr_ncp_20251227T1027178560_d_img_d18_x07040_y98560.png,0.2306,327.78,405.15,335.87,412.07
ch2_ohr_ncp_20251227T1027178560_d_img_d18_x07040_y98560.png,0.2231,615.81,215.86,623.31,221.8
ch2_ohr_ncp_20251227T1027178560_d_img_d18_x07040_y98560.png,0.2043,215.62,532.0,222.22,540.05
ch2_ohr_ncp_20251227T1027178560_d_img_d18_x07040_y99840.png,0.4306,59.41,612.23,111.83,639.97
ch2_ohr_ncp_20251227T1027178560_d_img_d18_x07680_y100480.png,0.6168,127.53,302.35,137.47,310.16
ch2_ohr_ncp_20251227T1027178560_d_img_d18_x07680_y100480.png,0.5634,72.05,307.52,78.71,312.88
ch2_ohr_ncp_20251227T1027178560_d_img_d18_x07680_y100480.png,0.5411,152.56,562.2,160.47,568.89
ch2_ohr_ncp_20251227T1027178560_d_img_d18_x07680_y100480.png,0.5337,117.48,325.27,122.88,329.44
ch2_ohr_ncp_20251227T1027178560_d_img_d18_x07680_y100480.png,0.5223,447.36,467.91,458.72,477.36
ch2_ohr_ncp_20251227T1027178560_d_img_d18_x07680_y100480.png,0.4971,119.58,554.64,126.44,560.98
ch2_ohr_ncp_20251227T1027178560_d_img_d18_x07680_y100480.png,0.489,96.14,557.94,101.38,564.01
ch2_ohr_ncp_20251227T1027178560_d_img_d18_x07680_y100480.png,0.4596,346.79,129.46,362.24,140.14
ch2_ohr_ncp_20251227T1027178560_d_img_d18_x07680_y100480.png,0.4412,162.68,381.66,168.0,388.0
ch2_ohr_ncp_20251227T1027178560_d_img_d18_x07680_y100480.png,0.4394,127.45,457.64,135.92,465.64
ch2_ohr_ncp_20251227T1027178560_d_img_d18_x07680_y100480.png,0.4347,287.31,155.83,293.55,161.49
ch2_ohr_ncp_20251227T1027178560_d_img_d18_x07680_y100480.png,0.4049,151.18,57.12,158.45,63.89
ch2_ohr_ncp_20251227T1027178560_d_img_d18_x07680_y100480.png,0.4008,105.98,155.51,111.38,160.45
ch2_ohr_ncp_20251227T1027178560_d_img_d18_x07680_y100480.png,0.373,316.02,295.36,328.37,304.0
ch2_ohr_ncp_20251227T1027178560_d_img_d18_x07680_y100480.png,0.372,472.34,171.29,477.19,175.64
ch2_ohr_ncp_20251227T1027178560_d_img_d18_x07680_y100480.png,0.3676,33.06,300.39,40.73,308.44
ch2_ohr_ncp_20251227T1027178560_d_img_d18_x07680_y100480.png,0.3631,34.15,348.0,39.46,354.42
ch2_ohr_ncp_20251227T1027178560_d_img_d18_x07680_y100480.png,0.3582,347.79,426.58,353.69,432.06
ch2_ohr_ncp_20251227T1027178560_d_img_d18_x07680_y100480.png,0.3556,391.99,443.99,397.54,449.53
ch2_ohr_ncp_20251227T1027178560_d_img_d18_x07680_y100480.png,0.3449,238.72,178.49,245.21,184.64
ch2_ohr_ncp_20251227T1027178560_d_img_d18_x07680_y100480.png,0.3349,117.72,324.0,124.01,329.51
ch2_ohr_ncp_20251227T1027178560_d_img_d18_x07680_y100480.png,0.3317,267.6,154.66,274.87,161.18
ch2_ohr_ncp_20251227T1027178560_d_img_d18_x07680_y100480.png,0.3067,522.62,410.59,530.98,416.84
ch2_ohr_ncp_20251227T1027178560_d_img_d18_x07680_y100480.png,0.3043,217.56,225.25,222.94,230.08
ch2_ohr_ncp_20251227T1027178560_d_img_d18_x07680_y100480.png,0.2921,177.81,43.96,183.83,49.87
ch2_ohr_ncp_20251227T1027178560_d_img_d18_x07680_y100480.png,0.2881,54.75,336.26,60.01,340.23
ch2_ohr_ncp_20251227T1027178560_d_img_d18_x07680_y100480.png,0.2874,116.0,324.0,122.51,329.17
ch2_ohr_ncp_20251227T1027178560_d_img_d18_x07680_y100480.png,0.2855,83.99,511.82,89.14,516.35
ch2_ohr_ncp_20251227T1027178560_d_img_d18_x07680_y100480.png,0.2716,410.6,551.1,416.79,556.61
ch2_ohr_ncp_20251227T1027178560_d_img_d18_x07680_y100480.png,0.237,28.0,507.99,34.56,513.0
ch2_ohr_ncp_20251227T1027178560_d_img_d18_x07680_y100480.png,0.229,24.19,222.45,29.04,228.02
ch2_ohr_ncp_20251227T1027178560_d_img_d18_x07680_y100480.png,0.2267,244.19,35.52,252.03,41.51
ch2_ohr_ncp_20251227T1027178560_d_img_d18_x07680_y100480.png,0.2237,275.49,455.41,281.38,459.99
ch2_ohr_ncp_20251227T1027178560_d_img_d18_x07680_y100480.png,0.2214,29.57,507.98,36.0,512.95
ch2_ohr_ncp_20251227T1027178560_d_img_d18_x07680_y100480.png,0.2074,235.85,100.47,246.71,108.97
ch2_ohr_ncp_20251227T1027178560_d_img_d18_x07680_y58240.png,0.2735,140.84,0.0,200.1,52.42
ch2_ohr_ncp_20251227T1027178560_d_img_d18_x07680_y63360.png,0.4037,202.16,599.37,273.68,640.0
ch2_ohr_ncp_20251227T1027178560_d_img_d18_x07680_y63360.png,0.2053,175.86,611.75,230.72,640.0
ch2_ohr_ncp_20251227T1027178560_d_img_d18_x07680_y97280.png,0.2811,523.8,288.77,529.25,294.14
ch2_ohr_ncp_20251227T1027178560_d_img_d18_x07680_y97280.png,0.21,436.6,537.49,444.24,542.62
ch2_ohr_ncp_20251227T1027178560_d_img_d18_x07680_y97280.png,0.2021,434.83,553.31,443.92,561.51
ch2_ohr_ncp_20251227T1027178560_d_img_d18_x07680_y97920.png,0.3474,64.02,452.28,114.39,491.05
ch2_ohr_ncp_20251227T1027178560_d_img_d18_x07680_y97920.png,0.2507,0.0,603.66,34.15,639.97
ch2_ohr_ncp_20251227T1027178560_d_img_d18_x07680_y98560.png,0.3413,99.91,605.77,161.84,640.0
ch2_ohr_ncp_20251227T1027178560_d_img_d18_x07680_y98560.png,0.2626,563.19,403.09,609.16,433.66
ch2_ohr_ncp_20251227T1027178560_d_img_d18_x07680_y99200.png,0.2573,277.66,586.55,284.07,591.34
ch2_ohr_ncp_20251227T1027178560_d_img_d18_x08320_y100480.png,0.6151,164.92,287.69,178.05,297.42
ch2_ohr_ncp_20251227T1027178560_d_img_d18_x08320_y100480.png,0.5856,141.42,207.9,149.06,214.33
ch2_ohr_ncp_20251227T1027178560_d_img_d18_x08320_y100480.png,0.4661,288.83,299.79,300.08,308.43
ch2_ohr_ncp_20251227T1027178560_d_img_d18_x08320_y100480.png,0.4517,248.2,195.6,253.69,200.47
ch2_ohr_ncp_20251227T1027178560_d_img_d18_x08320_y100480.png,0.4466,82.1,130.43,87.84,136.15
ch2_ohr_ncp_20251227T1027178560_d_img_d18_x08320_y100480.png,0.4326,63.27,366.52,68.39,372.03
ch2_ohr_ncp_20251227T1027178560_d_img_d18_x08320_y100480.png,0.4061,124.0,38.51,130.04,44.02
ch2_ohr_ncp_20251227T1027178560_d_img_d18_x08320_y100480.png,0.3875,314.95,245.3,321.4,252.02
ch2_ohr_ncp_20251227T1027178560_d_img_d18_x08320_y100480.png,0.3768,165.89,207.06,173.03,212.69
ch2_ohr_ncp_20251227T1027178560_d_img_d18_x08320_y100480.png,0.3709,393.39,32.87,401.59,40.43
ch2_ohr_ncp_20251227T1027178560_d_img_d18_x08320_y100480.png,0.357,206.54,242.52,212.4,247.91
ch2_ohr_ncp_20251227T1027178560_d_img_d18_x08320_y100480.png,0.356,199.62,193.26,204.75,197.76
ch2_ohr_ncp_20251227T1027178560_d_img_d18_x08320_y100480.png,0.3359,30.66,131.38,36.0,135.31
ch2_ohr_ncp_20251227T1027178560_d_img_d18_x08320_y100480.png,0.3336,528.25,49.01,535.12,55.39
ch2_ohr_ncp_20251227T1027178560_d_img_d18_x08320_y100480.png,0.3302,275.97,286.3,281.93,292.01
ch2_ohr_ncp_20251227T1027178560_d_img_d18_x08320_y100480.png,0.306,126.41,234.67,132.1,240.12
ch2_ohr_ncp_20251227T1027178560_d_img_d18_x08320_y100480.png,0.2739,88.41,266.58,98.7,276.27
ch2_ohr_ncp_20251227T1027178560_d_img_d18_x08320_y100480.png,0.2723,246.72,131.98,252.12,136.56
ch2_ohr_ncp_20251227T1027178560_d_img_d18_x08320_y100480.png,0.2723,0.36,234.51,6.09,239.06
ch2_ohr_ncp_20251227T1027178560_d_img_d18_x08320_y100480.png,0.2532,263.47,271.09,268.18,276.0
ch2_ohr_ncp_20251227T1027178560_d_img_d18_x08320_y100480.png,0.2432,180.0,146.79,186.09,151.3
ch2_ohr_ncp_20251227T1027178560_d_img_d18_x08320_y100480.png,0.2403,73.5,130.19,79.2,135.47
ch2_ohr_ncp_20251227T1027178560_d_img_d18_x08320_y100480.png,0.238,595.29,243.08,601.77,249.6
ch2_ohr_ncp_20251227T1027178560_d_img_d18_x08320_y100480.png,0.2344,551.47,38.5,559.37,45.24
ch2_ohr_ncp_20251227T1027178560_d_img_d18_x08320_y100480.png,0.2301,315.0,359.78,320.39,365.13
ch2_ohr_ncp_20251227T1027178560_d_img_d18_x08320_y100480.png,0.2164,99.82,325.11,105.18,330.0
ch2_ohr_ncp_20251227T1027178560_d_img_d18_x08320_y100480.png,0.2159,187.88,180.0,192.88,185.91
ch2_ohr_ncp_20251227T1027178560_d_img_d18_x08320_y100480.png,0.2155,88.03,82.22,94.21,88.26
ch2_ohr_ncp_20251227T1027178560_d_img_d18_x08320_y60160.png,0.23,55.89,0.0,121.47,70.11
ch2_ohr_ncp_20251227T1027178560_d_img_d18_x08320_y60160.png,0.2029,102.28,0.0,175.18,53.09
ch2_ohr_ncp_20251227T1027178560_d_img_d18_x08320_y60800.png,0.2324,157.55,608.38,212.86,640.0
ch2_ohr_ncp_20251227T1027178560_d_img_d18_x08320_y71680.png,0.4144,555.81,0.0,610.47,42.85
ch2_ohr_ncp_20251227T1027178560_d_img_d18_x08320_y73600.png,0.3015,575.91,606.21,635.07,640.0
ch2_ohr_ncp_20251227T1027178560_d_img_d18_x08320_y96640.png,0.3191,577.99,631.52,584.79,636.69
ch2_ohr_ncp_20251227T1027178560_d_img_d18_x08320_y97280.png,0.2686,88.69,366.0,95.99,372.42
ch2_ohr_ncp_20251227T1027178560_d_img_d18_x08320_y97280.png,0.2596,153.41,186.09,158.35,190.45
ch2_ohr_ncp_20251227T1027178560_d_img_d18_x08320_y97280.png,0.2419,181.01,383.34,188.64,389.43
ch2_ohr_ncp_20251227T1027178560_d_img_d18_x08320_y97280.png,0.2258,57.68,403.81,62.85,408.08
ch2_ohr_ncp_20251227T1027178560_d_img_d18_x08320_y97280.png,0.2102,414.52,472.22,420.27,477.34
ch2_ohr_ncp_20251227T1027178560_d_img_d18_x08320_y97920.png,0.3765,173.85,388.87,187.22,398.54
ch2_ohr_ncp_20251227T1027178560_d_img_d18_x08320_y97920.png,0.2789,502.48,529.06,509.15,534.4
ch2_ohr_ncp_20251227T1027178560_d_img_d18_x08320_y97920.png,0.2145,505.09,179.3,509.12,182.83
ch2_ohr_ncp_20251227T1027178560_d_img_d18_x08960_y100480.png,0.6298,159.04,118.36,167.99,125.76
ch2_ohr_ncp_20251227T1027178560_d_img_d18_x08960_y100480.png,0.6137,495.77,365.26,505.14,373.72
ch2_ohr_ncp_20251227T1027178560_d_img_d18_x08960_y100480.png,0.5884,284.3,77.82,292.99,86.99
ch2_ohr_ncp_20251227T1027178560_d_img_d18_x08960_y100480.png,0.4948,440.82,107.48,446.21,111.42
ch2_ohr_ncp_20251227T1027178560_d_img_d18_x08960_y100480.png,0.4578,446.7,527.72,454.75,536.27
ch2_ohr_ncp_20251227T1027178560_d_img_d18_x08960_y100480.png,0.4321,158.59,13.47,167.55,21.11
ch2_ohr_ncp_20251227T1027178560_d_img_d18_x08960_y100480.png,0.4113,594.9,474.82,601.62,480.44
ch2_ohr_ncp_20251227T1027178560_d_img_d18_x08960_y100480.png,0.387,497.66,241.94,502.6,246.06
ch2_ohr_ncp_20251227T1027178560_d_img_d18_x08960_y100480.png,0.3848,593.3,419.21,602.9,427.1
ch2_ohr_ncp_20251227T1027178560_d_img_d18_x08960_y100480.png,0.3564,418.45,394.25,423.32,399.52
ch2_ohr_ncp_20251227T1027178560_d_img_d18_x08960_y100480.png,0.3456,585.09,163.36,592.31,169.85
ch2_ohr_ncp_20251227T1027178560_d_img_d18_x08960_y100480.png,0.3453,404.9,113.64,415.98,121.37
ch2_ohr_ncp_20251227T1027178560_d_img_d18_x08960_y100480.png,0.3383,271.13,11.59,278.93,17.97
ch2_ohr_ncp_20251227T1027178560_d_img_d18_x08960_y100480.png,0.3328,159.16,183.14,165.16,188.34
ch2_ohr_ncp_20251227T1027178560_d_img_d18_x08960_y100480.png,0.3314,274.05,29.48,283.0,36.43
ch2_ohr_ncp_20251227T1027178560_d_img_d18_x08960_y100480.png,0.312,405.26,73.3,412.83,79.82
ch2_ohr_ncp_20251227T1027178560_d_img_d18_x08960_y100480.png,0.3117,187.99,36.0,195.04,42.41
ch2_ohr_ncp_20251227T1027178560_d_img_d18_x08960_y100480.png,0.3063,214.31,559.81,220.0,564.13
ch2_ohr_ncp_20251227T1027178560_d_img_d18_x08960_y100480.png,0.2814,104.22,563.31,109.03,567.54
ch2_ohr_ncp_20251227T1027178560_d_img_d18_x08960_y100480.png,0.281,201.19,310.46,208.02,316.86
ch2_ohr_ncp_20251227T1027178560_d_img_d18_x08960_y100480.png,0.2784,147.99,483.45,155.7,489.9
ch2_ohr_ncp_20251227T1027178560_d_img_d18_x08960_y100480.png,0.2725,329.1,147.41,335.23,152.46
ch2_ohr_ncp_20251227T1027178560_d_img_d18_x08960_y100480.png,0.2708,419.91,435.03,426.65,441.14
ch2_ohr_ncp_20251227T1027178560_d_img_d18_x08960_y100480.png,0.2547,523.94,60.0,527.69,64.95
ch2_ohr_ncp_20251227T1027178560_d_img_d18_x08960_y100480.png,0.242,425.09,491.75,431.39,498.33
ch2_ohr_ncp_20251227T1027178560_d_img_d18_x08960_y100480.png,0.2303,412.0,238.51,418.35,244.0
ch2_ohr_ncp_20251227T1027178560_d_img_d18_x08960_y100480.png,0.2287,413.75,238.6,420.0,244.0
ch2_ohr_ncp_20251227T1027178560_d_img_d18_x08960_y100480.png,0.2281,542.62,221.78,549.15,228.0
ch2_ohr_ncp_20251227T1027178560_d_img_d18_x08960_y100480.png,0.2265,542.76,220.0,548.9,226.85
ch2_ohr_ncp_20251227T1027178560_d_img_d18_x08960_y100480.png,0.2226,518.91,91.11,524.07,95.71
ch2_ohr_ncp_20251227T1027178560_d_img_d18_x08960_y100480.png,0.2187,392.52,103.77,399.38,109.15
ch2_ohr_ncp_20251227T1027178560_d_img_d18_x08960_y100480.png,0.209,402.76,210.25,407.11,214.06
ch2_ohr_ncp_20251227T1027178560_d_img_d18_x08960_y100480.png,0.2037,271.83,12.03,279.36,20.0
ch2_ohr_ncp_20251227T1027178560_d_img_d18_x08960_y100480.png,0.203,154.96,495.54,161.72,502.16
ch2_ohr_ncp_20251227T1027178560_d_img_d18_x08960_y55680.png,0.2649,585.2,0.19,639.7,60.87
ch2_ohr_ncp_20251227T1027178560_d_img_d18_x08960_y62080.png,0.2879,577.57,85.46,619.61,122.05
ch2_ohr_ncp_20251227T1027178560_d_img_d18_x08960_y64640.png,0.49,506.87,365.73,555.97,410.66
ch2_ohr_ncp_20251227T1027178560_d_img_d18_x08960_y71040.png,0.272,102.83,612.78,173.28,639.68
ch2_ohr_ncp_20251227T1027178560_d_img_d18_x08960_y72960.png,0.2431,495.08,279.17,500.04,284.04
ch2_ohr_ncp_20251227T1027178560_d_img_d18_x08960_y72960.png,0.2326,182.71,425.14,232.28,460.88
ch2_ohr_ncp_20251227T1027178560_d_img_d18_x08960_y95360.png,0.2117,10.08,0.29,62.33,56.13
ch2_ohr_ncp_20251227T1027178560_d_img_d18_x08960_y96000.png,0.3097,544.32,545.58,549.66,549.96
ch2_ohr_ncp_20251227T1027178560_d_img_d18_x08960_y96000.png,0.2356,430.45,595.98,440.72,604.21
ch2_ohr_ncp_20251227T1027178560_d_img_d18_x09600_y100480.png,0.5961,286.85,312.74,292.26,317.95
ch2_ohr_ncp_20251227T1027178560_d_img_d18_x09600_y100480.png,0.561,174.63,442.06,181.66,448.64
ch2_ohr_ncp_20251227T1027178560_d_img_d18_x09600_y100480.png,0.5546,93.86,88.2,101.41,94.62
ch2_ohr_ncp_20251227T1027178560_d_img_d18_x09600_y100480.png,0.4958,223.35,136.44,229.86,142.98
ch2_ohr_ncp_20251227T1027178560_d_img_d18_x09600_y100480.png,0.486,270.0,236.52,283.43,245.38
ch2_ohr_ncp_20251227T1027178560_d_img_d18_x09600_y100480.png,0.4814,263.11,111.57,273.1,120.09
ch2_ohr_ncp_20251227T1027178560_d_img_d18_x09600_y100480.png,0.4613,240.96,568.5,247.41,573.91
ch2_ohr_ncp_20251227T1027178560_d_img_d18_x09600_y100480.png,0.4394,356.0,210.8,362.62,215.29
ch2_ohr_ncp_20251227T1027178560_d_img_d18_x09600_y100480.png,0.4364,388.55,150.72,394.75,155.26
ch2_ohr_ncp_20251227T1027178560_d_img_d18_x09600_y100480.png,0.434,165.72,345.58,172.01,349.7
ch2_ohr_ncp_20251227T1027178560_d_img_d18_x09600_y100480.png,0.4248,582.69,168.3,589.18,174.16
ch2_ohr_ncp_20251227T1027178560_d_img_d18_x09600_y100480.png,0.419,376.27,182.43,383.9,189.07
ch2_ohr_ncp_20251227T1027178560_d_img_d18_x09600_y100480.png,0.4118,19.75,17.87,24.68,23.53
ch2_ohr_ncp_20251227T1027178560_d_img_d18_x09600_y100480.png,0.399,176.46,122.01,182.83,128.69
ch2_ohr_ncp_20251227T1027178560_d_img_d18_x09600_y100480.png,0.3987,387.98,150.37,395.18,156.02
ch2_ohr_ncp_20251227T1027178560_d_img_d18_x09600_y100480.png,0.3965,414.54,221.97,422.93,228.14
ch2_ohr_ncp_20251227T1027178560_d_img_d18_x09600_y100480.png,0.373,336.76,220.0,341.1,224.83
ch2_ohr_ncp_20251227T1027178560_d_img_d18_x09600_y100480.png,0.3651,288.83,160.2,293.67,164.69
ch2_ohr_ncp_20251227T1027178560_d_img_d18_x09600_y100480.png,0.3516,408.67,241.97,414.35,247.56
ch2_ohr_ncp_20251227T1027178560_d_img_d18_x09600_y100480.png,0.3475,282.62,338.49,288.83,344.39
ch2_ohr_ncp_20251227T1027178560_d_img_d18_x09600_y100480.png,0.3138,42.65,482.79,48.31,487.92
ch2_ohr_ncp_20251227T1027178560_d_img_d18_x09600_y100480.png,0.3068,315.34,209.17,321.51,214.33
ch2_ohr_ncp_20251227T1027178560_d_img_d18_x09600_y100480.png,0.2964,311.86,96.37,317.83,102.05
ch2_ohr_ncp_20251227T1027178560_d_img_d18_x09600_y100480.png,0.2795,484.99,197.25,491.04,201.89
ch2_ohr_ncp_20251227T1027178560_d_img_d18_x09600_y100480.png,0.2768,193.88,241.17,201.13,247.79
ch2_ohr_ncp_20251227T1027178560_d_img_d18_x09600_y100480.png,0.2684,119.07,76.8,126.62,84.3
ch2_ohr_ncp_20251227T1027178560_d_img_d18_x09600_y100480.png,0.2589,41.37,579.99,46.4,585.07
ch2_ohr_ncp_20251227T1027178560_d_img_d18_x09600_y100480.png,0.2518,377.2,105.69,385.59,112.0
ch2_ohr_ncp_20251227T1027178560_d_img_d18_x09600_y100480.png,0.2318,565.53,236.0,573.71,242.7
ch2_ohr_ncp_20251227T1027178560_d_img_d18_x09600_y100480.png,0.2305,471.24,237.72,484.62,249.36
ch2_ohr_ncp_20251227T1027178560_d_img_d18_x09600_y100480.png,0.2221,356.95,210.49,363.01,216.01
ch2_ohr_ncp_20251227T1027178560_d_img_d18_x09600_y100480.png,0.2209,445.36,95.29,457.67,103.27
ch2_ohr_ncp_20251227T1027178560_d_img_d18_x09600_y100480.png,0.2138,433.83,363.5,440.02,370.2
ch2_ohr_ncp_20251227T1027178560_d_img_d18_x09600_y100480.png,0.2135,416.86,173.86,426.41,180.25
ch2_ohr_ncp_20251227T1027178560_d_img_d18_x09600_y100480.png,0.2133,350.65,91.77,356.04,96.37
ch2_ohr_ncp_20251227T1027178560_d_img_d18_x09600_y100480.png,0.2131,53.97,516.33,58.76,520.91
ch2_ohr_ncp_20251227T1027178560_d_img_d18_x09600_y100480.png,0.2049,368.52,107.45,373.71,112.57
ch2_ohr_ncp_20251227T1027178560_d_img_d18_x09600_y100480.png,0.2038,577.68,198.64,584.73,204.09
ch2_ohr_ncp_20251227T1027178560_d_img_d18_x09600_y100480.png,0.2034,347.22,202.55,352.3,206.74
ch2_ohr_ncp_20251227T1027178560_d_img_d18_x09600_y100480.png,0.2033,131.12,237.8,147.24,248.13
ch2_ohr_ncp_20251227T1027178560_d_img_d18_x09600_y100480.png,0.2031,264.62,564.84,272.69,572.04
ch2_ohr_ncp_20251227T1027178560_d_img_d18_x09600_y100480.png,0.2016,423.55,163.95,428.41,168.83
ch2_ohr_ncp_20251227T1027178560_d_img_d18_x09600_y100480.png,0.2004,35.72,114.09,42.36,119.43
ch2_ohr_ncp_20251227T1027178560_d_img_d18_x09600_y100480.png,0.2002,219.76,217.43,223.59,221.23
ch2_ohr_ncp_20251227T1027178560_d_img_d18_x09600_y58240.png,0.2339,351.07,611.86,395.94,640.0
ch2_ohr_ncp_20251227T1027178560_d_img_d18_x09600_y62720.png,0.2318,3.07,606.69,56.44,640.0
ch2_ohr_ncp_20251227T1027178560_d_img_d18_x09600_y63360.png,0.2426,277.54,593.77,345.37,637.93
ch2_ohr_ncp_20251227T1027178560_d_img_d18_x09600_y94720.png,0.2246,447.73,507.13,452.02,510.66
ch2_ohr_ncp_20251227T1027178560_d_img_d18_x09600_y96000.png,0.2803,526.02,112.06,532.0,116.65
ch2_ohr_ncp_20251227T1027178560_d_img_d18_x09600_y96000.png,0.2655,513.98,139.1,518.97,143.36
ch2_ohr_ncp_20251227T1027178560_d_img_d18_x09600_y96640.png,0.2855,542.78,407.79,548.17,412.38
ch2_ohr_ncp_20251227T1027178560_d_img_d18_x09600_y97280.png,0.2842,552.12,449.79,556.82,454.22
ch2_ohr_ncp_20251227T1027178560_d_img_d18_x09600_y98560.png,0.2409,351.17,589.22,419.47,640.0
ch2_ohr_ncp_20251227T1027178560_d_img_d18_x10240_y100480.png,0.6567,495.82,411.41,505.92,419.39
ch2_ohr_ncp_20251227T1027178560_d_img_d18_x10240_y100480.png,0.5762,575.71,188.0,580.89,193.59
ch2_ohr_ncp_20251227T1027178560_d_img_d18_x10240_y100480.png,0.5425,32.57,90.13,38.57,95.88
ch2_ohr_ncp_20251227T1027178560_d_img_d18_x10240_y100480.png,0.4638,312.43,364.0,318.27,370.1
ch2_ohr_ncp_20251227T1027178560_d_img_d18_x10240_y100480.png,0.4048,519.3,473.81,527.57,480.53
ch2_ohr_ncp_20251227T1027178560_d_img_d18_x10240_y100480.png,0.3189,571.99,465.37,577.57,470.09
ch2_ohr_ncp_20251227T1027178560_d_img_d18_x10240_y100480.png,0.3153,67.82,76.0,72.94,82.08
ch2_ohr_ncp_20251227T1027178560_d_img_d18_x10240_y100480.png,0.305,136.67,209.27,150.82,220.24
ch2_ohr_ncp_20251227T1027178560_d_img_d18_x10240_y100480.png,0.2957,435.91,98.07,444.34,104.13
ch2_ohr_ncp_20251227T1027178560_d_img_d18_x10240_y100480.png,0.2851,341.94,31.64,348.41,36.72
ch2_ohr_ncp_20251227T1027178560_d_img_d18_x10240_y100480.png,0.2831,546.72,508.0,552.17,514.14
ch2_ohr_ncp_20251227T1027178560_d_img_d18_x10240_y100480.png,0.2798,469.8,9.04,479.84,16.22
ch2_ohr_ncp_20251227T1027178560_d_img_d18_x10240_y100480.png,0.277,183.79,282.94,189.73,287.98
ch2_ohr_ncp_20251227T1027178560_d_img_d18_x10240_y100480.png,0.2554,348.83,115.7,359.92,124.04
ch2_ohr_ncp_20251227T1027178560_d_img_d18_x10240_y100480.png,0.2446,169.28,91.94,173.73,95.94
ch2_ohr_ncp_20251227T1027178560_d_img_d18_x10240_y100480.png,0.2406,233.86,136.79,240.05,142.96
ch2_ohr_ncp_20251227T1027178560_d_img_d18_x10240_y100480.png,0.2156,67.87,77.52,73.01,84.0
ch2_ohr_ncp_20251227T1027178560_d_img_d18_x10240_y61440.png,0.2207,253.9,292.0,262.3,298.71
ch2_ohr_ncp_20251227T1027178560_d_img_d18_x10240_y72320.png,0.2669,138.11,571.71,193.47,639.19
ch2_ohr_ncp_20251227T1027178560_d_img_d18_x10240_y94720.png,0.2309,186.04,604.12,253.21,640.0
ch2_ohr_ncp_20251227T1027178560_d_img_d18_x10240_y95360.png,0.2799,627.02,323.9,640.0,336.34
ch2_ohr_ncp_20251227T1027178560_d_img_d18_x10240_y95360.png,0.2263,495.73,543.57,500.33,548.01
ch2_ohr_ncp_20251227T1027178560_d_img_d18_x10880_y100480.png,0.4837,63.9,274.33,69.98,279.85
ch2_ohr_ncp_20251227T1027178560_d_img_d18_x10880_y100480.png,0.4553,114.75,195.57,122.73,202.45
ch2_ohr_ncp_20251227T1027178560_d_img_d18_x10880_y100480.png,0.3924,260.86,289.09,268.87,296.33
ch2_ohr_ncp_20251227T1027178560_d_img_d18_x10880_y100480.png,0.378,519.8,280.61,527.14,287.47
ch2_ohr_ncp_20251227T1027178560_d_img_d18_x10880_y100480.png,0.3663,115.14,194.81,124.12,201.48
ch2_ohr_ncp_20251227T1027178560_d_img_d18_x10880_y100480.png,0.3631,79.54,126.87,86.24,132.71
ch2_ohr_ncp_20251227T1027178560_d_img_d18_x10880_y100480.png,0.3552,114.33,195.93,121.82,204.0
ch2_ohr_ncp_20251227T1027178560_d_img_d18_x10880_y100480.png,0.2966,157.72,206.74,164.68,212.11
ch2_ohr_ncp_20251227T1027178560_d_img_d18_x10880_y100480.png,0.2919,147.99,219.2,153.35,222.92
ch2_ohr_ncp_20251227T1027178560_d_img_d18_x10880_y100480.png,0.2663,597.75,143.33,604.0,148.41
ch2_ohr_ncp_20251227T1027178560_d_img_d18_x10880_y100480.png,0.2477,238.37,118.05,247.94,126.9
ch2_ohr_ncp_20251227T1027178560_d_img_d18_x10880_y100480.png,0.2221,492.03,58.6,500.04,65.79
ch2_ohr_ncp_20251227T1027178560_d_img_d18_x10880_y100480.png,0.2037,593.34,596.97,640.0,638.85
ch2_ohr_ncp_20251227T1027178560_d_img_d18_x10880_y58240.png,0.3967,331.68,608.1,381.37,640.0
ch2_ohr_ncp_20251227T1027178560_d_img_d18_x10880_y60160.png,0.3353,50.64,608.36,101.15,640.0
ch2_ohr_ncp_20251227T1027178560_d_img_d18_x10880_y71040.png,0.2546,504.65,291.26,563.28,327.28
ch2_ohr_ncp_20251227T1027178560_d_img_d18_x10880_y72960.png,0.2126,487.07,608.09,531.29,640.0
ch2_ohr_ncp_20251227T1027178560_d_img_d18_x10880_y92800.png,0.2141,577.19,602.55,640.0,640.0
ch2_ohr_ncp_20251227T1027178560_d_img_d18_x10880_y94720.png,0.3561,347.62,522.63,354.06,528.27
ch2_ohr_ncp_20251227T1027178560_d_img_d18_x10880_y94720.png,0.3178,559.48,603.5,564.78,607.64
ch2_ohr_ncp_20251227T1027178560_d_img_d18_x10880_y94720.png,0.2635,326.46,547.15,332.07,551.04
ch2_ohr_ncp_20251227T1027178560_d_img_d18_x10880_y94720.png,0.2613,627.66,543.41,639.66,554.13
ch2_ohr_ncp_20251227T1027178560_d_img_d18_x10880_y94720.png,0.2512,606.95,579.5,612.36,584.73
ch2_ohr_ncp_20251227T1027178560_d_img_d18_x10880_y94720.png,0.2268,343.68,539.98,349.33,545.19
ch2_ohr_ncp_20251227T1027178560_d_img_d18_x10880_y94720.png,0.225,537.91,595.94,545.38,601.6
ch2_ohr_ncp_20251227T1027178560_d_img_d18_x10880_y94720.png,0.2054,523.99,591.95,529.9,596.28
ch2_ohr_ncp_20251227T1027178560_d_img_d18_x10880_y94720.png,0.2011,350.47,487.09,357.09,492.22
ch2_ohr_ncp_20251227T1027178560_d_img_d18_x10880_y95360.png,0.2379,438.57,367.23,495.09,412.42
ch2_ohr_ncp_20251227T1027178560_d_img_d18_x10880_y96640.png,0.2584,249.85,294.4,310.82,331.35
ch2_ohr_ncp_20251227T1027178560_d_img_d18_x10880_y99200.png,0.3181,591.61,222.44,638.47,264.52
ch2_ohr_ncp_20251227T1027178560_d_img_d18_x11520_y100480.png,0.2911,39.0,276.43,46.13,284.08
ch2_ohr_ncp_20251227T1027178560_d_img_d18_x11520_y100480.png,0.2767,240.04,16.12,245.2,21.52
ch2_ohr_ncp_20251227T1027178560_d_img_d18_x11520_y100480.png,0.2164,162.17,219.94,169.8,226.48
ch2_ohr_ncp_20251227T1027178560_d_img_d18_x11520_y58240.png,0.2471,183.97,539.05,189.33,543.37
ch2_ohr_ncp_20251227T1027178560_d_img_d18_x11520_y58880.png,0.5102,245.74,179.36,252.01,183.27
ch2_ohr_ncp_20251227T1027178560_d_img_d18_x11520_y58880.png,0.3843,233.41,230.44,243.53,238.06
ch2_ohr_ncp_20251227T1027178560_d_img_d18_x11520_y58880.png,0.3336,216.2,182.98,225.35,189.62
ch2_ohr_ncp_20251227T1027178560_d_img_d18_x11520_y58880.png,0.321,279.91,123.98,284.34,128.27
ch2_ohr_ncp_20251227T1027178560_d_img_d18_x11520_y58880.png,0.2336,252.0,294.79,258.13,300.01
ch2_ohr_ncp_20251227T1027178560_d_img_d18_x11520_y58880.png,0.2329,264.55,200.41,269.01,204.38
ch2_ohr_ncp_20251227T1027178560_d_img_d18_x11520_y58880.png,0.2098,341.48,273.84,348.02,278.33
ch2_ohr_ncp_20251227T1027178560_d_img_d18_x11520_y60800.png,0.2352,303.1,371.24,308.95,375.63
ch2_ohr_ncp_20251227T1027178560_d_img_d18_x11520_y63360.png,0.2018,62.34,604.54,117.25,640.0
ch2_ohr_ncp_20251227T1027178560_d_img_d18_x11520_y92800.png,0.2307,30.94,0.0,132.53,53.69
ch2_ohr_ncp_20251227T1027178560_d_img_d18_x11520_y94080.png,0.299,322.58,393.94,329.65,399.23
ch2_ohr_ncp_20251227T1027178560_d_img_d18_x11520_y94080.png,0.2532,377.72,390.71,388.07,397.77
ch2_ohr_ncp_20251227T1027178560_d_img_d18_x11520_y94080.png,0.2374,87.59,351.2,93.27,356.05
ch2_ohr_ncp_20251227T1027178560_d_img_d18_x11520_y94080.png,0.2351,388.95,419.19,416.4,437.63
ch2_ohr_ncp_20251227T1027178560_d_img_d18_x11520_y94080.png,0.2326,153.36,311.83,160.9,317.54
ch2_ohr_ncp_20251227T1027178560_d_img_d18_x11520_y94720.png,0.5812,256.17,373.78,263.75,380.5
ch2_ohr_ncp_20251227T1027178560_d_img_d18_x11520_y94720.png,0.491,405.9,177.2,413.08,182.96
ch2_ohr_ncp_20251227T1027178560_d_img_d18_x11520_y94720.png,0.446,101.21,592.32,115.56,601.08
ch2_ohr_ncp_20251227T1027178560_d_img_d18_x11520_y94720.png,0.3974,166.57,611.99,172.21,616.61
ch2_ohr_ncp_20251227T1027178560_d_img_d18_x11520_y94720.png,0.3598,156.81,463.02,164.14,469.09
ch2_ohr_ncp_20251227T1027178560_d_img_d18_x11520_y94720.png,0.3491,379.9,216.69,386.29,221.44
ch2_ohr_ncp_20251227T1027178560_d_img_d18_x11520_y94720.png,0.3444,62.52,578.44,68.02,582.52
ch2_ohr_ncp_20251227T1027178560_d_img_d18_x11520_y94720.png,0.3364,335.9,345.61,347.36,351.17
ch2_ohr_ncp_20251227T1027178560_d_img_d18_x11520_y94720.png,0.3322,11.84,339.43,17.4,343.48
ch2_ohr_ncp_20251227T1027178560_d_img_d18_x11520_y94720.png,0.3211,192.2,343.89,196.83,348.01
ch2_ohr_ncp_20251227T1027178560_d_img_d18_x11520_y94720.png,0.3118,387.98,334.08,394.2,340.0
ch2_ohr_ncp_20251227T1027178560_d_img_d18_x11520_y94720.png,0.2958,310.76,306.47,316.01,309.31
ch2_ohr_ncp_20251227T1027178560_d_img_d18_x11520_y94720.png,0.2794,327.98,198.11,333.7,204.0
ch2_ohr_ncp_20251227T1027178560_d_img_d18_x11520_y94720.png,0.275,440.23,214.45,449.56,221.34
ch2_ohr_ncp_20251227T1027178560_d_img_d18_x11520_y94720.png,0.2709,293.73,465.92,300.01,470.7
ch2_ohr_ncp_20251227T1027178560_d_img_d18_x11520_y94720.png,0.2624,318.55,396.0,324.16,401.27
ch2_ohr_ncp_20251227T1027178560_d_img_d18_x11520_y94720.png,0.257,360.01,622.21,366.35,628.01
ch2_ohr_ncp_20251227T1027178560_d_img_d18_x11520_y94720.png,0.2275,300.0,228.0,306.13,232.84
ch2_ohr_ncp_20251227T1027178560_d_img_d18_x11520_y94720.png,0.22,309.68,500.88,316.22,505.66
ch2_ohr_ncp_20251227T1027178560_d_img_d18_x11520_y95360.png,0.5242,338.21,299.65,343.6,303.93
ch2_ohr_ncp_20251227T1027178560_d_img_d18_x11520_y95360.png,0.3547,214.89,123.77,221.14,128.63
ch2_ohr_ncp_20251227T1027178560_d_img_d18_x11520_y95360.png,0.3497,272.46,131.58,277.05,135.6
ch2_ohr_ncp_20251227T1027178560_d_img_d18_x11520_y95360.png,0.3457,456.1,447.73,464.01,454.34
ch2_ohr_ncp_20251227T1027178560_d_img_d18_x11520_y95360.png,0.325,404.29,382.9,413.2,388.92
ch2_ohr_ncp_20251227T1027178560_d_img_d18_x11520_y95360.png,0.3212,232.99,157.98,243.95,166.48
ch2_ohr_ncp_20251227T1027178560_d_img_d18_x11520_y95360.png,0.3181,80.03,259.96,87.92,265.7
ch2_ohr_ncp_20251227T1027178560_d_img_d18_x11520_y95360.png,0.2756,383.6,160.63,391.76,167.41
ch2_ohr_ncp_20251227T1027178560_d_img_d18_x11520_y95360.png,0.2684,161.5,263.44,168.52,268.38
ch2_ohr_ncp_20251227T1027178560_d_img_d18_x11520_y95360.png,0.2631,46.77,295.28,52.67,300.86
ch2_ohr_ncp_20251227T1027178560_d_img_d18_x11520_y95360.png,0.2314,331.52,43.58,335.19,46.91
ch2_ohr_ncp_20251227T1027178560_d_img_d18_x11520_y95360.png,0.2201,408.91,398.45,417.49,405.31
ch2_ohr_ncp_20251227T1027178560_d_img_d18_x11520_y95360.png,0.2033,0.08,608.81,6.44,615.89
ch2_ohr_ncp_20251227T1027178560_d_img_d18_x11520_y96000.png,0.5337,70.81,410.77,83.74,420.97
ch2_ohr_ncp_20251227T1027178560_d_img_d18_x11520_y96000.png,0.4674,280.21,59.91,284.84,64.09
ch2_ohr_ncp_20251227T1027178560_d_img_d18_x11520_y96000.png,0.2814,344.45,122.26,348.77,126.5
ch2_ohr_ncp_20251227T1027178560_d_img_d18_x11520_y96000.png,0.2185,259.99,79.43,265.05,84.03
ch2_ohr_ncp_20251227T1027178560_d_img_d18_x11520_y96000.png,0.2082,286.89,163.98,293.79,169.8
ch2_ohr_ncp_20251227T1027178560_d_img_d18_x11520_y96000.png,0.2003,157.57,88.93,164.06,94.18
ch2_ohr_ncp_20251227T1027178560_d_img_d18_x11520_y96640.png,0.615,210.53,360.24,219.26,366.9
ch2_ohr_ncp_20251227T1027178560_d_img_d18_x11520_y96640.png,0.5286,108.92,333.99,123.35,343.66
ch2_ohr_ncp_20251227T1027178560_d_img_d18_x11520_y96640.png,0.5137,30.02,361.65,40.3,369.01
ch2_ohr_ncp_20251227T1027178560_d_img_d18_x11520_y96640.png,0.3648,88.52,118.34,95.75,124.97
ch2_ohr_ncp_20251227T1027178560_d_img_d18_x11520_y96640.png,0.3634,331.02,363.97,335.7,368.2
ch2_ohr_ncp_20251227T1027178560_d_img_d18_x11520_y96640.png,0.3414,13.33,484.23,25.74,495.2
ch2_ohr_ncp_20251227T1027178560_d_img_d18_x11520_y96640.png,0.3277,160.57,330.27,166.88,335.58
ch2_ohr_ncp_20251227T1027178560_d_img_d18_x11520_y96640.png,0.3094,438.12,52.0,444.06,58.47
ch2_ohr_ncp_20251227T1027178560_d_img_d18_x11520_y96640.png,0.3089,277.16,341.39,282.32,345.88
ch2_ohr_ncp_20251227T1027178560_d_img_d18_x11520_y96640.png,0.3057,96.59,459.78,102.07,464.44
ch2_ohr_ncp_20251227T1027178560_d_img_d18_x11520_y96640.png,0.2916,194.48,179.55,200.16,183.91
ch2_ohr_ncp_20251227T1027178560_d_img_d18_x11520_y96640.png,0.2795,437.93,53.3,443.5,58.24
ch2_ohr_ncp_20251227T1027178560_d_img_d18_x11520_y96640.png,0.2733,63.46,487.61,72.34,495.39
ch2_ohr_ncp_20251227T1027178560_d_img_d18_x11520_y96640.png,0.2535,411.08,286.04,422.81,293.46
ch2_ohr_ncp_20251227T1027178560_d_img_d18_x11520_y96640.png,0.2394,365.76,0.16,376.73,8.75
ch2_ohr_ncp_20251227T1027178560_d_img_d18_x11520_y96640.png,0.2347,296.55,302.88,301.35,308.0
ch2_ohr_ncp_20251227T1027178560_d_img_d18_x11520_y96640.png,0.2253,30.02,360.0,41.07,369.82
ch2_ohr_ncp_20251227T1027178560_d_img_d18_x11520_y96640.png,0.2133,29.88,83.7,36.01,88.8
ch2_ohr_ncp_20251227T1027178560_d_img_d18_x11520_y97280.png,0.6105,184.62,274.7,192.36,281.34
ch2_ohr_ncp_20251227T1027178560_d_img_d18_x11520_y97280.png,0.5459,278.55,511.1,285.85,517.13
ch2_ohr_ncp_20251227T1027178560_d_img_d18_x11520_y97280.png,0.4582,446.87,315.58,452.28,320.08
ch2_ohr_ncp_20251227T1027178560_d_img_d18_x11520_y97280.png,0.458,16.02,187.99,21.84,193.81
ch2_ohr_ncp_20251227T1027178560_d_img_d18_x11520_y97280.png,0.4517,171.63,25.11,177.57,29.99
ch2_ohr_ncp_20251227T1027178560_d_img_d18_x11520_y97280.png,0.4417,445.79,338.33,452.59,344.27
ch2_ohr_ncp_20251227T1027178560_d_img_d18_x11520_y97280.png,0.4273,195.97,207.95,203.23,213.73
ch2_ohr_ncp_20251227T1027178560_d_img_d18_x11520_y97280.png,0.4176,409.35,290.67,425.44,301.39
ch2_ohr_ncp_20251227T1027178560_d_img_d18_x11520_y97280.png,0.4122,148.0,74.45,158.72,81.31
ch2_ohr_ncp_20251227T1027178560_d_img_d18_x11520_y97280.png,0.3841,311.97,244.0,316.93,248.63
ch2_ohr_ncp_20251227T1027178560_d_img_d18_x11520_y97280.png,0.3795,159.47,471.39,165.63,476.26
ch2_ohr_ncp_20251227T1027178560_d_img_d18_x11520_y97280.png,0.3724,99.69,568.11,108.82,574.89
ch2_ohr_ncp_20251227T1027178560_d_img_d18_x11520_y97280.png,0.3612,154.23,232.36,161.72,237.68
ch2_ohr_ncp_20251227T1027178560_d_img_d18_x11520_y97280.png,0.3424,383.36,515.99,388.06,520.42
ch2_ohr_ncp_20251227T1027178560_d_img_d18_x11520_y97280.png,0.3258,150.96,113.93,156.05,118.04
ch2_ohr_ncp_20251227T1027178560_d_img_d18_x11520_y97280.png,0.3141,317.67,343.82,324.69,349.43
ch2_ohr_ncp_20251227T1027178560_d_img_d18_x11520_y97280.png,0.2962,425.69,504.11,430.69,509.27
ch2_ohr_ncp_20251227T1027178560_d_img_d18_x11520_y97280.png,0.2911,363.17,319.52,373.49,326.92
ch2_ohr_ncp_20251227T1027178560_d_img_d18_x11520_y97280.png,0.278,236.05,399.0,244.01,405.28
ch2_ohr_ncp_20251227T1027178560_d_img_d18_x11520_y97280.png,0.2757,424.76,616.27,432.65,623.96
ch2_ohr_ncp_20251227T1027178560_d_img_d18_x11520_y97280.png,0.2549,327.47,319.66,332.78,324.28
ch2_ohr_ncp_20251227T1027178560_d_img_d18_x11520_y97280.png,0.2452,320.97,449.77,326.89,454.97
ch2_ohr_ncp_20251227T1027178560_d_img_d18_x11520_y97280.png,0.2395,437.72,493.5,444.04,500.19
ch2_ohr_ncp_20251227T1027178560_d_img_d18_x11520_y97280.png,0.2284,458.4,373.82,468.93,381.6
ch2_ohr_ncp_20251227T1027178560_d_img_d18_x11520_y97280.png,0.2249,208.16,503.74,218.53,511.41
ch2_ohr_ncp_20251227T1027178560_d_img_d18_x11520_y97280.png,0.2245,371.98,105.85,377.63,110.29
ch2_ohr_ncp_20251227T1027178560_d_img_d18_x11520_y97280.png,0.2202,91.98,304.9,98.25,310.16
ch2_ohr_ncp_20251227T1027178560_d_img_d18_x11520_y97280.png,0.2166,314.5,223.47,319.44,228.02
ch2_ohr_ncp_20251227T1027178560_d_img_d18_x11520_y97280.png,0.2057,69.0,27.99,77.62,34.28
ch2_ohr_ncp_20251227T1027178560_d_img_d18_x11520_y97920.png,0.5715,358.69,138.09,376.52,149.97
ch2_ohr_ncp_20251227T1027178560_d_img_d18_x11520_y97920.png,0.5128,318.92,111.27,327.37,118.06
ch2_ohr_ncp_20251227T1027178560_d_img_d18_x11520_y97920.png,0.5009,310.54,346.41,316.11,351.3
ch2_ohr_ncp_20251227T1027178560_d_img_d18_x11520_y97920.png,0.4812,401.84,302.92,408.95,309.08
ch2_ohr_ncp_20251227T1027178560_d_img_d18_x11520_y97920.png,0.3957,389.96,292.39,394.63,296.41
ch2_ohr_ncp_20251227T1027178560_d_img_d18_x11520_y97920.png,0.3741,390.41,371.98,396.27,377.61
ch2_ohr_ncp_20251227T1027178560_d_img_d18_x11520_y97920.png,0.347,389.56,3.6,396.05,9.28
ch2_ohr_ncp_20251227T1027178560_d_img_d18_x11520_y97920.png,0.3426,393.77,93.92,402.43,101.35
ch2_ohr_ncp_20251227T1027178560_d_img_d18_x11520_y97920.png,0.3144,445.92,323.88,452.97,330.02
ch2_ohr_ncp_20251227T1027178560_d_img_d18_x11520_y97920.png,0.3031,389.35,262.39,395.54,267.55
ch2_ohr_ncp_20251227T1027178560_d_img_d18_x11520_y97920.png,0.2877,389.92,291.98,396.0,296.09
ch2_ohr_ncp_20251227T1027178560_d_img_d18_x11520_y97920.png,0.2611,382.59,219.67,388.05,223.19
ch2_ohr_ncp_20251227T1027178560_d_img_d18_x11520_y97920.png,0.2555,454.73,367.69,460.03,372.35
ch2_ohr_ncp_20251227T1027178560_d_img_d18_x11520_y97920.png,0.2107,193.87,507.99,201.04,514.39
ch2_ohr_ncp_20251227T1027178560_d_img_d18_x11520_y97920.png,0.2071,440.95,313.11,449.81,320.31
ch2_ohr_ncp_20251227T1027178560_d_img_d18_x11520_y97920.png,0.2054,296.41,100.0,301.59,105.86
ch2_ohr_ncp_20251227T1027178560_d_img_d18_x11520_y97920.png,0.205,388.0,262.3,395.23,268.08
ch2_ohr_ncp_20251227T1027178560_d_img_d18_x11520_y97920.png,0.2038,382.49,598.59,388.18,604.01
ch2_ohr_ncp_20251227T1027178560_d_img_d18_x11520_y97920.png,0.2019,371.36,180.0,375.69,185.69
ch2_ohr_ncp_20251227T1027178560_d_img_d18_x11520_y97920.png,0.2012,355.79,491.84,364.82,498.64
ch2_ohr_ncp_20251227T1027178560_d_img_d18_x11520_y98560.png,0.5409,448.86,431.95,457.88,438.11
ch2_ohr_ncp_20251227T1027178560_d_img_d18_x11520_y98560.png,0.5273,351.28,419.99,358.56,425.8
ch2_ohr_ncp_20251227T1027178560_d_img_d18_x11520_y98560.png,0.5214,445.93,404.31,458.36,413.41
ch2_ohr_ncp_20251227T1027178560_d_img_d18_x11520_y98560.png,0.4923,44.09,544.03,52.61,551.96
ch2_ohr_ncp_20251227T1027178560_d_img_d18_x11520_y98560.png,0.4474,200.85,462.04,212.46,469.88
ch2_ohr_ncp_20251227T1027178560_d_img_d18_x11520_y98560.png,0.3395,385.67,308.0,390.04,313.31
ch2_ohr_ncp_20251227T1027178560_d_img_d18_x11520_y98560.png,0.3365,240.35,493.6,248.57,500.52
ch2_ohr_ncp_20251227T1027178560_d_img_d18_x11520_y98560.png,0.3333,464.06,456.82,471.05,462.13
ch2_ohr_ncp_20251227T1027178560_d_img_d18_x11520_y98560.png,0.317,326.59,451.14,332.02,454.6
ch2_ohr_ncp_20251227T1027178560_d_img_d18_x11520_y98560.png,0.3041,426.49,425.94,431.11,430.46
ch2_ohr_ncp_20251227T1027178560_d_img_d18_x11520_y98560.png,0.2997,219.99,379.83,224.5,382.97
ch2_ohr_ncp_20251227T1027178560_d_img_d18_x11520_y98560.png,0.2981,409.2,543.16,415.09,548.23
ch2_ohr_ncp_20251227T1027178560_d_img_d18_x11520_y98560.png,0.2862,347.0,562.32,351.56,567.02
ch2_ohr_ncp_20251227T1027178560_d_img_d18_x11520_y98560.png,0.2702,330.0,127.45,337.29,133.45
ch2_ohr_ncp_20251227T1027178560_d_img_d18_x11520_y98560.png,0.2697,334.0,376.01,340.26,381.28
ch2_ohr_ncp_20251227T1027178560_d_img_d18_x11520_y98560.png,0.2602,297.56,450.69,303.99,455.56
ch2_ohr_ncp_20251227T1027178560_d_img_d18_x11520_y98560.png,0.2556,354.79,599.74,359.81,604.14
ch2_ohr_ncp_20251227T1027178560_d_img_d18_x11520_y98560.png,0.2516,187.47,351.91,191.67,356.2
ch2_ohr_ncp_20251227T1027178560_d_img_d18_x11520_y98560.png,0.2491,435.77,514.0,446.36,521.47
ch2_ohr_ncp_20251227T1027178560_d_img_d18_x11520_y98560.png,0.24,80.46,434.26,85.78,440.43
ch2_ohr_ncp_20251227T1027178560_d_img_d18_x11520_y98560.png,0.2342,353.27,355.51,357.77,359.36
ch2_ohr_ncp_20251227T1027178560_d_img_d18_x11520_y98560.png,0.2218,111.86,608.66,132.17,625.82
ch2_ohr_ncp_20251227T1027178560_d_img_d18_x11520_y98560.png,0.213,337.79,526.53,355.75,539.55
ch2_ohr_ncp_20251227T1027178560_d_img_d18_x11520_y98560.png,0.2058,255.93,376.88,263.18,383.03
ch2_ohr_ncp_20251227T1027178560_d_img_d18_x11520_y98560.png,0.2052,424.46,108.0,430.25,114.26
ch2_ohr_ncp_20251227T1027178560_d_img_d18_x11520_y99200.png,0.6422,304.29,182.22,314.28,189.73
ch2_ohr_ncp_20251227T1027178560_d_img_d18_x11520_y99200.png,0.5808,247.85,111.74,254.94,117.4
ch2_ohr_ncp_20251227T1027178560_d_img_d18_x11520_y99200.png,0.5513,376.97,98.21,382.06,102.61
ch2_ohr_ncp_20251227T1027178560_d_img_d18_x11520_y99200.png,0.5478,102.91,535.37,109.06,541.23
ch2_ohr_ncp_20251227T1027178560_d_img_d18_x11520_y99200.png,0.545,62.47,500.03,75.61,508.47
ch2_ohr_ncp_20251227T1027178560_d_img_d18_x11520_y99200.png,0.54,449.76,289.98,456.37,295.31
ch2_ohr_ncp_20251227T1027178560_d_img_d18_x11520_y99200.png,0.5226,155.32,345.33,160.2,349.95
ch2_ohr_ncp_20251227T1027178560_d_img_d18_x11520_y99200.png,0.4943,224.9,41.02,231.01,46.35
ch2_ohr_ncp_20251227T1027178560_d_img_d18_x11520_y99200.png,0.4893,404.98,214.02,412.9,221.6
ch2_ohr_ncp_20251227T1027178560_d_img_d18_x11520_y99200.png,0.4743,255.08,181.52,264.08,187.82
ch2_ohr_ncp_20251227T1027178560_d_img_d18_x11520_y99200.png,0.4682,183.19,284.91,192.94,293.15
ch2_ohr_ncp_20251227T1027178560_d_img_d18_x11520_y99200.png,0.4626,458.44,100.58,468.55,108.12
ch2_ohr_ncp_20251227T1027178560_d_img_d18_x11520_y99200.png,0.4251,246.1,48.39,253.52,54.91
ch2_ohr_ncp_20251227T1027178560_d_img_d18_x11520_y99200.png,0.4181,448.64,311.63,456.05,316.43
ch2_ohr_ncp_20251227T1027178560_d_img_d18_x11520_y99200.png,0.4,272.09,371.01,278.24,375.65
ch2_ohr_ncp_20251227T1027178560_d_img_d18_x11520_y99200.png,0.398,360.77,338.07,365.66,342.05
ch2_ohr_ncp_20251227T1027178560_d_img_d18_x11520_y99200.png,0.3735,342.47,283.22,348.01,287.12
ch2_ohr_ncp_20251227T1027178560_d_img_d18_x11520_y99200.png,0.3684,142.39,356.0,148.23,362.25
ch2_ohr_ncp_20251227T1027178560_d_img_d18_x11520_y99200.png,0.3619,446.73,239.21,453.84,245.82
ch2_ohr_ncp_20251227T1027178560_d_img_d18_x11520_y99200.png,0.3376,100.01,582.88,106.68,587.4
ch2_ohr_ncp_20251227T1027178560_d_img_d18_x11520_y99200.png,0.327,440.44,540.97,446.94,548.0
ch2_ohr_ncp_20251227T1027178560_d_img_d18_x11520_y99200.png,0.3239,19.51,504.36,25.94,510.2
ch2_ohr_ncp_20251227T1027178560_d_img_d18_x11520_y99200.png,0.3155,362.09,283.17,383.82,293.64
ch2_ohr_ncp_20251227T1027178560_d_img_d18_x11520_y99200.png,0.3073,162.17,555.83,167.42,560.79
ch2_ohr_ncp_20251227T1027178560_d_img_d18_x11520_y99200.png,0.2937,76.0,251.69,82.2,256.63
ch2_ohr_ncp_20251227T1027178560_d_img_d18_x11520_y99200.png,0.2927,229.79,211.68,236.02,216.05
ch2_ohr_ncp_20251227T1027178560_d_img_d18_x11520_y99200.png,0.2856,395.0,579.97,400.47,585.63
ch2_ohr_ncp_20251227T1027178560_d_img_d18_x11520_y99200.png,0.2536,248.46,171.92,255.06,177.52
ch2_ohr_ncp_20251227T1027178560_d_img_d18_x11520_y99200.png,0.2456,432.84,111.57,453.61,127.39
ch2_ohr_ncp_20251227T1027178560_d_img_d18_x11520_y99200.png,0.2418,354.89,523.81,360.53,528.04
ch2_ohr_ncp_20251227T1027178560_d_img_d18_x11520_y99200.png,0.2404,462.94,475.97,469.88,482.32
ch2_ohr_ncp_20251227T1027178560_d_img_d18_x11520_y99200.png,0.2381,20.01,504.42,28.0,509.94
ch2_ohr_ncp_20251227T1027178560_d_img_d18_x11520_y99200.png,0.2362,453.94,396.0,460.1,401.98
ch2_ohr_ncp_20251227T1027178560_d_img_d18_x11520_y99200.png,0.2189,249.71,141.79,258.82,149.08
ch2_ohr_ncp_20251227T1027178560_d_img_d18_x11520_y99200.png,0.2046,241.92,544.67,248.63,550.19
ch2_ohr_ncp_20251227T1027178560_d_img_d18_x11520_y99200.png,0.2035,342.35,379.99,348.5,385.59
ch2_ohr_ncp_20251227T1027178560_d_img_d18_x11520_y99840.png,0.5864,25.76,550.91,33.23,558.19
ch2_ohr_ncp_20251227T1027178560_d_img_d18_x11520_y99840.png,0.4984,266.47,356.93,277.42,367.03
ch2_ohr_ncp_20251227T1027178560_d_img_d18_x11520_y99840.png,0.4827,250.03,623.45,260.1,632.44
ch2_ohr_ncp_20251227T1027178560_d_img_d18_x11520_y99840.png,0.4821,93.0,314.66,100.7,321.43
ch2_ohr_ncp_20251227T1027178560_d_img_d18_x11520_y99840.png,0.4679,32.55,305.89,37.02,310.44
ch2_ohr_ncp_20251227T1027178560_d_img_d18_x11520_y99840.png,0.4135,320.63,287.36,326.93,292.38
ch2_ohr_ncp_20251227T1027178560_d_img_d18_x11520_y99840.png,0.3423,88.3,97.54,93.14,101.62
ch2_ohr_ncp_20251227T1027178560_d_img_d18_x11520_y99840.png,0.3055,89.71,99.94,108.62,112.39
ch2_ohr_ncp_20251227T1027178560_d_img_d18_x11520_y99840.png,0.2828,344.03,83.64,350.67,88.96
ch2_ohr_ncp_20251227T1027178560_d_img_d18_x11520_y99840.png,0.2511,23.93,159.28,30.7,164.94
ch2_ohr_ncp_20251227T1027178560_d_img_d18_x11520_y99840.png,0.2105,65.09,627.75,74.7,635.99
ch2_ohr_ncp_20251227T1027178560_d_img_d18_x11520_y99840.png,0.2072,217.01,511.29,222.05,516.13
