tile,conf,x1,y1,x2,y2
ch2_ohr_ncp_20211228T2209123959_d_img_d18_x00000_y26240.png,0.3935,0.0,87.53,70.12,141.5
ch2_ohr_ncp_20211228T2209123959_d_img_d18_x00000_y26240.png,0.371,346.97,52.86,361.89,67.28
ch2_ohr_ncp_20211228T2209123959_d_img_d18_x00000_y26240.png,0.2959,446.87,177.63,454.22,183.52
ch2_ohr_ncp_20211228T2209123959_d_img_d18_x00000_y26240.png,0.2845,206.1,472.17,214.73,479.0
ch2_ohr_ncp_20211228T2209123959_d_img_d18_x00000_y26240.png,0.2574,197.72,394.33,207.17,402.29
ch2_ohr_ncp_20211228T2209123959_d_img_d18_x00000_y26240.png,0.2408,426.82,51.89,437.3,60.22
ch2_ohr_ncp_20211228T2209123959_d_img_d18_x00000_y26240.png,0.2104,112.48,190.89,119.49,197.18
ch2_ohr_ncp_20211228T2209123959_d_img_d18_x00000_y26240.png,0.2029,360.6,201.47,429.54,257.82
ch2_ohr_ncp_20211228T2209123959_d_img_d18_x00000_y26880.png,0.2668,322.3,0.0,393.23,52.42
ch2_ohr_ncp_20211228T2209123959_d_img_d18_x00000_y28800.png,0.2138,611.44,91.22,619.79,98.71
ch2_ohr_ncp_20211228T2209123959_d_img_d18_x00000_y34560.png,0.2446,193.64,12.73,201.91,19.74
ch2_ohr_ncp_20211228T2209123959_d_img_d18_x00000_y35200.png,0.2017,99.57,563.55,227.16,640.0
ch2_ohr_ncp_20211228T2209123959_d_img_d18_x00000_y38400.png,0.211,195.7,0.0,271.83,55.32
ch2_ohr_ncp_20211228T2209123959_d_img_d18_x00000_y40320.png,0.2353,481.02,64.73,552.66,124.15
ch2_ohr_ncp_20211228T2209123959_d_img_d18_x00000_y40960.png,0.4391,480.52,15.97,495.9,28.03
ch2_ohr_ncp_20211228T2209123959_d_img_d18_x00000_y40960.png,0.4268,607.15,255.73,617.68,264.04
ch2_ohr_ncp_20211228T2209123959_d_img_d18_x00000_y40960.png,0.4256,481.78,191.76,491.54,200.23
ch2_ohr_ncp_20211228T2209123959_d_img_d18_x00000_y40960.png,0.4066,432.1,139.28,440.32,147.68
ch2_ohr_ncp_20211228T2209123959_d_img_d18_x00000_y40960.png,0.3751,190.95,8.01,199.08,15.2
ch2_ohr_ncp_20211228T2209123959_d_img_d18_x00000_y40960.png,0.3641,610.86,218.11,619.15,225.7
ch2_ohr_ncp_20211228T2209123959_d_img_d18_x00000_y40960.png,0.3613,618.78,353.13,625.95,359.53
ch2_ohr_ncp_20211228T2209123959_d_img_d18_x00000_y40960.png,0.3154,479.53,482.07,489.94,491.03
ch2_ohr_ncp_20211228T2209123959_d_img_d18_x00000_y40960.png,0.3005,134.35,267.03,145.86,276.17
ch2_ohr_ncp_20211228T2209123959_d_img_d18_x00000_y40960.png,0.2988,169.59,44.15,178.33,51.89
ch2_ohr_ncp_20211228T2209123959_d_img_d18_x00000_y40960.png,0.2963,385.26,129.39,391.79,135.83
ch2_ohr_ncp_20211228T2209123959_d_img_d18_x00000_y40960.png,0.2836,78.4,10.46,88.9,18.86
ch2_ohr_ncp_20211228T2209123959_d_img_d18_x00000_y40960.png,0.283,149.83,32.59,156.9,39.19
ch2_ohr_ncp_20211228T2209123959_d_img_d18_x00000_y40960.png,0.2823,0.82,155.02,11.0,163.88
ch2_ohr_ncp_20211228T2209123959_d_img_d18_x00000_y40960.png,0.2732,30.9,15.22,42.23,26.32
ch2_ohr_ncp_20211228T2209123959_d_img_d18_x00000_y40960.png,0.2475,611.35,375.07,621.67,383.75
ch2_ohr_ncp_20211228T2209123959_d_img_d18_x00000_y40960.png,0.2465,465.26,3.66,473.19,10.7
ch2_ohr_ncp_20211228T2209123959_d_img_d18_x00000_y40960.png,0.2428,472.81,154.23,484.1,164.87
ch2_ohr_ncp_20211228T2209123959_d_img_d18_x00000_y40960.png,0.2412,190.1,7.55,197.78,14.4
ch2_ohr_ncp_20211228T2209123959_d_img_d18_x00000_y40960.png,0.2344,616.77,400.69,628.85,411.28
ch2_ohr_ncp_20211228T2209123959_d_img_d18_x00000_y40960.png,0.2239,332.93,12.53,354.48,29.7
ch2_ohr_ncp_20211228T2209123959_d_img_d18_x00000_y40960.png,0.2189,70.88,20.6,82.71,36.95
ch2_ohr_ncp_20211228T2209123959_d_img_d18_x00000_y40960.png,0.2176,17.73,312.63,64.83,356.25
ch2_ohr_ncp_20211228T2209123959_d_img_d18_x00000_y40960.png,0.2174,628.31,323.62,636.35,330.13
ch2_ohr_ncp_20211228T2209123959_d_img_d18_x00000_y40960.png,0.2097,357.87,0.0,369.94,7.34
ch2_ohr_ncp_20211228T2209123959_d_img_d18_x00000_y40960.png,0.2014,406.61,490.31,416.07,499.3
ch2_ohr_ncp_20211228T2209123959_d_img_d18_x00000_y67840.png,0.266,454.16,453.78,480.86,478.29
ch2_ohr_ncp_20211228T2209123959_d_img_d18_x00000_y67840.png,0.2387,627.35,18.65,639.76,33.83
ch2_ohr_ncp_20211228T2209123959_d_img_d18_x00000_y67840.png,0.2089,620.06,0.0,635.85,11.11
ch2_ohr_ncp_20211228T2209123959_d_img_d18_x00000_y68480.png,0.2979,484.01,0.42,502.17,14.6
ch2_ohr_ncp_20211228T2209123959_d_img_d18_x00000_y68480.png,0.2383,309.87,0.0,368.87,25.24
ch2_ohr_ncp_20211228T2209123959_d_img_d18_x00000_y69120.png,0.2163,264.83,331.97,357.42,418.0
ch2_ohr_ncp_20211228T2209123959_d_img_d18_x00000_y71040.png,0.2195,0.11,12.8,10.47,24.31
ch2_ohr_ncp_20211228T2209123959_d_img_d18_x00000_y72960.png,0.2684,583.16,34.47,593.01,43.51
ch2_ohr_ncp_20211228T2209123959_d_img_d18_x00000_y72960.png,0.2608,236.52,632.02,252.2,639.91
ch2_ohr_ncp_20211228T2209123959_d_img_d18_x00000_y72960.png,0.25,244.61,68.27,250.95,73.97
ch2_ohr_ncp_20211228T2209123959_d_img_d18_x00000_y72960.png,0.2492,0.0,13.95,77.16,73.8
ch2_ohr_ncp_20211228T2209123959_d_img_d18_x00000_y72960.png,0.2032,49.38,120.6,58.07,127.82
ch2_ohr_ncp_20211228T2209123959_d_img_d18_x00000_y74880.png,0.3226,575.42,436.58,582.6,443.79
ch2_ohr_ncp_20211228T2209123959_d_img_d18_x00000_y74880.png,0.2876,292.01,311.98,303.86,322.37
ch2_ohr_ncp_20211228T2209123959_d_img_d18_x00000_y74880.png,0.2706,440.32,311.43,447.92,318.35
ch2_ohr_ncp_20211228T2209123959_d_img_d18_x00000_y74880.png,0.2589,527.67,398.42,534.47,404.29
ch2_ohr_ncp_20211228T2209123959_d_img_d18_x00000_y74880.png,0.2586,451.39,328.44,461.91,339.11
ch2_ohr_ncp_20211228T2209123959_d_img_d18_x00000_y74880.png,0.2408,548.76,311.7,556.87,317.94
ch2_ohr_ncp_20211228T2209123959_d_img_d18_x00000_y74880.png,0.2211,351.31,268.37,358.02,273.75
ch2_ohr_ncp_20211228T2209123959_d_img_d18_x00640_y27520.png,0.3218,330.87,0.0,374.21,26.83
ch2_ohr_ncp_20211228T2209123959_d_img_d18_x00640_y27520.png,0.2885,224.28,287.82,311.79,364.76
ch2_ohr_ncp_20211228T2209123959_d_img_d18_x00640_y27520.png,0.2743,626.94,546.43,633.94,552.5
ch2_ohr_ncp_20211228T2209123959_d_img_d18_x00640_y27520.png,0.264,553.63,0.0,634.79,73.14
ch2_ohr_ncp_20211228T2209123959_d_img_d18_x00640_y27520.png,0.2391,443.4,0.0,534.36,59.32
ch2_ohr_ncp_20211228T2209123959_d_img_d18_x00640_y27520.png,0.2328,572.6,611.03,581.96,620.04
ch2_ohr_ncp_20211228T2209123959_d_img_d18_x00640_y27520.png,0.2282,567.12,559.19,574.68,565.81
ch2_ohr_ncp_20211228T2209123959_d_img_d18_x00640_y27520.png,0.2209,505.35,0.0,634.89,77.18
ch2_ohr_ncp_20211228T2209123959_d_img_d18_x00640_y27520.png,0.2011,630.41,608.47,638.01,615.65
ch2_ohr_ncp_20211228T2209123959_d_img_d18_x00640_y28160.png,0.3165,24.48,111.97,100.51,181.97
ch2_ohr_ncp_20211228T2209123959_d_img_d18_x00640_y28160.png,0.2662,210.27,7.47,218.01,16.17
ch2_ohr_ncp_20211228T2209123959_d_img_d18_x00640_y28800.png,0.2113,284.74,270.59,294.5,279.62
ch2_ohr_ncp_20211228T2209123959_d_img_d18_x00640_y29440.png,0.2165,517.17,4.58,619.72,85.64
ch2_ohr_ncp_20211228T2209123959_d_img_d18_x00640_y35840.png,0.2131,236.13,632.17,246.89,638.73
ch2_ohr_ncp_20211228T2209123959_d_img_d18_x00640_y67200.png,0.3278,239.48,473.98,248.8,482.73
ch2_ohr_ncp_20211228T2209123959_d_img_d18_x00640_y67200.png,0.3253,224.82,453.45,241.23,467.03
ch2_ohr_ncp_20211228T2209123959_d_img_d18_x00640_y67200.png,0.3189,603.58,147.41,614.44,161.75
ch2_ohr_ncp_20211228T2209123959_d_img_d18_x00640_y67200.png,0.3084,127.7,117.96,158.18,137.36
ch2_ohr_ncp_20211228T2209123959_d_img_d18_x00640_y67200.png,0.2702,1.02,95.67,66.32,167.18
ch2_ohr_ncp_20211228T2209123959_d_img_d18_x00640_y67200.png,0.259,570.74,485.34,596.89,504.93
ch2_ohr_ncp_20211228T2209123959_d_img_d18_x00640_y67200.png,0.2506,255.99,448.64,285.1,472.52
ch2_ohr_ncp_20211228T2209123959_d_img_d18_x00640_y67200.png,0.2485,451.95,448.57,535.05,503.1
ch2_ohr_ncp_20211228T2209123959_d_img_d18_x00640_y67200.png,0.2399,223.93,505.88,229.63,511.39
ch2_ohr_ncp_20211228T2209123959_d_img_d18_x00640_y67200.png,0.2319,132.11,521.34,138.85,527.41
ch2_ohr_ncp_20211228T2209123959_d_img_d18_x00640_y67200.png,0.2278,27.94,88.58,37.77,98.09
ch2_ohr_ncp_20211228T2209123959_d_img_d18_x00640_y67200.png,0.2255,376.06,402.3,431.87,440.49
ch2_ohr_ncp_20211228T2209123959_d_img_d18_x00640_y67200.png,0.2225,3.03,108.91,73.49,171.23
ch2_ohr_ncp_20211228T2209123959_d_img_d18_x00640_y67200.png,0.2224,335.03,34.06,350.22,49.39
ch2_ohr_ncp_20211228T2209123959_d_img_d18_x00640_y67200.png,0.219,314.33,51.88,337.99,73.43
ch2_ohr_ncp_20211228T2209123959_d_img_d18_x00640_y67200.png,0.2172,219.09,70.91,242.86,89.2
ch2_ohr_ncp_20211228T2209123959_d_img_d18_x00640_y67200.png,0.2154,105.46,130.13,123.67,141.18
ch2_ohr_ncp_20211228T2209123959_d_img_d18_x00640_y67200.png,0.2058,422.79,477.91,436.13,490.35
ch2_ohr_ncp_20211228T2209123959_d_img_d18_x00640_y67200.png,0.2049,442.36,419.18,479.1,457.56
ch2_ohr_ncp_20211228T2209123959_d_img_d18_x00640_y67200.png,0.2047,0.43,215.21,18.44,233.45
ch2_ohr_ncp_20211228T2209123959_d_img_d18_x00640_y67200.png,0.2046,0.25,28.71,8.29,36.59
ch2_ohr_ncp_20211228T2209123959_d_img_d18_x00640_y67200.png,0.2031,515.09,429.39,540.32,449.7
ch2_ohr_ncp_20211228T2209123959_d_img_d18_x00640_y67200.png,0.2014,111.59,522.5,118.64,528.15
ch2_ohr_ncp_20211228T2209123959_d_img_d18_x00640_y67840.png,0.2156,334.45,370.34,426.91,415.0
ch2_ohr_ncp_20211228T2209123959_d_img_d18_x00640_y67840.png,0.2092,0.18,60.01,17.64,77.36
ch2_ohr_ncp_20211228T2209123959_d_img_d18_x00640_y67840.png,0.2068,220.3,0.0,312.4,50.6
ch2_ohr_ncp_20211228T2209123959_d_img_d18_x00640_y67840.png,0.2023,592.13,5.39,616.83,27.85
ch2_ohr_ncp_20211228T2209123959_d_img_d18_x00640_y68480.png,0.2994,540.13,0.0,640.0,45.19
ch2_ohr_ncp_20211228T2209123959_d_img_d18_x00640_y69120.png,0.2163,540.65,218.63,640.0,316.76
ch2_ohr_ncp_20211228T2209123959_d_img_d18_x00640_y69760.png,0.2044,122.4,548.91,151.93,562.69
ch2_ohr_ncp_20211228T2209123959_d_img_d18_x00640_y72320.png,0.3033,449.61,0.0,604.63,63.75
ch2_ohr_ncp_20211228T2209123959_d_img_d18_x01280_y30080.png,0.2136,545.82,39.26,640.0,106.03
ch2_ohr_ncp_20211228T2209123959_d_img_d18_x01280_y30720.png,0.3036,56.0,13.06,63.65,21.01
ch2_ohr_ncp_20211228T2209123959_d_img_d18_x01280_y30720.png,0.2818,526.92,174.29,536.71,182.37
ch2_ohr_ncp_20211228T2209123959_d_img_d18_x01280_y30720.png,0.2283,210.97,618.42,221.57,628.58
ch2_ohr_ncp_20211228T2209123959_d_img_d18_x01280_y30720.png,0.2226,65.62,26.57,76.18,37.66
ch2_ohr_ncp_20211228T2209123959_d_img_d18_x01280_y30720.png,0.2204,573.15,183.89,585.07,193.34
ch2_ohr_ncp_20211228T2209123959_d_img_d18_x01280_y31360.png,0.3276,190.81,33.91,196.96,40.08
ch2_ohr_ncp_20211228T2209123959_d_img_d18_x01280_y31360.png,0.2243,425.73,21.71,523.64,88.85
ch2_ohr_ncp_20211228T2209123959_d_img_d18_x01280_y31360.png,0.2117,429.46,11.75,534.17,83.1
ch2_ohr_ncp_20211228T2209123959_d_img_d18_x01280_y32640.png,0.2629,629.51,291.89,639.56,299.28
ch2_ohr_ncp_20211228T2209123959_d_img_d18_x01280_y38400.png,0.2058,0.0,507.64,31.29,555.35
ch2_ohr_ncp_20211228T2209123959_d_img_d18_x01280_y38400.png,0.2019,631.33,627.49,638.98,634.85
ch2_ohr_ncp_20211228T2209123959_d_img_d18_x01280_y39040.png,0.2171,0.0,0.0,87.48,43.21
ch2_ohr_ncp_20211228T2209123959_d_img_d18_x01280_y41600.png,0.3804,579.76,80.41,594.3,91.15
ch2_ohr_ncp_20211228T2209123959_d_img_d18_x01280_y41600.png,0.3209,49.6,64.03,57.14,71.58
ch2_ohr_ncp_20211228T2209123959_d_img_d18_x01280_y41600.png,0.2484,504.64,184.72,516.26,197.44
ch2_ohr_ncp_20211228T2209123959_d_img_d18_x01280_y41600.png,0.2295,537.91,76.74,552.73,91.69
ch2_ohr_ncp_20211228T2209123959_d_img_d18_x01280_y67840.png,0.3111,301.69,256.71,392.08,309.99
ch2_ohr_ncp_20211228T2209123959_d_img_d18_x01280_y67840.png,0.2723,160.42,599.63,171.3,609.35
ch2_ohr_ncp_20211228T2209123959_d_img_d18_x01280_y67840.png,0.2674,224.73,149.39,243.4,171.27
ch2_ohr_ncp_20211228T2209123959_d_img_d18_x01280_y67840.png,0.2542,260.51,477.57,371.18,518.11
ch2_ohr_ncp_20211228T2209123959_d_img_d18_x01280_y67840.png,0.2514,52.83,0.18,148.3,62.67
ch2_ohr_ncp_20211228T2209123959_d_img_d18_x01280_y67840.png,0.2227,235.22,0.02,250.18,5.42
ch2_ohr_ncp_20211228T2209123959_d_img_d18_x01280_y67840.png,0.2108,304.3,476.91,367.55,510.43
ch2_ohr_ncp_20211228T2209123959_d_img_d18_x01280_y67840.png,0.2081,358.2,453.92,370.89,466.5
ch2_ohr_ncp_20211228T2209123959_d_img_d18_x01280_y71680.png,0.2399,249.69,70.96,256.32,76.41
ch2_ohr_ncp_20211228T2209123959_d_img_d18_x01280_y71680.png,0.2387,115.74,32.54,124.67,39.61
ch2_ohr_ncp_20211228T2209123959_d_img_d18_x01280_y71680.png,0.237,0.09,44.4,19.56,62.55
ch2_ohr_ncp_20211228T2209123959_d_img_d18_x01280_y71680.png,0.2303,103.49,0.26,111.2,7.66
ch2_ohr_ncp_20211228T2209123959_d_img_d18_x01280_y71680.png,0.2218,0.02,274.44,8.91,287.46
ch2_ohr_ncp_20211228T2209123959_d_img_d18_x01280_y71680.png,0.2106,0.17,501.03,11.68,511.9
ch2_ohr_ncp_20211228T2209123959_d_img_d18_x01280_y71680.png,0.2006,518.63,514.36,597.35,584.71
ch2_ohr_ncp_20211228T2209123959_d_img_d18_x01280_y76160.png,0.2236,177.86,0.78,185.62,7.45
ch2_ohr_ncp_20211228T2209123959_d_img_d18_x01280_y76800.png,0.3691,358.09,136.69,366.37,143.87
ch2_ohr_ncp_20211228T2209123959_d_img_d18_x01280_y76800.png,0.3032,591.58,322.24,597.53,327.8
ch2_ohr_ncp_20211228T2209123959_d_img_d18_x01280_y76800.png,0.2779,520.54,567.13,631.18,599.95
ch2_ohr_ncp_20211228T2209123959_d_img_d18_x01280_y76800.png,0.2756,593.8,310.16,599.92,315.65
ch2_ohr_ncp_20211228T2209123959_d_img_d18_x01280_y76800.png,0.2692,633.74,626.18,640.0,634.39
ch2_ohr_ncp_20211228T2209123959_d_img_d18_x01280_y76800.png,0.2652,378.3,318.7,386.44,325.53
ch2_ohr_ncp_20211228T2209123959_d_img_d18_x01280_y76800.png,0.2401,373.28,610.46,417.59,634.0
ch2_ohr_ncp_20211228T2209123959_d_img_d18_x01280_y76800.png,0.233,388.12,244.03,401.04,255.54
ch2_ohr_ncp_20211228T2209123959_d_img_d18_x01280_y76800.png,0.2039,355.75,15.32,365.24,22.46
ch2_ohr_ncp_20211228T2209123959_d_img_d18_x01920_y29440.png,0.2237,311.86,571.53,413.09,640.0
ch2_ohr_ncp_20211228T2209123959_d_img_d18_x01920_y30080.png,0.4571,464.15,445.3,514.8,496.16
ch2_ohr_ncp_20211228T2209123959_d_img_d18_x01920_y30080.png,0.3721,430.2,0.0,517.65,33.3
ch2_ohr_ncp_20211228T2209123959_d_img_d18_x01920_y30080.png,0.3438,0.0,362.95,25.21,395.89
ch2_ohr_ncp_20211228T2209123959_d_img_d18_x01920_y30080.png,0.3433,402.85,0.0,520.22,65.69
ch2_ohr_ncp_20211228T2209123959_d_img_d18_x01920_y30080.png,0.309,0.0,475.88,94.79,537.66
ch2_ohr_ncp_20211228T2209123959_d_img_d18_x01920_y30080.png,0.3089,411.76,0.0,517.36,44.96
ch2_ohr_ncp_20211228T2209123959_d_img_d18_x01920_y30080.png,0.2804,305.21,40.08,314.33,47.56
ch2_ohr_ncp_20211228T2209123959_d_img_d18_x01920_y30080.png,0.2477,456.21,421.29,557.64,499.79
ch2_ohr_ncp_20211228T2209123959_d_img_d18_x01920_y30080.png,0.2146,9.2,483.54,95.95,549.62
ch2_ohr_ncp_20211228T2209123959_d_img_d18_x01920_y33920.png,0.5027,539.05,316.74,639.94,372.14
ch2_ohr_ncp_20211228T2209123959_d_img_d18_x01920_y33920.png,0.2715,532.0,320.77,640.0,425.41
ch2_ohr_ncp_20211228T2209123959_d_img_d18_x01920_y38400.png,0.2829,618.07,10.94,626.37,18.18
ch2_ohr_ncp_20211228T2209123959_d_img_d18_x01920_y41600.png,0.5937,166.16,53.82,178.71,63.35
ch2_ohr_ncp_20211228T2209123959_d_img_d18_x01920_y41600.png,0.5676,54.43,105.85,65.72,116.7
ch2_ohr_ncp_20211228T2209123959_d_img_d18_x01920_y41600.png,0.5527,31.14,80.7,39.52,87.58
ch2_ohr_ncp_20211228T2209123959_d_img_d18_x01920_y41600.png,0.5317,178.62,70.38,190.35,79.72
ch2_ohr_ncp_20211228T2209123959_d_img_d18_x01920_y41600.png,0.4773,111.34,28.31,121.11,36.17
ch2_ohr_ncp_20211228T2209123959_d_img_d18_x01920_y41600.png,0.3276,534.04,68.57,546.14,79.04
ch2_ohr_ncp_20211228T2209123959_d_img_d18_x01920_y41600.png,0.2919,567.4,79.15,590.02,96.48
ch2_ohr_ncp_20211228T2209123959_d_img_d18_x01920_y41600.png,0.2636,127.26,50.31,139.12,60.89
ch2_ohr_ncp_20211228T2209123959_d_img_d18_x01920_y41600.png,0.2615,524.39,23.76,537.1,35.38
ch2_ohr_ncp_20211228T2209123959_d_img_d18_x01920_y41600.png,0.2436,143.28,63.85,152.12,71.49
ch2_ohr_ncp_20211228T2209123959_d_img_d18_x01920_y41600.png,0.2224,31.52,12.39,44.75,23.65
ch2_ohr_ncp_20211228T2209123959_d_img_d18_x01920_y41600.png,0.2154,117.53,118.78,125.34,125.46
ch2_ohr_ncp_20211228T2209123959_d_img_d18_x01920_y41600.png,0.2053,369.18,110.94,382.16,121.81
ch2_ohr_ncp_20211228T2209123959_d_img_d18_x01920_y67840.png,0.2867,363.32,253.53,409.53,304.08
ch2_ohr_ncp_20211228T2209123959_d_img_d18_x01920_y67840.png,0.2763,225.97,333.39,233.45,340.32
ch2_ohr_ncp_20211228T2209123959_d_img_d18_x01920_y67840.png,0.2709,26.0,106.09,110.81,149.06
ch2_ohr_ncp_20211228T2209123959_d_img_d18_x01920_y67840.png,0.2626,318.41,246.09,360.39,283.1
ch2_ohr_ncp_20211228T2209123959_d_img_d18_x01920_y67840.png,0.2509,308.58,269.22,319.39,280.87
ch2_ohr_ncp_20211228T2209123959_d_img_d18_x01920_y67840.png,0.2264,251.68,346.95,260.11,354.12
ch2_ohr_ncp_20211228T2209123959_d_img_d18_x01920_y67840.png,0.2203,243.14,376.04,250.73,383.26
ch2_ohr_ncp_20211228T2209123959_d_img_d18_x01920_y67840.png,0.2121,439.25,514.15,496.14,564.25
ch2_ohr_ncp_20211228T2209123959_d_img_d18_x01920_y67840.png,0.2118,441.29,493.58,450.62,504.8
ch2_ohr_ncp_20211228T2209123959_d_img_d18_x01920_y67840.png,0.2073,326.48,625.21,353.08,639.97
ch2_ohr_ncp_20211228T2209123959_d_img_d18_x01920_y67840.png,0.2018,406.35,585.86,415.19,593.4
ch2_ohr_ncp_20211228T2209123959_d_img_d18_x01920_y68480.png,0.2761,517.07,0.0,536.81,9.45
ch2_ohr_ncp_20211228T2209123959_d_img_d18_x01920_y71680.png,0.2632,348.8,75.92,438.03,148.03
ch2_ohr_ncp_20211228T2209123959_d_img_d18_x01920_y71680.png,0.226,205.49,630.25,217.28,639.2
ch2_ohr_ncp_20211228T2209123959_d_img_d18_x01920_y71680.png,0.2149,623.64,160.98,632.5,168.58
ch2_ohr_ncp_20211228T2209123959_d_img_d18_x01920_y71680.png,0.2102,479.71,27.79,489.14,34.89
ch2_ohr_ncp_20211228T2209123959_d_img_d18_x01920_y72960.png,0.2598,582.08,0.0,640.0,34.25
ch2_ohr_ncp_20211228T2209123959_d_img_d18_x01920_y74240.png,0.2308,112.83,321.8,159.83,364.11
ch2_ohr_ncp_20211228T2209123959_d_img_d18_x01920_y74240.png,0.22,217.76,305.54,283.62,349.01
ch2_ohr_ncp_20211228T2209123959_d_img_d18_x01920_y74240.png,0.2141,92.66,603.81,101.58,612.17
ch2_ohr_ncp_20211228T2209123959_d_img_d18_x01920_y76800.png,0.3585,615.67,405.5,638.83,430.51
ch2_ohr_ncp_20211228T2209123959_d_img_d18_x01920_y76800.png,0.2013,0.06,626.59,6.92,634.76
ch2_ohr_ncp_20211228T2209123959_d_img_d18_x01920_y77440.png,0.2219,356.19,0.0,421.78,30.1
ch2_ohr_ncp_20211228T2209123959_d_img_d18_x02560_y30080.png,0.3251,415.67,629.76,430.3,639.73
ch2_ohr_ncp_20211228T2209123959_d_img_d18_x02560_y30080.png,0.3181,62.04,180.52,167.01,247.38
ch2_ohr_ncp_20211228T2209123959_d_img_d18_x02560_y30080.png,0.3062,210.73,70.86,306.71,150.33
ch2_ohr_ncp_20211228T2209123959_d_img_d18_x02560_y30080.png,0.2915,90.27,0.0,192.07,33.56
ch2_ohr_ncp_20211228T2209123959_d_img_d18_x02560_y30080.png,0.2285,4.79,0.0,41.68,8.21
ch2_ohr_ncp_20211228T2209123959_d_img_d18_x02560_y30080.png,0.2176,180.34,134.13,275.34,197.92
ch2_ohr_ncp_20211228T2209123959_d_img_d18_x02560_y30720.png,0.4715,102.1,0.0,197.24,62.7
ch2_ohr_ncp_20211228T2209123959_d_img_d18_x02560_y30720.png,0.4656,0.0,0.0,85.92,37.78
ch2_ohr_ncp_20211228T2209123959_d_img_d18_x02560_y30720.png,0.3222,0.0,0.0,100.86,47.22
ch2_ohr_ncp_20211228T2209123959_d_img_d18_x02560_y30720.png,0.298,0.0,0.0,104.22,75.26
ch2_ohr_ncp_20211228T2209123959_d_img_d18_x02560_y30720.png,0.2088,510.27,628.85,521.15,637.4
ch2_ohr_ncp_20211228T2209123959_d_img_d18_x02560_y33920.png,0.2155,392.11,238.81,525.22,330.38
ch2_ohr_ncp_20211228T2209123959_d_img_d18_x02560_y35200.png,0.2375,460.86,409.56,587.08,471.58
ch2_ohr_ncp_20211228T2209123959_d_img_d18_x02560_y35840.png,0.2247,253.73,353.66,385.66,447.06
ch2_ohr_ncp_20211228T2209123959_d_img_d18_x02560_y40960.png,0.2324,625.3,175.05,634.62,182.9
ch2_ohr_ncp_20211228T2209123959_d_img_d18_x02560_y67840.png,0.3681,2.77,0.48,28.93,17.94
ch2_ohr_ncp_20211228T2209123959_d_img_d18_x02560_y67840.png,0.2679,284.2,442.06,297.87,457.7
ch2_ohr_ncp_20211228T2209123959_d_img_d18_x02560_y67840.png,0.2472,0.0,497.56,56.84,553.92
ch2_ohr_ncp_20211228T2209123959_d_img_d18_x02560_y67840.png,0.2388,0.32,588.28,20.36,611.85
ch2_ohr_ncp_20211228T2209123959_d_img_d18_x02560_y67840.png,0.217,291.53,563.95,309.69,581.64
ch2_ohr_ncp_20211228T2209123959_d_img_d18_x02560_y67840.png,0.2086,254.1,340.96,265.38,350.01
ch2_ohr_ncp_20211228T2209123959_d_img_d18_x02560_y67840.png,0.2014,0.0,564.42,7.38,578.67
ch2_ohr_ncp_20211228T2209123959_d_img_d18_x02560_y68480.png,0.2691,516.15,518.36,603.01,571.8
ch2_ohr_ncp_20211228T2209123959_d_img_d18_x02560_y68480.png,0.2288,82.3,250.28,159.88,304.75
ch2_ohr_ncp_20211228T2209123959_d_img_d18_x02560_y69120.png,0.2094,413.58,464.19,533.88,545.19
ch2_ohr_ncp_20211228T2209123959_d_img_d18_x02560_y74880.png,0.2125,628.22,364.55,638.61,371.88
ch2_ohr_ncp_20211228T2209123959_d_img_d18_x02560_y76800.png,0.3134,144.31,27.03,235.4,85.31
ch2_ohr_ncp_20211228T2209123959_d_img_d18_x02560_y77440.png,0.4476,194.56,190.59,216.75,210.6
ch2_ohr_ncp_20211228T2209123959_d_img_d18_x02560_y77440.png,0.3037,263.61,371.19,344.27,427.54
ch2_ohr_ncp_20211228T2209123959_d_img_d18_x02560_y77440.png,0.2375,635.02,364.58,639.97,370.73
ch2_ohr_ncp_20211228T2209123959_d_img_d18_x02560_y77440.png,0.2234,281.86,557.8,289.7,565.6
ch2_ohr_ncp_20211228T2209123959_d_img_d18_x02560_y77440.png,0.2042,99.86,580.52,106.79,585.93
ch2_ohr_ncp_20211228T2209123959_d_img_d18_x02560_y78080.png,0.3752,330.82,237.18,456.22,293.15
ch2_ohr_ncp_20211228T2209123959_d_img_d18_x02560_y78080.png,0.2822,385.68,241.38,455.43,286.66
ch2_ohr_ncp_20211228T2209123959_d_img_d18_x03200_y30720.png,0.2997,307.25,404.55,426.68,460.15
ch2_ohr_ncp_20211228T2209123959_d_img_d18_x03200_y30720.png,0.2664,35.16,434.42,124.93,491.67
ch2_ohr_ncp_20211228T2209123959_d_img_d18_x03200_y30720.png,0.2279,111.44,240.57,191.33,293.62
ch2_ohr_ncp_20211228T2209123959_d_img_d18_x03200_y30720.png,0.2001,48.94,430.88,124.3,484.6
ch2_ohr_ncp_20211228T2209123959_d_img_d18_x03200_y31360.png,0.4831,629.45,193.18,640.0,211.35
ch2_ohr_ncp_20211228T2209123959_d_img_d18_x03200_y31360.png,0.3438,0.0,0.65,77.63,49.56
ch2_ohr_ncp_20211228T2209123959_d_img_d18_x03200_y31360.png,0.299,159.67,0.0,270.51,38.74
ch2_ohr_ncp_20211228T2209123959_d_img_d18_x03200_y31360.png,0.2224,622.41,513.11,638.64,537.37
ch2_ohr_ncp_20211228T2209123959_d_img_d18_x03200_y31360.png,0.2215,475.71,175.74,547.26,236.87
ch2_ohr_ncp_20211228T2209123959_d_img_d18_x03200_y31360.png,0.2129,325.11,196.97,339.45,206.41
ch2_ohr_ncp_20211228T2209123959_d_img_d18_x03200_y31360.png,0.2078,616.8,460.07,635.46,481.47
ch2_ohr_ncp_20211228T2209123959_d_img_d18_x03200_y31360.png,0.2068,221.3,22.28,308.97,101.57
ch2_ohr_ncp_20211228T2209123959_d_img_d18_x03200_y32000.png,0.5226,0.0,0.0,108.26,55.12
ch2_ohr_ncp_20211228T2209123959_d_img_d18_x03200_y39040.png,0.2386,292.19,0.0,402.51,46.88
ch2_ohr_ncp_20211228T2209123959_d_img_d18_x03200_y40960.png,0.4757,306.64,15.61,317.16,23.79
ch2_ohr_ncp_20211228T2209123959_d_img_d18_x03200_y40960.png,0.3916,10.85,378.56,21.55,388.33
ch2_ohr_ncp_20211228T2209123959_d_img_d18_x03200_y40960.png,0.35,201.73,141.81,213.84,152.05
ch2_ohr_ncp_20211228T2209123959_d_img_d18_x03200_y40960.png,0.3373,270.71,31.84,279.45,38.76
ch2_ohr_ncp_20211228T2209123959_d_img_d18_x03200_y40960.png,0.3216,438.84,0.24,450.0,7.96
ch2_ohr_ncp_20211228T2209123959_d_img_d18_x03200_y40960.png,0.3206,440.09,47.61,447.41,55.55
ch2_ohr_ncp_20211228T2209123959_d_img_d18_x03200_y40960.png,0.2686,129.2,58.26,138.85,65.76
ch2_ohr_ncp_20211228T2209123959_d_img_d18_x03200_y40960.png,0.2465,427.51,140.92,433.99,147.76
ch2_ohr_ncp_20211228T2209123959_d_img_d18_x03200_y40960.png,0.2159,0.0,98.53,4.95,112.8
ch2_ohr_ncp_20211228T2209123959_d_img_d18_x03200_y68480.png,0.5141,536.09,2.13,561.11,23.57
ch2_ohr_ncp_20211228T2209123959_d_img_d18_x03200_y68480.png,0.3758,0.0,484.08,73.32,564.21
ch2_ohr_ncp_20211228T2209123959_d_img_d18_x03200_y68480.png,0.3737,507.21,4.03,516.44,16.88
ch2_ohr_ncp_20211228T2209123959_d_img_d18_x03200_y68480.png,0.2188,21.77,0.0,83.88,40.57
ch2_ohr_ncp_20211228T2209123959_d_img_d18_x03200_y68480.png,0.2052,22.63,0.28,79.26,31.88
ch2_ohr_ncp_20211228T2209123959_d_img_d18_x03200_y69120.png,0.2072,46.49,6.24,129.32,63.7
ch2_ohr_ncp_20211228T2209123959_d_img_d18_x03200_y69120.png,0.2052,504.92,33.69,607.08,88.63
ch2_ohr_ncp_20211228T2209123959_d_img_d18_x03200_y71040.png,0.2212,176.61,456.74,272.55,528.31
ch2_ohr_ncp_20211228T2209123959_d_img_d18_x03200_y74880.png,0.3803,467.16,57.8,472.88,63.68
ch2_ohr_ncp_20211228T2209123959_d_img_d18_x03200_y74880.png,0.3701,571.5,10.61,580.11,18.12
ch2_ohr_ncp_20211228T2209123959_d_img_d18_x03200_y74880.png,0.3365,482.72,58.53,488.92,63.98
ch2_ohr_ncp_20211228T2209123959_d_img_d18_x03200_y74880.png,0.2842,386.08,57.05,392.2,63.48
ch2_ohr_ncp_20211228T2209123959_d_img_d18_x03200_y74880.png,0.2563,513.04,48.33,519.8,54.86
ch2_ohr_ncp_20211228T2209123959_d_img_d18_x03200_y74880.png,0.244,413.78,5.33,419.6,11.07
ch2_ohr_ncp_20211228T2209123959_d_img_d18_x03200_y74880.png,0.2284,495.3,100.05,503.58,108.23
ch2_ohr_ncp_20211228T2209123959_d_img_d18_x03200_y74880.png,0.2191,473.09,20.79,477.98,25.62
ch2_ohr_ncp_20211228T2209123959_d_img_d18_x03200_y74880.png,0.2014,512.14,48.09,518.51,54.08
ch2_ohr_ncp_20211228T2209123959_d_img_d18_x03200_y75520.png,0.2568,0.0,92.32,33.97,145.6
ch2_ohr_ncp_20211228T2209123959_d_img_d18_x03200_y77440.png,0.3237,14.97,296.41,121.29,357.66
ch2_ohr_ncp_20211228T2209123959_d_img_d18_x03200_y77440.png,0.2628,464.6,394.9,596.97,463.61
ch2_ohr_ncp_20211228T2209123959_d_img_d18_x03200_y77440.png,0.2493,627.05,53.58,639.65,65.89
ch2_ohr_ncp_20211228T2209123959_d_img_d18_x03200_y77440.png,0.2429,142.08,632.47,155.86,639.84
ch2_ohr_ncp_20211228T2209123959_d_img_d18_x03200_y78080.png,0.2543,591.03,630.22,599.71,639.48
ch2_ohr_ncp_20211228T2209123959_d_img_d18_x03200_y78080.png,0.2265,442.65,560.16,449.47,567.36
ch2_ohr_ncp_20211228T2209123959_d_img_d18_x03840_y32000.png,0.5936,274.0,151.49,385.72,216.01
ch2_ohr_ncp_20211228T2209123959_d_img_d18_x03840_y32000.png,0.4446,305.39,155.39,384.44,212.74
ch2_ohr_ncp_20211228T2209123959_d_img_d18_x03840_y32000.png,0.3627,9.13,0.0,127.28,38.22
ch2_ohr_ncp_20211228T2209123959_d_img_d18_x03840_y32000.png,0.2756,0.0,0.0,136.82,51.9
ch2_ohr_ncp_20211228T2209123959_d_img_d18_x03840_y32640.png,0.3951,434.19,253.72,511.84,299.86
ch2_ohr_ncp_20211228T2209123959_d_img_d18_x03840_y32640.png,0.2763,407.9,250.04,512.72,301.08
ch2_ohr_ncp_20211228T2209123959_d_img_d18_x03840_y32640.png,0.2553,0.18,97.37,24.45,117.76
ch2_ohr_ncp_20211228T2209123959_d_img_d18_x03840_y40960.png,0.5061,209.87,77.73,220.54,87.31
ch2_ohr_ncp_20211228T2209123959_d_img_d18_x03840_y40960.png,0.4027,65.33,108.65,74.74,116.57
ch2_ohr_ncp_20211228T2209123959_d_img_d18_x03840_y40960.png,0.2776,312.84,0.0,322.42,6.31
ch2_ohr_ncp_20211228T2209123959_d_img_d18_x03840_y40960.png,0.2497,229.4,4.65,245.08,15.99
ch2_ohr_ncp_20211228T2209123959_d_img_d18_x03840_y40960.png,0.2073,280.72,38.8,290.28,46.81
ch2_ohr_ncp_20211228T2209123959_d_img_d18_x03840_y40960.png,0.2038,177.63,107.44,185.69,114.92
ch2_ohr_ncp_20211228T2209123959_d_img_d18_x03840_y69120.png,0.3221,553.11,539.81,636.85,602.01
ch2_ohr_ncp_20211228T2209123959_d_img_d18_x03840_y70400.png,0.339,542.77,5.56,634.46,68.68
ch2_ohr_ncp_20211228T2209123959_d_img_d18_x03840_y70400.png,0.282,528.75,0.14,637.78,83.27
ch2_ohr_ncp_20211228T2209123959_d_img_d18_x03840_y70400.png,0.2085,516.23,6.64,629.73,101.02
ch2_ohr_ncp_20211228T2209123959_d_img_d18_x03840_y74880.png,0.3264,561.7,12.67,617.33,67.74
ch2_ohr_ncp_20211228T2209123959_d_img_d18_x03840_y74880.png,0.2514,573.92,76.19,640.0,126.72
ch2_ohr_ncp_20211228T2209123959_d_img_d18_x03840_y77440.png,0.317,568.66,472.14,637.9,515.2
ch2_ohr_ncp_20211228T2209123959_d_img_d18_x03840_y77440.png,0.2673,595.51,594.84,638.8,634.52
ch2_ohr_ncp_20211228T2209123959_d_img_d18_x03840_y78080.png,0.2646,364.16,625.47,390.16,637.88
ch2_ohr_ncp_20211228T2209123959_d_img_d18_x03840_y78080.png,0.2593,251.87,191.61,261.78,200.65
ch2_ohr_ncp_20211228T2209123959_d_img_d18_x03840_y78080.png,0.2174,509.93,160.94,518.77,169.06
ch2_ohr_ncp_20211228T2209123959_d_img_d18_x03840_y78080.png,0.2097,443.94,256.87,516.57,303.19
ch2_ohr_ncp_20211228T2209123959_d_img_d18_x03840_y78080.png,0.2089,580.94,318.75,639.16,368.1
ch2_ohr_ncp_20211228T2209123959_d_img_d18_x03840_y78080.png,0.2027,184.61,627.77,204.38,639.22
ch2_ohr_ncp_20211228T2209123959_d_img_d18_x04480_y32640.png,0.3082,101.56,258.45,216.06,324.17
ch2_ohr_ncp_20211228T2209123959_d_img_d18_x04480_y32640.png,0.2685,151.26,245.27,175.39,258.31
ch2_ohr_ncp_20211228T2209123959_d_img_d18_x04480_y68480.png,0.3051,7.15,0.0,57.03,16.03
ch2_ohr_ncp_20211228T2209123959_d_img_d18_x04480_y68480.png,0.2908,393.39,0.0,490.29,55.46
ch2_ohr_ncp_20211228T2209123959_d_img_d18_x04480_y68480.png,0.2845,47.99,10.93,60.52,21.99
ch2_ohr_ncp_20211228T2209123959_d_img_d18_x04480_y68480.png,0.2329,0.0,436.64,79.06,527.18
ch2_ohr_ncp_20211228T2209123959_d_img_d18_x04480_y69120.png,0.3174,317.09,6.08,376.25,41.04
ch2_ohr_ncp_20211228T2209123959_d_img_d18_x04480_y69120.png,0.2411,31.84,0.0,164.76,45.39
ch2_ohr_ncp_20211228T2209123959_d_img_d18_x04480_y69120.png,0.2166,75.68,0.0,167.14,42.28
ch2_ohr_ncp_20211228T2209123959_d_img_d18_x04480_y69120.png,0.2139,380.2,0.0,477.05,33.38
ch2_ohr_ncp_20211228T2209123959_d_img_d18_x04480_y69120.png,0.2086,316.06,12.47,369.71,38.11
ch2_ohr_ncp_20211228T2209123959_d_img_d18_x04480_y69120.png,0.2043,143.08,30.11,269.64,92.03
ch2_ohr_ncp_20211228T2209123959_d_img_d18_x04480_y69760.png,0.2117,497.4,110.67,577.6,166.39
ch2_ohr_ncp_20211228T2209123959_d_img_d18_x04480_y72320.png,0.2017,549.75,0.0,640.0,51.09
ch2_ohr_ncp_20211228T2209123959_d_img_d18_x04480_y74880.png,0.2318,106.15,62.12,220.48,123.44
ch2_ohr_ncp_20211228T2209123959_d_img_d18_x04480_y77440.png,0.2311,514.52,324.25,613.27,414.22
ch2_ohr_ncp_20211228T2209123959_d_img_d18_x05120_y33280.png,0.2996,1.02,125.53,18.25,137.54
ch2_ohr_ncp_20211228T2209123959_d_img_d18_x05120_y33280.png,0.2777,248.95,249.71,339.08,320.11
ch2_ohr_ncp_20211228T2209123959_d_img_d18_x05120_y33920.png,0.2962,0.0,0.0,66.36,32.02
ch2_ohr_ncp_20211228T2209123959_d_img_d18_x05120_y33920.png,0.2791,606.47,161.73,627.78,179.09
ch2_ohr_ncp_20211228T2209123959_d_img_d18_x05120_y33920.png,0.2606,0.0,0.0,71.46,44.33
ch2_ohr_ncp_20211228T2209123959_d_img_d18_x05120_y33920.png,0.2359,483.28,189.49,507.64,225.88
ch2_ohr_ncp_20211228T2209123959_d_img_d18_x05120_y33920.png,0.2282,630.35,118.55,638.46,125.71
ch2_ohr_ncp_20211228T2209123959_d_img_d18_x05120_y33920.png,0.2263,201.02,151.22,322.31,208.53
ch2_ohr_ncp_20211228T2209123959_d_img_d18_x05120_y33920.png,0.2249,372.84,256.02,483.73,308.51
ch2_ohr_ncp_20211228T2209123959_d_img_d18_x05120_y33920.png,0.2071,630.4,137.54,640.0,150.6
ch2_ohr_ncp_20211228T2209123959_d_img_d18_x05120_y33920.png,0.2055,154.96,80.12,216.74,123.4
ch2_ohr_ncp_20211228T2209123959_d_img_d18_x05120_y33920.png,0.2038,126.74,83.45,230.75,141.39
ch2_ohr_ncp_20211228T2209123959_d_img_d18_x05120_y34560.png,0.2235,40.23,456.3,144.71,527.39
ch2_ohr_ncp_20211228T2209123959_d_img_d18_x05120_y35840.png,0.2965,476.82,178.78,578.45,250.26
ch2_ohr_ncp_20211228T2209123959_d_img_d18_x05120_y35840.png,0.2019,438.83,0.0,504.91,30.36
ch2_ohr_ncp_20211228T2209123959_d_img_d18_x05120_y40320.png,0.2434,630.03,106.6,638.99,113.39
ch2_ohr_ncp_20211228T2209123959_d_img_d18_x05120_y40320.png,0.2345,494.91,225.25,505.57,234.54
ch2_ohr_ncp_20211228T2209123959_d_img_d18_x05120_y40320.png,0.2125,371.54,143.49,378.51,149.16
ch2_ohr_ncp_20211228T2209123959_d_img_d18_x05120_y71680.png,0.3356,188.45,379.33,288.4,436.8
ch2_ohr_ncp_20211228T2209123959_d_img_d18_x05120_y71680.png,0.2609,0.0,198.02,55.43,265.14
ch2_ohr_ncp_20211228T2209123959_d_img_d18_x05120_y71680.png,0.2252,23.11,288.38,129.37,352.74
ch2_ohr_ncp_20211228T2209123959_d_img_d18_x05120_y75520.png,0.4819,0.0,410.32,103.06,483.89
ch2_ohr_ncp_20211228T2209123959_d_img_d18_x05120_y76160.png,0.2007,503.91,23.14,513.01,29.71
ch2_ohr_ncp_20211228T2209123959_d_img_d18_x05120_y77440.png,0.2147,404.36,0.0,530.19,60.28
ch2_ohr_ncp_20211228T2209123959_d_img_d18_x05120_y78080.png,0.2107,576.7,0.0,637.57,28.94
ch2_ohr_ncp_20211228T2209123959_d_img_d18_x05120_y78080.png,0.2009,625.54,380.93,639.49,395.09
ch2_ohr_ncp_20211228T2209123959_d_img_d18_x05760_y34560.png,0.2589,523.23,276.73,583.22,335.13
ch2_ohr_ncp_20211228T2209123959_d_img_d18_x05760_y34560.png,0.2046,68.68,513.58,176.19,589.28
ch2_ohr_ncp_20211228T2209123959_d_img_d18_x05760_y40320.png,0.2599,129.22,32.63,145.25,46.99
ch2_ohr_ncp_20211228T2209123959_d_img_d18_x05760_y40320.png,0.2049,99.69,60.73,106.01,67.12
ch2_ohr_ncp_20211228T2209123959_d_img_d18_x05760_y69120.png,0.324,515.84,0.0,599.92,31.19
ch2_ohr_ncp_20211228T2209123959_d_img_d18_x05760_y74880.png,0.2447,392.97,0.0,483.23,58.64
ch2_ohr_ncp_20211228T2209123959_d_img_d18_x05760_y78080.png,0.2461,47.76,427.23,117.82,480.55
ch2_ohr_ncp_20211228T2209123959_d_img_d18_x05760_y78080.png,0.2111,359.37,0.0,486.54,39.68
ch2_ohr_ncp_20211228T2209123959_d_img_d18_x06400_y35200.png,0.2607,7.34,43.93,121.43,101.15
ch2_ohr_ncp_20211228T2209123959_d_img_d18_x06400_y35200.png,0.2155,626.77,591.32,637.72,599.24
ch2_ohr_ncp_20211228T2209123959_d_img_d18_x06400_y35840.png,0.386,466.92,0.0,585.03,44.96
ch2_ohr_ncp_20211228T2209123959_d_img_d18_x06400_y39680.png,0.3928,45.71,17.57,54.52,25.12
ch2_ohr_ncp_20211228T2209123959_d_img_d18_x06400_y39680.png,0.3765,353.34,110.95,363.43,119.29
ch2_ohr_ncp_20211228T2209123959_d_img_d18_x06400_y39680.png,0.362,471.01,10.81,486.58,26.39
ch2_ohr_ncp_20211228T2209123959_d_img_d18_x06400_y39680.png,0.3552,51.68,0.15,60.47,6.85
ch2_ohr_ncp_20211228T2209123959_d_img_d18_x06400_y39680.png,0.2923,527.85,96.97,545.69,113.02
ch2_ohr_ncp_20211228T2209123959_d_img_d18_x06400_y39680.png,0.2814,109.57,18.85,117.15,25.4
ch2_ohr_ncp_20211228T2209123959_d_img_d18_x06400_y39680.png,0.2641,0.0,315.45,9.24,333.6
ch2_ohr_ncp_20211228T2209123959_d_img_d18_x06400_y39680.png,0.2567,16.56,354.42,25.75,361.45
ch2_ohr_ncp_20211228T2209123959_d_img_d18_x06400_y39680.png,0.2546,290.67,7.43,302.93,18.47
ch2_ohr_ncp_20211228T2209123959_d_img_d18_x06400_y39680.png,0.2461,32.67,103.78,41.7,111.07
ch2_ohr_ncp_20211228T2209123959_d_img_d18_x06400_y39680.png,0.2393,29.52,364.44,37.03,371.35
ch2_ohr_ncp_20211228T2209123959_d_img_d18_x06400_y39680.png,0.2264,7.22,18.72,13.45,25.67
ch2_ohr_ncp_20211228T2209123959_d_img_d18_x06400_y69760.png,0.2831,0.0,322.46,94.87,395.89
ch2_ohr_ncp_20211228T2209123959_d_img_d18_x06400_y69760.png,0.244,39.27,548.74,98.73,593.35
ch2_ohr_ncp_20211228T2209123959_d_img_d18_x06400_y69760.png,0.2094,39.26,554.3,107.74,600.95
ch2_ohr_ncp_20211228T2209123959_d_img_d18_x06400_y69760.png,0.2026,147.92,0.0,233.86,30.46
ch2_ohr_ncp_20211228T2209123959_d_img_d18_x06400_y71040.png,0.3161,468.02,0.0,559.09,51.96
ch2_ohr_ncp_20211228T2209123959_d_img_d18_x06400_y71040.png,0.2807,467.55,3.67,581.33,64.37
ch2_ohr_ncp_20211228T2209123959_d_img_d18_x06400_y71040.png,0.27,569.42,0.55,640.0,49.03
ch2_ohr_ncp_20211228T2209123959_d_img_d18_x06400_y71040.png,0.2024,178.05,0.16,210.14,16.87
ch2_ohr_ncp_20211228T2209123959_d_img_d18_x06400_y72320.png,0.2624,552.07,4.2,575.3,25.04
ch2_ohr_ncp_20211228T2209123959_d_img_d18_x06400_y72320.png,0.2221,584.85,0.0,638.14,26.17
ch2_ohr_ncp_20211228T2209123959_d_img_d18_x06400_y78080.png,0.3698,385.88,11.54,396.6,20.61
ch2_ohr_ncp_20211228T2209123959_d_img_d18_x06400_y78080.png,0.3478,26.52,339.57,136.35,437.48
ch2_ohr_ncp_20211228T2209123959_d_img_d18_x06400_y78080.png,0.3464,77.09,339.44,135.16,381.87
ch2_ohr_ncp_20211228T2209123959_d_img_d18_x06400_y78080.png,0.3316,305.28,14.97,314.65,22.4
ch2_ohr_ncp_20211228T2209123959_d_img_d18_x06400_y78080.png,0.3118,82.8,340.95,102.35,350.06
ch2_ohr_ncp_20211228T2209123959_d_img_d18_x06400_y78080.png,0.2439,267.17,490.57,283.13,503.4
ch2_ohr_ncp_20211228T2209123959_d_img_d18_x06400_y78080.png,0.2333,184.41,89.24,192.8,95.76
ch2_ohr_ncp_20211228T2209123959_d_img_d18_x06400_y78080.png,0.2333,165.87,96.77,172.76,101.39
ch2_ohr_ncp_20211228T2209123959_d_img_d18_x06400_y78080.png,0.2252,429.12,13.15,435.41,19.53
ch2_ohr_ncp_20211228T2209123959_d_img_d18_x06400_y78080.png,0.2072,546.27,95.19,554.45,101.22
ch2_ohr_ncp_20211228T2209123959_d_img_d18_x06400_y78080.png,0.2032,560.71,52.27,569.43,59.13
ch2_ohr_ncp_20211228T2209123959_d_img_d18_x06400_y78720.png,0.3128,5.3,0.0,147.23,65.17
ch2_ohr_ncp_20211228T2209123959_d_img_d18_x06400_y78720.png,0.2142,332.27,581.35,412.81,639.81
ch2_ohr_ncp_20211228T2209123959_d_img_d18_x06400_y78720.png,0.2109,315.65,621.36,348.15,638.86
ch2_ohr_ncp_20211228T2209123959_d_img_d18_x06400_y79360.png,0.2288,322.95,0.0,419.63,50.29
ch2_ohr_ncp_20211228T2209123959_d_img_d18_x07040_y35840.png,0.6307,63.0,241.62,142.19,283.97
ch2_ohr_ncp_20211228T2209123959_d_img_d18_x07040_y35840.png,0.3372,92.18,0.0,223.31,41.92
ch2_ohr_ncp_20211228T2209123959_d_img_d18_x07040_y35840.png,0.2088,22.3,19.82,124.38,101.54
ch2_ohr_ncp_20211228T2209123959_d_img_d18_x07040_y35840.png,0.2052,0.0,111.49,69.55,163.15
ch2_ohr_ncp_20211228T2209123959_d_img_d18_x07040_y35840.png,0.2035,404.53,591.79,462.52,633.21
ch2_ohr_ncp_20211228T2209123959_d_img_d18_x07040_y36480.png,0.3097,476.47,93.58,590.38,169.63
ch2_ohr_ncp_20211228T2209123959_d_img_d18_x07040_y36480.png,0.2552,5.91,127.67,112.63,199.1
ch2_ohr_ncp_20211228T2209123959_d_img_d18_x07040_y39680.png,0.389,133.33,51.98,153.85,67.31
ch2_ohr_ncp_20211228T2209123959_d_img_d18_x07040_y39680.png,0.3633,187.4,63.63,193.22,68.98
ch2_ohr_ncp_20211228T2209123959_d_img_d18_x07040_y39680.png,0.3425,197.26,32.8,203.6,38.55
ch2_ohr_ncp_20211228T2209123959_d_img_d18_x07040_y39680.png,0.302,161.3,46.5,169.0,52.49
ch2_ohr_ncp_20211228T2209123959_d_img_d18_x07040_y39680.png,0.2521,0.56,164.83,14.7,178.04
ch2_ohr_ncp_20211228T2209123959_d_img_d18_x07040_y39680.png,0.2171,76.75,128.12,85.56,136.06
ch2_ohr_ncp_20211228T2209123959_d_img_d18_x07040_y39680.png,0.2071,101.51,101.62,113.48,110.64
ch2_ohr_ncp_20211228T2209123959_d_img_d18_x07040_y68480.png,0.2136,418.18,586.84,461.16,626.63
ch2_ohr_ncp_20211228T2209123959_d_img_d18_x07040_y70400.png,0.2662,443.45,310.01,474.38,336.44
ch2_ohr_ncp_20211228T2209123959_d_img_d18_x07040_y70400.png,0.2659,171.7,248.28,255.95,303.63
ch2_ohr_ncp_20211228T2209123959_d_img_d18_x07040_y70400.png,0.226,302.36,369.84,309.78,375.96
ch2_ohr_ncp_20211228T2209123959_d_img_d18_x07040_y70400.png,0.2152,145.68,230.33,156.77,241.37
ch2_ohr_ncp_20211228T2209123959_d_img_d18_x07040_y70400.png,0.2007,142.68,256.41,174.87,273.56
ch2_ohr_ncp_20211228T2209123959_d_img_d18_x07040_y71040.png,0.3193,395.45,626.48,409.02,635.81
ch2_ohr_ncp_20211228T2209123959_d_img_d18_x07040_y71040.png,0.2216,366.01,288.37,452.37,334.68
ch2_ohr_ncp_20211228T2209123959_d_img_d18_x07040_y71680.png,0.2893,393.96,0.0,446.07,38.13
ch2_ohr_ncp_20211228T2209123959_d_img_d18_x07040_y71680.png,0.2557,377.78,0.43,446.89,44.55
ch2_ohr_ncp_20211228T2209123959_d_img_d18_x07040_y76800.png,0.3263,558.29,515.5,639.08,604.25
ch2_ohr_ncp_20211228T2209123959_d_img_d18_x07040_y78080.png,0.4281,51.45,64.06,59.85,71.09
ch2_ohr_ncp_20211228T2209123959_d_img_d18_x07040_y78080.png,0.4236,146.09,15.22,156.68,23.75
ch2_ohr_ncp_20211228T2209123959_d_img_d18_x07040_y78080.png,0.4029,0.35,350.14,11.24,359.24
ch2_ohr_ncp_20211228T2209123959_d_img_d18_x07040_y78080.png,0.3906,155.86,331.0,161.89,336.23
ch2_ohr_ncp_20211228T2209123959_d_img_d18_x07040_y78080.png,0.3625,85.18,44.37,92.42,51.19
ch2_ohr_ncp_20211228T2209123959_d_img_d18_x07040_y78080.png,0.3375,17.32,103.6,25.79,111.37
ch2_ohr_ncp_20211228T2209123959_d_img_d18_x07040_y78080.png,0.3294,624.02,5.46,633.28,12.57
ch2_ohr_ncp_20211228T2209123959_d_img_d18_x07040_y78080.png,0.3224,4.86,194.5,11.52,199.61
ch2_ohr_ncp_20211228T2209123959_d_img_d18_x07040_y78080.png,0.3183,0.0,233.21,89.6,300.22
ch2_ohr_ncp_20211228T2209123959_d_img_d18_x07040_y78080.png,0.3029,349.71,0.05,357.25,4.9
ch2_ohr_ncp_20211228T2209123959_d_img_d18_x07040_y78080.png,0.2961,622.07,20.69,631.79,29.41
ch2_ohr_ncp_20211228T2209123959_d_img_d18_x07040_y78080.png,0.2879,506.79,168.96,619.25,229.66
ch2_ohr_ncp_20211228T2209123959_d_img_d18_x07040_y78080.png,0.2765,6.83,30.83,20.89,39.55
ch2_ohr_ncp_20211228T2209123959_d_img_d18_x07040_y78080.png,0.2746,198.62,268.02,206.79,275.3
ch2_ohr_ncp_20211228T2209123959_d_img_d18_x07040_y78080.png,0.2735,199.57,306.23,207.78,313.84
ch2_ohr_ncp_20211228T2209123959_d_img_d18_x07040_y78080.png,0.2704,315.79,246.44,326.9,255.23
ch2_ohr_ncp_20211228T2209123959_d_img_d18_x07040_y78080.png,0.267,94.3,85.26,102.59,91.94
ch2_ohr_ncp_20211228T2209123959_d_img_d18_x07040_y78080.png,0.2627,63.84,145.31,73.88,152.59
ch2_ohr_ncp_20211228T2209123959_d_img_d18_x07040_y78080.png,0.2617,608.06,26.5,616.77,35.21
ch2_ohr_ncp_20211228T2209123959_d_img_d18_x07040_y78080.png,0.2614,277.72,63.4,286.96,70.88
ch2_ohr_ncp_20211228T2209123959_d_img_d18_x07040_y78080.png,0.259,228.86,275.09,236.76,281.68
ch2_ohr_ncp_20211228T2209123959_d_img_d18_x07040_y78080.png,0.2574,166.37,343.15,175.5,352.52
ch2_ohr_ncp_20211228T2209123959_d_img_d18_x07040_y78080.png,0.2573,163.75,31.67,169.98,36.96
ch2_ohr_ncp_20211228T2209123959_d_img_d18_x07040_y78080.png,0.2527,214.88,212.3,225.86,220.68
ch2_ohr_ncp_20211228T2209123959_d_img_d18_x07040_y78080.png,0.2465,337.03,276.96,344.37,283.15
ch2_ohr_ncp_20211228T2209123959_d_img_d18_x07040_y78080.png,0.2385,525.74,8.13,531.52,13.11
ch2_ohr_ncp_20211228T2209123959_d_img_d18_x07040_y78080.png,0.2356,37.15,183.67,47.2,194.36
ch2_ohr_ncp_20211228T2209123959_d_img_d18_x07040_y78080.png,0.2351,2.3,179.37,8.23,184.02
ch2_ohr_ncp_20211228T2209123959_d_img_d18_x07040_y78080.png,0.2339,587.03,21.43,593.37,26.88
ch2_ohr_ncp_20211228T2209123959_d_img_d18_x07040_y78080.png,0.2312,4.58,332.42,11.3,338.13
ch2_ohr_ncp_20211228T2209123959_d_img_d18_x07040_y78080.png,0.2213,512.38,4.69,517.73,9.39
ch2_ohr_ncp_20211228T2209123959_d_img_d18_x07040_y78080.png,0.2185,105.07,124.7,111.29,130.23
ch2_ohr_ncp_20211228T2209123959_d_img_d18_x07040_y78080.png,0.2119,19.03,103.41,25.98,110.2
ch2_ohr_ncp_20211228T2209123959_d_img_d18_x07040_y78080.png,0.2072,9.84,84.82,20.88,93.25
ch2_ohr_ncp_20211228T2209123959_d_img_d18_x07040_y78080.png,0.2063,512.62,4.04,518.13,8.8
ch2_ohr_ncp_20211228T2209123959_d_img_d18_x07040_y78080.png,0.2057,169.71,289.74,176.69,295.72
ch2_ohr_ncp_20211228T2209123959_d_img_d18_x07040_y78080.png,0.2044,39.34,94.88,44.71,99.62
ch2_ohr_ncp_20211228T2209123959_d_img_d18_x07680_y36480.png,0.4442,543.96,220.66,630.18,277.52
ch2_ohr_ncp_20211228T2209123959_d_img_d18_x07680_y36480.png,0.3905,461.77,541.26,543.39,590.96
ch2_ohr_ncp_20211228T2209123959_d_img_d18_x07680_y36480.png,0.3762,574.69,628.61,589.6,638.13
ch2_ohr_ncp_20211228T2209123959_d_img_d18_x07680_y36480.png,0.3002,491.15,487.98,498.48,494.78
ch2_ohr_ncp_20211228T2209123959_d_img_d18_x07680_y36480.png,0.2906,285.62,37.44,347.38,81.25
ch2_ohr_ncp_20211228T2209123959_d_img_d18_x07680_y36480.png,0.286,506.79,487.69,517.56,496.06
ch2_ohr_ncp_20211228T2209123959_d_img_d18_x07680_y36480.png,0.2793,469.73,402.07,479.24,408.91
ch2_ohr_ncp_20211228T2209123959_d_img_d18_x07680_y36480.png,0.2583,535.36,634.57,548.22,640.0
ch2_ohr_ncp_20211228T2209123959_d_img_d18_x07680_y36480.png,0.2193,575.08,454.72,586.11,463.26
ch2_ohr_ncp_20211228T2209123959_d_img_d18_x07680_y36480.png,0.2179,108.75,11.83,132.47,31.43
ch2_ohr_ncp_20211228T2209123959_d_img_d18_x07680_y36480.png,0.2104,492.9,425.33,503.52,433.49
ch2_ohr_ncp_20211228T2209123959_d_img_d18_x07680_y36480.png,0.2096,532.8,196.1,562.76,219.99
ch2_ohr_ncp_20211228T2209123959_d_img_d18_x07680_y39040.png,0.2157,269.31,296.43,279.69,305.19
ch2_ohr_ncp_20211228T2209123959_d_img_d18_x07680_y39040.png,0.2125,162.57,427.61,170.58,435.3
ch2_ohr_ncp_20211228T2209123959_d_img_d18_x07680_y39040.png,0.2116,29.36,418.67,36.8,424.85
ch2_ohr_ncp_20211228T2209123959_d_img_d18_x07680_y71680.png,0.3611,492.9,0.0,566.62,58.37
ch2_ohr_ncp_20211228T2209123959_d_img_d18_x07680_y71680.png,0.2163,567.14,378.4,640.0,430.57
ch2_ohr_ncp_20211228T2209123959_d_img_d18_x07680_y72320.png,0.2916,286.93,2.33,318.31,18.84
ch2_ohr_ncp_20211228T2209123959_d_img_d18_x07680_y72960.png,0.2306,406.92,0.0,516.94,40.02
ch2_ohr_ncp_20211228T2209123959_d_img_d18_x07680_y75520.png,0.223,541.11,373.91,640.0,432.35
ch2_ohr_ncp_20211228T2209123959_d_img_d18_x08320_y37120.png,0.2122,20.6,13.75,145.31,70.48
ch2_ohr_ncp_20211228T2209123959_d_img_d18_x08320_y39040.png,0.4744,508.76,76.84,516.11,83.08
ch2_ohr_ncp_20211228T2209123959_d_img_d18_x08320_y39040.png,0.3772,415.69,93.21,429.78,104.71
ch2_ohr_ncp_20211228T2209123959_d_img_d18_x08320_y39040.png,0.3736,273.92,171.33,281.14,177.61
ch2_ohr_ncp_20211228T2209123959_d_img_d18_x08320_y39040.png,0.3733,367.62,0.0,379.7,7.57
ch2_ohr_ncp_20211228T2209123959_d_img_d18_x08320_y39040.png,0.3697,52.52,239.72,60.61,247.37
ch2_ohr_ncp_20211228T2209123959_d_img_d18_x08320_y39040.png,0.3687,203.07,236.07,211.52,243.84
ch2_ohr_ncp_20211228T2209123959_d_img_d18_x08320_y39040.png,0.3682,626.4,89.44,638.48,99.22
ch2_ohr_ncp_20211228T2209123959_d_img_d18_x08320_y39040.png,0.3434,430.04,111.88,437.67,119.61
ch2_ohr_ncp_20211228T2209123959_d_img_d18_x08320_y39040.png,0.3365,132.27,144.95,144.83,154.45
ch2_ohr_ncp_20211228T2209123959_d_img_d18_x08320_y39040.png,0.3265,20.55,260.1,59.74,293.02
ch2_ohr_ncp_20211228T2209123959_d_img_d18_x08320_y39040.png,0.3249,76.33,218.8,85.46,227.16
ch2_ohr_ncp_20211228T2209123959_d_img_d18_x08320_y39040.png,0.3212,521.17,67.61,526.3,72.66
ch2_ohr_ncp_20211228T2209123959_d_img_d18_x08320_y39040.png,0.305,606.65,98.77,612.83,104.69
ch2_ohr_ncp_20211228T2209123959_d_img_d18_x08320_y39040.png,0.3039,342.58,5.85,348.71,11.9
ch2_ohr_ncp_20211228T2209123959_d_img_d18_x08320_y39040.png,0.2811,581.73,94.62,597.63,105.11
ch2_ohr_ncp_20211228T2209123959_d_img_d18_x08320_y39040.png,0.2683,393.41,0.91,405.62,11.97
ch2_ohr_ncp_20211228T2209123959_d_img_d18_x08320_y39040.png,0.256,171.29,245.6,177.61,251.5
ch2_ohr_ncp_20211228T2209123959_d_img_d18_x08320_y39040.png,0.2503,10.08,98.02,118.08,198.58
ch2_ohr_ncp_20211228T2209123959_d_img_d18_x08320_y39040.png,0.2446,36.14,254.91,47.02,262.26
ch2_ohr_ncp_20211228T2209123959_d_img_d18_x08320_y39040.png,0.2387,525.35,154.92,535.56,162.75
ch2_ohr_ncp_20211228T2209123959_d_img_d18_x08320_y39040.png,0.2298,607.26,98.54,614.46,104.4
ch2_ohr_ncp_20211228T2209123959_d_img_d18_x08320_y39040.png,0.2212,169.86,177.78,181.76,186.74
ch2_ohr_ncp_20211228T2209123959_d_img_d18_x08320_y39040.png,0.2113,354.71,100.88,361.18,106.97
ch2_ohr_ncp_20211228T2209123959_d_img_d18_x08320_y39040.png,0.2089,0.25,302.68,10.1,311.23
ch2_ohr_ncp_20211228T2209123959_d_img_d18_x08960_y37760.png,0.499,81.33,101.61,155.61,138.63
ch2_ohr_ncp_20211228T2209123959_d_img_d18_x08960_y37760.png,0.2233,334.73,385.95,432.2,455.08
ch2_ohr_ncp_20211228T2209123959_d_img_d18_x08960_y37760.png,0.2074,0.46,68.45,64.96,136.42
ch2_ohr_ncp_20211228T2209123959_d_img_d18_x08960_y37760.png,0.2057,75.84,107.74,151.13,136.01
ch2_ohr_ncp_20211228T2209123959_d_img_d18_x08960_y39040.png,0.4156,104.17,103.17,113.86,110.13
ch2_ohr_ncp_20211228T2209123959_d_img_d18_x08960_y39040.png,0.391,612.98,75.89,622.5,84.09
ch2_ohr_ncp_20211228T2209123959_d_img_d18_x08960_y39040.png,0.372,1.3,115.25,13.3,127.19
ch2_ohr_ncp_20211228T2209123959_d_img_d18_x08960_y39040.png,0.3648,315.13,10.47,321.65,16.85
ch2_ohr_ncp_20211228T2209123959_d_img_d18_x08960_y39040.png,0.3325,254.12,32.29,260.69,38.4
ch2_ohr_ncp_20211228T2209123959_d_img_d18_x08960_y39040.png,0.3253,354.22,7.36,368.41,18.34
ch2_ohr_ncp_20211228T2209123959_d_img_d18_x08960_y39040.png,0.2894,0.05,103.11,4.56,108.27
ch2_ohr_ncp_20211228T2209123959_d_img_d18_x08960_y39040.png,0.254,465.45,49.27,472.44,55.72
ch2_ohr_ncp_20211228T2209123959_d_img_d18_x08960_y39040.png,0.2414,149.76,32.85,188.24,63.75
ch2_ohr_ncp_20211228T2209123959_d_img_d18_x08960_y39040.png,0.2169,0.09,113.53,11.24,126.8
ch2_ohr_ncp_20211228T2209123959_d_img_d18_x08960_y39040.png,0.2013,278.76,48.06,284.81,53.9
ch2_ohr_ncp_20211228T2209123959_d_img_d18_x08960_y72320.png,0.4363,380.56,0.0,415.43,29.03
ch2_ohr_ncp_20211228T2209123959_d_img_d18_x08960_y72320.png,0.2693,273.31,193.22,357.31,237.17
ch2_ohr_ncp_20211228T2209123959_d_img_d18_x08960_y77440.png,0.3533,459.37,20.33,467.41,27.27
ch2_ohr_ncp_20211228T2209123959_d_img_d18_x08960_y77440.png,0.332,439.51,15.61,445.54,20.74
ch2_ohr_ncp_20211228T2209123959_d_img_d18_x08960_y77440.png,0.3305,627.48,23.83,634.38,28.96
ch2_ohr_ncp_20211228T2209123959_d_img_d18_x08960_y77440.png,0.3236,223.92,128.74,231.15,135.22
ch2_ohr_ncp_20211228T2209123959_d_img_d18_x08960_y77440.png,0.2834,564.31,136.05,573.44,143.33
ch2_ohr_ncp_20211228T2209123959_d_img_d18_x08960_y77440.png,0.2231,258.74,631.26,274.07,639.41
ch2_ohr_ncp_20211228T2209123959_d_img_d18_x08960_y77440.png,0.2216,616.02,24.12,621.14,28.4
ch2_ohr_ncp_20211228T2209123959_d_img_d18_x08960_y77440.png,0.2201,283.43,416.53,291.9,423.12
ch2_ohr_ncp_20211228T2209123959_d_img_d18_x08960_y77440.png,0.2119,98.31,568.35,105.58,575.38
ch2_ohr_ncp_20211228T2209123959_d_img_d18_x08960_y77440.png,0.2112,166.8,468.31,208.2,485.51
ch2_ohr_ncp_20211228T2209123959_d_img_d18_x08960_y78080.png,0.2908,133.4,224.21,155.46,249.38
ch2_ohr_ncp_20211228T2209123959_d_img_d18_x08960_y78080.png,0.2223,102.27,159.35,110.03,165.35
ch2_ohr_ncp_20211228T2209123959_d_img_d18_x09600_y38400.png,0.5642,334.8,412.45,349.08,423.79
ch2_ohr_ncp_20211228T2209123959_d_img_d18_x09600_y38400.png,0.3928,200.7,530.59,221.68,547.58
ch2_ohr_ncp_20211228T2209123959_d_img_d18_x09600_y38400.png,0.3545,242.83,621.4,250.06,627.97
ch2_ohr_ncp_20211228T2209123959_d_img_d18_x09600_y38400.png,0.3373,192.62,309.57,204.77,318.95
ch2_ohr_ncp_20211228T2209123959_d_img_d18_x09600_y38400.png,0.3073,194.46,407.23,206.41,416.68
ch2_ohr_ncp_20211228T2209123959_d_img_d18_x09600_y38400.png,0.3053,183.7,582.23,194.33,590.51
ch2_ohr_ncp_20211228T2209123959_d_img_d18_x09600_y38400.png,0.3046,128.64,280.11,136.23,287.74
ch2_ohr_ncp_20211228T2209123959_d_img_d18_x09600_y38400.png,0.283,32.12,476.92,49.32,488.99
ch2_ohr_ncp_20211228T2209123959_d_img_d18_x09600_y38400.png,0.2806,128.69,477.79,136.1,484.24
ch2_ohr_ncp_20211228T2209123959_d_img_d18_x09600_y38400.png,0.2724,350.28,452.77,365.7,464.69
ch2_ohr_ncp_20211228T2209123959_d_img_d18_x09600_y38400.png,0.2638,102.17,249.26,108.68,255.38
ch2_ohr_ncp_20211228T2209123959_d_img_d18_x09600_y38400.png,0.2614,70.56,623.59,77.8,630.12
ch2_ohr_ncp_20211228T2209123959_d_img_d18_x09600_y38400.png,0.2565,147.36,423.92,154.69,430.03
ch2_ohr_ncp_20211228T2209123959_d_img_d18_x09600_y38400.png,0.2537,128.75,300.8,137.51,308.52
ch2_ohr_ncp_20211228T2209123959_d_img_d18_x09600_y38400.png,0.2509,11.2,534.29,24.44,545.73
ch2_ohr_ncp_20211228T2209123959_d_img_d18_x09600_y38400.png,0.236,512.07,243.95,571.51,276.91
ch2_ohr_ncp_20211228T2209123959_d_img_d18_x09600_y38400.png,0.2245,180.12,274.3,185.95,279.21
ch2_ohr_ncp_20211228T2209123959_d_img_d18_x09600_y38400.png,0.2226,124.36,606.35,132.81,614.17
ch2_ohr_ncp_20211228T2209123959_d_img_d18_x09600_y38400.png,0.2225,175.03,407.0,184.37,413.92
ch2_ohr_ncp_20211228T2209123959_d_img_d18_x09600_y38400.png,0.2173,174.86,407.58,182.63,413.49
ch2_ohr_ncp_20211228T2209123959_d_img_d18_x09600_y38400.png,0.2133,621.27,487.65,630.02,495.47
ch2_ohr_ncp_20211228T2209123959_d_img_d18_x10240_y78080.png,0.2251,475.14,584.84,542.07,640.0
ch2_ohr_ncp_20211228T2209123959_d_img_d18_x10240_y78720.png,0.2231,465.86,0.03,489.53,14.21
ch2_ohr_ncp_20211228T2209123959_d_img_d18_x10880_y72960.png,0.2246,549.91,102.89,627.65,142.69
ch2_ohr_ncp_20211228T2209123959_d_img_d18_x10880_y72960.png,0.2106,441.3,253.63,456.33,264.81
ch2_ohr_ncp_20211228T2209123959_d_img_d18_x10880_y74880.png,0.3004,0.0,97.86,47.45,144.31
ch2_ohr_ncp_20211228T2209123959_d_img_d18_x10880_y74880.png,0.2747,273.01,517.5,285.94,534.54
ch2_ohr_ncp_20211228T2209123959_d_img_d18_x10880_y74880.png,0.2461,165.17,429.75,175.72,441.6
ch2_ohr_ncp_20211228T2209123959_d_img_d18_x10880_y74880.png,0.2048,174.05,471.37,194.02,484.56
ch2_ohr_ncp_20211228T2209123959_d_img_d18_x10880_y77440.png,0.2988,251.99,0.0,375.51,60.8
ch2_ohr_ncp_20211228T2209123959_d_img_d18_x10880_y78720.png,0.223,214.34,178.78,220.13,184.0
ch2_ohr_ncp_20211228T2209123959_d_img_d18_x10880_y78720.png,0.2129,250.09,177.31,255.67,182.52
ch2_ohr_ncp_20211228T2209123959_d_img_d18_x10880_y78720.png,0.2102,342.2,10.42,351.68,18.34
ch2_ohr_ncp_20211228T2209123959_d_img_d18_x11520_y72960.png,0.226,89.18,122.4,214.65,176.51
ch2_ohr_ncp_20240406T0647198831_d_img_d18_x00000_y00640.png,0.2397,59.42,588.62,79.14,632.09
ch2_ohr_ncp_20240406T0647198831_d_img_d18_x00000_y01920.png,0.2605,602.95,495.26,628.66,547.49
ch2_ohr_ncp_20240406T0647198831_d_img_d18_x00000_y26880.png,0.3878,67.0,301.89,105.67,361.24
ch2_ohr_ncp_20240406T0647198831_d_img_d18_x00000_y26880.png,0.3679,347.96,48.76,386.79,102.54
ch2_ohr_ncp_20240406T0647198831_d_img_d18_x00000_y29440.png,0.2221,74.96,465.28,80.54,471.42
ch2_ohr_ncp_20240406T0647198831_d_img_d18_x00000_y29440.png,0.2092,173.81,304.84,179.63,311.13
ch2_ohr_ncp_20240406T0647198831_d_img_d18_x00000_y30080.png,0.2285,86.96,629.06,92.53,635.17
ch2_ohr_ncp_20240406T0647198831_d_img_d18_x00000_y30720.png,0.277,528.92,426.68,600.59,521.04
ch2_ohr_ncp_20240406T0647198831_d_img_d18_x00000_y30720.png,0.2585,138.75,297.85,146.41,307.23
ch2_ohr_ncp_20240406T0647198831_d_img_d18_x00000_y30720.png,0.2567,219.78,286.56,225.56,293.55
ch2_ohr_ncp_20240406T0647198831_d_img_d18_x00000_y30720.png,0.2489,219.89,298.81,224.81,306.61
ch2_ohr_ncp_20240406T0647198831_d_img_d18_x00000_y30720.png,0.2349,292.95,249.56,309.18,276.02
ch2_ohr_ncp_20240406T0647198831_d_img_d18_x00000_y30720.png,0.2306,460.83,595.19,483.16,631.59
ch2_ohr_ncp_20240406T0647198831_d_img_d18_x00000_y30720.png,0.2287,94.35,0.05,100.91,7.47
ch2_ohr_ncp_20240406T0647198831_d_img_d18_x00000_y30720.png,0.2251,555.51,628.83,560.14,633.93
ch2_ohr_ncp_20240406T0647198831_d_img_d18_x00000_y30720.png,0.2185,530.66,244.38,536.35,250.6
ch2_ohr_ncp_20240406T0647198831_d_img_d18_x00000_y30720.png,0.2161,516.24,428.08,521.16,434.26
ch2_ohr_ncp_20240406T0647198831_d_img_d18_x00000_y30720.png,0.2152,356.27,263.6,380.77,295.48
ch2_ohr_ncp_20240406T0647198831_d_img_d18_x00000_y30720.png,0.2146,510.01,334.4,523.74,353.82
ch2_ohr_ncp_20240406T0647198831_d_img_d18_x00000_y30720.png,0.2048,622.84,401.49,629.47,409.0
ch2_ohr_ncp_20240406T0647198831_d_img_d18_x00000_y30720.png,0.2016,144.69,226.4,150.79,232.4
ch2_ohr_ncp_20240406T0647198831_d_img_d18_x00000_y30720.png,0.2006,450.96,461.03,455.86,465.62
ch2_ohr_ncp_20240406T0647198831_d_img_d18_x00000_y62080.png,0.2673,288.5,557.94,359.67,640.0
ch2_ohr_ncp_20240406T0647198831_d_img_d18_x00000_y62080.png,0.23,608.02,518.85,633.26,577.98
ch2_ohr_ncp_20240406T0647198831_d_img_d18_x00000_y62720.png,0.2665,215.38,61.78,288.25,146.76
ch2_ohr_ncp_20240406T0647198831_d_img_d18_x00000_y62720.png,0.259,315.03,75.08,350.61,118.4
ch2_ohr_ncp_20240406T0647198831_d_img_d18_x00000_y62720.png,0.2485,177.28,139.17,182.92,146.08
ch2_ohr_ncp_20240406T0647198831_d_img_d18_x00000_y62720.png,0.2174,371.55,539.61,377.41,547.09
ch2_ohr_ncp_20240406T0647198831_d_img_d18_x00000_y62720.png,0.2124,398.79,407.28,415.47,450.1
ch2_ohr_ncp_20240406T0647198831_d_img_d18_x00000_y72960.png,0.2047,574.19,238.05,580.17,245.45
ch2_ohr_ncp_20240406T0647198831_d_img_d18_x00000_y73600.png,0.2508,487.79,604.96,507.95,635.81
ch2_ohr_ncp_20240406T0647198831_d_img_d18_x00000_y74880.png,0.4001,523.69,2.45,555.57,52.94
ch2_ohr_ncp_20240406T0647198831_d_img_d18_x00000_y88320.png,0.3015,618.08,0.71,638.29,45.62
ch2_ohr_ncp_20240406T0647198831_d_img_d18_x00000_y90880.png,0.2493,386.32,75.03,421.35,132.07
ch2_ohr_ncp_20240406T0647198831_d_img_d18_x00000_y92800.png,0.2451,493.14,0.0,521.0,47.45
ch2_ohr_ncp_20240406T0647198831_d_img_d18_x00000_y94720.png,0.2038,104.45,0.0,146.8,46.99
ch2_ohr_ncp_20240406T0647198831_d_img_d18_x00000_y95360.png,0.2076,222.77,257.11,245.77,325.35
ch2_ohr_ncp_20240406T0647198831_d_img_d18_x00000_y97280.png,0.2443,169.36,555.77,238.65,636.23
ch2_ohr_ncp_20240406T0647198831_d_img_d18_x00640_y100480.png,0.2368,205.93,121.37,258.06,187.41
ch2_ohr_ncp_20240406T0647198831_d_img_d18_x00640_y12160.png,0.2291,163.4,151.7,167.59,156.79
ch2_ohr_ncp_20240406T0647198831_d_img_d18_x00640_y12160.png,0.2221,152.03,144.81,158.9,151.54
ch2_ohr_ncp_20240406T0647198831_d_img_d18_x00640_y12160.png,0.2174,298.82,204.99,304.99,212.57
ch2_ohr_ncp_20240406T0647198831_d_img_d18_x00640_y12160.png,0.2111,142.04,152.18,147.77,158.04
ch2_ohr_ncp_20240406T0647198831_d_img_d18_x00640_y12160.png,0.2067,117.45,166.3,122.05,174.31
ch2_ohr_ncp_20240406T0647198831_d_img_d18_x00640_y12160.png,0.2046,123.9,630.67,128.54,636.56
ch2_ohr_ncp_20240406T0647198831_d_img_d18_x00640_y13440.png,0.2447,600.61,357.18,639.71,453.54
ch2_ohr_ncp_20240406T0647198831_d_img_d18_x00640_y14080.png,0.2871,182.09,320.47,188.99,326.81
ch2_ohr_ncp_20240406T0647198831_d_img_d18_x00640_y17920.png,0.2829,347.13,316.49,352.1,322.35
ch2_ohr_ncp_20240406T0647198831_d_img_d18_x00640_y17920.png,0.2614,127.55,598.4,133.56,605.31
ch2_ohr_ncp_20240406T0647198831_d_img_d18_x00640_y17920.png,0.2475,548.68,73.36,591.43,131.12
ch2_ohr_ncp_20240406T0647198831_d_img_d18_x00640_y17920.png,0.2386,102.88,542.01,110.47,552.0
ch2_ohr_ncp_20240406T0647198831_d_img_d18_x00640_y17920.png,0.2083,114.22,590.81,120.78,599.31
ch2_ohr_ncp_20240406T0647198831_d_img_d18_x00640_y19200.png,0.2039,220.94,620.44,235.92,638.97
ch2_ohr_ncp_20240406T0647198831_d_img_d18_x00640_y25600.png,0.2096,546.8,633.34,560.21,640.0
ch2_ohr_ncp_20240406T0647198831_d_img_d18_x00640_y26880.png,0.5978,385.13,419.94,436.37,483.8
ch2_ohr_ncp_20240406T0647198831_d_img_d18_x00640_y26880.png,0.2065,386.0,426.58,416.63,483.4
ch2_ohr_ncp_20240406T0647198831_d_img_d18_x00640_y74240.png,0.2518,167.44,226.69,202.4,280.0
ch2_ohr_ncp_20240406T0647198831_d_img_d18_x00640_y74240.png,0.2014,530.89,248.28,536.97,259.69
ch2_ohr_ncp_20240406T0647198831_d_img_d18_x00640_y88320.png,0.2264,0.74,604.56,21.17,638.02
ch2_ohr_ncp_20240406T0647198831_d_img_d18_x00640_y88320.png,0.2147,583.5,527.84,597.46,565.39
ch2_ohr_ncp_20240406T0647198831_d_img_d18_x01280_y100480.png,0.221,566.55,412.52,590.03,449.42
ch2_ohr_ncp_20240406T0647198831_d_img_d18_x01280_y12800.png,0.3412,172.92,599.08,178.13,606.16
ch2_ohr_ncp_20240406T0647198831_d_img_d18_x01280_y12800.png,0.33,514.42,491.09,521.29,497.74
ch2_ohr_ncp_20240406T0647198831_d_img_d18_x01280_y12800.png,0.2724,515.12,291.64,521.55,300.03
ch2_ohr_ncp_20240406T0647198831_d_img_d18_x01280_y12800.png,0.2566,583.46,495.31,588.46,501.14
ch2_ohr_ncp_20240406T0647198831_d_img_d18_x01280_y12800.png,0.2395,550.63,562.67,558.29,571.06
ch2_ohr_ncp_20240406T0647198831_d_img_d18_x01280_y12800.png,0.2363,594.84,624.76,600.63,637.65
ch2_ohr_ncp_20240406T0647198831_d_img_d18_x01280_y12800.png,0.2286,530.04,508.12,535.54,515.61
ch2_ohr_ncp_20240406T0647198831_d_img_d18_x01280_y12800.png,0.2045,179.97,541.0,188.5,554.42
ch2_ohr_ncp_20240406T0647198831_d_img_d18_x01280_y12800.png,0.2032,469.2,160.23,477.71,170.58
ch2_ohr_ncp_20240406T0647198831_d_img_d18_x01280_y20480.png,0.2263,440.85,0.06,454.95,14.78
ch2_ohr_ncp_20240406T0647198831_d_img_d18_x01280_y21760.png,0.4489,305.94,579.61,335.54,637.96
ch2_ohr_ncp_20240406T0647198831_d_img_d18_x01280_y21760.png,0.273,82.09,103.26,88.23,110.06
ch2_ohr_ncp_20240406T0647198831_d_img_d18_x01280_y21760.png,0.2466,113.66,490.34,129.22,512.47
ch2_ohr_ncp_20240406T0647198831_d_img_d18_x01280_y21760.png,0.2406,137.98,559.29,144.25,567.72
ch2_ohr_ncp_20240406T0647198831_d_img_d18_x01280_y21760.png,0.2353,138.27,551.52,143.68,557.42
ch2_ohr_ncp_20240406T0647198831_d_img_d18_x01280_y21760.png,0.2348,12.85,193.41,74.08,278.06
ch2_ohr_ncp_20240406T0647198831_d_img_d18_x01280_y21760.png,0.2283,55.56,590.65,61.23,597.03
ch2_ohr_ncp_20240406T0647198831_d_img_d18_x01280_y22400.png,0.3323,210.27,25.0,258.65,116.6
ch2_ohr_ncp_20240406T0647198831_d_img_d18_x01280_y24960.png,0.2211,399.57,404.63,407.01,413.5
ch2_ohr_ncp_20240406T0647198831_d_img_d18_x01280_y24960.png,0.2102,374.09,429.2,380.06,436.72
ch2_ohr_ncp_20240406T0647198831_d_img_d18_x01280_y24960.png,0.2087,250.44,98.7,255.58,103.85
ch2_ohr_ncp_20240406T0647198831_d_img_d18_x01280_y24960.png,0.2057,219.51,333.52,225.69,342.15
ch2_ohr_ncp_20240406T0647198831_d_img_d18_x01280_y60160.png,0.3939,364.67,81.1,388.67,154.84
ch2_ohr_ncp_20240406T0647198831_d_img_d18_x01280_y60160.png,0.2876,364.02,109.54,383.07,149.92
ch2_ohr_ncp_20240406T0647198831_d_img_d18_x01280_y60160.png,0.2642,506.92,4.24,519.91,19.05
ch2_ohr_ncp_20240406T0647198831_d_img_d18_x01280_y60160.png,0.2217,358.99,437.21,366.47,447.88
ch2_ohr_ncp_20240406T0647198831_d_img_d18_x01280_y60800.png,0.3114,60.49,537.45,92.3,586.89
ch2_ohr_ncp_20240406T0647198831_d_img_d18_x01280_y60800.png,0.3022,62.0,530.83,99.79,588.08
ch2_ohr_ncp_20240406T0647198831_d_img_d18_x01280_y61440.png,0.2829,270.2,449.77,284.49,483.41
ch2_ohr_ncp_20240406T0647198831_d_img_d18_x01280_y61440.png,0.2564,242.18,533.33,283.25,582.66
ch2_ohr_ncp_20240406T0647198831_d_img_d18_x01280_y61440.png,0.236,76.63,318.86,109.35,377.02
ch2_ohr_ncp_20240406T0647198831_d_img_d18_x01280_y61440.png,0.2078,249.09,335.54,254.8,340.97
ch2_ohr_ncp_20240406T0647198831_d_img_d18_x01280_y63360.png,0.272,298.02,211.07,303.26,218.88
ch2_ohr_ncp_20240406T0647198831_d_img_d18_x01280_y63360.png,0.2372,495.55,467.06,500.95,474.19
ch2_ohr_ncp_20240406T0647198831_d_img_d18_x01280_y63360.png,0.2264,572.64,145.58,601.93,193.95
ch2_ohr_ncp_20240406T0647198831_d_img_d18_x01280_y63360.png,0.2069,471.13,421.13,477.76,429.98
ch2_ohr_ncp_20240406T0647198831_d_img_d18_x01280_y73600.png,0.3452,375.3,38.68,381.05,45.1
ch2_ohr_ncp_20240406T0647198831_d_img_d18_x01280_y73600.png,0.2772,155.93,17.45,176.2,37.75
ch2_ohr_ncp_20240406T0647198831_d_img_d18_x01280_y73600.png,0.24,115.99,102.02,133.42,125.94
ch2_ohr_ncp_20240406T0647198831_d_img_d18_x01280_y73600.png,0.2372,458.43,163.65,463.05,168.47
ch2_ohr_ncp_20240406T0647198831_d_img_d18_x01280_y73600.png,0.2034,469.56,133.11,475.44,138.14
ch2_ohr_ncp_20240406T0647198831_d_img_d18_x01280_y74240.png,0.3074,346.02,484.84,352.47,491.97
ch2_ohr_ncp_20240406T0647198831_d_img_d18_x01280_y74240.png,0.2718,343.77,416.31,350.24,422.56
ch2_ohr_ncp_20240406T0647198831_d_img_d18_x01280_y74240.png,0.2528,529.92,494.68,537.01,502.42
ch2_ohr_ncp_20240406T0647198831_d_img_d18_x01280_y74240.png,0.2207,340.31,466.84,345.92,473.25
ch2_ohr_ncp_20240406T0647198831_d_img_d18_x01280_y76800.png,0.2231,531.76,80.12,537.39,86.49
ch2_ohr_ncp_20240406T0647198831_d_img_d18_x01280_y76800.png,0.2073,103.47,525.37,108.91,532.43
ch2_ohr_ncp_20240406T0647198831_d_img_d18_x01280_y87040.png,0.2817,197.8,296.03,269.79,371.02
ch2_ohr_ncp_20240406T0647198831_d_img_d18_x01280_y87040.png,0.2504,423.64,606.96,436.21,627.21
ch2_ohr_ncp_20240406T0647198831_d_img_d18_x01280_y90240.png,0.2979,266.25,438.06,309.96,530.34
ch2_ohr_ncp_20240406T0647198831_d_img_d18_x01280_y90240.png,0.2652,357.72,275.5,380.5,317.54
ch2_ohr_ncp_20240406T0647198831_d_img_d18_x01280_y90240.png,0.2127,85.82,487.54,92.13,494.83
ch2_ohr_ncp_20240406T0647198831_d_img_d18_x01920_y21120.png,0.2306,0.0,474.1,19.2,522.93
ch2_ohr_ncp_20240406T0647198831_d_img_d18_x01920_y21120.png,0.2113,127.26,597.7,132.94,603.51
ch2_ohr_ncp_20240406T0647198831_d_img_d18_x01920_y21120.png,0.2105,94.64,559.34,101.54,567.76
ch2_ohr_ncp_20240406T0647198831_d_img_d18_x01920_y23680.png,0.251,338.52,590.22,374.95,639.13
ch2_ohr_ncp_20240406T0647198831_d_img_d18_x01920_y23680.png,0.2094,573.41,0.0,591.53,36.97
ch2_ohr_ncp_20240406T0647198831_d_img_d18_x01920_y24320.png,0.2026,358.94,308.34,374.52,344.24
ch2_ohr_ncp_20240406T0647198831_d_img_d18_x01920_y62080.png,0.2172,272.45,603.53,290.56,634.94
ch2_ohr_ncp_20240406T0647198831_d_img_d18_x01920_y63360.png,0.2465,1.45,41.35,25.01,105.36
ch2_ohr_ncp_20240406T0647198831_d_img_d18_x01920_y71040.png,0.236,379.33,0.0,423.84,71.08
ch2_ohr_ncp_20240406T0647198831_d_img_d18_x01920_y74880.png,0.3666,407.5,84.41,413.03,90.8
ch2_ohr_ncp_20240406T0647198831_d_img_d18_x01920_y74880.png,0.3472,427.67,0.13,442.39,13.45
ch2_ohr_ncp_20240406T0647198831_d_img_d18_x01920_y74880.png,0.332,0.0,161.09,39.82,245.08
ch2_ohr_ncp_20240406T0647198831_d_img_d18_x01920_y74880.png,0.2837,118.42,260.16,138.87,282.63
ch2_ohr_ncp_20240406T0647198831_d_img_d18_x01920_y74880.png,0.2828,450.71,112.49,468.23,136.09
ch2_ohr_ncp_20240406T0647198831_d_img_d18_x01920_y74880.png,0.2654,120.95,221.16,126.7,227.21
ch2_ohr_ncp_20240406T0647198831_d_img_d18_x01920_y74880.png,0.2499,100.16,592.51,105.32,597.54
ch2_ohr_ncp_20240406T0647198831_d_img_d18_x01920_y74880.png,0.2436,100.17,98.29,105.29,103.99
ch2_ohr_ncp_20240406T0647198831_d_img_d18_x01920_y74880.png,0.2386,336.49,171.49,342.25,178.48
ch2_ohr_ncp_20240406T0647198831_d_img_d18_x01920_y74880.png,0.2296,194.48,285.72,200.42,293.92
ch2_ohr_ncp_20240406T0647198831_d_img_d18_x01920_y74880.png,0.2043,100.51,583.93,105.51,589.52
ch2_ohr_ncp_20240406T0647198831_d_img_d18_x01920_y74880.png,0.2008,105.71,231.25,110.89,236.91
ch2_ohr_ncp_20240406T0647198831_d_img_d18_x01920_y87680.png,0.2017,228.16,306.4,305.19,389.02
ch2_ohr_ncp_20240406T0647198831_d_img_d18_x01920_y88320.png,0.2043,376.9,588.99,419.72,640.0
ch2_ohr_ncp_20240406T0647198831_d_img_d18_x01920_y89600.png,0.2781,605.75,0.0,620.92,30.22
ch2_ohr_ncp_20240406T0647198831_d_img_d18_x02560_y22400.png,0.2128,10.96,430.22,51.89,503.27
ch2_ohr_ncp_20240406T0647198831_d_img_d18_x02560_y23680.png,0.2958,518.61,257.9,535.91,297.43
ch2_ohr_ncp_20240406T0647198831_d_img_d18_x02560_y23680.png,0.2897,460.05,215.77,507.45,326.09
ch2_ohr_ncp_20240406T0647198831_d_img_d18_x02560_y23680.png,0.2773,450.98,238.25,499.22,328.51
ch2_ohr_ncp_20240406T0647198831_d_img_d18_x02560_y23680.png,0.2105,114.13,506.44,126.91,532.84
ch2_ohr_ncp_20240406T0647198831_d_img_d18_x02560_y74240.png,0.2793,49.82,588.25,91.57,639.21
ch2_ohr_ncp_20240406T0647198831_d_img_d18_x02560_y88320.png,0.2966,404.32,42.68,455.21,135.57
ch2_ohr_ncp_20240406T0647198831_d_img_d18_x02560_y88320.png,0.2434,191.38,555.41,196.25,561.19
ch2_ohr_ncp_20240406T0647198831_d_img_d18_x02560_y88320.png,0.2403,144.71,307.18,204.11,354.41
ch2_ohr_ncp_20240406T0647198831_d_img_d18_x02560_y88320.png,0.2279,219.0,598.12,255.8,638.84
ch2_ohr_ncp_20240406T0647198831_d_img_d18_x02560_y88320.png,0.2058,197.37,502.45,202.34,508.66
ch2_ohr_ncp_20240406T0647198831_d_img_d18_x02560_y89600.png,0.2399,494.08,589.94,518.49,638.57
ch2_ohr_ncp_20240406T0647198831_d_img_d18_x02560_y96640.png,0.2755,111.97,1.4,150.7,61.53
ch2_ohr_ncp_20240406T0647198831_d_img_d18_x02560_y97920.png,0.2191,389.1,144.56,396.13,151.43
ch2_ohr_ncp_20240406T0647198831_d_img_d18_x03200_y21760.png,0.3287,558.01,447.17,592.31,476.7
ch2_ohr_ncp_20240406T0647198831_d_img_d18_x03200_y21760.png,0.3027,415.52,302.53,479.67,391.36
ch2_ohr_ncp_20240406T0647198831_d_img_d18_x03200_y21760.png,0.2268,399.79,285.07,450.5,343.83
ch2_ohr_ncp_20240406T0647198831_d_img_d18_x03200_y22400.png,0.3104,82.22,87.18,121.44,165.07
ch2_ohr_ncp_20240406T0647198831_d_img_d18_x03200_y72320.png,0.2322,69.64,631.67,75.85,637.91
ch2_ohr_ncp_20240406T0647198831_d_img_d18_x03200_y72320.png,0.2102,62.33,314.93,69.22,325.33
ch2_ohr_ncp_20240406T0647198831_d_img_d18_x03200_y88320.png,0.2272,594.62,631.64,605.25,639.95
ch2_ohr_ncp_20240406T0647198831_d_img_d18_x03200_y88960.png,0.2206,625.34,0.74,636.99,24.07
ch2_ohr_ncp_20240406T0647198831_d_img_d18_x03200_y89600.png,0.2039,623.86,576.5,630.0,583.33
ch2_ohr_ncp_20240406T0647198831_d_img_d18_x03200_y91520.png,0.2924,214.93,154.91,222.87,162.47
ch2_ohr_ncp_20240406T0647198831_d_img_d18_x03200_y91520.png,0.2218,387.24,347.76,392.62,355.07
ch2_ohr_ncp_20240406T0647198831_d_img_d18_x03200_y91520.png,0.2145,465.88,306.56,471.68,313.8
ch2_ohr_ncp_20240406T0647198831_d_img_d18_x03200_y91520.png,0.2088,136.08,0.0,147.78,24.7
ch2_ohr_ncp_20240406T0647198831_d_img_d18_x03200_y91520.png,0.2073,285.37,130.78,291.8,137.87
ch2_ohr_ncp_20240406T0647198831_d_img_d18_x03200_y91520.png,0.2007,246.77,198.61,251.82,204.93
ch2_ohr_ncp_20240406T0647198831_d_img_d18_x03200_y92160.png,0.3041,507.29,613.59,523.13,639.34
ch2_ohr_ncp_20240406T0647198831_d_img_d18_x03200_y94080.png,0.2797,91.79,0.0,128.98,75.32
ch2_ohr_ncp_20240406T0647198831_d_img_d18_x03200_y97280.png,0.3405,597.4,0.01,631.35,57.15
ch2_ohr_ncp_20240406T0647198831_d_img_d18_x03840_y92800.png,0.2764,50.72,568.75,106.98,640.0
ch2_ohr_ncp_20240406T0647198831_d_img_d18_x04480_y67840.png,0.2458,316.09,106.18,363.01,187.37
ch2_ohr_ncp_20240406T0647198831_d_img_d18_x04480_y68480.png,0.2448,559.16,73.93,575.63,108.82
ch2_ohr_ncp_20240406T0647198831_d_img_d18_x04480_y68480.png,0.2108,71.88,261.99,77.74,269.69
ch2_ohr_ncp_20240406T0647198831_d_img_d18_x05120_y100480.png,0.2683,112.31,456.92,147.4,514.11
ch2_ohr_ncp_20240406T0647198831_d_img_d18_x05120_y88320.png,0.3427,297.66,486.95,324.67,528.57
ch2_ohr_ncp_20240406T0647198831_d_img_d18_x05120_y88320.png,0.2145,258.84,62.67,298.34,127.26
ch2_ohr_ncp_20240406T0647198831_d_img_d18_x05120_y89600.png,0.287,176.72,0.0,206.98,47.75
ch2_ohr_ncp_20240406T0647198831_d_img_d18_x05120_y89600.png,0.2108,362.05,145.13,367.7,152.51
ch2_ohr_ncp_20240406T0647198831_d_img_d18_x05760_y67840.png,0.2012,303.01,538.52,341.21,625.64
ch2_ohr_ncp_20240406T0647198831_d_img_d18_x05760_y68480.png,0.2094,626.07,593.97,640.0,628.36
ch2_ohr_ncp_20240406T0647198831_d_img_d18_x05760_y88320.png,0.2289,246.07,471.95,291.05,561.1
ch2_ohr_ncp_20240406T0647198831_d_img_d18_x05760_y88320.png,0.2008,287.46,24.73,316.32,96.22
ch2_ohr_ncp_20240406T0647198831_d_img_d18_x05760_y88320.png,0.2002,226.1,0.48,246.8,20.55
ch2_ohr_ncp_20240406T0647198831_d_img_d18_x06400_y90240.png,0.2297,154.82,23.38,215.87,103.69
ch2_ohr_ncp_20240406T0647198831_d_img_d18_x06400_y96640.png,0.2383,242.89,212.48,247.42,218.5
ch2_ohr_ncp_20240406T0647198831_d_img_d18_x06400_y96640.png,0.2246,139.52,76.2,144.25,80.95
ch2_ohr_ncp_20240406T0647198831_d_img_d18_x06400_y98560.png,0.2406,325.16,193.67,380.19,247.93
ch2_ohr_ncp_20240406T0647198831_d_img_d18_x06400_y99200.png,0.2405,558.81,2.85,592.17,61.64
ch2_ohr_ncp_20240406T0647198831_d_img_d18_x07040_y88320.png,0.3698,128.05,14.02,154.17,73.91
ch2_ohr_ncp_20240406T0647198831_d_img_d18_x07040_y89600.png,0.2949,379.76,240.17,387.1,250.73
ch2_ohr_ncp_20240406T0647198831_d_img_d18_x07040_y89600.png,0.287,294.33,166.95,300.61,174.01
ch2_ohr_ncp_20240406T0647198831_d_img_d18_x07040_y89600.png,0.283,352.88,239.7,373.66,298.3
ch2_ohr_ncp_20240406T0647198831_d_img_d18_x07040_y89600.png,0.2746,314.92,123.97,320.75,130.08
ch2_ohr_ncp_20240406T0647198831_d_img_d18_x07040_y89600.png,0.2704,480.2,7.13,488.36,13.17
ch2_ohr_ncp_20240406T0647198831_d_img_d18_x07040_y89600.png,0.2435,428.56,180.75,433.61,186.88
ch2_ohr_ncp_20240406T0647198831_d_img_d18_x07040_y89600.png,0.2317,457.11,152.1,462.62,157.22
ch2_ohr_ncp_20240406T0647198831_d_img_d18_x07040_y89600.png,0.2307,179.64,60.79,185.05,68.18
ch2_ohr_ncp_20240406T0647198831_d_img_d18_x07040_y89600.png,0.2136,428.49,37.13,471.79,87.08
ch2_ohr_ncp_20240406T0647198831_d_img_d18_x07040_y89600.png,0.2101,315.88,107.69,320.71,113.43
ch2_ohr_ncp_20240406T0647198831_d_img_d18_x07040_y89600.png,0.2043,369.98,62.3,375.16,68.66
ch2_ohr_ncp_20240406T0647198831_d_img_d18_x07040_y89600.png,0.2042,470.0,142.7,478.35,153.37
ch2_ohr_ncp_20240406T0647198831_d_img_d18_x07040_y90240.png,0.3063,507.69,242.1,544.25,319.79
ch2_ohr_ncp_20240406T0647198831_d_img_d18_x07040_y90240.png,0.2734,45.39,396.75,80.3,464.11
ch2_ohr_ncp_20240406T0647198831_d_img_d18_x07040_y90240.png,0.2595,516.31,265.87,543.77,323.29
ch2_ohr_ncp_20240406T0647198831_d_img_d18_x07040_y90240.png,0.2348,65.82,25.23,104.02,102.61
ch2_ohr_ncp_20240406T0647198831_d_img_d18_x07680_y100480.png,0.2017,437.29,252.94,458.96,282.71
ch2_ohr_ncp_20240406T0647198831_d_img_d18_x07680_y100480.png,0.2007,173.44,289.28,188.64,322.06
ch2_ohr_ncp_20240406T0647198831_d_img_d18_x07680_y67200.png,0.2605,562.58,622.91,574.07,637.98
ch2_ohr_ncp_20240406T0647198831_d_img_d18_x07680_y67200.png,0.2458,353.41,550.42,357.89,555.32
ch2_ohr_ncp_20240406T0647198831_d_img_d18_x07680_y67200.png,0.2419,342.73,518.67,349.16,525.19
ch2_ohr_ncp_20240406T0647198831_d_img_d18_x07680_y67200.png,0.2292,346.56,301.43,351.61,306.54
ch2_ohr_ncp_20240406T0647198831_d_img_d18_x07680_y67200.png,0.2143,372.11,499.84,379.31,508.13
ch2_ohr_ncp_20240406T0647198831_d_img_d18_x07680_y90880.png,0.2492,552.96,34.88,572.23,77.55
ch2_ohr_ncp_20240406T0647198831_d_img_d18_x07680_y90880.png,0.2016,515.53,71.06,520.94,76.89
ch2_ohr_ncp_20240406T0647198831_d_img_d18_x07680_y91520.png,0.3065,311.22,571.58,360.21,640.0
ch2_ohr_ncp_20240406T0647198831_d_img_d18_x07680_y97280.png,0.243,67.11,262.72,72.43,269.02
ch2_ohr_ncp_20240406T0647198831_d_img_d18_x07680_y97280.png,0.2428,409.51,98.92,414.65,106.02
ch2_ohr_ncp_20240406T0647198831_d_img_d18_x07680_y97280.png,0.2376,64.05,526.03,75.42,542.21
ch2_ohr_ncp_20240406T0647198831_d_img_d18_x08320_y100480.png,0.2552,137.39,150.03,174.3,230.57
ch2_ohr_ncp_20240406T0647198831_d_img_d18_x08320_y100480.png,0.248,250.73,217.89,345.46,325.31
ch2_ohr_ncp_20240406T0647198831_d_img_d18_x08320_y100480.png,0.2292,163.23,411.31,169.73,420.43
ch2_ohr_ncp_20240406T0647198831_d_img_d18_x08320_y100480.png,0.2242,310.16,360.11,316.38,367.53
ch2_ohr_ncp_20240406T0647198831_d_img_d18_x08320_y100480.png,0.2221,253.01,259.14,319.45,324.41
ch2_ohr_ncp_20240406T0647198831_d_img_d18_x08320_y100480.png,0.2189,250.79,239.89,330.75,322.59
ch2_ohr_ncp_20240406T0647198831_d_img_d18_x08320_y100480.png,0.2038,356.12,429.5,395.56,472.55
ch2_ohr_ncp_20240406T0647198831_d_img_d18_x08320_y88960.png,0.2186,133.26,570.47,166.01,637.24
ch2_ohr_ncp_20240406T0647198831_d_img_d18_x08960_y90240.png,0.2082,342.15,402.84,386.64,495.9
ch2_ohr_ncp_20240406T0647198831_d_img_d18_x08960_y96000.png,0.213,384.42,274.79,435.32,370.65
ch2_ohr_ncp_20240406T0647198831_d_img_d18_x08960_y98560.png,0.232,28.74,573.54,34.33,579.44
ch2_ohr_ncp_20240406T0647198831_d_img_d18_x08960_y98560.png,0.2023,292.26,396.44,297.71,401.54
ch2_ohr_ncp_20240406T0647198831_d_img_d18_x09600_y92800.png,0.22,41.38,24.29,91.28,123.71
ch2_ohr_ncp_20240406T0647198831_d_img_d18_x09600_y97920.png,0.2171,324.0,248.31,329.67,256.44
ch2_ohr_ncp_20240406T0647198831_d_img_d18_x10240_y31360.png,0.3158,603.04,606.31,608.72,612.62
ch2_ohr_ncp_20240406T0647198831_d_img_d18_x10240_y31360.png,0.2577,495.53,529.24,502.28,537.58
ch2_ohr_ncp_20240406T0647198831_d_img_d18_x10240_y31360.png,0.2397,497.38,319.09,502.07,322.98
ch2_ohr_ncp_20240406T0647198831_d_img_d18_x10240_y31360.png,0.2299,591.48,622.21,596.83,629.44
ch2_ohr_ncp_20240406T0647198831_d_img_d18_x10240_y31360.png,0.2271,521.98,491.22,526.53,495.42
ch2_ohr_ncp_20240406T0647198831_d_img_d18_x10240_y31360.png,0.2245,566.84,364.86,573.67,374.03
ch2_ohr_ncp_20240406T0647198831_d_img_d18_x10240_y31360.png,0.2177,567.72,448.29,573.15,453.56
ch2_ohr_ncp_20240406T0647198831_d_img_d18_x10240_y31360.png,0.2028,601.65,619.25,606.0,624.24
ch2_ohr_ncp_20240406T0647198831_d_img_d18_x10240_y96640.png,0.4286,397.94,144.81,415.82,186.53
ch2_ohr_ncp_20240406T0647198831_d_img_d18_x10240_y96640.png,0.3329,463.93,20.7,469.64,26.33
ch2_ohr_ncp_20240406T0647198831_d_img_d18_x10240_y96640.png,0.2213,35.42,133.3,41.27,139.08
ch2_ohr_ncp_20240406T0647198831_d_img_d18_x10240_y96640.png,0.22,222.66,56.73,227.64,62.85
ch2_ohr_ncp_20240406T0647198831_d_img_d18_x10240_y96640.png,0.2173,482.24,31.42,486.72,37.45
ch2_ohr_ncp_20240406T0647198831_d_img_d18_x10880_y30720.png,0.2737,234.23,606.58,239.67,613.58
ch2_ohr_ncp_20240406T0647198831_d_img_d18_x10880_y30720.png,0.246,10.26,179.19,28.19,215.08
ch2_ohr_ncp_20240406T0647198831_d_img_d18_x10880_y30720.png,0.2338,283.58,109.71,289.37,118.92
ch2_ohr_ncp_20240406T0647198831_d_img_d18_x10880_y30720.png,0.2215,234.83,606.48,240.51,612.93
ch2_ohr_ncp_20240406T0647198831_d_img_d18_x10880_y91520.png,0.2479,449.55,0.0,475.97,47.08
ch2_ohr_ncp_20240406T0647198831_d_img_d18_x10880_y95360.png,0.2234,291.72,553.86,299.35,562.75
ch2_ohr_ncp_20241111T0516278303_d_img_d18_x00000_y17280.png,0.2005,24.38,0.0,34.71,6.33
ch2_ohr_ncp_20241111T0516278303_d_img_d18_x00000_y19200.png,0.4123,337.48,257.04,454.27,340.75
ch2_ohr_ncp_20241111T0516278303_d_img_d18_x00000_y24960.png,0.2157,29.27,0.0,130.0,36.97
ch2_ohr_ncp_20241111T0516278303_d_img_d18_x00640_y17920.png,0.2191,200.03,166.18,324.63,242.29
ch2_ohr_ncp_20241111T0516278303_d_img_d18_x00640_y19200.png,0.2541,301.86,240.16,308.46,245.35
ch2_ohr_ncp_20241111T0516278303_d_img_d18_x00640_y26240.png,0.2698,535.19,277.78,571.88,324.03
ch2_ohr_ncp_20241111T0516278303_d_img_d18_x01280_y18560.png,0.3333,401.45,442.77,418.3,463.63
ch2_ohr_ncp_20241111T0516278303_d_img_d18_x01920_y23680.png,0.2816,479.13,393.53,550.0,472.35
ch2_ohr_ncp_20241111T0516278303_d_img_d18_x01920_y23680.png,0.2323,478.78,402.49,535.56,474.61
ch2_ohr_ncp_20241111T0516278303_d_img_d18_x01920_y79360.png,0.3611,301.45,152.3,357.71,198.42
ch2_ohr_ncp_20241111T0516278303_d_img_d18_x01920_y79360.png,0.2075,561.28,202.96,566.22,208.02
ch2_ohr_ncp_20241111T0516278303_d_img_d18_x01920_y79360.png,0.2046,468.5,76.99,475.26,83.09
ch2_ohr_ncp_20241111T0516278303_d_img_d18_x01920_y81920.png,0.3057,283.81,318.91,339.55,380.51
ch2_ohr_ncp_20241111T0516278303_d_img_d18_x01920_y81920.png,0.2687,226.08,530.2,292.04,589.17
ch2_ohr_ncp_20241111T0516278303_d_img_d18_x01920_y81920.png,0.2449,241.13,395.05,277.75,448.93
ch2_ohr_ncp_20241111T0516278303_d_img_d18_x01920_y81920.png,0.2196,202.34,535.53,290.87,595.87
ch2_ohr_ncp_20241111T0516278303_d_img_d18_x01920_y82560.png,0.2663,236.57,334.9,250.15,348.14
ch2_ohr_ncp_20241111T0516278303_d_img_d18_x01920_y83200.png,0.4738,203.78,408.32,242.98,491.26
ch2_ohr_ncp_20241111T0516278303_d_img_d18_x01920_y83200.png,0.4312,214.53,539.8,273.55,595.22
ch2_ohr_ncp_20241111T0516278303_d_img_d18_x01920_y83200.png,0.2906,191.79,413.13,242.88,506.25
ch2_ohr_ncp_20241111T0516278303_d_img_d18_x01920_y83200.png,0.2061,36.69,92.37,83.77,148.32
ch2_ohr_ncp_20241111T0516278303_d_img_d18_x01920_y83200.png,0.2044,372.42,72.98,389.56,89.41
ch2_ohr_ncp_20241111T0516278303_d_img_d18_x01920_y83840.png,0.2362,347.13,176.81,407.13,256.94
ch2_ohr_ncp_20241111T0516278303_d_img_d18_x02560_y23680.png,0.2147,491.93,588.1,542.63,639.33
ch2_ohr_ncp_20241111T0516278303_d_img_d18_x02560_y24960.png,0.4279,247.36,18.99,325.04,109.29
ch2_ohr_ncp_20241111T0516278303_d_img_d18_x02560_y24960.png,0.3308,245.74,7.18,337.39,101.69
ch2_ohr_ncp_20241111T0516278303_d_img_d18_x02560_y24960.png,0.2252,164.76,628.72,188.65,639.94
ch2_ohr_ncp_20241111T0516278303_d_img_d18_x02560_y37760.png,0.3256,624.09,0.0,634.2,7.17
ch2_ohr_ncp_20241111T0516278303_d_img_d18_x02560_y37760.png,0.2619,594.14,44.71,600.19,49.69
ch2_ohr_ncp_20241111T0516278303_d_img_d18_x02560_y76800.png,0.2261,213.61,339.42,255.68,381.36
ch2_ohr_ncp_20241111T0516278303_d_img_d18_x02560_y76800.png,0.2195,533.86,560.17,539.79,565.4
ch2_ohr_ncp_20241111T0516278303_d_img_d18_x02560_y76800.png,0.2126,450.55,143.6,457.64,151.77
ch2_ohr_ncp_20241111T0516278303_d_img_d18_x02560_y76800.png,0.2079,356.6,413.67,365.38,420.22
ch2_ohr_ncp_20241111T0516278303_d_img_d18_x02560_y77440.png,0.2185,282.9,342.92,349.07,429.01
ch2_ohr_ncp_20241111T0516278303_d_img_d18_x02560_y78080.png,0.203,333.12,4.2,393.19,70.72
ch2_ohr_ncp_20241111T0516278303_d_img_d18_x02560_y79360.png,0.2248,33.53,548.69,92.11,603.3
ch2_ohr_ncp_20241111T0516278303_d_img_d18_x02560_y79360.png,0.2014,271.13,624.09,280.56,637.39
ch2_ohr_ncp_20241111T0516278303_d_img_d18_x02560_y79360.png,0.201,28.71,559.28,90.16,608.66
ch2_ohr_ncp_20241111T0516278303_d_img_d18_x02560_y81280.png,0.269,625.55,387.83,631.5,394.46
ch2_ohr_ncp_20241111T0516278303_d_img_d18_x02560_y81280.png,0.2144,404.94,374.59,425.86,394.26
ch2_ohr_ncp_20241111T0516278303_d_img_d18_x02560_y86400.png,0.2078,307.2,172.31,371.36,277.27
ch2_ohr_ncp_20241111T0516278303_d_img_d18_x02560_y87040.png,0.2704,162.57,0.0,181.24,7.35
ch2_ohr_ncp_20241111T0516278303_d_img_d18_x02560_y87040.png,0.2536,51.65,503.27,62.89,515.4
ch2_ohr_ncp_20241111T0516278303_d_img_d18_x02560_y87040.png,0.2335,593.44,449.53,599.45,457.18
ch2_ohr_ncp_20241111T0516278303_d_img_d18_x02560_y87680.png,0.4348,58.0,529.57,130.27,597.91
ch2_ohr_ncp_20241111T0516278303_d_img_d18_x02560_y87680.png,0.3589,47.95,27.5,89.54,92.52
ch2_ohr_ncp_20241111T0516278303_d_img_d18_x02560_y87680.png,0.3284,312.55,115.57,368.58,234.66
ch2_ohr_ncp_20241111T0516278303_d_img_d18_x02560_y87680.png,0.2902,308.61,89.92,354.2,137.03
ch2_ohr_ncp_20241111T0516278303_d_img_d18_x02560_y88320.png,0.2308,143.51,114.93,203.27,152.93
ch2_ohr_ncp_20241111T0516278303_d_img_d18_x03200_y23680.png,0.3727,132.72,0.0,208.9,43.97
ch2_ohr_ncp_20241111T0516278303_d_img_d18_x03200_y23680.png,0.2757,144.95,0.32,208.29,29.85
ch2_ohr_ncp_20241111T0516278303_d_img_d18_x03200_y24320.png,0.4791,242.15,524.39,289.48,594.12
ch2_ohr_ncp_20241111T0516278303_d_img_d18_x03200_y24320.png,0.2786,91.86,418.62,119.48,466.48
ch2_ohr_ncp_20241111T0516278303_d_img_d18_x03200_y24320.png,0.2575,288.02,39.29,362.45,115.19
ch2_ohr_ncp_20241111T0516278303_d_img_d18_x03200_y24320.png,0.2145,108.74,628.6,117.26,636.04
ch2_ohr_ncp_20241111T0516278303_d_img_d18_x03200_y25600.png,0.2029,372.78,11.56,379.92,17.94
ch2_ohr_ncp_20241111T0516278303_d_img_d18_x03200_y37120.png,0.3462,209.51,16.47,291.44,77.32
ch2_ohr_ncp_20241111T0516278303_d_img_d18_x03200_y37120.png,0.2622,210.92,28.48,252.79,76.0
ch2_ohr_ncp_20241111T0516278303_d_img_d18_x03200_y37120.png,0.2614,201.11,12.46,310.21,77.91
ch2_ohr_ncp_20241111T0516278303_d_img_d18_x03200_y37120.png,0.2317,408.64,357.28,497.72,431.85
ch2_ohr_ncp_20241111T0516278303_d_img_d18_x03200_y37120.png,0.2172,293.44,0.12,313.29,9.68
ch2_ohr_ncp_20241111T0516278303_d_img_d18_x03200_y73600.png,0.2751,111.81,566.26,168.76,640.0
ch2_ohr_ncp_20241111T0516278303_d_img_d18_x03200_y73600.png,0.2021,321.72,154.82,352.52,208.79
ch2_ohr_ncp_20241111T0516278303_d_img_d18_x03200_y74240.png,0.2954,0.68,238.23,52.22,288.48
ch2_ohr_ncp_20241111T0516278303_d_img_d18_x03200_y74240.png,0.2526,548.24,4.36,612.82,67.27
ch2_ohr_ncp_20241111T0516278303_d_img_d18_x03200_y74240.png,0.2483,183.76,222.97,243.61,285.99
ch2_ohr_ncp_20241111T0516278303_d_img_d18_x03200_y74240.png,0.2119,517.56,260.94,524.16,266.66
ch2_ohr_ncp_20241111T0516278303_d_img_d18_x03200_y74240.png,0.2012,13.54,210.75,132.68,267.53
ch2_ohr_ncp_20241111T0516278303_d_img_d18_x03200_y79360.png,0.2682,462.88,483.63,467.81,489.0
ch2_ohr_ncp_20241111T0516278303_d_img_d18_x03200_y79360.png,0.2484,463.77,483.75,468.42,489.22
ch2_ohr_ncp_20241111T0516278303_d_img_d18_x03200_y82560.png,0.2394,181.85,74.97,186.38,80.32
ch2_ohr_ncp_20241111T0516278303_d_img_d18_x03200_y82560.png,0.2212,181.55,0.0,187.4,3.42
ch2_ohr_ncp_20241111T0516278303_d_img_d18_x03200_y85120.png,0.2076,236.59,541.22,243.4,548.06
ch2_ohr_ncp_20241111T0516278303_d_img_d18_x03200_y85760.png,0.2841,268.87,190.24,275.26,198.1
ch2_ohr_ncp_20241111T0516278303_d_img_d18_x03200_y90240.png,0.2364,514.86,473.79,570.22,576.47
ch2_ohr_ncp_20241111T0516278303_d_img_d18_x03200_y90240.png,0.2081,518.52,483.06,573.62,562.62
ch2_ohr_ncp_20241111T0516278303_d_img_d18_x03840_y17920.png,0.409,142.41,319.84,149.95,327.35
ch2_ohr_ncp_20241111T0516278303_d_img_d18_x03840_y17920.png,0.3775,62.5,336.48,69.05,341.58
ch2_ohr_ncp_20241111T0516278303_d_img_d18_x03840_y17920.png,0.2914,80.05,521.31,86.1,530.71
ch2_ohr_ncp_20241111T0516278303_d_img_d18_x03840_y17920.png,0.2742,98.45,453.07,105.69,461.84
ch2_ohr_ncp_20241111T0516278303_d_img_d18_x03840_y17920.png,0.2706,93.18,473.72,98.57,479.47
ch2_ohr_ncp_20241111T0516278303_d_img_d18_x03840_y17920.png,0.2673,264.34,90.48,273.22,97.36
ch2_ohr_ncp_20241111T0516278303_d_img_d18_x03840_y17920.png,0.2313,132.99,368.31,141.48,378.91
ch2_ohr_ncp_20241111T0516278303_d_img_d18_x03840_y17920.png,0.227,154.11,558.13,159.58,563.44
ch2_ohr_ncp_20241111T0516278303_d_img_d18_x03840_y17920.png,0.2267,62.67,336.36,70.78,342.33
ch2_ohr_ncp_20241111T0516278303_d_img_d18_x03840_y17920.png,0.2134,110.53,454.89,117.74,463.43
ch2_ohr_ncp_20241111T0516278303_d_img_d18_x03840_y17920.png,0.2041,143.21,489.93,150.27,495.8
ch2_ohr_ncp_20241111T0516278303_d_img_d18_x03840_y17920.png,0.2028,116.34,486.09,120.22,490.79
ch2_ohr_ncp_20241111T0516278303_d_img_d18_x03840_y19840.png,0.2269,110.07,623.55,115.95,629.82
ch2_ohr_ncp_20241111T0516278303_d_img_d18_x03840_y19840.png,0.2166,125.48,545.72,153.23,599.67
ch2_ohr_ncp_20241111T0516278303_d_img_d18_x03840_y19840.png,0.2118,140.66,151.25,148.92,162.03
ch2_ohr_ncp_20241111T0516278303_d_img_d18_x03840_y21120.png,0.2398,133.22,539.48,196.37,624.82
ch2_ohr_ncp_20241111T0516278303_d_img_d18_x03840_y21120.png,0.2067,83.76,163.32,99.05,179.09
ch2_ohr_ncp_20241111T0516278303_d_img_d18_x03840_y22400.png,0.2048,147.87,0.0,192.91,28.25
ch2_ohr_ncp_20241111T0516278303_d_img_d18_x03840_y37760.png,0.3668,604.81,4.66,612.51,11.67
ch2_ohr_ncp_20241111T0516278303_d_img_d18_x03840_y37760.png,0.3303,173.6,65.1,184.17,73.57
ch2_ohr_ncp_20241111T0516278303_d_img_d18_x03840_y37760.png,0.3253,61.99,144.92,72.48,153.35
ch2_ohr_ncp_20241111T0516278303_d_img_d18_x03840_y37760.png,0.3152,8.71,143.24,18.43,153.72
ch2_ohr_ncp_20241111T0516278303_d_img_d18_x03840_y37760.png,0.2734,91.24,229.7,100.55,236.52
ch2_ohr_ncp_20241111T0516278303_d_img_d18_x03840_y37760.png,0.2513,127.45,99.16,133.07,104.99
ch2_ohr_ncp_20241111T0516278303_d_img_d18_x03840_y37760.png,0.2443,591.21,47.01,599.06,53.61
ch2_ohr_ncp_20241111T0516278303_d_img_d18_x03840_y37760.png,0.2291,172.81,65.3,181.56,74.12
ch2_ohr_ncp_20241111T0516278303_d_img_d18_x03840_y37760.png,0.2174,331.04,86.76,340.04,94.54
ch2_ohr_ncp_20241111T0516278303_d_img_d18_x03840_y37760.png,0.2102,300.36,58.51,309.27,66.44
ch2_ohr_ncp_20241111T0516278303_d_img_d18_x03840_y37760.png,0.2063,65.38,253.22,72.35,259.6
ch2_ohr_ncp_20241111T0516278303_d_img_d18_x03840_y70400.png,0.3059,546.64,478.28,587.46,531.95
ch2_ohr_ncp_20241111T0516278303_d_img_d18_x03840_y71680.png,0.2367,324.5,552.68,397.09,621.3
ch2_ohr_ncp_20241111T0516278303_d_img_d18_x03840_y78720.png,0.2265,155.68,175.18,219.08,243.41
ch2_ohr_ncp_20241111T0516278303_d_img_d18_x03840_y79360.png,0.2011,20.9,571.31,76.32,637.2
ch2_ohr_ncp_20241111T0516278303_d_img_d18_x03840_y81920.png,0.3295,392.33,0.0,429.91,33.68
ch2_ohr_ncp_20241111T0516278303_d_img_d18_x03840_y90880.png,0.3123,275.58,571.23,331.31,640.0
ch2_ohr_ncp_20241111T0516278303_d_img_d18_x03840_y90880.png,0.2234,442.42,407.49,477.91,446.65
ch2_ohr_ncp_20241111T0516278303_d_img_d18_x03840_y90880.png,0.2005,9.82,302.46,43.72,375.29
ch2_ohr_ncp_20241111T0516278303_d_img_d18_x03840_y91520.png,0.298,426.45,16.21,489.34,74.43
ch2_ohr_ncp_20241111T0516278303_d_img_d18_x04480_y16000.png,0.2501,145.82,130.51,191.95,184.6
ch2_ohr_ncp_20241111T0516278303_d_img_d18_x04480_y16000.png,0.2287,185.79,15.83,228.89,59.86
ch2_ohr_ncp_20241111T0516278303_d_img_d18_x04480_y16000.png,0.2039,589.73,129.76,639.23,217.32
ch2_ohr_ncp_20241111T0516278303_d_img_d18_x04480_y17920.png,0.2245,385.09,0.0,429.17,63.62
ch2_ohr_ncp_20241111T0516278303_d_img_d18_x04480_y25600.png,0.3634,596.28,582.56,636.9,638.61
ch2_ohr_ncp_20241111T0516278303_d_img_d18_x04480_y37760.png,0.387,45.89,181.04,61.09,191.67
ch2_ohr_ncp_20241111T0516278303_d_img_d18_x04480_y37760.png,0.3545,118.97,48.65,124.86,54.07
ch2_ohr_ncp_20241111T0516278303_d_img_d18_x04480_y37760.png,0.334,287.35,122.07,294.21,126.67
ch2_ohr_ncp_20241111T0516278303_d_img_d18_x04480_y37760.png,0.3296,118.6,49.2,124.34,55.07
ch2_ohr_ncp_20241111T0516278303_d_img_d18_x04480_y37760.png,0.3153,287.05,122.3,292.81,127.05
ch2_ohr_ncp_20241111T0516278303_d_img_d18_x04480_y37760.png,0.3134,257.23,147.13,263.91,152.64
ch2_ohr_ncp_20241111T0516278303_d_img_d18_x04480_y37760.png,0.2752,256.21,49.33,262.73,54.73
ch2_ohr_ncp_20241111T0516278303_d_img_d18_x04480_y37760.png,0.2334,36.99,157.4,41.46,161.61
ch2_ohr_ncp_20241111T0516278303_d_img_d18_x04480_y37760.png,0.2309,266.7,61.86,273.58,67.39
ch2_ohr_ncp_20241111T0516278303_d_img_d18_x04480_y37760.png,0.2102,17.66,249.47,26.77,257.12
ch2_ohr_ncp_20241111T0516278303_d_img_d18_x04480_y69120.png,0.5603,80.59,232.35,160.49,296.24
ch2_ohr_ncp_20241111T0516278303_d_img_d18_x04480_y69120.png,0.3994,174.46,506.62,236.91,572.44
ch2_ohr_ncp_20241111T0516278303_d_img_d18_x04480_y69120.png,0.3027,379.11,390.71,403.59,415.24
ch2_ohr_ncp_20241111T0516278303_d_img_d18_x04480_y69120.png,0.2838,98.6,477.71,157.32,532.09
ch2_ohr_ncp_20241111T0516278303_d_img_d18_x04480_y69120.png,0.2485,149.08,511.21,243.08,597.83
ch2_ohr_ncp_20241111T0516278303_d_img_d18_x04480_y69120.png,0.2344,197.44,496.12,207.68,505.9
ch2_ohr_ncp_20241111T0516278303_d_img_d18_x04480_y69120.png,0.232,98.55,358.95,122.54,392.9
ch2_ohr_ncp_20241111T0516278303_d_img_d18_x04480_y69120.png,0.2158,454.08,169.09,527.0,217.79
ch2_ohr_ncp_20241111T0516278303_d_img_d18_x04480_y69760.png,0.2399,623.3,590.06,628.42,594.56
ch2_ohr_ncp_20241111T0516278303_d_img_d18_x04480_y69760.png,0.2348,545.65,624.55,561.75,638.42
ch2_ohr_ncp_20241111T0516278303_d_img_d18_x04480_y91520.png,0.2187,131.16,61.32,167.44,113.86
ch2_ohr_ncp_20241111T0516278303_d_img_d18_x05120_y16000.png,0.4554,250.87,419.44,305.78,456.71
ch2_ohr_ncp_20241111T0516278303_d_img_d18_x05120_y16000.png,0.4511,232.96,548.59,267.16,601.24
ch2_ohr_ncp_20241111T0516278303_d_img_d18_x05120_y16000.png,0.2576,232.95,546.62,289.67,602.62
ch2_ohr_ncp_20241111T0516278303_d_img_d18_x05120_y16000.png,0.2229,4.53,129.44,29.23,144.55
ch2_ohr_ncp_20241111T0516278303_d_img_d18_x05120_y16000.png,0.2076,255.89,11.5,267.71,23.8
ch2_ohr_ncp_20241111T0516278303_d_img_d18_x05120_y17920.png,0.304,414.35,111.87,492.16,199.4
ch2_ohr_ncp_20241111T0516278303_d_img_d18_x05120_y17920.png,0.2071,415.06,116.75,477.25,192.76
ch2_ohr_ncp_20241111T0516278303_d_img_d18_x05120_y20480.png,0.3501,516.27,319.5,571.57,387.39
ch2_ohr_ncp_20241111T0516278303_d_img_d18_x05120_y20480.png,0.3101,517.06,315.84,608.88,389.75
ch2_ohr_ncp_20241111T0516278303_d_img_d18_x05120_y20480.png,0.2012,508.33,313.92,635.57,391.54
ch2_ohr_ncp_20241111T0516278303_d_img_d18_x05120_y21760.png,0.2346,345.41,604.03,374.83,635.22
ch2_ohr_ncp_20241111T0516278303_d_img_d18_x05120_y22400.png,0.2555,421.5,312.12,488.4,380.46
ch2_ohr_ncp_20241111T0516278303_d_img_d18_x05120_y22400.png,0.2129,82.84,588.58,126.77,637.88
ch2_ohr_ncp_20241111T0516278303_d_img_d18_x05120_y23040.png,0.2462,342.86,517.01,404.19,609.01
ch2_ohr_ncp_20241111T0516278303_d_img_d18_x05120_y36480.png,0.2944,437.76,8.91,446.66,17.08
ch2_ohr_ncp_20241111T0516278303_d_img_d18_x05120_y67200.png,0.2201,155.53,303.36,164.92,312.13
ch2_ohr_ncp_20241111T0516278303_d_img_d18_x05120_y71040.png,0.2606,206.34,500.12,214.25,507.6
ch2_ohr_ncp_20241111T0516278303_d_img_d18_x05120_y85120.png,0.2089,107.31,86.13,114.37,92.93
ch2_ohr_ncp_20241111T0516278303_d_img_d18_x05120_y85760.png,0.2463,20.7,90.24,27.88,97.79
ch2_ohr_ncp_20241111T0516278303_d_img_d18_x05760_y15360.png,0.308,167.57,258.15,198.91,312.86
ch2_ohr_ncp_20241111T0516278303_d_img_d18_x05760_y15360.png,0.2179,0.0,261.91,49.79,369.35
ch2_ohr_ncp_20241111T0516278303_d_img_d18_x05760_y15360.png,0.2137,191.27,0.03,204.09,9.56
ch2_ohr_ncp_20241111T0516278303_d_img_d18_x05760_y16000.png,0.2458,406.84,421.99,414.03,429.85
ch2_ohr_ncp_20241111T0516278303_d_img_d18_x05760_y16640.png,0.2092,256.44,628.73,274.08,639.54
ch2_ohr_ncp_20241111T0516278303_d_img_d18_x05760_y17920.png,0.2359,109.21,0.0,156.72,30.53
ch2_ohr_ncp_20241111T0516278303_d_img_d18_x05760_y18560.png,0.4354,94.37,7.79,99.96,13.05
ch2_ohr_ncp_20241111T0516278303_d_img_d18_x05760_y18560.png,0.3648,121.94,0.09,126.72,5.75
ch2_ohr_ncp_20241111T0516278303_d_img_d18_x05760_y18560.png,0.3317,39.58,0.0,46.37,3.23
ch2_ohr_ncp_20241111T0516278303_d_img_d18_x05760_y18560.png,0.3016,94.81,7.46,101.29,13.12
ch2_ohr_ncp_20241111T0516278303_d_img_d18_x05760_y18560.png,0.2785,309.62,621.97,322.41,632.9
ch2_ohr_ncp_20241111T0516278303_d_img_d18_x05760_y18560.png,0.2598,0.0,377.72,67.97,459.81
ch2_ohr_ncp_20241111T0516278303_d_img_d18_x05760_y18560.png,0.2525,505.49,403.42,534.93,452.72
ch2_ohr_ncp_20241111T0516278303_d_img_d18_x05760_y18560.png,0.232,98.57,26.29,104.88,32.61
ch2_ohr_ncp_20241111T0516278303_d_img_d18_x05760_y18560.png,0.2281,0.0,378.56,55.83,474.98
ch2_ohr_ncp_20241111T0516278303_d_img_d18_x05760_y18560.png,0.2137,38.55,0.19,46.02,4.51
ch2_ohr_ncp_20241111T0516278303_d_img_d18_x05760_y18560.png,0.2095,543.71,378.95,586.15,407.73
ch2_ohr_ncp_20241111T0516278303_d_img_d18_x05760_y18560.png,0.2082,124.18,0.11,129.59,5.12
ch2_ohr_ncp_20241111T0516278303_d_img_d18_x05760_y18560.png,0.2041,312.36,31.17,318.23,36.32
ch2_ohr_ncp_20241111T0516278303_d_img_d18_x05760_y19200.png,0.2445,620.2,67.72,640.0,105.86
ch2_ohr_ncp_20241111T0516278303_d_img_d18_x05760_y20480.png,0.3415,238.66,507.29,313.39,575.41
ch2_ohr_ncp_20241111T0516278303_d_img_d18_x05760_y21120.png,0.2933,188.75,630.32,196.13,635.8
ch2_ohr_ncp_20241111T0516278303_d_img_d18_x05760_y21120.png,0.2332,294.37,556.22,300.98,562.69
ch2_ohr_ncp_20241111T0516278303_d_img_d18_x05760_y21760.png,0.2439,463.53,54.8,514.54,132.69
ch2_ohr_ncp_20241111T0516278303_d_img_d18_x05760_y24320.png,0.3026,248.87,250.99,319.64,336.89
ch2_ohr_ncp_20241111T0516278303_d_img_d18_x05760_y24320.png,0.2609,219.35,394.43,262.83,440.6
ch2_ohr_ncp_20241111T0516278303_d_img_d18_x05760_y26240.png,0.2125,140.2,101.12,187.13,190.9
ch2_ohr_ncp_20241111T0516278303_d_img_d18_x05760_y33280.png,0.3471,308.59,11.1,340.11,35.63
ch2_ohr_ncp_20241111T0516278303_d_img_d18_x05760_y65280.png,0.2889,627.72,285.28,633.73,290.27
ch2_ohr_ncp_20241111T0516278303_d_img_d18_x05760_y65280.png,0.2237,442.45,161.76,452.65,169.11
ch2_ohr_ncp_20241111T0516278303_d_img_d18_x05760_y67840.png,0.2559,111.76,500.06,162.75,585.01
ch2_ohr_ncp_20241111T0516278303_d_img_d18_x05760_y67840.png,0.2312,109.12,481.86,183.45,573.94
ch2_ohr_ncp_20241111T0516278303_d_img_d18_x05760_y68480.png,0.2085,473.58,562.32,483.54,574.32
ch2_ohr_ncp_20241111T0516278303_d_img_d18_x05760_y74880.png,0.2671,387.34,0.65,395.94,11.47
ch2_ohr_ncp_20241111T0516278303_d_img_d18_x05760_y82560.png,0.2924,0.03,623.46,6.6,630.46
ch2_ohr_ncp_20241111T0516278303_d_img_d18_x05760_y83200.png,0.2747,25.55,83.03,31.13,90.84
ch2_ohr_ncp_20241111T0516278303_d_img_d18_x05760_y83200.png,0.2198,14.45,607.03,19.96,612.78
ch2_ohr_ncp_20241111T0516278303_d_img_d18_x05760_y83840.png,0.2539,39.45,78.4,47.78,86.15
ch2_ohr_ncp_20241111T0516278303_d_img_d18_x06400_y15360.png,0.2128,20.7,0.0,81.31,33.71
ch2_ohr_ncp_20241111T0516278303_d_img_d18_x06400_y17280.png,0.2688,561.86,0.48,594.02,46.17
ch2_ohr_ncp_20241111T0516278303_d_img_d18_x06400_y17280.png,0.2304,630.52,3.02,638.78,11.32
ch2_ohr_ncp_20241111T0516278303_d_img_d18_x06400_y17280.png,0.2174,256.71,161.41,330.58,248.37
ch2_ohr_ncp_20241111T0516278303_d_img_d18_x06400_y18560.png,0.2019,333.19,609.72,342.61,617.33
ch2_ohr_ncp_20241111T0516278303_d_img_d18_x06400_y19200.png,0.2251,82.79,1.24,90.44,11.25
ch2_ohr_ncp_20241111T0516278303_d_img_d18_x06400_y21120.png,0.2244,561.91,93.27,635.01,171.36
ch2_ohr_ncp_20241111T0516278303_d_img_d18_x06400_y21120.png,0.2116,631.47,20.31,638.2,27.59
ch2_ohr_ncp_20241111T0516278303_d_img_d18_x06400_y22400.png,0.5736,448.99,103.71,537.78,205.39
ch2_ohr_ncp_20241111T0516278303_d_img_d18_x06400_y22400.png,0.2938,438.62,126.06,495.05,210.85
ch2_ohr_ncp_20241111T0516278303_d_img_d18_x06400_y26880.png,0.2936,109.44,515.94,186.56,595.51
ch2_ohr_ncp_20241111T0516278303_d_img_d18_x06400_y35840.png,0.2185,7.8,594.86,12.92,599.38
ch2_ohr_ncp_20241111T0516278303_d_img_d18_x06400_y35840.png,0.2159,110.46,40.08,117.82,46.5
ch2_ohr_ncp_20241111T0516278303_d_img_d18_x06400_y35840.png,0.2046,102.14,55.09,107.64,60.25
ch2_ohr_ncp_20241111T0516278303_d_img_d18_x06400_y76800.png,0.2175,0.05,98.49,6.04,104.99
ch2_ohr_ncp_20241111T0516278303_d_img_d18_x06400_y79360.png,0.3029,94.89,18.17,101.32,27.36
ch2_ohr_ncp_20241111T0516278303_d_img_d18_x07040_y14720.png,0.2119,219.29,0.0,226.91,14.33
ch2_ohr_ncp_20241111T0516278303_d_img_d18_x07040_y17280.png,0.2675,28.6,190.16,36.29,196.26
ch2_ohr_ncp_20241111T0516278303_d_img_d18_x07040_y17280.png,0.2287,136.13,34.72,146.25,46.92
ch2_ohr_ncp_20241111T0516278303_d_img_d18_x07040_y17280.png,0.2179,253.68,0.24,260.46,7.48
ch2_ohr_ncp_20241111T0516278303_d_img_d18_x07040_y17280.png,0.2176,67.14,236.56,73.79,243.56
ch2_ohr_ncp_20241111T0516278303_d_img_d18_x07040_y17280.png,0.2065,178.54,490.7,187.79,499.52
ch2_ohr_ncp_20241111T0516278303_d_img_d18_x07040_y17280.png,0.2061,229.03,467.12,235.55,473.05
ch2_ohr_ncp_20241111T0516278303_d_img_d18_x07040_y17280.png,0.2039,247.13,497.72,255.78,507.42
ch2_ohr_ncp_20241111T0516278303_d_img_d18_x07040_y17920.png,0.4902,467.06,173.36,513.9,229.04
ch2_ohr_ncp_20241111T0516278303_d_img_d18_x07040_y18560.png,0.4439,251.93,486.09,305.91,560.34
ch2_ohr_ncp_20241111T0516278303_d_img_d18_x07040_y18560.png,0.2179,252.98,474.26,320.03,563.25
ch2_ohr_ncp_20241111T0516278303_d_img_d18_x07040_y23040.png,0.3557,415.06,92.19,479.35,157.97
ch2_ohr_ncp_20241111T0516278303_d_img_d18_x07040_y25600.png,0.293,51.25,2.9,102.21,40.72
ch2_ohr_ncp_20241111T0516278303_d_img_d18_x07040_y64000.png,0.352,328.62,161.44,365.93,195.96
ch2_ohr_ncp_20241111T0516278303_d_img_d18_x07040_y64000.png,0.2169,171.52,481.86,192.58,494.15
ch2_ohr_ncp_20241111T0516278303_d_img_d18_x07040_y67840.png,0.2413,483.92,0.0,608.19,84.29
ch2_ohr_ncp_20241111T0516278303_d_img_d18_x07040_y74880.png,0.2018,222.3,288.4,229.21,294.53
ch2_ohr_ncp_20241111T0516278303_d_img_d18_x07040_y75520.png,0.2283,104.23,41.01,110.57,48.49
ch2_ohr_ncp_20241111T0516278303_d_img_d18_x07040_y76160.png,0.3518,40.67,363.67,47.26,370.85
ch2_ohr_ncp_20241111T0516278303_d_img_d18_x07040_y76160.png,0.2013,33.62,231.06,39.07,236.1
ch2_ohr_ncp_20241111T0516278303_d_img_d18_x07680_y14720.png,0.5417,212.48,174.83,272.51,245.47
ch2_ohr_ncp_20241111T0516278303_d_img_d18_x07680_y14720.png,0.3942,213.3,185.76,260.91,244.59
ch2_ohr_ncp_20241111T0516278303_d_img_d18_x07680_y14720.png,0.3785,294.72,496.91,359.06,577.25
ch2_ohr_ncp_20241111T0516278303_d_img_d18_x07680_y14720.png,0.2737,226.06,437.18,248.14,473.61
ch2_ohr_ncp_20241111T0516278303_d_img_d18_x07680_y14720.png,0.2238,413.95,2.34,423.9,13.93
ch2_ohr_ncp_20241111T0516278303_d_img_d18_x07680_y20480.png,0.2172,538.65,472.11,596.57,551.45
ch2_ohr_ncp_20241111T0516278303_d_img_d18_x07680_y22400.png,0.2073,13.08,0.0,78.43,50.5
ch2_ohr_ncp_20241111T0516278303_d_img_d18_x07680_y27520.png,0.232,595.57,530.47,638.94,602.36
ch2_ohr_ncp_20241111T0516278303_d_img_d18_x07680_y33920.png,0.2937,152.59,7.8,160.01,14.21
ch2_ohr_ncp_20241111T0516278303_d_img_d18_x07680_y62720.png,0.2114,0.0,409.01,80.75,498.26
ch2_ohr_ncp_20241111T0516278303_d_img_d18_x07680_y63360.png,0.4163,0.0,113.58,99.17,197.82
ch2_ohr_ncp_20241111T0516278303_d_img_d18_x07680_y64000.png,0.3096,160.61,95.76,228.55,169.52
ch2_ohr_ncp_20241111T0516278303_d_img_d18_x07680_y72960.png,0.2888,27.22,237.88,35.96,245.41
ch2_ohr_ncp_20241111T0516278303_d_img_d18_x07680_y72960.png,0.2504,48.63,12.96,60.57,24.97
ch2_ohr_ncp_20241111T0516278303_d_img_d18_x07680_y74240.png,0.2604,22.55,517.38,28.92,523.72
ch2_ohr_ncp_20241111T0516278303_d_img_d18_x08320_y13440.png,0.2159,442.92,58.88,473.54,113.6
ch2_ohr_ncp_20241111T0516278303_d_img_d18_x08320_y17280.png,0.4527,285.58,0.0,398.44,69.55
ch2_ohr_ncp_20241111T0516278303_d_img_d18_x08320_y20480.png,0.2997,47.66,236.11,90.71,304.06
ch2_ohr_ncp_20241111T0516278303_d_img_d18_x08320_y23680.png,0.2141,632.71,274.96,638.6,282.41
ch2_ohr_ncp_20241111T0516278303_d_img_d18_x08320_y27520.png,0.3517,0.6,507.27,60.77,537.65
ch2_ohr_ncp_20241111T0516278303_d_img_d18_x08320_y27520.png,0.2165,352.24,413.06,392.94,519.31
ch2_ohr_ncp_20241111T0516278303_d_img_d18_x08320_y61440.png,0.2746,26.77,558.78,41.5,574.51
ch2_ohr_ncp_20241111T0516278303_d_img_d18_x08320_y61440.png,0.2669,246.12,125.55,350.7,225.48
ch2_ohr_ncp_20241111T0516278303_d_img_d18_x08320_y62080.png,0.2736,56.88,316.09,115.26,372.96
ch2_ohr_ncp_20241111T0516278303_d_img_d18_x08320_y62080.png,0.2067,82.97,380.88,104.88,398.79
ch2_ohr_ncp_20241111T0516278303_d_img_d18_x08320_y67200.png,0.2313,365.79,0.0,429.41,41.68
ch2_ohr_ncp_20241111T0516278303_d_img_d18_x08960_y14080.png,0.316,142.39,494.29,191.65,594.39
ch2_ohr_ncp_20241111T0516278303_d_img_d18_x08960_y15360.png,0.2971,463.33,491.5,515.0,594.08
ch2_ohr_ncp_20241111T0516278303_d_img_d18_x08960_y15360.png,0.254,464.19,468.01,561.08,585.33
ch2_ohr_ncp_20241111T0516278303_d_img_d18_x08960_y15360.png,0.2469,465.24,483.38,542.87,590.88
ch2_ohr_ncp_20241111T0516278303_d_img_d18_x08960_y19840.png,0.2333,294.02,324.75,389.4,442.74
ch2_ohr_ncp_20241111T0516278303_d_img_d18_x08960_y19840.png,0.2187,313.84,325.35,393.16,397.78
ch2_ohr_ncp_20241111T0516278303_d_img_d18_x08960_y19840.png,0.2169,320.47,322.24,393.63,383.01
ch2_ohr_ncp_20241111T0516278303_d_img_d18_x08960_y21760.png,0.3198,80.85,21.21,86.58,26.98
ch2_ohr_ncp_20241111T0516278303_d_img_d18_x08960_y21760.png,0.2935,282.73,406.4,332.24,478.68
ch2_ohr_ncp_20241111T0516278303_d_img_d18_x08960_y60800.png,0.307,434.56,377.7,452.69,391.01
ch2_ohr_ncp_20241111T0516278303_d_img_d18_x08960_y70400.png,0.2945,43.95,97.82,51.32,105.11
ch2_ohr_ncp_20241111T0516278303_d_img_d18_x09600_y15360.png,0.2163,198.54,301.6,292.56,409.97
ch2_ohr_ncp_20241111T0516278303_d_img_d18_x09600_y16000.png,0.45,0.64,552.79,50.48,631.02
ch2_ohr_ncp_20241111T0516278303_d_img_d18_x09600_y16000.png,0.2806,4.09,543.86,65.9,629.81
ch2_ohr_ncp_20241111T0516278303_d_img_d18_x09600_y18560.png,0.2844,315.37,548.35,326.4,557.04
ch2_ohr_ncp_20241111T0516278303_d_img_d18_x09600_y19200.png,0.2727,472.88,537.72,477.5,543.02
ch2_ohr_ncp_20241111T0516278303_d_img_d18_x09600_y19200.png,0.2598,519.16,123.79,534.13,146.43
ch2_ohr_ncp_20241111T0516278303_d_img_d18_x09600_y19200.png,0.246,574.78,196.43,579.45,201.6
ch2_ohr_ncp_20241111T0516278303_d_img_d18_x09600_y19200.png,0.244,492.99,465.23,499.44,470.82
ch2_ohr_ncp_20241111T0516278303_d_img_d18_x09600_y19200.png,0.2233,316.81,620.73,324.92,627.83
ch2_ohr_ncp_20241111T0516278303_d_img_d18_x09600_y19200.png,0.2197,603.7,183.4,608.72,188.27
ch2_ohr_ncp_20241111T0516278303_d_img_d18_x09600_y19200.png,0.2065,535.76,0.03,583.79,24.24
ch2_ohr_ncp_20241111T0516278303_d_img_d18_x09600_y19200.png,0.2021,331.22,632.01,336.52,637.16
ch2_ohr_ncp_20241111T0516278303_d_img_d18_x09600_y19200.png,0.202,498.54,482.15,504.21,487.89
ch2_ohr_ncp_20241111T0516278303_d_img_d18_x09600_y23680.png,0.2683,215.51,0.5,298.52,71.65
ch2_ohr_ncp_20241111T0516278303_d_img_d18_x09600_y23680.png,0.2457,214.98,10.7,252.65,69.65
ch2_ohr_ncp_20241111T0516278303_d_img_d18_x09600_y24960.png,0.2111,366.53,417.42,478.32,493.9
ch2_ohr_ncp_20241111T0516278303_d_img_d18_x09600_y26240.png,0.2211,55.42,0.0,69.11,11.53
ch2_ohr_ncp_20241111T0516278303_d_img_d18_x09600_y26880.png,0.225,13.31,143.54,17.36,148.36
ch2_ohr_ncp_20241111T0516278303_d_img_d18_x09600_y26880.png,0.2223,26.54,0.0,32.98,5.37
ch2_ohr_ncp_20241111T0516278303_d_img_d18_x09600_y26880.png,0.2134,325.11,5.4,330.71,11.44
ch2_ohr_ncp_20241111T0516278303_d_img_d18_x09600_y26880.png,0.2068,101.43,25.16,108.75,31.38
ch2_ohr_ncp_20241111T0516278303_d_img_d18_x10240_y17280.png,0.3393,235.43,185.52,296.96,294.73
ch2_ohr_ncp_20241111T0516278303_d_img_d18_x10240_y17280.png,0.2348,236.11,171.23,326.09,288.94
ch2_ohr_ncp_20241111T0516278303_d_img_d18_x10240_y58240.png,0.2389,453.55,323.86,488.8,343.61
ch2_ohr_ncp_20241111T0516278303_d_img_d18_x10240_y67840.png,0.2644,104.36,25.38,110.91,31.91
ch2_ohr_ncp_20241111T0516278303_d_img_d18_x10880_y57600.png,0.2105,330.71,526.34,414.6,600.19
ch2_ohr_ncp_20241111T0516278303_d_img_d18_x10880_y58240.png,0.238,76.5,296.41,159.53,374.21
ch2_ohr_ncp_20241111T0516278303_d_img_d18_x10880_y58880.png,0.4026,354.16,418.53,430.67,489.18
ch2_ohr_ncp_20241111T0516278303_d_img_d18_x10880_y58880.png,0.2789,0.0,254.33,70.74,302.93
ch2_ohr_ncp_20241111T0516278303_d_img_d18_x10880_y59520.png,0.2029,184.46,223.12,246.77,301.61
ch2_ohr_ncp_20241111T0516278303_d_img_d18_x10880_y66560.png,0.2945,53.06,72.44,60.24,78.29
ch2_ohr_ncp_20241111T0516278303_d_img_d18_x10880_y67200.png,0.2306,25.54,46.36,35.17,56.79
ch2_ohr_ncp_20241111T0516278303_d_img_d18_x11520_y21120.png,0.306,168.34,479.0,218.43,534.5
ch2_ohr_ncp_20241111T0516278303_d_img_d18_x11520_y25600.png,0.3933,323.03,548.01,392.68,617.11
ch2_ohr_ncp_20241111T0516278303_d_img_d18_x11520_y62080.png,0.3186,86.64,439.71,101.42,451.41
ch2_ohr_ncp_20241111T0516278303_d_img_d18_x11520_y62080.png,0.217,96.02,319.85,102.31,332.41
ch2_ohr_ncp_20241111T0516278303_d_img_d18_x11520_y62720.png,0.2038,128.37,57.86,176.63,116.23
ch2_ohr_ncp_20241111T0516278303_d_img_d18_x11520_y64000.png,0.2566,216.96,283.75,233.01,300.39
ch2_ohr_ncp_20241111T0516278303_d_img_d18_x11520_y64000.png,0.2033,404.16,334.7,415.36,346.38
ch2_ohr_ncp_20241111T0516278303_d_img_d18_x11520_y64640.png,0.3673,380.78,383.59,390.72,392.87
ch2_ohr_ncp_20241111T0516278303_d_img_d18_x11520_y64640.png,0.3341,400.23,351.96,412.16,362.1
ch2_ohr_ncp_20241111T0516278303_d_img_d18_x11520_y64640.png,0.2855,340.01,601.32,350.77,609.44
ch2_ohr_ncp_20241111T0516278303_d_img_d18_x11520_y64640.png,0.2092,379.36,384.21,390.94,395.79
ch2_ohr_ncp_20241111T0516278303_d_img_d18_x11520_y65280.png,0.2003,14.23,164.07,27.06,177.85
ch2_ohr_ncp_20241111T0516278303_d_img_d18_x11520_y65920.png,0.425,0.0,189.97,6.95,197.66
ch2_ohr_ncp_20241115T1326321339_d_img_d18_x00000_y64640.png,0.2063,623.81,563.28,629.79,567.94
ch2_ohr_ncp_20241115T1326321339_d_img_d18_x00000_y69120.png,0.4482,492.0,444.68,500.41,452.35
ch2_ohr_ncp_20241115T1326321339_d_img_d18_x00000_y69120.png,0.4203,516.08,400.25,524.24,406.94
ch2_ohr_ncp_20241115T1326321339_d_img_d18_x00000_y69120.png,0.4038,593.55,334.17,608.21,348.55
ch2_ohr_ncp_20241115T1326321339_d_img_d18_x00000_y69120.png,0.3356,255.76,514.43,265.7,524.52
ch2_ohr_ncp_20241115T1326321339_d_img_d18_x00000_y69120.png,0.3279,188.02,507.57,199.16,520.15
ch2_ohr_ncp_20241115T1326321339_d_img_d18_x00000_y69120.png,0.2994,388.64,394.75,395.29,400.86
ch2_ohr_ncp_20241115T1326321339_d_img_d18_x00000_y69120.png,0.2955,598.88,463.87,611.06,474.7
ch2_ohr_ncp_20241115T1326321339_d_img_d18_x00000_y69120.png,0.2577,588.52,481.38,593.77,486.84
ch2_ohr_ncp_20241115T1326321339_d_img_d18_x00000_y69120.png,0.2552,254.31,483.96,259.7,489.45
ch2_ohr_ncp_20241115T1326321339_d_img_d18_x00000_y69120.png,0.2456,447.56,340.13,452.83,345.06
ch2_ohr_ncp_20241115T1326321339_d_img_d18_x00000_y69120.png,0.2357,526.92,429.92,532.56,435.45
ch2_ohr_ncp_20241115T1326321339_d_img_d18_x00000_y69120.png,0.2299,573.24,404.22,577.61,408.79
ch2_ohr_ncp_20241115T1326321339_d_img_d18_x00000_y69120.png,0.2292,577.04,425.15,593.62,438.19
ch2_ohr_ncp_20241115T1326321339_d_img_d18_x00000_y69120.png,0.2265,423.86,543.89,431.29,551.66
ch2_ohr_ncp_20241115T1326321339_d_img_d18_x00000_y69120.png,0.2184,480.32,378.25,484.01,382.16
ch2_ohr_ncp_20241115T1326321339_d_img_d18_x00000_y69120.png,0.2114,488.93,373.02,496.75,381.02
ch2_ohr_ncp_20241115T1326321339_d_img_d18_x00000_y69120.png,0.2013,148.71,20.33,226.6,105.71
ch2_ohr_ncp_20241115T1326321339_d_img_d18_x00000_y69760.png,0.4012,411.11,14.04,421.25,24.8
ch2_ohr_ncp_20241115T1326321339_d_img_d18_x00000_y69760.png,0.3715,253.74,176.22,261.17,183.6
ch2_ohr_ncp_20241115T1326321339_d_img_d18_x00000_y69760.png,0.3603,405.21,209.59,410.41,215.38
ch2_ohr_ncp_20241115T1326321339_d_img_d18_x00000_y69760.png,0.3018,167.58,0.08,175.7,7.63
ch2_ohr_ncp_20241115T1326321339_d_img_d18_x00000_y69760.png,0.2731,631.75,10.71,637.67,17.75
ch2_ohr_ncp_20241115T1326321339_d_img_d18_x00000_y69760.png,0.2569,366.29,79.63,372.58,87.17
ch2_ohr_ncp_20241115T1326321339_d_img_d18_x00000_y69760.png,0.2402,81.6,109.51,87.87,115.44
ch2_ohr_ncp_20241115T1326321339_d_img_d18_x00000_y69760.png,0.2246,375.92,368.49,381.7,375.23
ch2_ohr_ncp_20241115T1326321339_d_img_d18_x00000_y69760.png,0.2193,68.82,190.15,74.61,195.85
ch2_ohr_ncp_20241115T1326321339_d_img_d18_x00000_y69760.png,0.2157,526.62,153.17,531.53,158.36
ch2_ohr_ncp_20241115T1326321339_d_img_d18_x00000_y71680.png,0.2396,512.08,20.22,517.98,26.91
ch2_ohr_ncp_20241115T1326321339_d_img_d18_x00640_y62720.png,0.2273,160.68,523.17,252.71,595.84
ch2_ohr_ncp_20241115T1326321339_d_img_d18_x00640_y62720.png,0.2224,159.24,534.06,225.05,600.64
ch2_ohr_ncp_20241115T1326321339_d_img_d18_x00640_y65280.png,0.2585,430.27,535.69,505.39,609.52
ch2_ohr_ncp_20241115T1326321339_d_img_d18_x00640_y65280.png,0.2226,431.32,552.69,488.41,609.48
ch2_ohr_ncp_20241115T1326321339_d_img_d18_x00640_y65920.png,0.2011,338.69,0.0,355.21,7.05
ch2_ohr_ncp_20241115T1326321339_d_img_d18_x00640_y67200.png,0.2621,540.76,576.41,546.92,582.86
ch2_ohr_ncp_20241115T1326321339_d_img_d18_x00640_y67200.png,0.207,75.92,66.33,95.11,80.9
ch2_ohr_ncp_20241115T1326321339_d_img_d18_x00640_y69760.png,0.2897,630.03,452.22,637.03,459.19
ch2_ohr_ncp_20241115T1326321339_d_img_d18_x00640_y69760.png,0.2181,121.63,47.06,126.83,51.71
ch2_ohr_ncp_20241115T1326321339_d_img_d18_x00640_y69760.png,0.204,628.49,381.54,634.32,387.23
ch2_ohr_ncp_20241115T1326321339_d_img_d18_x00640_y71040.png,0.2704,584.9,624.3,590.95,630.06
ch2_ohr_ncp_20241115T1326321339_d_img_d18_x00640_y71040.png,0.2511,633.63,585.18,639.47,592.54
ch2_ohr_ncp_20241115T1326321339_d_img_d18_x00640_y72960.png,0.3302,30.23,76.3,36.47,83.15
ch2_ohr_ncp_20241115T1326321339_d_img_d18_x00640_y89600.png,0.4105,354.43,0.0,406.2,31.53
ch2_ohr_ncp_20241115T1326321339_d_img_d18_x00640_y89600.png,0.3691,53.26,220.84,98.84,248.2
ch2_ohr_ncp_20241115T1326321339_d_img_d18_x00640_y89600.png,0.2403,166.82,378.36,256.99,443.55
ch2_ohr_ncp_20241115T1326321339_d_img_d18_x00640_y89600.png,0.2341,561.94,0.0,639.0,56.51
ch2_ohr_ncp_20241115T1326321339_d_img_d18_x00640_y89600.png,0.2029,194.83,174.11,209.37,182.96
ch2_ohr_ncp_20241115T1326321339_d_img_d18_x01280_y66560.png,0.3356,84.63,29.46,155.15,86.04
ch2_ohr_ncp_20241115T1326321339_d_img_d18_x01280_y66560.png,0.3178,130.21,521.26,203.81,591.15
ch2_ohr_ncp_20241115T1326321339_d_img_d18_x01280_y66560.png,0.2344,83.6,81.47,104.47,105.74
ch2_ohr_ncp_20241115T1326321339_d_img_d18_x01280_y67200.png,0.2417,556.82,417.26,563.34,423.99
ch2_ohr_ncp_20241115T1326321339_d_img_d18_x01280_y68480.png,0.293,0.11,437.18,54.98,521.43
ch2_ohr_ncp_20241115T1326321339_d_img_d18_x01280_y68480.png,0.2448,621.02,61.52,628.93,71.06
ch2_ohr_ncp_20241115T1326321339_d_img_d18_x01280_y69760.png,0.2328,70.77,146.82,184.47,237.39
ch2_ohr_ncp_20241115T1326321339_d_img_d18_x01280_y69760.png,0.2186,576.38,304.53,582.65,312.23
ch2_ohr_ncp_20241115T1326321339_d_img_d18_x01280_y69760.png,0.2116,448.96,560.1,455.05,567.04
ch2_ohr_ncp_20241115T1326321339_d_img_d18_x01280_y70400.png,0.3733,529.2,591.71,536.49,599.25
ch2_ohr_ncp_20241115T1326321339_d_img_d18_x01280_y70400.png,0.3458,265.47,625.75,270.84,631.85
ch2_ohr_ncp_20241115T1326321339_d_img_d18_x01280_y70400.png,0.3392,400.96,503.02,408.8,511.67
ch2_ohr_ncp_20241115T1326321339_d_img_d18_x01280_y70400.png,0.2896,597.19,369.16,603.63,375.51
ch2_ohr_ncp_20241115T1326321339_d_img_d18_x01280_y70400.png,0.2575,632.62,345.68,639.25,353.17
ch2_ohr_ncp_20241115T1326321339_d_img_d18_x01280_y70400.png,0.2501,433.08,586.41,437.63,591.8
ch2_ohr_ncp_20241115T1326321339_d_img_d18_x01280_y70400.png,0.2263,382.7,438.5,391.27,447.64
ch2_ohr_ncp_20241115T1326321339_d_img_d18_x01280_y70400.png,0.2253,432.45,586.52,436.8,591.65
ch2_ohr_ncp_20241115T1326321339_d_img_d18_x01280_y70400.png,0.2104,462.27,73.29,468.07,79.22
ch2_ohr_ncp_20241115T1326321339_d_img_d18_x01280_y70400.png,0.2037,161.51,446.85,169.12,455.24
ch2_ohr_ncp_20241115T1326321339_d_img_d18_x01280_y72960.png,0.2302,128.17,2.24,134.52,7.92
ch2_ohr_ncp_20241115T1326321339_d_img_d18_x01280_y89600.png,0.25,540.47,440.67,547.85,447.18
ch2_ohr_ncp_20241115T1326321339_d_img_d18_x01280_y89600.png,0.2192,545.07,427.54,550.08,431.88
ch2_ohr_ncp_20241115T1326321339_d_img_d18_x01920_y62080.png,0.3626,199.82,99.76,261.87,144.42
ch2_ohr_ncp_20241115T1326321339_d_img_d18_x01920_y62080.png,0.2831,4.71,231.42,47.3,266.81
ch2_ohr_ncp_20241115T1326321339_d_img_d18_x01920_y62080.png,0.2042,623.0,617.9,630.55,624.49
ch2_ohr_ncp_20241115T1326321339_d_img_d18_x01920_y74880.png,0.2099,0.0,553.38,62.51,640.0
ch2_ohr_ncp_20241115T1326321339_d_img_d18_x02560_y63360.png,0.5895,546.22,567.93,590.98,629.95
ch2_ohr_ncp_20241115T1326321339_d_img_d18_x02560_y63360.png,0.5567,155.18,338.69,213.91,399.57
ch2_ohr_ncp_20241115T1326321339_d_img_d18_x02560_y63360.png,0.4982,216.6,422.38,256.69,473.52
ch2_ohr_ncp_20241115T1326321339_d_img_d18_x02560_y63360.png,0.2879,152.88,345.33,194.3,402.05
ch2_ohr_ncp_20241115T1326321339_d_img_d18_x02560_y63360.png,0.281,111.22,503.5,117.42,509.58
ch2_ohr_ncp_20241115T1326321339_d_img_d18_x02560_y63360.png,0.2732,259.8,14.2,327.56,99.13
ch2_ohr_ncp_20241115T1326321339_d_img_d18_x02560_y63360.png,0.2601,621.0,580.6,638.43,599.51
ch2_ohr_ncp_20241115T1326321339_d_img_d18_x02560_y63360.png,0.2278,618.93,115.38,639.92,159.93
ch2_ohr_ncp_20241115T1326321339_d_img_d18_x02560_y63360.png,0.2241,225.49,384.77,237.79,395.99
ch2_ohr_ncp_20241115T1326321339_d_img_d18_x02560_y63360.png,0.2089,4.52,283.52,9.49,289.6
ch2_ohr_ncp_20241115T1326321339_d_img_d18_x02560_y63360.png,0.2055,491.26,144.51,498.34,151.35
ch2_ohr_ncp_20241115T1326321339_d_img_d18_x02560_y65920.png,0.2914,352.9,505.17,359.54,511.74
ch2_ohr_ncp_20241115T1326321339_d_img_d18_x02560_y65920.png,0.2644,492.74,0.05,500.01,9.42
ch2_ohr_ncp_20241115T1326321339_d_img_d18_x02560_y69120.png,0.3984,0.0,505.47,33.06,562.7
ch2_ohr_ncp_20241115T1326321339_d_img_d18_x02560_y70400.png,0.2909,0.43,582.5,81.36,640.0
ch2_ohr_ncp_20241115T1326321339_d_img_d18_x02560_y70400.png,0.2791,379.87,28.4,388.12,36.37
ch2_ohr_ncp_20241115T1326321339_d_img_d18_x02560_y70400.png,0.2472,516.7,3.96,525.3,11.22
ch2_ohr_ncp_20241115T1326321339_d_img_d18_x02560_y89600.png,0.2674,557.89,449.13,639.15,531.4
ch2_ohr_ncp_20241115T1326321339_d_img_d18_x02560_y89600.png,0.2461,518.31,0.0,552.39,11.59
ch2_ohr_ncp_20241115T1326321339_d_img_d18_x02560_y91520.png,0.2675,627.78,434.81,639.6,444.9
ch2_ohr_ncp_20241115T1326321339_d_img_d18_x02560_y91520.png,0.2665,565.91,484.8,638.01,558.03
ch2_ohr_ncp_20241115T1326321339_d_img_d18_x03200_y58240.png,0.3008,167.36,140.27,229.93,209.35
ch2_ohr_ncp_20241115T1326321339_d_img_d18_x03200_y58240.png,0.2194,163.78,151.49,201.02,213.55
ch2_ohr_ncp_20241115T1326321339_d_img_d18_x03200_y58240.png,0.2086,258.75,0.0,276.14,6.57
ch2_ohr_ncp_20241115T1326321339_d_img_d18_x03200_y59520.png,0.3441,354.57,439.23,421.52,498.41
ch2_ohr_ncp_20241115T1326321339_d_img_d18_x03200_y59520.png,0.2294,372.43,557.48,381.1,565.37
ch2_ohr_ncp_20241115T1326321339_d_img_d18_x03200_y63360.png,0.4534,0.0,494.13,72.29,554.6
ch2_ohr_ncp_20241115T1326321339_d_img_d18_x03200_y63360.png,0.2912,33.74,424.17,63.7,452.17
ch2_ohr_ncp_20241115T1326321339_d_img_d18_x03200_y63360.png,0.2527,487.97,625.53,496.07,632.62
ch2_ohr_ncp_20241115T1326321339_d_img_d18_x03200_y63360.png,0.2373,0.0,500.0,62.94,568.59
ch2_ohr_ncp_20241115T1326321339_d_img_d18_x03200_y68480.png,0.256,125.49,26.52,194.81,98.63
ch2_ohr_ncp_20241115T1326321339_d_img_d18_x03200_y69120.png,0.2486,572.82,27.81,577.43,32.53
ch2_ohr_ncp_20241115T1326321339_d_img_d18_x03200_y91520.png,0.2061,36.87,240.86,52.8,253.68
ch2_ohr_ncp_20241115T1326321339_d_img_d18_x03840_y54400.png,0.214,152.95,308.58,241.06,392.98
ch2_ohr_ncp_20241115T1326321339_d_img_d18_x03840_y57600.png,0.4544,30.88,134.73,88.25,194.38
ch2_ohr_ncp_20241115T1326321339_d_img_d18_x03840_y57600.png,0.2605,262.64,324.37,379.14,437.23
ch2_ohr_ncp_20241115T1326321339_d_img_d18_x03840_y57600.png,0.2016,261.84,334.21,357.68,452.46
ch2_ohr_ncp_20241115T1326321339_d_img_d18_x03840_y58240.png,0.3078,579.02,0.0,617.72,55.18
ch2_ohr_ncp_20241115T1326321339_d_img_d18_x03840_y58240.png,0.2384,272.13,268.16,351.39,360.88
ch2_ohr_ncp_20241115T1326321339_d_img_d18_x03840_y58240.png,0.2338,275.87,236.54,370.97,348.92
ch2_ohr_ncp_20241115T1326321339_d_img_d18_x03840_y58240.png,0.2007,577.34,0.0,639.32,52.67
ch2_ohr_ncp_20241115T1326321339_d_img_d18_x03840_y58880.png,0.2174,603.73,0.0,635.46,34.62
ch2_ohr_ncp_20241115T1326321339_d_img_d18_x03840_y59520.png,0.2229,508.69,627.74,521.06,638.69
ch2_ohr_ncp_20241115T1326321339_d_img_d18_x03840_y59520.png,0.2044,627.32,401.18,639.66,418.72
ch2_ohr_ncp_20241115T1326321339_d_img_d18_x03840_y70400.png,0.253,350.04,455.52,451.03,573.39
ch2_ohr_ncp_20241115T1326321339_d_img_d18_x03840_y70400.png,0.2222,350.87,467.49,411.08,571.08
ch2_ohr_ncp_20241115T1326321339_d_img_d18_x03840_y72320.png,0.2877,291.81,367.54,301.2,374.69
ch2_ohr_ncp_20241115T1326321339_d_img_d18_x03840_y72320.png,0.2725,128.12,254.24,135.07,260.61
ch2_ohr_ncp_20241115T1326321339_d_img_d18_x03840_y72320.png,0.2098,13.1,305.37,19.02,311.36
ch2_ohr_ncp_20241115T1326321339_d_img_d18_x03840_y88320.png,0.2694,543.07,355.29,590.15,430.29
ch2_ohr_ncp_20241115T1326321339_d_img_d18_x03840_y88320.png,0.2057,542.28,338.99,596.14,433.9
ch2_ohr_ncp_20241115T1326321339_d_img_d18_x03840_y88960.png,0.2333,545.98,257.73,585.23,326.05
ch2_ohr_ncp_20241115T1326321339_d_img_d18_x03840_y89600.png,0.2231,265.02,474.7,340.28,557.46
ch2_ohr_ncp_20241115T1326321339_d_img_d18_x03840_y90880.png,0.2155,26.7,323.13,82.81,383.95
ch2_ohr_ncp_20241115T1326321339_d_img_d18_x03840_y90880.png,0.2151,506.65,376.13,519.07,382.3
ch2_ohr_ncp_20241115T1326321339_d_img_d18_x03840_y90880.png,0.2115,498.48,0.0,509.36,4.32
ch2_ohr_ncp_20241115T1326321339_d_img_d18_x03840_y91520.png,0.2448,430.7,527.11,487.92,577.48
ch2_ohr_ncp_20241115T1326321339_d_img_d18_x04480_y54400.png,0.2264,238.17,29.95,289.31,97.2
ch2_ohr_ncp_20241115T1326321339_d_img_d18_x04480_y54400.png,0.2047,152.05,5.59,243.97,74.99
ch2_ohr_ncp_20241115T1326321339_d_img_d18_x04480_y68480.png,0.3806,284.59,527.49,350.33,595.1
ch2_ohr_ncp_20241115T1326321339_d_img_d18_x04480_y87680.png,0.2063,236.05,1.58,254.16,17.63
ch2_ohr_ncp_20241115T1326321339_d_img_d18_x04480_y88320.png,0.2397,525.34,126.46,596.61,232.07
ch2_ohr_ncp_20241115T1326321339_d_img_d18_x04480_y88960.png,0.2018,593.79,1.61,640.0,56.26
ch2_ohr_ncp_20241115T1326321339_d_img_d18_x04480_y90880.png,0.2931,474.92,94.63,558.14,195.48
ch2_ohr_ncp_20241115T1326321339_d_img_d18_x04480_y90880.png,0.2616,475.74,104.8,534.97,198.98
ch2_ohr_ncp_20241115T1326321339_d_img_d18_x04480_y92160.png,0.3376,394.15,0.0,464.23,72.01
ch2_ohr_ncp_20241115T1326321339_d_img_d18_x05120_y53760.png,0.2764,48.49,568.35,132.07,640.0
ch2_ohr_ncp_20241115T1326321339_d_img_d18_x05120_y54400.png,0.2336,81.21,299.8,205.14,428.82
ch2_ohr_ncp_20241115T1326321339_d_img_d18_x05120_y54400.png,0.2216,107.16,305.15,210.77,372.07
ch2_ohr_ncp_20241115T1326321339_d_img_d18_x05120_y54400.png,0.2181,82.62,330.34,155.49,425.58
ch2_ohr_ncp_20241115T1326321339_d_img_d18_x05120_y69120.png,0.2103,133.55,127.91,140.41,134.85
ch2_ohr_ncp_20241115T1326321339_d_img_d18_x05120_y70400.png,0.3355,466.42,0.0,533.88,52.24
ch2_ohr_ncp_20241115T1326321339_d_img_d18_x05120_y87680.png,0.2304,0.0,578.31,123.73,640.0
ch2_ohr_ncp_20241115T1326321339_d_img_d18_x05120_y88320.png,0.47,341.57,541.83,413.06,640.0
ch2_ohr_ncp_20241115T1326321339_d_img_d18_x05120_y88320.png,0.4317,0.0,0.0,83.53,84.99
ch2_ohr_ncp_20241115T1326321339_d_img_d18_x05120_y88320.png,0.3109,336.58,569.57,399.72,640.0
ch2_ohr_ncp_20241115T1326321339_d_img_d18_x05120_y88320.png,0.3021,568.99,395.28,599.03,448.42
ch2_ohr_ncp_20241115T1326321339_d_img_d18_x05120_y88320.png,0.206,0.1,0.0,10.17,9.57
ch2_ohr_ncp_20241115T1326321339_d_img_d18_x05120_y92160.png,0.2067,226.65,507.62,301.78,559.44
ch2_ohr_ncp_20241115T1326321339_d_img_d18_x05120_y92800.png,0.2018,391.23,327.02,478.97,407.19
ch2_ohr_ncp_20241115T1326321339_d_img_d18_x05760_y54400.png,0.3543,45.58,15.4,50.58,19.97
ch2_ohr_ncp_20241115T1326321339_d_img_d18_x05760_y54400.png,0.3271,52.68,25.38,59.37,30.96
ch2_ohr_ncp_20241115T1326321339_d_img_d18_x05760_y54400.png,0.2928,94.96,31.18,101.99,38.71
ch2_ohr_ncp_20241115T1326321339_d_img_d18_x05760_y54400.png,0.2769,99.87,69.5,105.97,75.05
ch2_ohr_ncp_20241115T1326321339_d_img_d18_x05760_y54400.png,0.2384,62.56,11.03,67.83,15.54
ch2_ohr_ncp_20241115T1326321339_d_img_d18_x05760_y54400.png,0.2335,245.45,29.53,250.03,35.88
ch2_ohr_ncp_20241115T1326321339_d_img_d18_x05760_y54400.png,0.225,63.96,11.56,68.58,16.03
ch2_ohr_ncp_20241115T1326321339_d_img_d18_x05760_y54400.png,0.2094,210.94,133.33,219.04,141.33
ch2_ohr_ncp_20241115T1326321339_d_img_d18_x05760_y54400.png,0.2027,93.33,346.71,99.28,352.45
ch2_ohr_ncp_20241115T1326321339_d_img_d18_x05760_y65280.png,0.2147,150.92,0.0,210.09,50.12
ch2_ohr_ncp_20241115T1326321339_d_img_d18_x05760_y65920.png,0.2183,1.91,91.47,27.46,125.93
ch2_ohr_ncp_20241115T1326321339_d_img_d18_x05760_y72960.png,0.2642,490.13,434.6,559.29,516.26
ch2_ohr_ncp_20241115T1326321339_d_img_d18_x05760_y87040.png,0.4948,261.74,561.83,351.21,640.0
ch2_ohr_ncp_20241115T1326321339_d_img_d18_x05760_y88320.png,0.2944,413.47,433.47,472.01,533.6
ch2_ohr_ncp_20241115T1326321339_d_img_d18_x05760_y93440.png,0.4764,61.45,0.0,116.2,51.85
ch2_ohr_ncp_20241115T1326321339_d_img_d18_x05760_y94720.png,0.3833,421.72,385.79,511.99,446.01
ch2_ohr_ncp_20241115T1326321339_d_img_d18_x05760_y94720.png,0.2623,616.86,627.95,622.88,635.01
ch2_ohr_ncp_20241115T1326321339_d_img_d18_x05760_y94720.png,0.2243,621.3,611.47,628.59,618.51
ch2_ohr_ncp_20241115T1326321339_d_img_d18_x06400_y53120.png,0.368,570.74,0.73,640.0,65.78
ch2_ohr_ncp_20241115T1326321339_d_img_d18_x06400_y53120.png,0.2913,413.25,92.18,420.7,98.94
ch2_ohr_ncp_20241115T1326321339_d_img_d18_x06400_y53120.png,0.244,94.42,264.57,100.07,269.7
ch2_ohr_ncp_20241115T1326321339_d_img_d18_x06400_y53120.png,0.2329,127.33,7.9,134.93,13.91
ch2_ohr_ncp_20241115T1326321339_d_img_d18_x06400_y53120.png,0.2303,177.09,232.15,182.81,237.12
ch2_ohr_ncp_20241115T1326321339_d_img_d18_x06400_y53120.png,0.2049,413.7,304.62,421.71,311.06
ch2_ohr_ncp_20241115T1326321339_d_img_d18_x06400_y57600.png,0.3208,0.0,104.3,72.02,174.96
ch2_ohr_ncp_20241115T1326321339_d_img_d18_x06400_y58240.png,0.322,172.4,0.0,277.21,42.72
ch2_ohr_ncp_20241115T1326321339_d_img_d18_x06400_y58240.png,0.2173,167.53,0.0,281.48,65.38
ch2_ohr_ncp_20241115T1326321339_d_img_d18_x06400_y65920.png,0.3445,427.98,467.72,521.97,580.11
ch2_ohr_ncp_20241115T1326321339_d_img_d18_x06400_y66560.png,0.2116,9.72,421.92,77.98,492.7
ch2_ohr_ncp_20241115T1326321339_d_img_d18_x06400_y72320.png,0.3072,352.37,557.14,411.09,630.11
ch2_ohr_ncp_20241115T1326321339_d_img_d18_x06400_y72960.png,0.204,461.28,6.19,548.37,111.97
ch2_ohr_ncp_20241115T1326321339_d_img_d18_x06400_y91520.png,0.3799,488.23,18.6,556.42,116.22
ch2_ohr_ncp_20241115T1326321339_d_img_d18_x06400_y91520.png,0.3415,486.2,26.63,540.57,116.0
ch2_ohr_ncp_20241115T1326321339_d_img_d18_x06400_y91520.png,0.2389,486.45,12.55,573.28,106.47
ch2_ohr_ncp_20241115T1326321339_d_img_d18_x06400_y94720.png,0.2208,373.96,619.78,379.56,625.74
ch2_ohr_ncp_20241115T1326321339_d_img_d18_x06400_y94720.png,0.2122,397.34,628.04,404.67,634.13
ch2_ohr_ncp_20241115T1326321339_d_img_d18_x07040_y52480.png,0.2441,368.27,460.47,438.5,584.15
ch2_ohr_ncp_20241115T1326321339_d_img_d18_x07040_y53120.png,0.2058,183.04,0.0,221.99,48.78
ch2_ohr_ncp_20241115T1326321339_d_img_d18_x07040_y54400.png,0.244,153.39,483.46,206.58,537.67
ch2_ohr_ncp_20241115T1326321339_d_img_d18_x07040_y62720.png,0.2229,0.0,6.69,31.18,46.44
ch2_ohr_ncp_20241115T1326321339_d_img_d18_x07040_y68480.png,0.3258,39.11,211.95,44.14,216.94
ch2_ohr_ncp_20241115T1326321339_d_img_d18_x07040_y68480.png,0.2881,25.01,156.01,29.4,160.3
ch2_ohr_ncp_20241115T1326321339_d_img_d18_x07040_y68480.png,0.2673,239.6,5.19,246.63,12.12
ch2_ohr_ncp_20241115T1326321339_d_img_d18_x07040_y90880.png,0.526,448.03,291.66,497.75,378.71
ch2_ohr_ncp_20241115T1326321339_d_img_d18_x07040_y90880.png,0.3223,165.81,89.83,238.38,169.69
ch2_ohr_ncp_20241115T1326321339_d_img_d18_x07040_y90880.png,0.2806,446.6,299.35,482.81,376.86
ch2_ohr_ncp_20241115T1326321339_d_img_d18_x07040_y91520.png,0.2148,328.47,396.69,386.35,459.79
ch2_ohr_ncp_20241115T1326321339_d_img_d18_x07040_y93440.png,0.2103,270.13,0.0,393.66,89.98
ch2_ohr_ncp_20241115T1326321339_d_img_d18_x07040_y94080.png,0.2086,54.8,473.1,148.37,544.06
ch2_ohr_ncp_20241115T1326321339_d_img_d18_x07040_y94720.png,0.2118,89.11,147.68,99.65,160.21
ch2_ohr_ncp_20241115T1326321339_d_img_d18_x07040_y95360.png,0.208,245.49,397.89,252.86,404.16
ch2_ohr_ncp_20241115T1326321339_d_img_d18_x07040_y95360.png,0.2041,163.16,465.31,220.73,523.43
ch2_ohr_ncp_20241115T1326321339_d_img_d18_x07680_y51200.png,0.2008,520.71,223.46,601.66,315.44
ch2_ohr_ncp_20241115T1326321339_d_img_d18_x07680_y55680.png,0.2255,412.93,373.5,421.17,381.72
ch2_ohr_ncp_20241115T1326321339_d_img_d18_x07680_y55680.png,0.2151,460.46,399.11,469.96,408.23
ch2_ohr_ncp_20241115T1326321339_d_img_d18_x07680_y55680.png,0.2108,557.62,363.67,565.03,371.81
ch2_ohr_ncp_20241115T1326321339_d_img_d18_x07680_y59520.png,0.2616,532.61,257.4,582.37,311.42
ch2_ohr_ncp_20241115T1326321339_d_img_d18_x07680_y60160.png,0.4369,80.52,472.94,136.43,530.45
ch2_ohr_ncp_20241115T1326321339_d_img_d18_x07680_y61440.png,0.2072,491.91,467.15,602.04,574.55
ch2_ohr_ncp_20241115T1326321339_d_img_d18_x07680_y85760.png,0.2259,46.71,542.37,103.38,640.0
ch2_ohr_ncp_20241115T1326321339_d_img_d18_x07680_y90240.png,0.2399,4.14,48.0,11.6,56.84
ch2_ohr_ncp_20241115T1326321339_d_img_d18_x07680_y90880.png,0.256,194.41,13.87,248.26,63.67
ch2_ohr_ncp_20241115T1326321339_d_img_d18_x07680_y90880.png,0.2114,279.04,2.75,308.42,56.91
ch2_ohr_ncp_20241115T1326321339_d_img_d18_x07680_y92800.png,0.4775,528.81,72.29,583.16,141.34
ch2_ohr_ncp_20241115T1326321339_d_img_d18_x07680_y94080.png,0.2212,208.59,492.34,266.9,555.57
ch2_ohr_ncp_20241115T1326321339_d_img_d18_x07680_y96640.png,0.2376,554.94,461.02,608.4,518.15
ch2_ohr_ncp_20241115T1326321339_d_img_d18_x07680_y96640.png,0.2334,382.35,3.08,389.76,10.85
ch2_ohr_ncp_20241115T1326321339_d_img_d18_x07680_y96640.png,0.2005,611.41,500.08,639.96,540.84
ch2_ohr_ncp_20241115T1326321339_d_img_d18_x08320_y59520.png,0.2116,298.66,173.58,357.84,230.92
ch2_ohr_ncp_20241115T1326321339_d_img_d18_x08320_y60160.png,0.3484,430.78,567.53,494.59,631.5
ch2_ohr_ncp_20241115T1326321339_d_img_d18_x08320_y60160.png,0.2092,425.06,566.92,507.28,638.92
ch2_ohr_ncp_20241115T1326321339_d_img_d18_x08320_y63360.png,0.3575,382.93,0.0,457.23,62.71
ch2_ohr_ncp_20241115T1326321339_d_img_d18_x08320_y68480.png,0.4125,0.0,464.29,94.74,549.14
ch2_ohr_ncp_20241115T1326321339_d_img_d18_x08320_y69760.png,0.2394,411.93,0.0,523.87,106.73
ch2_ohr_ncp_20241115T1326321339_d_img_d18_x08320_y72320.png,0.2251,477.16,14.11,484.22,20.33
ch2_ohr_ncp_20241115T1326321339_d_img_d18_x08320_y86400.png,0.283,183.13,551.03,247.84,635.81
ch2_ohr_ncp_20241115T1326321339_d_img_d18_x08320_y86400.png,0.201,610.74,193.9,639.34,252.47
ch2_ohr_ncp_20241115T1326321339_d_img_d18_x08320_y89600.png,0.3421,538.69,479.01,607.83,561.66
ch2_ohr_ncp_20241115T1326321339_d_img_d18_x08320_y89600.png,0.2567,539.2,378.47,640.0,510.37
ch2_ohr_ncp_20241115T1326321339_d_img_d18_x08320_y92800.png,0.3232,0.0,0.0,79.26,63.65
ch2_ohr_ncp_20241115T1326321339_d_img_d18_x08320_y92800.png,0.3204,0.33,0.0,77.2,42.48
ch2_ohr_ncp_20241115T1326321339_d_img_d18_x08320_y97280.png,0.28,232.19,0.0,322.62,36.85
ch2_ohr_ncp_20241115T1326321339_d_img_d18_x08320_y97280.png,0.273,469.79,214.45,484.91,227.2
ch2_ohr_ncp_20241115T1326321339_d_img_d18_x08320_y97280.png,0.222,49.67,522.01,107.26,565.86
ch2_ohr_ncp_20241115T1326321339_d_img_d18_x08960_y49280.png,0.3204,193.49,553.86,245.19,632.46
ch2_ohr_ncp_20241115T1326321339_d_img_d18_x08960_y49280.png,0.2024,192.99,539.15,269.28,632.67
ch2_ohr_ncp_20241115T1326321339_d_img_d18_x08960_y51200.png,0.2513,197.57,593.37,203.98,599.27
ch2_ohr_ncp_20241115T1326321339_d_img_d18_x08960_y53120.png,0.3822,345.62,0.0,412.43,52.61
ch2_ohr_ncp_20241115T1326321339_d_img_d18_x08960_y59520.png,0.2725,394.08,0.0,466.52,79.42
ch2_ohr_ncp_20241115T1326321339_d_img_d18_x08960_y60160.png,0.3615,365.27,520.13,483.19,591.02
ch2_ohr_ncp_20241115T1326321339_d_img_d18_x08960_y65920.png,0.2227,477.05,555.64,560.28,639.08
ch2_ohr_ncp_20241115T1326321339_d_img_d18_x08960_y87040.png,0.2948,619.54,595.88,638.63,619.35
ch2_ohr_ncp_20241115T1326321339_d_img_d18_x08960_y87680.png,0.2122,1.07,0.0,28.26,58.15
ch2_ohr_ncp_20241115T1326321339_d_img_d18_x08960_y90240.png,0.2709,372.48,18.96,401.83,94.35
ch2_ohr_ncp_20241115T1326321339_d_img_d18_x08960_y90240.png,0.27,388.08,142.83,440.85,194.31
ch2_ohr_ncp_20241115T1326321339_d_img_d18_x08960_y90240.png,0.2163,308.24,584.21,353.48,638.46
ch2_ohr_ncp_20241115T1326321339_d_img_d18_x08960_y96640.png,0.2922,192.84,554.55,249.55,633.7
ch2_ohr_ncp_20241115T1326321339_d_img_d18_x08960_y96640.png,0.2111,191.72,551.77,275.02,635.99
ch2_ohr_ncp_20241115T1326321339_d_img_d18_x09600_y41600.png,0.2931,268.34,315.59,315.71,395.03
ch2_ohr_ncp_20241115T1326321339_d_img_d18_x09600_y46080.png,0.3534,347.42,69.55,417.51,151.43
ch2_ohr_ncp_20241115T1326321339_d_img_d18_x09600_y46080.png,0.2028,505.01,26.75,544.62,83.98
ch2_ohr_ncp_20241115T1326321339_d_img_d18_x09600_y47360.png,0.4038,529.17,522.42,615.13,604.33
ch2_ohr_ncp_20241115T1326321339_d_img_d18_x09600_y47360.png,0.2631,531.68,540.45,575.7,603.89
ch2_ohr_ncp_20241115T1326321339_d_img_d18_x09600_y53760.png,0.2967,44.11,1.47,150.8,74.2
ch2_ohr_ncp_20241115T1326321339_d_img_d18_x09600_y55040.png,0.2574,0.0,602.36,4.45,610.29
ch2_ohr_ncp_20241115T1326321339_d_img_d18_x09600_y72960.png,0.4031,619.0,29.72,635.95,46.18
ch2_ohr_ncp_20241115T1326321339_d_img_d18_x09600_y72960.png,0.3128,180.19,0.0,187.16,2.92
ch2_ohr_ncp_20241115T1326321339_d_img_d18_x09600_y72960.png,0.3058,50.52,266.12,55.91,272.4
ch2_ohr_ncp_20241115T1326321339_d_img_d18_x09600_y72960.png,0.2909,179.44,0.0,187.43,3.83
ch2_ohr_ncp_20241115T1326321339_d_img_d18_x09600_y72960.png,0.2694,27.89,258.7,34.88,265.15
ch2_ohr_ncp_20241115T1326321339_d_img_d18_x09600_y72960.png,0.2531,532.91,62.98,537.05,67.49
ch2_ohr_ncp_20241115T1326321339_d_img_d18_x09600_y72960.png,0.2385,238.24,54.24,245.93,61.65
ch2_ohr_ncp_20241115T1326321339_d_img_d18_x09600_y72960.png,0.2375,582.18,0.0,588.24,5.65
ch2_ohr_ncp_20241115T1326321339_d_img_d18_x09600_y72960.png,0.2242,122.55,164.09,128.31,169.62
ch2_ohr_ncp_20241115T1326321339_d_img_d18_x09600_y72960.png,0.2157,630.82,77.16,635.44,82.03
ch2_ohr_ncp_20241115T1326321339_d_img_d18_x09600_y85120.png,0.2038,299.15,189.69,358.63,254.48
ch2_ohr_ncp_20241115T1326321339_d_img_d18_x09600_y85120.png,0.2016,256.32,105.31,298.49,195.38
ch2_ohr_ncp_20241115T1326321339_d_img_d18_x09600_y85760.png,0.2691,379.59,0.0,436.35,53.85
ch2_ohr_ncp_20241115T1326321339_d_img_d18_x09600_y85760.png,0.2572,379.7,0.0,437.8,76.09
ch2_ohr_ncp_20241115T1326321339_d_img_d18_x09600_y88320.png,0.2014,207.94,407.43,266.51,480.41
ch2_ohr_ncp_20241115T1326321339_d_img_d18_x09600_y97920.png,0.3078,194.8,41.86,262.76,160.65
ch2_ohr_ncp_20241115T1326321339_d_img_d18_x09600_y99200.png,0.2918,524.56,113.55,599.77,203.0
ch2_ohr_ncp_20241115T1326321339_d_img_d18_x09600_y99200.png,0.2315,523.28,121.93,582.59,198.24
ch2_ohr_ncp_20241115T1326321339_d_img_d18_x10240_y52480.png,0.5264,524.26,0.0,614.58,69.57
ch2_ohr_ncp_20241115T1326321339_d_img_d18_x10240_y52480.png,0.2612,524.47,1.24,595.37,74.74
ch2_ohr_ncp_20241115T1326321339_d_img_d18_x10240_y52480.png,0.2503,524.9,0.0,616.16,47.41
ch2_ohr_ncp_20241115T1326321339_d_img_d18_x10240_y54400.png,0.2092,93.54,361.38,107.41,379.08
ch2_ohr_ncp_20241115T1326321339_d_img_d18_x10240_y63360.png,0.2109,628.51,43.34,636.68,51.61
ch2_ohr_ncp_20241115T1326321339_d_img_d18_x10240_y65280.png,0.3853,582.3,432.81,640.0,516.13
ch2_ohr_ncp_20241115T1326321339_d_img_d18_x10240_y66560.png,0.2263,550.2,457.7,620.7,539.56
ch2_ohr_ncp_20241115T1326321339_d_img_d18_x10240_y88320.png,0.2897,566.81,115.25,635.08,225.94
ch2_ohr_ncp_20241115T1326321339_d_img_d18_x10240_y88320.png,0.2101,571.56,89.7,640.0,205.81
ch2_ohr_ncp_20241115T1326321339_d_img_d18_x10240_y91520.png,0.2461,326.98,0.0,355.01,56.72
ch2_ohr_ncp_20241115T1326321339_d_img_d18_x10240_y92160.png,0.261,221.57,40.07,304.1,159.91
ch2_ohr_ncp_20241115T1326321339_d_img_d18_x10240_y92160.png,0.2064,222.54,63.14,279.2,159.65
ch2_ohr_ncp_20241115T1326321339_d_img_d18_x10880_y48000.png,0.2117,236.48,201.52,333.98,297.09
ch2_ohr_ncp_20241115T1326321339_d_img_d18_x10880_y57600.png,0.3992,1.71,0.0,94.43,61.72
ch2_ohr_ncp_20241115T1326321339_d_img_d18_x10880_y60160.png,0.2974,428.67,538.52,508.15,615.58
ch2_ohr_ncp_20241115T1326321339_d_img_d18_x10880_y89600.png,0.2106,148.1,554.23,191.94,605.66
ch2_ohr_ncp_20241115T1326321339_d_img_d18_x10880_y94720.png,0.221,141.34,47.88,219.59,147.28
ch2_ohr_ncp_20241115T1326321339_d_img_d18_x10880_y99200.png,0.3145,484.35,521.87,549.71,628.39
ch2_ohr_ncp_20241115T1326321339_d_img_d18_x10880_y99200.png,0.2701,480.53,535.25,533.43,625.43
ch2_ohr_ncp_20241115T1326321339_d_img_d18_x10880_y99200.png,0.2334,439.07,544.2,446.08,551.05
ch2_ohr_ncp_20241115T1326321339_d_img_d18_x10880_y99200.png,0.2001,211.76,20.46,219.35,29.46
ch2_ohr_ncp_20241115T1326321339_d_img_d18_x10880_y99840.png,0.2514,48.61,100.62,104.78,168.75
ch2_ohr_ncp_20241115T1326321339_d_img_d18_x11520_y51840.png,0.3276,76.63,0.24,86.59,6.77
ch2_ohr_ncp_20241115T1326321339_d_img_d18_x11520_y51840.png,0.2847,269.06,608.68,276.94,616.39
ch2_ohr_ncp_20241115T1326321339_d_img_d18_x11520_y51840.png,0.2205,100.57,440.65,107.62,447.69
ch2_ohr_ncp_20241115T1326321339_d_img_d18_x11520_y52480.png,0.2723,465.7,505.2,480.0,530.93
ch2_ohr_ncp_20241115T1326321339_d_img_d18_x11520_y52480.png,0.2411,206.03,0.0,211.31,5.55
ch2_ohr_ncp_20241115T1326321339_d_img_d18_x11520_y54400.png,0.3028,4.26,347.08,17.92,365.79
ch2_ohr_ncp_20241115T1326321339_d_img_d18_x11520_y54400.png,0.2518,100.97,75.2,105.88,80.46
ch2_ohr_ncp_20241115T1326321339_d_img_d18_x11520_y55040.png,0.3177,399.62,26.11,408.41,33.96
ch2_ohr_ncp_20241115T1326321339_d_img_d18_x11520_y55040.png,0.2619,52.9,0.04,60.62,7.84
ch2_ohr_ncp_20241115T1326321339_d_img_d18_x11520_y56320.png,0.2612,173.98,49.52,181.04,56.9
ch2_ohr_ncp_20241115T1326321339_d_img_d18_x11520_y57600.png,0.2135,244.08,597.11,251.01,603.46
ch2_ohr_ncp_20241115T1326321339_d_img_d18_x11520_y58240.png,0.2965,5.29,244.13,14.3,255.02
ch2_ohr_ncp_20241115T1326321339_d_img_d18_x11520_y58240.png,0.2563,19.47,268.79,26.33,274.96
ch2_ohr_ncp_20241115T1326321339_d_img_d18_x11520_y58240.png,0.2368,239.32,421.19,248.58,430.12
ch2_ohr_ncp_20241115T1326321339_d_img_d18_x11520_y58240.png,0.235,440.96,512.83,447.72,520.0
ch2_ohr_ncp_20241115T1326321339_d_img_d18_x11520_y58240.png,0.2245,9.79,219.52,15.4,224.47
ch2_ohr_ncp_20241115T1326321339_d_img_d18_x11520_y58880.png,0.2842,252.72,3.25,261.1,11.8
ch2_ohr_ncp_20241115T1326321339_d_img_d18_x11520_y60160.png,0.4094,419.6,625.86,426.18,632.62
ch2_ohr_ncp_20241115T1326321339_d_img_d18_x11520_y60160.png,0.3828,0.39,425.86,10.31,435.0
ch2_ohr_ncp_20241115T1326321339_d_img_d18_x11520_y60160.png,0.3538,469.57,625.23,480.93,635.85
ch2_ohr_ncp_20241115T1326321339_d_img_d18_x11520_y60160.png,0.274,131.67,630.93,138.81,637.59
ch2_ohr_ncp_20241115T1326321339_d_img_d18_x11520_y60160.png,0.2585,469.46,239.02,481.3,256.39
ch2_ohr_ncp_20241115T1326321339_d_img_d18_x11520_y60160.png,0.2284,254.21,118.42,267.35,130.46
ch2_ohr_ncp_20241115T1326321339_d_img_d18_x11520_y62080.png,0.2687,340.31,629.44,347.11,635.95
ch2_ohr_ncp_20241115T1326321339_d_img_d18_x11520_y62080.png,0.267,247.91,473.68,287.96,523.72
ch2_ohr_ncp_20241115T1326321339_d_img_d18_x11520_y72320.png,0.4868,8.16,35.77,20.24,47.54
ch2_ohr_ncp_20241115T1326321339_d_img_d18_x11520_y72320.png,0.3227,0.07,68.44,3.76,73.23
ch2_ohr_ncp_20241115T1326321339_d_img_d18_x11520_y72320.png,0.2554,181.09,149.31,188.0,156.03
ch2_ohr_ncp_20241115T1326321339_d_img_d18_x11520_y72320.png,0.2411,0.33,68.37,5.41,73.33
ch2_ohr_ncp_20241115T1326321339_d_img_d18_x11520_y72320.png,0.2351,133.16,120.42,138.09,125.66
ch2_ohr_ncp_20241115T1326321339_d_img_d18_x11520_y72320.png,0.2054,151.12,99.58,157.76,105.4
ch2_ohr_ncp_20241115T1326321339_d_img_d18_x11520_y85760.png,0.32,203.44,575.06,319.24,640.0
ch2_ohr_ncp_20241115T1326321339_d_img_d18_x11520_y92160.png,0.5,0.0,0.0,118.39,69.0
ch2_ohr_ncp_20241115T1326321339_d_img_d18_x11520_y92160.png,0.4548,112.73,373.68,178.6,443.33
ch2_ohr_ncp_20241115T1525004388_d_img_d18_x00000_y66560.png,0.3772,172.82,558.79,181.99,567.31
ch2_ohr_ncp_20241115T1525004388_d_img_d18_x00000_y66560.png,0.3181,45.68,528.62,53.65,535.53
ch2_ohr_ncp_20241115T1525004388_d_img_d18_x00000_y66560.png,0.2737,145.62,523.08,155.3,532.47
ch2_ohr_ncp_20241115T1525004388_d_img_d18_x00000_y66560.png,0.2718,383.2,491.52,390.97,498.99
ch2_ohr_ncp_20241115T1525004388_d_img_d18_x00000_y66560.png,0.2486,376.87,631.59,383.95,638.56
ch2_ohr_ncp_20241115T1525004388_d_img_d18_x00000_y67200.png,0.2595,0.22,620.27,6.04,629.23
ch2_ohr_ncp_20241115T1525004388_d_img_d18_x00000_y67200.png,0.212,20.58,191.09,40.65,207.93
ch2_ohr_ncp_20241115T1525004388_d_img_d18_x00000_y87040.png,0.2223,215.34,261.56,301.29,340.86
ch2_ohr_ncp_20241115T1525004388_d_img_d18_x00000_y87040.png,0.2081,213.1,239.09,319.17,342.23
ch2_ohr_ncp_20241115T1525004388_d_img_d18_x00640_y60800.png,0.2564,31.19,127.0,81.84,185.53
ch2_ohr_ncp_20241115T1525004388_d_img_d18_x00640_y67840.png,0.2112,466.15,1.63,483.13,18.99
ch2_ohr_ncp_20241115T1525004388_d_img_d18_x00640_y67840.png,0.2013,447.93,455.82,454.04,461.59
ch2_ohr_ncp_20241115T1525004388_d_img_d18_x00640_y68480.png,0.4794,313.0,615.65,319.38,623.59
ch2_ohr_ncp_20241115T1525004388_d_img_d18_x00640_y68480.png,0.4386,565.06,0.0,571.29,3.62
ch2_ohr_ncp_20241115T1525004388_d_img_d18_x00640_y68480.png,0.432,570.43,558.43,587.73,577.21
ch2_ohr_ncp_20241115T1525004388_d_img_d18_x00640_y68480.png,0.3622,417.38,330.26,425.75,340.37
ch2_ohr_ncp_20241115T1525004388_d_img_d18_x00640_y68480.png,0.341,589.67,507.05,594.59,512.27
ch2_ohr_ncp_20241115T1525004388_d_img_d18_x00640_y68480.png,0.3364,506.94,337.91,514.44,345.17
ch2_ohr_ncp_20241115T1525004388_d_img_d18_x00640_y68480.png,0.3275,580.89,7.94,592.06,19.19
ch2_ohr_ncp_20241115T1525004388_d_img_d18_x00640_y68480.png,0.3075,279.09,518.24,286.03,525.34
ch2_ohr_ncp_20241115T1525004388_d_img_d18_x00640_y68480.png,0.3063,573.83,349.69,579.19,355.11
ch2_ohr_ncp_20241115T1525004388_d_img_d18_x00640_y68480.png,0.2971,483.43,299.11,490.62,306.44
ch2_ohr_ncp_20241115T1525004388_d_img_d18_x00640_y68480.png,0.2969,527.71,371.14,533.74,377.15
ch2_ohr_ncp_20241115T1525004388_d_img_d18_x00640_y68480.png,0.2927,506.23,468.41,519.16,480.3
ch2_ohr_ncp_20241115T1525004388_d_img_d18_x00640_y68480.png,0.288,575.06,526.14,580.78,531.98
ch2_ohr_ncp_20241115T1525004388_d_img_d18_x00640_y68480.png,0.2807,594.36,467.0,598.28,470.89
ch2_ohr_ncp_20241115T1525004388_d_img_d18_x00640_y68480.png,0.2794,612.66,513.24,619.18,518.83
ch2_ohr_ncp_20241115T1525004388_d_img_d18_x00640_y68480.png,0.2767,546.81,100.36,556.03,111.16
ch2_ohr_ncp_20241115T1525004388_d_img_d18_x00640_y68480.png,0.2711,354.34,431.24,364.34,440.34
ch2_ohr_ncp_20241115T1525004388_d_img_d18_x00640_y68480.png,0.2656,413.09,601.03,421.87,610.34
ch2_ohr_ncp_20241115T1525004388_d_img_d18_x00640_y68480.png,0.2598,487.19,541.08,495.86,549.94
ch2_ohr_ncp_20241115T1525004388_d_img_d18_x00640_y68480.png,0.253,605.99,519.44,611.21,525.37
ch2_ohr_ncp_20241115T1525004388_d_img_d18_x00640_y68480.png,0.2493,428.42,156.37,435.72,165.13
ch2_ohr_ncp_20241115T1525004388_d_img_d18_x00640_y68480.png,0.2485,583.37,460.76,588.02,466.07
ch2_ohr_ncp_20241115T1525004388_d_img_d18_x00640_y68480.png,0.2429,613.8,532.13,618.41,536.46
ch2_ohr_ncp_20241115T1525004388_d_img_d18_x00640_y68480.png,0.2362,462.28,115.87,467.21,120.99
ch2_ohr_ncp_20241115T1525004388_d_img_d18_x00640_y68480.png,0.2282,616.88,492.46,628.94,504.55
ch2_ohr_ncp_20241115T1525004388_d_img_d18_x00640_y68480.png,0.2258,585.59,472.78,589.8,476.77
ch2_ohr_ncp_20241115T1525004388_d_img_d18_x00640_y68480.png,0.2209,389.65,434.97,408.15,454.54
ch2_ohr_ncp_20241115T1525004388_d_img_d18_x00640_y68480.png,0.2148,528.1,262.61,537.72,273.4
ch2_ohr_ncp_20241115T1525004388_d_img_d18_x00640_y68480.png,0.2127,503.71,550.8,508.69,555.83
ch2_ohr_ncp_20241115T1525004388_d_img_d18_x00640_y68480.png,0.212,444.75,6.93,453.81,16.58
ch2_ohr_ncp_20241115T1525004388_d_img_d18_x00640_y68480.png,0.211,592.35,380.28,598.28,386.07
ch2_ohr_ncp_20241115T1525004388_d_img_d18_x00640_y68480.png,0.2086,518.86,353.81,523.73,358.26
ch2_ohr_ncp_20241115T1525004388_d_img_d18_x00640_y68480.png,0.2072,506.17,592.95,515.99,602.94
ch2_ohr_ncp_20241115T1525004388_d_img_d18_x00640_y68480.png,0.2066,552.89,531.76,570.59,548.73
ch2_ohr_ncp_20241115T1525004388_d_img_d18_x00640_y68480.png,0.2055,438.4,248.53,443.89,254.27
ch2_ohr_ncp_20241115T1525004388_d_img_d18_x00640_y68480.png,0.2049,632.69,482.16,637.8,487.65
ch2_ohr_ncp_20241115T1525004388_d_img_d18_x00640_y68480.png,0.2001,376.17,422.64,381.41,427.92
ch2_ohr_ncp_20241115T1525004388_d_img_d18_x00640_y68480.png,0.2001,615.56,106.44,620.44,110.88
ch2_ohr_ncp_20241115T1525004388_d_img_d18_x00640_y71040.png,0.2145,441.09,429.26,527.82,496.0
ch2_ohr_ncp_20241115T1525004388_d_img_d18_x00640_y87040.png,0.3679,449.31,87.68,509.55,141.71
ch2_ohr_ncp_20241115T1525004388_d_img_d18_x00640_y87040.png,0.2069,36.36,75.71,42.54,81.27
ch2_ohr_ncp_20241115T1525004388_d_img_d18_x01280_y60160.png,0.5462,604.58,52.69,610.18,58.59
ch2_ohr_ncp_20241115T1525004388_d_img_d18_x01280_y60160.png,0.5322,587.84,37.2,593.99,44.17
ch2_ohr_ncp_20241115T1525004388_d_img_d18_x01280_y60160.png,0.4628,431.45,612.85,440.67,622.71
ch2_ohr_ncp_20241115T1525004388_d_img_d18_x01280_y60160.png,0.438,557.5,70.62,563.42,76.05
ch2_ohr_ncp_20241115T1525004388_d_img_d18_x01280_y60160.png,0.4272,527.0,54.35,535.05,62.75
ch2_ohr_ncp_20241115T1525004388_d_img_d18_x01280_y60160.png,0.4177,573.17,404.14,580.0,411.18
ch2_ohr_ncp_20241115T1525004388_d_img_d18_x01280_y60160.png,0.3764,579.06,70.64,586.36,77.87
ch2_ohr_ncp_20241115T1525004388_d_img_d18_x01280_y60160.png,0.3591,581.86,541.73,587.26,547.29
ch2_ohr_ncp_20241115T1525004388_d_img_d18_x01280_y60160.png,0.3548,541.06,598.56,547.57,604.26
ch2_ohr_ncp_20241115T1525004388_d_img_d18_x01280_y60160.png,0.3502,224.5,1.33,245.82,16.04
ch2_ohr_ncp_20241115T1525004388_d_img_d18_x01280_y60160.png,0.3256,427.02,444.06,434.62,452.67
ch2_ohr_ncp_20241115T1525004388_d_img_d18_x01280_y60160.png,0.3254,603.39,616.09,614.55,626.31
ch2_ohr_ncp_20241115T1525004388_d_img_d18_x01280_y60160.png,0.3228,578.89,109.36,583.61,113.61
ch2_ohr_ncp_20241115T1525004388_d_img_d18_x01280_y60160.png,0.3175,409.61,627.58,415.18,633.46
ch2_ohr_ncp_20241115T1525004388_d_img_d18_x01280_y60160.png,0.3031,573.36,619.05,579.94,626.78
ch2_ohr_ncp_20241115T1525004388_d_img_d18_x01280_y60160.png,0.3004,550.18,42.18,560.73,51.05
ch2_ohr_ncp_20241115T1525004388_d_img_d18_x01280_y60160.png,0.292,465.21,554.2,470.38,559.12
ch2_ohr_ncp_20241115T1525004388_d_img_d18_x01280_y60160.png,0.2847,422.65,500.22,429.35,507.47
ch2_ohr_ncp_20241115T1525004388_d_img_d18_x01280_y60160.png,0.2844,351.2,396.75,356.69,403.01
ch2_ohr_ncp_20241115T1525004388_d_img_d18_x01280_y60160.png,0.2824,429.69,285.65,435.63,292.07
ch2_ohr_ncp_20241115T1525004388_d_img_d18_x01280_y60160.png,0.2732,571.2,156.83,578.06,163.0
ch2_ohr_ncp_20241115T1525004388_d_img_d18_x01280_y60160.png,0.2701,572.89,49.0,576.58,53.49
ch2_ohr_ncp_20241115T1525004388_d_img_d18_x01280_y60160.png,0.2694,623.98,81.83,630.85,89.69
ch2_ohr_ncp_20241115T1525004388_d_img_d18_x01280_y60160.png,0.2687,535.44,366.58,544.72,375.79
ch2_ohr_ncp_20241115T1525004388_d_img_d18_x01280_y60160.png,0.2624,525.93,593.85,533.52,603.01
ch2_ohr_ncp_20241115T1525004388_d_img_d18_x01280_y60160.png,0.2579,434.8,242.13,446.52,253.53
ch2_ohr_ncp_20241115T1525004388_d_img_d18_x01280_y60160.png,0.2522,457.41,255.52,462.86,261.82
ch2_ohr_ncp_20241115T1525004388_d_img_d18_x01280_y60160.png,0.252,611.3,285.2,618.16,291.94
ch2_ohr_ncp_20241115T1525004388_d_img_d18_x01280_y60160.png,0.2514,630.05,146.09,638.18,155.14
ch2_ohr_ncp_20241115T1525004388_d_img_d18_x01280_y60160.png,0.2486,325.45,573.98,330.63,579.41
ch2_ohr_ncp_20241115T1525004388_d_img_d18_x01280_y60160.png,0.2472,330.87,449.98,336.33,457.55
ch2_ohr_ncp_20241115T1525004388_d_img_d18_x01280_y60160.png,0.2436,423.62,303.4,430.85,310.62
ch2_ohr_ncp_20241115T1525004388_d_img_d18_x01280_y60160.png,0.242,401.09,457.61,409.67,466.32
ch2_ohr_ncp_20241115T1525004388_d_img_d18_x01280_y60160.png,0.2415,540.22,465.94,545.64,471.38
ch2_ohr_ncp_20241115T1525004388_d_img_d18_x01280_y60160.png,0.2394,407.21,424.86,412.38,431.48
ch2_ohr_ncp_20241115T1525004388_d_img_d18_x01280_y60160.png,0.2382,471.81,558.02,477.52,563.25
ch2_ohr_ncp_20241115T1525004388_d_img_d18_x01280_y60160.png,0.2377,536.49,94.22,541.92,99.91
ch2_ohr_ncp_20241115T1525004388_d_img_d18_x01280_y60160.png,0.2322,556.54,501.67,563.86,508.22
ch2_ohr_ncp_20241115T1525004388_d_img_d18_x01280_y60160.png,0.2273,633.68,626.76,639.75,634.96
ch2_ohr_ncp_20241115T1525004388_d_img_d18_x01280_y60160.png,0.2272,335.9,467.46,340.98,472.33
ch2_ohr_ncp_20241115T1525004388_d_img_d18_x01280_y60160.png,0.2241,549.14,478.82,554.33,483.58
ch2_ohr_ncp_20241115T1525004388_d_img_d18_x01280_y60160.png,0.2239,328.77,420.18,332.28,425.31
ch2_ohr_ncp_20241115T1525004388_d_img_d18_x01280_y60160.png,0.2233,335.37,467.42,339.64,472.06
ch2_ohr_ncp_20241115T1525004388_d_img_d18_x01280_y60160.png,0.2198,471.98,385.15,481.83,395.09
ch2_ohr_ncp_20241115T1525004388_d_img_d18_x01280_y60160.png,0.2179,547.58,452.38,554.02,458.61
ch2_ohr_ncp_20241115T1525004388_d_img_d18_x01280_y60160.png,0.2142,312.18,528.91,317.83,534.18
ch2_ohr_ncp_20241115T1525004388_d_img_d18_x01280_y60160.png,0.2128,408.28,424.58,413.46,430.75
ch2_ohr_ncp_20241115T1525004388_d_img_d18_x01280_y60160.png,0.2106,564.11,77.63,568.69,82.43
ch2_ohr_ncp_20241115T1525004388_d_img_d18_x01280_y60160.png,0.21,493.99,486.83,500.59,493.6
ch2_ohr_ncp_20241115T1525004388_d_img_d18_x01280_y60160.png,0.2077,549.15,231.48,554.95,237.36
ch2_ohr_ncp_20241115T1525004388_d_img_d18_x01280_y60160.png,0.2062,584.96,88.64,588.84,93.03
ch2_ohr_ncp_20241115T1525004388_d_img_d18_x01280_y60160.png,0.2046,630.64,48.17,637.97,54.77
ch2_ohr_ncp_20241115T1525004388_d_img_d18_x01280_y60160.png,0.204,583.79,516.26,587.85,520.68
ch2_ohr_ncp_20241115T1525004388_d_img_d18_x01280_y60800.png,0.3677,509.34,5.68,516.27,11.88
ch2_ohr_ncp_20241115T1525004388_d_img_d18_x01280_y60800.png,0.2884,566.53,414.23,571.8,419.73
ch2_ohr_ncp_20241115T1525004388_d_img_d18_x01280_y60800.png,0.2701,619.86,32.67,627.9,40.82
ch2_ohr_ncp_20241115T1525004388_d_img_d18_x01280_y60800.png,0.2125,565.48,413.33,571.13,419.74
ch2_ohr_ncp_20241115T1525004388_d_img_d18_x01920_y60800.png,0.3847,563.48,495.97,628.92,551.31
ch2_ohr_ncp_20241115T1525004388_d_img_d18_x01920_y60800.png,0.3501,576.99,120.47,584.1,127.95
ch2_ohr_ncp_20241115T1525004388_d_img_d18_x01920_y60800.png,0.306,520.68,16.52,528.75,23.68
ch2_ohr_ncp_20241115T1525004388_d_img_d18_x01920_y60800.png,0.2657,91.82,8.26,97.45,16.54
ch2_ohr_ncp_20241115T1525004388_d_img_d18_x01920_y60800.png,0.2642,418.75,24.21,429.86,35.02
ch2_ohr_ncp_20241115T1525004388_d_img_d18_x01920_y60800.png,0.2538,224.36,3.29,230.74,9.57
ch2_ohr_ncp_20241115T1525004388_d_img_d18_x01920_y60800.png,0.2385,205.58,0.23,214.54,9.7
ch2_ohr_ncp_20241115T1525004388_d_img_d18_x01920_y60800.png,0.2231,21.11,27.18,27.17,33.58
ch2_ohr_ncp_20241115T1525004388_d_img_d18_x01920_y60800.png,0.2224,224.7,113.97,230.29,119.56
ch2_ohr_ncp_20241115T1525004388_d_img_d18_x01920_y60800.png,0.2042,577.62,109.77,582.63,114.3
ch2_ohr_ncp_20241115T1525004388_d_img_d18_x01920_y60800.png,0.2027,559.12,140.51,565.77,148.17
ch2_ohr_ncp_20241115T1525004388_d_img_d18_x01920_y62720.png,0.26,45.46,633.91,60.04,639.74
ch2_ohr_ncp_20241115T1525004388_d_img_d18_x01920_y62720.png,0.2272,197.03,2.55,201.91,7.14
ch2_ohr_ncp_20241115T1525004388_d_img_d18_x01920_y63360.png,0.3328,459.97,611.82,465.16,617.31
ch2_ohr_ncp_20241115T1525004388_d_img_d18_x01920_y63360.png,0.2929,61.65,508.6,68.54,515.48
ch2_ohr_ncp_20241115T1525004388_d_img_d18_x01920_y63360.png,0.2338,190.58,542.47,197.19,548.2
ch2_ohr_ncp_20241115T1525004388_d_img_d18_x01920_y63360.png,0.2198,604.92,621.87,611.94,628.79
ch2_ohr_ncp_20241115T1525004388_d_img_d18_x01920_y63360.png,0.2123,12.68,588.08,17.2,593.01
ch2_ohr_ncp_20241115T1525004388_d_img_d18_x01920_y63360.png,0.2026,406.91,441.22,413.04,447.2
ch2_ohr_ncp_20241115T1525004388_d_img_d18_x01920_y66560.png,0.2164,573.16,492.74,579.7,500.13
ch2_ohr_ncp_20241115T1525004388_d_img_d18_x01920_y68480.png,0.3024,211.34,479.61,220.51,488.79
ch2_ohr_ncp_20241115T1525004388_d_img_d18_x01920_y68480.png,0.2843,29.37,19.89,36.49,28.11
ch2_ohr_ncp_20241115T1525004388_d_img_d18_x01920_y68480.png,0.269,29.79,19.66,38.07,26.89
ch2_ohr_ncp_20241115T1525004388_d_img_d18_x01920_y68480.png,0.2534,18.56,623.89,26.31,632.3
ch2_ohr_ncp_20241115T1525004388_d_img_d18_x01920_y68480.png,0.2407,55.51,610.85,62.33,618.57
ch2_ohr_ncp_20241115T1525004388_d_img_d18_x01920_y68480.png,0.2316,327.92,247.51,335.69,255.51
ch2_ohr_ncp_20241115T1525004388_d_img_d18_x01920_y68480.png,0.2258,417.13,0.05,426.79,8.4
ch2_ohr_ncp_20241115T1525004388_d_img_d18_x01920_y68480.png,0.2186,0.06,39.03,6.09,47.35
ch2_ohr_ncp_20241115T1525004388_d_img_d18_x01920_y68480.png,0.2154,35.38,47.12,42.73,54.91
ch2_ohr_ncp_20241115T1525004388_d_img_d18_x01920_y68480.png,0.2134,433.16,156.73,439.13,163.58
ch2_ohr_ncp_20241115T1525004388_d_img_d18_x01920_y87040.png,0.2098,97.85,453.92,156.29,498.57
ch2_ohr_ncp_20241115T1525004388_d_img_d18_x02560_y56960.png,0.2976,110.0,1.52,153.08,63.27
ch2_ohr_ncp_20241115T1525004388_d_img_d18_x02560_y56960.png,0.212,49.53,185.59,108.06,250.16
ch2_ohr_ncp_20241115T1525004388_d_img_d18_x02560_y60800.png,0.3231,392.64,306.17,459.58,362.39
ch2_ohr_ncp_20241115T1525004388_d_img_d18_x02560_y60800.png,0.3045,36.36,183.84,116.27,270.27
ch2_ohr_ncp_20241115T1525004388_d_img_d18_x02560_y60800.png,0.2872,35.97,191.6,93.61,267.1
ch2_ohr_ncp_20241115T1525004388_d_img_d18_x02560_y60800.png,0.2831,0.04,196.61,23.33,228.98
ch2_ohr_ncp_20241115T1525004388_d_img_d18_x02560_y60800.png,0.2286,330.92,151.55,336.49,158.7
ch2_ohr_ncp_20241115T1525004388_d_img_d18_x02560_y60800.png,0.2254,463.23,571.57,517.5,613.18
ch2_ohr_ncp_20241115T1525004388_d_img_d18_x02560_y61440.png,0.287,442.38,0.98,475.4,24.93
ch2_ohr_ncp_20241115T1525004388_d_img_d18_x02560_y61440.png,0.2254,401.74,77.12,456.14,128.33
ch2_ohr_ncp_20241115T1525004388_d_img_d18_x02560_y68480.png,0.2496,332.85,86.38,414.56,158.12
ch2_ohr_ncp_20241115T1525004388_d_img_d18_x02560_y74240.png,0.2273,13.07,0.0,71.38,48.49
ch2_ohr_ncp_20241115T1525004388_d_img_d18_x02560_y87040.png,0.2301,155.37,245.03,179.07,263.49
ch2_ohr_ncp_20241115T1525004388_d_img_d18_x02560_y87040.png,0.2279,594.93,0.0,636.77,25.53
ch2_ohr_ncp_20241115T1525004388_d_img_d18_x02560_y87040.png,0.2022,293.4,0.28,317.6,25.69
ch2_ohr_ncp_20241115T1525004388_d_img_d18_x02560_y88960.png,0.2011,108.64,152.41,187.91,234.1
ch2_ohr_ncp_20241115T1525004388_d_img_d18_x03200_y55680.png,0.3776,47.01,158.54,105.98,229.66
ch2_ohr_ncp_20241115T1525004388_d_img_d18_x03200_y55680.png,0.343,141.05,0.0,205.15,25.36
ch2_ohr_ncp_20241115T1525004388_d_img_d18_x03200_y61440.png,0.2146,579.8,491.67,588.32,500.31
ch2_ohr_ncp_20241115T1525004388_d_img_d18_x03200_y62080.png,0.49,624.45,273.95,636.41,285.23
ch2_ohr_ncp_20241115T1525004388_d_img_d18_x03200_y62080.png,0.2465,574.02,519.53,583.26,530.32
ch2_ohr_ncp_20241115T1525004388_d_img_d18_x03200_y62080.png,0.2159,511.41,608.29,516.88,614.03
ch2_ohr_ncp_20241115T1525004388_d_img_d18_x03200_y67200.png,0.2113,221.08,208.68,226.49,214.14
ch2_ohr_ncp_20241115T1525004388_d_img_d18_x03200_y85760.png,0.2913,482.73,390.85,533.89,467.38
ch2_ohr_ncp_20241115T1525004388_d_img_d18_x03200_y85760.png,0.278,484.41,380.75,544.64,468.52
ch2_ohr_ncp_20241115T1525004388_d_img_d18_x03840_y55040.png,0.32,149.55,428.2,216.41,514.79
ch2_ohr_ncp_20241115T1525004388_d_img_d18_x03840_y55040.png,0.2476,144.38,391.86,244.41,516.43
ch2_ohr_ncp_20241115T1525004388_d_img_d18_x03840_y55680.png,0.4553,460.05,87.14,529.71,161.46
ch2_ohr_ncp_20241115T1525004388_d_img_d18_x03840_y55680.png,0.2705,149.03,344.85,265.62,450.13
ch2_ohr_ncp_20241115T1525004388_d_img_d18_x03840_y55680.png,0.2533,159.57,344.61,254.47,415.76
ch2_ohr_ncp_20241115T1525004388_d_img_d18_x03840_y56320.png,0.2625,260.18,620.5,270.4,632.29
ch2_ohr_ncp_20241115T1525004388_d_img_d18_x03840_y58880.png,0.2494,417.47,531.99,422.04,537.14
ch2_ohr_ncp_20241115T1525004388_d_img_d18_x03840_y58880.png,0.2118,177.97,0.9,231.61,45.37
ch2_ohr_ncp_20241115T1525004388_d_img_d18_x03840_y73600.png,0.2077,116.17,178.21,170.41,232.03
ch2_ohr_ncp_20241115T1525004388_d_img_d18_x03840_y85760.png,0.2072,157.14,0.05,174.45,13.16
ch2_ohr_ncp_20241115T1525004388_d_img_d18_x03840_y88320.png,0.4135,367.71,208.94,485.68,305.79
ch2_ohr_ncp_20241115T1525004388_d_img_d18_x03840_y88320.png,0.267,380.46,0.0,504.91,41.12
ch2_ohr_ncp_20241115T1525004388_d_img_d18_x03840_y89600.png,0.2935,248.0,0.0,341.27,49.39
ch2_ohr_ncp_20241115T1525004388_d_img_d18_x03840_y89600.png,0.2665,630.04,225.86,639.65,235.54
ch2_ohr_ncp_20241115T1525004388_d_img_d18_x03840_y89600.png,0.2144,405.06,581.82,440.58,612.73
ch2_ohr_ncp_20241115T1525004388_d_img_d18_x03840_y89600.png,0.212,500.81,406.53,510.34,413.61
ch2_ohr_ncp_20241115T1525004388_d_img_d18_x04480_y67840.png,0.341,234.46,17.1,241.2,24.33
ch2_ohr_ncp_20241115T1525004388_d_img_d18_x04480_y67840.png,0.2467,237.26,142.31,246.4,151.12
ch2_ohr_ncp_20241115T1525004388_d_img_d18_x04480_y67840.png,0.2463,109.2,181.4,115.38,187.68
ch2_ohr_ncp_20241115T1525004388_d_img_d18_x04480_y67840.png,0.2246,84.68,32.95,90.25,39.18
ch2_ohr_ncp_20241115T1525004388_d_img_d18_x04480_y67840.png,0.2233,231.38,3.03,236.09,8.23
ch2_ohr_ncp_20241115T1525004388_d_img_d18_x04480_y67840.png,0.2111,236.51,17.6,242.3,24.38
ch2_ohr_ncp_20241115T1525004388_d_img_d18_x04480_y67840.png,0.2109,290.04,122.7,296.57,130.6
ch2_ohr_ncp_20241115T1525004388_d_img_d18_x04480_y67840.png,0.2108,77.99,286.95,84.21,293.42
ch2_ohr_ncp_20241115T1525004388_d_img_d18_x04480_y67840.png,0.2107,237.11,160.5,243.44,166.86
ch2_ohr_ncp_20241115T1525004388_d_img_d18_x04480_y67840.png,0.2005,198.94,60.3,203.07,64.69
ch2_ohr_ncp_20241115T1525004388_d_img_d18_x04480_y90240.png,0.5143,96.65,84.01,167.65,131.4
ch2_ohr_ncp_20241115T1525004388_d_img_d18_x04480_y90240.png,0.2605,180.32,373.06,186.15,378.9
ch2_ohr_ncp_20241115T1525004388_d_img_d18_x05120_y51840.png,0.2912,9.48,11.03,80.22,95.67
ch2_ohr_ncp_20241115T1525004388_d_img_d18_x05120_y51840.png,0.2176,9.16,24.88,55.14,96.04
ch2_ohr_ncp_20241115T1525004388_d_img_d18_x05120_y55040.png,0.246,573.57,607.41,582.02,614.64
ch2_ohr_ncp_20241115T1525004388_d_img_d18_x05120_y58880.png,0.2186,391.21,120.1,447.97,178.54
ch2_ohr_ncp_20241115T1525004388_d_img_d18_x05120_y69120.png,0.3463,78.36,42.45,152.68,111.81
ch2_ohr_ncp_20241115T1525004388_d_img_d18_x05120_y72320.png,0.3075,509.84,198.4,515.2,204.06
ch2_ohr_ncp_20241115T1525004388_d_img_d18_x05120_y72320.png,0.2747,608.41,126.24,614.23,133.04
ch2_ohr_ncp_20241115T1525004388_d_img_d18_x05120_y72320.png,0.2621,621.22,116.72,627.86,123.21
ch2_ohr_ncp_20241115T1525004388_d_img_d18_x05120_y72320.png,0.2271,510.26,198.72,516.79,204.49
ch2_ohr_ncp_20241115T1525004388_d_img_d18_x05120_y85120.png,0.2418,208.74,388.24,306.09,479.8
ch2_ohr_ncp_20241115T1525004388_d_img_d18_x05120_y87680.png,0.2149,0.6,447.16,9.11,457.13
ch2_ohr_ncp_20241115T1525004388_d_img_d18_x05120_y90240.png,0.2513,28.28,45.35,35.54,52.53
ch2_ohr_ncp_20241115T1525004388_d_img_d18_x05760_y51840.png,0.3088,198.76,221.05,203.57,226.29
ch2_ohr_ncp_20241115T1525004388_d_img_d18_x05760_y51840.png,0.2562,225.92,7.91,232.91,15.07
ch2_ohr_ncp_20241115T1525004388_d_img_d18_x05760_y51840.png,0.2369,163.65,189.31,171.5,198.63
ch2_ohr_ncp_20241115T1525004388_d_img_d18_x05760_y51840.png,0.2343,83.68,83.25,90.77,90.1
ch2_ohr_ncp_20241115T1525004388_d_img_d18_x05760_y51840.png,0.2288,257.33,123.39,261.97,127.52
ch2_ohr_ncp_20241115T1525004388_d_img_d18_x05760_y51840.png,0.2235,206.6,276.43,213.78,283.03
ch2_ohr_ncp_20241115T1525004388_d_img_d18_x05760_y51840.png,0.2121,33.06,0.0,151.0,64.88
ch2_ohr_ncp_20241115T1525004388_d_img_d18_x05760_y51840.png,0.2075,210.85,218.62,218.55,224.32
ch2_ohr_ncp_20241115T1525004388_d_img_d18_x05760_y55680.png,0.2935,295.17,171.88,387.44,255.26
ch2_ohr_ncp_20241115T1525004388_d_img_d18_x05760_y60800.png,0.2528,1.76,3.84,100.41,80.43
ch2_ohr_ncp_20241115T1525004388_d_img_d18_x05760_y62720.png,0.2641,418.06,0.0,495.93,54.92
ch2_ohr_ncp_20241115T1525004388_d_img_d18_x05760_y67840.png,0.2045,631.25,33.18,637.06,38.34
ch2_ohr_ncp_20241115T1525004388_d_img_d18_x05760_y92160.png,0.2024,101.36,0.0,114.48,6.76
ch2_ohr_ncp_20241115T1525004388_d_img_d18_x05760_y92800.png,0.2107,195.44,16.63,273.94,77.08
ch2_ohr_ncp_20241115T1525004388_d_img_d18_x06400_y60160.png,0.2529,0.0,367.18,71.93,455.59
ch2_ohr_ncp_20241115T1525004388_d_img_d18_x06400_y64640.png,0.248,122.98,564.19,207.23,640.0
ch2_ohr_ncp_20241115T1525004388_d_img_d18_x06400_y64640.png,0.2232,131.66,366.77,165.87,413.91
ch2_ohr_ncp_20241115T1525004388_d_img_d18_x06400_y67840.png,0.3116,34.96,8.94,47.3,20.14
ch2_ohr_ncp_20241115T1525004388_d_img_d18_x06400_y67840.png,0.2746,25.41,107.67,29.96,112.68
ch2_ohr_ncp_20241115T1525004388_d_img_d18_x06400_y67840.png,0.2399,99.99,71.2,105.23,77.26
ch2_ohr_ncp_20241115T1525004388_d_img_d18_x06400_y68480.png,0.2257,359.26,32.85,424.57,91.98
ch2_ohr_ncp_20241115T1525004388_d_img_d18_x06400_y74240.png,0.2193,487.2,265.65,563.61,328.5
ch2_ohr_ncp_20241115T1525004388_d_img_d18_x06400_y85760.png,0.2778,133.78,237.31,138.6,243.16
ch2_ohr_ncp_20241115T1525004388_d_img_d18_x06400_y85760.png,0.2435,26.69,432.6,33.33,439.43
ch2_ohr_ncp_20241115T1525004388_d_img_d18_x06400_y85760.png,0.2236,346.47,3.14,357.46,15.49
ch2_ohr_ncp_20241115T1525004388_d_img_d18_x06400_y85760.png,0.2215,45.94,458.58,51.65,464.61
ch2_ohr_ncp_20241115T1525004388_d_img_d18_x06400_y85760.png,0.2088,46.38,458.09,53.2,464.49
ch2_ohr_ncp_20241115T1525004388_d_img_d18_x06400_y85760.png,0.2005,4.12,522.99,9.14,527.66
ch2_ohr_ncp_20241115T1525004388_d_img_d18_x06400_y86400.png,0.2008,181.42,353.83,270.71,435.83
ch2_ohr_ncp_20241115T1525004388_d_img_d18_x06400_y87040.png,0.3103,318.79,41.14,378.07,115.27
ch2_ohr_ncp_20241115T1525004388_d_img_d18_x06400_y87680.png,0.2398,271.43,0.15,334.4,82.28
ch2_ohr_ncp_20241115T1525004388_d_img_d18_x06400_y88960.png,0.4473,332.87,323.4,384.33,403.18
ch2_ohr_ncp_20241115T1525004388_d_img_d18_x06400_y88960.png,0.301,55.95,71.46,131.67,146.94
ch2_ohr_ncp_20241115T1525004388_d_img_d18_x06400_y90880.png,0.3079,118.06,558.17,197.93,640.0
ch2_ohr_ncp_20241115T1525004388_d_img_d18_x06400_y90880.png,0.2512,112.46,543.68,235.33,640.0
ch2_ohr_ncp_20241115T1525004388_d_img_d18_x06400_y92800.png,0.4005,428.5,134.27,525.39,223.45
ch2_ohr_ncp_20241115T1525004388_d_img_d18_x07040_y50560.png,0.3229,278.06,10.92,315.78,46.52
ch2_ohr_ncp_20241115T1525004388_d_img_d18_x07040_y50560.png,0.256,345.57,95.34,423.82,204.24
ch2_ohr_ncp_20241115T1525004388_d_img_d18_x07040_y51840.png,0.2539,427.05,29.73,495.39,79.54
ch2_ohr_ncp_20241115T1525004388_d_img_d18_x07040_y51840.png,0.2051,455.33,19.79,518.02,80.75
ch2_ohr_ncp_20241115T1525004388_d_img_d18_x07040_y52480.png,0.5853,97.08,176.5,146.2,228.25
ch2_ohr_ncp_20241115T1525004388_d_img_d18_x07040_y53760.png,0.2578,341.95,262.17,353.83,275.03
ch2_ohr_ncp_20241115T1525004388_d_img_d18_x07040_y58880.png,0.3243,529.38,223.9,589.03,285.42
ch2_ohr_ncp_20241115T1525004388_d_img_d18_x07040_y59520.png,0.2397,0.49,0.03,22.83,12.03
ch2_ohr_ncp_20241115T1525004388_d_img_d18_x07040_y60800.png,0.2005,476.66,424.82,571.69,496.11
ch2_ohr_ncp_20241115T1525004388_d_img_d18_x07040_y67200.png,0.337,0.0,460.85,79.23,580.33
ch2_ohr_ncp_20241115T1525004388_d_img_d18_x07040_y67200.png,0.2415,0.0,442.0,93.42,570.7
ch2_ohr_ncp_20241115T1525004388_d_img_d18_x07040_y85120.png,0.5548,340.63,385.32,378.64,422.88
ch2_ohr_ncp_20241115T1525004388_d_img_d18_x07040_y85120.png,0.2341,94.47,1.47,100.28,8.19
ch2_ohr_ncp_20241115T1525004388_d_img_d18_x07040_y85120.png,0.2067,235.37,3.28,244.7,12.44
ch2_ohr_ncp_20241115T1525004388_d_img_d18_x07040_y88960.png,0.3294,167.0,124.3,239.99,196.7
ch2_ohr_ncp_20241115T1525004388_d_img_d18_x07040_y88960.png,0.307,82.42,141.72,139.51,185.39
ch2_ohr_ncp_20241115T1525004388_d_img_d18_x07680_y48640.png,0.2339,273.47,0.12,291.31,16.71
ch2_ohr_ncp_20241115T1525004388_d_img_d18_x07680_y53760.png,0.3907,551.2,302.94,559.56,311.69
ch2_ohr_ncp_20241115T1525004388_d_img_d18_x07680_y53760.png,0.3714,616.26,573.41,623.17,580.18
ch2_ohr_ncp_20241115T1525004388_d_img_d18_x07680_y53760.png,0.3415,595.26,488.63,604.87,498.8
ch2_ohr_ncp_20241115T1525004388_d_img_d18_x07680_y53760.png,0.3324,559.3,64.68,570.98,75.84
ch2_ohr_ncp_20241115T1525004388_d_img_d18_x07680_y53760.png,0.3174,428.62,594.65,434.37,601.44
ch2_ohr_ncp_20241115T1525004388_d_img_d18_x07680_y53760.png,0.3166,575.31,51.12,579.28,56.56
ch2_ohr_ncp_20241115T1525004388_d_img_d18_x07680_y53760.png,0.2771,588.99,450.52,594.45,455.83
ch2_ohr_ncp_20241115T1525004388_d_img_d18_x07680_y53760.png,0.2761,629.1,155.43,634.08,161.15
ch2_ohr_ncp_20241115T1525004388_d_img_d18_x07680_y53760.png,0.2726,575.51,50.95,580.55,56.35
ch2_ohr_ncp_20241115T1525004388_d_img_d18_x07680_y53760.png,0.2692,356.81,228.5,363.05,235.98
ch2_ohr_ncp_20241115T1525004388_d_img_d18_x07680_y53760.png,0.2613,0.0,36.31,3.81,43.91
ch2_ohr_ncp_20241115T1525004388_d_img_d18_x07680_y53760.png,0.2423,590.76,626.12,600.23,633.88
ch2_ohr_ncp_20241115T1525004388_d_img_d18_x07680_y53760.png,0.2412,629.64,155.2,634.63,160.35
ch2_ohr_ncp_20241115T1525004388_d_img_d18_x07680_y53760.png,0.2305,526.99,82.91,533.65,91.04
ch2_ohr_ncp_20241115T1525004388_d_img_d18_x07680_y53760.png,0.2232,452.88,318.22,459.02,323.89
ch2_ohr_ncp_20241115T1525004388_d_img_d18_x07680_y53760.png,0.2227,530.01,372.52,535.54,377.61
ch2_ohr_ncp_20241115T1525004388_d_img_d18_x07680_y53760.png,0.2188,532.06,1.27,538.34,9.96
ch2_ohr_ncp_20241115T1525004388_d_img_d18_x07680_y53760.png,0.208,0.0,36.11,5.49,43.9
ch2_ohr_ncp_20241115T1525004388_d_img_d18_x07680_y53760.png,0.2001,560.97,467.05,566.47,472.18
ch2_ohr_ncp_20241115T1525004388_d_img_d18_x07680_y58240.png,0.2081,359.82,2.81,412.78,52.93
ch2_ohr_ncp_20241115T1525004388_d_img_d18_x07680_y60160.png,0.2831,272.95,482.15,358.97,566.92
ch2_ohr_ncp_20241115T1525004388_d_img_d18_x07680_y63360.png,0.2117,238.45,628.66,245.71,636.76
ch2_ohr_ncp_20241115T1525004388_d_img_d18_x07680_y67840.png,0.2509,268.38,433.18,362.33,513.43
ch2_ohr_ncp_20241115T1525004388_d_img_d18_x07680_y68480.png,0.2351,277.44,584.64,354.64,639.72
ch2_ohr_ncp_20241115T1525004388_d_img_d18_x07680_y88960.png,0.2033,248.08,331.42,312.61,406.45
ch2_ohr_ncp_20241115T1525004388_d_img_d18_x07680_y93440.png,0.2504,9.35,586.91,67.08,639.58
ch2_ohr_ncp_20241115T1525004388_d_img_d18_x07680_y95360.png,0.2759,92.17,438.69,153.47,503.88
ch2_ohr_ncp_20241115T1525004388_d_img_d18_x07680_y95360.png,0.2654,235.43,385.5,249.2,399.25
ch2_ohr_ncp_20241115T1525004388_d_img_d18_x08320_y44800.png,0.2134,1.91,482.79,49.52,526.26
ch2_ohr_ncp_20241115T1525004388_d_img_d18_x08320_y58240.png,0.2264,122.75,26.85,178.28,83.8
ch2_ohr_ncp_20241115T1525004388_d_img_d18_x08320_y58240.png,0.2175,151.0,0.0,169.85,15.46
ch2_ohr_ncp_20241115T1525004388_d_img_d18_x08320_y62080.png,0.2198,127.91,310.42,199.24,385.49
ch2_ohr_ncp_20241115T1525004388_d_img_d18_x08320_y64640.png,0.307,464.17,425.88,526.84,497.3
ch2_ohr_ncp_20241115T1525004388_d_img_d18_x08320_y71040.png,0.2321,533.07,442.58,624.63,544.11
ch2_ohr_ncp_20241115T1525004388_d_img_d18_x08320_y83840.png,0.2626,406.95,626.46,435.14,640.0
ch2_ohr_ncp_20241115T1525004388_d_img_d18_x08320_y83840.png,0.2544,334.91,566.12,345.28,582.94
ch2_ohr_ncp_20241115T1525004388_d_img_d18_x08320_y83840.png,0.2193,343.92,625.11,352.42,635.72
ch2_ohr_ncp_20241115T1525004388_d_img_d18_x08320_y83840.png,0.2151,487.59,569.52,554.61,639.05
ch2_ohr_ncp_20241115T1525004388_d_img_d18_x08320_y84480.png,0.2527,487.1,0.0,538.22,55.63
ch2_ohr_ncp_20241115T1525004388_d_img_d18_x08320_y88320.png,0.3027,404.58,323.73,477.14,443.06
ch2_ohr_ncp_20241115T1525004388_d_img_d18_x08320_y88960.png,0.2621,192.0,363.6,275.74,454.66
ch2_ohr_ncp_20241115T1525004388_d_img_d18_x08320_y89600.png,0.2187,61.51,66.1,120.91,129.73
ch2_ohr_ncp_20241115T1525004388_d_img_d18_x08320_y94080.png,0.2335,120.92,425.08,226.86,553.51
ch2_ohr_ncp_20241115T1525004388_d_img_d18_x08320_y97280.png,0.3692,258.98,606.36,273.95,623.95
ch2_ohr_ncp_20241115T1525004388_d_img_d18_x08320_y97280.png,0.266,55.03,556.26,103.75,585.18
ch2_ohr_ncp_20241115T1525004388_d_img_d18_x08960_y46080.png,0.2171,138.67,623.6,165.32,639.66
ch2_ohr_ncp_20241115T1525004388_d_img_d18_x08960_y46080.png,0.2119,82.63,488.25,123.49,524.82
ch2_ohr_ncp_20241115T1525004388_d_img_d18_x08960_y50560.png,0.24,109.42,0.13,118.92,7.95
ch2_ohr_ncp_20241115T1525004388_d_img_d18_x08960_y51200.png,0.2641,307.91,0.0,384.16,57.88
ch2_ohr_ncp_20241115T1525004388_d_img_d18_x08960_y72960.png,0.5704,170.02,63.11,182.82,77.6
ch2_ohr_ncp_20241115T1525004388_d_img_d18_x08960_y72960.png,0.4702,277.77,108.3,283.67,114.61
ch2_ohr_ncp_20241115T1525004388_d_img_d18_x08960_y72960.png,0.4595,28.23,29.72,38.72,40.1
ch2_ohr_ncp_20241115T1525004388_d_img_d18_x08960_y72960.png,0.4321,298.33,74.48,304.66,81.17
ch2_ohr_ncp_20241115T1525004388_d_img_d18_x08960_y72960.png,0.4244,231.71,15.3,237.37,20.45
ch2_ohr_ncp_20241115T1525004388_d_img_d18_x08960_y72960.png,0.4229,32.94,20.21,39.44,26.49
ch2_ohr_ncp_20241115T1525004388_d_img_d18_x08960_y72960.png,0.4158,149.81,160.6,156.64,167.63
ch2_ohr_ncp_20241115T1525004388_d_img_d18_x08960_y72960.png,0.3559,405.92,61.63,410.56,67.23
ch2_ohr_ncp_20241115T1525004388_d_img_d18_x08960_y72960.png,0.3393,30.74,80.19,39.1,88.37
ch2_ohr_ncp_20241115T1525004388_d_img_d18_x08960_y72960.png,0.3267,196.65,11.95,204.27,19.07
ch2_ohr_ncp_20241115T1525004388_d_img_d18_x08960_y72960.png,0.3232,224.31,164.67,230.6,171.49
ch2_ohr_ncp_20241115T1525004388_d_img_d18_x08960_y72960.png,0.3165,313.58,184.19,319.89,190.39
ch2_ohr_ncp_20241115T1525004388_d_img_d18_x08960_y72960.png,0.2989,299.28,74.81,305.37,80.83
ch2_ohr_ncp_20241115T1525004388_d_img_d18_x08960_y72960.png,0.2872,408.11,77.19,411.96,81.67
ch2_ohr_ncp_20241115T1525004388_d_img_d18_x08960_y72960.png,0.2728,187.54,22.62,192.84,27.62
ch2_ohr_ncp_20241115T1525004388_d_img_d18_x08960_y72960.png,0.2624,225.19,164.87,232.25,171.5
ch2_ohr_ncp_20241115T1525004388_d_img_d18_x08960_y72960.png,0.2592,164.62,270.36,172.43,279.38
ch2_ohr_ncp_20241115T1525004388_d_img_d18_x08960_y72960.png,0.2563,516.17,0.0,533.36,9.53
ch2_ohr_ncp_20241115T1525004388_d_img_d18_x08960_y72960.png,0.2539,84.9,138.36,89.36,143.62
ch2_ohr_ncp_20241115T1525004388_d_img_d18_x08960_y72960.png,0.2524,270.29,59.43,274.67,63.57
ch2_ohr_ncp_20241115T1525004388_d_img_d18_x08960_y72960.png,0.2524,288.73,125.99,294.42,131.03
ch2_ohr_ncp_20241115T1525004388_d_img_d18_x08960_y72960.png,0.2521,232.56,189.92,237.62,194.93
ch2_ohr_ncp_20241115T1525004388_d_img_d18_x08960_y72960.png,0.246,287.66,59.56,292.43,64.39
ch2_ohr_ncp_20241115T1525004388_d_img_d18_x08960_y72960.png,0.2369,307.82,155.12,311.73,159.66
ch2_ohr_ncp_20241115T1525004388_d_img_d18_x08960_y72960.png,0.2322,149.45,161.45,155.18,168.47
ch2_ohr_ncp_20241115T1525004388_d_img_d18_x08960_y72960.png,0.231,74.54,57.13,82.1,63.51
ch2_ohr_ncp_20241115T1525004388_d_img_d18_x08960_y72960.png,0.2296,7.22,144.64,13.23,150.64
ch2_ohr_ncp_20241115T1525004388_d_img_d18_x08960_y72960.png,0.218,165.59,27.61,170.02,32.25
ch2_ohr_ncp_20241115T1525004388_d_img_d18_x08960_y72960.png,0.2157,243.41,111.88,254.2,122.8
ch2_ohr_ncp_20241115T1525004388_d_img_d18_x08960_y72960.png,0.2113,172.68,63.21,184.15,75.87
ch2_ohr_ncp_20241115T1525004388_d_img_d18_x08960_y72960.png,0.2101,186.83,22.4,191.94,27.52
ch2_ohr_ncp_20241115T1525004388_d_img_d18_x08960_y72960.png,0.2076,203.1,152.12,210.62,160.21
ch2_ohr_ncp_20241115T1525004388_d_img_d18_x08960_y72960.png,0.2068,417.78,132.96,424.06,138.78
ch2_ohr_ncp_20241115T1525004388_d_img_d18_x08960_y72960.png,0.2055,173.41,55.32,178.47,60.7
ch2_ohr_ncp_20241115T1525004388_d_img_d18_x08960_y72960.png,0.2001,215.21,207.4,221.74,213.95
ch2_ohr_ncp_20241115T1525004388_d_img_d18_x08960_y87040.png,0.2218,127.67,431.79,189.89,490.04
ch2_ohr_ncp_20241115T1525004388_d_img_d18_x08960_y87680.png,0.2608,64.04,145.38,147.44,222.45
ch2_ohr_ncp_20241115T1525004388_d_img_d18_x09600_y100480.png,0.2606,205.48,316.17,227.63,336.76
ch2_ohr_ncp_20241115T1525004388_d_img_d18_x09600_y40960.png,0.2631,83.79,375.59,155.38,482.4
ch2_ohr_ncp_20241115T1525004388_d_img_d18_x09600_y44160.png,0.2445,442.21,85.74,534.62,156.03
ch2_ohr_ncp_20241115T1525004388_d_img_d18_x09600_y55680.png,0.2147,411.36,19.02,478.35,79.03
ch2_ohr_ncp_20241115T1525004388_d_img_d18_x09600_y72960.png,0.322,352.6,67.28,357.51,71.21
ch2_ohr_ncp_20241115T1525004388_d_img_d18_x09600_y72960.png,0.3148,348.54,140.6,363.73,151.55
ch2_ohr_ncp_20241115T1525004388_d_img_d18_x09600_y72960.png,0.314,232.08,166.79,239.65,175.54
ch2_ohr_ncp_20241115T1525004388_d_img_d18_x09600_y72960.png,0.3073,413.91,112.95,420.99,119.68
ch2_ohr_ncp_20241115T1525004388_d_img_d18_x09600_y72960.png,0.3057,347.4,136.6,352.44,141.11
ch2_ohr_ncp_20241115T1525004388_d_img_d18_x09600_y72960.png,0.2994,414.63,112.62,422.21,120.06
ch2_ohr_ncp_20241115T1525004388_d_img_d18_x09600_y72960.png,0.2951,224.73,1.12,231.26,7.86
ch2_ohr_ncp_20241115T1525004388_d_img_d18_x09600_y72960.png,0.2926,319.88,82.14,326.39,88.2
ch2_ohr_ncp_20241115T1525004388_d_img_d18_x09600_y72960.png,0.2881,378.77,134.38,387.68,140.94
ch2_ohr_ncp_20241115T1525004388_d_img_d18_x09600_y72960.png,0.2807,364.73,74.74,369.87,79.98
ch2_ohr_ncp_20241115T1525004388_d_img_d18_x09600_y72960.png,0.2784,325.04,0.3,341.79,15.38
ch2_ohr_ncp_20241115T1525004388_d_img_d18_x09600_y72960.png,0.2765,109.25,138.25,116.5,144.29
ch2_ohr_ncp_20241115T1525004388_d_img_d18_x09600_y72960.png,0.2653,405.27,111.2,409.43,115.18
ch2_ohr_ncp_20241115T1525004388_d_img_d18_x09600_y72960.png,0.2578,364.62,74.96,368.68,80.25
ch2_ohr_ncp_20241115T1525004388_d_img_d18_x09600_y72960.png,0.2541,377.86,134.51,387.79,143.07
ch2_ohr_ncp_20241115T1525004388_d_img_d18_x09600_y72960.png,0.2528,509.94,198.7,514.7,203.83
ch2_ohr_ncp_20241115T1525004388_d_img_d18_x09600_y72960.png,0.2518,118.57,169.7,124.12,173.99
ch2_ohr_ncp_20241115T1525004388_d_img_d18_x09600_y72960.png,0.2437,26.42,251.84,41.95,266.05
ch2_ohr_ncp_20241115T1525004388_d_img_d18_x09600_y72960.png,0.2428,426.67,98.66,432.36,105.41
ch2_ohr_ncp_20241115T1525004388_d_img_d18_x09600_y72960.png,0.2408,68.92,58.93,73.66,64.38
ch2_ohr_ncp_20241115T1525004388_d_img_d18_x09600_y72960.png,0.2376,353.54,13.92,358.09,18.91
ch2_ohr_ncp_20241115T1525004388_d_img_d18_x09600_y72960.png,0.2348,512.38,13.72,516.38,18.01
ch2_ohr_ncp_20241115T1525004388_d_img_d18_x09600_y72960.png,0.234,463.31,93.58,467.82,97.73
ch2_ohr_ncp_20241115T1525004388_d_img_d18_x09600_y72960.png,0.2338,404.65,110.32,409.79,115.18
ch2_ohr_ncp_20241115T1525004388_d_img_d18_x09600_y72960.png,0.2324,154.28,0.18,176.1,14.5
ch2_ohr_ncp_20241115T1525004388_d_img_d18_x09600_y72960.png,0.2321,344.48,83.35,355.99,94.63
ch2_ohr_ncp_20241115T1525004388_d_img_d18_x09600_y72960.png,0.2305,109.68,156.57,114.78,161.47
ch2_ohr_ncp_20241115T1525004388_d_img_d18_x09600_y72960.png,0.2258,580.47,55.86,597.87,75.17
ch2_ohr_ncp_20241115T1525004388_d_img_d18_x09600_y72960.png,0.2253,580.31,147.61,584.75,151.79
ch2_ohr_ncp_20241115T1525004388_d_img_d18_x09600_y72960.png,0.2209,211.26,146.84,217.31,152.11
ch2_ohr_ncp_20241115T1525004388_d_img_d18_x09600_y72960.png,0.2186,450.61,56.54,455.49,61.62
ch2_ohr_ncp_20241115T1525004388_d_img_d18_x09600_y72960.png,0.2184,521.4,126.87,525.93,131.32
ch2_ohr_ncp_20241115T1525004388_d_img_d18_x09600_y72960.png,0.2154,574.15,23.08,578.74,27.93
ch2_ohr_ncp_20241115T1525004388_d_img_d18_x09600_y72960.png,0.2144,402.79,123.5,406.03,128.08
ch2_ohr_ncp_20241115T1525004388_d_img_d18_x09600_y72960.png,0.2134,579.67,17.13,588.06,25.93
ch2_ohr_ncp_20241115T1525004388_d_img_d18_x09600_y72960.png,0.2125,312.1,167.01,317.9,172.9
ch2_ohr_ncp_20241115T1525004388_d_img_d18_x09600_y72960.png,0.211,384.15,54.25,391.15,61.07
ch2_ohr_ncp_20241115T1525004388_d_img_d18_x09600_y72960.png,0.2102,0.11,152.71,5.12,158.01
ch2_ohr_ncp_20241115T1525004388_d_img_d18_x09600_y72960.png,0.2084,224.49,1.88,230.15,8.16
ch2_ohr_ncp_20241115T1525004388_d_img_d18_x09600_y72960.png,0.2083,45.72,115.45,50.28,120.14
ch2_ohr_ncp_20241115T1525004388_d_img_d18_x09600_y72960.png,0.2041,603.54,52.97,609.57,58.5
ch2_ohr_ncp_20241115T1525004388_d_img_d18_x09600_y99840.png,0.295,173.49,511.87,259.05,608.45
ch2_ohr_ncp_20241115T1525004388_d_img_d18_x10240_y40320.png,0.4022,271.65,0.0,349.94,38.43
ch2_ohr_ncp_20241115T1525004388_d_img_d18_x10240_y40960.png,0.2438,178.93,437.4,264.21,530.67
ch2_ohr_ncp_20241115T1525004388_d_img_d18_x10240_y44800.png,0.2002,195.52,59.5,236.27,120.6
ch2_ohr_ncp_20241115T1525004388_d_img_d18_x10240_y48000.png,0.3104,530.89,24.51,607.81,98.8
ch2_ohr_ncp_20241115T1525004388_d_img_d18_x10240_y50560.png,0.2155,12.69,79.94,21.14,88.0
ch2_ohr_ncp_20241115T1525004388_d_img_d18_x10240_y72960.png,0.42,614.66,15.34,619.68,20.43
ch2_ohr_ncp_20241115T1525004388_d_img_d18_x10240_y72960.png,0.4008,373.32,0.0,380.26,2.64
ch2_ohr_ncp_20241115T1525004388_d_img_d18_x10240_y72960.png,0.3966,158.87,58.1,166.68,64.07
ch2_ohr_ncp_20241115T1525004388_d_img_d18_x10240_y72960.png,0.371,282.36,147.48,289.76,155.61
ch2_ohr_ncp_20241115T1525004388_d_img_d18_x10240_y72960.png,0.3617,566.99,0.0,581.96,8.47
ch2_ohr_ncp_20241115T1525004388_d_img_d18_x10240_y72960.png,0.3044,625.42,79.81,633.4,87.57
ch2_ohr_ncp_20241115T1525004388_d_img_d18_x10240_y72960.png,0.2732,294.97,15.03,302.24,23.22
ch2_ohr_ncp_20241115T1525004388_d_img_d18_x10240_y72960.png,0.2696,320.05,17.2,325.86,22.2
ch2_ohr_ncp_20241115T1525004388_d_img_d18_x10240_y72960.png,0.2685,613.82,14.82,618.94,20.37
ch2_ohr_ncp_20241115T1525004388_d_img_d18_x10240_y72960.png,0.2655,430.94,35.87,435.59,41.11
ch2_ohr_ncp_20241115T1525004388_d_img_d18_x10240_y72960.png,0.2638,231.4,52.86,236.13,57.38
ch2_ohr_ncp_20241115T1525004388_d_img_d18_x10240_y72960.png,0.2609,18.78,66.52,26.5,75.07
ch2_ohr_ncp_20241115T1525004388_d_img_d18_x10240_y72960.png,0.2599,127.81,116.05,133.18,121.1
ch2_ohr_ncp_20241115T1525004388_d_img_d18_x10240_y72960.png,0.2555,375.89,87.08,382.32,93.14
ch2_ohr_ncp_20241115T1525004388_d_img_d18_x10240_y72960.png,0.2448,626.42,29.77,631.06,34.24
ch2_ohr_ncp_20241115T1525004388_d_img_d18_x10240_y72960.png,0.2445,496.23,32.93,500.92,38.28
ch2_ohr_ncp_20241115T1525004388_d_img_d18_x10240_y72960.png,0.2417,532.29,0.81,536.57,7.42
ch2_ohr_ncp_20241115T1525004388_d_img_d18_x10240_y72960.png,0.2409,214.47,85.91,219.58,91.17
ch2_ohr_ncp_20241115T1525004388_d_img_d18_x10240_y72960.png,0.2391,231.25,71.99,235.32,76.02
ch2_ohr_ncp_20241115T1525004388_d_img_d18_x10240_y72960.png,0.2377,261.42,80.06,269.07,87.78
ch2_ohr_ncp_20241115T1525004388_d_img_d18_x10240_y72960.png,0.2367,303.37,35.09,307.97,39.3
ch2_ohr_ncp_20241115T1525004388_d_img_d18_x10240_y72960.png,0.2359,319.37,17.46,324.16,21.85
ch2_ohr_ncp_20241115T1525004388_d_img_d18_x10240_y72960.png,0.2303,594.44,62.41,601.34,69.68
ch2_ohr_ncp_20241115T1525004388_d_img_d18_x10240_y72960.png,0.2255,532.06,2.57,536.09,7.53
ch2_ohr_ncp_20241115T1525004388_d_img_d18_x10240_y72960.png,0.2221,61.25,109.93,65.56,114.1
ch2_ohr_ncp_20241115T1525004388_d_img_d18_x10240_y72960.png,0.2183,333.0,0.0,338.38,2.64
ch2_ohr_ncp_20241115T1525004388_d_img_d18_x10240_y72960.png,0.2177,303.8,35.11,309.23,39.64
ch2_ohr_ncp_20241115T1525004388_d_img_d18_x10240_y72960.png,0.2149,559.76,63.06,574.04,75.31
ch2_ohr_ncp_20241115T1525004388_d_img_d18_x10240_y72960.png,0.2145,55.55,155.43,60.94,160.06
ch2_ohr_ncp_20241115T1525004388_d_img_d18_x10240_y72960.png,0.2094,215.12,85.72,220.45,90.79
ch2_ohr_ncp_20241115T1525004388_d_img_d18_x10240_y72960.png,0.2065,302.94,35.25,307.08,39.07
ch2_ohr_ncp_20241115T1525004388_d_img_d18_x10240_y72960.png,0.2063,287.69,49.6,294.82,56.76
ch2_ohr_ncp_20241115T1525004388_d_img_d18_x10240_y72960.png,0.2054,431.35,35.91,437.06,41.56
ch2_ohr_ncp_20241115T1525004388_d_img_d18_x10240_y97280.png,0.3342,235.69,383.68,298.23,455.86
ch2_ohr_ncp_20241115T1525004388_d_img_d18_x10240_y97280.png,0.3321,234.8,372.13,326.16,456.23
ch2_ohr_ncp_20241115T1525004388_d_img_d18_x10240_y98560.png,0.206,212.11,180.37,260.67,248.41
ch2_ohr_ncp_20241115T1525004388_d_img_d18_x10880_y46080.png,0.207,279.46,467.99,389.27,543.27
ch2_ohr_ncp_20241115T1525004388_d_img_d18_x10880_y60160.png,0.5628,213.83,0.0,289.12,54.77
ch2_ohr_ncp_20241115T1525004388_d_img_d18_x11520_y49280.png,0.3606,380.87,158.78,391.06,167.45
ch2_ohr_ncp_20241115T1525004388_d_img_d18_x11520_y50560.png,0.4119,249.97,625.21,255.46,631.58
ch2_ohr_ncp_20241115T1525004388_d_img_d18_x11520_y50560.png,0.4045,157.12,80.25,164.67,87.58
ch2_ohr_ncp_20241115T1525004388_d_img_d18_x11520_y50560.png,0.3343,51.75,108.49,59.04,115.72
ch2_ohr_ncp_20241115T1525004388_d_img_d18_x11520_y50560.png,0.2988,67.68,339.14,75.48,347.88
ch2_ohr_ncp_20241115T1525004388_d_img_d18_x11520_y50560.png,0.2976,318.59,164.93,325.74,171.84
ch2_ohr_ncp_20241115T1525004388_d_img_d18_x11520_y50560.png,0.2974,114.1,51.93,120.58,59.14
ch2_ohr_ncp_20241115T1525004388_d_img_d18_x11520_y50560.png,0.2954,390.22,584.85,400.85,597.33
ch2_ohr_ncp_20241115T1525004388_d_img_d18_x11520_y50560.png,0.2946,130.51,322.97,137.88,331.33
ch2_ohr_ncp_20241115T1525004388_d_img_d18_x11520_y50560.png,0.2892,121.39,25.97,128.61,34.96
ch2_ohr_ncp_20241115T1525004388_d_img_d18_x11520_y50560.png,0.2571,0.05,375.76,4.44,384.27
ch2_ohr_ncp_20241115T1525004388_d_img_d18_x11520_y50560.png,0.2299,395.16,608.09,402.95,616.5
ch2_ohr_ncp_20241115T1525004388_d_img_d18_x11520_y50560.png,0.2175,47.21,31.85,58.71,41.82
ch2_ohr_ncp_20241115T1525004388_d_img_d18_x11520_y50560.png,0.2141,463.2,191.51,468.64,196.63
ch2_ohr_ncp_20241115T1525004388_d_img_d18_x11520_y52480.png,0.2393,158.81,25.28,165.04,31.81
ch2_ohr_ncp_20241115T1525004388_d_img_d18_x11520_y52480.png,0.2143,157.99,0.0,165.09,6.02
ch2_ohr_ncp_20241115T1525004388_d_img_d18_x11520_y53760.png,0.313,94.7,220.84,103.5,231.63
ch2_ohr_ncp_20241115T1525004388_d_img_d18_x11520_y53760.png,0.3022,204.72,202.37,212.62,210.97
ch2_ohr_ncp_20241115T1525004388_d_img_d18_x11520_y53760.png,0.2247,47.26,247.5,54.24,253.81
ch2_ohr_ncp_20241115T1525004388_d_img_d18_x11520_y53760.png,0.2196,466.33,497.61,472.19,503.6
ch2_ohr_ncp_20241115T1525004388_d_img_d18_x11520_y53760.png,0.2176,14.9,571.81,22.84,579.51
ch2_ohr_ncp_20241115T1525004388_d_img_d18_x11520_y53760.png,0.2013,324.23,81.85,330.36,87.61
ch2_ohr_ncp_20241115T1525004388_d_img_d18_x11520_y54400.png,0.2045,327.04,167.93,361.56,201.56
ch2_ohr_ncp_20241115T1525004388_d_img_d18_x11520_y55040.png,0.216,5.88,520.1,23.92,539.49
ch2_ohr_ncp_20241115T1525004388_d_img_d18_x11520_y55680.png,0.2468,6.0,470.81,13.62,478.61
ch2_ohr_ncp_20241115T1525004388_d_img_d18_x11520_y56320.png,0.308,429.17,5.14,435.94,11.78
ch2_ohr_ncp_20241115T1525004388_d_img_d18_x11520_y56320.png,0.2949,254.13,124.18,259.89,131.54
ch2_ohr_ncp_20241115T1525004388_d_img_d18_x11520_y56320.png,0.2447,274.81,532.88,281.12,539.79
ch2_ohr_ncp_20241115T1525004388_d_img_d18_x11520_y56960.png,0.3987,284.55,43.94,301.66,63.81
ch2_ohr_ncp_20241115T1525004388_d_img_d18_x11520_y57600.png,0.2451,383.82,503.56,390.57,508.98
ch2_ohr_ncp_20241115T1525004388_d_img_d18_x11520_y57600.png,0.2425,265.59,492.57,271.45,499.95
ch2_ohr_ncp_20241115T1525004388_d_img_d18_x11520_y57600.png,0.2379,208.45,40.94,214.93,47.7
ch2_ohr_ncp_20241115T1525004388_d_img_d18_x11520_y58240.png,0.3505,64.69,528.16,72.39,535.71
ch2_ohr_ncp_20241115T1525004388_d_img_d18_x11520_y58240.png,0.2973,465.63,289.57,475.56,301.15
ch2_ohr_ncp_20241115T1525004388_d_img_d18_x11520_y58240.png,0.2973,28.75,574.4,37.81,584.17
ch2_ohr_ncp_20241115T1525004388_d_img_d18_x11520_y58240.png,0.2702,0.05,628.97,5.75,634.85
ch2_ohr_ncp_20241115T1525004388_d_img_d18_x11520_y58240.png,0.2334,371.63,0.0,380.0,8.05
ch2_ohr_ncp_20241115T1525004388_d_img_d18_x11520_y58240.png,0.2206,141.44,560.39,150.59,569.46
ch2_ohr_ncp_20241115T1525004388_d_img_d18_x11520_y58240.png,0.2155,339.71,71.11,348.05,79.7
ch2_ohr_ncp_20241115T1525004388_d_img_d18_x11520_y58240.png,0.2152,97.45,592.88,103.23,598.08
ch2_ohr_ncp_20241115T1525004388_d_img_d18_x11520_y58240.png,0.2119,308.78,630.75,315.27,636.92
ch2_ohr_ncp_20241115T1525004388_d_img_d18_x11520_y58240.png,0.2002,94.38,171.64,104.45,182.5
ch2_ohr_ncp_20241115T1525004388_d_img_d18_x11520_y58880.png,0.3809,184.81,620.14,191.75,626.75
ch2_ohr_ncp_20241115T1525004388_d_img_d18_x11520_y58880.png,0.3471,444.47,609.19,461.13,628.01
ch2_ohr_ncp_20241115T1525004388_d_img_d18_x11520_y58880.png,0.2701,411.97,119.46,419.15,127.9
ch2_ohr_ncp_20241115T1525004388_d_img_d18_x11520_y59520.png,0.3487,44.62,252.35,57.83,264.27
ch2_ohr_ncp_20241115T1525004388_d_img_d18_x11520_y59520.png,0.3288,316.26,616.07,324.11,624.08
ch2_ohr_ncp_20241115T1525004388_d_img_d18_x11520_y59520.png,0.3221,386.9,122.41,421.0,157.87
ch2_ohr_ncp_20241115T1525004388_d_img_d18_x11520_y59520.png,0.2605,61.3,75.82,72.58,86.04
ch2_ohr_ncp_20241115T1525004388_d_img_d18_x11520_y59520.png,0.2359,125.33,212.38,132.17,219.65
ch2_ohr_ncp_20241115T1525004388_d_img_d18_x11520_y59520.png,0.2302,100.1,233.93,105.57,239.49
ch2_ohr_ncp_20241115T1525004388_d_img_d18_x11520_y59520.png,0.2185,395.83,357.61,410.63,370.41
ch2_ohr_ncp_20241115T1525004388_d_img_d18_x11520_y59520.png,0.2107,351.93,35.04,359.71,43.73
ch2_ohr_ncp_20241115T1525004388_d_img_d18_x11520_y60800.png,0.4232,179.97,11.31,188.08,19.92
ch2_ohr_ncp_20241115T1525004388_d_img_d18_x11520_y60800.png,0.345,324.63,8.2,376.37,58.84
ch2_ohr_ncp_20241115T1525004388_d_img_d18_x11520_y60800.png,0.2981,349.16,520.86,356.17,527.47
ch2_ohr_ncp_20241115T1525004388_d_img_d18_x11520_y60800.png,0.2974,64.92,240.15,73.03,247.6
ch2_ohr_ncp_20241115T1525004388_d_img_d18_x11520_y60800.png,0.2817,426.87,192.51,434.16,200.29
ch2_ohr_ncp_20241115T1525004388_d_img_d18_x11520_y60800.png,0.2388,255.37,381.44,264.18,390.55
ch2_ohr_ncp_20241115T1525004388_d_img_d18_x11520_y60800.png,0.2329,94.22,76.93,110.59,95.73
ch2_ohr_ncp_20241115T1525004388_d_img_d18_x11520_y60800.png,0.2147,85.36,241.72,91.86,248.17
ch2_ohr_ncp_20241115T1525004388_d_img_d18_x11520_y60800.png,0.2115,14.89,570.61,23.83,581.51
ch2_ohr_ncp_20241115T1525004388_d_img_d18_x11520_y60800.png,0.2005,208.86,600.34,215.69,607.22
ch2_ohr_ncp_20241115T1525004388_d_img_d18_x11520_y61440.png,0.315,204.77,417.5,212.17,424.38
ch2_ohr_ncp_20241115T1525004388_d_img_d18_x11520_y61440.png,0.2751,343.37,480.59,348.9,486.6
ch2_ohr_ncp_20241115T1525004388_d_img_d18_x11520_y61440.png,0.2417,357.43,487.96,367.28,497.47
ch2_ohr_ncp_20241115T1525004388_d_img_d18_x11520_y61440.png,0.2322,12.78,0.0,19.17,5.26
ch2_ohr_ncp_20241115T1525004388_d_img_d18_x11520_y61440.png,0.2072,308.66,93.29,318.16,106.62
ch2_ohr_ncp_20241115T1525004388_d_img_d18_x11520_y61440.png,0.2013,99.27,628.49,105.57,635.0
ch2_ohr_ncp_20241115T1525004388_d_img_d18_x11520_y62080.png,0.226,10.12,627.07,17.11,634.24
ch2_ohr_ncp_20241115T1525004388_d_img_d18_x11520_y72320.png,0.2154,175.76,42.88,258.08,135.14
ch2_ohr_ncp_20241115T1525004388_d_img_d18_x11520_y86400.png,0.3211,26.71,4.18,94.28,85.14
ch2_ohr_ncp_20250123T0750012833_d_img_d18_x00000_y01280.png,0.2396,454.38,23.47,460.28,28.05
ch2_ohr_ncp_20250123T0750012833_d_img_d18_x00000_y01280.png,0.219,517.29,295.35,525.1,302.77
ch2_ohr_ncp_20250123T0750012833_d_img_d18_x00000_y36480.png,0.3115,156.02,0.0,248.45,34.83
ch2_ohr_ncp_20250123T0750012833_d_img_d18_x00000_y36480.png,0.2014,99.79,1.25,110.24,11.21
ch2_ohr_ncp_20250123T0750012833_d_img_d18_x00000_y37120.png,0.2259,193.28,2.5,220.04,23.62
ch2_ohr_ncp_20250123T0750012833_d_img_d18_x00000_y37760.png,0.2584,626.38,116.79,639.7,128.69
ch2_ohr_ncp_20250123T0750012833_d_img_d18_x00000_y37760.png,0.2316,224.42,0.0,264.23,13.81
ch2_ohr_ncp_20250123T0750012833_d_img_d18_x00000_y38400.png,0.3395,540.41,514.68,564.27,542.33
ch2_ohr_ncp_20250123T0750012833_d_img_d18_x00000_y38400.png,0.262,485.4,575.03,519.93,597.19
ch2_ohr_ncp_20250123T0750012833_d_img_d18_x00000_y38400.png,0.205,22.74,0.0,39.29,8.95
ch2_ohr_ncp_20250123T0750012833_d_img_d18_x00000_y76160.png,0.2916,368.65,336.6,376.8,344.11
ch2_ohr_ncp_20250123T0750012833_d_img_d18_x00000_y76160.png,0.2419,629.0,0.32,638.47,8.44
ch2_ohr_ncp_20250123T0750012833_d_img_d18_x00000_y76160.png,0.2103,19.26,0.31,28.2,6.98
ch2_ohr_ncp_20250123T0750012833_d_img_d18_x00640_y01920.png,0.404,382.21,10.92,401.33,26.64
ch2_ohr_ncp_20250123T0750012833_d_img_d18_x00640_y01920.png,0.2908,496.0,319.98,503.27,325.64
ch2_ohr_ncp_20250123T0750012833_d_img_d18_x00640_y01920.png,0.287,368.76,50.66,374.74,55.57
ch2_ohr_ncp_20250123T0750012833_d_img_d18_x00640_y01920.png,0.2825,482.69,327.37,490.96,333.22
ch2_ohr_ncp_20250123T0750012833_d_img_d18_x00640_y01920.png,0.2656,499.94,130.49,506.67,137.06
ch2_ohr_ncp_20250123T0750012833_d_img_d18_x00640_y01920.png,0.2399,340.27,218.26,350.47,227.18
ch2_ohr_ncp_20250123T0750012833_d_img_d18_x00640_y01920.png,0.2368,400.36,244.86,407.12,251.3
ch2_ohr_ncp_20250123T0750012833_d_img_d18_x00640_y01920.png,0.2264,303.19,295.97,313.4,304.75
ch2_ohr_ncp_20250123T0750012833_d_img_d18_x00640_y01920.png,0.219,313.4,234.58,323.35,243.41
ch2_ohr_ncp_20250123T0750012833_d_img_d18_x00640_y01920.png,0.2164,487.06,143.16,492.85,148.55
ch2_ohr_ncp_20250123T0750012833_d_img_d18_x00640_y01920.png,0.212,495.66,319.92,501.74,325.15
ch2_ohr_ncp_20250123T0750012833_d_img_d18_x00640_y01920.png,0.2043,620.33,127.86,627.15,133.28
ch2_ohr_ncp_20250123T0750012833_d_img_d18_x00640_y01920.png,0.2013,525.04,102.75,537.46,113.73
ch2_ohr_ncp_20250123T0750012833_d_img_d18_x00640_y36480.png,0.3651,594.75,0.0,637.58,33.15
ch2_ohr_ncp_20250123T0750012833_d_img_d18_x00640_y36480.png,0.3543,438.81,533.86,463.8,548.55
ch2_ohr_ncp_20250123T0750012833_d_img_d18_x00640_y36480.png,0.222,206.96,351.96,235.21,376.21
ch2_ohr_ncp_20250123T0750012833_d_img_d18_x00640_y37120.png,0.2405,267.61,387.32,284.24,403.28
ch2_ohr_ncp_20250123T0750012833_d_img_d18_x00640_y37120.png,0.2364,437.28,481.42,461.36,499.26
ch2_ohr_ncp_20250123T0750012833_d_img_d18_x00640_y37120.png,0.2241,1.06,0.0,62.81,36.22
ch2_ohr_ncp_20250123T0750012833_d_img_d18_x00640_y37120.png,0.2135,437.19,481.95,462.16,505.28
ch2_ohr_ncp_20250123T0750012833_d_img_d18_x00640_y37760.png,0.2017,83.36,176.47,90.35,182.34
ch2_ohr_ncp_20250123T0750012833_d_img_d18_x00640_y38400.png,0.2826,89.79,614.56,106.91,633.75
ch2_ohr_ncp_20250123T0750012833_d_img_d18_x00640_y38400.png,0.2142,87.65,602.63,97.08,612.76
ch2_ohr_ncp_20250123T0750012833_d_img_d18_x00640_y39040.png,0.2705,410.94,0.0,433.89,8.62
ch2_ohr_ncp_20250123T0750012833_d_img_d18_x00640_y39040.png,0.2089,68.85,1.95,104.62,18.91
ch2_ohr_ncp_20250123T0750012833_d_img_d18_x00640_y68480.png,0.2173,592.45,562.24,598.54,567.72
ch2_ohr_ncp_20250123T0750012833_d_img_d18_x00640_y76160.png,0.4978,21.03,413.72,45.57,438.57
ch2_ohr_ncp_20250123T0750012833_d_img_d18_x00640_y76160.png,0.3666,57.69,425.7,65.02,434.51
ch2_ohr_ncp_20250123T0750012833_d_img_d18_x00640_y76160.png,0.3445,64.19,38.92,71.55,45.91
ch2_ohr_ncp_20250123T0750012833_d_img_d18_x00640_y76160.png,0.3083,139.87,135.84,150.09,143.15
ch2_ohr_ncp_20250123T0750012833_d_img_d18_x00640_y76160.png,0.2905,502.81,106.87,523.56,123.42
ch2_ohr_ncp_20250123T0750012833_d_img_d18_x00640_y76160.png,0.2699,339.18,432.76,345.34,439.42
ch2_ohr_ncp_20250123T0750012833_d_img_d18_x00640_y76160.png,0.2689,7.44,368.22,21.46,383.87
ch2_ohr_ncp_20250123T0750012833_d_img_d18_x00640_y76160.png,0.2664,75.6,63.83,83.23,72.26
ch2_ohr_ncp_20250123T0750012833_d_img_d18_x00640_y76160.png,0.2445,609.44,177.94,616.1,184.2
ch2_ohr_ncp_20250123T0750012833_d_img_d18_x00640_y76160.png,0.2379,163.62,370.16,172.71,378.54
ch2_ohr_ncp_20250123T0750012833_d_img_d18_x00640_y76160.png,0.2352,551.32,105.18,583.52,133.29
ch2_ohr_ncp_20250123T0750012833_d_img_d18_x00640_y76160.png,0.2349,259.32,131.53,269.0,141.03
ch2_ohr_ncp_20250123T0750012833_d_img_d18_x00640_y76160.png,0.2284,617.96,12.74,628.34,22.96
ch2_ohr_ncp_20250123T0750012833_d_img_d18_x00640_y76160.png,0.2264,34.7,410.45,41.25,416.67
ch2_ohr_ncp_20250123T0750012833_d_img_d18_x00640_y76160.png,0.2246,70.19,147.64,76.54,152.98
ch2_ohr_ncp_20250123T0750012833_d_img_d18_x00640_y76160.png,0.2207,35.55,409.96,42.55,416.38
ch2_ohr_ncp_20250123T0750012833_d_img_d18_x00640_y76160.png,0.2162,258.4,403.11,266.61,410.95
ch2_ohr_ncp_20250123T0750012833_d_img_d18_x00640_y76160.png,0.212,415.53,80.62,425.23,88.12
ch2_ohr_ncp_20250123T0750012833_d_img_d18_x00640_y76160.png,0.2045,267.88,429.31,276.64,439.07
ch2_ohr_ncp_20250123T0750012833_d_img_d18_x00640_y76160.png,0.2009,113.63,7.83,127.54,21.77
ch2_ohr_ncp_20250123T0750012833_d_img_d18_x01280_y02560.png,0.2804,312.35,21.09,318.66,26.75
ch2_ohr_ncp_20250123T0750012833_d_img_d18_x01280_y02560.png,0.2457,480.91,79.21,490.6,87.42
ch2_ohr_ncp_20250123T0750012833_d_img_d18_x01280_y02560.png,0.2401,562.04,56.62,567.0,61.67
ch2_ohr_ncp_20250123T0750012833_d_img_d18_x01280_y02560.png,0.2297,0.01,68.9,6.82,75.08
ch2_ohr_ncp_20250123T0750012833_d_img_d18_x01280_y02560.png,0.2253,556.6,12.37,561.83,16.93
ch2_ohr_ncp_20250123T0750012833_d_img_d18_x01280_y02560.png,0.2069,402.14,76.58,407.3,81.82
ch2_ohr_ncp_20250123T0750012833_d_img_d18_x01280_y37760.png,0.2197,572.71,0.09,591.22,10.28
ch2_ohr_ncp_20250123T0750012833_d_img_d18_x01280_y37760.png,0.2073,256.67,0.0,281.83,8.89
ch2_ohr_ncp_20250123T0750012833_d_img_d18_x01280_y38400.png,0.2407,310.19,0.18,329.11,18.25
ch2_ohr_ncp_20250123T0750012833_d_img_d18_x01280_y38400.png,0.2201,188.54,623.97,208.8,637.24
ch2_ohr_ncp_20250123T0750012833_d_img_d18_x01280_y43520.png,0.2064,0.0,291.21,8.38,301.6
ch2_ohr_ncp_20250123T0750012833_d_img_d18_x01280_y52480.png,0.2636,370.19,624.12,382.04,634.51
ch2_ohr_ncp_20250123T0750012833_d_img_d18_x01280_y52480.png,0.2445,279.68,137.32,288.72,146.96
ch2_ohr_ncp_20250123T0750012833_d_img_d18_x01280_y52480.png,0.2271,97.57,459.68,106.2,467.76
ch2_ohr_ncp_20250123T0750012833_d_img_d18_x01280_y67840.png,0.244,291.24,375.71,298.5,382.56
ch2_ohr_ncp_20250123T0750012833_d_img_d18_x01280_y72960.png,0.3109,15.46,306.51,26.15,319.04
ch2_ohr_ncp_20250123T0750012833_d_img_d18_x01280_y72960.png,0.215,432.05,629.48,445.94,640.0
ch2_ohr_ncp_20250123T0750012833_d_img_d18_x01280_y72960.png,0.2113,371.78,600.65,378.12,607.88
ch2_ohr_ncp_20250123T0750012833_d_img_d18_x01280_y72960.png,0.207,277.12,498.08,301.51,522.31
ch2_ohr_ncp_20250123T0750012833_d_img_d18_x01280_y76160.png,0.5274,13.06,166.52,20.7,172.51
ch2_ohr_ncp_20250123T0750012833_d_img_d18_x01280_y76160.png,0.4486,447.42,414.83,457.2,423.76
ch2_ohr_ncp_20250123T0750012833_d_img_d18_x01280_y76160.png,0.4186,623.91,193.57,630.26,199.33
ch2_ohr_ncp_20250123T0750012833_d_img_d18_x01280_y76160.png,0.4184,215.71,278.31,225.6,287.33
ch2_ohr_ncp_20250123T0750012833_d_img_d18_x01280_y76160.png,0.3926,402.06,202.54,410.94,211.29
ch2_ohr_ncp_20250123T0750012833_d_img_d18_x01280_y76160.png,0.39,187.27,228.12,194.54,235.56
ch2_ohr_ncp_20250123T0750012833_d_img_d18_x01280_y76160.png,0.3771,46.65,427.98,60.13,439.98
ch2_ohr_ncp_20250123T0750012833_d_img_d18_x01280_y76160.png,0.3752,395.78,71.64,401.87,77.87
ch2_ohr_ncp_20250123T0750012833_d_img_d18_x01280_y76160.png,0.3685,609.53,164.81,616.93,171.65
ch2_ohr_ncp_20250123T0750012833_d_img_d18_x01280_y76160.png,0.3616,440.54,81.58,447.79,87.95
ch2_ohr_ncp_20250123T0750012833_d_img_d18_x01280_y76160.png,0.3509,518.18,374.7,529.45,386.06
ch2_ohr_ncp_20250123T0750012833_d_img_d18_x01280_y76160.png,0.3259,628.51,159.91,639.61,171.55
ch2_ohr_ncp_20250123T0750012833_d_img_d18_x01280_y76160.png,0.3178,564.43,181.07,570.27,187.17
ch2_ohr_ncp_20250123T0750012833_d_img_d18_x01280_y76160.png,0.2951,128.01,2.39,133.76,8.5
ch2_ohr_ncp_20250123T0750012833_d_img_d18_x01280_y76160.png,0.2849,0.12,143.59,5.0,148.54
ch2_ohr_ncp_20250123T0750012833_d_img_d18_x01280_y76160.png,0.2836,475.4,34.68,481.68,40.38
ch2_ohr_ncp_20250123T0750012833_d_img_d18_x01280_y76160.png,0.279,251.6,9.87,257.05,15.05
ch2_ohr_ncp_20250123T0750012833_d_img_d18_x01280_y76160.png,0.2692,100.31,0.83,118.2,16.79
ch2_ohr_ncp_20250123T0750012833_d_img_d18_x01280_y76160.png,0.267,129.06,2.56,134.24,7.26
ch2_ohr_ncp_20250123T0750012833_d_img_d18_x01280_y76160.png,0.261,315.35,132.96,322.73,140.25
ch2_ohr_ncp_20250123T0750012833_d_img_d18_x01280_y76160.png,0.2583,382.33,355.3,391.84,364.07
ch2_ohr_ncp_20250123T0750012833_d_img_d18_x01280_y76160.png,0.2525,596.35,115.27,602.79,121.68
ch2_ohr_ncp_20250123T0750012833_d_img_d18_x01280_y76160.png,0.2522,216.27,0.11,225.45,7.91
ch2_ohr_ncp_20250123T0750012833_d_img_d18_x01280_y76160.png,0.2516,192.39,329.54,200.37,336.3
ch2_ohr_ncp_20250123T0750012833_d_img_d18_x01280_y76160.png,0.2512,410.8,102.44,420.42,112.48
ch2_ohr_ncp_20250123T0750012833_d_img_d18_x01280_y76160.png,0.25,577.25,203.56,583.12,208.45
ch2_ohr_ncp_20250123T0750012833_d_img_d18_x01280_y76160.png,0.2452,103.37,107.13,110.74,114.77
ch2_ohr_ncp_20250123T0750012833_d_img_d18_x01280_y76160.png,0.2443,360.21,91.47,365.59,96.02
ch2_ohr_ncp_20250123T0750012833_d_img_d18_x01280_y76160.png,0.2349,33.03,84.76,41.27,93.4
ch2_ohr_ncp_20250123T0750012833_d_img_d18_x01280_y76160.png,0.2309,33.29,400.12,39.57,407.64
ch2_ohr_ncp_20250123T0750012833_d_img_d18_x01280_y76160.png,0.2238,218.03,226.14,224.58,232.79
ch2_ohr_ncp_20250123T0750012833_d_img_d18_x01280_y76160.png,0.2228,343.32,268.81,349.36,275.3
ch2_ohr_ncp_20250123T0750012833_d_img_d18_x01280_y76160.png,0.2224,10.75,241.16,27.41,257.75
ch2_ohr_ncp_20250123T0750012833_d_img_d18_x01280_y76160.png,0.219,618.24,374.11,629.25,384.41
ch2_ohr_ncp_20250123T0750012833_d_img_d18_x01280_y76160.png,0.2121,490.08,181.51,496.72,187.35
ch2_ohr_ncp_20250123T0750012833_d_img_d18_x01280_y76160.png,0.2118,217.71,51.98,225.07,60.01
ch2_ohr_ncp_20250123T0750012833_d_img_d18_x01280_y76160.png,0.2109,128.11,1.56,134.95,7.74
ch2_ohr_ncp_20250123T0750012833_d_img_d18_x01280_y76160.png,0.2108,560.6,249.78,568.67,256.59
ch2_ohr_ncp_20250123T0750012833_d_img_d18_x01280_y76160.png,0.2025,578.69,81.02,586.92,90.31
ch2_ohr_ncp_20250123T0750012833_d_img_d18_x01280_y76160.png,0.2015,39.48,175.52,44.92,180.73
ch2_ohr_ncp_20250123T0750012833_d_img_d18_x01280_y76160.png,0.2007,626.11,399.62,630.47,404.31
ch2_ohr_ncp_20250123T0750012833_d_img_d18_x01280_y76160.png,0.2005,422.87,208.68,429.15,215.2
ch2_ohr_ncp_20250123T0750012833_d_img_d18_x01920_y02560.png,0.3386,494.92,336.42,506.71,346.24
ch2_ohr_ncp_20250123T0750012833_d_img_d18_x01920_y02560.png,0.307,563.4,443.44,571.31,451.98
ch2_ohr_ncp_20250123T0750012833_d_img_d18_x01920_y02560.png,0.2929,619.12,514.36,633.95,527.59
ch2_ohr_ncp_20250123T0750012833_d_img_d18_x01920_y02560.png,0.2912,567.2,520.57,576.24,528.8
ch2_ohr_ncp_20250123T0750012833_d_img_d18_x01920_y02560.png,0.2225,482.59,215.05,488.77,220.8
ch2_ohr_ncp_20250123T0750012833_d_img_d18_x01920_y38400.png,0.2577,175.17,117.41,200.84,137.65
ch2_ohr_ncp_20250123T0750012833_d_img_d18_x01920_y38400.png,0.2312,632.93,120.71,640.0,132.16
ch2_ohr_ncp_20250123T0750012833_d_img_d18_x01920_y52480.png,0.2615,66.96,509.93,73.02,515.55
ch2_ohr_ncp_20250123T0750012833_d_img_d18_x01920_y66560.png,0.2414,627.92,140.7,638.0,148.34
ch2_ohr_ncp_20250123T0750012833_d_img_d18_x01920_y69120.png,0.209,163.61,142.95,171.12,150.1
ch2_ohr_ncp_20250123T0750012833_d_img_d18_x01920_y76160.png,0.3489,497.31,44.71,505.22,52.13
ch2_ohr_ncp_20250123T0750012833_d_img_d18_x01920_y76160.png,0.3293,176.41,39.51,183.88,46.89
ch2_ohr_ncp_20250123T0750012833_d_img_d18_x01920_y76160.png,0.3237,391.03,59.17,399.96,67.74
ch2_ohr_ncp_20250123T0750012833_d_img_d18_x01920_y76160.png,0.2508,224.09,367.78,235.0,376.26
ch2_ohr_ncp_20250123T0750012833_d_img_d18_x01920_y76160.png,0.246,237.9,13.18,258.24,31.77
ch2_ohr_ncp_20250123T0750012833_d_img_d18_x01920_y76160.png,0.2015,181.99,18.53,189.88,28.33
ch2_ohr_ncp_20250123T0750012833_d_img_d18_x02560_y38400.png,0.2097,433.37,0.64,468.76,29.29
ch2_ohr_ncp_20250123T0750012833_d_img_d18_x02560_y39040.png,0.2322,622.25,631.03,637.1,639.03
ch2_ohr_ncp_20250123T0750012833_d_img_d18_x02560_y40320.png,0.2664,411.07,0.0,490.28,32.65
ch2_ohr_ncp_20250123T0750012833_d_img_d18_x02560_y51840.png,0.2714,170.32,498.41,229.04,546.34
ch2_ohr_ncp_20250123T0750012833_d_img_d18_x02560_y54400.png,0.3413,48.67,437.03,53.93,442.68
ch2_ohr_ncp_20250123T0750012833_d_img_d18_x02560_y54400.png,0.2826,100.04,626.65,106.11,632.85
ch2_ohr_ncp_20250123T0750012833_d_img_d18_x02560_y54400.png,0.2486,600.81,252.66,608.74,259.33
ch2_ohr_ncp_20250123T0750012833_d_img_d18_x02560_y54400.png,0.2459,504.42,284.68,512.12,291.68
ch2_ohr_ncp_20250123T0750012833_d_img_d18_x02560_y54400.png,0.2244,403.25,299.15,409.71,304.44
ch2_ohr_ncp_20250123T0750012833_d_img_d18_x02560_y54400.png,0.2159,73.99,447.01,81.68,454.7
ch2_ohr_ncp_20250123T0750012833_d_img_d18_x03200_y03200.png,0.3313,429.78,245.62,441.09,255.86
ch2_ohr_ncp_20250123T0750012833_d_img_d18_x03200_y03200.png,0.2618,607.58,442.16,615.88,449.75
ch2_ohr_ncp_20250123T0750012833_d_img_d18_x03200_y03200.png,0.2496,560.09,304.19,570.44,312.64
ch2_ohr_ncp_20250123T0750012833_d_img_d18_x03200_y39040.png,0.3631,2.21,1.55,24.53,19.88
ch2_ohr_ncp_20250123T0750012833_d_img_d18_x03200_y40320.png,0.235,278.93,0.0,370.12,32.62
ch2_ohr_ncp_20250123T0750012833_d_img_d18_x03840_y02560.png,0.3187,85.93,11.93,93.62,18.88
ch2_ohr_ncp_20250123T0750012833_d_img_d18_x03840_y03840.png,0.2071,89.14,10.98,96.9,18.99
ch2_ohr_ncp_20250123T0750012833_d_img_d18_x03840_y39680.png,0.2214,511.45,89.06,519.33,95.72
ch2_ohr_ncp_20250123T0750012833_d_img_d18_x03840_y40320.png,0.2463,0.0,37.69,85.74,96.68
ch2_ohr_ncp_20250123T0750012833_d_img_d18_x03840_y65920.png,0.3403,440.49,34.68,449.29,44.25
ch2_ohr_ncp_20250123T0750012833_d_img_d18_x03840_y65920.png,0.2296,477.7,10.16,484.34,15.66
ch2_ohr_ncp_20250123T0750012833_d_img_d18_x03840_y65920.png,0.2179,481.54,27.36,487.07,32.02
ch2_ohr_ncp_20250123T0750012833_d_img_d18_x03840_y76160.png,0.2568,246.69,181.47,285.23,216.45
ch2_ohr_ncp_20250123T0750012833_d_img_d18_x04480_y05760.png,0.2605,431.47,127.53,441.53,136.27
ch2_ohr_ncp_20250123T0750012833_d_img_d18_x04480_y05760.png,0.2455,577.38,428.56,586.26,435.4
ch2_ohr_ncp_20250123T0750012833_d_img_d18_x04480_y05760.png,0.227,458.73,101.8,465.08,107.79
ch2_ohr_ncp_20250123T0750012833_d_img_d18_x04480_y05760.png,0.2016,580.77,306.1,587.32,312.04
ch2_ohr_ncp_20250123T0750012833_d_img_d18_x04480_y49920.png,0.2296,440.98,156.55,526.49,230.43
ch2_ohr_ncp_20250123T0750012833_d_img_d18_x05120_y08320.png,0.2497,480.2,454.1,488.6,462.36
ch2_ohr_ncp_20250123T0750012833_d_img_d18_x05120_y08320.png,0.2231,513.57,268.24,519.59,273.48
ch2_ohr_ncp_20250123T0750012833_d_img_d18_x05120_y08960.png,0.4756,558.12,0.32,569.05,7.6
ch2_ohr_ncp_20250123T0750012833_d_img_d18_x05120_y08960.png,0.3551,596.88,270.86,608.87,281.05
ch2_ohr_ncp_20250123T0750012833_d_img_d18_x05120_y08960.png,0.3261,544.41,249.09,553.61,256.92
ch2_ohr_ncp_20250123T0750012833_d_img_d18_x05120_y08960.png,0.2968,596.77,321.36,604.06,327.69
ch2_ohr_ncp_20250123T0750012833_d_img_d18_x05120_y08960.png,0.2794,577.77,13.94,583.47,19.21
ch2_ohr_ncp_20250123T0750012833_d_img_d18_x05120_y08960.png,0.2721,444.21,22.39,471.58,43.23
ch2_ohr_ncp_20250123T0750012833_d_img_d18_x05120_y08960.png,0.2672,541.6,148.76,548.51,154.8
ch2_ohr_ncp_20250123T0750012833_d_img_d18_x05120_y08960.png,0.262,526.47,468.95,533.84,475.76
ch2_ohr_ncp_20250123T0750012833_d_img_d18_x05120_y08960.png,0.256,575.92,13.83,582.62,19.33
ch2_ohr_ncp_20250123T0750012833_d_img_d18_x05120_y08960.png,0.2554,595.82,173.99,610.36,183.99
ch2_ohr_ncp_20250123T0750012833_d_img_d18_x05120_y08960.png,0.2534,623.74,463.14,629.71,467.66
ch2_ohr_ncp_20250123T0750012833_d_img_d18_x05120_y08960.png,0.2475,506.24,383.55,515.65,390.52
ch2_ohr_ncp_20250123T0750012833_d_img_d18_x05120_y08960.png,0.2438,502.1,43.32,510.55,50.3
ch2_ohr_ncp_20250123T0750012833_d_img_d18_x05120_y08960.png,0.24,612.07,83.22,620.01,90.07
ch2_ohr_ncp_20250123T0750012833_d_img_d18_x05120_y08960.png,0.2334,499.35,494.91,506.25,500.42
ch2_ohr_ncp_20250123T0750012833_d_img_d18_x05120_y08960.png,0.2322,524.74,183.07,541.38,200.18
ch2_ohr_ncp_20250123T0750012833_d_img_d18_x05120_y08960.png,0.23,578.4,14.01,584.58,18.71
ch2_ohr_ncp_20250123T0750012833_d_img_d18_x05120_y08960.png,0.2066,525.92,468.89,532.35,475.28
ch2_ohr_ncp_20250123T0750012833_d_img_d18_x05120_y10240.png,0.2967,487.14,528.51,497.71,537.65
ch2_ohr_ncp_20250123T0750012833_d_img_d18_x05120_y10240.png,0.2852,494.56,591.95,502.03,599.01
ch2_ohr_ncp_20250123T0750012833_d_img_d18_x05120_y10240.png,0.2691,355.37,388.39,364.7,397.13
ch2_ohr_ncp_20250123T0750012833_d_img_d18_x05120_y10240.png,0.2386,513.93,558.87,518.41,563.79
ch2_ohr_ncp_20250123T0750012833_d_img_d18_x05120_y10240.png,0.2375,555.83,15.29,561.76,19.97
ch2_ohr_ncp_20250123T0750012833_d_img_d18_x05120_y10880.png,0.3966,380.41,622.24,404.44,638.95
ch2_ohr_ncp_20250123T0750012833_d_img_d18_x05120_y10880.png,0.2837,443.0,6.0,450.47,12.31
ch2_ohr_ncp_20250123T0750012833_d_img_d18_x05120_y10880.png,0.2823,496.61,403.95,504.56,411.25
ch2_ohr_ncp_20250123T0750012833_d_img_d18_x05120_y10880.png,0.2747,532.23,54.94,541.46,63.52
ch2_ohr_ncp_20250123T0750012833_d_img_d18_x05120_y10880.png,0.2566,460.2,12.66,465.7,18.19
ch2_ohr_ncp_20250123T0750012833_d_img_d18_x05120_y10880.png,0.2456,592.64,291.95,601.09,300.03
ch2_ohr_ncp_20250123T0750012833_d_img_d18_x05120_y10880.png,0.2222,453.18,47.87,461.77,54.92
ch2_ohr_ncp_20250123T0750012833_d_img_d18_x05120_y10880.png,0.2203,388.41,113.29,396.0,119.65
ch2_ohr_ncp_20250123T0750012833_d_img_d18_x05120_y10880.png,0.2181,582.71,284.72,586.64,288.71
ch2_ohr_ncp_20250123T0750012833_d_img_d18_x05120_y10880.png,0.2131,515.49,248.75,521.9,255.19
ch2_ohr_ncp_20250123T0750012833_d_img_d18_x05120_y10880.png,0.2018,624.14,182.31,639.02,194.59
ch2_ohr_ncp_20250123T0750012833_d_img_d18_x05120_y10880.png,0.2013,496.06,104.26,503.32,111.52
ch2_ohr_ncp_20250123T0750012833_d_img_d18_x05120_y12160.png,0.3718,579.88,249.5,639.26,309.78
ch2_ohr_ncp_20250123T0750012833_d_img_d18_x05120_y12160.png,0.2027,631.51,533.36,639.27,541.5
ch2_ohr_ncp_20250123T0750012833_d_img_d18_x05120_y12800.png,0.3556,485.89,207.65,507.6,231.76
ch2_ohr_ncp_20250123T0750012833_d_img_d18_x05120_y15360.png,0.4533,513.84,220.17,520.19,226.75
ch2_ohr_ncp_20250123T0750012833_d_img_d18_x05120_y15360.png,0.4439,479.44,96.71,489.39,104.34
ch2_ohr_ncp_20250123T0750012833_d_img_d18_x05120_y15360.png,0.377,541.53,224.6,547.15,229.86
ch2_ohr_ncp_20250123T0750012833_d_img_d18_x05120_y15360.png,0.3738,591.31,81.41,598.72,87.67
ch2_ohr_ncp_20250123T0750012833_d_img_d18_x05120_y15360.png,0.3474,620.38,0.46,631.29,8.86
ch2_ohr_ncp_20250123T0750012833_d_img_d18_x05120_y15360.png,0.3452,552.31,408.42,558.47,414.4
ch2_ohr_ncp_20250123T0750012833_d_img_d18_x05120_y15360.png,0.3258,496.85,130.36,502.79,134.94
ch2_ohr_ncp_20250123T0750012833_d_img_d18_x05120_y15360.png,0.2901,512.14,186.08,517.95,191.38
ch2_ohr_ncp_20250123T0750012833_d_img_d18_x05120_y15360.png,0.2857,527.73,185.6,533.78,190.02
ch2_ohr_ncp_20250123T0750012833_d_img_d18_x05120_y15360.png,0.2768,580.47,376.3,587.83,382.34
ch2_ohr_ncp_20250123T0750012833_d_img_d18_x05120_y15360.png,0.2687,609.85,221.41,614.89,226.03
ch2_ohr_ncp_20250123T0750012833_d_img_d18_x05120_y15360.png,0.2543,546.87,245.09,553.99,251.27
ch2_ohr_ncp_20250123T0750012833_d_img_d18_x05120_y15360.png,0.2485,493.88,212.73,500.26,219.11
ch2_ohr_ncp_20250123T0750012833_d_img_d18_x05120_y15360.png,0.2454,567.75,248.88,577.18,255.38
ch2_ohr_ncp_20250123T0750012833_d_img_d18_x05120_y15360.png,0.2418,616.11,314.93,622.18,320.25
ch2_ohr_ncp_20250123T0750012833_d_img_d18_x05120_y15360.png,0.2373,614.04,200.98,618.37,204.34
ch2_ohr_ncp_20250123T0750012833_d_img_d18_x05120_y15360.png,0.2322,482.12,42.96,488.68,49.84
ch2_ohr_ncp_20250123T0750012833_d_img_d18_x05120_y15360.png,0.2305,540.99,201.49,547.37,206.66
ch2_ohr_ncp_20250123T0750012833_d_img_d18_x05120_y15360.png,0.2295,584.95,74.05,590.13,78.61
ch2_ohr_ncp_20250123T0750012833_d_img_d18_x05120_y15360.png,0.2219,631.07,15.42,638.73,21.99
ch2_ohr_ncp_20250123T0750012833_d_img_d18_x05120_y15360.png,0.2199,621.27,0.24,633.25,7.51
ch2_ohr_ncp_20250123T0750012833_d_img_d18_x05120_y15360.png,0.2126,614.72,200.92,619.41,204.13
ch2_ohr_ncp_20250123T0750012833_d_img_d18_x05120_y15360.png,0.2119,415.26,82.93,421.1,87.56
ch2_ohr_ncp_20250123T0750012833_d_img_d18_x05120_y15360.png,0.208,427.45,140.5,433.59,145.56
ch2_ohr_ncp_20250123T0750012833_d_img_d18_x05120_y15360.png,0.2047,415.06,83.34,419.91,87.11
ch2_ohr_ncp_20250123T0750012833_d_img_d18_x05120_y15360.png,0.2021,526.8,185.9,532.05,190.53
ch2_ohr_ncp_20250123T0750012833_d_img_d18_x05120_y15360.png,0.2002,496.85,3.07,503.23,8.17
ch2_ohr_ncp_20250123T0750012833_d_img_d18_x05120_y40320.png,0.3284,354.81,302.28,459.44,351.96
ch2_ohr_ncp_20250123T0750012833_d_img_d18_x05120_y40320.png,0.2539,42.31,0.0,130.36,41.42
ch2_ohr_ncp_20250123T0750012833_d_img_d18_x05120_y51840.png,0.3514,499.98,500.81,535.01,525.14
ch2_ohr_ncp_20250123T0750012833_d_img_d18_x05120_y51840.png,0.2345,187.28,535.76,194.46,542.14
ch2_ohr_ncp_20250123T0750012833_d_img_d18_x05120_y58240.png,0.31,204.32,78.74,217.82,92.57
ch2_ohr_ncp_20250123T0750012833_d_img_d18_x05760_y00000.png,0.2112,37.44,0.16,44.86,7.0
ch2_ohr_ncp_20250123T0750012833_d_img_d18_x05760_y16000.png,0.3968,447.79,332.96,455.77,340.38
ch2_ohr_ncp_20250123T0750012833_d_img_d18_x05760_y16000.png,0.3595,338.98,146.04,345.35,152.01
ch2_ohr_ncp_20250123T0750012833_d_img_d18_x05760_y16000.png,0.3439,566.01,207.18,572.86,213.51
ch2_ohr_ncp_20250123T0750012833_d_img_d18_x05760_y16000.png,0.3347,488.49,322.65,497.39,330.99
ch2_ohr_ncp_20250123T0750012833_d_img_d18_x05760_y16000.png,0.3168,483.92,236.69,489.31,241.54
ch2_ohr_ncp_20250123T0750012833_d_img_d18_x05760_y16000.png,0.3098,622.9,355.97,632.52,363.04
ch2_ohr_ncp_20250123T0750012833_d_img_d18_x05760_y16000.png,0.2995,608.26,549.07,615.79,556.2
ch2_ohr_ncp_20250123T0750012833_d_img_d18_x05760_y16000.png,0.2957,584.9,323.8,594.08,331.95
ch2_ohr_ncp_20250123T0750012833_d_img_d18_x05760_y16000.png,0.2804,608.12,378.21,614.05,383.29
ch2_ohr_ncp_20250123T0750012833_d_img_d18_x05760_y16000.png,0.2792,469.53,223.5,481.22,232.95
ch2_ohr_ncp_20250123T0750012833_d_img_d18_x05760_y16000.png,0.2772,463.12,197.26,473.08,206.94
ch2_ohr_ncp_20250123T0750012833_d_img_d18_x05760_y16000.png,0.2757,234.56,90.5,241.4,96.54
ch2_ohr_ncp_20250123T0750012833_d_img_d18_x05760_y16000.png,0.2699,567.22,335.41,574.21,341.24
ch2_ohr_ncp_20250123T0750012833_d_img_d18_x05760_y16000.png,0.2473,515.41,410.25,522.44,417.56
ch2_ohr_ncp_20250123T0750012833_d_img_d18_x05760_y16000.png,0.2392,611.14,429.44,616.7,434.83
ch2_ohr_ncp_20250123T0750012833_d_img_d18_x05760_y16000.png,0.2382,522.7,156.66,527.9,161.73
ch2_ohr_ncp_20250123T0750012833_d_img_d18_x05760_y16000.png,0.237,456.51,48.23,463.9,57.02
ch2_ohr_ncp_20250123T0750012833_d_img_d18_x05760_y16000.png,0.2297,542.88,231.58,550.47,237.17
ch2_ohr_ncp_20250123T0750012833_d_img_d18_x05760_y16000.png,0.2281,524.92,378.98,530.55,383.72
ch2_ohr_ncp_20250123T0750012833_d_img_d18_x05760_y16000.png,0.2257,499.77,421.63,508.37,431.68
ch2_ohr_ncp_20250123T0750012833_d_img_d18_x05760_y16000.png,0.22,483.88,55.91,490.33,61.6
ch2_ohr_ncp_20250123T0750012833_d_img_d18_x05760_y16000.png,0.2172,419.01,250.97,427.49,259.58
ch2_ohr_ncp_20250123T0750012833_d_img_d18_x05760_y16000.png,0.2152,358.76,56.17,363.42,60.49
ch2_ohr_ncp_20250123T0750012833_d_img_d18_x05760_y16000.png,0.2138,505.91,491.5,513.68,499.35
ch2_ohr_ncp_20250123T0750012833_d_img_d18_x05760_y16000.png,0.2106,588.52,324.23,594.7,330.37
ch2_ohr_ncp_20250123T0750012833_d_img_d18_x05760_y16000.png,0.2085,546.79,210.14,553.02,215.56
ch2_ohr_ncp_20250123T0750012833_d_img_d18_x05760_y16000.png,0.2028,496.38,129.1,502.92,134.86
ch2_ohr_ncp_20250123T0750012833_d_img_d18_x05760_y40320.png,0.2373,234.32,563.43,259.31,580.94
ch2_ohr_ncp_20250123T0750012833_d_img_d18_x05760_y40960.png,0.2027,516.22,0.39,533.38,7.11
ch2_ohr_ncp_20250123T0750012833_d_img_d18_x05760_y50560.png,0.2296,521.84,7.9,529.22,14.56
ch2_ohr_ncp_20250123T0750012833_d_img_d18_x06400_y16640.png,0.4936,433.28,178.49,439.24,184.58
ch2_ohr_ncp_20250123T0750012833_d_img_d18_x06400_y16640.png,0.4841,553.2,235.16,561.42,243.26
ch2_ohr_ncp_20250123T0750012833_d_img_d18_x06400_y16640.png,0.4581,450.24,91.44,470.41,109.29
ch2_ohr_ncp_20250123T0750012833_d_img_d18_x06400_y16640.png,0.4521,487.87,130.98,497.24,139.28
ch2_ohr_ncp_20250123T0750012833_d_img_d18_x06400_y16640.png,0.4482,369.31,19.72,375.88,25.12
ch2_ohr_ncp_20250123T0750012833_d_img_d18_x06400_y16640.png,0.4218,582.96,276.05,590.5,283.54
ch2_ohr_ncp_20250123T0750012833_d_img_d18_x06400_y16640.png,0.4172,627.23,358.48,633.45,364.15
ch2_ohr_ncp_20250123T0750012833_d_img_d18_x06400_y16640.png,0.4117,568.96,369.58,574.53,375.08
ch2_ohr_ncp_20250123T0750012833_d_img_d18_x06400_y16640.png,0.4056,419.03,74.84,431.73,87.07
ch2_ohr_ncp_20250123T0750012833_d_img_d18_x06400_y16640.png,0.3643,510.08,105.49,516.64,111.02
ch2_ohr_ncp_20250123T0750012833_d_img_d18_x06400_y16640.png,0.3589,500.57,88.13,505.36,92.48
ch2_ohr_ncp_20250123T0750012833_d_img_d18_x06400_y16640.png,0.3525,516.83,176.62,522.36,181.37
ch2_ohr_ncp_20250123T0750012833_d_img_d18_x06400_y16640.png,0.3422,439.48,117.21,445.03,122.79
ch2_ohr_ncp_20250123T0750012833_d_img_d18_x06400_y16640.png,0.3383,589.89,109.22,599.24,117.55
ch2_ohr_ncp_20250123T0750012833_d_img_d18_x06400_y16640.png,0.3373,493.88,143.17,508.24,159.5
ch2_ohr_ncp_20250123T0750012833_d_img_d18_x06400_y16640.png,0.3295,418.48,124.16,425.01,129.26
ch2_ohr_ncp_20250123T0750012833_d_img_d18_x06400_y16640.png,0.3161,619.66,558.1,625.49,563.81
ch2_ohr_ncp_20250123T0750012833_d_img_d18_x06400_y16640.png,0.3135,404.51,160.98,411.9,167.41
ch2_ohr_ncp_20250123T0750012833_d_img_d18_x06400_y16640.png,0.3133,325.55,172.49,340.83,186.91
ch2_ohr_ncp_20250123T0750012833_d_img_d18_x06400_y16640.png,0.3117,330.04,129.52,336.4,135.34
ch2_ohr_ncp_20250123T0750012833_d_img_d18_x06400_y16640.png,0.3084,427.33,119.8,435.91,127.39
ch2_ohr_ncp_20250123T0750012833_d_img_d18_x06400_y16640.png,0.3048,462.74,250.43,469.41,256.71
ch2_ohr_ncp_20250123T0750012833_d_img_d18_x06400_y16640.png,0.3024,414.29,85.33,420.68,91.11
ch2_ohr_ncp_20250123T0750012833_d_img_d18_x06400_y16640.png,0.2976,612.29,113.57,619.27,119.69
ch2_ohr_ncp_20250123T0750012833_d_img_d18_x06400_y16640.png,0.2848,614.46,114.19,620.25,119.73
ch2_ohr_ncp_20250123T0750012833_d_img_d18_x06400_y16640.png,0.2808,507.11,142.87,515.6,151.08
ch2_ohr_ncp_20250123T0750012833_d_img_d18_x06400_y16640.png,0.2793,478.42,235.99,492.16,249.44
ch2_ohr_ncp_20250123T0750012833_d_img_d18_x06400_y16640.png,0.2769,610.05,405.44,615.85,410.95
ch2_ohr_ncp_20250123T0750012833_d_img_d18_x06400_y16640.png,0.2739,579.28,250.15,584.5,254.87
ch2_ohr_ncp_20250123T0750012833_d_img_d18_x06400_y16640.png,0.2729,534.14,342.64,541.77,349.67
ch2_ohr_ncp_20250123T0750012833_d_img_d18_x06400_y16640.png,0.2727,508.43,68.91,515.4,75.09
ch2_ohr_ncp_20250123T0750012833_d_img_d18_x06400_y16640.png,0.2633,632.89,146.29,638.81,152.23
ch2_ohr_ncp_20250123T0750012833_d_img_d18_x06400_y16640.png,0.2629,448.62,194.99,455.98,201.72
ch2_ohr_ncp_20250123T0750012833_d_img_d18_x06400_y16640.png,0.2617,445.57,253.8,452.59,259.96
ch2_ohr_ncp_20250123T0750012833_d_img_d18_x06400_y16640.png,0.2609,522.15,161.98,528.53,167.77
ch2_ohr_ncp_20250123T0750012833_d_img_d18_x06400_y16640.png,0.2601,384.71,310.34,393.55,318.04
ch2_ohr_ncp_20250123T0750012833_d_img_d18_x06400_y16640.png,0.2481,548.01,134.53,557.56,143.57
ch2_ohr_ncp_20250123T0750012833_d_img_d18_x06400_y16640.png,0.246,597.48,139.35,602.61,144.36
ch2_ohr_ncp_20250123T0750012833_d_img_d18_x06400_y16640.png,0.2458,493.57,141.91,506.69,155.93
ch2_ohr_ncp_20250123T0750012833_d_img_d18_x06400_y16640.png,0.243,523.36,110.61,530.05,116.71
ch2_ohr_ncp_20250123T0750012833_d_img_d18_x06400_y16640.png,0.2379,510.22,126.27,515.36,130.89
ch2_ohr_ncp_20250123T0750012833_d_img_d18_x06400_y16640.png,0.2233,635.51,280.57,639.89,286.0
ch2_ohr_ncp_20250123T0750012833_d_img_d18_x06400_y16640.png,0.2157,626.29,534.45,632.76,539.73
ch2_ohr_ncp_20250123T0750012833_d_img_d18_x06400_y16640.png,0.2139,375.39,103.77,384.61,111.17
ch2_ohr_ncp_20250123T0750012833_d_img_d18_x06400_y16640.png,0.2138,383.13,200.07,388.47,204.75
ch2_ohr_ncp_20250123T0750012833_d_img_d18_x06400_y16640.png,0.2137,429.78,251.95,437.02,259.68
ch2_ohr_ncp_20250123T0750012833_d_img_d18_x06400_y16640.png,0.2111,491.23,27.19,497.04,31.59
ch2_ohr_ncp_20250123T0750012833_d_img_d18_x06400_y16640.png,0.2082,447.56,84.18,453.43,89.9
ch2_ohr_ncp_20250123T0750012833_d_img_d18_x06400_y16640.png,0.2081,569.45,245.34,575.51,250.66
ch2_ohr_ncp_20250123T0750012833_d_img_d18_x06400_y16640.png,0.2059,496.96,173.27,502.14,178.35
ch2_ohr_ncp_20250123T0750012833_d_img_d18_x06400_y16640.png,0.2001,583.86,181.5,588.16,186.09
ch2_ohr_ncp_20250123T0750012833_d_img_d18_x06400_y42240.png,0.3164,522.2,172.82,623.38,241.81
ch2_ohr_ncp_20250123T0750012833_d_img_d18_x07040_y00000.png,0.2521,552.63,365.98,636.97,416.68
ch2_ohr_ncp_20250123T0750012833_d_img_d18_x07040_y17280.png,0.4547,612.61,265.82,618.93,271.96
ch2_ohr_ncp_20250123T0750012833_d_img_d18_x07040_y17280.png,0.3572,481.1,28.4,485.88,32.87
ch2_ohr_ncp_20250123T0750012833_d_img_d18_x07040_y17280.png,0.3372,624.21,340.83,632.6,348.76
ch2_ohr_ncp_20250123T0750012833_d_img_d18_x07040_y17280.png,0.2643,604.25,142.27,612.69,151.23
ch2_ohr_ncp_20250123T0750012833_d_img_d18_x07040_y17280.png,0.2561,252.17,10.01,261.81,19.65
ch2_ohr_ncp_20250123T0750012833_d_img_d18_x07040_y17280.png,0.2552,619.73,274.35,624.82,279.67
ch2_ohr_ncp_20250123T0750012833_d_img_d18_x07040_y17280.png,0.2499,592.41,222.99,602.06,232.19
ch2_ohr_ncp_20250123T0750012833_d_img_d18_x07040_y17280.png,0.2287,541.85,297.43,548.68,303.74
ch2_ohr_ncp_20250123T0750012833_d_img_d18_x07040_y17280.png,0.2284,612.98,273.84,619.06,279.88
ch2_ohr_ncp_20250123T0750012833_d_img_d18_x07040_y17280.png,0.2251,492.25,26.62,499.81,33.07
ch2_ohr_ncp_20250123T0750012833_d_img_d18_x07040_y17280.png,0.2128,550.93,11.05,561.59,19.45
ch2_ohr_ncp_20250123T0750012833_d_img_d18_x07040_y17280.png,0.2026,552.0,340.18,558.02,345.44
ch2_ohr_ncp_20250123T0750012833_d_img_d18_x07040_y41600.png,0.259,295.8,628.67,311.31,638.99
ch2_ohr_ncp_20250123T0750012833_d_img_d18_x07040_y73600.png,0.2087,110.6,0.0,130.83,9.88
ch2_ohr_ncp_20250123T0750012833_d_img_d18_x07680_y00640.png,0.3426,322.43,109.92,416.65,163.85
ch2_ohr_ncp_20250123T0750012833_d_img_d18_x07680_y00640.png,0.3138,564.11,579.9,587.28,600.13
ch2_ohr_ncp_20250123T0750012833_d_img_d18_x07680_y00640.png,0.2116,360.15,110.91,416.8,157.66
ch2_ohr_ncp_20250123T0750012833_d_img_d18_x07680_y01280.png,0.2189,383.77,602.43,405.74,628.99
ch2_ohr_ncp_20250123T0750012833_d_img_d18_x07680_y17280.png,0.3146,618.99,62.51,625.95,68.45
ch2_ohr_ncp_20250123T0750012833_d_img_d18_x07680_y17280.png,0.3021,384.95,0.19,392.72,6.77
ch2_ohr_ncp_20250123T0750012833_d_img_d18_x07680_y17280.png,0.2409,602.57,9.73,609.32,16.04
ch2_ohr_ncp_20250123T0750012833_d_img_d18_x07680_y17280.png,0.226,411.07,20.91,419.29,28.76
ch2_ohr_ncp_20250123T0750012833_d_img_d18_x07680_y17280.png,0.2246,385.83,0.05,393.37,5.72
ch2_ohr_ncp_20250123T0750012833_d_img_d18_x07680_y17920.png,0.2786,587.14,186.33,593.15,192.15
ch2_ohr_ncp_20250123T0750012833_d_img_d18_x07680_y17920.png,0.2326,607.47,223.25,619.67,236.15
ch2_ohr_ncp_20250123T0750012833_d_img_d18_x07680_y18560.png,0.3924,620.56,159.28,627.01,164.9
ch2_ohr_ncp_20250123T0750012833_d_img_d18_x07680_y18560.png,0.3633,462.46,222.81,469.89,230.19
ch2_ohr_ncp_20250123T0750012833_d_img_d18_x07680_y18560.png,0.3347,569.62,284.5,577.24,291.24
ch2_ohr_ncp_20250123T0750012833_d_img_d18_x07680_y18560.png,0.3115,557.02,293.47,562.41,298.11
ch2_ohr_ncp_20250123T0750012833_d_img_d18_x07680_y18560.png,0.2841,477.55,159.83,487.7,168.48
ch2_ohr_ncp_20250123T0750012833_d_img_d18_x07680_y18560.png,0.2731,495.49,100.59,504.18,107.3
ch2_ohr_ncp_20250123T0750012833_d_img_d18_x07680_y18560.png,0.2674,534.5,143.1,539.72,148.25
ch2_ohr_ncp_20250123T0750012833_d_img_d18_x07680_y18560.png,0.2611,574.33,72.48,580.13,77.3
ch2_ohr_ncp_20250123T0750012833_d_img_d18_x07680_y18560.png,0.2599,450.04,224.7,457.35,231.06
ch2_ohr_ncp_20250123T0750012833_d_img_d18_x07680_y18560.png,0.2535,506.85,298.83,522.7,312.97
ch2_ohr_ncp_20250123T0750012833_d_img_d18_x07680_y18560.png,0.2427,571.95,83.09,577.74,89.32
ch2_ohr_ncp_20250123T0750012833_d_img_d18_x07680_y18560.png,0.2371,625.22,217.21,633.16,223.82
ch2_ohr_ncp_20250123T0750012833_d_img_d18_x07680_y18560.png,0.2348,577.99,316.98,589.79,327.56
ch2_ohr_ncp_20250123T0750012833_d_img_d18_x07680_y18560.png,0.2304,508.02,187.12,517.37,194.29
ch2_ohr_ncp_20250123T0750012833_d_img_d18_x07680_y18560.png,0.2276,575.07,72.07,580.66,76.71
ch2_ohr_ncp_20250123T0750012833_d_img_d18_x07680_y18560.png,0.2271,531.34,68.15,542.24,77.26
ch2_ohr_ncp_20250123T0750012833_d_img_d18_x07680_y18560.png,0.224,494.19,54.38,507.76,66.4
ch2_ohr_ncp_20250123T0750012833_d_img_d18_x07680_y18560.png,0.2173,491.55,125.28,500.67,133.16
ch2_ohr_ncp_20250123T0750012833_d_img_d18_x07680_y18560.png,0.2133,575.39,72.03,581.89,77.23
ch2_ohr_ncp_20250123T0750012833_d_img_d18_x07680_y18560.png,0.2057,575.58,113.4,587.53,123.68
ch2_ohr_ncp_20250123T0750012833_d_img_d18_x07680_y18560.png,0.2042,546.4,156.34,554.5,163.36
ch2_ohr_ncp_20250123T0750012833_d_img_d18_x07680_y18560.png,0.2007,497.56,191.09,502.5,195.28
ch2_ohr_ncp_20250123T0750012833_d_img_d18_x07680_y40960.png,0.3507,113.33,163.47,130.16,177.5
ch2_ohr_ncp_20250123T0750012833_d_img_d18_x07680_y40960.png,0.2762,606.62,620.71,621.23,636.97
ch2_ohr_ncp_20250123T0750012833_d_img_d18_x07680_y47360.png,0.3245,627.52,131.67,635.38,140.28
ch2_ohr_ncp_20250123T0750012833_d_img_d18_x07680_y47360.png,0.2435,585.64,3.58,590.98,8.83
ch2_ohr_ncp_20250123T0750012833_d_img_d18_x07680_y47360.png,0.2416,575.26,33.25,583.68,40.97
ch2_ohr_ncp_20250123T0750012833_d_img_d18_x07680_y47360.png,0.2384,426.42,268.01,434.8,275.72
ch2_ohr_ncp_20250123T0750012833_d_img_d18_x07680_y47360.png,0.2317,468.41,0.27,479.62,8.89
ch2_ohr_ncp_20250123T0750012833_d_img_d18_x07680_y47360.png,0.2123,255.41,30.6,264.93,38.8
ch2_ohr_ncp_20250123T0750012833_d_img_d18_x07680_y50560.png,0.4209,40.47,450.11,78.7,493.91
ch2_ohr_ncp_20250123T0750012833_d_img_d18_x07680_y50560.png,0.2836,278.38,23.27,285.71,30.19
ch2_ohr_ncp_20250123T0750012833_d_img_d18_x07680_y50560.png,0.2385,275.09,10.89,283.97,19.51
ch2_ohr_ncp_20250123T0750012833_d_img_d18_x07680_y50560.png,0.2287,296.08,4.96,303.88,12.08
ch2_ohr_ncp_20250123T0750012833_d_img_d18_x07680_y68480.png,0.255,159.62,243.2,258.38,328.33
ch2_ohr_ncp_20250123T0750012833_d_img_d18_x07680_y73600.png,0.206,4.59,310.57,113.63,410.57
ch2_ohr_ncp_20250123T0750012833_d_img_d18_x07680_y73600.png,0.205,0.0,307.1,109.02,383.98
ch2_ohr_ncp_20250123T0750012833_d_img_d18_x08320_y03840.png,0.3832,333.78,0.0,391.73,31.06
ch2_ohr_ncp_20250123T0750012833_d_img_d18_x08320_y05120.png,0.2684,510.69,0.0,607.89,34.31
ch2_ohr_ncp_20250123T0750012833_d_img_d18_x08320_y08960.png,0.2003,406.3,175.49,536.01,259.2
ch2_ohr_ncp_20250123T0750012833_d_img_d18_x08320_y15360.png,0.2577,420.11,386.55,521.15,467.88
ch2_ohr_ncp_20250123T0750012833_d_img_d18_x08320_y44800.png,0.2176,576.99,156.46,606.55,214.67
ch2_ohr_ncp_20250123T0750012833_d_img_d18_x08320_y44800.png,0.2163,307.49,0.81,328.19,13.94
ch2_ohr_ncp_20250123T0750012833_d_img_d18_x08320_y50560.png,0.2111,516.31,621.64,525.54,631.15
ch2_ohr_ncp_20250123T0750012833_d_img_d18_x08320_y51200.png,0.2678,538.69,25.39,551.98,37.4
ch2_ohr_ncp_20250123T0750012833_d_img_d18_x08960_y03840.png,0.2481,536.12,590.4,559.29,615.88
ch2_ohr_ncp_20250123T0750012833_d_img_d18_x08960_y03840.png,0.2002,4.05,480.94,99.71,544.09
ch2_ohr_ncp_20250123T0750012833_d_img_d18_x08960_y19840.png,0.4149,503.04,80.34,514.3,89.88
ch2_ohr_ncp_20250123T0750012833_d_img_d18_x08960_y19840.png,0.4142,51.65,157.31,59.63,164.71
ch2_ohr_ncp_20250123T0750012833_d_img_d18_x08960_y19840.png,0.3969,344.64,8.32,350.95,14.07
ch2_ohr_ncp_20250123T0750012833_d_img_d18_x08960_y19840.png,0.3743,432.02,54.4,436.8,59.61
ch2_ohr_ncp_20250123T0750012833_d_img_d18_x08960_y19840.png,0.37,217.79,104.7,224.78,111.45
ch2_ohr_ncp_20250123T0750012833_d_img_d18_x08960_y19840.png,0.3529,447.8,45.45,453.71,51.8
ch2_ohr_ncp_20250123T0750012833_d_img_d18_x08960_y19840.png,0.3495,9.3,67.93,20.05,78.59
ch2_ohr_ncp_20250123T0750012833_d_img_d18_x08960_y19840.png,0.3459,333.44,84.1,341.0,91.43
ch2_ohr_ncp_20250123T0750012833_d_img_d18_x08960_y19840.png,0.3402,357.61,122.77,363.05,127.92
ch2_ohr_ncp_20250123T0750012833_d_img_d18_x08960_y19840.png,0.335,89.51,90.24,96.22,96.37
ch2_ohr_ncp_20250123T0750012833_d_img_d18_x08960_y19840.png,0.3311,271.25,28.45,297.25,52.57
ch2_ohr_ncp_20250123T0750012833_d_img_d18_x08960_y19840.png,0.3296,414.98,34.89,419.72,39.22
ch2_ohr_ncp_20250123T0750012833_d_img_d18_x08960_y19840.png,0.3165,556.65,89.98,564.1,97.89
ch2_ohr_ncp_20250123T0750012833_d_img_d18_x08960_y19840.png,0.3039,55.56,83.3,64.43,92.03
ch2_ohr_ncp_20250123T0750012833_d_img_d18_x08960_y19840.png,0.3007,415.48,34.9,421.34,39.55
ch2_ohr_ncp_20250123T0750012833_d_img_d18_x08960_y19840.png,0.2949,38.73,88.48,45.27,94.69
ch2_ohr_ncp_20250123T0750012833_d_img_d18_x08960_y19840.png,0.2912,226.57,55.29,234.44,63.75
ch2_ohr_ncp_20250123T0750012833_d_img_d18_x08960_y19840.png,0.2906,365.44,9.84,377.45,21.48
ch2_ohr_ncp_20250123T0750012833_d_img_d18_x08960_y19840.png,0.2742,584.74,2.63,590.05,8.14
ch2_ohr_ncp_20250123T0750012833_d_img_d18_x08960_y19840.png,0.2741,374.12,2.97,380.1,7.39
ch2_ohr_ncp_20250123T0750012833_d_img_d18_x08960_y19840.png,0.2707,26.48,146.3,32.69,152.07
ch2_ohr_ncp_20250123T0750012833_d_img_d18_x08960_y19840.png,0.263,259.33,42.08,265.53,48.17
ch2_ohr_ncp_20250123T0750012833_d_img_d18_x08960_y19840.png,0.2615,259.43,41.31,266.72,47.72
ch2_ohr_ncp_20250123T0750012833_d_img_d18_x08960_y19840.png,0.2597,191.05,102.12,196.87,107.31
ch2_ohr_ncp_20250123T0750012833_d_img_d18_x08960_y19840.png,0.2586,100.12,132.98,107.11,139.45
ch2_ohr_ncp_20250123T0750012833_d_img_d18_x08960_y19840.png,0.254,69.15,89.15,78.01,98.99
ch2_ohr_ncp_20250123T0750012833_d_img_d18_x08960_y19840.png,0.251,266.18,64.54,271.65,70.56
ch2_ohr_ncp_20250123T0750012833_d_img_d18_x08960_y19840.png,0.2463,409.0,47.22,417.31,53.73
ch2_ohr_ncp_20250123T0750012833_d_img_d18_x08960_y19840.png,0.2414,218.54,113.98,226.8,123.09
ch2_ohr_ncp_20250123T0750012833_d_img_d18_x08960_y19840.png,0.2349,369.67,101.65,374.63,106.79
ch2_ohr_ncp_20250123T0750012833_d_img_d18_x08960_y19840.png,0.2327,373.41,2.56,379.2,8.34
ch2_ohr_ncp_20250123T0750012833_d_img_d18_x08960_y19840.png,0.2318,366.0,12.02,377.88,22.75
ch2_ohr_ncp_20250123T0750012833_d_img_d18_x08960_y19840.png,0.2282,345.49,8.11,352.53,13.88
ch2_ohr_ncp_20250123T0750012833_d_img_d18_x08960_y19840.png,0.2282,389.68,94.19,395.46,99.56
ch2_ohr_ncp_20250123T0750012833_d_img_d18_x08960_y19840.png,0.2097,431.7,54.05,438.88,59.57
ch2_ohr_ncp_20250123T0750012833_d_img_d18_x08960_y51840.png,0.2134,379.92,55.31,384.98,60.27
ch2_ohr_ncp_20250123T0750012833_d_img_d18_x08960_y53120.png,0.3751,448.91,138.28,458.55,147.11
ch2_ohr_ncp_20250123T0750012833_d_img_d18_x08960_y53120.png,0.2858,450.73,95.29,457.64,100.84
ch2_ohr_ncp_20250123T0750012833_d_img_d18_x08960_y53120.png,0.2835,485.31,59.66,492.03,65.5
ch2_ohr_ncp_20250123T0750012833_d_img_d18_x09600_y47360.png,0.2189,234.58,17.79,241.86,25.44
ch2_ohr_ncp_20250123T0750012833_d_img_d18_x09600_y47360.png,0.2156,100.5,0.0,116.87,5.61
ch2_ohr_ncp_20250123T0750012833_d_img_d18_x09600_y47360.png,0.2072,246.78,556.99,253.86,566.19
ch2_ohr_ncp_20250123T0750012833_d_img_d18_x09600_y54400.png,0.3296,110.53,329.93,116.84,335.36
ch2_ohr_ncp_20250123T0750012833_d_img_d18_x09600_y54400.png,0.305,164.46,479.19,173.51,486.7
ch2_ohr_ncp_20250123T0750012833_d_img_d18_x09600_y54400.png,0.3048,123.43,400.32,128.67,404.72
ch2_ohr_ncp_20250123T0750012833_d_img_d18_x09600_y54400.png,0.2818,103.39,385.29,111.33,392.69
ch2_ohr_ncp_20250123T0750012833_d_img_d18_x09600_y54400.png,0.2729,151.34,469.11,164.37,479.84
ch2_ohr_ncp_20250123T0750012833_d_img_d18_x09600_y54400.png,0.264,77.29,406.75,85.36,413.81
ch2_ohr_ncp_20250123T0750012833_d_img_d18_x09600_y54400.png,0.2595,82.84,333.89,88.87,339.47
ch2_ohr_ncp_20250123T0750012833_d_img_d18_x09600_y54400.png,0.2589,19.24,522.47,25.66,529.11
ch2_ohr_ncp_20250123T0750012833_d_img_d18_x09600_y54400.png,0.2481,49.76,478.34,55.49,483.55
ch2_ohr_ncp_20250123T0750012833_d_img_d18_x09600_y54400.png,0.2344,182.07,536.59,188.4,543.05
ch2_ohr_ncp_20250123T0750012833_d_img_d18_x09600_y54400.png,0.2231,102.69,500.4,108.68,507.18
ch2_ohr_ncp_20250123T0750012833_d_img_d18_x09600_y54400.png,0.2103,142.75,478.03,148.87,484.26
ch2_ohr_ncp_20250123T0750012833_d_img_d18_x09600_y54400.png,0.209,123.26,567.78,127.42,572.13
ch2_ohr_ncp_20250123T0750012833_d_img_d18_x09600_y54400.png,0.2023,161.23,528.4,167.94,534.37
ch2_ohr_ncp_20250123T0750012833_d_img_d18_x09600_y71040.png,0.3502,15.54,394.19,95.47,467.97
ch2_ohr_ncp_20250123T0750012833_d_img_d18_x10240_y06400.png,0.2152,473.51,618.69,492.78,637.24
ch2_ohr_ncp_20250123T0750012833_d_img_d18_x10240_y14080.png,0.211,337.16,623.83,345.27,631.75
ch2_ohr_ncp_20250123T0750012833_d_img_d18_x10240_y19200.png,0.2588,425.88,347.66,433.0,354.59
ch2_ohr_ncp_20250123T0750012833_d_img_d18_x10240_y19200.png,0.2545,562.2,20.04,572.26,29.68
ch2_ohr_ncp_20250123T0750012833_d_img_d18_x10240_y19200.png,0.2527,360.45,497.65,371.44,507.93
ch2_ohr_ncp_20250123T0750012833_d_img_d18_x10240_y19200.png,0.234,548.81,11.73,554.25,15.97
ch2_ohr_ncp_20250123T0750012833_d_img_d18_x10240_y19200.png,0.2211,32.85,143.42,38.21,149.45
ch2_ohr_ncp_20250123T0750012833_d_img_d18_x10240_y19200.png,0.2168,121.79,274.69,130.38,282.83
ch2_ohr_ncp_20250123T0750012833_d_img_d18_x10240_y19200.png,0.2131,113.53,356.51,120.91,363.41
ch2_ohr_ncp_20250123T0750012833_d_img_d18_x10240_y19200.png,0.2009,630.95,240.31,637.53,245.48
ch2_ohr_ncp_20250123T0750012833_d_img_d18_x10240_y46080.png,0.2049,485.61,151.09,548.17,189.89
ch2_ohr_ncp_20250123T0750012833_d_img_d18_x10240_y46080.png,0.2004,548.22,508.71,561.02,520.66
ch2_ohr_ncp_20250123T0750012833_d_img_d18_x10240_y64000.png,0.2346,233.69,427.85,286.34,479.98
ch2_ohr_ncp_20250123T0750012833_d_img_d18_x10880_y17920.png,0.2643,281.62,394.7,389.51,485.28
ch2_ohr_ncp_20250123T0750012833_d_img_d18_x10880_y47360.png,0.2312,1.01,52.3,89.03,150.95
ch2_ohr_ncp_20250123T0750012833_d_img_d18_x10880_y48640.png,0.2515,524.56,168.18,552.04,202.62
ch2_ohr_ncp_20250123T0750012833_d_img_d18_x10880_y48640.png,0.2082,384.38,632.36,394.9,638.98
ch2_ohr_ncp_20250123T0750012833_d_img_d18_x11520_y14080.png,0.4898,385.6,124.19,393.44,131.76
ch2_ohr_ncp_20250123T0750012833_d_img_d18_x11520_y14080.png,0.4631,271.39,15.35,280.99,22.38
ch2_ohr_ncp_20250123T0750012833_d_img_d18_x11520_y14080.png,0.4281,219.4,111.71,227.16,119.65
ch2_ohr_ncp_20250123T0750012833_d_img_d18_x11520_y14080.png,0.4257,244.07,534.95,253.9,544.43
ch2_ohr_ncp_20250123T0750012833_d_img_d18_x11520_y14080.png,0.4174,456.63,135.62,464.94,143.73
ch2_ohr_ncp_20250123T0750012833_d_img_d18_x11520_y14080.png,0.3971,289.63,568.31,296.61,575.04
ch2_ohr_ncp_20250123T0750012833_d_img_d18_x11520_y14080.png,0.3889,358.84,194.03,365.49,199.73
ch2_ohr_ncp_20250123T0750012833_d_img_d18_x11520_y14080.png,0.3846,268.32,63.05,278.29,71.7
ch2_ohr_ncp_20250123T0750012833_d_img_d18_x11520_y14080.png,0.3818,299.94,111.47,305.06,116.26
ch2_ohr_ncp_20250123T0750012833_d_img_d18_x11520_y14080.png,0.3746,99.83,242.15,109.28,250.98
ch2_ohr_ncp_20250123T0750012833_d_img_d18_x11520_y14080.png,0.3724,226.35,135.72,238.77,148.3
ch2_ohr_ncp_20250123T0750012833_d_img_d18_x11520_y14080.png,0.364,305.99,232.14,313.97,239.3
ch2_ohr_ncp_20250123T0750012833_d_img_d18_x11520_y14080.png,0.3566,136.24,303.35,142.61,309.08
ch2_ohr_ncp_20250123T0750012833_d_img_d18_x11520_y14080.png,0.3544,37.42,225.5,44.78,232.26
ch2_ohr_ncp_20250123T0750012833_d_img_d18_x11520_y14080.png,0.3523,396.15,627.2,410.92,639.66
ch2_ohr_ncp_20250123T0750012833_d_img_d18_x11520_y14080.png,0.3415,271.75,2.46,277.46,8.11
ch2_ohr_ncp_20250123T0750012833_d_img_d18_x11520_y14080.png,0.3406,387.85,30.78,399.88,40.67
ch2_ohr_ncp_20250123T0750012833_d_img_d18_x11520_y14080.png,0.3406,355.05,434.32,362.38,441.05
ch2_ohr_ncp_20250123T0750012833_d_img_d18_x11520_y14080.png,0.3343,422.31,79.77,431.69,89.03
ch2_ohr_ncp_20250123T0750012833_d_img_d18_x11520_y14080.png,0.3313,340.44,205.54,346.17,210.74
ch2_ohr_ncp_20250123T0750012833_d_img_d18_x11520_y14080.png,0.3209,376.5,107.35,384.21,114.55
ch2_ohr_ncp_20250123T0750012833_d_img_d18_x11520_y14080.png,0.3206,441.53,141.02,446.38,146.31
ch2_ohr_ncp_20250123T0750012833_d_img_d18_x11520_y14080.png,0.3206,268.55,318.76,275.23,324.83
ch2_ohr_ncp_20250123T0750012833_d_img_d18_x11520_y14080.png,0.3167,235.28,74.28,244.06,83.41
ch2_ohr_ncp_20250123T0750012833_d_img_d18_x11520_y14080.png,0.315,281.85,541.46,287.18,546.74
ch2_ohr_ncp_20250123T0750012833_d_img_d18_x11520_y14080.png,0.3124,48.42,263.35,54.5,269.16
ch2_ohr_ncp_20250123T0750012833_d_img_d18_x11520_y14080.png,0.3119,167.97,315.15,172.79,319.71
ch2_ohr_ncp_20250123T0750012833_d_img_d18_x11520_y14080.png,0.3095,66.74,252.28,72.66,258.66
ch2_ohr_ncp_20250123T0750012833_d_img_d18_x11520_y14080.png,0.3083,221.17,129.93,227.27,134.96
ch2_ohr_ncp_20250123T0750012833_d_img_d18_x11520_y14080.png,0.3056,256.7,0.8,263.36,7.4
ch2_ohr_ncp_20250123T0750012833_d_img_d18_x11520_y14080.png,0.301,381.19,331.15,388.13,338.67
ch2_ohr_ncp_20250123T0750012833_d_img_d18_x11520_y14080.png,0.2951,415.74,317.62,424.44,326.66
ch2_ohr_ncp_20250123T0750012833_d_img_d18_x11520_y14080.png,0.2918,347.06,139.49,353.6,145.54
ch2_ohr_ncp_20250123T0750012833_d_img_d18_x11520_y14080.png,0.282,404.73,63.83,411.18,69.7
ch2_ohr_ncp_20250123T0750012833_d_img_d18_x11520_y14080.png,0.2774,268.05,56.48,273.3,60.56
ch2_ohr_ncp_20250123T0750012833_d_img_d18_x11520_y14080.png,0.2735,271.31,3.23,277.88,7.63
ch2_ohr_ncp_20250123T0750012833_d_img_d18_x11520_y14080.png,0.2725,262.66,128.25,273.19,137.42
ch2_ohr_ncp_20250123T0750012833_d_img_d18_x11520_y14080.png,0.2707,143.14,276.59,150.0,283.35
ch2_ohr_ncp_20250123T0750012833_d_img_d18_x11520_y14080.png,0.2644,184.72,169.65,194.13,178.55
ch2_ohr_ncp_20250123T0750012833_d_img_d18_x11520_y14080.png,0.2629,237.49,368.38,243.33,372.66
ch2_ohr_ncp_20250123T0750012833_d_img_d18_x11520_y14080.png,0.257,242.19,346.18,248.7,352.34
ch2_ohr_ncp_20250123T0750012833_d_img_d18_x11520_y14080.png,0.2538,277.92,579.15,282.48,583.84
ch2_ohr_ncp_20250123T0750012833_d_img_d18_x11520_y14080.png,0.2522,256.32,265.21,263.29,271.33
ch2_ohr_ncp_20250123T0750012833_d_img_d18_x11520_y14080.png,0.2462,208.9,300.9,221.01,312.64
ch2_ohr_ncp_20250123T0750012833_d_img_d18_x11520_y14080.png,0.2436,178.46,338.94,184.47,345.24
ch2_ohr_ncp_20250123T0750012833_d_img_d18_x11520_y14080.png,0.2414,141.99,436.09,147.63,440.69
ch2_ohr_ncp_20250123T0750012833_d_img_d18_x11520_y14080.png,0.2371,400.06,392.39,408.12,400.0
ch2_ohr_ncp_20250123T0750012833_d_img_d18_x11520_y14080.png,0.2339,77.63,204.8,82.62,209.55
ch2_ohr_ncp_20250123T0750012833_d_img_d18_x11520_y14080.png,0.2323,71.18,239.22,76.99,243.86
ch2_ohr_ncp_20250123T0750012833_d_img_d18_x11520_y14080.png,0.2303,379.12,320.86,384.71,325.26
ch2_ohr_ncp_20250123T0750012833_d_img_d18_x11520_y14080.png,0.2232,143.15,436.07,148.03,440.0
ch2_ohr_ncp_20250123T0750012833_d_img_d18_x11520_y14080.png,0.223,244.18,147.65,248.57,152.13
ch2_ohr_ncp_20250123T0750012833_d_img_d18_x11520_y14080.png,0.2221,429.33,150.6,434.72,156.06
ch2_ohr_ncp_20250123T0750012833_d_img_d18_x11520_y14080.png,0.2215,416.35,47.56,421.97,52.56
ch2_ohr_ncp_20250123T0750012833_d_img_d18_x11520_y14080.png,0.221,313.05,567.06,324.0,576.95
ch2_ohr_ncp_20250123T0750012833_d_img_d18_x11520_y14080.png,0.2151,416.83,339.01,423.05,344.21
ch2_ohr_ncp_20250123T0750012833_d_img_d18_x11520_y14080.png,0.2125,221.39,347.28,226.74,352.01
ch2_ohr_ncp_20250123T0750012833_d_img_d18_x11520_y14080.png,0.2066,268.72,56.54,274.86,60.51
ch2_ohr_ncp_20250123T0750012833_d_img_d18_x11520_y14080.png,0.2066,113.36,576.37,123.07,585.41
ch2_ohr_ncp_20250123T0750012833_d_img_d18_x11520_y14080.png,0.2054,462.18,230.75,469.89,237.18
ch2_ohr_ncp_20250123T0750012833_d_img_d18_x11520_y14080.png,0.2046,337.89,288.69,346.51,296.03
ch2_ohr_ncp_20250123T0750012833_d_img_d18_x11520_y14080.png,0.2028,131.48,254.58,137.32,259.2
ch2_ohr_ncp_20250123T0750012833_d_img_d18_x11520_y14080.png,0.2022,211.21,15.29,217.79,21.97
ch2_ohr_ncp_20250123T0750012833_d_img_d18_x11520_y14720.png,0.484,160.92,106.92,175.56,118.83
ch2_ohr_ncp_20250123T0750012833_d_img_d18_x11520_y14720.png,0.4439,287.66,5.09,296.69,13.16
ch2_ohr_ncp_20250123T0750012833_d_img_d18_x11520_y14720.png,0.4366,414.4,572.95,441.73,596.76
ch2_ohr_ncp_20250123T0750012833_d_img_d18_x11520_y14720.png,0.4098,155.9,14.9,166.01,23.93
ch2_ohr_ncp_20250123T0750012833_d_img_d18_x11520_y14720.png,0.3682,165.34,132.12,172.46,138.07
ch2_ohr_ncp_20250123T0750012833_d_img_d18_x11520_y14720.png,0.3322,284.24,222.59,291.11,228.67
ch2_ohr_ncp_20250123T0750012833_d_img_d18_x11520_y14720.png,0.3199,385.82,435.52,393.26,442.5
ch2_ohr_ncp_20250123T0750012833_d_img_d18_x11520_y14720.png,0.3172,74.61,56.57,83.25,63.81
ch2_ohr_ncp_20250123T0750012833_d_img_d18_x11520_y14720.png,0.3139,350.65,402.89,359.36,411.58
ch2_ohr_ncp_20250123T0750012833_d_img_d18_x11520_y14720.png,0.3104,215.19,111.06,244.91,137.25
ch2_ohr_ncp_20250123T0750012833_d_img_d18_x11520_y14720.png,0.3098,82.66,271.56,90.07,279.11
ch2_ohr_ncp_20250123T0750012833_d_img_d18_x11520_y14720.png,0.3095,321.31,42.42,331.26,52.0
ch2_ohr_ncp_20250123T0750012833_d_img_d18_x11520_y14720.png,0.3011,126.69,109.29,132.97,115.19
ch2_ohr_ncp_20250123T0750012833_d_img_d18_x11520_y14720.png,0.2955,306.99,192.44,320.61,204.4
ch2_ohr_ncp_20250123T0750012833_d_img_d18_x11520_y14720.png,0.2936,382.86,36.23,388.79,41.31
ch2_ohr_ncp_20250123T0750012833_d_img_d18_x11520_y14720.png,0.2816,209.3,276.21,219.19,285.71
ch2_ohr_ncp_20250123T0750012833_d_img_d18_x11520_y14720.png,0.2807,24.3,50.64,29.61,55.52
ch2_ohr_ncp_20250123T0750012833_d_img_d18_x11520_y14720.png,0.2785,257.39,74.64,262.3,79.44
ch2_ohr_ncp_20250123T0750012833_d_img_d18_x11520_y14720.png,0.2743,144.19,76.17,154.81,87.07
ch2_ohr_ncp_20250123T0750012833_d_img_d18_x11520_y14720.png,0.2715,459.45,471.15,468.25,479.5
ch2_ohr_ncp_20250123T0750012833_d_img_d18_x11520_y14720.png,0.2687,0.0,466.12,6.03,477.34
ch2_ohr_ncp_20250123T0750012833_d_img_d18_x11520_y14720.png,0.2577,135.35,11.32,140.9,16.23
ch2_ohr_ncp_20250123T0750012833_d_img_d18_x11520_y14720.png,0.2537,273.21,138.53,281.03,145.98
ch2_ohr_ncp_20250123T0750012833_d_img_d18_x11520_y14720.png,0.2513,352.28,107.06,357.19,111.51
ch2_ohr_ncp_20250123T0750012833_d_img_d18_x11520_y14720.png,0.2511,371.2,507.57,376.49,513.08
ch2_ohr_ncp_20250123T0750012833_d_img_d18_x11520_y14720.png,0.2437,116.37,127.85,125.59,135.7
ch2_ohr_ncp_20250123T0750012833_d_img_d18_x11520_y14720.png,0.2373,4.37,630.02,10.37,636.73
ch2_ohr_ncp_20250123T0750012833_d_img_d18_x11520_y14720.png,0.2323,17.01,214.88,26.37,223.42
ch2_ohr_ncp_20250123T0750012833_d_img_d18_x11520_y14720.png,0.2308,238.36,44.62,251.02,55.11
ch2_ohr_ncp_20250123T0750012833_d_img_d18_x11520_y14720.png,0.2296,108.6,499.6,116.43,507.29
ch2_ohr_ncp_20250123T0750012833_d_img_d18_x11520_y14720.png,0.2255,415.1,453.15,436.73,469.56
ch2_ohr_ncp_20250123T0750012833_d_img_d18_x11520_y14720.png,0.2197,2.67,594.03,13.58,602.06
ch2_ohr_ncp_20250123T0750012833_d_img_d18_x11520_y14720.png,0.2174,443.13,531.15,449.56,537.87
ch2_ohr_ncp_20250123T0750012833_d_img_d18_x11520_y14720.png,0.2078,6.13,522.21,11.71,529.89
ch2_ohr_ncp_20250123T0750012833_d_img_d18_x11520_y14720.png,0.2025,369.72,454.28,382.9,466.24
ch2_ohr_ncp_20250123T0750012833_d_img_d18_x11520_y15360.png,0.5444,34.09,79.84,41.97,87.99
ch2_ohr_ncp_20250123T0750012833_d_img_d18_x11520_y15360.png,0.5423,327.3,324.15,335.15,331.42
ch2_ohr_ncp_20250123T0750012833_d_img_d18_x11520_y15360.png,0.4564,433.47,65.54,440.92,72.08
ch2_ohr_ncp_20250123T0750012833_d_img_d18_x11520_y15360.png,0.4476,328.04,346.96,338.23,356.39
ch2_ohr_ncp_20250123T0750012833_d_img_d18_x11520_y15360.png,0.4439,253.08,414.89,261.03,422.85
ch2_ohr_ncp_20250123T0750012833_d_img_d18_x11520_y15360.png,0.4432,419.6,360.3,425.34,365.43
ch2_ohr_ncp_20250123T0750012833_d_img_d18_x11520_y15360.png,0.4066,139.0,387.31,146.56,394.52
ch2_ohr_ncp_20250123T0750012833_d_img_d18_x11520_y15360.png,0.4027,176.43,124.84,183.71,131.87
ch2_ohr_ncp_20250123T0750012833_d_img_d18_x11520_y15360.png,0.3959,134.11,424.12,141.22,431.04
ch2_ohr_ncp_20250123T0750012833_d_img_d18_x11520_y15360.png,0.3584,122.01,470.83,130.57,480.01
ch2_ohr_ncp_20250123T0750012833_d_img_d18_x11520_y15360.png,0.3353,452.79,71.62,461.07,78.39
ch2_ohr_ncp_20250123T0750012833_d_img_d18_x11520_y15360.png,0.3307,244.89,479.35,253.6,487.93
ch2_ohr_ncp_20250123T0750012833_d_img_d18_x11520_y15360.png,0.3192,413.66,69.52,421.13,75.49
ch2_ohr_ncp_20250123T0750012833_d_img_d18_x11520_y15360.png,0.3182,126.83,111.99,131.63,116.73
ch2_ohr_ncp_20250123T0750012833_d_img_d18_x11520_y15360.png,0.3174,56.21,349.08,62.48,355.29
ch2_ohr_ncp_20250123T0750012833_d_img_d18_x11520_y15360.png,0.3113,402.67,85.04,408.77,90.79
ch2_ohr_ncp_20250123T0750012833_d_img_d18_x11520_y15360.png,0.3005,66.97,124.09,72.49,128.82
ch2_ohr_ncp_20250123T0750012833_d_img_d18_x11520_y15360.png,0.3003,198.26,320.64,207.38,329.79
ch2_ohr_ncp_20250123T0750012833_d_img_d18_x11520_y15360.png,0.2859,96.82,480.45,102.83,485.54
ch2_ohr_ncp_20250123T0750012833_d_img_d18_x11520_y15360.png,0.2851,375.84,50.12,382.16,55.95
ch2_ohr_ncp_20250123T0750012833_d_img_d18_x11520_y15360.png,0.2797,164.76,430.22,170.3,435.3
ch2_ohr_ncp_20250123T0750012833_d_img_d18_x11520_y15360.png,0.2779,107.41,532.36,112.7,537.16
ch2_ohr_ncp_20250123T0750012833_d_img_d18_x11520_y15360.png,0.2752,447.42,364.5,451.92,368.99
ch2_ohr_ncp_20250123T0750012833_d_img_d18_x11520_y15360.png,0.2747,460.69,223.65,468.09,231.19
ch2_ohr_ncp_20250123T0750012833_d_img_d18_x11520_y15360.png,0.2716,265.34,26.41,270.28,30.89
ch2_ohr_ncp_20250123T0750012833_d_img_d18_x11520_y15360.png,0.2704,405.77,7.33,411.39,13.4
ch2_ohr_ncp_20250123T0750012833_d_img_d18_x11520_y15360.png,0.2694,354.99,157.72,366.66,168.63
ch2_ohr_ncp_20250123T0750012833_d_img_d18_x11520_y15360.png,0.265,12.38,402.71,17.4,407.95
ch2_ohr_ncp_20250123T0750012833_d_img_d18_x11520_y15360.png,0.261,186.61,537.7,195.55,547.38
ch2_ohr_ncp_20250123T0750012833_d_img_d18_x11520_y15360.png,0.2577,13.57,219.17,19.11,224.58
ch2_ohr_ncp_20250123T0750012833_d_img_d18_x11520_y15360.png,0.243,175.77,520.44,182.58,526.93
ch2_ohr_ncp_20250123T0750012833_d_img_d18_x11520_y15360.png,0.2382,374.82,532.23,380.14,537.11
ch2_ohr_ncp_20250123T0750012833_d_img_d18_x11520_y15360.png,0.2378,265.41,177.73,272.52,184.79
ch2_ohr_ncp_20250123T0750012833_d_img_d18_x11520_y15360.png,0.2325,293.37,264.71,298.82,269.85
ch2_ohr_ncp_20250123T0750012833_d_img_d18_x11520_y15360.png,0.2295,342.06,330.88,346.54,335.73
ch2_ohr_ncp_20250123T0750012833_d_img_d18_x11520_y15360.png,0.2258,451.69,465.27,459.61,472.35
ch2_ohr_ncp_20250123T0750012833_d_img_d18_x11520_y15360.png,0.2169,446.75,364.36,451.28,369.25
ch2_ohr_ncp_20250123T0750012833_d_img_d18_x11520_y15360.png,0.2125,199.52,127.88,207.4,134.37
ch2_ohr_ncp_20250123T0750012833_d_img_d18_x11520_y15360.png,0.2123,109.18,576.92,114.63,581.69
ch2_ohr_ncp_20250123T0750012833_d_img_d18_x11520_y15360.png,0.2119,43.6,410.73,70.56,438.79
ch2_ohr_ncp_20250123T0750012833_d_img_d18_x11520_y15360.png,0.2114,292.79,264.39,298.02,269.54
ch2_ohr_ncp_20250123T0750012833_d_img_d18_x11520_y15360.png,0.2039,306.13,75.13,311.12,79.74
ch2_ohr_ncp_20250123T0750012833_d_img_d18_x11520_y15360.png,0.2022,447.23,144.51,453.96,150.03
ch2_ohr_ncp_20250123T0750012833_d_img_d18_x11520_y16000.png,0.4411,106.91,0.12,122.06,9.24
ch2_ohr_ncp_20250123T0750012833_d_img_d18_x11520_y16000.png,0.356,19.64,629.41,26.01,635.14
ch2_ohr_ncp_20250123T0750012833_d_img_d18_x11520_y16000.png,0.3213,149.75,478.93,159.64,488.06
ch2_ohr_ncp_20250123T0750012833_d_img_d18_x11520_y16000.png,0.3116,85.41,243.32,94.28,251.17
ch2_ohr_ncp_20250123T0750012833_d_img_d18_x11520_y16000.png,0.2967,12.09,90.22,18.17,96.28
ch2_ohr_ncp_20250123T0750012833_d_img_d18_x11520_y16000.png,0.2823,44.05,217.82,50.75,223.65
ch2_ohr_ncp_20250123T0750012833_d_img_d18_x11520_y16000.png,0.2609,96.46,554.18,103.04,560.89
ch2_ohr_ncp_20250123T0750012833_d_img_d18_x11520_y16000.png,0.2509,94.18,108.25,100.87,115.45
ch2_ohr_ncp_20250123T0750012833_d_img_d18_x11520_y16000.png,0.2389,371.79,113.58,378.34,120.31
ch2_ohr_ncp_20250123T0750012833_d_img_d18_x11520_y16000.png,0.2365,306.7,182.76,317.24,192.25
ch2_ohr_ncp_20250123T0750012833_d_img_d18_x11520_y16000.png,0.2357,96.41,120.28,102.59,125.9
ch2_ohr_ncp_20250123T0750012833_d_img_d18_x11520_y16000.png,0.2256,135.08,27.2,141.24,33.28
ch2_ohr_ncp_20250123T0750012833_d_img_d18_x11520_y16000.png,0.2214,81.75,38.92,87.42,43.92
ch2_ohr_ncp_20250123T0750012833_d_img_d18_x11520_y16000.png,0.2202,93.55,107.9,99.81,114.89
ch2_ohr_ncp_20250123T0750012833_d_img_d18_x11520_y16000.png,0.2087,98.1,259.28,105.32,267.15
ch2_ohr_ncp_20250123T0750012833_d_img_d18_x11520_y16000.png,0.2067,464.41,129.08,471.1,135.08
ch2_ohr_ncp_20250123T0750012833_d_img_d18_x11520_y16000.png,0.2006,398.45,565.57,405.82,572.66
ch2_ohr_ncp_20250123T0750012833_d_img_d18_x11520_y16640.png,0.3196,32.89,494.8,39.6,501.01
ch2_ohr_ncp_20250123T0750012833_d_img_d18_x11520_y16640.png,0.2967,33.86,521.38,43.97,532.12
ch2_ohr_ncp_20250123T0750012833_d_img_d18_x11520_y16640.png,0.2852,210.77,621.05,218.22,628.58
ch2_ohr_ncp_20250123T0750012833_d_img_d18_x11520_y16640.png,0.2405,19.34,440.94,32.33,451.8
ch2_ohr_ncp_20250123T0750012833_d_img_d18_x11520_y16640.png,0.2231,294.27,31.59,300.49,37.3
ch2_ohr_ncp_20250123T0750012833_d_img_d18_x11520_y16640.png,0.2158,54.09,225.4,62.57,232.53
ch2_ohr_ncp_20250123T0750012833_d_img_d18_x11520_y18560.png,0.2679,55.96,620.37,64.68,627.95
ch2_ohr_ncp_20250123T0750012833_d_img_d18_x11520_y18560.png,0.2669,194.13,129.54,204.1,138.13
ch2_ohr_ncp_20250123T0750012833_d_img_d18_x11520_y18560.png,0.266,31.99,564.18,38.07,570.32
ch2_ohr_ncp_20250123T0750012833_d_img_d18_x11520_y18560.png,0.2199,45.45,54.73,52.97,63.01
ch2_ohr_ncp_20250123T0750012833_d_img_d18_x11520_y18560.png,0.2161,211.99,192.16,217.62,197.39
ch2_ohr_ncp_20250123T0750012833_d_img_d18_x11520_y19200.png,0.3823,62.77,159.25,68.92,164.76
ch2_ohr_ncp_20250123T0750012833_d_img_d18_x11520_y19200.png,0.3436,59.89,143.29,64.98,148.25
ch2_ohr_ncp_20250123T0750012833_d_img_d18_x11520_y19200.png,0.3021,185.03,0.39,191.02,6.45
ch2_ohr_ncp_20250123T0750012833_d_img_d18_x11520_y19200.png,0.2493,291.27,254.59,296.71,259.5
ch2_ohr_ncp_20250123T0750012833_d_img_d18_x11520_y19200.png,0.2476,224.31,334.84,234.81,343.88
ch2_ohr_ncp_20250123T0750012833_d_img_d18_x11520_y19200.png,0.2358,367.71,46.13,373.1,51.62
ch2_ohr_ncp_20250123T0750012833_d_img_d18_x11520_y19200.png,0.2187,16.58,21.14,23.21,27.59
ch2_ohr_ncp_20250123T0750012833_d_img_d18_x11520_y19200.png,0.2143,63.37,159.41,70.97,165.54
ch2_ohr_ncp_20250123T0750012833_d_img_d18_x11520_y58240.png,0.3431,178.85,194.58,188.6,204.58
ch2_ohr_ncp_20250123T0750012833_d_img_d18_x11520_y58240.png,0.3331,143.8,406.26,155.72,416.36
ch2_ohr_ncp_20250123T0750012833_d_img_d18_x11520_y58240.png,0.2833,191.28,179.25,197.86,185.7
ch2_ohr_ncp_20250123T0750012833_d_img_d18_x11520_y58240.png,0.2812,269.87,446.35,280.68,455.28
ch2_ohr_ncp_20250123T0750012833_d_img_d18_x11520_y58240.png,0.2793,357.67,324.87,366.93,331.09
ch2_ohr_ncp_20250123T0750012833_d_img_d18_x11520_y58240.png,0.2752,144.23,388.26,151.03,395.38
ch2_ohr_ncp_20250123T0750012833_d_img_d18_x11520_y58240.png,0.235,190.11,80.95,196.78,86.97
ch2_ohr_ncp_20250123T0750012833_d_img_d18_x11520_y58240.png,0.2246,427.95,416.49,434.75,423.5
ch2_ohr_ncp_20250123T0750012833_d_img_d18_x11520_y58240.png,0.2193,214.97,235.71,221.59,241.93
ch2_ohr_ncp_20250123T0750012833_d_img_d18_x11520_y58240.png,0.216,244.73,192.31,253.89,200.9
ch2_ohr_ncp_20250123T0750012833_d_img_d18_x11520_y58240.png,0.2131,354.74,268.13,365.93,279.47
ch2_ohr_ncp_20250123T0750012833_d_img_d18_x11520_y58240.png,0.2052,0.93,185.63,16.26,199.43
ch2_ohr_ncp_20250123T0750012833_d_img_d18_x11520_y58240.png,0.2016,17.99,609.31,27.11,619.06
ch2_ohr_ncp_20250123T0750012833_d_img_d18_x11520_y58240.png,0.2009,280.19,355.62,289.43,363.31
ch2_ohr_ncp_20250123T0750012833_d_img_d18_x11520_y60160.png,0.2701,316.84,10.02,325.89,18.58
ch2_ohr_ncp_20250123T0750012833_d_img_d18_x11520_y60800.png,0.3969,32.2,2.13,44.02,14.27
ch2_ohr_ncp_20250123T0750012833_d_img_d18_x11520_y60800.png,0.3871,105.65,38.38,117.03,48.44
ch2_ohr_ncp_20250123T0750012833_d_img_d18_x11520_y60800.png,0.3588,125.98,77.0,138.09,87.67
ch2_ohr_ncp_20250123T0750012833_d_img_d18_x11520_y60800.png,0.284,200.98,91.14,208.37,98.99
ch2_ohr_ncp_20250123T0750012833_d_img_d18_x11520_y60800.png,0.2574,41.23,30.69,47.11,36.44
ch2_ohr_ncp_20250123T0750012833_d_img_d18_x11520_y60800.png,0.2393,183.46,0.0,190.74,5.55
ch2_ohr_ncp_20250123T0750012833_d_img_d18_x11520_y60800.png,0.2372,60.06,48.26,69.89,56.92
ch2_ohr_ncp_20250123T0750012833_d_img_d18_x11520_y60800.png,0.235,184.01,217.14,191.7,223.94
ch2_ohr_ncp_20250123T0750012833_d_img_d18_x11520_y60800.png,0.2318,170.26,16.3,176.9,20.79
ch2_ohr_ncp_20250123T0750012833_d_img_d18_x11520_y60800.png,0.2191,107.68,75.22,113.22,80.13
ch2_ohr_ncp_20250123T0750012833_d_img_d18_x11520_y60800.png,0.2145,101.98,0.01,131.16,11.54
ch2_ohr_ncp_20250123T0750012833_d_img_d18_x11520_y60800.png,0.2142,359.21,555.39,369.83,566.82
ch2_ohr_ncp_20250123T0750012833_d_img_d18_x11520_y60800.png,0.2077,102.24,0.11,133.47,16.96
ch2_ohr_ncp_20250123T0750012833_d_img_d18_x11520_y60800.png,0.2018,375.16,532.37,380.7,538.85
ch2_ohr_ncp_20250123T0750012833_d_img_d18_x11520_y61440.png,0.3614,65.56,132.4,72.11,139.42
ch2_ohr_ncp_20250123T0750012833_d_img_d18_x11520_y62080.png,0.4292,117.04,504.35,125.57,511.87
ch2_ohr_ncp_20250123T0750012833_d_img_d18_x11520_y62080.png,0.3749,143.79,475.22,148.93,480.25
ch2_ohr_ncp_20250123T0750012833_d_img_d18_x11520_y62080.png,0.3742,153.0,478.04,160.94,485.52
ch2_ohr_ncp_20250123T0750012833_d_img_d18_x11520_y62080.png,0.2909,11.15,440.82,22.05,450.17
ch2_ohr_ncp_20250123T0750012833_d_img_d18_x11520_y62080.png,0.2678,194.82,466.56,201.32,472.47
ch2_ohr_ncp_20250123T0750012833_d_img_d18_x11520_y62080.png,0.2562,94.92,404.75,101.03,411.02
ch2_ohr_ncp_20250123T0750012833_d_img_d18_x11520_y62080.png,0.2527,15.26,250.2,20.8,255.48
ch2_ohr_ncp_20250123T0750012833_d_img_d18_x11520_y62080.png,0.2424,156.86,283.24,184.87,310.1
ch2_ohr_ncp_20250123T0750012833_d_img_d18_x11520_y62080.png,0.2383,138.63,437.59,143.99,442.84
ch2_ohr_ncp_20250123T0750012833_d_img_d18_x11520_y62080.png,0.2316,372.31,186.45,380.58,195.03
ch2_ohr_ncp_20250123T0750012833_d_img_d18_x11520_y62080.png,0.2293,143.53,474.43,149.59,479.98
ch2_ohr_ncp_20250123T0750012833_d_img_d18_x11520_y62080.png,0.2253,94.96,445.65,100.9,452.21
ch2_ohr_ncp_20250123T0750012833_d_img_d18_x11520_y62080.png,0.2214,47.59,457.11,54.36,463.69
ch2_ohr_ncp_20250123T0750012833_d_img_d18_x11520_y62080.png,0.2204,33.66,14.24,44.4,24.89
ch2_ohr_ncp_20250123T0750012833_d_img_d18_x11520_y62720.png,0.4379,144.68,467.27,153.28,475.49
ch2_ohr_ncp_20250123T0750012833_d_img_d18_x11520_y62720.png,0.4094,82.74,431.89,90.47,437.74
ch2_ohr_ncp_20250123T0750012833_d_img_d18_x11520_y62720.png,0.3964,224.27,333.84,234.28,343.21
ch2_ohr_ncp_20250123T0750012833_d_img_d18_x11520_y62720.png,0.3384,92.85,494.6,100.99,501.51
ch2_ohr_ncp_20250123T0750012833_d_img_d18_x11520_y62720.png,0.3328,284.58,381.63,290.82,387.81
ch2_ohr_ncp_20250123T0750012833_d_img_d18_x11520_y62720.png,0.3283,254.42,0.0,261.02,4.66
ch2_ohr_ncp_20250123T0750012833_d_img_d18_x11520_y62720.png,0.3098,302.82,403.57,310.72,410.91
ch2_ohr_ncp_20250123T0750012833_d_img_d18_x11520_y62720.png,0.3066,275.35,550.14,294.9,565.8
ch2_ohr_ncp_20250123T0750012833_d_img_d18_x11520_y62720.png,0.2878,138.76,480.19,145.1,486.78
ch2_ohr_ncp_20250123T0750012833_d_img_d18_x11520_y62720.png,0.2814,107.89,458.38,115.43,466.04
ch2_ohr_ncp_20250123T0750012833_d_img_d18_x11520_y62720.png,0.2793,278.02,568.03,300.0,591.33
ch2_ohr_ncp_20250123T0750012833_d_img_d18_x11520_y62720.png,0.2318,439.49,95.28,445.86,100.58
ch2_ohr_ncp_20250123T0750012833_d_img_d18_x11520_y62720.png,0.2285,0.24,558.43,8.34,564.52
ch2_ohr_ncp_20250123T0750012833_d_img_d18_x11520_y62720.png,0.2133,33.05,510.1,38.56,515.48
ch2_ohr_ncp_20250123T0750012833_d_img_d18_x11520_y62720.png,0.2043,258.86,389.12,264.86,394.31
ch2_ohr_ncp_20250123T0750012833_d_img_d18_x11520_y64000.png,0.3827,180.59,333.7,188.23,340.09
ch2_ohr_ncp_20250123T0750012833_d_img_d18_x11520_y64000.png,0.3807,460.08,48.06,466.27,54.93
ch2_ohr_ncp_20250123T0750012833_d_img_d18_x11520_y64000.png,0.3466,81.8,7.83,88.61,14.29
ch2_ohr_ncp_20250123T0750012833_d_img_d18_x11520_y64000.png,0.3395,254.48,30.64,260.74,35.92
ch2_ohr_ncp_20250123T0750012833_d_img_d18_x11520_y64000.png,0.3195,262.55,0.44,272.44,8.6
ch2_ohr_ncp_20250123T0750012833_d_img_d18_x11520_y64000.png,0.3056,146.22,10.66,152.27,16.99
ch2_ohr_ncp_20250123T0750012833_d_img_d18_x11520_y64000.png,0.2922,113.73,189.02,124.58,199.33
ch2_ohr_ncp_20250123T0750012833_d_img_d18_x11520_y64000.png,0.2664,323.53,35.85,329.11,41.02
ch2_ohr_ncp_20250123T0750012833_d_img_d18_x11520_y64000.png,0.2501,267.77,362.04,277.05,369.67
ch2_ohr_ncp_20250123T0750012833_d_img_d18_x11520_y64000.png,0.2369,114.67,204.64,121.98,210.99
ch2_ohr_ncp_20250123T0750012833_d_img_d18_x11520_y64000.png,0.2287,322.89,71.81,329.79,77.46
ch2_ohr_ncp_20250123T0750012833_d_img_d18_x11520_y64000.png,0.2262,254.34,394.98,258.85,399.94
ch2_ohr_ncp_20250123T0750012833_d_img_d18_x11520_y64000.png,0.2165,157.53,351.46,163.63,357.03
ch2_ohr_ncp_20250123T0750012833_d_img_d18_x11520_y64000.png,0.2106,130.29,14.74,136.84,21.41
ch2_ohr_ncp_20250123T0750012833_d_img_d18_x11520_y64000.png,0.2028,222.18,324.27,228.72,330.31
ch2_ohr_ncp_20250123T0750012833_d_img_d18_x11520_y64000.png,0.2026,239.74,409.2,251.3,420.07
ch2_ohr_ncp_20250123T0750012833_d_img_d18_x11520_y67840.png,0.4499,111.97,164.13,119.8,171.53
ch2_ohr_ncp_20250123T0750012833_d_img_d18_x11520_y67840.png,0.3988,125.62,143.39,132.51,149.71
ch2_ohr_ncp_20250123T0750012833_d_img_d18_x11520_y67840.png,0.3423,84.03,149.43,89.64,155.54
ch2_ohr_ncp_20250123T0750012833_d_img_d18_x11520_y67840.png,0.304,154.6,146.48,167.99,160.1
ch2_ohr_ncp_20250123T0750012833_d_img_d18_x11520_y67840.png,0.2766,84.97,162.45,91.61,167.92
ch2_ohr_ncp_20250123T0750012833_d_img_d18_x11520_y67840.png,0.2699,92.54,159.92,98.69,165.58
ch2_ohr_ncp_20250123T0750012833_d_img_d18_x11520_y67840.png,0.2475,39.61,123.48,48.56,131.07
ch2_ohr_ncp_20250123T0750012833_d_img_d18_x11520_y67840.png,0.2199,145.06,132.99,151.23,139.52
ch2_ohr_ncp_20250123T0750012833_d_img_d18_x11520_y69120.png,0.2451,355.91,618.1,362.51,624.29
ch2_ohr_ncp_20250123T0750012833_d_img_d18_x11520_y69120.png,0.2097,310.26,611.3,315.6,616.38
ch2_ohr_ncp_20250123T0750012833_d_img_d18_x11520_y70400.png,0.2776,7.1,142.81,14.56,149.31
ch2_ohr_ncp_20250123T0750012833_d_img_d18_x11520_y71680.png,0.4693,0.75,402.57,10.3,413.83
ch2_ohr_ncp_20250123T0750012833_d_img_d18_x11520_y71680.png,0.354,4.39,150.0,10.0,155.06
ch2_ohr_ncp_20250123T0750012833_d_img_d18_x11520_y71680.png,0.3531,351.6,139.37,360.78,146.69
ch2_ohr_ncp_20250123T0750012833_d_img_d18_x11520_y71680.png,0.3423,34.02,264.43,41.41,271.2
ch2_ohr_ncp_20250123T0750012833_d_img_d18_x11520_y71680.png,0.3403,464.87,621.35,480.63,638.02
ch2_ohr_ncp_20250123T0750012833_d_img_d18_x11520_y71680.png,0.3256,323.98,315.77,331.71,323.96
ch2_ohr_ncp_20250123T0750012833_d_img_d18_x11520_y71680.png,0.32,382.42,591.55,388.79,597.34
ch2_ohr_ncp_20250123T0750012833_d_img_d18_x11520_y71680.png,0.3017,297.82,524.95,307.02,534.38
ch2_ohr_ncp_20250123T0750012833_d_img_d18_x11520_y71680.png,0.3006,237.88,222.74,246.31,231.48
ch2_ohr_ncp_20250123T0750012833_d_img_d18_x11520_y71680.png,0.2679,323.78,384.92,331.89,392.26
ch2_ohr_ncp_20250123T0750012833_d_img_d18_x11520_y71680.png,0.2617,88.9,340.28,95.42,347.09
ch2_ohr_ncp_20250123T0750012833_d_img_d18_x11520_y71680.png,0.2574,16.3,126.81,21.33,131.97
ch2_ohr_ncp_20250123T0750012833_d_img_d18_x11520_y71680.png,0.2297,347.92,405.37,353.55,411.01
ch2_ohr_ncp_20250123T0750012833_d_img_d18_x11520_y71680.png,0.2276,9.47,195.4,15.12,200.98
ch2_ohr_ncp_20250123T0750012833_d_img_d18_x11520_y71680.png,0.2169,170.4,426.52,200.54,450.42
ch2_ohr_ncp_20250123T0750012833_d_img_d18_x11520_y71680.png,0.2095,467.68,293.82,473.15,298.98
ch2_ohr_ncp_20250123T0750012833_d_img_d18_x11520_y71680.png,0.2081,465.5,0.96,474.57,9.56
ch2_ohr_ncp_20250123T0750012833_d_img_d18_x11520_y71680.png,0.2049,340.42,535.23,348.0,541.83
ch2_ohr_ncp_20250123T0750012833_d_img_d18_x11520_y72320.png,0.3914,333.91,14.39,345.78,25.74
ch2_ohr_ncp_20250123T0750012833_d_img_d18_x11520_y72320.png,0.3762,126.82,278.49,134.99,286.26
ch2_ohr_ncp_20250123T0750012833_d_img_d18_x11520_y72320.png,0.3363,291.23,302.14,298.05,308.26
ch2_ohr_ncp_20250123T0750012833_d_img_d18_x11520_y72320.png,0.3185,462.23,273.15,474.95,286.13
ch2_ohr_ncp_20250123T0750012833_d_img_d18_x11520_y72320.png,0.3126,223.39,187.57,233.22,195.9
ch2_ohr_ncp_20250123T0750012833_d_img_d18_x11520_y72320.png,0.2844,0.0,536.93,6.95,547.48
ch2_ohr_ncp_20250123T0750012833_d_img_d18_x11520_y72320.png,0.2837,403.63,108.42,410.24,115.78
ch2_ohr_ncp_20250123T0750012833_d_img_d18_x11520_y72320.png,0.2601,123.98,552.65,132.67,560.36
ch2_ohr_ncp_20250123T0750012833_d_img_d18_x11520_y72320.png,0.2558,346.01,416.08,352.89,423.02
ch2_ohr_ncp_20250123T0750012833_d_img_d18_x11520_y72320.png,0.2541,210.21,206.49,286.97,267.59
ch2_ohr_ncp_20250123T0750012833_d_img_d18_x11520_y72320.png,0.2427,377.01,401.81,383.27,407.31
ch2_ohr_ncp_20250123T0750012833_d_img_d18_x11520_y72320.png,0.241,112.4,575.62,120.32,583.75
ch2_ohr_ncp_20250123T0750012833_d_img_d18_x11520_y72320.png,0.231,16.64,429.66,22.9,435.78
ch2_ohr_ncp_20250123T0750012833_d_img_d18_x11520_y72320.png,0.2302,465.92,627.15,474.09,634.85
ch2_ohr_ncp_20250123T0750012833_d_img_d18_x11520_y72320.png,0.2298,344.54,380.76,351.79,387.81
ch2_ohr_ncp_20250123T0750012833_d_img_d18_x11520_y72320.png,0.2208,438.83,227.42,444.92,233.54
ch2_ohr_ncp_20250123T0750012833_d_img_d18_x11520_y72320.png,0.2173,169.16,250.75,182.52,262.69
ch2_ohr_ncp_20250123T0750012833_d_img_d18_x11520_y72320.png,0.2166,202.93,280.59,211.28,287.6
ch2_ohr_ncp_20250123T0750012833_d_img_d18_x11520_y72320.png,0.2047,294.37,480.17,301.2,487.67
ch2_ohr_ncp_20250123T0750012833_d_img_d18_x11520_y72320.png,0.2033,284.73,371.95,291.35,378.6
ch2_ohr_ncp_20250123T0750012833_d_img_d18_x11520_y72320.png,0.2018,405.43,2.77,414.4,11.39
ch2_ohr_ncp_20250123T0750012833_d_img_d18_x11520_y72320.png,0.201,226.34,109.13,231.59,115.04
ch2_ohr_ncp_20250123T0750012833_d_img_d18_x11520_y72320.png,0.2003,402.48,468.07,408.36,473.75
ch2_ohr_ncp_20250123T0750012833_d_img_d18_x11520_y72320.png,0.2003,359.05,238.3,365.89,243.88
ch2_ohr_ncp_20250123T0750012833_d_img_d18_x11520_y72960.png,0.2063,207.74,48.55,216.08,56.32
ch2_ohr_ncp_20250123T0750012833_d_img_d18_x11520_y73600.png,0.2034,219.74,134.51,227.27,140.75
ch2_ohr_ncp_20250123T0750012833_d_img_d18_x11520_y74240.png,0.3081,54.98,48.8,63.14,55.71
ch2_ohr_ncp_20250123T0750012833_d_img_d18_x11520_y74240.png,0.272,158.55,268.49,167.4,276.42
ch2_ohr_ncp_20250123T0750012833_d_img_d18_x11520_y74240.png,0.2551,87.6,57.5,93.21,62.09
ch2_ohr_ncp_20250123T0750012833_d_img_d18_x11520_y74240.png,0.2466,200.71,0.18,212.63,11.43
ch2_ohr_ncp_20250123T0750012833_d_img_d18_x11520_y74240.png,0.2451,334.73,263.94,343.15,272.27
ch2_ohr_ncp_20250123T0750012833_d_img_d18_x11520_y74240.png,0.2213,78.91,32.12,87.39,38.69
ch2_ohr_ncp_20250123T0750012833_d_img_d18_x11520_y74240.png,0.2184,416.24,25.26,423.22,31.5
ch2_ohr_ncp_20250123T0750012833_d_img_d18_x11520_y74240.png,0.2104,403.3,83.78,409.59,90.74
ch2_ohr_ncp_20250123T0750012833_d_img_d18_x11520_y74240.png,0.2042,232.22,119.47,240.9,127.6
ch2_ohr_ncp_20250123T0750012833_d_img_d18_x11520_y74240.png,0.2027,236.18,175.25,241.7,180.8
ch2_ohr_ncp_20250123T0750012833_d_img_d18_x11520_y74240.png,0.2021,79.65,32.34,89.22,39.31
ch2_ohr_ncp_20250123T0750012833_d_img_d18_x11520_y74880.png,0.3505,213.17,258.02,220.07,263.72
ch2_ohr_ncp_20250123T0750012833_d_img_d18_x11520_y74880.png,0.3463,227.21,15.38,235.1,22.31
ch2_ohr_ncp_20250123T0750012833_d_img_d18_x11520_y74880.png,0.3264,260.0,21.07,268.24,28.88
ch2_ohr_ncp_20250123T0750012833_d_img_d18_x11520_y74880.png,0.3064,328.81,10.2,341.91,22.26
ch2_ohr_ncp_20250123T0750012833_d_img_d18_x11520_y74880.png,0.2834,196.88,574.54,204.27,581.43
ch2_ohr_ncp_20250123T0750012833_d_img_d18_x11520_y74880.png,0.2818,316.32,616.67,325.28,624.45
ch2_ohr_ncp_20250123T0750012833_d_img_d18_x11520_y74880.png,0.2727,97.71,271.96,107.12,280.27
ch2_ohr_ncp_20250123T0750012833_d_img_d18_x11520_y74880.png,0.2606,361.39,32.58,368.82,39.94
ch2_ohr_ncp_20250123T0750012833_d_img_d18_x11520_y74880.png,0.2474,425.36,556.52,433.98,563.41
ch2_ohr_ncp_20250123T0750012833_d_img_d18_x11520_y74880.png,0.2437,269.36,219.31,277.08,225.49
ch2_ohr_ncp_20250123T0750012833_d_img_d18_x11520_y74880.png,0.2399,213.18,258.64,219.32,264.63
ch2_ohr_ncp_20250123T0750012833_d_img_d18_x11520_y74880.png,0.2371,58.7,135.01,67.36,143.26
ch2_ohr_ncp_20250123T0750012833_d_img_d18_x11520_y74880.png,0.2242,64.46,114.39,73.11,122.05
ch2_ohr_ncp_20250123T0750012833_d_img_d18_x11520_y74880.png,0.2214,162.96,290.47,170.95,297.82
ch2_ohr_ncp_20250123T0750012833_d_img_d18_x11520_y74880.png,0.2195,301.42,594.95,307.48,600.16
ch2_ohr_ncp_20250123T0750012833_d_img_d18_x11520_y74880.png,0.2165,161.82,24.86,168.06,30.82
ch2_ohr_ncp_20250123T0750012833_d_img_d18_x11520_y74880.png,0.2096,142.62,362.71,150.07,369.42
ch2_ohr_ncp_20250123T0750012833_d_img_d18_x11520_y74880.png,0.2055,429.0,4.22,436.08,11.11
ch2_ohr_ncp_20250123T0750012833_d_img_d18_x11520_y74880.png,0.2055,239.16,263.37,245.39,268.48
ch2_ohr_ncp_20250123T0750012833_d_img_d18_x11520_y74880.png,0.2041,406.14,408.99,412.37,415.61
ch2_ohr_ncp_20250123T0750012833_d_img_d18_x11520_y74880.png,0.2039,14.69,240.36,21.3,246.61
ch2_ohr_ncp_20250123T0750012833_d_img_d18_x11520_y75520.png,0.3811,322.97,377.45,329.99,383.84
ch2_ohr_ncp_20250123T0750012833_d_img_d18_x11520_y75520.png,0.3754,59.68,0.17,68.44,7.58
ch2_ohr_ncp_20250123T0750012833_d_img_d18_x11520_y75520.png,0.3209,124.46,19.88,129.49,24.76
ch2_ohr_ncp_20250123T0750012833_d_img_d18_x11520_y75520.png,0.3179,86.81,33.38,97.22,42.59
ch2_ohr_ncp_20250123T0750012833_d_img_d18_x11520_y75520.png,0.3052,232.08,273.18,242.88,283.1
ch2_ohr_ncp_20250123T0750012833_d_img_d18_x11520_y75520.png,0.2846,400.9,609.31,406.81,615.06
ch2_ohr_ncp_20250123T0750012833_d_img_d18_x11520_y75520.png,0.2838,130.43,31.25,137.17,37.09
ch2_ohr_ncp_20250123T0750012833_d_img_d18_x11520_y75520.png,0.2784,146.26,46.01,157.8,56.97
ch2_ohr_ncp_20250123T0750012833_d_img_d18_x11520_y75520.png,0.2769,346.25,14.43,354.14,23.25
ch2_ohr_ncp_20250123T0750012833_d_img_d18_x11520_y75520.png,0.2725,333.13,623.56,365.52,639.62
ch2_ohr_ncp_20250123T0750012833_d_img_d18_x11520_y75520.png,0.264,123.94,19.49,128.84,24.34
ch2_ohr_ncp_20250123T0750012833_d_img_d18_x11520_y75520.png,0.263,258.41,19.08,264.59,25.27
ch2_ohr_ncp_20250123T0750012833_d_img_d18_x11520_y75520.png,0.2618,38.7,5.85,44.57,11.39
ch2_ohr_ncp_20250123T0750012833_d_img_d18_x11520_y75520.png,0.2587,12.73,14.26,18.39,19.7
ch2_ohr_ncp_20250123T0750012833_d_img_d18_x11520_y75520.png,0.2555,335.12,397.13,348.48,408.52
ch2_ohr_ncp_20250123T0750012833_d_img_d18_x11520_y75520.png,0.2493,262.35,240.97,272.82,250.71
ch2_ohr_ncp_20250123T0750012833_d_img_d18_x11520_y75520.png,0.2452,236.41,29.17,242.14,34.75
ch2_ohr_ncp_20250123T0750012833_d_img_d18_x11520_y75520.png,0.242,407.46,303.8,414.0,310.03
ch2_ohr_ncp_20250123T0750012833_d_img_d18_x11520_y75520.png,0.2412,175.94,61.49,183.73,68.0
ch2_ohr_ncp_20250123T0750012833_d_img_d18_x11520_y75520.png,0.2406,188.02,83.34,195.99,91.18
ch2_ohr_ncp_20250123T0750012833_d_img_d18_x11520_y75520.png,0.2365,241.39,227.85,251.04,236.15
ch2_ohr_ncp_20250123T0750012833_d_img_d18_x11520_y75520.png,0.2317,132.7,525.24,140.86,532.35
ch2_ohr_ncp_20250123T0750012833_d_img_d18_x11520_y75520.png,0.2289,316.11,134.35,321.87,139.74
ch2_ohr_ncp_20250123T0750012833_d_img_d18_x11520_y75520.png,0.2258,390.84,178.3,396.78,183.32
ch2_ohr_ncp_20250123T0750012833_d_img_d18_x11520_y75520.png,0.2252,300.79,305.49,330.11,331.59
ch2_ohr_ncp_20250123T0750012833_d_img_d18_x11520_y75520.png,0.2206,124.94,470.07,132.19,475.65
ch2_ohr_ncp_20250123T0750012833_d_img_d18_x11520_y75520.png,0.2176,41.95,24.22,46.79,28.41
ch2_ohr_ncp_20250123T0750012833_d_img_d18_x11520_y75520.png,0.2172,342.49,6.69,347.41,11.75
ch2_ohr_ncp_20250123T0750012833_d_img_d18_x11520_y75520.png,0.2137,324.82,350.43,329.46,355.21
ch2_ohr_ncp_20250123T0750012833_d_img_d18_x11520_y75520.png,0.2125,439.6,49.18,445.69,55.14
ch2_ohr_ncp_20250123T0750012833_d_img_d18_x11520_y75520.png,0.2115,5.15,18.07,11.24,23.73
ch2_ohr_ncp_20250123T0750012833_d_img_d18_x11520_y75520.png,0.2093,263.51,260.77,269.68,266.65
ch2_ohr_ncp_20250123T0750012833_d_img_d18_x11520_y75520.png,0.2091,363.52,289.89,369.58,295.37
ch2_ohr_ncp_20250123T0750012833_d_img_d18_x11520_y75520.png,0.2088,317.35,205.25,323.82,210.98
ch2_ohr_ncp_20250123T0750012833_d_img_d18_x11520_y75520.png,0.206,351.22,186.83,359.29,193.89
ch2_ohr_ncp_20250123T0750012833_d_img_d18_x11520_y75520.png,0.2047,60.86,0.54,69.88,7.39
ch2_ohr_ncp_20250123T0750012833_d_img_d18_x11520_y75520.png,0.2045,355.69,262.39,366.35,272.0
ch2_ohr_ncp_20250123T0750012833_d_img_d18_x11520_y75520.png,0.2042,4.39,18.01,10.04,23.86
ch2_ohr_ncp_20250123T0750012833_d_img_d18_x11520_y75520.png,0.2036,343.24,6.75,347.39,10.16
ch2_ohr_ncp_20250123T0750012833_d_img_d18_x11520_y75520.png,0.2036,29.18,194.15,38.91,203.39
ch2_ohr_ncp_20250123T0750012833_d_img_d18_x11520_y75520.png,0.2027,182.83,13.04,186.93,17.53
ch2_ohr_ncp_20250123T0750012833_d_img_d18_x11520_y75520.png,0.2018,351.67,373.8,364.2,385.53
ch2_ohr_ncp_20250123T0750012833_d_img_d18_x11520_y75520.png,0.2017,428.26,46.19,433.62,51.44
ch2_ohr_ncp_20250123T0750012833_d_img_d18_x11520_y75520.png,0.2013,49.87,375.07,60.87,385.02
ch2_ohr_ncp_20250227T1046517020_d_img_d18_x00000_y01280.png,0.2032,631.58,281.22,636.67,286.34
ch2_ohr_ncp_20250227T1046517020_d_img_d18_x00000_y03200.png,0.235,95.08,5.08,175.3,130.4
ch2_ohr_ncp_20250227T1046517020_d_img_d18_x00000_y34560.png,0.2414,125.07,574.64,200.29,640.0
ch2_ohr_ncp_20250227T1046517020_d_img_d18_x00000_y34560.png,0.2073,180.82,79.27,208.49,124.94
ch2_ohr_ncp_20250227T1046517020_d_img_d18_x00000_y34560.png,0.2052,338.67,343.98,344.87,351.86
ch2_ohr_ncp_20250227T1046517020_d_img_d18_x00000_y67840.png,0.2206,178.2,380.26,195.3,416.14
ch2_ohr_ncp_20250227T1046517020_d_img_d18_x00640_y02560.png,0.2556,136.51,538.45,143.35,544.65
ch2_ohr_ncp_20250227T1046517020_d_img_d18_x00640_y02560.png,0.2278,137.58,539.14,143.76,544.28
ch2_ohr_ncp_20250227T1046517020_d_img_d18_x00640_y35200.png,0.2113,0.55,472.1,21.62,512.11
ch2_ohr_ncp_20250227T1046517020_d_img_d18_x00640_y49920.png,0.2346,1.48,163.35,23.24,200.57
ch2_ohr_ncp_20250227T1046517020_d_img_d18_x00640_y53120.png,0.5137,118.37,56.03,125.75,62.91
ch2_ohr_ncp_20250227T1046517020_d_img_d18_x00640_y53120.png,0.462,397.2,38.66,404.06,47.13
ch2_ohr_ncp_20250227T1046517020_d_img_d18_x00640_y53120.png,0.4346,519.79,121.07,525.94,128.1
ch2_ohr_ncp_20250227T1046517020_d_img_d18_x00640_y53120.png,0.4324,459.39,267.49,466.87,274.73
ch2_ohr_ncp_20250227T1046517020_d_img_d18_x00640_y53120.png,0.4136,516.3,137.89,524.14,145.08
ch2_ohr_ncp_20250227T1046517020_d_img_d18_x00640_y53120.png,0.4074,319.82,34.54,325.25,40.54
ch2_ohr_ncp_20250227T1046517020_d_img_d18_x00640_y53120.png,0.4025,363.73,75.11,368.84,80.1
ch2_ohr_ncp_20250227T1046517020_d_img_d18_x00640_y53120.png,0.3871,149.05,30.01,157.94,36.36
ch2_ohr_ncp_20250227T1046517020_d_img_d18_x00640_y53120.png,0.3849,279.91,0.0,288.45,7.97
ch2_ohr_ncp_20250227T1046517020_d_img_d18_x00640_y53120.png,0.384,328.14,192.14,338.56,203.93
ch2_ohr_ncp_20250227T1046517020_d_img_d18_x00640_y53120.png,0.3782,402.72,293.47,409.94,300.61
ch2_ohr_ncp_20250227T1046517020_d_img_d18_x00640_y53120.png,0.3746,386.12,113.92,391.12,120.44
ch2_ohr_ncp_20250227T1046517020_d_img_d18_x00640_y53120.png,0.3741,524.24,114.06,528.01,118.24
ch2_ohr_ncp_20250227T1046517020_d_img_d18_x00640_y53120.png,0.3726,471.2,96.84,476.45,102.58
ch2_ohr_ncp_20250227T1046517020_d_img_d18_x00640_y53120.png,0.3707,387.91,283.35,394.11,291.02
ch2_ohr_ncp_20250227T1046517020_d_img_d18_x00640_y53120.png,0.3685,516.39,47.7,521.52,53.23
ch2_ohr_ncp_20250227T1046517020_d_img_d18_x00640_y53120.png,0.3659,127.53,46.53,133.93,51.71
ch2_ohr_ncp_20250227T1046517020_d_img_d18_x00640_y53120.png,0.3615,335.64,131.17,341.05,136.7
ch2_ohr_ncp_20250227T1046517020_d_img_d18_x00640_y53120.png,0.3588,160.05,23.12,166.32,27.57
ch2_ohr_ncp_20250227T1046517020_d_img_d18_x00640_y53120.png,0.354,115.74,104.88,121.03,110.42
ch2_ohr_ncp_20250227T1046517020_d_img_d18_x00640_y53120.png,0.3443,623.79,12.71,630.8,19.88
ch2_ohr_ncp_20250227T1046517020_d_img_d18_x00640_y53120.png,0.3384,0.63,13.54,12.91,30.05
ch2_ohr_ncp_20250227T1046517020_d_img_d18_x00640_y53120.png,0.3359,233.49,252.11,241.2,259.22
ch2_ohr_ncp_20250227T1046517020_d_img_d18_x00640_y53120.png,0.3343,422.01,16.66,429.53,26.2
ch2_ohr_ncp_20250227T1046517020_d_img_d18_x00640_y53120.png,0.328,356.36,16.09,368.23,27.91
ch2_ohr_ncp_20250227T1046517020_d_img_d18_x00640_y53120.png,0.3251,323.65,57.11,329.14,60.93
ch2_ohr_ncp_20250227T1046517020_d_img_d18_x00640_y53120.png,0.3224,250.9,180.09,258.31,189.08
ch2_ohr_ncp_20250227T1046517020_d_img_d18_x00640_y53120.png,0.3195,443.21,257.39,448.7,262.89
ch2_ohr_ncp_20250227T1046517020_d_img_d18_x00640_y53120.png,0.3192,525.0,113.79,529.45,117.83
ch2_ohr_ncp_20250227T1046517020_d_img_d18_x00640_y53120.png,0.3124,53.53,43.42,59.87,49.04
ch2_ohr_ncp_20250227T1046517020_d_img_d18_x00640_y53120.png,0.3027,464.63,14.9,470.91,20.75
ch2_ohr_ncp_20250227T1046517020_d_img_d18_x00640_y53120.png,0.3001,436.09,83.46,442.77,89.69
ch2_ohr_ncp_20250227T1046517020_d_img_d18_x00640_y53120.png,0.2977,83.09,172.85,90.01,179.96
ch2_ohr_ncp_20250227T1046517020_d_img_d18_x00640_y53120.png,0.2959,135.69,7.46,141.9,16.21
ch2_ohr_ncp_20250227T1046517020_d_img_d18_x00640_y53120.png,0.2887,197.25,32.98,203.47,38.82
ch2_ohr_ncp_20250227T1046517020_d_img_d18_x00640_y53120.png,0.2849,361.5,302.49,368.9,311.66
ch2_ohr_ncp_20250227T1046517020_d_img_d18_x00640_y53120.png,0.2849,408.05,46.55,413.71,52.17
ch2_ohr_ncp_20250227T1046517020_d_img_d18_x00640_y53120.png,0.2815,398.82,66.36,405.71,74.15
ch2_ohr_ncp_20250227T1046517020_d_img_d18_x00640_y53120.png,0.28,369.78,50.32,374.81,55.6
ch2_ohr_ncp_20250227T1046517020_d_img_d18_x00640_y53120.png,0.2786,352.29,35.06,357.09,39.52
ch2_ohr_ncp_20250227T1046517020_d_img_d18_x00640_y53120.png,0.2765,188.85,191.26,212.76,216.4
ch2_ohr_ncp_20250227T1046517020_d_img_d18_x00640_y53120.png,0.2747,304.22,183.56,308.95,189.24
ch2_ohr_ncp_20250227T1046517020_d_img_d18_x00640_y53120.png,0.2733,95.84,79.24,106.55,90.37
ch2_ohr_ncp_20250227T1046517020_d_img_d18_x00640_y53120.png,0.273,528.4,77.21,533.63,81.14
ch2_ohr_ncp_20250227T1046517020_d_img_d18_x00640_y53120.png,0.2708,359.22,60.61,364.6,65.6
ch2_ohr_ncp_20250227T1046517020_d_img_d18_x00640_y53120.png,0.2628,350.2,8.86,355.3,12.87
ch2_ohr_ncp_20250227T1046517020_d_img_d18_x00640_y53120.png,0.262,114.6,200.43,119.23,205.28
ch2_ohr_ncp_20250227T1046517020_d_img_d18_x00640_y53120.png,0.261,442.53,231.84,455.48,248.72
ch2_ohr_ncp_20250227T1046517020_d_img_d18_x00640_y53120.png,0.2595,630.41,332.12,636.04,337.82
ch2_ohr_ncp_20250227T1046517020_d_img_d18_x00640_y53120.png,0.2593,158.27,41.79,164.1,46.77
ch2_ohr_ncp_20250227T1046517020_d_img_d18_x00640_y53120.png,0.2584,407.16,262.27,412.53,267.79
ch2_ohr_ncp_20250227T1046517020_d_img_d18_x00640_y53120.png,0.2557,407.47,155.56,413.76,164.21
ch2_ohr_ncp_20250227T1046517020_d_img_d18_x00640_y53120.png,0.2546,536.23,101.18,542.07,107.0
ch2_ohr_ncp_20250227T1046517020_d_img_d18_x00640_y53120.png,0.2541,571.31,266.12,577.27,271.95
ch2_ohr_ncp_20250227T1046517020_d_img_d18_x00640_y53120.png,0.254,202.69,246.84,207.71,252.91
ch2_ohr_ncp_20250227T1046517020_d_img_d18_x00640_y53120.png,0.2518,397.99,38.96,405.63,46.87
ch2_ohr_ncp_20250227T1046517020_d_img_d18_x00640_y53120.png,0.2509,545.57,296.05,551.47,301.95
ch2_ohr_ncp_20250227T1046517020_d_img_d18_x00640_y53120.png,0.2502,210.55,233.15,217.8,240.01
ch2_ohr_ncp_20250227T1046517020_d_img_d18_x00640_y53120.png,0.2492,510.08,176.45,517.94,185.71
ch2_ohr_ncp_20250227T1046517020_d_img_d18_x00640_y53120.png,0.2476,483.9,128.33,489.21,133.86
ch2_ohr_ncp_20250227T1046517020_d_img_d18_x00640_y53120.png,0.2444,445.04,233.48,456.44,249.43
ch2_ohr_ncp_20250227T1046517020_d_img_d18_x00640_y53120.png,0.2401,357.84,213.11,364.61,225.32
ch2_ohr_ncp_20250227T1046517020_d_img_d18_x00640_y53120.png,0.2398,56.46,149.72,60.84,156.24
ch2_ohr_ncp_20250227T1046517020_d_img_d18_x00640_y53120.png,0.2391,289.42,182.1,294.16,187.22
ch2_ohr_ncp_20250227T1046517020_d_img_d18_x00640_y53120.png,0.2391,355.53,270.43,361.25,278.37
ch2_ohr_ncp_20250227T1046517020_d_img_d18_x00640_y53120.png,0.2385,39.95,47.31,46.17,52.77
ch2_ohr_ncp_20250227T1046517020_d_img_d18_x00640_y53120.png,0.2374,374.75,0.11,381.77,7.86
ch2_ohr_ncp_20250227T1046517020_d_img_d18_x00640_y53120.png,0.2348,518.89,121.7,525.05,127.43
ch2_ohr_ncp_20250227T1046517020_d_img_d18_x00640_y53120.png,0.2345,390.15,266.37,395.53,271.64
ch2_ohr_ncp_20250227T1046517020_d_img_d18_x00640_y53120.png,0.2344,39.97,47.46,46.55,55.7
ch2_ohr_ncp_20250227T1046517020_d_img_d18_x00640_y53120.png,0.2341,537.75,302.8,546.59,312.6
ch2_ohr_ncp_20250227T1046517020_d_img_d18_x00640_y53120.png,0.2335,466.05,47.99,470.42,53.59
ch2_ohr_ncp_20250227T1046517020_d_img_d18_x00640_y53120.png,0.2313,264.66,189.4,268.84,195.81
ch2_ohr_ncp_20250227T1046517020_d_img_d18_x00640_y53120.png,0.2311,276.17,178.53,282.34,183.75
ch2_ohr_ncp_20250227T1046517020_d_img_d18_x00640_y53120.png,0.231,136.04,7.11,142.19,12.32
ch2_ohr_ncp_20250227T1046517020_d_img_d18_x00640_y53120.png,0.2307,418.48,0.41,428.02,8.9
ch2_ohr_ncp_20250227T1046517020_d_img_d18_x00640_y53120.png,0.2291,126.68,187.93,132.83,194.82
ch2_ohr_ncp_20250227T1046517020_d_img_d18_x00640_y53120.png,0.2258,153.7,79.56,158.07,84.22
ch2_ohr_ncp_20250227T1046517020_d_img_d18_x00640_y53120.png,0.2254,327.92,45.25,332.07,49.22
ch2_ohr_ncp_20250227T1046517020_d_img_d18_x00640_y53120.png,0.2249,369.67,13.25,375.06,17.33
ch2_ohr_ncp_20250227T1046517020_d_img_d18_x00640_y53120.png,0.223,384.7,26.87,391.41,32.91
ch2_ohr_ncp_20250227T1046517020_d_img_d18_x00640_y53120.png,0.2229,514.69,170.8,519.85,175.39
ch2_ohr_ncp_20250227T1046517020_d_img_d18_x00640_y53120.png,0.2223,129.85,140.75,134.64,146.5
ch2_ohr_ncp_20250227T1046517020_d_img_d18_x00640_y53120.png,0.2199,394.19,56.05,399.36,61.7
ch2_ohr_ncp_20250227T1046517020_d_img_d18_x00640_y53120.png,0.2193,499.89,124.21,507.53,131.42
ch2_ohr_ncp_20250227T1046517020_d_img_d18_x00640_y53120.png,0.2165,328.13,157.39,334.07,164.1
ch2_ohr_ncp_20250227T1046517020_d_img_d18_x00640_y53120.png,0.2156,384.54,27.77,390.14,33.22
ch2_ohr_ncp_20250227T1046517020_d_img_d18_x00640_y53120.png,0.2145,124.08,89.13,129.35,93.96
ch2_ohr_ncp_20250227T1046517020_d_img_d18_x00640_y53120.png,0.2141,290.36,16.88,295.44,21.19
ch2_ohr_ncp_20250227T1046517020_d_img_d18_x00640_y53120.png,0.2129,532.03,61.53,536.44,66.11
ch2_ohr_ncp_20250227T1046517020_d_img_d18_x00640_y53120.png,0.2128,241.96,237.66,247.81,245.68
ch2_ohr_ncp_20250227T1046517020_d_img_d18_x00640_y53120.png,0.211,473.25,199.74,477.88,205.16
ch2_ohr_ncp_20250227T1046517020_d_img_d18_x00640_y53120.png,0.2103,116.64,0.19,129.44,11.02
ch2_ohr_ncp_20250227T1046517020_d_img_d18_x00640_y53120.png,0.2097,266.51,8.86,270.93,13.84
ch2_ohr_ncp_20250227T1046517020_d_img_d18_x00640_y53120.png,0.2091,332.77,73.67,336.98,78.74
ch2_ohr_ncp_20250227T1046517020_d_img_d18_x00640_y53120.png,0.2069,401.95,143.09,406.49,148.17
ch2_ohr_ncp_20250227T1046517020_d_img_d18_x00640_y53120.png,0.2047,386.56,114.44,391.69,121.11
ch2_ohr_ncp_20250227T1046517020_d_img_d18_x00640_y53120.png,0.2047,335.84,57.55,340.42,61.77
ch2_ohr_ncp_20250227T1046517020_d_img_d18_x00640_y53120.png,0.2035,126.13,47.73,133.46,52.15
ch2_ohr_ncp_20250227T1046517020_d_img_d18_x00640_y53120.png,0.2032,115.46,200.62,120.37,205.0
ch2_ohr_ncp_20250227T1046517020_d_img_d18_x00640_y53120.png,0.2029,454.28,226.74,459.1,231.92
ch2_ohr_ncp_20250227T1046517020_d_img_d18_x00640_y53120.png,0.2014,454.79,227.52,459.91,232.12
ch2_ohr_ncp_20250227T1046517020_d_img_d18_x00640_y75520.png,0.2377,611.68,36.77,638.82,82.26
ch2_ohr_ncp_20250227T1046517020_d_img_d18_x00640_y75520.png,0.2121,603.97,35.46,635.84,80.97
ch2_ohr_ncp_20250227T1046517020_d_img_d18_x00640_y76160.png,0.265,101.43,251.37,166.98,332.69
ch2_ohr_ncp_20250227T1046517020_d_img_d18_x00640_y76160.png,0.2613,98.99,504.67,105.02,512.73
ch2_ohr_ncp_20250227T1046517020_d_img_d18_x00640_y76160.png,0.2597,331.25,622.9,344.95,639.51
ch2_ohr_ncp_20250227T1046517020_d_img_d18_x00640_y76160.png,0.213,90.68,372.87,103.26,387.06
ch2_ohr_ncp_20250227T1046517020_d_img_d18_x00640_y76160.png,0.2077,202.69,216.18,217.23,225.31
ch2_ohr_ncp_20250227T1046517020_d_img_d18_x01280_y36480.png,0.2905,449.84,226.89,457.02,233.75
ch2_ohr_ncp_20250227T1046517020_d_img_d18_x01280_y36480.png,0.2381,265.69,540.89,271.59,548.42
ch2_ohr_ncp_20250227T1046517020_d_img_d18_x01280_y36480.png,0.2251,260.59,562.02,268.71,570.7
ch2_ohr_ncp_20250227T1046517020_d_img_d18_x01280_y42880.png,0.2507,621.91,2.87,635.97,19.28
ch2_ohr_ncp_20250227T1046517020_d_img_d18_x01280_y68480.png,0.2314,378.03,457.86,416.4,526.59
ch2_ohr_ncp_20250227T1046517020_d_img_d18_x01280_y73600.png,0.216,396.21,566.02,403.76,573.68
ch2_ohr_ncp_20250227T1046517020_d_img_d18_x01280_y78720.png,0.2341,15.61,0.0,92.38,100.63
ch2_ohr_ncp_20250227T1046517020_d_img_d18_x01920_y72960.png,0.2416,445.67,0.27,461.0,19.28
ch2_ohr_ncp_20250227T1046517020_d_img_d18_x01920_y75520.png,0.3884,387.6,95.47,394.15,102.27
ch2_ohr_ncp_20250227T1046517020_d_img_d18_x01920_y75520.png,0.3289,166.37,166.68,173.67,175.19
ch2_ohr_ncp_20250227T1046517020_d_img_d18_x01920_y75520.png,0.2785,177.56,174.89,182.31,181.07
ch2_ohr_ncp_20250227T1046517020_d_img_d18_x01920_y75520.png,0.2574,282.8,204.72,288.52,211.16
ch2_ohr_ncp_20250227T1046517020_d_img_d18_x01920_y75520.png,0.2482,436.35,100.12,443.82,108.1
ch2_ohr_ncp_20250227T1046517020_d_img_d18_x01920_y75520.png,0.232,406.92,1.63,470.04,66.69
ch2_ohr_ncp_20250227T1046517020_d_img_d18_x01920_y75520.png,0.2275,393.38,120.6,398.75,126.87
ch2_ohr_ncp_20250227T1046517020_d_img_d18_x01920_y75520.png,0.2261,265.8,161.49,270.69,166.36
ch2_ohr_ncp_20250227T1046517020_d_img_d18_x01920_y75520.png,0.2254,165.02,193.07,172.59,201.33
ch2_ohr_ncp_20250227T1046517020_d_img_d18_x01920_y75520.png,0.2185,49.95,209.98,56.7,217.92
ch2_ohr_ncp_20250227T1046517020_d_img_d18_x01920_y75520.png,0.2039,319.22,276.3,324.29,284.57
ch2_ohr_ncp_20250227T1046517020_d_img_d18_x01920_y75520.png,0.2037,146.52,34.9,154.51,43.21
ch2_ohr_ncp_20250227T1046517020_d_img_d18_x01920_y75520.png,0.2028,182.11,315.26,189.06,324.56
ch2_ohr_ncp_20250227T1046517020_d_img_d18_x02560_y37760.png,0.2322,211.07,390.6,217.64,397.37
ch2_ohr_ncp_20250227T1046517020_d_img_d18_x02560_y37760.png,0.2189,286.37,545.65,292.73,552.21
ch2_ohr_ncp_20250227T1046517020_d_img_d18_x02560_y37760.png,0.2171,282.92,520.22,290.1,529.41
ch2_ohr_ncp_20250227T1046517020_d_img_d18_x02560_y37760.png,0.2079,220.01,379.22,226.22,385.5
ch2_ohr_ncp_20250227T1046517020_d_img_d18_x02560_y37760.png,0.2063,437.53,567.33,444.32,572.57
ch2_ohr_ncp_20250227T1046517020_d_img_d18_x02560_y37760.png,0.2047,149.81,416.08,156.41,423.28
ch2_ohr_ncp_20250227T1046517020_d_img_d18_x02560_y53760.png,0.3109,342.51,14.38,349.43,20.15
ch2_ohr_ncp_20250227T1046517020_d_img_d18_x02560_y53760.png,0.2852,174.59,2.9,180.37,9.17
ch2_ohr_ncp_20250227T1046517020_d_img_d18_x02560_y53760.png,0.2826,190.03,152.77,196.56,160.23
ch2_ohr_ncp_20250227T1046517020_d_img_d18_x02560_y53760.png,0.2806,162.91,20.22,169.79,28.22
ch2_ohr_ncp_20250227T1046517020_d_img_d18_x02560_y53760.png,0.259,353.96,7.91,360.13,16.16
ch2_ohr_ncp_20250227T1046517020_d_img_d18_x02560_y53760.png,0.2526,238.4,0.0,295.54,54.49
ch2_ohr_ncp_20250227T1046517020_d_img_d18_x02560_y53760.png,0.2415,465.2,153.87,472.27,161.92
ch2_ohr_ncp_20250227T1046517020_d_img_d18_x02560_y53760.png,0.2382,589.8,166.41,596.53,174.45
ch2_ohr_ncp_20250227T1046517020_d_img_d18_x02560_y53760.png,0.2378,390.77,93.71,397.59,103.11
ch2_ohr_ncp_20250227T1046517020_d_img_d18_x02560_y53760.png,0.2199,404.34,16.86,411.48,24.68
ch2_ohr_ncp_20250227T1046517020_d_img_d18_x02560_y53760.png,0.2186,495.79,16.44,501.06,22.45
ch2_ohr_ncp_20250227T1046517020_d_img_d18_x02560_y53760.png,0.2142,411.1,89.47,416.24,95.6
ch2_ohr_ncp_20250227T1046517020_d_img_d18_x02560_y53760.png,0.2089,505.24,57.24,513.29,64.89
ch2_ohr_ncp_20250227T1046517020_d_img_d18_x02560_y53760.png,0.2032,378.3,173.41,383.66,179.98
ch2_ohr_ncp_20250227T1046517020_d_img_d18_x02560_y53760.png,0.2027,174.72,2.16,181.79,8.91
ch2_ohr_ncp_20250227T1046517020_d_img_d18_x02560_y53760.png,0.2004,470.19,111.32,477.94,118.72
ch2_ohr_ncp_20250227T1046517020_d_img_d18_x02560_y53760.png,0.2003,447.09,0.0,453.44,3.82
ch2_ohr_ncp_20250227T1046517020_d_img_d18_x02560_y70400.png,0.2909,601.64,1.16,629.83,55.73
ch2_ohr_ncp_20250227T1046517020_d_img_d18_x02560_y77440.png,0.2611,527.16,567.24,610.08,640.0
ch2_ohr_ncp_20250227T1046517020_d_img_d18_x03200_y39680.png,0.2929,171.07,282.03,178.48,290.59
ch2_ohr_ncp_20250227T1046517020_d_img_d18_x03200_y39680.png,0.2514,135.32,151.69,142.94,159.33
ch2_ohr_ncp_20250227T1046517020_d_img_d18_x03200_y39680.png,0.2305,467.72,57.61,473.14,64.72
ch2_ohr_ncp_20250227T1046517020_d_img_d18_x03200_y39680.png,0.227,196.57,184.91,202.23,191.78
ch2_ohr_ncp_20250227T1046517020_d_img_d18_x03200_y39680.png,0.2152,79.08,120.07,87.23,129.01
ch2_ohr_ncp_20250227T1046517020_d_img_d18_x03200_y39680.png,0.2072,74.91,19.76,83.32,29.87
ch2_ohr_ncp_20250227T1046517020_d_img_d18_x03200_y39680.png,0.2058,192.29,115.08,198.25,121.83
ch2_ohr_ncp_20250227T1046517020_d_img_d18_x03200_y46080.png,0.3573,394.03,453.86,429.11,497.97
ch2_ohr_ncp_20250227T1046517020_d_img_d18_x03200_y46080.png,0.2471,395.51,553.33,402.67,560.85
ch2_ohr_ncp_20250227T1046517020_d_img_d18_x03200_y46080.png,0.2032,500.12,632.23,506.27,639.5
ch2_ohr_ncp_20250227T1046517020_d_img_d18_x03200_y49280.png,0.3205,517.43,561.15,608.84,602.88
ch2_ohr_ncp_20250227T1046517020_d_img_d18_x03200_y49280.png,0.2785,628.34,77.53,634.14,86.61
ch2_ohr_ncp_20250227T1046517020_d_img_d18_x03200_y49280.png,0.2426,626.31,51.1,634.13,59.08
ch2_ohr_ncp_20250227T1046517020_d_img_d18_x03200_y49280.png,0.2369,572.04,525.46,601.11,552.51
ch2_ohr_ncp_20250227T1046517020_d_img_d18_x03200_y49280.png,0.2148,582.92,630.79,588.52,636.16
ch2_ohr_ncp_20250227T1046517020_d_img_d18_x03200_y49280.png,0.2141,0.06,553.86,5.27,560.62
ch2_ohr_ncp_20250227T1046517020_d_img_d18_x03200_y49280.png,0.2132,261.89,536.07,269.69,546.19
ch2_ohr_ncp_20250227T1046517020_d_img_d18_x03200_y53760.png,0.3525,222.43,194.19,228.83,200.6
ch2_ohr_ncp_20250227T1046517020_d_img_d18_x03200_y53760.png,0.3217,154.65,29.93,160.69,35.6
ch2_ohr_ncp_20250227T1046517020_d_img_d18_x03200_y53760.png,0.3207,511.61,31.16,517.65,36.85
ch2_ohr_ncp_20250227T1046517020_d_img_d18_x03200_y53760.png,0.2789,417.9,68.64,424.45,75.42
ch2_ohr_ncp_20250227T1046517020_d_img_d18_x03200_y53760.png,0.264,12.01,203.77,29.2,220.81
ch2_ohr_ncp_20250227T1046517020_d_img_d18_x03200_y53760.png,0.2628,512.55,99.72,517.66,105.95
ch2_ohr_ncp_20250227T1046517020_d_img_d18_x03200_y53760.png,0.24,137.86,186.48,144.79,192.95
ch2_ohr_ncp_20250227T1046517020_d_img_d18_x03200_y53760.png,0.2379,35.34,82.79,41.71,90.77
ch2_ohr_ncp_20250227T1046517020_d_img_d18_x03200_y53760.png,0.2351,594.91,23.7,602.89,32.99
ch2_ohr_ncp_20250227T1046517020_d_img_d18_x03200_y53760.png,0.2227,418.94,68.41,425.64,74.22
ch2_ohr_ncp_20250227T1046517020_d_img_d18_x03200_y53760.png,0.2214,422.74,99.11,427.61,104.62
ch2_ohr_ncp_20250227T1046517020_d_img_d18_x03200_y53760.png,0.2188,482.96,33.47,491.27,42.87
ch2_ohr_ncp_20250227T1046517020_d_img_d18_x03200_y53760.png,0.2185,353.39,4.63,362.96,20.66
ch2_ohr_ncp_20250227T1046517020_d_img_d18_x03200_y53760.png,0.2182,138.25,186.64,144.98,195.78
ch2_ohr_ncp_20250227T1046517020_d_img_d18_x03200_y53760.png,0.2109,459.45,0.16,465.63,6.18
ch2_ohr_ncp_20250227T1046517020_d_img_d18_x03200_y53760.png,0.2077,338.61,241.01,345.26,248.36
ch2_ohr_ncp_20250227T1046517020_d_img_d18_x03200_y53760.png,0.2032,140.1,210.58,145.16,215.91
ch2_ohr_ncp_20250227T1046517020_d_img_d18_x03200_y53760.png,0.2017,155.59,192.14,161.64,198.53
ch2_ohr_ncp_20250227T1046517020_d_img_d18_x03840_y39680.png,0.2432,1.16,54.91,54.2,159.52
ch2_ohr_ncp_20250227T1046517020_d_img_d18_x03840_y42880.png,0.3387,170.54,561.68,226.52,640.0
ch2_ohr_ncp_20250227T1046517020_d_img_d18_x03840_y42880.png,0.2171,65.27,435.06,109.47,500.47
ch2_ohr_ncp_20250227T1046517020_d_img_d18_x03840_y44160.png,0.3189,626.42,467.39,633.38,475.23
ch2_ohr_ncp_20250227T1046517020_d_img_d18_x03840_y44160.png,0.2864,483.67,78.06,488.97,83.43
ch2_ohr_ncp_20250227T1046517020_d_img_d18_x03840_y44160.png,0.2482,534.56,83.38,540.9,89.69
ch2_ohr_ncp_20250227T1046517020_d_img_d18_x03840_y44160.png,0.2349,484.34,77.54,489.88,83.46
ch2_ohr_ncp_20250227T1046517020_d_img_d18_x03840_y44160.png,0.219,78.05,21.8,90.03,35.75
ch2_ohr_ncp_20250227T1046517020_d_img_d18_x03840_y45440.png,0.2323,428.57,0.0,466.04,55.0
ch2_ohr_ncp_20250227T1046517020_d_img_d18_x03840_y45440.png,0.23,228.77,204.63,234.33,210.09
ch2_ohr_ncp_20250227T1046517020_d_img_d18_x03840_y45440.png,0.2279,18.09,24.05,33.13,50.99
ch2_ohr_ncp_20250227T1046517020_d_img_d18_x03840_y45440.png,0.221,238.36,253.19,245.19,260.23
ch2_ohr_ncp_20250227T1046517020_d_img_d18_x03840_y45440.png,0.2077,262.7,107.47,269.29,115.65
ch2_ohr_ncp_20250227T1046517020_d_img_d18_x03840_y48640.png,0.204,559.12,566.38,565.42,574.02
ch2_ohr_ncp_20250227T1046517020_d_img_d18_x03840_y50560.png,0.2898,550.99,480.53,576.57,533.24
ch2_ohr_ncp_20250227T1046517020_d_img_d18_x03840_y50560.png,0.2567,340.57,0.5,350.34,15.77
ch2_ohr_ncp_20250227T1046517020_d_img_d18_x03840_y51200.png,0.302,346.98,78.68,352.96,84.04
ch2_ohr_ncp_20250227T1046517020_d_img_d18_x03840_y51200.png,0.2388,221.76,137.06,229.36,145.58
ch2_ohr_ncp_20250227T1046517020_d_img_d18_x03840_y51840.png,0.2989,224.31,62.83,246.43,104.75
ch2_ohr_ncp_20250227T1046517020_d_img_d18_x03840_y51840.png,0.226,528.44,323.0,534.71,329.27
ch2_ohr_ncp_20250227T1046517020_d_img_d18_x03840_y74880.png,0.2968,1.21,129.68,18.96,156.96
ch2_ohr_ncp_20250227T1046517020_d_img_d18_x03840_y78080.png,0.2205,354.87,19.18,362.45,27.63
ch2_ohr_ncp_20250227T1046517020_d_img_d18_x03840_y78080.png,0.2049,355.9,18.92,363.45,25.72
ch2_ohr_ncp_20250227T1046517020_d_img_d18_x04480_y39680.png,0.3653,244.55,592.81,263.17,632.11
ch2_ohr_ncp_20250227T1046517020_d_img_d18_x04480_y44160.png,0.4798,517.11,157.07,532.48,182.91
ch2_ohr_ncp_20250227T1046517020_d_img_d18_x04480_y44160.png,0.2512,361.24,57.76,367.9,64.53
ch2_ohr_ncp_20250227T1046517020_d_img_d18_x04480_y44160.png,0.2461,171.54,606.42,178.63,613.08
ch2_ohr_ncp_20250227T1046517020_d_img_d18_x04480_y44160.png,0.2341,0.0,547.71,7.33,558.0
ch2_ohr_ncp_20250227T1046517020_d_img_d18_x04480_y44160.png,0.2132,171.04,607.11,178.01,613.88
ch2_ohr_ncp_20250227T1046517020_d_img_d18_x04480_y44160.png,0.2124,92.37,414.83,98.41,420.73
ch2_ohr_ncp_20250227T1046517020_d_img_d18_x04480_y44160.png,0.2039,459.49,82.67,524.2,120.87
ch2_ohr_ncp_20250227T1046517020_d_img_d18_x04480_y71680.png,0.2019,466.44,536.87,472.89,542.78
ch2_ohr_ncp_20250227T1046517020_d_img_d18_x04480_y76800.png,0.2208,437.39,9.45,443.32,14.86
ch2_ohr_ncp_20250227T1046517020_d_img_d18_x04480_y76800.png,0.2109,632.26,101.04,636.9,106.34
ch2_ohr_ncp_20250227T1046517020_d_img_d18_x05120_y39680.png,0.2147,88.66,292.9,162.51,396.86
ch2_ohr_ncp_20250227T1046517020_d_img_d18_x05120_y42240.png,0.2569,71.68,455.91,78.15,463.02
ch2_ohr_ncp_20250227T1046517020_d_img_d18_x05120_y42240.png,0.2527,127.2,632.79,135.88,639.5
ch2_ohr_ncp_20250227T1046517020_d_img_d18_x05120_y42240.png,0.2382,464.03,109.41,469.69,115.06
ch2_ohr_ncp_20250227T1046517020_d_img_d18_x05120_y42240.png,0.2245,576.36,193.12,582.28,199.64
ch2_ohr_ncp_20250227T1046517020_d_img_d18_x05120_y42240.png,0.2196,579.97,227.17,585.59,232.13
ch2_ohr_ncp_20250227T1046517020_d_img_d18_x05120_y42240.png,0.2053,570.11,208.21,578.08,217.29
ch2_ohr_ncp_20250227T1046517020_d_img_d18_x05120_y42880.png,0.3358,182.19,280.58,211.61,343.04
ch2_ohr_ncp_20250227T1046517020_d_img_d18_x05120_y42880.png,0.2417,174.31,253.67,213.87,350.12
ch2_ohr_ncp_20250227T1046517020_d_img_d18_x05120_y42880.png,0.2027,177.1,335.16,196.13,375.46
ch2_ohr_ncp_20250227T1046517020_d_img_d18_x05120_y42880.png,0.2014,185.57,298.27,209.34,342.11
ch2_ohr_ncp_20250227T1046517020_d_img_d18_x05120_y76160.png,0.2071,114.97,378.23,120.52,384.12
ch2_ohr_ncp_20250227T1046517020_d_img_d18_x05120_y80000.png,0.265,0.85,577.23,16.09,593.92
ch2_ohr_ncp_20250227T1046517020_d_img_d18_x05760_y78080.png,0.2747,400.53,0.0,427.05,53.11
ch2_ohr_ncp_20250227T1046517020_d_img_d18_x05760_y78080.png,0.2695,160.88,72.86,167.55,78.88
ch2_ohr_ncp_20250227T1046517020_d_img_d18_x05760_y78080.png,0.2033,165.54,300.71,172.92,307.83
ch2_ohr_ncp_20250227T1046517020_d_img_d18_x06400_y78720.png,0.2295,629.3,26.07,634.75,31.65
ch2_ohr_ncp_20250227T1046517020_d_img_d18_x06400_y79360.png,0.2206,303.46,548.09,308.76,555.04
ch2_ohr_ncp_20250227T1046517020_d_img_d18_x06400_y79360.png,0.2132,455.23,67.03,461.14,72.86
ch2_ohr_ncp_20250227T1046517020_d_img_d18_x06400_y79360.png,0.2111,259.2,564.64,265.51,571.9
ch2_ohr_ncp_20250227T1046517020_d_img_d18_x06400_y79360.png,0.2086,282.04,241.23,290.11,250.01
ch2_ohr_ncp_20250227T1046517020_d_img_d18_x07040_y51200.png,0.2025,451.81,131.9,457.62,137.49
ch2_ohr_ncp_20250227T1046517020_d_img_d18_x07040_y74240.png,0.2133,322.01,0.18,334.4,24.13
ch2_ohr_ncp_20250227T1046517020_d_img_d18_x07040_y74880.png,0.3239,219.7,495.64,225.64,501.52
ch2_ohr_ncp_20250227T1046517020_d_img_d18_x07040_y74880.png,0.2999,63.64,307.71,68.89,313.3
ch2_ohr_ncp_20250227T1046517020_d_img_d18_x07040_y74880.png,0.27,264.62,62.3,312.39,137.2
ch2_ohr_ncp_20250227T1046517020_d_img_d18_x07040_y76800.png,0.3696,386.87,185.57,393.37,192.61
ch2_ohr_ncp_20250227T1046517020_d_img_d18_x07040_y76800.png,0.3169,102.01,333.28,108.7,340.02
ch2_ohr_ncp_20250227T1046517020_d_img_d18_x07040_y76800.png,0.2783,183.57,335.09,190.53,342.39
ch2_ohr_ncp_20250227T1046517020_d_img_d18_x07040_y76800.png,0.2649,150.82,332.87,157.47,340.44
ch2_ohr_ncp_20250227T1046517020_d_img_d18_x07040_y76800.png,0.2462,146.19,321.93,153.77,329.89
ch2_ohr_ncp_20250227T1046517020_d_img_d18_x07040_y76800.png,0.2427,190.55,356.9,198.34,366.04
ch2_ohr_ncp_20250227T1046517020_d_img_d18_x07040_y76800.png,0.2321,293.78,320.7,303.48,337.07
ch2_ohr_ncp_20250227T1046517020_d_img_d18_x07040_y76800.png,0.2287,116.31,329.71,121.78,334.78
ch2_ohr_ncp_20250227T1046517020_d_img_d18_x07040_y76800.png,0.2183,146.14,323.09,152.4,329.45
ch2_ohr_ncp_20250227T1046517020_d_img_d18_x07040_y76800.png,0.2103,259.43,111.39,266.73,118.39
ch2_ohr_ncp_20250227T1046517020_d_img_d18_x07040_y76800.png,0.2044,56.5,1.51,62.44,8.65
ch2_ohr_ncp_20250227T1046517020_d_img_d18_x07040_y76800.png,0.2037,379.53,178.11,387.36,186.19
ch2_ohr_ncp_20250227T1046517020_d_img_d18_x07040_y76800.png,0.2026,71.12,79.59,77.92,87.21
ch2_ohr_ncp_20250227T1046517020_d_img_d18_x07040_y76800.png,0.2005,275.63,264.33,282.47,269.85
ch2_ohr_ncp_20250227T1046517020_d_img_d18_x07040_y79360.png,0.3322,234.84,6.79,244.43,16.53
ch2_ohr_ncp_20250227T1046517020_d_img_d18_x07040_y79360.png,0.3105,535.84,128.28,542.48,135.79
ch2_ohr_ncp_20250227T1046517020_d_img_d18_x07040_y79360.png,0.3089,515.41,213.19,520.13,218.77
ch2_ohr_ncp_20250227T1046517020_d_img_d18_x07040_y79360.png,0.2968,345.41,112.92,352.74,121.23
ch2_ohr_ncp_20250227T1046517020_d_img_d18_x07040_y79360.png,0.2549,369.79,48.47,377.81,57.33
ch2_ohr_ncp_20250227T1046517020_d_img_d18_x07040_y79360.png,0.2189,535.56,282.74,541.23,288.54
ch2_ohr_ncp_20250227T1046517020_d_img_d18_x07040_y79360.png,0.209,219.52,20.37,225.71,26.57
ch2_ohr_ncp_20250227T1046517020_d_img_d18_x07040_y79360.png,0.2019,246.22,29.59,252.86,36.86
ch2_ohr_ncp_20250227T1046517020_d_img_d18_x07040_y79360.png,0.2014,317.54,136.29,325.2,144.19
ch2_ohr_ncp_20250227T1046517020_d_img_d18_x07040_y79360.png,0.2014,591.45,113.41,602.28,127.33
ch2_ohr_ncp_20250227T1046517020_d_img_d18_x07040_y80000.png,0.2336,588.52,0.14,596.48,7.56
ch2_ohr_ncp_20250227T1046517020_d_img_d18_x07680_y52480.png,0.283,201.84,27.51,208.49,34.71
ch2_ohr_ncp_20250227T1046517020_d_img_d18_x07680_y74880.png,0.3598,387.3,537.7,394.74,547.83
ch2_ohr_ncp_20250227T1046517020_d_img_d18_x07680_y74880.png,0.3586,379.17,525.34,384.99,532.85
ch2_ohr_ncp_20250227T1046517020_d_img_d18_x07680_y74880.png,0.3511,260.08,76.39,265.12,82.45
ch2_ohr_ncp_20250227T1046517020_d_img_d18_x07680_y74880.png,0.3412,512.38,99.21,517.4,105.74
ch2_ohr_ncp_20250227T1046517020_d_img_d18_x07680_y74880.png,0.3341,371.29,539.31,377.63,545.69
ch2_ohr_ncp_20250227T1046517020_d_img_d18_x07680_y74880.png,0.329,317.0,557.87,322.78,562.99
ch2_ohr_ncp_20250227T1046517020_d_img_d18_x07680_y74880.png,0.2892,516.44,351.39,525.85,363.57
ch2_ohr_ncp_20250227T1046517020_d_img_d18_x07680_y74880.png,0.289,485.01,473.88,490.62,478.9
ch2_ohr_ncp_20250227T1046517020_d_img_d18_x07680_y74880.png,0.2712,541.78,35.06,557.6,54.39
ch2_ohr_ncp_20250227T1046517020_d_img_d18_x07680_y74880.png,0.2586,478.51,632.51,484.46,638.15
ch2_ohr_ncp_20250227T1046517020_d_img_d18_x07680_y74880.png,0.2541,520.48,68.02,525.95,74.34
ch2_ohr_ncp_20250227T1046517020_d_img_d18_x07680_y74880.png,0.2424,539.45,376.86,544.71,382.67
ch2_ohr_ncp_20250227T1046517020_d_img_d18_x07680_y74880.png,0.2414,314.04,0.05,325.77,11.1
ch2_ohr_ncp_20250227T1046517020_d_img_d18_x07680_y74880.png,0.2355,599.94,579.58,605.96,585.02
ch2_ohr_ncp_20250227T1046517020_d_img_d18_x07680_y74880.png,0.2314,378.53,500.26,384.74,506.96
ch2_ohr_ncp_20250227T1046517020_d_img_d18_x07680_y74880.png,0.2298,414.41,108.49,419.53,114.11
ch2_ohr_ncp_20250227T1046517020_d_img_d18_x07680_y74880.png,0.2267,404.43,307.4,410.82,314.41
ch2_ohr_ncp_20250227T1046517020_d_img_d18_x07680_y74880.png,0.2266,274.17,482.45,280.44,489.58
ch2_ohr_ncp_20250227T1046517020_d_img_d18_x07680_y74880.png,0.2242,260.68,76.57,266.21,82.03
ch2_ohr_ncp_20250227T1046517020_d_img_d18_x07680_y74880.png,0.2236,404.47,96.1,410.72,103.16
ch2_ohr_ncp_20250227T1046517020_d_img_d18_x07680_y74880.png,0.2235,234.49,185.26,239.88,190.53
ch2_ohr_ncp_20250227T1046517020_d_img_d18_x07680_y74880.png,0.2226,520.27,98.69,527.07,106.01
ch2_ohr_ncp_20250227T1046517020_d_img_d18_x07680_y74880.png,0.2215,272.16,549.59,278.36,555.4
ch2_ohr_ncp_20250227T1046517020_d_img_d18_x07680_y74880.png,0.2164,402.49,539.4,407.44,545.39
ch2_ohr_ncp_20250227T1046517020_d_img_d18_x07680_y74880.png,0.2139,297.92,452.0,303.09,457.6
ch2_ohr_ncp_20250227T1046517020_d_img_d18_x07680_y74880.png,0.2139,511.71,61.34,517.36,66.15
ch2_ohr_ncp_20250227T1046517020_d_img_d18_x07680_y74880.png,0.2136,540.17,377.49,545.72,385.38
ch2_ohr_ncp_20250227T1046517020_d_img_d18_x07680_y74880.png,0.2104,626.5,334.1,634.67,346.67
ch2_ohr_ncp_20250227T1046517020_d_img_d18_x07680_y74880.png,0.2098,221.65,119.91,226.52,125.43
ch2_ohr_ncp_20250227T1046517020_d_img_d18_x07680_y74880.png,0.2087,551.17,126.46,560.51,137.13
ch2_ohr_ncp_20250227T1046517020_d_img_d18_x07680_y74880.png,0.2064,422.69,569.98,428.41,577.47
ch2_ohr_ncp_20250227T1046517020_d_img_d18_x07680_y79360.png,0.318,67.68,181.66,73.75,187.73
ch2_ohr_ncp_20250227T1046517020_d_img_d18_x07680_y79360.png,0.2143,68.99,193.53,76.61,204.06
ch2_ohr_ncp_20250227T1046517020_d_img_d18_x08320_y49920.png,0.2716,532.97,310.23,538.14,316.23
ch2_ohr_ncp_20250227T1046517020_d_img_d18_x08320_y49920.png,0.2319,505.55,477.1,515.81,486.72
ch2_ohr_ncp_20250227T1046517020_d_img_d18_x08320_y49920.png,0.2299,497.9,489.88,505.57,496.37
ch2_ohr_ncp_20250227T1046517020_d_img_d18_x08320_y49920.png,0.2168,323.96,451.98,376.05,524.29
ch2_ohr_ncp_20250227T1046517020_d_img_d18_x08320_y50560.png,0.212,332.25,0.58,339.98,5.88
ch2_ohr_ncp_20250227T1046517020_d_img_d18_x08320_y50560.png,0.2095,207.18,92.81,212.67,98.45
ch2_ohr_ncp_20250227T1046517020_d_img_d18_x08320_y50560.png,0.2069,202.43,120.28,210.1,127.83
ch2_ohr_ncp_20250227T1046517020_d_img_d18_x08320_y52480.png,0.2957,478.29,182.69,556.9,281.49
ch2_ohr_ncp_20250227T1046517020_d_img_d18_x08320_y52480.png,0.2565,495.36,302.63,501.99,309.44
ch2_ohr_ncp_20250227T1046517020_d_img_d18_x08320_y52480.png,0.2489,492.09,195.69,560.04,279.57
ch2_ohr_ncp_20250227T1046517020_d_img_d18_x08320_y52480.png,0.2357,474.78,155.26,481.54,162.75
ch2_ohr_ncp_20250227T1046517020_d_img_d18_x08320_y52480.png,0.2115,490.34,312.63,497.64,319.71
ch2_ohr_ncp_20250227T1046517020_d_img_d18_x08320_y76160.png,0.2202,69.48,152.62,132.01,260.05
ch2_ohr_ncp_20250227T1046517020_d_img_d18_x08320_y79360.png,0.3408,530.19,127.68,535.81,133.82
ch2_ohr_ncp_20250227T1046517020_d_img_d18_x08320_y79360.png,0.3404,429.04,142.25,435.72,149.24
ch2_ohr_ncp_20250227T1046517020_d_img_d18_x08320_y79360.png,0.3061,86.77,25.85,92.61,31.6
ch2_ohr_ncp_20250227T1046517020_d_img_d18_x08320_y79360.png,0.2941,167.23,43.67,172.53,48.97
ch2_ohr_ncp_20250227T1046517020_d_img_d18_x08320_y79360.png,0.2939,371.16,90.91,378.71,100.51
ch2_ohr_ncp_20250227T1046517020_d_img_d18_x08320_y79360.png,0.2917,284.63,22.07,289.27,26.67
ch2_ohr_ncp_20250227T1046517020_d_img_d18_x08320_y79360.png,0.2888,83.1,70.5,88.85,76.4
ch2_ohr_ncp_20250227T1046517020_d_img_d18_x08320_y79360.png,0.2839,559.86,377.89,566.11,384.35
ch2_ohr_ncp_20250227T1046517020_d_img_d18_x08320_y79360.png,0.2826,45.92,146.24,52.42,154.05
ch2_ohr_ncp_20250227T1046517020_d_img_d18_x08320_y79360.png,0.2823,293.59,23.33,301.23,31.77
ch2_ohr_ncp_20250227T1046517020_d_img_d18_x08320_y79360.png,0.2651,152.59,65.67,158.73,73.45
ch2_ohr_ncp_20250227T1046517020_d_img_d18_x08320_y79360.png,0.2634,429.72,373.15,436.34,381.86
ch2_ohr_ncp_20250227T1046517020_d_img_d18_x08320_y79360.png,0.2584,137.41,0.0,142.71,5.15
ch2_ohr_ncp_20250227T1046517020_d_img_d18_x08320_y79360.png,0.2442,79.86,6.09,87.06,14.21
ch2_ohr_ncp_20250227T1046517020_d_img_d18_x08320_y79360.png,0.2428,84.58,80.71,90.11,86.57
ch2_ohr_ncp_20250227T1046517020_d_img_d18_x08320_y79360.png,0.2421,80.38,163.7,85.36,169.28
ch2_ohr_ncp_20250227T1046517020_d_img_d18_x08320_y79360.png,0.2404,373.67,330.43,381.1,337.36
ch2_ohr_ncp_20250227T1046517020_d_img_d18_x08320_y79360.png,0.2388,503.84,100.33,508.71,105.18
ch2_ohr_ncp_20250227T1046517020_d_img_d18_x08320_y79360.png,0.2209,363.27,122.26,372.07,132.69
ch2_ohr_ncp_20250227T1046517020_d_img_d18_x08320_y79360.png,0.214,471.48,136.35,477.75,143.24
ch2_ohr_ncp_20250227T1046517020_d_img_d18_x08320_y79360.png,0.2127,96.74,75.76,101.63,81.27
ch2_ohr_ncp_20250227T1046517020_d_img_d18_x08320_y79360.png,0.209,296.05,2.02,301.93,7.1
ch2_ohr_ncp_20250227T1046517020_d_img_d18_x08320_y79360.png,0.2065,320.35,91.26,326.64,99.49
ch2_ohr_ncp_20250227T1046517020_d_img_d18_x08320_y79360.png,0.2059,630.94,74.37,635.73,79.64
ch2_ohr_ncp_20250227T1046517020_d_img_d18_x08320_y79360.png,0.2041,98.38,92.09,105.04,98.7
ch2_ohr_ncp_20250227T1046517020_d_img_d18_x08320_y79360.png,0.2028,57.58,137.24,66.08,146.57
ch2_ohr_ncp_20250227T1046517020_d_img_d18_x08960_y50560.png,0.2688,411.52,554.92,417.62,561.32
ch2_ohr_ncp_20250227T1046517020_d_img_d18_x08960_y50560.png,0.2466,374.32,537.16,381.1,543.01
ch2_ohr_ncp_20250227T1046517020_d_img_d18_x08960_y50560.png,0.2453,554.8,544.26,560.19,550.32
ch2_ohr_ncp_20250227T1046517020_d_img_d18_x08960_y50560.png,0.2385,543.51,282.65,549.41,288.86
ch2_ohr_ncp_20250227T1046517020_d_img_d18_x08960_y50560.png,0.232,0.77,1.28,7.57,11.88
ch2_ohr_ncp_20250227T1046517020_d_img_d18_x08960_y50560.png,0.2304,476.16,9.99,482.39,15.76
ch2_ohr_ncp_20250227T1046517020_d_img_d18_x08960_y50560.png,0.2251,315.35,25.21,322.79,34.01
ch2_ohr_ncp_20250227T1046517020_d_img_d18_x08960_y50560.png,0.2226,628.04,34.4,633.67,39.56
ch2_ohr_ncp_20250227T1046517020_d_img_d18_x08960_y50560.png,0.2179,322.52,7.87,328.43,14.24
ch2_ohr_ncp_20250227T1046517020_d_img_d18_x08960_y50560.png,0.2145,605.06,74.71,609.98,79.94
ch2_ohr_ncp_20250227T1046517020_d_img_d18_x08960_y50560.png,0.2071,395.0,594.43,403.22,603.69
ch2_ohr_ncp_20250227T1046517020_d_img_d18_x08960_y50560.png,0.2053,631.81,73.9,638.84,79.4
ch2_ohr_ncp_20250227T1046517020_d_img_d18_x08960_y50560.png,0.2019,394.39,106.19,400.91,114.33
ch2_ohr_ncp_20250227T1046517020_d_img_d18_x08960_y74880.png,0.3507,367.85,238.37,416.9,301.64
ch2_ohr_ncp_20250227T1046517020_d_img_d18_x08960_y74880.png,0.221,629.09,0.12,639.5,16.42
ch2_ohr_ncp_20250227T1046517020_d_img_d18_x08960_y76800.png,0.3403,436.1,206.38,441.31,211.81
ch2_ohr_ncp_20250227T1046517020_d_img_d18_x08960_y76800.png,0.2722,288.72,47.81,294.52,53.6
ch2_ohr_ncp_20250227T1046517020_d_img_d18_x08960_y76800.png,0.256,109.85,12.77,118.3,25.75
ch2_ohr_ncp_20250227T1046517020_d_img_d18_x08960_y76800.png,0.2498,182.35,135.35,191.2,146.64
ch2_ohr_ncp_20250227T1046517020_d_img_d18_x08960_y76800.png,0.2073,149.1,323.66,167.22,340.88
ch2_ohr_ncp_20250227T1046517020_d_img_d18_x09600_y50560.png,0.2022,320.37,0.33,336.16,43.44
ch2_ohr_ncp_20250227T1046517020_d_img_d18_x09600_y52480.png,0.2462,334.09,385.09,357.27,425.44
ch2_ohr_ncp_20250227T1046517020_d_img_d18_x09600_y79360.png,0.2431,218.86,496.29,225.26,502.76
ch2_ohr_ncp_20250227T1046517020_d_img_d18_x09600_y79360.png,0.2014,448.25,507.55,454.2,512.87
ch2_ohr_ncp_20250227T1046517020_d_img_d18_x11520_y76160.png,0.2025,81.33,20.55,87.85,26.87
ch2_ohr_ncp_20250303T0915317317_d_img_d18_x00000_y28160.png,0.2157,408.94,0.0,428.37,32.04
ch2_ohr_ncp_20250303T0915317317_d_img_d18_x00000_y42880.png,0.2498,628.36,0.1,639.62,16.22
ch2_ohr_ncp_20250303T0915317317_d_img_d18_x00000_y42880.png,0.2266,239.82,551.28,246.29,557.77
ch2_ohr_ncp_20250303T0915317317_d_img_d18_x00000_y46080.png,0.2412,395.75,542.7,401.67,548.64
ch2_ohr_ncp_20250303T0915317317_d_img_d18_x00000_y49280.png,0.2009,358.61,0.1,366.22,8.8
ch2_ohr_ncp_20250303T0915317317_d_img_d18_x00000_y49920.png,0.2327,269.59,0.0,283.82,16.3
ch2_ohr_ncp_20250303T0915317317_d_img_d18_x00000_y62720.png,0.3256,541.83,273.48,548.32,279.48
ch2_ohr_ncp_20250303T0915317317_d_img_d18_x00000_y62720.png,0.2669,413.23,114.84,420.68,122.57
ch2_ohr_ncp_20250303T0915317317_d_img_d18_x00000_y62720.png,0.258,321.93,90.13,328.25,96.98
ch2_ohr_ncp_20250303T0915317317_d_img_d18_x00000_y62720.png,0.2573,425.49,147.87,431.38,155.34
ch2_ohr_ncp_20250303T0915317317_d_img_d18_x00000_y62720.png,0.2567,556.65,55.07,561.83,60.3
ch2_ohr_ncp_20250303T0915317317_d_img_d18_x00000_y62720.png,0.2405,156.32,0.09,168.1,10.44
ch2_ohr_ncp_20250303T0915317317_d_img_d18_x00000_y62720.png,0.2388,626.38,267.85,631.43,272.22
ch2_ohr_ncp_20250303T0915317317_d_img_d18_x00000_y62720.png,0.2386,617.56,273.39,622.72,278.8
ch2_ohr_ncp_20250303T0915317317_d_img_d18_x00000_y62720.png,0.2327,395.12,79.41,400.4,85.33
ch2_ohr_ncp_20250303T0915317317_d_img_d18_x00000_y62720.png,0.232,546.08,174.2,551.68,179.99
ch2_ohr_ncp_20250303T0915317317_d_img_d18_x00000_y62720.png,0.2285,418.74,1.02,425.35,9.4
ch2_ohr_ncp_20250303T0915317317_d_img_d18_x00000_y62720.png,0.2279,382.53,136.59,387.96,141.92
ch2_ohr_ncp_20250303T0915317317_d_img_d18_x00000_y62720.png,0.2198,440.65,170.15,445.66,175.34
ch2_ohr_ncp_20250303T0915317317_d_img_d18_x00000_y62720.png,0.2175,591.84,273.81,598.67,281.11
ch2_ohr_ncp_20250303T0915317317_d_img_d18_x00000_y62720.png,0.2131,635.15,285.28,639.52,291.47
ch2_ohr_ncp_20250303T0915317317_d_img_d18_x00000_y62720.png,0.2127,487.51,41.13,492.68,46.24
ch2_ohr_ncp_20250303T0915317317_d_img_d18_x00000_y62720.png,0.2114,369.39,57.04,374.59,62.51
ch2_ohr_ncp_20250303T0915317317_d_img_d18_x00000_y62720.png,0.2068,356.1,14.34,362.39,21.67
ch2_ohr_ncp_20250303T0915317317_d_img_d18_x00000_y62720.png,0.2046,532.97,240.29,540.98,246.17
ch2_ohr_ncp_20250303T0915317317_d_img_d18_x00000_y76160.png,0.2809,633.59,495.87,639.73,503.71
ch2_ohr_ncp_20250303T0915317317_d_img_d18_x00000_y76160.png,0.2664,601.8,547.58,606.88,551.7
ch2_ohr_ncp_20250303T0915317317_d_img_d18_x00000_y76160.png,0.2563,570.53,617.4,575.95,622.55
ch2_ohr_ncp_20250303T0915317317_d_img_d18_x00000_y76160.png,0.2404,559.06,594.48,564.72,601.0
ch2_ohr_ncp_20250303T0915317317_d_img_d18_x00000_y76160.png,0.2251,434.8,567.18,440.0,571.96
ch2_ohr_ncp_20250303T0915317317_d_img_d18_x00000_y76160.png,0.2101,553.52,428.17,559.47,433.69
ch2_ohr_ncp_20250303T0915317317_d_img_d18_x00000_y76160.png,0.2068,498.75,564.12,506.59,571.02
ch2_ohr_ncp_20250303T0915317317_d_img_d18_x00640_y35200.png,0.2148,627.78,0.69,639.48,21.73
ch2_ohr_ncp_20250303T0915317317_d_img_d18_x00640_y36480.png,0.3237,93.34,47.11,98.38,51.56
ch2_ohr_ncp_20250303T0915317317_d_img_d18_x00640_y36480.png,0.2945,162.1,557.18,166.98,562.14
ch2_ohr_ncp_20250303T0915317317_d_img_d18_x00640_y36480.png,0.271,219.71,46.5,225.04,52.26
ch2_ohr_ncp_20250303T0915317317_d_img_d18_x00640_y36480.png,0.2688,335.95,518.76,342.56,524.68
ch2_ohr_ncp_20250303T0915317317_d_img_d18_x00640_y36480.png,0.2657,79.03,82.59,85.0,89.96
ch2_ohr_ncp_20250303T0915317317_d_img_d18_x00640_y36480.png,0.2642,95.81,525.54,101.68,531.22
ch2_ohr_ncp_20250303T0915317317_d_img_d18_x00640_y36480.png,0.2591,273.12,504.26,279.4,510.46
ch2_ohr_ncp_20250303T0915317317_d_img_d18_x00640_y36480.png,0.2544,291.36,522.12,297.68,528.1
ch2_ohr_ncp_20250303T0915317317_d_img_d18_x00640_y36480.png,0.2528,251.2,345.11,255.69,349.76
ch2_ohr_ncp_20250303T0915317317_d_img_d18_x00640_y36480.png,0.2492,102.56,413.37,107.68,418.96
ch2_ohr_ncp_20250303T0915317317_d_img_d18_x00640_y36480.png,0.2467,155.92,571.79,160.42,577.49
ch2_ohr_ncp_20250303T0915317317_d_img_d18_x00640_y36480.png,0.2459,238.03,168.81,244.87,175.44
ch2_ohr_ncp_20250303T0915317317_d_img_d18_x00640_y36480.png,0.2446,146.75,296.77,152.34,300.99
ch2_ohr_ncp_20250303T0915317317_d_img_d18_x00640_y36480.png,0.2368,376.97,1.54,383.24,11.25
ch2_ohr_ncp_20250303T0915317317_d_img_d18_x00640_y36480.png,0.2297,141.61,286.28,148.7,293.28
ch2_ohr_ncp_20250303T0915317317_d_img_d18_x00640_y36480.png,0.2263,259.6,183.39,265.44,190.17
ch2_ohr_ncp_20250303T0915317317_d_img_d18_x00640_y36480.png,0.2155,256.87,442.93,264.3,451.81
ch2_ohr_ncp_20250303T0915317317_d_img_d18_x00640_y36480.png,0.2135,173.63,547.62,180.09,554.64
ch2_ohr_ncp_20250303T0915317317_d_img_d18_x00640_y36480.png,0.2108,246.97,155.44,252.87,161.48
ch2_ohr_ncp_20250303T0915317317_d_img_d18_x00640_y36480.png,0.2093,93.43,112.67,99.61,118.73
ch2_ohr_ncp_20250303T0915317317_d_img_d18_x00640_y36480.png,0.2074,87.69,507.35,92.74,512.96
ch2_ohr_ncp_20250303T0915317317_d_img_d18_x00640_y36480.png,0.2036,143.74,600.37,151.0,608.75
ch2_ohr_ncp_20250303T0915317317_d_img_d18_x00640_y42880.png,0.2118,135.47,29.37,140.84,35.7
ch2_ohr_ncp_20250303T0915317317_d_img_d18_x00640_y48640.png,0.3081,268.93,405.16,286.55,452.41
ch2_ohr_ncp_20250303T0915317317_d_img_d18_x00640_y48640.png,0.2124,416.25,64.37,421.58,69.88
ch2_ohr_ncp_20250303T0915317317_d_img_d18_x00640_y49920.png,0.2139,492.62,0.05,503.65,14.36
ch2_ohr_ncp_20250303T0915317317_d_img_d18_x00640_y51840.png,0.2136,198.37,0.0,210.0,6.33
ch2_ohr_ncp_20250303T0915317317_d_img_d18_x00640_y53120.png,0.4414,584.88,437.56,619.14,475.41
ch2_ohr_ncp_20250303T0915317317_d_img_d18_x00640_y53120.png,0.2717,619.05,1.46,630.56,16.78
ch2_ohr_ncp_20250303T0915317317_d_img_d18_x00640_y53120.png,0.2456,327.85,607.31,333.95,613.57
ch2_ohr_ncp_20250303T0915317317_d_img_d18_x00640_y53120.png,0.2134,331.11,586.62,336.47,592.59
ch2_ohr_ncp_20250303T0915317317_d_img_d18_x00640_y56320.png,0.2106,632.19,125.36,637.38,130.54
ch2_ohr_ncp_20250303T0915317317_d_img_d18_x00640_y56960.png,0.2911,287.37,0.0,334.97,73.13
ch2_ohr_ncp_20250303T0915317317_d_img_d18_x00640_y59520.png,0.3458,473.98,83.85,479.35,89.08
ch2_ohr_ncp_20250303T0915317317_d_img_d18_x00640_y59520.png,0.2743,446.82,144.59,452.55,150.67
ch2_ohr_ncp_20250303T0915317317_d_img_d18_x00640_y59520.png,0.2685,393.31,113.26,398.98,120.38
ch2_ohr_ncp_20250303T0915317317_d_img_d18_x00640_y59520.png,0.2345,93.52,79.97,99.03,85.9
ch2_ohr_ncp_20250303T0915317317_d_img_d18_x00640_y59520.png,0.2331,435.98,142.5,440.44,147.76
ch2_ohr_ncp_20250303T0915317317_d_img_d18_x00640_y59520.png,0.2208,109.31,39.78,113.85,44.63
ch2_ohr_ncp_20250303T0915317317_d_img_d18_x00640_y59520.png,0.2202,374.92,115.33,380.21,122.32
ch2_ohr_ncp_20250303T0915317317_d_img_d18_x00640_y59520.png,0.215,391.12,122.45,396.39,128.33
ch2_ohr_ncp_20250303T0915317317_d_img_d18_x00640_y59520.png,0.2137,491.85,371.68,496.75,377.5
ch2_ohr_ncp_20250303T0915317317_d_img_d18_x00640_y59520.png,0.2118,409.94,150.99,415.14,156.74
ch2_ohr_ncp_20250303T0915317317_d_img_d18_x00640_y59520.png,0.2106,395.89,420.21,401.75,426.68
ch2_ohr_ncp_20250303T0915317317_d_img_d18_x00640_y59520.png,0.2073,382.99,221.36,388.94,228.16
ch2_ohr_ncp_20250303T0915317317_d_img_d18_x00640_y59520.png,0.207,410.58,49.78,415.86,55.57
ch2_ohr_ncp_20250303T0915317317_d_img_d18_x00640_y59520.png,0.2063,454.7,272.28,461.72,279.3
ch2_ohr_ncp_20250303T0915317317_d_img_d18_x00640_y59520.png,0.2013,366.49,218.43,372.31,224.28
ch2_ohr_ncp_20250303T0915317317_d_img_d18_x00640_y63360.png,0.2503,388.19,99.6,392.18,103.91
ch2_ohr_ncp_20250303T0915317317_d_img_d18_x00640_y63360.png,0.2321,504.79,118.49,511.0,124.66
ch2_ohr_ncp_20250303T0915317317_d_img_d18_x00640_y63360.png,0.231,397.97,55.27,402.59,59.79
ch2_ohr_ncp_20250303T0915317317_d_img_d18_x00640_y63360.png,0.2296,528.29,68.72,533.8,73.37
ch2_ohr_ncp_20250303T0915317317_d_img_d18_x00640_y63360.png,0.2286,603.52,215.32,608.04,220.12
ch2_ohr_ncp_20250303T0915317317_d_img_d18_x00640_y63360.png,0.2263,444.36,150.38,453.78,160.26
ch2_ohr_ncp_20250303T0915317317_d_img_d18_x00640_y63360.png,0.2205,391.32,49.92,395.92,56.2
ch2_ohr_ncp_20250303T0915317317_d_img_d18_x00640_y63360.png,0.2066,443.81,140.11,449.47,146.06
ch2_ohr_ncp_20250303T0915317317_d_img_d18_x00640_y63360.png,0.2033,408.81,48.68,413.27,53.29
ch2_ohr_ncp_20250303T0915317317_d_img_d18_x01280_y37760.png,0.2205,420.81,47.52,426.31,53.11
ch2_ohr_ncp_20250303T0915317317_d_img_d18_x01920_y35840.png,0.2445,462.24,265.58,468.52,272.7
ch2_ohr_ncp_20250303T0915317317_d_img_d18_x01920_y35840.png,0.2164,182.3,195.12,188.27,202.19
ch2_ohr_ncp_20250303T0915317317_d_img_d18_x01920_y35840.png,0.216,303.03,315.2,309.5,320.51
ch2_ohr_ncp_20250303T0915317317_d_img_d18_x01920_y35840.png,0.2158,187.76,183.94,192.16,188.61
ch2_ohr_ncp_20250303T0915317317_d_img_d18_x01920_y35840.png,0.2104,513.99,0.14,519.12,4.29
ch2_ohr_ncp_20250303T0915317317_d_img_d18_x01920_y35840.png,0.2071,434.82,396.58,441.78,404.56
ch2_ohr_ncp_20250303T0915317317_d_img_d18_x01920_y64000.png,0.4013,266.67,46.43,273.8,54.36
ch2_ohr_ncp_20250303T0915317317_d_img_d18_x01920_y64000.png,0.3631,291.51,56.91,297.24,63.02
ch2_ohr_ncp_20250303T0915317317_d_img_d18_x01920_y64000.png,0.3146,271.7,92.83,279.16,98.95
ch2_ohr_ncp_20250303T0915317317_d_img_d18_x01920_y64000.png,0.3042,236.9,0.0,250.3,10.58
ch2_ohr_ncp_20250303T0915317317_d_img_d18_x01920_y64000.png,0.2901,395.47,1.37,400.71,9.0
ch2_ohr_ncp_20250303T0915317317_d_img_d18_x01920_y64000.png,0.2674,267.41,6.22,271.94,11.04
ch2_ohr_ncp_20250303T0915317317_d_img_d18_x01920_y64000.png,0.2544,257.21,44.32,261.61,49.14
ch2_ohr_ncp_20250303T0915317317_d_img_d18_x01920_y64000.png,0.2389,263.48,20.61,267.99,25.68
ch2_ohr_ncp_20250303T0915317317_d_img_d18_x01920_y64000.png,0.2374,353.51,35.96,361.02,45.11
ch2_ohr_ncp_20250303T0915317317_d_img_d18_x01920_y64000.png,0.237,241.98,115.73,256.58,128.91
ch2_ohr_ncp_20250303T0915317317_d_img_d18_x01920_y64000.png,0.2351,306.57,91.91,314.37,99.8
ch2_ohr_ncp_20250303T0915317317_d_img_d18_x01920_y64000.png,0.2237,291.33,56.02,296.39,61.7
ch2_ohr_ncp_20250303T0915317317_d_img_d18_x01920_y64000.png,0.2027,268.09,6.07,272.79,11.59
ch2_ohr_ncp_20250303T0915317317_d_img_d18_x01920_y64000.png,0.2018,507.3,20.11,516.23,29.18
ch2_ohr_ncp_20250303T0915317317_d_img_d18_x02560_y36480.png,0.28,407.38,541.83,413.93,549.9
ch2_ohr_ncp_20250303T0915317317_d_img_d18_x02560_y36480.png,0.232,534.58,327.95,541.29,335.77
ch2_ohr_ncp_20250303T0915317317_d_img_d18_x02560_y36480.png,0.2002,342.9,322.98,349.02,331.19
ch2_ohr_ncp_20250303T0915317317_d_img_d18_x02560_y42240.png,0.2129,437.79,82.75,446.77,92.38
ch2_ohr_ncp_20250303T0915317317_d_img_d18_x02560_y42240.png,0.2079,248.96,172.38,256.3,179.6
ch2_ohr_ncp_20250303T0915317317_d_img_d18_x02560_y46720.png,0.208,415.48,0.0,435.99,25.41
ch2_ohr_ncp_20250303T0915317317_d_img_d18_x02560_y49920.png,0.2392,299.42,0.0,361.17,58.76
ch2_ohr_ncp_20250303T0915317317_d_img_d18_x02560_y76800.png,0.2225,246.05,580.53,252.82,586.49
ch2_ohr_ncp_20250303T0915317317_d_img_d18_x02560_y76800.png,0.2058,333.76,360.82,342.14,367.72
ch2_ohr_ncp_20250303T0915317317_d_img_d18_x02560_y76800.png,0.2044,300.96,433.7,308.22,441.55
ch2_ohr_ncp_20250303T0915317317_d_img_d18_x03200_y36480.png,0.271,150.31,0.0,172.4,31.27
ch2_ohr_ncp_20250303T0915317317_d_img_d18_x03200_y60160.png,0.2694,477.87,16.47,485.0,22.77
ch2_ohr_ncp_20250303T0915317317_d_img_d18_x03200_y60800.png,0.2109,159.36,0.0,201.0,40.44
ch2_ohr_ncp_20250303T0915317317_d_img_d18_x03840_y39680.png,0.2002,314.07,624.86,321.47,634.35
ch2_ohr_ncp_20250303T0915317317_d_img_d18_x03840_y44160.png,0.3384,322.65,0.03,343.04,23.14
ch2_ohr_ncp_20250303T0915317317_d_img_d18_x03840_y51840.png,0.2275,415.35,80.54,421.95,87.45
ch2_ohr_ncp_20250303T0915317317_d_img_d18_x03840_y51840.png,0.2247,371.07,44.92,375.66,49.21
ch2_ohr_ncp_20250303T0915317317_d_img_d18_x03840_y51840.png,0.207,364.54,34.24,370.42,40.08
ch2_ohr_ncp_20250303T0915317317_d_img_d18_x03840_y60160.png,0.2384,531.08,328.04,537.66,334.82
ch2_ohr_ncp_20250303T0915317317_d_img_d18_x03840_y60160.png,0.2339,88.44,74.41,94.89,80.56
ch2_ohr_ncp_20250303T0915317317_d_img_d18_x03840_y60160.png,0.2281,399.15,117.12,405.72,123.1
ch2_ohr_ncp_20250303T0915317317_d_img_d18_x03840_y60160.png,0.2256,610.89,344.69,616.29,350.13
ch2_ohr_ncp_20250303T0915317317_d_img_d18_x03840_y60160.png,0.2151,115.29,103.98,129.53,115.95
ch2_ohr_ncp_20250303T0915317317_d_img_d18_x03840_y60160.png,0.2128,152.7,155.39,158.46,161.71
ch2_ohr_ncp_20250303T0915317317_d_img_d18_x03840_y60160.png,0.2063,365.68,249.01,371.24,254.69
ch2_ohr_ncp_20250303T0915317317_d_img_d18_x03840_y60160.png,0.2061,31.13,21.11,86.61,81.77
ch2_ohr_ncp_20250303T0915317317_d_img_d18_x03840_y62080.png,0.3473,122.52,509.95,152.49,538.31
ch2_ohr_ncp_20250303T0915317317_d_img_d18_x03840_y62080.png,0.3309,219.59,605.75,226.54,612.61
ch2_ohr_ncp_20250303T0915317317_d_img_d18_x03840_y62080.png,0.3069,247.7,558.23,253.29,564.13
ch2_ohr_ncp_20250303T0915317317_d_img_d18_x03840_y62080.png,0.2594,359.38,495.43,365.32,501.14
ch2_ohr_ncp_20250303T0915317317_d_img_d18_x03840_y62080.png,0.2487,326.36,464.94,332.47,471.01
ch2_ohr_ncp_20250303T0915317317_d_img_d18_x03840_y62080.png,0.2483,116.43,439.78,122.84,445.96
ch2_ohr_ncp_20250303T0915317317_d_img_d18_x03840_y62080.png,0.2445,210.93,554.79,220.46,565.5
ch2_ohr_ncp_20250303T0915317317_d_img_d18_x03840_y62080.png,0.2444,213.99,591.76,219.85,597.73
ch2_ohr_ncp_20250303T0915317317_d_img_d18_x03840_y62080.png,0.2375,451.41,35.2,458.55,42.56
ch2_ohr_ncp_20250303T0915317317_d_img_d18_x03840_y62080.png,0.2312,347.84,294.71,353.2,299.99
ch2_ohr_ncp_20250303T0915317317_d_img_d18_x03840_y62080.png,0.2188,340.71,439.03,345.59,444.04
ch2_ohr_ncp_20250303T0915317317_d_img_d18_x03840_y62080.png,0.2183,314.44,445.76,319.67,451.06
ch2_ohr_ncp_20250303T0915317317_d_img_d18_x03840_y62080.png,0.2121,119.0,281.16,124.62,289.15
ch2_ohr_ncp_20250303T0915317317_d_img_d18_x03840_y62080.png,0.2118,138.83,591.3,149.94,604.45
ch2_ohr_ncp_20250303T0915317317_d_img_d18_x03840_y62080.png,0.21,439.36,72.49,443.75,79.44
ch2_ohr_ncp_20250303T0915317317_d_img_d18_x03840_y62080.png,0.2069,185.74,603.27,191.76,610.08
ch2_ohr_ncp_20250303T0915317317_d_img_d18_x03840_y62080.png,0.2048,189.79,244.72,198.38,252.79
ch2_ohr_ncp_20250303T0915317317_d_img_d18_x03840_y62080.png,0.2039,272.89,513.85,278.46,519.92
ch2_ohr_ncp_20250303T0915317317_d_img_d18_x03840_y62080.png,0.2025,258.34,492.38,267.66,505.02
ch2_ohr_ncp_20250303T0915317317_d_img_d18_x03840_y62080.png,0.2023,346.55,316.17,353.94,322.91
ch2_ohr_ncp_20250303T0915317317_d_img_d18_x03840_y62080.png,0.2022,242.43,57.83,248.61,62.93
ch2_ohr_ncp_20250303T0915317317_d_img_d18_x03840_y65920.png,0.2135,222.85,35.61,233.02,49.53
ch2_ohr_ncp_20250303T0915317317_d_img_d18_x03840_y74880.png,0.2134,16.71,382.09,54.9,433.02
ch2_ohr_ncp_20250303T0915317317_d_img_d18_x03840_y75520.png,0.2743,159.43,151.24,166.13,156.75
ch2_ohr_ncp_20250303T0915317317_d_img_d18_x04480_y39680.png,0.2584,405.2,142.31,413.56,149.14
ch2_ohr_ncp_20250303T0915317317_d_img_d18_x04480_y39680.png,0.2427,356.58,461.57,362.72,466.94
ch2_ohr_ncp_20250303T0915317317_d_img_d18_x04480_y39680.png,0.237,338.48,0.83,345.78,10.32
ch2_ohr_ncp_20250303T0915317317_d_img_d18_x04480_y39680.png,0.2324,463.08,393.28,470.6,400.09
ch2_ohr_ncp_20250303T0915317317_d_img_d18_x04480_y39680.png,0.2121,530.83,38.48,537.55,44.73
ch2_ohr_ncp_20250303T0915317317_d_img_d18_x04480_y39680.png,0.2052,623.38,297.24,630.24,303.35
ch2_ohr_ncp_20250303T0915317317_d_img_d18_x04480_y44160.png,0.2919,621.33,102.0,630.61,111.92
ch2_ohr_ncp_20250303T0915317317_d_img_d18_x04480_y44160.png,0.2884,302.78,57.93,309.88,64.06
ch2_ohr_ncp_20250303T0915317317_d_img_d18_x04480_y44160.png,0.2729,531.73,5.62,536.25,11.39
ch2_ohr_ncp_20250303T0915317317_d_img_d18_x04480_y44160.png,0.2456,427.26,143.98,431.54,149.26
ch2_ohr_ncp_20250303T0915317317_d_img_d18_x04480_y44160.png,0.2328,72.41,399.81,77.45,405.65
ch2_ohr_ncp_20250303T0915317317_d_img_d18_x04480_y44160.png,0.2294,228.7,0.09,244.39,14.59
ch2_ohr_ncp_20250303T0915317317_d_img_d18_x04480_y44160.png,0.2231,457.06,57.52,463.64,65.69
ch2_ohr_ncp_20250303T0915317317_d_img_d18_x04480_y44160.png,0.2207,131.13,517.22,153.32,551.49
ch2_ohr_ncp_20250303T0915317317_d_img_d18_x04480_y44160.png,0.2072,28.3,475.85,79.69,540.38
ch2_ohr_ncp_20250303T0915317317_d_img_d18_x04480_y44160.png,0.207,333.85,19.92,338.89,25.71
ch2_ohr_ncp_20250303T0915317317_d_img_d18_x04480_y44160.png,0.2037,431.47,151.17,437.2,157.07
ch2_ohr_ncp_20250303T0915317317_d_img_d18_x04480_y44160.png,0.2025,378.79,13.76,384.66,19.13
ch2_ohr_ncp_20250303T0915317317_d_img_d18_x04480_y56960.png,0.2063,133.02,0.0,176.7,56.32
ch2_ohr_ncp_20250303T0915317317_d_img_d18_x04480_y63360.png,0.3233,597.55,12.76,608.45,25.94
ch2_ohr_ncp_20250303T0915317317_d_img_d18_x04480_y63360.png,0.2894,495.61,496.26,502.71,503.84
ch2_ohr_ncp_20250303T0915317317_d_img_d18_x04480_y63360.png,0.2117,33.49,303.65,39.54,313.49
ch2_ohr_ncp_20250303T0915317317_d_img_d18_x04480_y63360.png,0.2102,490.87,627.34,497.49,633.62
ch2_ohr_ncp_20250303T0915317317_d_img_d18_x04480_y63360.png,0.2084,511.6,496.03,517.04,500.58
ch2_ohr_ncp_20250303T0915317317_d_img_d18_x04480_y63360.png,0.2068,523.31,402.14,529.22,411.02
ch2_ohr_ncp_20250303T0915317317_d_img_d18_x04480_y63360.png,0.204,629.72,543.33,639.28,553.74
ch2_ohr_ncp_20250303T0915317317_d_img_d18_x04480_y63360.png,0.201,234.98,550.88,246.39,576.06
ch2_ohr_ncp_20250303T0915317317_d_img_d18_x04480_y76160.png,0.2179,631.43,627.39,637.42,633.88
ch2_ohr_ncp_20250303T0915317317_d_img_d18_x04480_y81280.png,0.5632,245.75,60.82,267.93,80.42
ch2_ohr_ncp_20250303T0915317317_d_img_d18_x04480_y81280.png,0.2264,588.61,123.52,596.34,130.59
ch2_ohr_ncp_20250303T0915317317_d_img_d18_x04480_y81280.png,0.2179,282.47,94.98,287.75,99.44
ch2_ohr_ncp_20250303T0915317317_d_img_d18_x05120_y37120.png,0.2086,559.65,64.93,588.25,110.79
ch2_ohr_ncp_20250303T0915317317_d_img_d18_x05120_y38400.png,0.2285,189.66,549.03,274.86,640.0
ch2_ohr_ncp_20250303T0915317317_d_img_d18_x05120_y44800.png,0.2499,608.17,469.18,635.84,507.85
ch2_ohr_ncp_20250303T0915317317_d_img_d18_x05120_y44800.png,0.2342,543.29,466.03,548.97,472.26
ch2_ohr_ncp_20250303T0915317317_d_img_d18_x05120_y44800.png,0.2159,205.69,96.82,222.0,103.73
ch2_ohr_ncp_20250303T0915317317_d_img_d18_x05120_y44800.png,0.2105,334.26,216.4,383.53,315.36
ch2_ohr_ncp_20250303T0915317317_d_img_d18_x05120_y66560.png,0.3206,132.96,309.5,151.29,332.91
ch2_ohr_ncp_20250303T0915317317_d_img_d18_x05120_y66560.png,0.267,178.43,441.82,185.81,450.22
ch2_ohr_ncp_20250303T0915317317_d_img_d18_x05120_y66560.png,0.2617,115.09,65.97,129.46,85.28
ch2_ohr_ncp_20250303T0915317317_d_img_d18_x05120_y66560.png,0.2285,349.53,404.2,356.94,411.38
ch2_ohr_ncp_20250303T0915317317_d_img_d18_x05120_y66560.png,0.2091,76.2,0.07,112.25,25.52
ch2_ohr_ncp_20250303T0915317317_d_img_d18_x05120_y66560.png,0.2078,135.63,44.78,142.74,53.41
ch2_ohr_ncp_20250303T0915317317_d_img_d18_x05120_y72960.png,0.2277,609.84,0.0,633.49,53.37
ch2_ohr_ncp_20250303T0915317317_d_img_d18_x05120_y74880.png,0.2663,314.59,53.34,322.54,60.67
ch2_ohr_ncp_20250303T0915317317_d_img_d18_x05120_y76160.png,0.4122,300.63,510.41,327.35,562.74
ch2_ohr_ncp_20250303T0915317317_d_img_d18_x05120_y76160.png,0.2489,557.05,423.63,563.98,429.29
ch2_ohr_ncp_20250303T0915317317_d_img_d18_x05120_y76160.png,0.2143,464.17,373.72,477.73,383.88
ch2_ohr_ncp_20250303T0915317317_d_img_d18_x05120_y76160.png,0.2059,386.72,630.98,392.43,637.66
ch2_ohr_ncp_20250303T0915317317_d_img_d18_x05760_y35200.png,0.2005,530.07,595.35,536.02,603.36
ch2_ohr_ncp_20250303T0915317317_d_img_d18_x05760_y44800.png,0.2197,258.61,627.39,276.7,639.44
ch2_ohr_ncp_20250303T0915317317_d_img_d18_x05760_y53120.png,0.2247,611.33,558.53,633.52,606.82
ch2_ohr_ncp_20250303T0915317317_d_img_d18_x05760_y64000.png,0.2854,225.66,123.61,234.38,132.73
ch2_ohr_ncp_20250303T0915317317_d_img_d18_x05760_y64000.png,0.2575,170.2,207.43,178.48,216.23
ch2_ohr_ncp_20250303T0915317317_d_img_d18_x05760_y64000.png,0.2552,311.36,181.91,319.31,192.52
ch2_ohr_ncp_20250303T0915317317_d_img_d18_x05760_y64000.png,0.2413,154.93,365.64,160.88,371.38
ch2_ohr_ncp_20250303T0915317317_d_img_d18_x05760_y64000.png,0.2371,269.23,264.35,276.26,269.41
ch2_ohr_ncp_20250303T0915317317_d_img_d18_x05760_y64000.png,0.2295,239.64,29.99,245.38,36.92
ch2_ohr_ncp_20250303T0915317317_d_img_d18_x05760_y64000.png,0.2207,386.38,122.69,392.7,129.0
ch2_ohr_ncp_20250303T0915317317_d_img_d18_x05760_y64000.png,0.2134,331.53,55.78,337.34,60.97
ch2_ohr_ncp_20250303T0915317317_d_img_d18_x05760_y64000.png,0.2118,126.77,371.59,131.95,376.96
ch2_ohr_ncp_20250303T0915317317_d_img_d18_x05760_y64000.png,0.2108,538.58,19.02,545.33,25.09
ch2_ohr_ncp_20250303T0915317317_d_img_d18_x05760_y64000.png,0.2102,504.89,116.88,510.96,121.46
ch2_ohr_ncp_20250303T0915317317_d_img_d18_x05760_y64000.png,0.2101,304.16,180.49,308.28,185.47
ch2_ohr_ncp_20250303T0915317317_d_img_d18_x05760_y64000.png,0.2039,364.35,0.0,370.88,3.53
ch2_ohr_ncp_20250303T0915317317_d_img_d18_x05760_y64000.png,0.2022,234.2,64.8,241.43,71.91
ch2_ohr_ncp_20250303T0915317317_d_img_d18_x05760_y81280.png,0.2227,355.94,163.46,362.26,169.85
ch2_ohr_ncp_20250303T0915317317_d_img_d18_x06400_y35200.png,0.4031,237.14,612.93,250.62,628.0
ch2_ohr_ncp_20250303T0915317317_d_img_d18_x06400_y35200.png,0.3384,409.04,265.81,416.06,274.84
ch2_ohr_ncp_20250303T0915317317_d_img_d18_x06400_y35200.png,0.3343,245.79,178.96,287.63,247.94
ch2_ohr_ncp_20250303T0915317317_d_img_d18_x06400_y35200.png,0.3249,278.58,107.96,340.06,193.09
ch2_ohr_ncp_20250303T0915317317_d_img_d18_x06400_y35200.png,0.2684,220.81,296.64,228.57,304.66
ch2_ohr_ncp_20250303T0915317317_d_img_d18_x06400_y35200.png,0.2665,65.03,599.3,72.58,606.53
ch2_ohr_ncp_20250303T0915317317_d_img_d18_x06400_y35200.png,0.2503,271.56,117.6,336.04,200.21
ch2_ohr_ncp_20250303T0915317317_d_img_d18_x06400_y35200.png,0.2379,417.85,213.8,424.69,221.86
ch2_ohr_ncp_20250303T0915317317_d_img_d18_x06400_y35200.png,0.2309,481.98,80.95,487.71,88.31
ch2_ohr_ncp_20250303T0915317317_d_img_d18_x06400_y35200.png,0.2291,311.4,51.17,323.85,74.69
ch2_ohr_ncp_20250303T0915317317_d_img_d18_x06400_y35200.png,0.2147,482.69,80.65,488.79,88.46
ch2_ohr_ncp_20250303T0915317317_d_img_d18_x06400_y35200.png,0.2114,501.37,47.99,507.49,54.44
ch2_ohr_ncp_20250303T0915317317_d_img_d18_x06400_y35200.png,0.209,484.96,207.23,492.69,215.2
ch2_ohr_ncp_20250303T0915317317_d_img_d18_x06400_y35200.png,0.2085,146.96,382.6,153.65,388.49
ch2_ohr_ncp_20250303T0915317317_d_img_d18_x06400_y35200.png,0.2043,187.6,265.2,194.48,272.84
ch2_ohr_ncp_20250303T0915317317_d_img_d18_x06400_y35200.png,0.2039,423.74,246.57,435.0,258.74
ch2_ohr_ncp_20250303T0915317317_d_img_d18_x06400_y35200.png,0.2034,402.34,270.84,409.43,280.32
ch2_ohr_ncp_20250303T0915317317_d_img_d18_x06400_y35200.png,0.2014,313.31,0.0,325.92,6.15
ch2_ohr_ncp_20250303T0915317317_d_img_d18_x06400_y35200.png,0.2014,103.03,604.97,112.41,616.69
ch2_ohr_ncp_20250303T0915317317_d_img_d18_x06400_y35200.png,0.2004,362.58,296.8,370.07,307.55
ch2_ohr_ncp_20250303T0915317317_d_img_d18_x06400_y36480.png,0.292,537.67,513.84,577.9,588.92
ch2_ohr_ncp_20250303T0915317317_d_img_d18_x06400_y46720.png,0.2212,512.84,108.85,563.88,186.37
ch2_ohr_ncp_20250303T0915317317_d_img_d18_x06400_y48000.png,0.2365,210.14,287.16,239.81,336.03
ch2_ohr_ncp_20250303T0915317317_d_img_d18_x06400_y48000.png,0.2309,409.12,456.63,428.72,478.74
ch2_ohr_ncp_20250303T0915317317_d_img_d18_x06400_y48000.png,0.2053,428.01,0.0,440.26,8.09
ch2_ohr_ncp_20250303T0915317317_d_img_d18_x06400_y48640.png,0.3043,1.21,269.27,28.38,316.25
ch2_ohr_ncp_20250303T0915317317_d_img_d18_x06400_y48640.png,0.236,117.17,18.58,122.74,25.02
ch2_ohr_ncp_20250303T0915317317_d_img_d18_x06400_y48640.png,0.2323,147.14,16.76,155.32,23.31
ch2_ohr_ncp_20250303T0915317317_d_img_d18_x06400_y54400.png,0.2975,459.23,223.11,464.54,228.52
ch2_ohr_ncp_20250303T0915317317_d_img_d18_x06400_y54400.png,0.2319,307.89,251.14,316.13,259.64
ch2_ohr_ncp_20250303T0915317317_d_img_d18_x06400_y54400.png,0.2178,427.51,406.33,432.46,411.67
ch2_ohr_ncp_20250303T0915317317_d_img_d18_x06400_y54400.png,0.2137,480.13,230.76,485.92,236.1
ch2_ohr_ncp_20250303T0915317317_d_img_d18_x06400_y55040.png,0.3064,387.9,234.23,395.98,242.04
ch2_ohr_ncp_20250303T0915317317_d_img_d18_x06400_y55040.png,0.2346,434.43,14.97,441.03,23.55
ch2_ohr_ncp_20250303T0915317317_d_img_d18_x06400_y55040.png,0.2096,631.54,329.12,639.72,337.91
ch2_ohr_ncp_20250303T0915317317_d_img_d18_x06400_y56320.png,0.2292,204.08,424.56,211.69,434.02
ch2_ohr_ncp_20250303T0915317317_d_img_d18_x06400_y56320.png,0.2114,226.74,87.06,232.45,92.2
ch2_ohr_ncp_20250303T0915317317_d_img_d18_x06400_y56960.png,0.2885,469.73,254.25,535.89,344.66
ch2_ohr_ncp_20250303T0915317317_d_img_d18_x06400_y56960.png,0.282,349.78,0.0,410.43,65.44
ch2_ohr_ncp_20250303T0915317317_d_img_d18_x06400_y58880.png,0.25,167.54,43.09,172.65,49.25
ch2_ohr_ncp_20250303T0915317317_d_img_d18_x06400_y58880.png,0.241,279.09,275.25,284.69,281.6
ch2_ohr_ncp_20250303T0915317317_d_img_d18_x06400_y58880.png,0.239,299.53,329.6,306.84,336.98
ch2_ohr_ncp_20250303T0915317317_d_img_d18_x06400_y58880.png,0.2128,300.95,344.2,306.88,348.61
ch2_ohr_ncp_20250303T0915317317_d_img_d18_x06400_y58880.png,0.2115,118.0,401.05,124.34,408.69
ch2_ohr_ncp_20250303T0915317317_d_img_d18_x06400_y58880.png,0.2024,394.22,46.17,400.11,51.63
ch2_ohr_ncp_20250303T0915317317_d_img_d18_x06400_y58880.png,0.2013,168.83,228.9,174.33,236.74
ch2_ohr_ncp_20250303T0915317317_d_img_d18_x06400_y60800.png,0.3312,335.27,10.06,341.91,17.24
ch2_ohr_ncp_20250303T0915317317_d_img_d18_x06400_y60800.png,0.262,334.49,10.8,340.54,17.38
ch2_ohr_ncp_20250303T0915317317_d_img_d18_x06400_y60800.png,0.2492,305.36,13.66,316.66,25.59
ch2_ohr_ncp_20250303T0915317317_d_img_d18_x06400_y60800.png,0.2363,393.04,25.49,400.59,32.83
ch2_ohr_ncp_20250303T0915317317_d_img_d18_x06400_y60800.png,0.2061,335.14,41.62,339.43,48.3
ch2_ohr_ncp_20250303T0915317317_d_img_d18_x06400_y62720.png,0.2953,622.42,0.35,637.45,17.41
ch2_ohr_ncp_20250303T0915317317_d_img_d18_x06400_y62720.png,0.2784,118.07,9.49,124.52,15.94
ch2_ohr_ncp_20250303T0915317317_d_img_d18_x06400_y62720.png,0.2712,255.88,24.55,262.36,31.32
ch2_ohr_ncp_20250303T0915317317_d_img_d18_x06400_y62720.png,0.2469,399.84,519.29,409.85,530.53
ch2_ohr_ncp_20250303T0915317317_d_img_d18_x06400_y62720.png,0.243,395.68,311.52,399.67,316.26
ch2_ohr_ncp_20250303T0915317317_d_img_d18_x06400_y62720.png,0.2288,511.77,74.96,517.28,80.25
ch2_ohr_ncp_20250303T0915317317_d_img_d18_x06400_y62720.png,0.2242,517.1,53.21,524.22,61.33
ch2_ohr_ncp_20250303T0915317317_d_img_d18_x06400_y62720.png,0.2164,543.62,592.08,559.8,619.01
ch2_ohr_ncp_20250303T0915317317_d_img_d18_x06400_y62720.png,0.2055,186.12,596.93,233.6,638.92
ch2_ohr_ncp_20250303T0915317317_d_img_d18_x06400_y62720.png,0.2027,431.66,310.93,437.23,316.45
ch2_ohr_ncp_20250303T0915317317_d_img_d18_x06400_y62720.png,0.2017,381.44,398.18,387.05,404.32
ch2_ohr_ncp_20250303T0915317317_d_img_d18_x06400_y79360.png,0.2676,82.21,0.1,110.58,25.22
ch2_ohr_ncp_20250303T0915317317_d_img_d18_x07040_y52480.png,0.5044,119.34,292.61,143.13,330.79
ch2_ohr_ncp_20250303T0915317317_d_img_d18_x07040_y52480.png,0.3203,422.95,216.12,428.72,222.24
ch2_ohr_ncp_20250303T0915317317_d_img_d18_x07040_y52480.png,0.2694,401.81,260.93,409.98,274.58
ch2_ohr_ncp_20250303T0915317317_d_img_d18_x07040_y52480.png,0.2584,449.72,249.22,457.66,256.87
ch2_ohr_ncp_20250303T0915317317_d_img_d18_x07040_y52480.png,0.2415,246.4,18.1,252.33,24.65
ch2_ohr_ncp_20250303T0915317317_d_img_d18_x07040_y52480.png,0.2378,358.94,84.49,365.09,94.32
ch2_ohr_ncp_20250303T0915317317_d_img_d18_x07040_y52480.png,0.2234,134.33,348.9,141.18,358.77
ch2_ohr_ncp_20250303T0915317317_d_img_d18_x07040_y52480.png,0.2225,181.41,159.69,187.49,167.47
ch2_ohr_ncp_20250303T0915317317_d_img_d18_x07040_y52480.png,0.2147,420.86,49.88,427.43,56.99
ch2_ohr_ncp_20250303T0915317317_d_img_d18_x07040_y52480.png,0.2121,66.65,174.46,72.96,180.56
ch2_ohr_ncp_20250303T0915317317_d_img_d18_x07040_y52480.png,0.2106,137.01,75.87,143.59,83.1
ch2_ohr_ncp_20250303T0915317317_d_img_d18_x07040_y52480.png,0.2043,402.83,260.34,409.78,267.48
ch2_ohr_ncp_20250303T0915317317_d_img_d18_x07040_y52480.png,0.2024,353.07,80.71,357.57,85.8
ch2_ohr_ncp_20250303T0915317317_d_img_d18_x07040_y55680.png,0.207,315.51,18.09,321.62,25.36
ch2_ohr_ncp_20250303T0915317317_d_img_d18_x07040_y56320.png,0.2156,368.61,0.21,376.31,5.41
ch2_ohr_ncp_20250303T0915317317_d_img_d18_x07040_y56320.png,0.2012,420.05,348.28,425.1,354.49
ch2_ohr_ncp_20250303T0915317317_d_img_d18_x07040_y58880.png,0.2282,335.58,563.29,340.63,569.29
ch2_ohr_ncp_20250303T0915317317_d_img_d18_x07040_y58880.png,0.2155,267.94,208.64,274.67,214.66
ch2_ohr_ncp_20250303T0915317317_d_img_d18_x07040_y58880.png,0.2126,543.58,0.0,571.88,54.54
ch2_ohr_ncp_20250303T0915317317_d_img_d18_x07040_y58880.png,0.2033,70.81,0.36,78.15,8.61
ch2_ohr_ncp_20250303T0915317317_d_img_d18_x07040_y61440.png,0.2366,146.71,13.85,153.39,19.42
ch2_ohr_ncp_20250303T0915317317_d_img_d18_x07040_y61440.png,0.2004,411.92,353.72,419.94,363.0
ch2_ohr_ncp_20250303T0915317317_d_img_d18_x07040_y81920.png,0.276,487.35,156.86,494.04,163.35
ch2_ohr_ncp_20250303T0915317317_d_img_d18_x07040_y81920.png,0.2369,526.34,213.7,534.82,224.12
ch2_ohr_ncp_20250303T0915317317_d_img_d18_x07040_y81920.png,0.2202,536.29,220.83,543.59,227.7
ch2_ohr_ncp_20250303T0915317317_d_img_d18_x07680_y40320.png,0.215,563.7,630.81,568.82,636.41
ch2_ohr_ncp_20250303T0915317317_d_img_d18_x07680_y44800.png,0.2791,572.22,1.29,587.72,34.45
ch2_ohr_ncp_20250303T0915317317_d_img_d18_x07680_y45440.png,0.2365,332.33,0.22,337.59,7.82
ch2_ohr_ncp_20250303T0915317317_d_img_d18_x07680_y46080.png,0.2412,48.38,582.57,54.33,588.36
ch2_ohr_ncp_20250303T0915317317_d_img_d18_x07680_y46080.png,0.2156,329.97,258.45,350.95,286.86
ch2_ohr_ncp_20250303T0915317317_d_img_d18_x07680_y46080.png,0.2129,174.03,272.76,220.55,338.74
ch2_ohr_ncp_20250303T0915317317_d_img_d18_x07680_y46080.png,0.2036,111.14,552.79,118.52,559.26
ch2_ohr_ncp_20250303T0915317317_d_img_d18_x07680_y48000.png,0.3082,89.42,29.82,95.16,35.72
ch2_ohr_ncp_20250303T0915317317_d_img_d18_x07680_y48000.png,0.3044,606.44,327.53,612.43,333.59
ch2_ohr_ncp_20250303T0915317317_d_img_d18_x07680_y48000.png,0.3035,417.93,217.4,424.12,225.4
ch2_ohr_ncp_20250303T0915317317_d_img_d18_x07680_y48000.png,0.2884,530.64,7.84,538.78,15.35
ch2_ohr_ncp_20250303T0915317317_d_img_d18_x07680_y48000.png,0.2699,79.2,11.28,84.61,16.56
ch2_ohr_ncp_20250303T0915317317_d_img_d18_x07680_y48000.png,0.2631,524.21,99.05,529.93,104.39
ch2_ohr_ncp_20250303T0915317317_d_img_d18_x07680_y48000.png,0.2594,208.33,87.11,217.68,95.14
ch2_ohr_ncp_20250303T0915317317_d_img_d18_x07680_y48000.png,0.2563,441.15,11.9,447.78,22.28
ch2_ohr_ncp_20250303T0915317317_d_img_d18_x07680_y48000.png,0.2543,334.1,187.86,340.63,193.61
ch2_ohr_ncp_20250303T0915317317_d_img_d18_x07680_y48000.png,0.2462,424.98,8.26,433.36,16.51
ch2_ohr_ncp_20250303T0915317317_d_img_d18_x07680_y48000.png,0.2447,261.01,137.0,266.27,142.37
ch2_ohr_ncp_20250303T0915317317_d_img_d18_x07680_y48000.png,0.2441,76.86,2.26,82.61,8.33
ch2_ohr_ncp_20250303T0915317317_d_img_d18_x07680_y48000.png,0.2391,476.78,39.46,482.61,44.75
ch2_ohr_ncp_20250303T0915317317_d_img_d18_x07680_y48000.png,0.2324,384.35,0.05,394.62,7.16
ch2_ohr_ncp_20250303T0915317317_d_img_d18_x07680_y48000.png,0.2281,619.06,204.27,624.37,209.26
ch2_ohr_ncp_20250303T0915317317_d_img_d18_x07680_y48000.png,0.2225,296.41,157.21,303.75,164.22
ch2_ohr_ncp_20250303T0915317317_d_img_d18_x07680_y48000.png,0.2039,209.29,50.59,215.42,55.81
ch2_ohr_ncp_20250303T0915317317_d_img_d18_x07680_y48000.png,0.2023,78.14,3.17,84.97,9.66
ch2_ohr_ncp_20250303T0915317317_d_img_d18_x07680_y52480.png,0.233,319.51,301.62,326.17,308.21
ch2_ohr_ncp_20250303T0915317317_d_img_d18_x07680_y52480.png,0.2281,449.62,465.73,457.22,472.91
ch2_ohr_ncp_20250303T0915317317_d_img_d18_x07680_y58880.png,0.3011,287.61,328.64,294.6,336.83
ch2_ohr_ncp_20250303T0915317317_d_img_d18_x07680_y58880.png,0.3008,294.62,388.75,300.68,395.57
ch2_ohr_ncp_20250303T0915317317_d_img_d18_x07680_y58880.png,0.2451,368.49,200.87,373.51,205.49
ch2_ohr_ncp_20250303T0915317317_d_img_d18_x07680_y58880.png,0.2424,307.73,398.03,312.03,402.46
ch2_ohr_ncp_20250303T0915317317_d_img_d18_x07680_y58880.png,0.2197,381.21,221.37,387.27,226.79
ch2_ohr_ncp_20250303T0915317317_d_img_d18_x07680_y58880.png,0.2191,371.11,166.66,377.14,172.07
ch2_ohr_ncp_20250303T0915317317_d_img_d18_x07680_y58880.png,0.2067,507.07,416.4,512.42,421.98
ch2_ohr_ncp_20250303T0915317317_d_img_d18_x07680_y59520.png,0.2644,518.0,338.18,541.11,380.13
ch2_ohr_ncp_20250303T0915317317_d_img_d18_x07680_y60800.png,0.3156,547.54,3.46,572.02,46.9
ch2_ohr_ncp_20250303T0915317317_d_img_d18_x07680_y64640.png,0.3475,403.38,23.17,409.11,28.24
ch2_ohr_ncp_20250303T0915317317_d_img_d18_x07680_y64640.png,0.2295,420.99,44.27,426.19,49.46
ch2_ohr_ncp_20250303T0915317317_d_img_d18_x07680_y81920.png,0.2569,574.5,118.89,583.61,126.37
ch2_ohr_ncp_20250303T0915317317_d_img_d18_x07680_y81920.png,0.2436,536.68,66.8,547.36,77.0
ch2_ohr_ncp_20250303T0915317317_d_img_d18_x07680_y81920.png,0.2116,26.01,47.93,33.04,53.92
ch2_ohr_ncp_20250303T0915317317_d_img_d18_x08320_y40320.png,0.2244,339.81,627.8,345.45,634.37
ch2_ohr_ncp_20250303T0915317317_d_img_d18_x08320_y40320.png,0.2015,52.59,343.83,75.77,386.93
ch2_ohr_ncp_20250303T0915317317_d_img_d18_x08320_y43520.png,0.2928,621.55,345.4,628.9,353.37
ch2_ohr_ncp_20250303T0915317317_d_img_d18_x08320_y43520.png,0.2281,588.77,0.73,596.57,11.48
ch2_ohr_ncp_20250303T0915317317_d_img_d18_x08320_y45440.png,0.2423,82.96,0.0,87.81,4.57
ch2_ohr_ncp_20250303T0915317317_d_img_d18_x08960_y46720.png,0.3801,400.51,225.82,406.38,231.54
ch2_ohr_ncp_20250303T0915317317_d_img_d18_x08960_y46720.png,0.3687,279.17,458.03,284.92,464.11
ch2_ohr_ncp_20250303T0915317317_d_img_d18_x08960_y46720.png,0.3598,522.87,234.88,528.97,242.43
ch2_ohr_ncp_20250303T0915317317_d_img_d18_x08960_y46720.png,0.3341,478.96,80.06,486.02,87.41
ch2_ohr_ncp_20250303T0915317317_d_img_d18_x08960_y46720.png,0.2886,316.81,451.78,322.42,457.15
ch2_ohr_ncp_20250303T0915317317_d_img_d18_x08960_y46720.png,0.2849,391.02,564.64,397.51,570.92
ch2_ohr_ncp_20250303T0915317317_d_img_d18_x08960_y46720.png,0.2734,461.68,95.08,469.09,101.11
ch2_ohr_ncp_20250303T0915317317_d_img_d18_x08960_y46720.png,0.2715,523.72,467.01,528.85,473.07
ch2_ohr_ncp_20250303T0915317317_d_img_d18_x08960_y46720.png,0.2674,551.75,473.4,562.01,484.29
ch2_ohr_ncp_20250303T0915317317_d_img_d18_x08960_y46720.png,0.2585,457.54,294.63,462.57,299.38
ch2_ohr_ncp_20250303T0915317317_d_img_d18_x08960_y46720.png,0.2569,425.58,409.9,431.62,415.56
ch2_ohr_ncp_20250303T0915317317_d_img_d18_x08960_y46720.png,0.2514,449.45,342.69,455.54,349.48
ch2_ohr_ncp_20250303T0915317317_d_img_d18_x08960_y46720.png,0.2485,188.07,550.65,194.96,557.62
ch2_ohr_ncp_20250303T0915317317_d_img_d18_x08960_y46720.png,0.2451,371.37,527.08,376.43,532.92
ch2_ohr_ncp_20250303T0915317317_d_img_d18_x08960_y46720.png,0.243,367.95,565.12,374.3,572.24
ch2_ohr_ncp_20250303T0915317317_d_img_d18_x08960_y46720.png,0.2366,450.37,27.74,456.83,35.5
ch2_ohr_ncp_20250303T0915317317_d_img_d18_x08960_y46720.png,0.2356,411.35,86.97,423.85,99.4
ch2_ohr_ncp_20250303T0915317317_d_img_d18_x08960_y46720.png,0.2322,604.94,484.19,617.62,499.75
ch2_ohr_ncp_20250303T0915317317_d_img_d18_x08960_y46720.png,0.2283,563.48,457.04,569.62,462.24
ch2_ohr_ncp_20250303T0915317317_d_img_d18_x08960_y46720.png,0.2242,459.93,429.94,465.7,436.96
ch2_ohr_ncp_20250303T0915317317_d_img_d18_x08960_y46720.png,0.2215,385.67,448.32,390.41,453.14
ch2_ohr_ncp_20250303T0915317317_d_img_d18_x08960_y46720.png,0.2208,307.67,445.64,311.69,449.96
ch2_ohr_ncp_20250303T0915317317_d_img_d18_x08960_y46720.png,0.2177,57.67,553.09,77.12,606.58
ch2_ohr_ncp_20250303T0915317317_d_img_d18_x08960_y46720.png,0.213,515.21,500.13,527.37,518.81
ch2_ohr_ncp_20250303T0915317317_d_img_d18_x08960_y46720.png,0.213,621.09,339.41,626.27,344.91
ch2_ohr_ncp_20250303T0915317317_d_img_d18_x08960_y46720.png,0.2112,283.36,338.13,291.19,345.02
ch2_ohr_ncp_20250303T0915317317_d_img_d18_x08960_y46720.png,0.2097,207.26,354.86,259.0,435.81
ch2_ohr_ncp_20250303T0915317317_d_img_d18_x08960_y46720.png,0.2072,312.69,560.8,318.29,566.29
ch2_ohr_ncp_20250303T0915317317_d_img_d18_x08960_y49280.png,0.2183,428.18,0.03,435.22,6.66
ch2_ohr_ncp_20250303T0915317317_d_img_d18_x08960_y53120.png,0.3438,572.38,78.79,595.37,114.88
ch2_ohr_ncp_20250303T0915317317_d_img_d18_x08960_y53120.png,0.2853,467.16,156.41,473.19,162.69
ch2_ohr_ncp_20250303T0915317317_d_img_d18_x08960_y53120.png,0.2273,302.33,166.22,307.26,171.7
ch2_ohr_ncp_20250303T0915317317_d_img_d18_x08960_y53120.png,0.2265,140.01,71.07,148.5,79.94
ch2_ohr_ncp_20250303T0915317317_d_img_d18_x08960_y53120.png,0.2257,261.88,277.36,276.48,296.18
ch2_ohr_ncp_20250303T0915317317_d_img_d18_x08960_y53120.png,0.2245,227.44,46.19,232.24,51.02
ch2_ohr_ncp_20250303T0915317317_d_img_d18_x08960_y53120.png,0.2113,219.75,359.4,225.04,364.08
ch2_ohr_ncp_20250303T0915317317_d_img_d18_x08960_y53120.png,0.2101,299.37,176.59,304.96,181.91
ch2_ohr_ncp_20250303T0915317317_d_img_d18_x08960_y53120.png,0.2079,308.82,164.32,314.08,168.94
ch2_ohr_ncp_20250303T0915317317_d_img_d18_x08960_y53120.png,0.2065,152.8,79.83,158.78,85.65
ch2_ohr_ncp_20250303T0915317317_d_img_d18_x08960_y53120.png,0.2008,282.27,262.94,287.77,269.52
ch2_ohr_ncp_20250303T0915317317_d_img_d18_x08960_y64640.png,0.2727,231.0,232.33,236.72,237.25
ch2_ohr_ncp_20250303T0915317317_d_img_d18_x08960_y64640.png,0.2709,219.77,290.25,225.94,296.4
ch2_ohr_ncp_20250303T0915317317_d_img_d18_x08960_y64640.png,0.2545,210.1,273.08,218.06,280.16
ch2_ohr_ncp_20250303T0915317317_d_img_d18_x08960_y64640.png,0.2497,155.33,192.12,162.21,199.28
ch2_ohr_ncp_20250303T0915317317_d_img_d18_x08960_y64640.png,0.2459,0.0,570.93,4.93,577.17
ch2_ohr_ncp_20250303T0915317317_d_img_d18_x08960_y64640.png,0.2431,240.43,189.43,246.21,196.53
ch2_ohr_ncp_20250303T0915317317_d_img_d18_x08960_y64640.png,0.2324,166.27,176.41,173.01,182.34
ch2_ohr_ncp_20250303T0915317317_d_img_d18_x08960_y64640.png,0.2262,260.36,280.84,265.34,285.89
ch2_ohr_ncp_20250303T0915317317_d_img_d18_x08960_y64640.png,0.2187,274.09,283.87,281.05,291.63
ch2_ohr_ncp_20250303T0915317317_d_img_d18_x08960_y64640.png,0.2084,217.87,313.69,223.07,319.13
ch2_ohr_ncp_20250303T0915317317_d_img_d18_x08960_y64640.png,0.2078,343.52,1.76,399.43,75.39
ch2_ohr_ncp_20250303T0915317317_d_img_d18_x08960_y64640.png,0.2062,303.94,380.52,321.48,393.91
ch2_ohr_ncp_20250303T0915317317_d_img_d18_x08960_y76160.png,0.3392,630.59,89.27,636.75,94.67
ch2_ohr_ncp_20250303T0915317317_d_img_d18_x08960_y76160.png,0.2539,431.64,318.77,437.58,323.53
ch2_ohr_ncp_20250303T0915317317_d_img_d18_x08960_y76160.png,0.2453,411.04,453.37,417.13,459.23
ch2_ohr_ncp_20250303T0915317317_d_img_d18_x08960_y76160.png,0.2391,422.29,238.83,431.15,247.73
ch2_ohr_ncp_20250303T0915317317_d_img_d18_x08960_y76160.png,0.234,369.84,474.57,379.57,484.2
ch2_ohr_ncp_20250303T0915317317_d_img_d18_x08960_y76160.png,0.2258,521.12,382.08,526.62,388.03
ch2_ohr_ncp_20250303T0915317317_d_img_d18_x08960_y76160.png,0.2239,479.61,8.3,487.28,16.25
ch2_ohr_ncp_20250303T0915317317_d_img_d18_x08960_y76160.png,0.2237,475.16,407.1,480.5,412.61
ch2_ohr_ncp_20250303T0915317317_d_img_d18_x08960_y76160.png,0.2076,633.32,390.66,638.24,396.37
ch2_ohr_ncp_20250303T0915317317_d_img_d18_x08960_y76160.png,0.205,452.92,184.28,458.35,190.08
ch2_ohr_ncp_20250303T0915317317_d_img_d18_x08960_y76160.png,0.2026,366.98,428.72,373.29,434.43
ch2_ohr_ncp_20250303T0915317317_d_img_d18_x08960_y82560.png,0.3168,29.76,0.53,35.57,6.32
ch2_ohr_ncp_20250303T0915317317_d_img_d18_x08960_y82560.png,0.2496,535.84,42.12,542.73,47.92
ch2_ohr_ncp_20250303T0915317317_d_img_d18_x08960_y82560.png,0.238,10.77,0.16,17.4,6.19
ch2_ohr_ncp_20250303T0915317317_d_img_d18_x09600_y45440.png,0.3294,169.29,352.37,175.37,358.13
ch2_ohr_ncp_20250303T0915317317_d_img_d18_x09600_y45440.png,0.2606,276.28,149.65,285.94,158.87
ch2_ohr_ncp_20250303T0915317317_d_img_d18_x09600_y45440.png,0.2066,240.54,51.86,246.94,65.86
ch2_ohr_ncp_20250303T0915317317_d_img_d18_x09600_y45440.png,0.2038,319.1,573.93,326.05,581.13
ch2_ohr_ncp_20250303T0915317317_d_img_d18_x09600_y45440.png,0.2038,173.79,375.23,180.3,382.43
ch2_ohr_ncp_20250303T0915317317_d_img_d18_x09600_y46080.png,0.3324,350.45,84.78,399.26,168.73
ch2_ohr_ncp_20250303T0915317317_d_img_d18_x09600_y46080.png,0.3316,311.69,76.75,399.76,172.34
ch2_ohr_ncp_20250303T0915317317_d_img_d18_x09600_y46080.png,0.2602,409.01,45.5,439.37,104.14
ch2_ohr_ncp_20250303T0915317317_d_img_d18_x09600_y46080.png,0.2126,351.2,92.56,402.17,187.03
ch2_ohr_ncp_20250303T0915317317_d_img_d18_x09600_y48640.png,0.2186,156.03,525.23,161.15,530.64
ch2_ohr_ncp_20250303T0915317317_d_img_d18_x09600_y48640.png,0.201,0.02,436.81,6.48,444.6
ch2_ohr_ncp_20250303T0915317317_d_img_d18_x09600_y76160.png,0.3597,309.73,583.42,317.5,590.71
ch2_ohr_ncp_20250303T0915317317_d_img_d18_x09600_y76160.png,0.2798,289.59,559.87,295.17,565.13
ch2_ohr_ncp_20250303T0915317317_d_img_d18_x09600_y76160.png,0.2705,370.02,605.7,375.54,611.28
ch2_ohr_ncp_20250303T0915317317_d_img_d18_x09600_y76160.png,0.2544,143.99,288.22,151.37,295.9
ch2_ohr_ncp_20250303T0915317317_d_img_d18_x09600_y76160.png,0.2364,175.16,330.15,180.92,337.1
ch2_ohr_ncp_20250303T0915317317_d_img_d18_x09600_y76160.png,0.2193,425.94,576.74,430.33,581.89
ch2_ohr_ncp_20250303T0915317317_d_img_d18_x09600_y76160.png,0.2106,116.23,463.31,122.37,468.29
ch2_ohr_ncp_20250303T0915317317_d_img_d18_x09600_y76160.png,0.2005,324.07,594.84,330.15,598.96
ch2_ohr_ncp_20250303T0915317317_d_img_d18_x09600_y82560.png,0.3046,614.68,16.27,625.25,25.11
ch2_ohr_ncp_20250303T0915317317_d_img_d18_x09600_y82560.png,0.2292,632.59,38.8,638.74,44.45
ch2_ohr_ncp_20250303T0915317317_d_img_d18_x10240_y82560.png,0.2666,219.21,30.17,225.64,35.82
ch2_ohr_ncp_20250303T0915317317_d_img_d18_x10240_y82560.png,0.2649,21.62,47.59,33.76,58.41
ch2_ohr_ncp_20250303T0915317317_d_img_d18_x10240_y82560.png,0.2396,61.12,3.32,69.17,11.08
ch2_ohr_ncp_20250303T0915317317_d_img_d18_x10240_y82560.png,0.2247,576.0,0.05,587.88,7.47
ch2_ohr_ncp_20250303T0915317317_d_img_d18_x11520_y78080.png,0.2387,151.14,25.71,155.62,30.03
ch2_ohr_ncp_20250303T0915317317_d_img_d18_x11520_y78080.png,0.2065,314.85,179.74,335.17,199.53
ch2_ohr_ncp_20250303T0915317317_d_img_d18_x11520_y78080.png,0.2005,0.3,398.86,8.42,410.66
ch2_ohr_ncp_20250303T0915317317_d_img_d18_x11520_y80000.png,0.3904,263.94,626.33,271.11,633.0
ch2_ohr_ncp_20250303T0915317317_d_img_d18_x11520_y80000.png,0.3074,141.21,617.33,148.12,623.78
ch2_ohr_ncp_20250303T0915317317_d_img_d18_x11520_y80000.png,0.2472,9.94,601.8,19.03,609.96
ch2_ohr_ncp_20250303T0915317317_d_img_d18_x11520_y80000.png,0.2415,65.72,331.38,72.75,337.29
ch2_ohr_ncp_20250303T0915317317_d_img_d18_x11520_y80000.png,0.2309,367.65,628.49,372.68,633.34
ch2_ohr_ncp_20250303T0915317317_d_img_d18_x11520_y80000.png,0.2044,65.71,618.32,73.96,626.16
ch2_ohr_ncp_20250303T0915317317_d_img_d18_x11520_y81920.png,0.3007,238.05,2.8,244.37,8.59
ch2_ohr_ncp_20250303T1114102638_d_img_d18_x00000_y38400.png,0.2582,162.68,624.91,168.18,631.55
ch2_ohr_ncp_20250303T1114102638_d_img_d18_x00000_y38400.png,0.2456,162.89,625.5,169.19,634.43
ch2_ohr_ncp_20250303T1114102638_d_img_d18_x00000_y38400.png,0.2336,134.13,361.95,140.74,368.32
ch2_ohr_ncp_20250303T1114102638_d_img_d18_x00000_y38400.png,0.2143,185.85,536.13,192.58,544.52
ch2_ohr_ncp_20250303T1114102638_d_img_d18_x00000_y57600.png,0.2678,349.5,5.32,365.03,20.24
ch2_ohr_ncp_20250303T1114102638_d_img_d18_x00000_y79360.png,0.3195,522.86,442.88,527.42,449.65
ch2_ohr_ncp_20250303T1114102638_d_img_d18_x00000_y79360.png,0.2389,331.98,504.06,336.92,510.13
ch2_ohr_ncp_20250303T1114102638_d_img_d18_x00000_y79360.png,0.2074,496.22,601.06,501.56,607.01
ch2_ohr_ncp_20250303T1114102638_d_img_d18_x00000_y79360.png,0.2031,238.56,250.23,243.79,256.15
ch2_ohr_ncp_20250303T1114102638_d_img_d18_x00000_y79360.png,0.2016,355.57,450.79,364.55,461.29
ch2_ohr_ncp_20250303T1114102638_d_img_d18_x00640_y39680.png,0.303,33.88,551.78,110.79,638.7
ch2_ohr_ncp_20250303T1114102638_d_img_d18_x00640_y39680.png,0.2026,142.61,575.32,150.74,581.76
ch2_ohr_ncp_20250303T1114102638_d_img_d18_x00640_y79360.png,0.2221,17.89,474.84,25.21,482.85
ch2_ohr_ncp_20250303T1114102638_d_img_d18_x00640_y79360.png,0.2203,520.81,433.85,527.57,440.13
ch2_ohr_ncp_20250303T1114102638_d_img_d18_x00640_y79360.png,0.216,109.58,537.51,116.51,545.35
ch2_ohr_ncp_20250303T1114102638_d_img_d18_x01280_y37760.png,0.2408,209.74,241.58,215.22,247.18
ch2_ohr_ncp_20250303T1114102638_d_img_d18_x01280_y37760.png,0.2224,155.14,201.76,161.15,206.97
ch2_ohr_ncp_20250303T1114102638_d_img_d18_x01280_y37760.png,0.2133,303.43,219.41,308.79,225.88
ch2_ohr_ncp_20250303T1114102638_d_img_d18_x01280_y44160.png,0.3357,134.5,176.7,176.29,239.79
ch2_ohr_ncp_20250303T1114102638_d_img_d18_x01280_y44160.png,0.3046,74.19,196.39,80.55,203.34
ch2_ohr_ncp_20250303T1114102638_d_img_d18_x01280_y44160.png,0.3038,422.73,202.8,427.64,208.41
ch2_ohr_ncp_20250303T1114102638_d_img_d18_x01280_y44160.png,0.2727,359.48,245.1,382.7,284.07
ch2_ohr_ncp_20250303T1114102638_d_img_d18_x01280_y44160.png,0.2682,411.69,182.99,416.62,187.98
ch2_ohr_ncp_20250303T1114102638_d_img_d18_x01280_y44160.png,0.2671,12.23,461.32,17.4,466.33
ch2_ohr_ncp_20250303T1114102638_d_img_d18_x01280_y44160.png,0.2579,93.02,567.09,97.86,574.87
ch2_ohr_ncp_20250303T1114102638_d_img_d18_x01280_y44160.png,0.2509,519.12,20.6,524.72,25.52
ch2_ohr_ncp_20250303T1114102638_d_img_d18_x01280_y44160.png,0.249,396.16,80.26,402.16,86.37
ch2_ohr_ncp_20250303T1114102638_d_img_d18_x01280_y44160.png,0.2452,108.97,421.5,134.5,456.05
ch2_ohr_ncp_20250303T1114102638_d_img_d18_x01280_y44160.png,0.2415,302.91,0.04,312.6,8.82
ch2_ohr_ncp_20250303T1114102638_d_img_d18_x01280_y44160.png,0.2347,223.09,109.51,228.64,118.95
ch2_ohr_ncp_20250303T1114102638_d_img_d18_x01280_y44160.png,0.233,590.61,94.69,597.95,102.72
ch2_ohr_ncp_20250303T1114102638_d_img_d18_x01280_y44160.png,0.2317,580.8,42.66,586.67,49.19
ch2_ohr_ncp_20250303T1114102638_d_img_d18_x01280_y44160.png,0.2285,107.32,495.83,113.29,501.84
ch2_ohr_ncp_20250303T1114102638_d_img_d18_x01280_y44160.png,0.2283,80.62,171.48,85.97,175.9
ch2_ohr_ncp_20250303T1114102638_d_img_d18_x01280_y44160.png,0.2207,431.37,235.16,436.9,240.26
ch2_ohr_ncp_20250303T1114102638_d_img_d18_x01280_y44160.png,0.2172,69.78,219.01,75.29,224.99
ch2_ohr_ncp_20250303T1114102638_d_img_d18_x01280_y44160.png,0.2167,411.47,77.84,416.01,82.02
ch2_ohr_ncp_20250303T1114102638_d_img_d18_x01280_y44160.png,0.2157,135.24,117.74,141.27,125.27
ch2_ohr_ncp_20250303T1114102638_d_img_d18_x01280_y44160.png,0.2133,579.34,16.93,587.85,25.43
ch2_ohr_ncp_20250303T1114102638_d_img_d18_x01280_y44160.png,0.2119,39.61,587.58,45.01,594.26
ch2_ohr_ncp_20250303T1114102638_d_img_d18_x01280_y44160.png,0.2111,433.54,226.93,438.26,232.03
ch2_ohr_ncp_20250303T1114102638_d_img_d18_x01280_y44160.png,0.2104,90.46,551.94,95.61,557.91
ch2_ohr_ncp_20250303T1114102638_d_img_d18_x01280_y44160.png,0.2073,497.26,126.68,502.03,131.96
ch2_ohr_ncp_20250303T1114102638_d_img_d18_x01280_y44800.png,0.2029,356.95,451.24,362.89,457.96
ch2_ohr_ncp_20250303T1114102638_d_img_d18_x01280_y60800.png,0.2249,499.98,1.08,525.62,48.14
ch2_ohr_ncp_20250303T1114102638_d_img_d18_x01280_y76160.png,0.3016,450.83,554.22,495.12,631.81
ch2_ohr_ncp_20250303T1114102638_d_img_d18_x01280_y76160.png,0.273,629.01,251.57,637.26,259.8
ch2_ohr_ncp_20250303T1114102638_d_img_d18_x01280_y84480.png,0.3064,577.96,318.91,633.35,385.42
ch2_ohr_ncp_20250303T1114102638_d_img_d18_x01920_y28800.png,0.2518,360.97,406.81,368.16,414.72
ch2_ohr_ncp_20250303T1114102638_d_img_d18_x01920_y44800.png,0.2299,602.32,484.65,634.65,533.37
ch2_ohr_ncp_20250303T1114102638_d_img_d18_x01920_y59520.png,0.2216,615.79,0.22,634.11,22.07
ch2_ohr_ncp_20250303T1114102638_d_img_d18_x01920_y62720.png,0.2774,54.27,1.55,62.07,10.68
ch2_ohr_ncp_20250303T1114102638_d_img_d18_x01920_y62720.png,0.2628,430.83,49.84,436.26,55.57
ch2_ohr_ncp_20250303T1114102638_d_img_d18_x01920_y62720.png,0.2623,181.92,62.95,191.35,74.39
ch2_ohr_ncp_20250303T1114102638_d_img_d18_x01920_y62720.png,0.2412,179.91,53.12,185.92,59.84
ch2_ohr_ncp_20250303T1114102638_d_img_d18_x01920_y62720.png,0.2306,371.89,2.76,377.51,9.49
ch2_ohr_ncp_20250303T1114102638_d_img_d18_x01920_y62720.png,0.2294,450.63,217.7,457.13,224.84
ch2_ohr_ncp_20250303T1114102638_d_img_d18_x01920_y63360.png,0.3324,122.24,274.61,129.62,281.83
ch2_ohr_ncp_20250303T1114102638_d_img_d18_x01920_y63360.png,0.2956,170.61,110.97,176.21,115.49
ch2_ohr_ncp_20250303T1114102638_d_img_d18_x01920_y63360.png,0.2326,117.51,178.26,160.79,249.2
ch2_ohr_ncp_20250303T1114102638_d_img_d18_x01920_y63360.png,0.2278,177.97,525.79,217.31,578.56
ch2_ohr_ncp_20250303T1114102638_d_img_d18_x01920_y63360.png,0.2272,170.75,0.0,178.9,2.82
ch2_ohr_ncp_20250303T1114102638_d_img_d18_x01920_y63360.png,0.2228,153.81,114.16,158.63,118.93
ch2_ohr_ncp_20250303T1114102638_d_img_d18_x01920_y63360.png,0.2216,327.62,351.85,337.14,361.3
ch2_ohr_ncp_20250303T1114102638_d_img_d18_x01920_y63360.png,0.2181,224.78,624.78,229.71,629.51
ch2_ohr_ncp_20250303T1114102638_d_img_d18_x01920_y63360.png,0.2093,131.97,122.4,138.14,129.64
ch2_ohr_ncp_20250303T1114102638_d_img_d18_x01920_y63360.png,0.2026,150.21,86.08,154.94,91.5
ch2_ohr_ncp_20250303T1114102638_d_img_d18_x01920_y64000.png,0.2941,383.42,387.33,458.64,496.99
ch2_ohr_ncp_20250303T1114102638_d_img_d18_x01920_y64000.png,0.2339,402.55,399.57,457.73,499.6
ch2_ohr_ncp_20250303T1114102638_d_img_d18_x01920_y68480.png,0.2334,372.7,30.19,377.66,34.9
ch2_ohr_ncp_20250303T1114102638_d_img_d18_x01920_y81920.png,0.2112,603.09,547.24,636.85,600.21
ch2_ohr_ncp_20250303T1114102638_d_img_d18_x02560_y63360.png,0.367,580.2,15.03,586.23,22.15
ch2_ohr_ncp_20250303T1114102638_d_img_d18_x02560_y63360.png,0.3349,479.47,17.17,488.87,27.62
ch2_ohr_ncp_20250303T1114102638_d_img_d18_x02560_y63360.png,0.3275,419.45,34.64,428.47,44.99
ch2_ohr_ncp_20250303T1114102638_d_img_d18_x02560_y63360.png,0.2718,595.11,34.58,600.65,40.87
ch2_ohr_ncp_20250303T1114102638_d_img_d18_x02560_y63360.png,0.2704,355.07,0.06,389.02,21.04
ch2_ohr_ncp_20250303T1114102638_d_img_d18_x02560_y63360.png,0.2699,481.93,81.76,488.13,90.03
ch2_ohr_ncp_20250303T1114102638_d_img_d18_x02560_y63360.png,0.2683,557.99,44.57,562.14,50.17
ch2_ohr_ncp_20250303T1114102638_d_img_d18_x02560_y63360.png,0.2384,507.7,77.41,513.68,83.56
ch2_ohr_ncp_20250303T1114102638_d_img_d18_x02560_y63360.png,0.2376,413.43,55.94,417.78,60.66
ch2_ohr_ncp_20250303T1114102638_d_img_d18_x02560_y63360.png,0.2198,502.89,160.04,510.2,168.19
ch2_ohr_ncp_20250303T1114102638_d_img_d18_x02560_y63360.png,0.2064,527.2,116.59,532.79,121.66
ch2_ohr_ncp_20250303T1114102638_d_img_d18_x02560_y63360.png,0.2043,573.03,8.37,578.56,14.54
ch2_ohr_ncp_20250303T1114102638_d_img_d18_x02560_y63360.png,0.2024,482.82,83.23,488.97,89.98
ch2_ohr_ncp_20250303T1114102638_d_img_d18_x02560_y63360.png,0.201,558.92,44.79,563.15,50.26
ch2_ohr_ncp_20250303T1114102638_d_img_d18_x02560_y65280.png,0.3685,142.72,298.71,149.78,306.44
ch2_ohr_ncp_20250303T1114102638_d_img_d18_x02560_y65280.png,0.2844,134.83,243.4,146.6,254.96
ch2_ohr_ncp_20250303T1114102638_d_img_d18_x02560_y65280.png,0.265,289.5,553.88,295.15,561.97
ch2_ohr_ncp_20250303T1114102638_d_img_d18_x02560_y65280.png,0.2612,45.27,190.86,75.59,220.47
ch2_ohr_ncp_20250303T1114102638_d_img_d18_x02560_y65280.png,0.2601,202.02,216.1,207.35,221.13
ch2_ohr_ncp_20250303T1114102638_d_img_d18_x02560_y65280.png,0.2501,199.28,204.31,204.78,210.36
ch2_ohr_ncp_20250303T1114102638_d_img_d18_x02560_y65280.png,0.2466,137.85,282.39,143.63,289.16
ch2_ohr_ncp_20250303T1114102638_d_img_d18_x02560_y65280.png,0.2462,285.83,188.7,292.02,194.78
ch2_ohr_ncp_20250303T1114102638_d_img_d18_x02560_y65280.png,0.2426,110.99,190.03,118.63,199.95
ch2_ohr_ncp_20250303T1114102638_d_img_d18_x02560_y65280.png,0.2372,177.64,196.85,183.41,203.46
ch2_ohr_ncp_20250303T1114102638_d_img_d18_x02560_y65280.png,0.232,168.05,275.51,174.17,281.0
ch2_ohr_ncp_20250303T1114102638_d_img_d18_x02560_y65280.png,0.2275,156.34,160.0,174.43,183.49
ch2_ohr_ncp_20250303T1114102638_d_img_d18_x02560_y65280.png,0.2244,163.81,334.37,171.63,343.53
ch2_ohr_ncp_20250303T1114102638_d_img_d18_x02560_y65280.png,0.2227,115.88,171.29,121.21,176.28
ch2_ohr_ncp_20250303T1114102638_d_img_d18_x02560_y65280.png,0.2184,288.4,544.62,293.67,550.43
ch2_ohr_ncp_20250303T1114102638_d_img_d18_x02560_y65280.png,0.2128,227.8,318.86,232.37,324.07
ch2_ohr_ncp_20250303T1114102638_d_img_d18_x02560_y65280.png,0.208,241.28,123.3,246.96,128.98
ch2_ohr_ncp_20250303T1114102638_d_img_d18_x02560_y65280.png,0.2068,148.67,137.23,155.11,144.17
ch2_ohr_ncp_20250303T1114102638_d_img_d18_x02560_y65280.png,0.2028,36.25,126.47,43.71,134.19
ch2_ohr_ncp_20250303T1114102638_d_img_d18_x02560_y76800.png,0.3693,538.63,68.8,546.35,76.61
ch2_ohr_ncp_20250303T1114102638_d_img_d18_x02560_y76800.png,0.3086,40.59,150.97,45.55,156.83
ch2_ohr_ncp_20250303T1114102638_d_img_d18_x02560_y76800.png,0.3073,365.9,48.08,371.93,53.71
ch2_ohr_ncp_20250303T1114102638_d_img_d18_x02560_y76800.png,0.3059,131.92,29.6,137.03,34.52
ch2_ohr_ncp_20250303T1114102638_d_img_d18_x02560_y76800.png,0.2936,172.83,0.0,182.58,7.92
ch2_ohr_ncp_20250303T1114102638_d_img_d18_x02560_y76800.png,0.2871,318.0,127.36,325.61,136.67
ch2_ohr_ncp_20250303T1114102638_d_img_d18_x02560_y76800.png,0.2804,202.97,62.83,209.76,69.92
ch2_ohr_ncp_20250303T1114102638_d_img_d18_x02560_y76800.png,0.2627,47.02,137.28,53.63,144.4
ch2_ohr_ncp_20250303T1114102638_d_img_d18_x02560_y76800.png,0.2616,292.98,129.42,299.28,135.68
ch2_ohr_ncp_20250303T1114102638_d_img_d18_x02560_y76800.png,0.2578,335.64,10.54,343.78,18.37
ch2_ohr_ncp_20250303T1114102638_d_img_d18_x02560_y76800.png,0.2555,263.69,8.15,269.75,14.31
ch2_ohr_ncp_20250303T1114102638_d_img_d18_x02560_y76800.png,0.2528,594.13,39.61,605.29,51.55
ch2_ohr_ncp_20250303T1114102638_d_img_d18_x02560_y76800.png,0.2518,266.02,66.29,272.33,73.87
ch2_ohr_ncp_20250303T1114102638_d_img_d18_x02560_y76800.png,0.2518,119.54,40.43,128.29,47.97
ch2_ohr_ncp_20250303T1114102638_d_img_d18_x02560_y76800.png,0.2276,176.74,136.41,181.66,141.69
ch2_ohr_ncp_20250303T1114102638_d_img_d18_x02560_y76800.png,0.2273,580.43,79.36,587.66,88.54
ch2_ohr_ncp_20250303T1114102638_d_img_d18_x02560_y76800.png,0.2249,274.77,39.9,279.53,45.3
ch2_ohr_ncp_20250303T1114102638_d_img_d18_x02560_y76800.png,0.2234,152.15,439.62,199.84,481.95
ch2_ohr_ncp_20250303T1114102638_d_img_d18_x02560_y76800.png,0.2185,141.02,549.28,147.48,553.78
ch2_ohr_ncp_20250303T1114102638_d_img_d18_x02560_y76800.png,0.2082,444.66,246.83,453.34,255.36
ch2_ohr_ncp_20250303T1114102638_d_img_d18_x02560_y76800.png,0.2072,573.58,162.18,580.42,169.31
ch2_ohr_ncp_20250303T1114102638_d_img_d18_x02560_y76800.png,0.2033,132.53,42.03,137.21,48.16
ch2_ohr_ncp_20250303T1114102638_d_img_d18_x02560_y76800.png,0.2032,1.55,1.48,15.5,23.55
ch2_ohr_ncp_20250303T1114102638_d_img_d18_x02560_y76800.png,0.2024,509.13,11.76,516.4,19.86
ch2_ohr_ncp_20250303T1114102638_d_img_d18_x02560_y76800.png,0.2014,88.87,179.61,98.07,186.07
ch2_ohr_ncp_20250303T1114102638_d_img_d18_x02560_y78080.png,0.2297,17.93,123.04,25.14,130.59
ch2_ohr_ncp_20250303T1114102638_d_img_d18_x02560_y78080.png,0.2032,198.31,473.03,205.07,481.28
ch2_ohr_ncp_20250303T1114102638_d_img_d18_x02560_y83200.png,0.2008,69.56,0.08,76.71,7.54
ch2_ohr_ncp_20250303T1114102638_d_img_d18_x02560_y85120.png,0.2786,423.16,82.48,447.38,109.23
ch2_ohr_ncp_20250303T1114102638_d_img_d18_x03200_y55040.png,0.2378,387.81,218.39,393.42,225.05
ch2_ohr_ncp_20250303T1114102638_d_img_d18_x03200_y64640.png,0.3725,389.41,237.01,397.26,245.73
ch2_ohr_ncp_20250303T1114102638_d_img_d18_x03200_y64640.png,0.3213,102.6,0.52,108.21,5.77
ch2_ohr_ncp_20250303T1114102638_d_img_d18_x03200_y64640.png,0.2913,340.28,146.97,345.75,152.08
ch2_ohr_ncp_20250303T1114102638_d_img_d18_x03200_y64640.png,0.2828,196.26,44.78,203.74,52.87
ch2_ohr_ncp_20250303T1114102638_d_img_d18_x03200_y64640.png,0.2805,395.49,248.87,400.62,254.51
ch2_ohr_ncp_20250303T1114102638_d_img_d18_x03200_y64640.png,0.264,101.49,192.31,108.01,198.55
ch2_ohr_ncp_20250303T1114102638_d_img_d18_x03200_y64640.png,0.2488,218.77,33.84,224.88,41.25
ch2_ohr_ncp_20250303T1114102638_d_img_d18_x03200_y64640.png,0.2423,101.53,237.0,107.93,246.86
ch2_ohr_ncp_20250303T1114102638_d_img_d18_x03200_y64640.png,0.2393,416.83,174.93,423.37,182.2
ch2_ohr_ncp_20250303T1114102638_d_img_d18_x03200_y64640.png,0.2246,99.58,156.45,107.43,163.42
ch2_ohr_ncp_20250303T1114102638_d_img_d18_x03200_y64640.png,0.2223,238.44,57.66,243.37,64.23
ch2_ohr_ncp_20250303T1114102638_d_img_d18_x03200_y64640.png,0.2084,425.26,136.75,433.48,146.45
ch2_ohr_ncp_20250303T1114102638_d_img_d18_x03200_y64640.png,0.2068,427.64,140.11,434.0,146.58
ch2_ohr_ncp_20250303T1114102638_d_img_d18_x03200_y64640.png,0.2014,262.42,186.13,268.86,192.37
ch2_ohr_ncp_20250303T1114102638_d_img_d18_x03200_y64640.png,0.201,191.68,332.59,197.41,340.31
ch2_ohr_ncp_20250303T1114102638_d_img_d18_x03200_y65920.png,0.3314,490.99,547.34,497.96,553.27
ch2_ohr_ncp_20250303T1114102638_d_img_d18_x03200_y65920.png,0.3153,564.07,250.46,570.36,257.32
ch2_ohr_ncp_20250303T1114102638_d_img_d18_x03200_y65920.png,0.315,604.28,596.16,612.22,604.63
ch2_ohr_ncp_20250303T1114102638_d_img_d18_x03200_y65920.png,0.2954,482.52,429.47,488.53,437.19
ch2_ohr_ncp_20250303T1114102638_d_img_d18_x03200_y65920.png,0.2946,546.53,325.78,551.43,331.49
ch2_ohr_ncp_20250303T1114102638_d_img_d18_x03200_y65920.png,0.2619,559.84,491.29,565.51,495.69
ch2_ohr_ncp_20250303T1114102638_d_img_d18_x03200_y65920.png,0.2559,614.72,565.19,620.52,571.56
ch2_ohr_ncp_20250303T1114102638_d_img_d18_x03200_y65920.png,0.2554,469.62,594.22,477.75,603.02
ch2_ohr_ncp_20250303T1114102638_d_img_d18_x03200_y65920.png,0.2487,501.15,564.1,507.8,570.41
ch2_ohr_ncp_20250303T1114102638_d_img_d18_x03200_y65920.png,0.2446,602.58,66.37,608.06,73.87
ch2_ohr_ncp_20250303T1114102638_d_img_d18_x03200_y65920.png,0.2312,594.52,76.09,601.02,82.02
ch2_ohr_ncp_20250303T1114102638_d_img_d18_x03200_y65920.png,0.2291,621.03,103.98,628.2,110.86
ch2_ohr_ncp_20250303T1114102638_d_img_d18_x03200_y65920.png,0.2248,556.61,334.82,562.25,339.91
ch2_ohr_ncp_20250303T1114102638_d_img_d18_x03200_y65920.png,0.2238,528.15,564.6,533.97,569.64
ch2_ohr_ncp_20250303T1114102638_d_img_d18_x03200_y65920.png,0.2156,524.65,344.9,529.28,350.52
ch2_ohr_ncp_20250303T1114102638_d_img_d18_x03200_y65920.png,0.2145,547.31,325.26,552.4,330.72
ch2_ohr_ncp_20250303T1114102638_d_img_d18_x03200_y65920.png,0.204,561.59,525.18,566.96,531.26
ch2_ohr_ncp_20250303T1114102638_d_img_d18_x03200_y66560.png,0.402,136.35,406.24,146.84,429.74
ch2_ohr_ncp_20250303T1114102638_d_img_d18_x03200_y66560.png,0.3281,441.67,609.43,447.75,615.72
ch2_ohr_ncp_20250303T1114102638_d_img_d18_x03200_y66560.png,0.3267,399.13,376.84,405.88,383.55
ch2_ohr_ncp_20250303T1114102638_d_img_d18_x03200_y66560.png,0.292,391.87,506.02,398.09,511.9
ch2_ohr_ncp_20250303T1114102638_d_img_d18_x03200_y66560.png,0.2875,33.46,590.6,72.64,634.72
ch2_ohr_ncp_20250303T1114102638_d_img_d18_x03200_y66560.png,0.2764,450.35,285.68,456.39,292.53
ch2_ohr_ncp_20250303T1114102638_d_img_d18_x03200_y66560.png,0.2593,414.53,376.87,419.3,382.2
ch2_ohr_ncp_20250303T1114102638_d_img_d18_x03200_y66560.png,0.2548,395.04,588.48,400.89,593.28
ch2_ohr_ncp_20250303T1114102638_d_img_d18_x03200_y66560.png,0.2432,438.89,302.29,445.19,307.32
ch2_ohr_ncp_20250303T1114102638_d_img_d18_x03200_y66560.png,0.2377,399.52,376.21,405.47,381.99
ch2_ohr_ncp_20250303T1114102638_d_img_d18_x03200_y66560.png,0.2254,565.09,470.38,571.18,476.43
ch2_ohr_ncp_20250303T1114102638_d_img_d18_x03200_y66560.png,0.2254,455.18,608.23,461.32,615.49
ch2_ohr_ncp_20250303T1114102638_d_img_d18_x03200_y66560.png,0.215,58.71,541.47,63.89,547.76
ch2_ohr_ncp_20250303T1114102638_d_img_d18_x03200_y68480.png,0.2703,263.14,408.89,269.59,414.92
ch2_ohr_ncp_20250303T1114102638_d_img_d18_x03200_y68480.png,0.208,269.19,200.38,276.57,209.4
ch2_ohr_ncp_20250303T1114102638_d_img_d18_x03200_y68480.png,0.2078,165.88,378.25,236.21,455.33
ch2_ohr_ncp_20250303T1114102638_d_img_d18_x03200_y68480.png,0.2027,179.64,382.73,238.45,450.48
ch2_ohr_ncp_20250303T1114102638_d_img_d18_x03200_y76800.png,0.2145,47.67,155.88,52.26,163.43
ch2_ohr_ncp_20250303T1114102638_d_img_d18_x03200_y76800.png,0.202,183.41,127.63,190.57,134.1
ch2_ohr_ncp_20250303T1114102638_d_img_d18_x03200_y80000.png,0.226,511.19,378.49,569.12,465.32
ch2_ohr_ncp_20250303T1114102638_d_img_d18_x03840_y43520.png,0.3263,64.81,257.12,113.17,335.72
ch2_ohr_ncp_20250303T1114102638_d_img_d18_x03840_y46720.png,0.3599,526.47,402.73,547.93,451.86
ch2_ohr_ncp_20250303T1114102638_d_img_d18_x03840_y46720.png,0.3155,418.03,305.9,492.97,416.83
ch2_ohr_ncp_20250303T1114102638_d_img_d18_x03840_y46720.png,0.2707,452.95,358.8,490.85,425.99
ch2_ohr_ncp_20250303T1114102638_d_img_d18_x03840_y46720.png,0.2627,436.79,317.71,496.88,431.18
ch2_ohr_ncp_20250303T1114102638_d_img_d18_x03840_y46720.png,0.2478,506.08,385.21,522.92,392.9
ch2_ohr_ncp_20250303T1114102638_d_img_d18_x03840_y46720.png,0.2345,412.44,299.71,481.05,364.57
ch2_ohr_ncp_20250303T1114102638_d_img_d18_x03840_y46720.png,0.2333,416.59,302.54,488.65,387.11
ch2_ohr_ncp_20250303T1114102638_d_img_d18_x03840_y46720.png,0.2322,563.52,479.41,570.74,487.75
ch2_ohr_ncp_20250303T1114102638_d_img_d18_x03840_y46720.png,0.2234,507.31,543.54,553.76,586.48
ch2_ohr_ncp_20250303T1114102638_d_img_d18_x03840_y67200.png,0.3133,229.46,297.75,237.2,304.81
ch2_ohr_ncp_20250303T1114102638_d_img_d18_x03840_y67200.png,0.3034,303.65,138.32,310.56,144.6
ch2_ohr_ncp_20250303T1114102638_d_img_d18_x03840_y67200.png,0.2903,479.43,183.23,485.5,189.82
ch2_ohr_ncp_20250303T1114102638_d_img_d18_x03840_y67200.png,0.2778,544.31,231.82,548.87,237.1
ch2_ohr_ncp_20250303T1114102638_d_img_d18_x03840_y67200.png,0.2628,480.47,182.43,485.4,188.63
ch2_ohr_ncp_20250303T1114102638_d_img_d18_x03840_y67200.png,0.2591,519.81,226.9,526.43,232.4
ch2_ohr_ncp_20250303T1114102638_d_img_d18_x03840_y67200.png,0.2401,456.14,174.82,461.31,180.27
ch2_ohr_ncp_20250303T1114102638_d_img_d18_x03840_y67200.png,0.2341,145.31,234.68,150.66,241.29
ch2_ohr_ncp_20250303T1114102638_d_img_d18_x03840_y67200.png,0.2298,101.47,529.77,108.89,537.7
ch2_ohr_ncp_20250303T1114102638_d_img_d18_x03840_y67200.png,0.218,420.11,20.42,427.03,26.47
ch2_ohr_ncp_20250303T1114102638_d_img_d18_x03840_y67200.png,0.2172,411.73,125.74,417.56,133.59
ch2_ohr_ncp_20250303T1114102638_d_img_d18_x03840_y67200.png,0.217,359.04,129.03,364.96,135.75
ch2_ohr_ncp_20250303T1114102638_d_img_d18_x03840_y67200.png,0.2157,123.85,249.47,128.78,256.99
ch2_ohr_ncp_20250303T1114102638_d_img_d18_x03840_y67200.png,0.2152,194.17,168.83,201.34,177.1
ch2_ohr_ncp_20250303T1114102638_d_img_d18_x03840_y67200.png,0.2107,327.57,145.77,332.77,151.41
ch2_ohr_ncp_20250303T1114102638_d_img_d18_x03840_y69760.png,0.2153,287.54,559.4,293.12,565.51
ch2_ohr_ncp_20250303T1114102638_d_img_d18_x03840_y76160.png,0.2175,366.57,549.72,378.03,563.45
ch2_ohr_ncp_20250303T1114102638_d_img_d18_x04480_y38400.png,0.2856,446.49,0.35,457.46,10.85
ch2_ohr_ncp_20250303T1114102638_d_img_d18_x04480_y38400.png,0.2786,393.42,212.53,400.44,219.66
ch2_ohr_ncp_20250303T1114102638_d_img_d18_x04480_y38400.png,0.2569,338.83,31.93,345.21,37.58
ch2_ohr_ncp_20250303T1114102638_d_img_d18_x04480_y38400.png,0.2178,452.57,86.23,458.75,91.83
ch2_ohr_ncp_20250303T1114102638_d_img_d18_x04480_y38400.png,0.2151,467.81,74.89,473.83,81.2
ch2_ohr_ncp_20250303T1114102638_d_img_d18_x04480_y44800.png,0.3461,267.42,521.41,282.93,543.96
ch2_ohr_ncp_20250303T1114102638_d_img_d18_x04480_y44800.png,0.2732,255.71,0.67,264.99,9.54
ch2_ohr_ncp_20250303T1114102638_d_img_d18_x04480_y44800.png,0.2648,275.66,98.59,282.09,105.7
ch2_ohr_ncp_20250303T1114102638_d_img_d18_x04480_y44800.png,0.2222,311.65,90.64,317.68,96.22
ch2_ohr_ncp_20250303T1114102638_d_img_d18_x04480_y64000.png,0.2405,0.06,84.94,21.43,134.09
ch2_ohr_ncp_20250303T1114102638_d_img_d18_x04480_y64000.png,0.219,157.88,529.34,164.73,537.1
ch2_ohr_ncp_20250303T1114102638_d_img_d18_x04480_y64000.png,0.2081,271.31,629.1,276.17,635.13
ch2_ohr_ncp_20250303T1114102638_d_img_d18_x04480_y64000.png,0.2037,139.51,1.38,144.24,7.58
ch2_ohr_ncp_20250303T1114102638_d_img_d18_x04480_y65920.png,0.2679,454.13,559.87,460.59,567.44
ch2_ohr_ncp_20250303T1114102638_d_img_d18_x04480_y65920.png,0.237,465.02,571.4,471.88,579.43
ch2_ohr_ncp_20250303T1114102638_d_img_d18_x04480_y65920.png,0.2009,556.38,618.25,565.1,626.28
ch2_ohr_ncp_20250303T1114102638_d_img_d18_x04480_y67200.png,0.292,54.37,300.79,60.88,307.62
ch2_ohr_ncp_20250303T1114102638_d_img_d18_x04480_y67200.png,0.2626,298.52,364.84,303.4,370.58
ch2_ohr_ncp_20250303T1114102638_d_img_d18_x04480_y67200.png,0.2587,291.65,51.18,297.39,57.82
ch2_ohr_ncp_20250303T1114102638_d_img_d18_x04480_y67200.png,0.2164,26.05,161.21,61.4,209.04
ch2_ohr_ncp_20250303T1114102638_d_img_d18_x04480_y67200.png,0.2042,473.88,229.68,479.4,236.56
ch2_ohr_ncp_20250303T1114102638_d_img_d18_x04480_y67200.png,0.204,299.55,364.42,304.27,370.89
ch2_ohr_ncp_20250303T1114102638_d_img_d18_x04480_y67200.png,0.2039,295.92,352.37,301.15,357.72
ch2_ohr_ncp_20250303T1114102638_d_img_d18_x04480_y67200.png,0.2015,442.97,228.7,448.2,233.86
ch2_ohr_ncp_20250303T1114102638_d_img_d18_x04480_y72960.png,0.2698,631.56,518.99,637.33,524.52
ch2_ohr_ncp_20250303T1114102638_d_img_d18_x04480_y72960.png,0.2569,171.21,94.03,178.57,99.69
ch2_ohr_ncp_20250303T1114102638_d_img_d18_x04480_y72960.png,0.2209,483.34,188.94,511.3,229.36
ch2_ohr_ncp_20250303T1114102638_d_img_d18_x04480_y72960.png,0.2002,316.1,13.56,321.44,20.11
ch2_ohr_ncp_20250303T1114102638_d_img_d18_x04480_y74240.png,0.2273,371.24,0.0,397.23,56.92
ch2_ohr_ncp_20250303T1114102638_d_img_d18_x04480_y74880.png,0.21,567.08,470.37,573.7,477.0
ch2_ohr_ncp_20250303T1114102638_d_img_d18_x04480_y75520.png,0.2549,243.61,350.54,249.6,358.8
ch2_ohr_ncp_20250303T1114102638_d_img_d18_x04480_y75520.png,0.2144,476.82,90.25,540.81,154.07
ch2_ohr_ncp_20250303T1114102638_d_img_d18_x04480_y76800.png,0.2051,108.28,276.39,113.86,281.72
ch2_ohr_ncp_20250303T1114102638_d_img_d18_x05120_y39040.png,0.265,120.42,176.52,192.33,273.98
ch2_ohr_ncp_20250303T1114102638_d_img_d18_x05120_y39040.png,0.2571,166.06,399.94,172.84,406.91
ch2_ohr_ncp_20250303T1114102638_d_img_d18_x05120_y44800.png,0.2093,509.99,512.96,516.03,519.33
ch2_ohr_ncp_20250303T1114102638_d_img_d18_x05120_y49920.png,0.2009,359.01,272.42,365.92,279.76
ch2_ohr_ncp_20250303T1114102638_d_img_d18_x05120_y50560.png,0.2935,12.97,250.03,76.58,325.0
ch2_ohr_ncp_20250303T1114102638_d_img_d18_x05120_y56320.png,0.2373,39.1,574.36,44.95,580.22
ch2_ohr_ncp_20250303T1114102638_d_img_d18_x05120_y56320.png,0.2321,167.96,36.46,172.32,41.55
ch2_ohr_ncp_20250303T1114102638_d_img_d18_x05120_y56960.png,0.2973,522.66,476.79,528.27,482.99
ch2_ohr_ncp_20250303T1114102638_d_img_d18_x05120_y56960.png,0.2759,387.62,1.53,393.55,8.52
ch2_ohr_ncp_20250303T1114102638_d_img_d18_x05120_y56960.png,0.27,570.64,554.36,577.11,559.79
ch2_ohr_ncp_20250303T1114102638_d_img_d18_x05120_y56960.png,0.2684,21.2,117.77,43.44,152.88
ch2_ohr_ncp_20250303T1114102638_d_img_d18_x05120_y56960.png,0.2574,183.15,13.9,189.48,19.56
ch2_ohr_ncp_20250303T1114102638_d_img_d18_x05120_y56960.png,0.2433,570.13,545.58,575.44,550.72
ch2_ohr_ncp_20250303T1114102638_d_img_d18_x05120_y56960.png,0.234,517.01,279.12,534.06,297.3
ch2_ohr_ncp_20250303T1114102638_d_img_d18_x05120_y56960.png,0.2336,36.51,34.92,42.44,42.63
ch2_ohr_ncp_20250303T1114102638_d_img_d18_x05120_y56960.png,0.2243,399.72,178.49,411.54,188.94
ch2_ohr_ncp_20250303T1114102638_d_img_d18_x05120_y56960.png,0.2159,178.03,126.74,182.94,133.68
ch2_ohr_ncp_20250303T1114102638_d_img_d18_x05120_y56960.png,0.2117,82.69,56.68,88.12,61.89
ch2_ohr_ncp_20250303T1114102638_d_img_d18_x05120_y56960.png,0.211,183.02,22.07,189.72,28.33
ch2_ohr_ncp_20250303T1114102638_d_img_d18_x05120_y56960.png,0.207,526.45,430.27,532.14,435.32
ch2_ohr_ncp_20250303T1114102638_d_img_d18_x05120_y56960.png,0.2046,430.91,283.54,436.72,291.33
ch2_ohr_ncp_20250303T1114102638_d_img_d18_x05120_y56960.png,0.2017,371.77,235.8,379.8,243.94
ch2_ohr_ncp_20250303T1114102638_d_img_d18_x05120_y59520.png,0.2591,530.2,331.77,594.02,422.51
ch2_ohr_ncp_20250303T1114102638_d_img_d18_x05120_y62080.png,0.324,243.38,58.06,250.32,65.71
ch2_ohr_ncp_20250303T1114102638_d_img_d18_x05120_y62080.png,0.2998,504.19,131.54,509.28,136.92
ch2_ohr_ncp_20250303T1114102638_d_img_d18_x05120_y62080.png,0.2696,126.74,46.12,133.82,54.59
ch2_ohr_ncp_20250303T1114102638_d_img_d18_x05120_y62080.png,0.2512,554.93,90.71,561.88,98.55
ch2_ohr_ncp_20250303T1114102638_d_img_d18_x05120_y62080.png,0.2443,313.38,4.01,319.13,10.17
ch2_ohr_ncp_20250303T1114102638_d_img_d18_x05120_y62080.png,0.242,339.12,0.0,344.95,3.04
ch2_ohr_ncp_20250303T1114102638_d_img_d18_x05120_y62080.png,0.2374,236.84,44.6,241.65,49.32
ch2_ohr_ncp_20250303T1114102638_d_img_d18_x05120_y62080.png,0.2348,314.17,25.62,318.83,31.36
ch2_ohr_ncp_20250303T1114102638_d_img_d18_x05120_y62080.png,0.2304,463.8,39.47,469.09,46.07
ch2_ohr_ncp_20250303T1114102638_d_img_d18_x05120_y62080.png,0.2276,308.5,58.67,314.6,65.29
ch2_ohr_ncp_20250303T1114102638_d_img_d18_x05120_y62080.png,0.227,271.83,58.71,277.0,64.16
ch2_ohr_ncp_20250303T1114102638_d_img_d18_x05120_y62080.png,0.2025,492.29,127.13,497.19,131.22
ch2_ohr_ncp_20250303T1114102638_d_img_d18_x05120_y62080.png,0.2006,233.57,38.39,242.41,48.97
ch2_ohr_ncp_20250303T1114102638_d_img_d18_x05120_y62720.png,0.2785,54.12,423.2,62.44,432.44
ch2_ohr_ncp_20250303T1114102638_d_img_d18_x05120_y62720.png,0.2722,105.31,482.45,112.75,490.27
ch2_ohr_ncp_20250303T1114102638_d_img_d18_x05120_y62720.png,0.2705,80.14,227.66,85.92,233.02
ch2_ohr_ncp_20250303T1114102638_d_img_d18_x05120_y62720.png,0.2633,190.63,625.83,196.75,631.58
ch2_ohr_ncp_20250303T1114102638_d_img_d18_x05120_y62720.png,0.2585,82.27,211.59,90.45,221.47
ch2_ohr_ncp_20250303T1114102638_d_img_d18_x05120_y62720.png,0.24,211.81,558.4,217.52,565.75
ch2_ohr_ncp_20250303T1114102638_d_img_d18_x05120_y62720.png,0.2319,82.54,238.57,88.19,244.36
ch2_ohr_ncp_20250303T1114102638_d_img_d18_x05120_y62720.png,0.2201,166.35,400.91,171.88,406.25
ch2_ohr_ncp_20250303T1114102638_d_img_d18_x05120_y62720.png,0.2077,119.18,0.0,124.64,5.09
ch2_ohr_ncp_20250303T1114102638_d_img_d18_x05120_y62720.png,0.2043,124.67,504.19,129.09,508.89
ch2_ohr_ncp_20250303T1114102638_d_img_d18_x05120_y62720.png,0.2026,3.94,583.74,9.13,589.82
ch2_ohr_ncp_20250303T1114102638_d_img_d18_x05120_y62720.png,0.2021,79.72,157.85,85.51,165.41
ch2_ohr_ncp_20250303T1114102638_d_img_d18_x05120_y65920.png,0.2011,465.96,590.53,473.99,599.25
ch2_ohr_ncp_20250303T1114102638_d_img_d18_x05120_y72960.png,0.3325,201.18,367.74,207.67,374.03
ch2_ohr_ncp_20250303T1114102638_d_img_d18_x05120_y72960.png,0.3238,218.63,364.28,224.72,369.51
ch2_ohr_ncp_20250303T1114102638_d_img_d18_x05120_y72960.png,0.3113,110.66,7.89,117.28,14.93
ch2_ohr_ncp_20250303T1114102638_d_img_d18_x05120_y72960.png,0.3064,230.12,514.76,237.02,523.39
ch2_ohr_ncp_20250303T1114102638_d_img_d18_x05120_y72960.png,0.2579,146.97,308.86,152.75,314.7
ch2_ohr_ncp_20250303T1114102638_d_img_d18_x05120_y72960.png,0.2516,211.3,357.48,216.11,362.23
ch2_ohr_ncp_20250303T1114102638_d_img_d18_x05120_y72960.png,0.2489,176.39,498.35,183.54,504.74
ch2_ohr_ncp_20250303T1114102638_d_img_d18_x05120_y72960.png,0.2123,230.26,436.05,235.14,442.31
ch2_ohr_ncp_20250303T1114102638_d_img_d18_x05120_y72960.png,0.2072,165.94,44.66,172.47,51.16
ch2_ohr_ncp_20250303T1114102638_d_img_d18_x05120_y72960.png,0.2035,201.54,180.0,206.95,185.57
ch2_ohr_ncp_20250303T1114102638_d_img_d18_x05120_y75520.png,0.2438,39.6,0.06,51.44,13.03
ch2_ohr_ncp_20250303T1114102638_d_img_d18_x05120_y75520.png,0.2134,109.07,21.54,125.29,41.48
ch2_ohr_ncp_20250303T1114102638_d_img_d18_x05120_y86400.png,0.2772,630.17,229.33,637.03,234.63
ch2_ohr_ncp_20250303T1114102638_d_img_d18_x05760_y37120.png,0.3126,265.97,561.22,272.53,569.19
ch2_ohr_ncp_20250303T1114102638_d_img_d18_x05760_y37120.png,0.2962,257.95,0.08,278.49,17.82
ch2_ohr_ncp_20250303T1114102638_d_img_d18_x05760_y37120.png,0.273,140.11,427.63,193.97,490.6
ch2_ohr_ncp_20250303T1114102638_d_img_d18_x05760_y37120.png,0.2345,217.9,0.18,230.07,16.94
ch2_ohr_ncp_20250303T1114102638_d_img_d18_x05760_y37120.png,0.2305,343.96,388.55,349.54,395.69
ch2_ohr_ncp_20250303T1114102638_d_img_d18_x05760_y37120.png,0.2188,105.16,474.36,143.57,534.65
ch2_ohr_ncp_20250303T1114102638_d_img_d18_x05760_y37120.png,0.2019,80.1,102.57,86.59,108.41
ch2_ohr_ncp_20250303T1114102638_d_img_d18_x05760_y37120.png,0.2006,358.73,6.86,366.75,16.66
ch2_ohr_ncp_20250303T1114102638_d_img_d18_x05760_y40320.png,0.2103,363.46,526.9,369.19,532.6
ch2_ohr_ncp_20250303T1114102638_d_img_d18_x05760_y40320.png,0.2085,266.12,0.28,282.94,17.14
ch2_ohr_ncp_20250303T1114102638_d_img_d18_x05760_y40320.png,0.2053,206.76,1.42,223.22,17.75
ch2_ohr_ncp_20250303T1114102638_d_img_d18_x05760_y51840.png,0.2831,268.23,398.91,290.74,457.81
ch2_ohr_ncp_20250303T1114102638_d_img_d18_x05760_y51840.png,0.2021,254.25,380.62,293.34,462.16
ch2_ohr_ncp_20250303T1114102638_d_img_d18_x05760_y58880.png,0.3416,478.09,208.04,483.39,213.57
ch2_ohr_ncp_20250303T1114102638_d_img_d18_x05760_y58880.png,0.2699,402.68,15.57,410.25,23.04
ch2_ohr_ncp_20250303T1114102638_d_img_d18_x05760_y58880.png,0.2457,430.14,23.77,438.53,33.0
ch2_ohr_ncp_20250303T1114102638_d_img_d18_x05760_y58880.png,0.2391,506.98,202.8,514.03,209.85
ch2_ohr_ncp_20250303T1114102638_d_img_d18_x05760_y58880.png,0.2284,467.64,99.76,472.36,104.29
ch2_ohr_ncp_20250303T1114102638_d_img_d18_x05760_y58880.png,0.2223,443.02,220.4,449.45,228.14
ch2_ohr_ncp_20250303T1114102638_d_img_d18_x05760_y58880.png,0.2126,238.6,158.46,245.6,168.26
ch2_ohr_ncp_20250303T1114102638_d_img_d18_x05760_y58880.png,0.2107,437.67,212.86,442.63,217.93
ch2_ohr_ncp_20250303T1114102638_d_img_d18_x05760_y62720.png,0.3802,162.76,61.16,169.01,68.04
ch2_ohr_ncp_20250303T1114102638_d_img_d18_x05760_y62720.png,0.3631,470.13,247.94,476.08,253.92
ch2_ohr_ncp_20250303T1114102638_d_img_d18_x05760_y62720.png,0.3094,433.49,35.5,440.26,42.15
ch2_ohr_ncp_20250303T1114102638_d_img_d18_x05760_y62720.png,0.3051,314.65,158.73,322.16,167.59
ch2_ohr_ncp_20250303T1114102638_d_img_d18_x05760_y62720.png,0.2873,341.73,28.27,346.62,33.1
ch2_ohr_ncp_20250303T1114102638_d_img_d18_x05760_y62720.png,0.2787,478.92,170.49,485.05,177.12
ch2_ohr_ncp_20250303T1114102638_d_img_d18_x05760_y62720.png,0.2727,305.54,160.79,311.0,167.86
ch2_ohr_ncp_20250303T1114102638_d_img_d18_x05760_y62720.png,0.261,412.79,249.2,418.72,257.7
ch2_ohr_ncp_20250303T1114102638_d_img_d18_x05760_y62720.png,0.2575,312.45,148.25,319.02,153.18
ch2_ohr_ncp_20250303T1114102638_d_img_d18_x05760_y62720.png,0.2515,165.59,139.64,171.63,146.34
ch2_ohr_ncp_20250303T1114102638_d_img_d18_x05760_y62720.png,0.2508,311.32,147.92,317.66,153.86
ch2_ohr_ncp_20250303T1114102638_d_img_d18_x05760_y62720.png,0.2484,256.64,52.91,261.15,58.68
ch2_ohr_ncp_20250303T1114102638_d_img_d18_x05760_y62720.png,0.2452,362.1,32.44,367.54,37.9
ch2_ohr_ncp_20250303T1114102638_d_img_d18_x05760_y62720.png,0.2442,373.82,132.3,378.75,137.12
ch2_ohr_ncp_20250303T1114102638_d_img_d18_x05760_y62720.png,0.2413,343.47,58.25,349.44,65.63
ch2_ohr_ncp_20250303T1114102638_d_img_d18_x05760_y62720.png,0.2385,355.42,139.98,362.27,147.15
ch2_ohr_ncp_20250303T1114102638_d_img_d18_x05760_y62720.png,0.2311,374.72,132.43,379.47,136.79
ch2_ohr_ncp_20250303T1114102638_d_img_d18_x05760_y62720.png,0.2235,153.01,107.62,158.92,114.09
ch2_ohr_ncp_20250303T1114102638_d_img_d18_x05760_y62720.png,0.2233,135.58,72.56,140.27,78.0
ch2_ohr_ncp_20250303T1114102638_d_img_d18_x05760_y62720.png,0.2202,251.56,91.43,257.73,98.03
ch2_ohr_ncp_20250303T1114102638_d_img_d18_x05760_y62720.png,0.2129,278.28,0.06,288.53,9.25
ch2_ohr_ncp_20250303T1114102638_d_img_d18_x05760_y62720.png,0.2122,546.04,236.83,552.03,243.78
ch2_ohr_ncp_20250303T1114102638_d_img_d18_x05760_y62720.png,0.2077,302.35,179.78,321.05,205.05
ch2_ohr_ncp_20250303T1114102638_d_img_d18_x05760_y62720.png,0.2029,265.95,56.06,270.71,60.24
ch2_ohr_ncp_20250303T1114102638_d_img_d18_x05760_y86400.png,0.2372,461.44,72.96,468.34,79.17
ch2_ohr_ncp_20250303T1114102638_d_img_d18_x06400_y48000.png,0.2218,290.75,12.81,319.53,55.64
ch2_ohr_ncp_20250303T1114102638_d_img_d18_x06400_y59520.png,0.2568,427.46,271.34,447.65,297.54
ch2_ohr_ncp_20250303T1114102638_d_img_d18_x06400_y59520.png,0.2171,470.1,418.89,475.33,424.86
ch2_ohr_ncp_20250303T1114102638_d_img_d18_x06400_y60800.png,0.2109,306.44,35.41,351.68,105.94
ch2_ohr_ncp_20250303T1114102638_d_img_d18_x06400_y66560.png,0.2533,388.95,579.85,394.32,585.27
ch2_ohr_ncp_20250303T1114102638_d_img_d18_x06400_y66560.png,0.2212,379.35,578.59,386.56,585.09
ch2_ohr_ncp_20250303T1114102638_d_img_d18_x06400_y66560.png,0.2193,428.94,556.66,436.68,564.78
ch2_ohr_ncp_20250303T1114102638_d_img_d18_x06400_y66560.png,0.2127,321.36,191.08,342.89,216.42
ch2_ohr_ncp_20250303T1114102638_d_img_d18_x06400_y67840.png,0.2818,324.37,241.38,330.52,247.74
ch2_ohr_ncp_20250303T1114102638_d_img_d18_x06400_y67840.png,0.2551,631.77,52.77,639.15,60.95
ch2_ohr_ncp_20250303T1114102638_d_img_d18_x06400_y67840.png,0.2364,149.1,4.04,157.71,12.13
ch2_ohr_ncp_20250303T1114102638_d_img_d18_x07040_y42240.png,0.2231,384.98,0.0,443.11,87.36
ch2_ohr_ncp_20250303T1114102638_d_img_d18_x07040_y42880.png,0.2588,457.82,0.0,480.77,40.67
ch2_ohr_ncp_20250303T1114102638_d_img_d18_x07040_y46080.png,0.2996,258.73,94.47,285.43,139.49
ch2_ohr_ncp_20250303T1114102638_d_img_d18_x07040_y46080.png,0.2247,52.62,207.67,59.0,214.08
ch2_ohr_ncp_20250303T1114102638_d_img_d18_x07040_y46080.png,0.219,159.33,39.3,164.89,45.24
ch2_ohr_ncp_20250303T1114102638_d_img_d18_x07040_y46080.png,0.2169,58.81,238.28,64.96,244.29
ch2_ohr_ncp_20250303T1114102638_d_img_d18_x07040_y46080.png,0.2023,607.7,27.27,612.84,33.03
ch2_ohr_ncp_20250303T1114102638_d_img_d18_x07040_y51200.png,0.2353,546.91,541.39,554.54,549.25
ch2_ohr_ncp_20250303T1114102638_d_img_d18_x07040_y51840.png,0.211,509.79,136.57,518.67,144.96
ch2_ohr_ncp_20250303T1114102638_d_img_d18_x07040_y53760.png,0.2197,257.07,137.91,311.17,217.45
ch2_ohr_ncp_20250303T1114102638_d_img_d18_x07040_y78720.png,0.5183,10.44,41.51,18.21,50.08
ch2_ohr_ncp_20250303T1114102638_d_img_d18_x07040_y78720.png,0.3175,26.7,20.55,32.52,27.57
ch2_ohr_ncp_20250303T1114102638_d_img_d18_x07040_y78720.png,0.2261,56.74,112.92,64.31,121.1
ch2_ohr_ncp_20250303T1114102638_d_img_d18_x07040_y78720.png,0.2194,166.71,141.9,172.48,148.91
ch2_ohr_ncp_20250303T1114102638_d_img_d18_x07040_y78720.png,0.2055,116.34,85.86,123.49,93.89
ch2_ohr_ncp_20250303T1114102638_d_img_d18_x07040_y87040.png,0.2549,165.84,5.61,172.01,10.48
ch2_ohr_ncp_20250303T1114102638_d_img_d18_x07040_y87040.png,0.2176,187.14,53.42,195.1,60.97
ch2_ohr_ncp_20250303T1114102638_d_img_d18_x07040_y87040.png,0.2062,207.81,51.77,213.42,57.28
ch2_ohr_ncp_20250303T1114102638_d_img_d18_x07680_y45440.png,0.2677,452.13,512.59,466.73,546.91
ch2_ohr_ncp_20250303T1114102638_d_img_d18_x07680_y46080.png,0.3514,432.43,634.12,439.48,639.83
ch2_ohr_ncp_20250303T1114102638_d_img_d18_x07680_y46080.png,0.309,291.98,40.02,296.63,45.19
ch2_ohr_ncp_20250303T1114102638_d_img_d18_x07680_y46080.png,0.2462,392.33,108.14,397.65,113.96
ch2_ohr_ncp_20250303T1114102638_d_img_d18_x07680_y46080.png,0.2376,204.82,64.82,211.37,71.23
ch2_ohr_ncp_20250303T1114102638_d_img_d18_x07680_y46080.png,0.2136,416.06,448.71,422.28,456.05
ch2_ohr_ncp_20250303T1114102638_d_img_d18_x07680_y46080.png,0.2074,200.91,93.75,205.22,98.38
ch2_ohr_ncp_20250303T1114102638_d_img_d18_x07680_y46080.png,0.2038,264.96,82.32,270.51,87.77
ch2_ohr_ncp_20250303T1114102638_d_img_d18_x07680_y46080.png,0.2036,253.63,74.01,258.99,80.15
ch2_ohr_ncp_20250303T1114102638_d_img_d18_x07680_y48000.png,0.2357,175.92,103.03,181.37,109.42
ch2_ohr_ncp_20250303T1114102638_d_img_d18_x07680_y48000.png,0.2316,270.97,0.54,276.54,6.61
ch2_ohr_ncp_20250303T1114102638_d_img_d18_x07680_y48000.png,0.2247,245.13,44.76,250.88,49.24
ch2_ohr_ncp_20250303T1114102638_d_img_d18_x07680_y48000.png,0.2172,358.15,77.54,363.24,82.46
ch2_ohr_ncp_20250303T1114102638_d_img_d18_x07680_y48000.png,0.2169,244.51,44.59,249.53,49.14
ch2_ohr_ncp_20250303T1114102638_d_img_d18_x07680_y48000.png,0.2154,87.28,88.67,98.63,98.98
ch2_ohr_ncp_20250303T1114102638_d_img_d18_x07680_y48000.png,0.2047,182.75,109.96,189.86,117.37
ch2_ohr_ncp_20250303T1114102638_d_img_d18_x07680_y49280.png,0.3761,437.24,428.79,462.63,462.34
ch2_ohr_ncp_20250303T1114102638_d_img_d18_x07680_y49280.png,0.2852,418.48,452.22,441.53,481.74
ch2_ohr_ncp_20250303T1114102638_d_img_d18_x07680_y49280.png,0.2649,496.59,409.53,504.46,416.78
ch2_ohr_ncp_20250303T1114102638_d_img_d18_x07680_y49280.png,0.2637,186.06,479.29,226.67,528.25
ch2_ohr_ncp_20250303T1114102638_d_img_d18_x07680_y49280.png,0.2545,510.11,505.34,517.93,513.78
ch2_ohr_ncp_20250303T1114102638_d_img_d18_x07680_y49280.png,0.2394,632.09,506.44,638.78,512.16
ch2_ohr_ncp_20250303T1114102638_d_img_d18_x07680_y49280.png,0.2322,331.23,478.82,351.28,531.67
ch2_ohr_ncp_20250303T1114102638_d_img_d18_x07680_y51840.png,0.3206,101.99,109.9,109.25,115.04
ch2_ohr_ncp_20250303T1114102638_d_img_d18_x07680_y51840.png,0.2868,107.41,124.46,114.54,132.51
ch2_ohr_ncp_20250303T1114102638_d_img_d18_x07680_y51840.png,0.2724,501.0,18.85,518.04,37.35
ch2_ohr_ncp_20250303T1114102638_d_img_d18_x07680_y51840.png,0.2474,603.5,207.88,609.44,214.18
ch2_ohr_ncp_20250303T1114102638_d_img_d18_x07680_y51840.png,0.2432,429.33,11.63,434.83,16.76
ch2_ohr_ncp_20250303T1114102638_d_img_d18_x07680_y51840.png,0.2377,116.15,139.6,121.78,145.53
ch2_ohr_ncp_20250303T1114102638_d_img_d18_x07680_y51840.png,0.228,246.21,142.87,254.2,150.14
ch2_ohr_ncp_20250303T1114102638_d_img_d18_x07680_y51840.png,0.2273,123.89,299.03,129.66,306.54
ch2_ohr_ncp_20250303T1114102638_d_img_d18_x07680_y51840.png,0.2248,155.27,113.39,163.93,122.56
ch2_ohr_ncp_20250303T1114102638_d_img_d18_x07680_y51840.png,0.222,428.49,105.64,433.97,110.62
ch2_ohr_ncp_20250303T1114102638_d_img_d18_x07680_y51840.png,0.2186,195.59,261.44,200.88,267.76
ch2_ohr_ncp_20250303T1114102638_d_img_d18_x07680_y51840.png,0.2145,323.1,384.44,328.88,389.96
ch2_ohr_ncp_20250303T1114102638_d_img_d18_x07680_y51840.png,0.2095,532.04,327.25,538.77,333.18
ch2_ohr_ncp_20250303T1114102638_d_img_d18_x07680_y51840.png,0.2057,614.79,184.33,620.91,193.31
ch2_ohr_ncp_20250303T1114102638_d_img_d18_x07680_y51840.png,0.2053,216.73,274.1,225.23,281.78
ch2_ohr_ncp_20250303T1114102638_d_img_d18_x07680_y51840.png,0.2052,435.38,110.29,441.91,115.86
ch2_ohr_ncp_20250303T1114102638_d_img_d18_x07680_y51840.png,0.2051,155.51,89.42,160.64,94.5
ch2_ohr_ncp_20250303T1114102638_d_img_d18_x07680_y51840.png,0.2048,331.28,254.23,336.75,260.35
ch2_ohr_ncp_20250303T1114102638_d_img_d18_x07680_y51840.png,0.2003,339.19,261.74,345.54,267.41
ch2_ohr_ncp_20250303T1114102638_d_img_d18_x07680_y54400.png,0.2825,405.58,115.75,424.3,134.0
ch2_ohr_ncp_20250303T1114102638_d_img_d18_x07680_y67840.png,0.3098,117.28,490.32,125.51,498.07
ch2_ohr_ncp_20250303T1114102638_d_img_d18_x07680_y67840.png,0.2816,14.35,552.14,21.34,559.59
ch2_ohr_ncp_20250303T1114102638_d_img_d18_x07680_y67840.png,0.268,198.65,268.45,242.15,339.68
ch2_ohr_ncp_20250303T1114102638_d_img_d18_x07680_y67840.png,0.2541,123.97,534.81,129.58,540.25
ch2_ohr_ncp_20250303T1114102638_d_img_d18_x07680_y67840.png,0.2355,138.53,447.11,144.17,452.83
ch2_ohr_ncp_20250303T1114102638_d_img_d18_x07680_y67840.png,0.2312,147.04,0.0,152.77,3.07
ch2_ohr_ncp_20250303T1114102638_d_img_d18_x07680_y67840.png,0.2303,70.68,41.7,76.66,48.08
ch2_ohr_ncp_20250303T1114102638_d_img_d18_x07680_y67840.png,0.2195,317.82,252.61,333.72,284.32
ch2_ohr_ncp_20250303T1114102638_d_img_d18_x07680_y67840.png,0.2002,246.64,3.12,278.31,50.41
ch2_ohr_ncp_20250303T1114102638_d_img_d18_x08320_y47360.png,0.4112,211.35,114.88,270.95,195.76
ch2_ohr_ncp_20250303T1114102638_d_img_d18_x08320_y47360.png,0.324,184.97,108.19,267.5,183.6
ch2_ohr_ncp_20250303T1114102638_d_img_d18_x08320_y47360.png,0.3076,19.55,336.47,26.6,345.26
ch2_ohr_ncp_20250303T1114102638_d_img_d18_x08320_y47360.png,0.2724,145.98,91.68,160.05,114.84
ch2_ohr_ncp_20250303T1114102638_d_img_d18_x08320_y47360.png,0.2701,45.92,72.75,92.35,156.81
ch2_ohr_ncp_20250303T1114102638_d_img_d18_x08320_y47360.png,0.2211,36.17,65.79,91.1,150.4
ch2_ohr_ncp_20250303T1114102638_d_img_d18_x08320_y47360.png,0.2162,177.71,102.73,205.71,122.14
ch2_ohr_ncp_20250303T1114102638_d_img_d18_x08320_y47360.png,0.2096,193.94,297.52,201.99,306.16
ch2_ohr_ncp_20250303T1114102638_d_img_d18_x08320_y47360.png,0.2085,239.73,199.12,265.86,272.09
ch2_ohr_ncp_20250303T1114102638_d_img_d18_x08320_y47360.png,0.2065,195.25,298.7,202.8,306.77
ch2_ohr_ncp_20250303T1114102638_d_img_d18_x08320_y47360.png,0.2059,286.21,616.97,293.38,624.62
ch2_ohr_ncp_20250303T1114102638_d_img_d18_x08320_y51840.png,0.2545,367.56,66.57,372.88,73.71
ch2_ohr_ncp_20250303T1114102638_d_img_d18_x08320_y51840.png,0.2375,371.68,207.4,377.11,212.44
ch2_ohr_ncp_20250303T1114102638_d_img_d18_x08320_y51840.png,0.2141,223.03,61.92,230.11,69.0
ch2_ohr_ncp_20250303T1114102638_d_img_d18_x08320_y51840.png,0.2006,372.37,49.32,377.55,54.06
ch2_ohr_ncp_20250303T1114102638_d_img_d18_x08320_y79360.png,0.3473,506.31,14.88,554.33,81.56
ch2_ohr_ncp_20250303T1114102638_d_img_d18_x08320_y79360.png,0.2598,74.04,464.67,79.43,470.71
ch2_ohr_ncp_20250303T1114102638_d_img_d18_x08320_y79360.png,0.2162,457.02,519.37,463.01,527.21
ch2_ohr_ncp_20250303T1114102638_d_img_d18_x08960_y49280.png,0.2669,281.56,495.39,288.04,506.96
ch2_ohr_ncp_20250303T1114102638_d_img_d18_x08960_y49280.png,0.264,79.45,231.34,84.88,236.86
ch2_ohr_ncp_20250303T1114102638_d_img_d18_x08960_y49280.png,0.2497,122.84,477.69,128.12,482.96
ch2_ohr_ncp_20250303T1114102638_d_img_d18_x08960_y49280.png,0.2281,115.24,198.12,120.3,205.31
ch2_ohr_ncp_20250303T1114102638_d_img_d18_x08960_y49280.png,0.2251,106.1,279.2,113.87,286.93
ch2_ohr_ncp_20250303T1114102638_d_img_d18_x08960_y49280.png,0.2189,96.22,247.72,103.05,254.94
ch2_ohr_ncp_20250303T1114102638_d_img_d18_x08960_y49280.png,0.21,170.71,316.53,176.83,323.74
ch2_ohr_ncp_20250303T1114102638_d_img_d18_x08960_y49280.png,0.205,49.43,463.03,58.49,475.34
ch2_ohr_ncp_20250303T1114102638_d_img_d18_x08960_y49280.png,0.2047,68.4,217.51,75.05,223.65
ch2_ohr_ncp_20250303T1114102638_d_img_d18_x08960_y49280.png,0.2029,58.63,249.37,68.65,261.26
ch2_ohr_ncp_20250303T1114102638_d_img_d18_x08960_y79360.png,0.2891,17.31,66.47,32.38,87.91
ch2_ohr_ncp_20250303T1114102638_d_img_d18_x08960_y79360.png,0.2881,432.36,122.79,437.04,128.72
ch2_ohr_ncp_20250303T1114102638_d_img_d18_x08960_y79360.png,0.2367,431.16,123.04,436.58,128.77
ch2_ohr_ncp_20250303T1114102638_d_img_d18_x08960_y87680.png,0.4169,264.89,397.03,269.78,401.86
ch2_ohr_ncp_20250303T1114102638_d_img_d18_x08960_y87680.png,0.2612,341.31,85.8,347.54,93.87
ch2_ohr_ncp_20250303T1114102638_d_img_d18_x09600_y79360.png,0.237,295.65,270.42,301.56,276.21
ch2_ohr_ncp_20250303T1114102638_d_img_d18_x09600_y79360.png,0.2241,112.25,163.01,118.03,169.56
ch2_ohr_ncp_20250303T1114102638_d_img_d18_x10240_y79360.png,0.5043,581.64,508.98,595.03,528.65
ch2_ohr_ncp_20250303T1114102638_d_img_d18_x10240_y79360.png,0.3014,443.7,369.18,496.27,408.03
ch2_ohr_ncp_20250303T1114102638_d_img_d18_x10240_y79360.png,0.2997,196.39,279.75,213.58,300.33
ch2_ohr_ncp_20250303T1114102638_d_img_d18_x10240_y79360.png,0.2699,102.77,457.23,108.77,462.74
ch2_ohr_ncp_20250303T1114102638_d_img_d18_x10240_y79360.png,0.2468,31.11,250.8,37.86,257.4
ch2_ohr_ncp_20250303T1114102638_d_img_d18_x10240_y79360.png,0.2245,27.19,483.89,34.11,492.45
ch2_ohr_ncp_20250303T1114102638_d_img_d18_x10240_y79360.png,0.2239,203.53,430.28,209.62,436.92
ch2_ohr_ncp_20250303T1114102638_d_img_d18_x10240_y79360.png,0.2173,44.03,456.75,49.93,464.8
ch2_ohr_ncp_20250303T1114102638_d_img_d18_x10240_y79360.png,0.2091,158.99,540.0,164.86,545.65
ch2_ohr_ncp_20250303T1114102638_d_img_d18_x10240_y79360.png,0.206,419.65,517.75,425.24,524.13
ch2_ohr_ncp_20250303T1114102638_d_img_d18_x10240_y88320.png,0.3484,590.28,281.87,599.6,291.47
ch2_ohr_ncp_20250303T1114102638_d_img_d18_x10240_y88320.png,0.3307,483.07,68.1,488.92,74.13
ch2_ohr_ncp_20250303T1114102638_d_img_d18_x10240_y88320.png,0.3089,591.59,283.16,598.94,291.46
ch2_ohr_ncp_20250303T1114102638_d_img_d18_x10240_y88320.png,0.3065,445.12,207.55,451.64,214.05
ch2_ohr_ncp_20250303T1114102638_d_img_d18_x10240_y88320.png,0.2807,571.34,623.5,580.97,633.9
ch2_ohr_ncp_20250303T1114102638_d_img_d18_x10240_y88320.png,0.2782,333.44,484.63,337.52,488.9
ch2_ohr_ncp_20250303T1114102638_d_img_d18_x10240_y88320.png,0.2758,561.73,346.32,566.6,351.05
ch2_ohr_ncp_20250303T1114102638_d_img_d18_x10240_y88320.png,0.2493,561.47,346.48,565.53,351.35
ch2_ohr_ncp_20250303T1114102638_d_img_d18_x10240_y88320.png,0.2477,493.9,574.05,501.34,580.77
ch2_ohr_ncp_20250303T1114102638_d_img_d18_x10240_y88320.png,0.2461,142.94,474.31,148.78,479.19
ch2_ohr_ncp_20250303T1114102638_d_img_d18_x10240_y88320.png,0.2361,299.82,499.5,312.35,512.0
ch2_ohr_ncp_20250303T1114102638_d_img_d18_x10240_y88320.png,0.2295,501.71,550.07,508.44,555.53
ch2_ohr_ncp_20250303T1114102638_d_img_d18_x10240_y88320.png,0.2028,590.44,0.14,601.53,9.52
ch2_ohr_ncp_20250303T1114102638_d_img_d18_x11520_y81920.png,0.2202,457.82,589.1,464.8,596.09
ch2_ohr_ncp_20250303T1114102638_d_img_d18_x11520_y82560.png,0.332,185.16,626.52,200.31,639.9
ch2_ohr_ncp_20250303T1114102638_d_img_d18_x11520_y82560.png,0.3315,448.57,630.73,458.05,639.88
ch2_ohr_ncp_20250303T1114102638_d_img_d18_x11520_y82560.png,0.2352,318.37,340.78,326.45,346.81
ch2_ohr_ncp_20250303T1114102638_d_img_d18_x11520_y83200.png,0.2558,400.25,587.78,405.87,592.76
ch2_ohr_ncp_20250303T1114102638_d_img_d18_x11520_y83200.png,0.2085,318.58,623.46,330.65,636.03
ch2_ohr_ncp_20250303T1114102638_d_img_d18_x11520_y83840.png,0.502,443.76,187.49,452.97,197.31
ch2_ohr_ncp_20250303T1114102638_d_img_d18_x11520_y83840.png,0.3763,393.04,559.75,406.09,572.94
ch2_ohr_ncp_20250303T1114102638_d_img_d18_x11520_y83840.png,0.3427,389.84,351.09,395.92,357.18
ch2_ohr_ncp_20250303T1114102638_d_img_d18_x11520_y83840.png,0.342,443.82,101.05,449.58,107.31
ch2_ohr_ncp_20250303T1114102638_d_img_d18_x11520_y83840.png,0.3153,406.2,532.0,411.15,537.18
ch2_ohr_ncp_20250303T1114102638_d_img_d18_x11520_y83840.png,0.309,362.6,470.04,368.65,476.26
ch2_ohr_ncp_20250303T1114102638_d_img_d18_x11520_y83840.png,0.3021,404.46,539.82,409.91,544.73
ch2_ohr_ncp_20250303T1114102638_d_img_d18_x11520_y83840.png,0.2713,362.75,148.98,372.22,157.6
ch2_ohr_ncp_20250303T1114102638_d_img_d18_x11520_y83840.png,0.2631,0.09,414.74,4.33,420.64
ch2_ohr_ncp_20250303T1114102638_d_img_d18_x11520_y83840.png,0.2592,30.58,335.09,36.29,341.13
ch2_ohr_ncp_20250303T1114102638_d_img_d18_x11520_y85120.png,0.3765,342.45,212.63,348.58,219.18
ch2_ohr_ncp_20250303T1114102638_d_img_d18_x11520_y85120.png,0.2948,195.26,126.26,200.95,131.27
ch2_ohr_ncp_20250303T1114102638_d_img_d18_x11520_y85120.png,0.2243,461.31,233.46,471.48,244.08
ch2_ohr_ncp_20250303T1114102638_d_img_d18_x11520_y86400.png,0.3622,295.18,130.23,302.89,138.23
ch2_ohr_ncp_20250303T1114102638_d_img_d18_x11520_y86400.png,0.3394,149.66,564.59,157.13,572.83
ch2_ohr_ncp_20250303T1114102638_d_img_d18_x11520_y87680.png,0.3528,16.08,0.04,22.39,5.89
ch2_ohr_ncp_20250303T1114102638_d_img_d18_x11520_y87680.png,0.3295,353.77,175.22,361.95,184.05
ch2_ohr_ncp_20250303T1114102638_d_img_d18_x11520_y87680.png,0.3219,236.13,538.86,241.4,545.01
ch2_ohr_ncp_20250303T1114102638_d_img_d18_x11520_y87680.png,0.3147,49.79,10.81,64.11,25.1
ch2_ohr_ncp_20250303T1114102638_d_img_d18_x11520_y87680.png,0.2678,394.08,300.27,400.1,306.43
ch2_ohr_ncp_20250303T1114102638_d_img_d18_x11520_y87680.png,0.2633,244.23,626.9,250.19,634.08
ch2_ohr_ncp_20250303T1114102638_d_img_d18_x11520_y87680.png,0.2612,257.32,83.95,265.13,91.58
ch2_ohr_ncp_20250303T1114102638_d_img_d18_x11520_y87680.png,0.249,330.49,517.76,336.25,522.82
ch2_ohr_ncp_20250303T1114102638_d_img_d18_x11520_y87680.png,0.2059,250.33,57.72,259.37,68.24
ch2_ohr_ncp_20250303T1114102638_d_img_d18_x11520_y88960.png,0.2825,236.4,177.03,243.96,184.1
ch2_ohr_ncp_20250304T0655103610_d_img_d18_x00640_y49920.png,0.2067,186.52,372.88,193.82,380.32
ch2_ohr_ncp_20250304T0655103610_d_img_d18_x00640_y49920.png,0.204,629.39,513.76,635.24,520.47
ch2_ohr_ncp_20250304T0655103610_d_img_d18_x00640_y60800.png,0.3039,505.17,525.81,536.79,569.54
ch2_ohr_ncp_20250304T0655103610_d_img_d18_x00640_y60800.png,0.205,516.24,412.39,561.35,488.95
ch2_ohr_ncp_20250304T0655103610_d_img_d18_x00640_y62080.png,0.3131,585.15,305.41,591.31,311.55
ch2_ohr_ncp_20250304T0655103610_d_img_d18_x00640_y62080.png,0.3086,519.75,360.37,525.76,367.11
ch2_ohr_ncp_20250304T0655103610_d_img_d18_x00640_y62080.png,0.2551,460.2,285.65,488.11,333.02
ch2_ohr_ncp_20250304T0655103610_d_img_d18_x00640_y62080.png,0.237,292.84,152.6,299.08,158.76
ch2_ohr_ncp_20250304T0655103610_d_img_d18_x00640_y62080.png,0.2338,496.59,88.9,504.17,96.08
ch2_ohr_ncp_20250304T0655103610_d_img_d18_x00640_y62080.png,0.2335,531.07,37.62,535.63,42.49
ch2_ohr_ncp_20250304T0655103610_d_img_d18_x00640_y62080.png,0.2335,522.95,150.81,529.34,158.25
ch2_ohr_ncp_20250304T0655103610_d_img_d18_x00640_y62080.png,0.2296,74.11,198.53,82.95,210.46
ch2_ohr_ncp_20250304T0655103610_d_img_d18_x00640_y62080.png,0.228,510.8,82.53,516.54,90.14
ch2_ohr_ncp_20250304T0655103610_d_img_d18_x00640_y62080.png,0.2176,86.41,119.98,91.83,125.13
ch2_ohr_ncp_20250304T0655103610_d_img_d18_x00640_y62080.png,0.2157,395.16,297.23,401.19,304.93
ch2_ohr_ncp_20250304T0655103610_d_img_d18_x00640_y62080.png,0.2093,581.12,319.93,586.9,326.37
ch2_ohr_ncp_20250304T0655103610_d_img_d18_x00640_y62080.png,0.2084,531.84,37.47,536.21,42.36
ch2_ohr_ncp_20250304T0655103610_d_img_d18_x00640_y62720.png,0.229,159.75,329.25,166.61,336.89
ch2_ohr_ncp_20250304T0655103610_d_img_d18_x00640_y62720.png,0.2135,378.63,380.87,384.22,385.78
ch2_ohr_ncp_20250304T0655103610_d_img_d18_x00640_y84480.png,0.3147,207.07,453.69,213.05,459.03
ch2_ohr_ncp_20250304T0655103610_d_img_d18_x00640_y84480.png,0.2685,206.81,454.02,211.54,458.98
ch2_ohr_ncp_20250304T0655103610_d_img_d18_x00640_y84480.png,0.2135,344.35,158.78,349.22,165.6
ch2_ohr_ncp_20250304T0655103610_d_img_d18_x01280_y34560.png,0.2329,460.37,2.35,466.3,10.04
ch2_ohr_ncp_20250304T0655103610_d_img_d18_x01280_y35200.png,0.2265,467.74,435.73,483.55,457.26
ch2_ohr_ncp_20250304T0655103610_d_img_d18_x01280_y35200.png,0.224,276.1,447.85,280.95,453.61
ch2_ohr_ncp_20250304T0655103610_d_img_d18_x01280_y35840.png,0.2562,215.59,66.12,221.62,70.99
ch2_ohr_ncp_20250304T0655103610_d_img_d18_x01280_y35840.png,0.2148,219.4,34.83,227.85,44.48
ch2_ohr_ncp_20250304T0655103610_d_img_d18_x01280_y35840.png,0.2057,235.12,81.42,241.83,89.07
ch2_ohr_ncp_20250304T0655103610_d_img_d18_x01280_y40960.png,0.4076,568.19,7.87,601.63,64.99
ch2_ohr_ncp_20250304T0655103610_d_img_d18_x01280_y40960.png,0.2296,275.94,629.43,280.72,635.26
ch2_ohr_ncp_20250304T0655103610_d_img_d18_x01280_y40960.png,0.2095,280.04,533.32,288.55,542.87
ch2_ohr_ncp_20250304T0655103610_d_img_d18_x01280_y58880.png,0.2085,571.81,515.13,616.59,565.31
ch2_ohr_ncp_20250304T0655103610_d_img_d18_x01280_y75520.png,0.3111,245.93,200.36,252.38,205.86
ch2_ohr_ncp_20250304T0655103610_d_img_d18_x01280_y75520.png,0.2819,101.95,496.09,107.44,501.4
ch2_ohr_ncp_20250304T0655103610_d_img_d18_x01280_y75520.png,0.2811,156.34,389.17,162.54,394.03
ch2_ohr_ncp_20250304T0655103610_d_img_d18_x01280_y75520.png,0.2673,37.54,491.86,42.46,497.09
ch2_ohr_ncp_20250304T0655103610_d_img_d18_x01280_y75520.png,0.2616,106.91,605.04,111.16,609.74
ch2_ohr_ncp_20250304T0655103610_d_img_d18_x01280_y75520.png,0.2586,173.35,97.21,178.73,102.57
ch2_ohr_ncp_20250304T0655103610_d_img_d18_x01280_y75520.png,0.2543,96.79,611.08,102.24,618.32
ch2_ohr_ncp_20250304T0655103610_d_img_d18_x01280_y75520.png,0.2474,186.92,118.68,191.82,124.15
ch2_ohr_ncp_20250304T0655103610_d_img_d18_x01280_y75520.png,0.2422,107.47,405.44,112.0,411.04
ch2_ohr_ncp_20250304T0655103610_d_img_d18_x01280_y75520.png,0.2384,74.58,401.65,79.93,406.77
ch2_ohr_ncp_20250304T0655103610_d_img_d18_x01280_y75520.png,0.2354,327.97,216.6,332.31,222.11
ch2_ohr_ncp_20250304T0655103610_d_img_d18_x01280_y75520.png,0.2277,166.63,347.69,171.76,353.47
ch2_ohr_ncp_20250304T0655103610_d_img_d18_x01280_y75520.png,0.2263,55.24,630.93,66.32,640.0
ch2_ohr_ncp_20250304T0655103610_d_img_d18_x01280_y75520.png,0.2253,56.72,456.67,63.35,462.07
ch2_ohr_ncp_20250304T0655103610_d_img_d18_x01280_y75520.png,0.2251,76.91,462.84,82.49,469.32
ch2_ohr_ncp_20250304T0655103610_d_img_d18_x01280_y75520.png,0.2235,314.91,402.17,323.12,411.29
ch2_ohr_ncp_20250304T0655103610_d_img_d18_x01280_y75520.png,0.2179,27.49,131.97,32.0,136.89
ch2_ohr_ncp_20250304T0655103610_d_img_d18_x01280_y75520.png,0.2119,112.06,55.59,117.74,60.51
ch2_ohr_ncp_20250304T0655103610_d_img_d18_x01280_y75520.png,0.2039,130.87,303.15,137.9,310.71
ch2_ohr_ncp_20250304T0655103610_d_img_d18_x01280_y75520.png,0.2027,130.14,296.06,134.89,300.79
ch2_ohr_ncp_20250304T0655103610_d_img_d18_x01280_y75520.png,0.2011,190.43,213.96,197.23,221.99
ch2_ohr_ncp_20250304T0655103610_d_img_d18_x01280_y85120.png,0.3429,517.55,371.42,522.76,376.35
ch2_ohr_ncp_20250304T0655103610_d_img_d18_x01920_y35840.png,0.3517,208.29,627.91,213.37,633.53
ch2_ohr_ncp_20250304T0655103610_d_img_d18_x01920_y35840.png,0.2193,202.89,302.2,207.32,307.41
ch2_ohr_ncp_20250304T0655103610_d_img_d18_x01920_y35840.png,0.2032,212.02,311.26,217.04,316.6
ch2_ohr_ncp_20250304T0655103610_d_img_d18_x01920_y35840.png,0.2011,185.14,303.4,190.2,308.93
ch2_ohr_ncp_20250304T0655103610_d_img_d18_x01920_y40960.png,0.2624,570.77,106.41,578.09,114.4
ch2_ohr_ncp_20250304T0655103610_d_img_d18_x01920_y52480.png,0.2093,629.84,494.63,635.93,500.94
ch2_ohr_ncp_20250304T0655103610_d_img_d18_x01920_y53760.png,0.3068,36.22,0.0,59.32,13.56
ch2_ohr_ncp_20250304T0655103610_d_img_d18_x01920_y53760.png,0.2032,273.95,250.29,280.59,257.07
ch2_ohr_ncp_20250304T0655103610_d_img_d18_x01920_y58880.png,0.2534,614.51,560.24,621.5,566.95
ch2_ohr_ncp_20250304T0655103610_d_img_d18_x01920_y58880.png,0.214,237.39,140.46,243.02,146.57
ch2_ohr_ncp_20250304T0655103610_d_img_d18_x01920_y59520.png,0.3065,132.43,542.35,137.48,547.57
ch2_ohr_ncp_20250304T0655103610_d_img_d18_x01920_y59520.png,0.2922,91.71,591.56,96.05,596.46
ch2_ohr_ncp_20250304T0655103610_d_img_d18_x01920_y59520.png,0.2591,597.0,294.31,602.21,300.37
ch2_ohr_ncp_20250304T0655103610_d_img_d18_x01920_y59520.png,0.2538,540.77,143.93,545.53,148.74
ch2_ohr_ncp_20250304T0655103610_d_img_d18_x01920_y59520.png,0.2329,66.69,626.39,72.97,633.3
ch2_ohr_ncp_20250304T0655103610_d_img_d18_x01920_y59520.png,0.2261,623.09,273.52,628.54,280.04
ch2_ohr_ncp_20250304T0655103610_d_img_d18_x01920_y59520.png,0.2108,541.39,143.69,546.43,148.62
ch2_ohr_ncp_20250304T0655103610_d_img_d18_x01920_y59520.png,0.2063,615.06,248.81,619.78,254.16
ch2_ohr_ncp_20250304T0655103610_d_img_d18_x01920_y59520.png,0.2012,0.87,283.3,8.28,291.49
ch2_ohr_ncp_20250304T0655103610_d_img_d18_x01920_y60160.png,0.3906,86.19,49.49,92.59,56.51
ch2_ohr_ncp_20250304T0655103610_d_img_d18_x01920_y60160.png,0.3691,51.38,112.94,56.39,118.21
ch2_ohr_ncp_20250304T0655103610_d_img_d18_x01920_y60160.png,0.3151,618.66,629.2,630.84,639.46
ch2_ohr_ncp_20250304T0655103610_d_img_d18_x01920_y60160.png,0.2964,82.67,35.08,88.64,42.56
ch2_ohr_ncp_20250304T0655103610_d_img_d18_x01920_y60160.png,0.2729,105.9,216.39,114.13,224.69
ch2_ohr_ncp_20250304T0655103610_d_img_d18_x01920_y60160.png,0.2504,97.82,132.2,104.25,138.75
ch2_ohr_ncp_20250304T0655103610_d_img_d18_x01920_y60160.png,0.2489,119.74,345.69,124.88,350.97
ch2_ohr_ncp_20250304T0655103610_d_img_d18_x01920_y60160.png,0.2368,186.58,108.6,191.88,115.15
ch2_ohr_ncp_20250304T0655103610_d_img_d18_x01920_y60160.png,0.2251,164.25,132.23,170.33,141.28
ch2_ohr_ncp_20250304T0655103610_d_img_d18_x01920_y60160.png,0.2225,89.11,307.88,94.82,314.83
ch2_ohr_ncp_20250304T0655103610_d_img_d18_x01920_y60160.png,0.2177,116.56,315.77,123.04,323.67
ch2_ohr_ncp_20250304T0655103610_d_img_d18_x01920_y60160.png,0.204,165.2,282.56,171.46,288.39
ch2_ohr_ncp_20250304T0655103610_d_img_d18_x01920_y60160.png,0.2018,193.38,91.46,199.82,97.35
ch2_ohr_ncp_20250304T0655103610_d_img_d18_x01920_y61440.png,0.2323,363.81,333.87,370.4,343.2
ch2_ohr_ncp_20250304T0655103610_d_img_d18_x01920_y61440.png,0.2061,463.66,342.28,469.24,347.94
ch2_ohr_ncp_20250304T0655103610_d_img_d18_x01920_y62720.png,0.2398,26.4,1.62,75.17,57.65
ch2_ohr_ncp_20250304T0655103610_d_img_d18_x01920_y85760.png,0.3887,386.36,76.96,391.01,82.2
ch2_ohr_ncp_20250304T0655103610_d_img_d18_x01920_y85760.png,0.2897,386.58,76.32,392.25,81.79
ch2_ohr_ncp_20250304T0655103610_d_img_d18_x01920_y85760.png,0.253,604.95,21.65,616.17,33.32
ch2_ohr_ncp_20250304T0655103610_d_img_d18_x02560_y34560.png,0.3185,66.84,13.47,72.78,20.68
ch2_ohr_ncp_20250304T0655103610_d_img_d18_x02560_y34560.png,0.3174,218.77,59.45,226.44,67.06
ch2_ohr_ncp_20250304T0655103610_d_img_d18_x02560_y34560.png,0.3123,626.11,33.42,631.0,38.49
ch2_ohr_ncp_20250304T0655103610_d_img_d18_x02560_y34560.png,0.3074,399.82,208.3,406.58,216.18
ch2_ohr_ncp_20250304T0655103610_d_img_d18_x02560_y34560.png,0.3029,227.52,47.8,232.17,52.92
ch2_ohr_ncp_20250304T0655103610_d_img_d18_x02560_y34560.png,0.2998,305.98,225.0,312.43,230.77
ch2_ohr_ncp_20250304T0655103610_d_img_d18_x02560_y34560.png,0.2933,207.44,203.23,214.05,210.43
ch2_ohr_ncp_20250304T0655103610_d_img_d18_x02560_y34560.png,0.2823,496.68,188.67,502.74,195.83
ch2_ohr_ncp_20250304T0655103610_d_img_d18_x02560_y34560.png,0.2725,597.56,103.89,603.69,110.43
ch2_ohr_ncp_20250304T0655103610_d_img_d18_x02560_y34560.png,0.2711,279.27,202.47,288.72,213.73
ch2_ohr_ncp_20250304T0655103610_d_img_d18_x02560_y34560.png,0.2669,207.48,87.56,286.38,177.14
ch2_ohr_ncp_20250304T0655103610_d_img_d18_x02560_y34560.png,0.2656,124.06,110.12,131.34,120.96
ch2_ohr_ncp_20250304T0655103610_d_img_d18_x02560_y34560.png,0.2573,135.23,57.64,143.65,67.9
ch2_ohr_ncp_20250304T0655103610_d_img_d18_x02560_y34560.png,0.2573,355.62,140.52,361.61,145.86
ch2_ohr_ncp_20250304T0655103610_d_img_d18_x02560_y34560.png,0.2513,205.8,46.51,211.34,52.14
ch2_ohr_ncp_20250304T0655103610_d_img_d18_x02560_y34560.png,0.2511,509.36,139.13,513.92,144.53
ch2_ohr_ncp_20250304T0655103610_d_img_d18_x02560_y34560.png,0.2475,507.84,54.01,513.65,61.1
ch2_ohr_ncp_20250304T0655103610_d_img_d18_x02560_y34560.png,0.2454,493.51,35.89,502.27,45.87
ch2_ohr_ncp_20250304T0655103610_d_img_d18_x02560_y34560.png,0.2445,522.51,127.44,529.52,133.43
ch2_ohr_ncp_20250304T0655103610_d_img_d18_x02560_y34560.png,0.2431,367.63,19.14,373.03,24.78
ch2_ohr_ncp_20250304T0655103610_d_img_d18_x02560_y34560.png,0.2419,465.9,174.35,473.09,180.93
ch2_ohr_ncp_20250304T0655103610_d_img_d18_x02560_y34560.png,0.2412,493.04,16.51,498.08,23.13
ch2_ohr_ncp_20250304T0655103610_d_img_d18_x02560_y34560.png,0.2378,333.22,0.0,356.11,14.06
ch2_ohr_ncp_20250304T0655103610_d_img_d18_x02560_y34560.png,0.2341,419.17,110.68,427.41,118.72
ch2_ohr_ncp_20250304T0655103610_d_img_d18_x02560_y34560.png,0.2328,502.64,43.73,507.26,49.02
ch2_ohr_ncp_20250304T0655103610_d_img_d18_x02560_y34560.png,0.2292,154.05,0.09,161.1,7.23
ch2_ohr_ncp_20250304T0655103610_d_img_d18_x02560_y34560.png,0.2291,489.63,224.78,494.76,230.29
ch2_ohr_ncp_20250304T0655103610_d_img_d18_x02560_y34560.png,0.2277,544.39,48.61,558.46,68.71
ch2_ohr_ncp_20250304T0655103610_d_img_d18_x02560_y34560.png,0.2276,228.25,47.31,233.26,52.65
ch2_ohr_ncp_20250304T0655103610_d_img_d18_x02560_y34560.png,0.2273,304.93,196.89,310.23,202.19
ch2_ohr_ncp_20250304T0655103610_d_img_d18_x02560_y34560.png,0.2242,578.43,168.99,583.45,173.93
ch2_ohr_ncp_20250304T0655103610_d_img_d18_x02560_y34560.png,0.2213,521.54,138.66,525.97,143.75
ch2_ohr_ncp_20250304T0655103610_d_img_d18_x02560_y34560.png,0.2206,247.55,174.39,253.37,181.23
ch2_ohr_ncp_20250304T0655103610_d_img_d18_x02560_y34560.png,0.2205,569.25,231.56,574.96,237.33
ch2_ohr_ncp_20250304T0655103610_d_img_d18_x02560_y34560.png,0.2199,315.6,65.7,320.33,71.2
ch2_ohr_ncp_20250304T0655103610_d_img_d18_x02560_y34560.png,0.217,316.25,65.95,320.84,71.66
ch2_ohr_ncp_20250304T0655103610_d_img_d18_x02560_y34560.png,0.2165,473.5,216.55,479.33,222.72
ch2_ohr_ncp_20250304T0655103610_d_img_d18_x02560_y34560.png,0.2155,300.95,203.57,305.46,208.6
ch2_ohr_ncp_20250304T0655103610_d_img_d18_x02560_y34560.png,0.2098,479.21,177.64,484.07,182.13
ch2_ohr_ncp_20250304T0655103610_d_img_d18_x02560_y34560.png,0.2081,581.29,65.18,586.65,70.49
ch2_ohr_ncp_20250304T0655103610_d_img_d18_x02560_y34560.png,0.204,497.59,58.24,503.16,63.73
ch2_ohr_ncp_20250304T0655103610_d_img_d18_x02560_y34560.png,0.2037,61.04,1.67,66.7,9.66
ch2_ohr_ncp_20250304T0655103610_d_img_d18_x02560_y34560.png,0.2031,578.6,410.27,584.63,416.57
ch2_ohr_ncp_20250304T0655103610_d_img_d18_x02560_y34560.png,0.2002,513.61,164.33,518.26,168.23
ch2_ohr_ncp_20250304T0655103610_d_img_d18_x02560_y37120.png,0.2132,52.16,0.0,101.41,57.02
ch2_ohr_ncp_20250304T0655103610_d_img_d18_x02560_y56320.png,0.4424,309.44,178.62,346.4,228.23
ch2_ohr_ncp_20250304T0655103610_d_img_d18_x02560_y56320.png,0.3788,227.18,417.92,295.73,512.19
ch2_ohr_ncp_20250304T0655103610_d_img_d18_x02560_y56320.png,0.3623,169.15,97.77,239.67,195.12
ch2_ohr_ncp_20250304T0655103610_d_img_d18_x02560_y56320.png,0.2405,143.92,211.8,150.19,218.73
ch2_ohr_ncp_20250304T0655103610_d_img_d18_x02560_y56320.png,0.2361,76.0,92.71,84.08,101.65
ch2_ohr_ncp_20250304T0655103610_d_img_d18_x02560_y56320.png,0.225,304.51,181.85,349.81,243.97
ch2_ohr_ncp_20250304T0655103610_d_img_d18_x02560_y56320.png,0.209,174.98,629.68,182.63,638.45
ch2_ohr_ncp_20250304T0655103610_d_img_d18_x02560_y58880.png,0.321,309.21,491.58,317.26,499.94
ch2_ohr_ncp_20250304T0655103610_d_img_d18_x02560_y58880.png,0.309,212.81,45.3,219.4,52.13
ch2_ohr_ncp_20250304T0655103610_d_img_d18_x02560_y58880.png,0.2728,111.03,111.8,118.16,120.65
ch2_ohr_ncp_20250304T0655103610_d_img_d18_x02560_y58880.png,0.2656,311.2,609.44,315.95,614.66
ch2_ohr_ncp_20250304T0655103610_d_img_d18_x02560_y58880.png,0.2524,199.92,138.71,205.33,144.93
ch2_ohr_ncp_20250304T0655103610_d_img_d18_x02560_y58880.png,0.2517,171.1,29.92,177.94,37.15
ch2_ohr_ncp_20250304T0655103610_d_img_d18_x02560_y58880.png,0.2465,321.71,569.25,328.52,575.86
ch2_ohr_ncp_20250304T0655103610_d_img_d18_x02560_y58880.png,0.2451,220.37,14.46,228.15,22.49
ch2_ohr_ncp_20250304T0655103610_d_img_d18_x02560_y58880.png,0.2382,68.14,94.51,75.08,102.99
ch2_ohr_ncp_20250304T0655103610_d_img_d18_x02560_y58880.png,0.2363,98.41,452.81,104.16,459.72
ch2_ohr_ncp_20250304T0655103610_d_img_d18_x02560_y58880.png,0.225,323.68,615.24,330.4,622.3
ch2_ohr_ncp_20250304T0655103610_d_img_d18_x02560_y58880.png,0.2227,123.96,90.6,128.91,96.71
ch2_ohr_ncp_20250304T0655103610_d_img_d18_x02560_y58880.png,0.2158,162.83,0.14,174.26,15.95
ch2_ohr_ncp_20250304T0655103610_d_img_d18_x02560_y58880.png,0.2144,209.03,32.15,214.38,38.17
ch2_ohr_ncp_20250304T0655103610_d_img_d18_x02560_y58880.png,0.2044,124.59,91.39,129.34,96.65
ch2_ohr_ncp_20250304T0655103610_d_img_d18_x02560_y58880.png,0.2019,110.12,0.0,139.18,43.77
ch2_ohr_ncp_20250304T0655103610_d_img_d18_x02560_y58880.png,0.2015,158.54,332.61,164.34,338.91
ch2_ohr_ncp_20250304T0655103610_d_img_d18_x02560_y62080.png,0.3374,303.86,37.92,309.25,44.08
ch2_ohr_ncp_20250304T0655103610_d_img_d18_x02560_y62080.png,0.2875,618.88,396.92,626.7,404.33
ch2_ohr_ncp_20250304T0655103610_d_img_d18_x02560_y62080.png,0.2387,490.87,18.17,496.28,25.69
ch2_ohr_ncp_20250304T0655103610_d_img_d18_x02560_y62080.png,0.2248,460.95,0.23,468.45,9.81
ch2_ohr_ncp_20250304T0655103610_d_img_d18_x02560_y62080.png,0.219,142.64,100.78,149.12,108.02
ch2_ohr_ncp_20250304T0655103610_d_img_d18_x02560_y62080.png,0.2141,326.43,217.22,332.89,225.92
ch2_ohr_ncp_20250304T0655103610_d_img_d18_x02560_y86400.png,0.2874,427.47,256.73,433.2,262.29
ch2_ohr_ncp_20250304T0655103610_d_img_d18_x03200_y42240.png,0.2332,50.63,0.0,90.53,49.93
ch2_ohr_ncp_20250304T0655103610_d_img_d18_x03200_y53120.png,0.2439,467.8,7.79,473.89,14.02
ch2_ohr_ncp_20250304T0655103610_d_img_d18_x03200_y53120.png,0.222,254.07,24.06,259.43,29.44
ch2_ohr_ncp_20250304T0655103610_d_img_d18_x03200_y53120.png,0.2189,308.53,176.93,315.47,183.35
ch2_ohr_ncp_20250304T0655103610_d_img_d18_x03200_y53120.png,0.2059,499.37,198.79,504.85,205.02
ch2_ohr_ncp_20250304T0655103610_d_img_d18_x03200_y53120.png,0.2018,391.54,150.91,402.18,160.54
ch2_ohr_ncp_20250304T0655103610_d_img_d18_x03200_y55040.png,0.2192,346.69,98.54,354.48,109.72
ch2_ohr_ncp_20250304T0655103610_d_img_d18_x03200_y55040.png,0.2001,475.59,118.87,482.89,126.03
ch2_ohr_ncp_20250304T0655103610_d_img_d18_x03200_y56320.png,0.2925,574.0,42.56,578.67,47.49
ch2_ohr_ncp_20250304T0655103610_d_img_d18_x03200_y56320.png,0.205,510.68,237.69,518.12,246.72
ch2_ohr_ncp_20250304T0655103610_d_img_d18_x03200_y56320.png,0.2016,384.21,338.82,390.85,346.49
ch2_ohr_ncp_20250304T0655103610_d_img_d18_x03200_y59520.png,0.4549,246.47,479.79,270.38,526.87
ch2_ohr_ncp_20250304T0655103610_d_img_d18_x03200_y59520.png,0.314,456.59,593.49,498.97,638.54
ch2_ohr_ncp_20250304T0655103610_d_img_d18_x03200_y59520.png,0.2582,407.01,465.49,452.31,530.95
ch2_ohr_ncp_20250304T0655103610_d_img_d18_x03200_y76800.png,0.2178,389.31,176.29,396.68,183.32
ch2_ohr_ncp_20250304T0655103610_d_img_d18_x03200_y86400.png,0.4734,616.97,401.46,621.97,406.3
ch2_ohr_ncp_20250304T0655103610_d_img_d18_x03200_y86400.png,0.2984,554.17,347.29,558.77,352.75
ch2_ohr_ncp_20250304T0655103610_d_img_d18_x03200_y86400.png,0.2174,525.13,397.12,529.47,401.78
ch2_ohr_ncp_20250304T0655103610_d_img_d18_x03840_y37120.png,0.2076,116.24,269.63,122.47,277.05
ch2_ohr_ncp_20250304T0655103610_d_img_d18_x03840_y39040.png,0.2931,0.0,115.1,22.04,169.7
ch2_ohr_ncp_20250304T0655103610_d_img_d18_x03840_y39040.png,0.2338,153.63,144.18,175.6,168.92
ch2_ohr_ncp_20250304T0655103610_d_img_d18_x03840_y39040.png,0.2043,129.63,2.25,137.63,10.24
ch2_ohr_ncp_20250304T0655103610_d_img_d18_x03840_y44160.png,0.3009,252.68,91.08,280.17,150.82
ch2_ohr_ncp_20250304T0655103610_d_img_d18_x03840_y44160.png,0.2438,173.61,20.68,186.13,37.32
ch2_ohr_ncp_20250304T0655103610_d_img_d18_x03840_y44160.png,0.2331,285.08,480.15,297.99,489.6
ch2_ohr_ncp_20250304T0655103610_d_img_d18_x03840_y52480.png,0.3729,309.21,62.25,315.47,70.68
ch2_ohr_ncp_20250304T0655103610_d_img_d18_x03840_y52480.png,0.3691,187.54,26.22,215.08,67.45
ch2_ohr_ncp_20250304T0655103610_d_img_d18_x03840_y52480.png,0.282,426.23,239.87,433.38,249.25
ch2_ohr_ncp_20250304T0655103610_d_img_d18_x03840_y52480.png,0.278,408.85,143.72,415.8,153.12
ch2_ohr_ncp_20250304T0655103610_d_img_d18_x03840_y52480.png,0.2666,529.3,220.85,535.64,227.62
ch2_ohr_ncp_20250304T0655103610_d_img_d18_x03840_y52480.png,0.2632,198.15,88.48,205.47,98.34
ch2_ohr_ncp_20250304T0655103610_d_img_d18_x03840_y52480.png,0.2593,409.25,160.85,415.62,166.26
ch2_ohr_ncp_20250304T0655103610_d_img_d18_x03840_y52480.png,0.2557,313.3,73.94,318.69,80.7
ch2_ohr_ncp_20250304T0655103610_d_img_d18_x03840_y52480.png,0.2494,545.24,171.26,552.27,179.2
ch2_ohr_ncp_20250304T0655103610_d_img_d18_x03840_y52480.png,0.2443,66.78,624.63,86.73,639.38
ch2_ohr_ncp_20250304T0655103610_d_img_d18_x03840_y52480.png,0.2367,227.22,114.97,233.07,121.66
ch2_ohr_ncp_20250304T0655103610_d_img_d18_x03840_y52480.png,0.2253,198.82,77.68,204.53,84.07
ch2_ohr_ncp_20250304T0655103610_d_img_d18_x03840_y52480.png,0.2188,391.27,5.86,398.33,13.34
ch2_ohr_ncp_20250304T0655103610_d_img_d18_x03840_y52480.png,0.2147,406.39,40.29,413.57,48.69
ch2_ohr_ncp_20250304T0655103610_d_img_d18_x03840_y52480.png,0.2138,436.72,80.29,443.12,86.88
ch2_ohr_ncp_20250304T0655103610_d_img_d18_x03840_y52480.png,0.2125,379.91,136.58,386.52,144.15
ch2_ohr_ncp_20250304T0655103610_d_img_d18_x03840_y52480.png,0.2011,620.37,263.62,625.31,270.04
ch2_ohr_ncp_20250304T0655103610_d_img_d18_x03840_y56960.png,0.2428,144.4,123.53,150.25,130.79
ch2_ohr_ncp_20250304T0655103610_d_img_d18_x03840_y56960.png,0.2058,380.75,337.32,389.34,347.62
ch2_ohr_ncp_20250304T0655103610_d_img_d18_x03840_y56960.png,0.2029,325.29,594.44,331.3,601.11
ch2_ohr_ncp_20250304T0655103610_d_img_d18_x03840_y76800.png,0.37,219.07,349.41,245.23,379.21
ch2_ohr_ncp_20250304T0655103610_d_img_d18_x03840_y76800.png,0.2627,345.38,568.94,352.62,576.7
ch2_ohr_ncp_20250304T0655103610_d_img_d18_x04480_y44800.png,0.21,614.29,531.27,629.21,571.45
ch2_ohr_ncp_20250304T0655103610_d_img_d18_x04480_y47360.png,0.443,422.22,166.72,430.33,176.2
ch2_ohr_ncp_20250304T0655103610_d_img_d18_x04480_y47360.png,0.3399,197.7,68.26,203.94,75.42
ch2_ohr_ncp_20250304T0655103610_d_img_d18_x04480_y47360.png,0.3131,196.61,67.98,202.62,75.54
ch2_ohr_ncp_20250304T0655103610_d_img_d18_x04480_y47360.png,0.2638,82.52,184.62,120.89,244.68
ch2_ohr_ncp_20250304T0655103610_d_img_d18_x04480_y47360.png,0.2615,94.55,122.18,101.14,131.67
ch2_ohr_ncp_20250304T0655103610_d_img_d18_x04480_y47360.png,0.2483,214.92,96.67,220.04,102.07
ch2_ohr_ncp_20250304T0655103610_d_img_d18_x04480_y47360.png,0.2465,130.67,0.58,143.09,13.54
ch2_ohr_ncp_20250304T0655103610_d_img_d18_x04480_y47360.png,0.2445,238.92,159.57,246.29,169.26
ch2_ohr_ncp_20250304T0655103610_d_img_d18_x04480_y47360.png,0.2438,190.98,82.44,195.55,88.23
ch2_ohr_ncp_20250304T0655103610_d_img_d18_x04480_y47360.png,0.2413,203.2,150.95,221.64,177.13
ch2_ohr_ncp_20250304T0655103610_d_img_d18_x04480_y47360.png,0.2358,235.49,42.83,240.68,48.85
ch2_ohr_ncp_20250304T0655103610_d_img_d18_x04480_y47360.png,0.2262,377.34,38.43,384.22,46.55
ch2_ohr_ncp_20250304T0655103610_d_img_d18_x04480_y47360.png,0.223,136.54,20.86,143.26,27.23
ch2_ohr_ncp_20250304T0655103610_d_img_d18_x04480_y47360.png,0.2194,209.07,74.67,213.54,79.14
ch2_ohr_ncp_20250304T0655103610_d_img_d18_x04480_y47360.png,0.2115,382.37,152.93,387.67,159.07
ch2_ohr_ncp_20250304T0655103610_d_img_d18_x04480_y49280.png,0.3151,167.77,169.58,192.78,225.88
ch2_ohr_ncp_20250304T0655103610_d_img_d18_x04480_y87040.png,0.2145,575.96,591.57,587.73,603.69
ch2_ohr_ncp_20250304T0655103610_d_img_d18_x05120_y42240.png,0.2291,328.26,448.39,335.51,455.59
ch2_ohr_ncp_20250304T0655103610_d_img_d18_x05120_y42240.png,0.2075,398.46,518.23,406.18,525.61
ch2_ohr_ncp_20250304T0655103610_d_img_d18_x05120_y46080.png,0.291,28.89,266.92,78.28,337.26
ch2_ohr_ncp_20250304T0655103610_d_img_d18_x05120_y53120.png,0.2831,95.07,2.4,101.12,9.1
ch2_ohr_ncp_20250304T0655103610_d_img_d18_x05120_y53120.png,0.283,107.17,47.98,113.71,56.1
ch2_ohr_ncp_20250304T0655103610_d_img_d18_x05120_y53120.png,0.278,110.34,4.35,120.42,16.2
ch2_ohr_ncp_20250304T0655103610_d_img_d18_x05120_y53120.png,0.2732,95.84,1.82,102.09,8.99
ch2_ohr_ncp_20250304T0655103610_d_img_d18_x05120_y53120.png,0.2693,367.16,7.93,376.34,18.18
ch2_ohr_ncp_20250304T0655103610_d_img_d18_x05120_y53120.png,0.2541,107.55,62.13,113.29,67.87
ch2_ohr_ncp_20250304T0655103610_d_img_d18_x05120_y53120.png,0.2382,462.91,25.59,468.66,31.84
ch2_ohr_ncp_20250304T0655103610_d_img_d18_x05120_y53120.png,0.2128,437.5,85.14,469.17,141.06
ch2_ohr_ncp_20250304T0655103610_d_img_d18_x05120_y53120.png,0.2105,244.49,167.26,251.71,174.23
ch2_ohr_ncp_20250304T0655103610_d_img_d18_x05120_y53120.png,0.2087,501.26,37.83,509.55,47.43
ch2_ohr_ncp_20250304T0655103610_d_img_d18_x05120_y53120.png,0.2023,291.26,124.3,297.0,131.08
ch2_ohr_ncp_20250304T0655103610_d_img_d18_x05760_y37120.png,0.2028,347.59,282.05,405.95,382.34
ch2_ohr_ncp_20250304T0655103610_d_img_d18_x05760_y48640.png,0.3088,563.93,450.49,573.29,459.06
ch2_ohr_ncp_20250304T0655103610_d_img_d18_x05760_y48640.png,0.2699,571.57,632.84,579.59,639.37
ch2_ohr_ncp_20250304T0655103610_d_img_d18_x05760_y49920.png,0.2636,463.63,244.21,469.9,252.26
ch2_ohr_ncp_20250304T0655103610_d_img_d18_x05760_y49920.png,0.2389,0.0,181.11,21.5,228.99
ch2_ohr_ncp_20250304T0655103610_d_img_d18_x05760_y49920.png,0.2028,461.0,14.83,469.4,25.88
ch2_ohr_ncp_20250304T0655103610_d_img_d18_x05760_y51840.png,0.2334,3.26,611.97,20.36,636.89
ch2_ohr_ncp_20250304T0655103610_d_img_d18_x05760_y83840.png,0.2264,544.49,375.67,602.37,448.33
ch2_ohr_ncp_20250304T0655103610_d_img_d18_x05760_y87040.png,0.2816,625.95,173.18,639.55,203.07
ch2_ohr_ncp_20250304T0655103610_d_img_d18_x05760_y88320.png,0.5585,204.66,342.54,211.86,350.01
ch2_ohr_ncp_20250304T0655103610_d_img_d18_x05760_y88320.png,0.5114,478.48,446.81,484.17,454.92
ch2_ohr_ncp_20250304T0655103610_d_img_d18_x05760_y88320.png,0.4881,483.03,103.29,490.73,113.87
ch2_ohr_ncp_20250304T0655103610_d_img_d18_x05760_y88320.png,0.4215,478.91,446.1,485.71,454.91
ch2_ohr_ncp_20250304T0655103610_d_img_d18_x05760_y88320.png,0.3604,493.4,446.55,498.64,452.52
ch2_ohr_ncp_20250304T0655103610_d_img_d18_x05760_y88320.png,0.27,501.5,156.3,515.07,171.55
ch2_ohr_ncp_20250304T0655103610_d_img_d18_x05760_y88320.png,0.2293,493.42,443.79,499.11,452.08
ch2_ohr_ncp_20250304T0655103610_d_img_d18_x05760_y88320.png,0.2055,383.41,335.3,393.11,345.09
ch2_ohr_ncp_20250304T0655103610_d_img_d18_x06400_y35840.png,0.2145,274.7,0.0,326.73,87.09
ch2_ohr_ncp_20250304T0655103610_d_img_d18_x06400_y36480.png,0.2387,0.24,220.5,61.87,315.24
ch2_ohr_ncp_20250304T0655103610_d_img_d18_x06400_y45440.png,0.4121,405.55,280.17,411.99,285.89
ch2_ohr_ncp_20250304T0655103610_d_img_d18_x06400_y45440.png,0.3342,626.06,276.56,632.77,283.81
ch2_ohr_ncp_20250304T0655103610_d_img_d18_x06400_y45440.png,0.3277,526.8,277.25,564.78,331.06
ch2_ohr_ncp_20250304T0655103610_d_img_d18_x06400_y45440.png,0.3083,412.88,179.54,419.25,187.2
ch2_ohr_ncp_20250304T0655103610_d_img_d18_x06400_y45440.png,0.2932,602.96,271.24,608.35,277.38
ch2_ohr_ncp_20250304T0655103610_d_img_d18_x06400_y45440.png,0.2714,469.93,273.05,476.99,283.83
ch2_ohr_ncp_20250304T0655103610_d_img_d18_x06400_y45440.png,0.2678,533.07,189.08,537.63,194.39
ch2_ohr_ncp_20250304T0655103610_d_img_d18_x06400_y45440.png,0.2624,521.86,179.83,527.98,186.21
ch2_ohr_ncp_20250304T0655103610_d_img_d18_x06400_y45440.png,0.2617,363.37,174.3,368.7,180.3
ch2_ohr_ncp_20250304T0655103610_d_img_d18_x06400_y45440.png,0.2592,551.37,88.49,558.75,95.24
ch2_ohr_ncp_20250304T0655103610_d_img_d18_x06400_y45440.png,0.2546,541.61,359.58,548.81,366.1
ch2_ohr_ncp_20250304T0655103610_d_img_d18_x06400_y45440.png,0.2539,559.32,149.37,565.52,158.77
ch2_ohr_ncp_20250304T0655103610_d_img_d18_x06400_y45440.png,0.2526,405.22,250.69,411.64,258.89
ch2_ohr_ncp_20250304T0655103610_d_img_d18_x06400_y45440.png,0.2488,342.4,171.52,358.51,188.3
ch2_ohr_ncp_20250304T0655103610_d_img_d18_x06400_y45440.png,0.2482,253.2,20.36,258.33,25.34
ch2_ohr_ncp_20250304T0655103610_d_img_d18_x06400_y45440.png,0.2464,533.66,189.44,538.77,194.37
ch2_ohr_ncp_20250304T0655103610_d_img_d18_x06400_y45440.png,0.2461,444.25,404.39,452.03,411.39
ch2_ohr_ncp_20250304T0655103610_d_img_d18_x06400_y45440.png,0.2452,532.41,187.75,537.9,194.52
ch2_ohr_ncp_20250304T0655103610_d_img_d18_x06400_y45440.png,0.2331,322.91,0.15,331.19,8.31
ch2_ohr_ncp_20250304T0655103610_d_img_d18_x06400_y45440.png,0.2329,282.39,200.36,292.88,211.44
ch2_ohr_ncp_20250304T0655103610_d_img_d18_x06400_y45440.png,0.2311,241.2,273.28,248.3,279.96
ch2_ohr_ncp_20250304T0655103610_d_img_d18_x06400_y45440.png,0.2271,469.82,123.23,479.21,134.25
ch2_ohr_ncp_20250304T0655103610_d_img_d18_x06400_y45440.png,0.226,110.94,254.86,134.68,307.34
ch2_ohr_ncp_20250304T0655103610_d_img_d18_x06400_y45440.png,0.2213,368.65,0.48,378.11,12.12
ch2_ohr_ncp_20250304T0655103610_d_img_d18_x06400_y45440.png,0.2208,312.28,345.56,320.98,356.3
ch2_ohr_ncp_20250304T0655103610_d_img_d18_x06400_y45440.png,0.2203,483.77,287.76,488.24,292.97
ch2_ohr_ncp_20250304T0655103610_d_img_d18_x06400_y45440.png,0.2196,522.49,357.11,529.63,364.88
ch2_ohr_ncp_20250304T0655103610_d_img_d18_x06400_y45440.png,0.2173,320.83,27.11,383.89,103.39
ch2_ohr_ncp_20250304T0655103610_d_img_d18_x06400_y45440.png,0.2165,308.78,202.44,315.4,208.9
ch2_ohr_ncp_20250304T0655103610_d_img_d18_x06400_y45440.png,0.2127,276.06,222.75,280.91,228.41
ch2_ohr_ncp_20250304T0655103610_d_img_d18_x06400_y45440.png,0.2085,107.89,0.21,122.59,12.79
ch2_ohr_ncp_20250304T0655103610_d_img_d18_x06400_y45440.png,0.2046,0.1,231.63,9.45,241.19
ch2_ohr_ncp_20250304T0655103610_d_img_d18_x06400_y45440.png,0.2035,393.81,269.7,399.0,275.16
ch2_ohr_ncp_20250304T0655103610_d_img_d18_x06400_y45440.png,0.2031,33.91,215.89,44.73,227.48
ch2_ohr_ncp_20250304T0655103610_d_img_d18_x06400_y45440.png,0.2018,625.55,287.27,630.55,293.41
ch2_ohr_ncp_20250304T0655103610_d_img_d18_x06400_y47360.png,0.3464,238.29,0.6,251.81,26.28
ch2_ohr_ncp_20250304T0655103610_d_img_d18_x07040_y40960.png,0.2089,483.93,502.66,489.68,509.53
ch2_ohr_ncp_20250304T0655103610_d_img_d18_x07040_y40960.png,0.2066,51.03,0.13,61.84,11.94
ch2_ohr_ncp_20250304T0655103610_d_img_d18_x07040_y43520.png,0.2479,504.45,1.99,510.63,8.71
ch2_ohr_ncp_20250304T0655103610_d_img_d18_x07040_y43520.png,0.2436,466.84,343.22,474.75,351.51
ch2_ohr_ncp_20250304T0655103610_d_img_d18_x07040_y43520.png,0.2308,404.01,336.46,409.76,342.23
ch2_ohr_ncp_20250304T0655103610_d_img_d18_x07040_y43520.png,0.2041,456.85,335.74,464.57,345.24
ch2_ohr_ncp_20250304T0655103610_d_img_d18_x07680_y40960.png,0.2307,506.41,0.0,541.49,71.01
ch2_ohr_ncp_20250304T0655103610_d_img_d18_x07680_y41600.png,0.2891,1.88,513.05,26.97,579.06
ch2_ohr_ncp_20250304T0655103610_d_img_d18_x07680_y42880.png,0.2596,475.46,0.15,493.1,22.1
ch2_ohr_ncp_20250304T0655103610_d_img_d18_x07680_y43520.png,0.2193,237.23,1.7,244.35,9.73
ch2_ohr_ncp_20250304T0655103610_d_img_d18_x07680_y45440.png,0.2529,110.3,68.55,124.27,82.14
ch2_ohr_ncp_20250304T0655103610_d_img_d18_x07680_y45440.png,0.2514,604.67,531.87,624.33,547.19
ch2_ohr_ncp_20250304T0655103610_d_img_d18_x07680_y45440.png,0.225,350.36,559.7,357.57,568.39
ch2_ohr_ncp_20250304T0655103610_d_img_d18_x07680_y90240.png,0.3233,200.55,0.14,206.95,6.8
ch2_ohr_ncp_20250304T0655103610_d_img_d18_x07680_y90240.png,0.309,475.74,91.57,482.33,97.53
ch2_ohr_ncp_20250304T0655103610_d_img_d18_x07680_y90240.png,0.2072,475.03,92.59,481.9,98.22
ch2_ohr_ncp_20250304T0655103610_d_img_d18_x08320_y80640.png,0.3547,553.81,452.21,607.24,522.61
ch2_ohr_ncp_20250304T0655103610_d_img_d18_x08320_y80640.png,0.3033,580.96,463.74,606.49,524.55
ch2_ohr_ncp_20250304T0655103610_d_img_d18_x08320_y80640.png,0.2439,487.28,564.3,492.43,570.47
ch2_ohr_ncp_20250304T0655103610_d_img_d18_x08320_y80640.png,0.238,520.92,454.89,606.86,530.54
ch2_ohr_ncp_20250304T0655103610_d_img_d18_x08320_y90240.png,0.4561,352.72,213.18,359.77,222.59
ch2_ohr_ncp_20250304T0655103610_d_img_d18_x08320_y90240.png,0.3974,309.43,277.15,324.32,289.71
ch2_ohr_ncp_20250304T0655103610_d_img_d18_x08320_y90240.png,0.3728,431.3,482.16,436.81,489.41
ch2_ohr_ncp_20250304T0655103610_d_img_d18_x08320_y90240.png,0.3591,332.09,413.48,336.13,420.79
ch2_ohr_ncp_20250304T0655103610_d_img_d18_x08320_y90240.png,0.3449,314.62,280.32,323.88,288.98
ch2_ohr_ncp_20250304T0655103610_d_img_d18_x08320_y90240.png,0.3288,384.82,410.12,389.45,415.76
ch2_ohr_ncp_20250304T0655103610_d_img_d18_x08320_y90240.png,0.3254,347.91,411.77,352.29,417.34
ch2_ohr_ncp_20250304T0655103610_d_img_d18_x08320_y90240.png,0.2869,331.54,414.24,335.4,420.83
ch2_ohr_ncp_20250304T0655103610_d_img_d18_x08320_y90240.png,0.2868,298.05,288.83,303.43,293.85
ch2_ohr_ncp_20250304T0655103610_d_img_d18_x08320_y90240.png,0.2843,357.43,406.87,362.79,411.69
ch2_ohr_ncp_20250304T0655103610_d_img_d18_x08320_y90240.png,0.2723,298.24,287.73,304.42,293.74
ch2_ohr_ncp_20250304T0655103610_d_img_d18_x08320_y90240.png,0.206,348.74,412.94,352.77,418.02
ch2_ohr_ncp_20250304T0655103610_d_img_d18_x08320_y90240.png,0.2059,401.75,584.17,406.58,589.95
ch2_ohr_ncp_20250304T0655103610_d_img_d18_x08320_y90240.png,0.2057,273.36,265.71,278.64,270.38
ch2_ohr_ncp_20250304T0655103610_d_img_d18_x08320_y90240.png,0.2047,384.28,410.5,388.46,415.53
ch2_ohr_ncp_20250304T0655103610_d_img_d18_x08960_y81280.png,0.3878,171.71,306.24,207.72,380.73
ch2_ohr_ncp_20250304T0655103610_d_img_d18_x08960_y81280.png,0.2541,608.62,213.25,635.05,235.8
ch2_ohr_ncp_20250304T0655103610_d_img_d18_x08960_y81280.png,0.23,407.09,603.49,413.84,611.8
ch2_ohr_ncp_20250304T0655103610_d_img_d18_x08960_y81280.png,0.2114,612.85,215.08,637.48,234.36
ch2_ohr_ncp_20250304T0655103610_d_img_d18_x08960_y81280.png,0.2033,109.03,300.12,210.03,380.89
ch2_ohr_ncp_20250304T0655103610_d_img_d18_x08960_y90880.png,0.5702,160.64,302.87,168.6,312.06
ch2_ohr_ncp_20250304T0655103610_d_img_d18_x09600_y81920.png,0.207,220.68,507.8,227.69,513.73
ch2_ohr_ncp_20250304T0655103610_d_img_d18_x10240_y82560.png,0.3085,29.65,367.62,34.82,373.24
ch2_ohr_ncp_20250304T0655103610_d_img_d18_x10240_y82560.png,0.2929,104.97,632.45,113.9,639.08
ch2_ohr_ncp_20250304T0655103610_d_img_d18_x10240_y82560.png,0.2786,30.24,366.74,35.13,372.91
ch2_ohr_ncp_20250304T0655103610_d_img_d18_x10240_y82560.png,0.2671,251.9,516.84,261.86,529.57
ch2_ohr_ncp_20250304T0655103610_d_img_d18_x10240_y82560.png,0.2583,25.18,405.47,31.77,413.15
ch2_ohr_ncp_20250304T0655103610_d_img_d18_x10240_y82560.png,0.2574,144.84,566.39,150.12,571.89
ch2_ohr_ncp_20250304T0655103610_d_img_d18_x10240_y82560.png,0.2545,101.33,400.77,107.69,407.85
ch2_ohr_ncp_20250304T0655103610_d_img_d18_x10240_y82560.png,0.2394,151.42,516.06,156.83,520.83
ch2_ohr_ncp_20250304T0655103610_d_img_d18_x10240_y82560.png,0.2216,223.16,559.31,228.1,564.88
ch2_ohr_ncp_20250304T0655103610_d_img_d18_x10240_y82560.png,0.209,22.04,372.47,29.07,379.47
ch2_ohr_ncp_20250304T0655103610_d_img_d18_x10240_y88320.png,0.2077,376.69,0.0,439.85,58.55
ch2_ohr_ncp_20250304T0655103610_d_img_d18_x10240_y92160.png,0.6635,496.78,112.01,508.26,122.88
ch2_ohr_ncp_20250304T0655103610_d_img_d18_x10240_y92160.png,0.5555,416.49,131.57,421.89,137.13
ch2_ohr_ncp_20250304T0655103610_d_img_d18_x10240_y92160.png,0.5265,452.62,173.44,458.17,178.97
ch2_ohr_ncp_20250304T0655103610_d_img_d18_x10240_y92160.png,0.5018,372.46,20.72,379.7,26.48
ch2_ohr_ncp_20250304T0655103610_d_img_d18_x10240_y92160.png,0.4837,485.08,96.57,492.41,102.96
ch2_ohr_ncp_20250304T0655103610_d_img_d18_x10240_y92160.png,0.4699,458.29,160.25,463.15,165.86
ch2_ohr_ncp_20250304T0655103610_d_img_d18_x10240_y92160.png,0.4596,483.79,158.72,489.86,166.8
ch2_ohr_ncp_20250304T0655103610_d_img_d18_x10240_y92160.png,0.4401,471.39,183.62,477.55,188.8
ch2_ohr_ncp_20250304T0655103610_d_img_d18_x10240_y92160.png,0.424,505.8,93.0,511.77,98.38
ch2_ohr_ncp_20250304T0655103610_d_img_d18_x10240_y92160.png,0.3881,537.8,164.35,545.0,172.78
ch2_ohr_ncp_20250304T0655103610_d_img_d18_x10240_y92160.png,0.3753,462.73,184.49,468.12,189.03
ch2_ohr_ncp_20250304T0655103610_d_img_d18_x10240_y92160.png,0.3546,452.14,206.75,461.16,218.2
ch2_ohr_ncp_20250304T0655103610_d_img_d18_x10240_y92160.png,0.3536,459.0,160.69,463.59,166.15
ch2_ohr_ncp_20250304T0655103610_d_img_d18_x10240_y92160.png,0.336,535.84,225.14,541.94,230.6
ch2_ohr_ncp_20250304T0655103610_d_img_d18_x10240_y92160.png,0.3018,448.72,219.48,455.47,225.1
ch2_ohr_ncp_20250304T0655103610_d_img_d18_x10240_y92160.png,0.2876,500.4,129.19,505.67,134.67
ch2_ohr_ncp_20250304T0655103610_d_img_d18_x10240_y92160.png,0.2774,566.66,409.89,574.8,416.2
ch2_ohr_ncp_20250304T0655103610_d_img_d18_x10240_y92160.png,0.253,526.59,284.95,532.19,293.17
ch2_ohr_ncp_20250304T0655103610_d_img_d18_x10240_y92160.png,0.2497,528.48,224.44,534.71,230.67
ch2_ohr_ncp_20250304T0655103610_d_img_d18_x10240_y92160.png,0.244,574.59,155.81,580.7,161.85
ch2_ohr_ncp_20250304T0655103610_d_img_d18_x10240_y92160.png,0.2424,445.79,311.21,450.96,317.04
ch2_ohr_ncp_20250304T0655103610_d_img_d18_x10240_y92160.png,0.2327,454.69,185.68,458.83,190.14
ch2_ohr_ncp_20250304T0655103610_d_img_d18_x10240_y92160.png,0.2252,507.98,49.12,512.3,54.05
ch2_ohr_ncp_20250304T0655103610_d_img_d18_x10240_y92160.png,0.2232,406.41,21.14,411.31,25.64
ch2_ohr_ncp_20250304T0655103610_d_img_d18_x10240_y92160.png,0.2094,441.31,261.62,446.37,269.16
ch2_ohr_ncp_20250304T0655103610_d_img_d18_x10880_y92800.png,0.5224,515.22,288.1,520.79,292.22
ch2_ohr_ncp_20250304T0655103610_d_img_d18_x10880_y92800.png,0.2233,364.02,106.22,369.79,111.33
ch2_ohr_ncp_20250304T0655103610_d_img_d18_x10880_y92800.png,0.208,353.9,62.52,357.74,67.36
ch2_ohr_ncp_20250304T0655103610_d_img_d18_x11520_y87680.png,0.3928,354.97,390.6,362.1,397.09
ch2_ohr_ncp_20250304T0655103610_d_img_d18_x11520_y87680.png,0.2723,31.09,438.76,36.99,444.46
ch2_ohr_ncp_20250304T0655103610_d_img_d18_x11520_y87680.png,0.212,32.04,439.04,37.59,443.99
ch2_ohr_ncp_20250304T0655103610_d_img_d18_x11520_y92800.png,0.4478,123.16,283.71,128.85,289.83
ch2_ohr_ncp_20250304T0655103610_d_img_d18_x11520_y92800.png,0.4011,164.82,239.43,170.97,245.95
ch2_ohr_ncp_20250304T0655103610_d_img_d18_x11520_y92800.png,0.3964,167.88,420.8,173.23,425.59
ch2_ohr_ncp_20250304T0655103610_d_img_d18_x11520_y92800.png,0.2328,136.42,276.31,141.92,281.86
ch2_ohr_ncp_20250304T0655103610_d_img_d18_x11520_y93440.png,0.5484,360.2,114.95,366.45,120.96
ch2_ohr_ncp_20250304T0655103610_d_img_d18_x11520_y93440.png,0.5018,448.14,142.85,454.24,148.16
ch2_ohr_ncp_20250304T0655103610_d_img_d18_x11520_y93440.png,0.4887,370.54,462.34,377.4,467.49
ch2_ohr_ncp_20250304T0655103610_d_img_d18_x11520_y93440.png,0.469,457.35,202.65,461.74,208.38
ch2_ohr_ncp_20250304T0655103610_d_img_d18_x11520_y93440.png,0.4613,445.2,194.61,449.49,199.06
ch2_ohr_ncp_20250304T0655103610_d_img_d18_x11520_y93440.png,0.4487,420.11,355.27,424.95,360.29
ch2_ohr_ncp_20250304T0655103610_d_img_d18_x11520_y93440.png,0.4463,256.48,312.64,261.7,319.75
ch2_ohr_ncp_20250304T0655103610_d_img_d18_x11520_y93440.png,0.4323,322.2,153.78,326.36,158.98
ch2_ohr_ncp_20250304T0655103610_d_img_d18_x11520_y93440.png,0.4287,409.6,380.75,414.38,387.85
ch2_ohr_ncp_20250304T0655103610_d_img_d18_x11520_y93440.png,0.4282,461.76,268.49,467.24,273.81
ch2_ohr_ncp_20250304T0655103610_d_img_d18_x11520_y93440.png,0.4239,467.7,198.84,471.57,203.25
ch2_ohr_ncp_20250304T0655103610_d_img_d18_x11520_y93440.png,0.3945,296.62,122.35,300.87,126.23
ch2_ohr_ncp_20250304T0655103610_d_img_d18_x11520_y93440.png,0.375,417.36,383.34,422.13,388.73
ch2_ohr_ncp_20250304T0655103610_d_img_d18_x11520_y93440.png,0.3524,308.0,287.58,312.63,293.55
ch2_ohr_ncp_20250304T0655103610_d_img_d18_x11520_y93440.png,0.3431,237.19,192.26,243.0,197.39
ch2_ohr_ncp_20250304T0655103610_d_img_d18_x11520_y93440.png,0.334,387.24,371.78,393.17,376.44
ch2_ohr_ncp_20250304T0655103610_d_img_d18_x11520_y93440.png,0.3318,389.13,190.03,394.64,194.77
ch2_ohr_ncp_20250304T0655103610_d_img_d18_x11520_y93440.png,0.3018,395.05,438.03,400.99,443.8
ch2_ohr_ncp_20250304T0655103610_d_img_d18_x11520_y93440.png,0.2978,322.47,153.6,327.45,158.68
ch2_ohr_ncp_20250304T0655103610_d_img_d18_x11520_y93440.png,0.2825,409.09,379.84,414.63,386.94
ch2_ohr_ncp_20250304T0655103610_d_img_d18_x11520_y93440.png,0.2781,371.53,462.5,378.27,467.87
ch2_ohr_ncp_20250304T0655103610_d_img_d18_x11520_y93440.png,0.2707,332.44,388.92,337.57,394.31
ch2_ohr_ncp_20250304T0655103610_d_img_d18_x11520_y93440.png,0.2652,419.73,392.66,426.4,398.7
ch2_ohr_ncp_20250304T0655103610_d_img_d18_x11520_y93440.png,0.2612,456.5,203.03,461.01,208.1
ch2_ohr_ncp_20250304T0655103610_d_img_d18_x11520_y93440.png,0.2431,339.86,393.49,344.56,397.82
ch2_ohr_ncp_20250304T0655103610_d_img_d18_x11520_y93440.png,0.2297,340.3,392.96,345.2,398.29
ch2_ohr_ncp_20250304T0655103610_d_img_d18_x11520_y93440.png,0.2246,468.26,198.31,472.33,202.99
ch2_ohr_ncp_20250304T0655103610_d_img_d18_x11520_y93440.png,0.224,332.92,390.65,337.91,394.6
ch2_ohr_ncp_20250304T0655103610_d_img_d18_x11520_y93440.png,0.2018,298.58,283.98,303.49,287.77
ch2_ohr_ncp_20250304T1050453845_d_img_d18_x00000_y33920.png,0.3343,360.9,83.45,384.65,127.47
ch2_ohr_ncp_20250304T1050453845_d_img_d18_x00000_y33920.png,0.2745,130.8,467.24,137.05,474.7
ch2_ohr_ncp_20250304T1050453845_d_img_d18_x00000_y33920.png,0.2705,129.39,465.75,136.35,474.54
ch2_ohr_ncp_20250304T1050453845_d_img_d18_x00000_y38400.png,0.2959,215.58,628.07,221.57,635.24
ch2_ohr_ncp_20250304T1050453845_d_img_d18_x00000_y38400.png,0.2314,553.86,373.35,561.41,379.19
ch2_ohr_ncp_20250304T1050453845_d_img_d18_x00000_y38400.png,0.2259,400.36,459.82,432.74,536.66
ch2_ohr_ncp_20250304T1050453845_d_img_d18_x00000_y38400.png,0.2059,370.66,512.8,415.45,602.23
ch2_ohr_ncp_20250304T1050453845_d_img_d18_x00000_y48640.png,0.2132,632.03,374.16,637.1,379.64
ch2_ohr_ncp_20250304T1050453845_d_img_d18_x00000_y69120.png,0.3579,95.27,218.86,101.55,225.28
ch2_ohr_ncp_20250304T1050453845_d_img_d18_x00000_y69120.png,0.2857,201.94,425.73,206.83,430.66
ch2_ohr_ncp_20250304T1050453845_d_img_d18_x00000_y69120.png,0.2594,207.64,450.38,213.16,457.06
ch2_ohr_ncp_20250304T1050453845_d_img_d18_x00000_y69120.png,0.2274,202.51,133.51,210.88,142.87
ch2_ohr_ncp_20250304T1050453845_d_img_d18_x00000_y69120.png,0.2272,109.22,152.53,113.41,156.42
ch2_ohr_ncp_20250304T1050453845_d_img_d18_x00000_y69120.png,0.2226,98.72,443.23,103.84,448.88
ch2_ohr_ncp_20250304T1050453845_d_img_d18_x00000_y69120.png,0.2111,188.17,214.18,193.57,219.57
ch2_ohr_ncp_20250304T1050453845_d_img_d18_x00000_y69120.png,0.207,76.73,68.33,81.76,72.38
ch2_ohr_ncp_20250304T1050453845_d_img_d18_x00000_y69120.png,0.2049,199.9,317.84,205.75,323.2
ch2_ohr_ncp_20250304T1050453845_d_img_d18_x00000_y69120.png,0.2003,125.34,146.86,131.01,152.61
ch2_ohr_ncp_20250304T1050453845_d_img_d18_x00000_y70400.png,0.3961,145.45,73.34,151.57,79.73
ch2_ohr_ncp_20250304T1050453845_d_img_d18_x00000_y70400.png,0.3021,201.12,110.85,206.2,116.36
ch2_ohr_ncp_20250304T1050453845_d_img_d18_x00000_y70400.png,0.3016,578.51,81.41,583.91,86.79
ch2_ohr_ncp_20250304T1050453845_d_img_d18_x00000_y70400.png,0.2697,145.66,30.43,150.93,34.8
ch2_ohr_ncp_20250304T1050453845_d_img_d18_x00000_y70400.png,0.2674,81.23,108.79,88.28,115.94
ch2_ohr_ncp_20250304T1050453845_d_img_d18_x00000_y70400.png,0.2529,176.33,140.22,181.25,144.9
ch2_ohr_ncp_20250304T1050453845_d_img_d18_x00000_y70400.png,0.224,579.52,81.75,585.5,87.57
ch2_ohr_ncp_20250304T1050453845_d_img_d18_x00000_y70400.png,0.221,275.41,1.8,288.6,17.38
ch2_ohr_ncp_20250304T1050453845_d_img_d18_x00000_y90240.png,0.2992,586.53,0.0,593.04,3.74
ch2_ohr_ncp_20250304T1050453845_d_img_d18_x00000_y90240.png,0.2556,588.17,30.04,598.73,40.55
ch2_ohr_ncp_20250304T1050453845_d_img_d18_x00000_y90240.png,0.2448,456.42,240.05,466.26,249.45
ch2_ohr_ncp_20250304T1050453845_d_img_d18_x00640_y38400.png,0.2601,550.67,501.23,557.83,508.89
ch2_ohr_ncp_20250304T1050453845_d_img_d18_x00640_y38400.png,0.2356,593.39,630.67,606.85,639.99
ch2_ohr_ncp_20250304T1050453845_d_img_d18_x00640_y38400.png,0.2351,509.74,486.03,513.81,491.06
ch2_ohr_ncp_20250304T1050453845_d_img_d18_x00640_y38400.png,0.2168,462.99,408.7,470.89,416.22
ch2_ohr_ncp_20250304T1050453845_d_img_d18_x00640_y38400.png,0.2084,271.42,219.56,276.89,226.96
ch2_ohr_ncp_20250304T1050453845_d_img_d18_x00640_y38400.png,0.2055,347.26,361.53,352.53,368.74
ch2_ohr_ncp_20250304T1050453845_d_img_d18_x00640_y38400.png,0.2012,394.51,376.26,400.52,382.48
ch2_ohr_ncp_20250304T1050453845_d_img_d18_x00640_y51840.png,0.2609,377.95,0.0,398.82,41.88
ch2_ohr_ncp_20250304T1050453845_d_img_d18_x00640_y56960.png,0.2184,374.05,311.58,380.92,319.23
ch2_ohr_ncp_20250304T1050453845_d_img_d18_x00640_y67200.png,0.2621,258.09,168.83,265.17,175.84
ch2_ohr_ncp_20250304T1050453845_d_img_d18_x00640_y67200.png,0.253,265.64,335.52,270.46,341.29
ch2_ohr_ncp_20250304T1050453845_d_img_d18_x00640_y67200.png,0.2442,404.51,139.12,410.19,145.53
ch2_ohr_ncp_20250304T1050453845_d_img_d18_x00640_y67200.png,0.2436,374.44,19.75,380.14,25.66
ch2_ohr_ncp_20250304T1050453845_d_img_d18_x00640_y67200.png,0.2416,539.44,86.08,543.88,90.91
ch2_ohr_ncp_20250304T1050453845_d_img_d18_x00640_y67200.png,0.2355,540.83,59.8,546.4,65.36
ch2_ohr_ncp_20250304T1050453845_d_img_d18_x00640_y67200.png,0.2309,321.61,186.24,329.21,194.22
ch2_ohr_ncp_20250304T1050453845_d_img_d18_x00640_y67200.png,0.2272,389.82,191.39,396.42,197.87
ch2_ohr_ncp_20250304T1050453845_d_img_d18_x00640_y67200.png,0.2146,282.11,115.7,317.68,166.39
ch2_ohr_ncp_20250304T1050453845_d_img_d18_x00640_y67200.png,0.2122,139.97,106.43,147.48,113.48
ch2_ohr_ncp_20250304T1050453845_d_img_d18_x00640_y67200.png,0.206,495.6,0.0,510.02,8.76
ch2_ohr_ncp_20250304T1050453845_d_img_d18_x00640_y69120.png,0.2098,119.8,150.26,126.22,157.64
ch2_ohr_ncp_20250304T1050453845_d_img_d18_x00640_y70400.png,0.2848,441.85,92.84,447.8,98.64
ch2_ohr_ncp_20250304T1050453845_d_img_d18_x00640_y70400.png,0.2145,0.35,56.44,7.43,64.46
ch2_ohr_ncp_20250304T1050453845_d_img_d18_x00640_y70400.png,0.2022,624.05,57.55,627.86,61.85
ch2_ohr_ncp_20250304T1050453845_d_img_d18_x01280_y57600.png,0.2644,189.56,121.62,195.91,127.71
ch2_ohr_ncp_20250304T1050453845_d_img_d18_x01280_y57600.png,0.2412,529.43,466.0,536.97,474.63
ch2_ohr_ncp_20250304T1050453845_d_img_d18_x01280_y57600.png,0.2246,369.29,249.44,378.29,257.48
ch2_ohr_ncp_20250304T1050453845_d_img_d18_x01280_y57600.png,0.2205,554.99,301.52,560.54,306.82
ch2_ohr_ncp_20250304T1050453845_d_img_d18_x01280_y57600.png,0.2102,538.25,107.49,544.97,113.2
ch2_ohr_ncp_20250304T1050453845_d_img_d18_x01280_y57600.png,0.203,627.92,149.14,633.98,154.7
ch2_ohr_ncp_20250304T1050453845_d_img_d18_x01280_y57600.png,0.2001,372.25,278.23,390.87,303.78
ch2_ohr_ncp_20250304T1050453845_d_img_d18_x01280_y66560.png,0.3137,143.15,283.1,148.12,290.19
ch2_ohr_ncp_20250304T1050453845_d_img_d18_x01280_y66560.png,0.2642,57.01,198.65,64.18,205.47
ch2_ohr_ncp_20250304T1050453845_d_img_d18_x01280_y66560.png,0.2544,148.44,622.83,154.26,628.7
ch2_ohr_ncp_20250304T1050453845_d_img_d18_x01280_y66560.png,0.2543,73.71,601.28,80.4,609.21
ch2_ohr_ncp_20250304T1050453845_d_img_d18_x01280_y66560.png,0.2475,135.76,568.07,141.27,573.31
ch2_ohr_ncp_20250304T1050453845_d_img_d18_x01280_y66560.png,0.2461,292.18,514.43,297.54,519.57
ch2_ohr_ncp_20250304T1050453845_d_img_d18_x01280_y66560.png,0.2371,143.59,383.68,149.53,389.83
ch2_ohr_ncp_20250304T1050453845_d_img_d18_x01280_y66560.png,0.221,126.0,568.45,131.38,574.3
ch2_ohr_ncp_20250304T1050453845_d_img_d18_x01280_y66560.png,0.2002,137.6,454.73,145.41,461.97
ch2_ohr_ncp_20250304T1050453845_d_img_d18_x01280_y67840.png,0.2475,398.87,200.68,404.42,206.46
ch2_ohr_ncp_20250304T1050453845_d_img_d18_x01280_y67840.png,0.212,306.97,191.88,312.83,198.95
ch2_ohr_ncp_20250304T1050453845_d_img_d18_x01280_y67840.png,0.2095,445.83,186.46,452.63,193.01
ch2_ohr_ncp_20250304T1050453845_d_img_d18_x01280_y67840.png,0.2043,232.84,578.1,246.64,593.11
ch2_ohr_ncp_20250304T1050453845_d_img_d18_x01280_y69760.png,0.2021,268.22,0.28,283.05,18.48
ch2_ohr_ncp_20250304T1050453845_d_img_d18_x01920_y42240.png,0.205,142.1,45.89,149.07,52.42
ch2_ohr_ncp_20250304T1050453845_d_img_d18_x01920_y42880.png,0.2417,138.14,97.47,145.17,105.4
ch2_ohr_ncp_20250304T1050453845_d_img_d18_x01920_y43520.png,0.3179,66.47,267.87,72.12,274.22
ch2_ohr_ncp_20250304T1050453845_d_img_d18_x01920_y43520.png,0.3001,283.37,509.38,311.15,562.63
ch2_ohr_ncp_20250304T1050453845_d_img_d18_x01920_y43520.png,0.2722,55.43,359.41,61.46,365.77
ch2_ohr_ncp_20250304T1050453845_d_img_d18_x01920_y43520.png,0.2705,503.49,35.99,508.31,43.19
ch2_ohr_ncp_20250304T1050453845_d_img_d18_x01920_y43520.png,0.2701,36.82,18.84,45.53,27.45
ch2_ohr_ncp_20250304T1050453845_d_img_d18_x01920_y43520.png,0.2613,38.81,33.13,47.52,43.26
ch2_ohr_ncp_20250304T1050453845_d_img_d18_x01920_y43520.png,0.2512,235.65,625.83,243.46,634.59
ch2_ohr_ncp_20250304T1050453845_d_img_d18_x01920_y43520.png,0.2493,78.3,251.69,84.53,259.66
ch2_ohr_ncp_20250304T1050453845_d_img_d18_x01920_y43520.png,0.2395,79.58,251.74,85.19,258.84
ch2_ohr_ncp_20250304T1050453845_d_img_d18_x01920_y43520.png,0.2345,128.65,0.0,164.62,35.54
ch2_ohr_ncp_20250304T1050453845_d_img_d18_x01920_y43520.png,0.2278,284.68,13.52,290.44,19.89
ch2_ohr_ncp_20250304T1050453845_d_img_d18_x01920_y43520.png,0.2154,77.88,77.96,84.73,84.58
ch2_ohr_ncp_20250304T1050453845_d_img_d18_x01920_y43520.png,0.2089,234.64,614.69,243.26,623.7
ch2_ohr_ncp_20250304T1050453845_d_img_d18_x01920_y48000.png,0.3988,96.56,203.25,123.28,251.92
ch2_ohr_ncp_20250304T1050453845_d_img_d18_x01920_y48000.png,0.2814,273.38,284.3,315.0,340.94
ch2_ohr_ncp_20250304T1050453845_d_img_d18_x01920_y48000.png,0.229,548.24,185.09,554.74,191.99
ch2_ohr_ncp_20250304T1050453845_d_img_d18_x01920_y48000.png,0.2056,467.97,239.51,476.09,248.86
ch2_ohr_ncp_20250304T1050453845_d_img_d18_x01920_y48000.png,0.2039,565.05,0.0,573.32,9.49
ch2_ohr_ncp_20250304T1050453845_d_img_d18_x01920_y66560.png,0.341,445.64,89.38,451.42,95.36
ch2_ohr_ncp_20250304T1050453845_d_img_d18_x01920_y66560.png,0.3287,607.21,531.35,613.84,538.45
ch2_ohr_ncp_20250304T1050453845_d_img_d18_x01920_y66560.png,0.301,447.15,382.73,456.3,391.78
ch2_ohr_ncp_20250304T1050453845_d_img_d18_x01920_y66560.png,0.2907,426.25,339.51,434.65,347.83
ch2_ohr_ncp_20250304T1050453845_d_img_d18_x01920_y66560.png,0.2824,399.27,48.51,406.61,57.67
ch2_ohr_ncp_20250304T1050453845_d_img_d18_x01920_y66560.png,0.2787,347.99,64.52,354.11,70.45
ch2_ohr_ncp_20250304T1050453845_d_img_d18_x01920_y66560.png,0.271,577.12,567.75,583.95,573.16
ch2_ohr_ncp_20250304T1050453845_d_img_d18_x01920_y66560.png,0.2527,554.32,478.45,559.69,483.92
ch2_ohr_ncp_20250304T1050453845_d_img_d18_x01920_y66560.png,0.2428,412.85,230.23,422.63,240.27
ch2_ohr_ncp_20250304T1050453845_d_img_d18_x01920_y66560.png,0.2424,400.74,208.52,406.92,214.79
ch2_ohr_ncp_20250304T1050453845_d_img_d18_x01920_y66560.png,0.2241,451.19,59.53,456.01,64.11
ch2_ohr_ncp_20250304T1050453845_d_img_d18_x01920_y66560.png,0.2154,499.49,346.55,509.47,355.46
ch2_ohr_ncp_20250304T1050453845_d_img_d18_x01920_y66560.png,0.2144,499.38,182.9,506.23,190.14
ch2_ohr_ncp_20250304T1050453845_d_img_d18_x01920_y66560.png,0.2144,389.19,82.63,396.03,89.95
ch2_ohr_ncp_20250304T1050453845_d_img_d18_x01920_y66560.png,0.2081,630.62,470.38,638.37,478.16
ch2_ohr_ncp_20250304T1050453845_d_img_d18_x01920_y66560.png,0.2072,607.54,484.33,612.62,490.25
ch2_ohr_ncp_20250304T1050453845_d_img_d18_x01920_y70400.png,0.33,155.09,47.21,161.09,54.12
ch2_ohr_ncp_20250304T1050453845_d_img_d18_x01920_y70400.png,0.2836,142.19,214.18,147.75,220.11
ch2_ohr_ncp_20250304T1050453845_d_img_d18_x01920_y70400.png,0.266,153.2,138.25,159.44,144.52
ch2_ohr_ncp_20250304T1050453845_d_img_d18_x01920_y70400.png,0.2366,159.14,170.13,164.81,176.0
ch2_ohr_ncp_20250304T1050453845_d_img_d18_x01920_y70400.png,0.2271,27.76,263.33,34.66,268.67
ch2_ohr_ncp_20250304T1050453845_d_img_d18_x01920_y70400.png,0.2221,235.37,239.66,239.08,245.35
ch2_ohr_ncp_20250304T1050453845_d_img_d18_x01920_y70400.png,0.2089,221.28,368.39,226.25,373.05
ch2_ohr_ncp_20250304T1050453845_d_img_d18_x01920_y70400.png,0.2069,155.73,46.19,160.98,53.21
ch2_ohr_ncp_20250304T1050453845_d_img_d18_x01920_y70400.png,0.2031,155.37,193.14,161.96,198.87
ch2_ohr_ncp_20250304T1050453845_d_img_d18_x01920_y91520.png,0.4134,1.29,67.01,12.12,76.3
ch2_ohr_ncp_20250304T1050453845_d_img_d18_x02560_y43520.png,0.2775,150.33,0.0,176.89,24.89
ch2_ohr_ncp_20250304T1050453845_d_img_d18_x02560_y60800.png,0.205,365.97,123.04,395.65,178.23
ch2_ohr_ncp_20250304T1050453845_d_img_d18_x02560_y62080.png,0.4294,386.71,309.9,405.82,348.16
ch2_ohr_ncp_20250304T1050453845_d_img_d18_x02560_y62080.png,0.2037,538.38,514.12,546.85,522.48
ch2_ohr_ncp_20250304T1050453845_d_img_d18_x02560_y83840.png,0.3212,427.81,504.67,454.75,532.05
ch2_ohr_ncp_20250304T1050453845_d_img_d18_x02560_y83840.png,0.2325,539.66,627.03,546.06,636.77
ch2_ohr_ncp_20250304T1050453845_d_img_d18_x02560_y83840.png,0.2166,222.09,456.48,228.28,462.43
ch2_ohr_ncp_20250304T1050453845_d_img_d18_x02560_y83840.png,0.2157,0.02,445.04,5.28,452.8
ch2_ohr_ncp_20250304T1050453845_d_img_d18_x02560_y83840.png,0.2144,174.01,516.0,181.96,523.54
ch2_ohr_ncp_20250304T1050453845_d_img_d18_x02560_y83840.png,0.2119,117.73,489.58,123.66,494.44
ch2_ohr_ncp_20250304T1050453845_d_img_d18_x02560_y84480.png,0.404,101.33,173.73,163.19,234.63
ch2_ohr_ncp_20250304T1050453845_d_img_d18_x02560_y92160.png,0.2843,570.83,30.1,580.41,38.37
ch2_ohr_ncp_20250304T1050453845_d_img_d18_x02560_y92160.png,0.263,529.79,68.79,536.53,75.13
ch2_ohr_ncp_20250304T1050453845_d_img_d18_x03200_y41600.png,0.2273,522.26,1.75,527.43,9.23
ch2_ohr_ncp_20250304T1050453845_d_img_d18_x03200_y44800.png,0.2739,236.89,72.3,241.87,76.9
ch2_ohr_ncp_20250304T1050453845_d_img_d18_x03200_y44800.png,0.2737,249.67,79.34,255.07,84.46
ch2_ohr_ncp_20250304T1050453845_d_img_d18_x03200_y44800.png,0.2621,322.83,527.31,334.24,542.65
ch2_ohr_ncp_20250304T1050453845_d_img_d18_x03200_y44800.png,0.2307,266.34,492.66,271.74,497.07
ch2_ohr_ncp_20250304T1050453845_d_img_d18_x03200_y44800.png,0.2167,214.58,434.05,221.41,440.72
ch2_ohr_ncp_20250304T1050453845_d_img_d18_x03200_y44800.png,0.2166,192.85,432.19,198.53,438.3
ch2_ohr_ncp_20250304T1050453845_d_img_d18_x03200_y44800.png,0.2142,266.72,134.81,273.13,143.79
ch2_ohr_ncp_20250304T1050453845_d_img_d18_x03200_y61440.png,0.2884,110.1,541.29,116.55,547.04
ch2_ohr_ncp_20250304T1050453845_d_img_d18_x03200_y61440.png,0.237,150.76,563.01,156.85,569.14
ch2_ohr_ncp_20250304T1050453845_d_img_d18_x03200_y61440.png,0.2045,108.43,564.85,116.43,571.33
ch2_ohr_ncp_20250304T1050453845_d_img_d18_x03200_y61440.png,0.2014,114.63,523.8,120.23,529.33
ch2_ohr_ncp_20250304T1050453845_d_img_d18_x03200_y62720.png,0.2325,126.72,574.54,134.85,583.35
ch2_ohr_ncp_20250304T1050453845_d_img_d18_x03200_y62720.png,0.2315,103.26,228.93,108.96,233.99
ch2_ohr_ncp_20250304T1050453845_d_img_d18_x03200_y62720.png,0.2171,112.98,236.43,118.44,243.15
ch2_ohr_ncp_20250304T1050453845_d_img_d18_x03200_y62720.png,0.2165,202.1,0.23,223.73,16.55
ch2_ohr_ncp_20250304T1050453845_d_img_d18_x03200_y62720.png,0.2118,173.67,0.72,180.44,9.47
ch2_ohr_ncp_20250304T1050453845_d_img_d18_x03200_y62720.png,0.2112,36.01,431.99,40.19,436.56
ch2_ohr_ncp_20250304T1050453845_d_img_d18_x03200_y62720.png,0.2024,310.63,634.19,314.92,638.59
ch2_ohr_ncp_20250304T1050453845_d_img_d18_x03200_y65920.png,0.2496,440.73,558.18,528.88,640.0
ch2_ohr_ncp_20250304T1050453845_d_img_d18_x03840_y44160.png,0.3272,383.03,14.03,389.53,20.71
ch2_ohr_ncp_20250304T1050453845_d_img_d18_x03840_y44160.png,0.3022,484.54,191.35,493.61,201.53
ch2_ohr_ncp_20250304T1050453845_d_img_d18_x03840_y44160.png,0.2744,246.85,1.53,252.18,8.91
ch2_ohr_ncp_20250304T1050453845_d_img_d18_x03840_y44160.png,0.2697,190.67,233.22,196.78,239.55
ch2_ohr_ncp_20250304T1050453845_d_img_d18_x03840_y44160.png,0.2433,377.75,305.58,386.21,314.33
ch2_ohr_ncp_20250304T1050453845_d_img_d18_x03840_y44160.png,0.2368,501.77,220.5,507.59,226.33
ch2_ohr_ncp_20250304T1050453845_d_img_d18_x03840_y44160.png,0.2367,197.4,241.89,206.48,251.55
ch2_ohr_ncp_20250304T1050453845_d_img_d18_x03840_y44160.png,0.2343,13.34,186.33,74.5,263.44
ch2_ohr_ncp_20250304T1050453845_d_img_d18_x03840_y44160.png,0.2323,545.92,135.32,557.14,146.23
ch2_ohr_ncp_20250304T1050453845_d_img_d18_x03840_y44160.png,0.23,473.16,307.66,479.07,315.49
ch2_ohr_ncp_20250304T1050453845_d_img_d18_x03840_y44160.png,0.2264,528.1,105.65,534.1,113.01
ch2_ohr_ncp_20250304T1050453845_d_img_d18_x03840_y44160.png,0.2125,205.32,0.0,212.88,7.6
ch2_ohr_ncp_20250304T1050453845_d_img_d18_x03840_y44160.png,0.2027,492.44,163.94,498.94,169.3
ch2_ohr_ncp_20250304T1050453845_d_img_d18_x03840_y44160.png,0.2008,310.93,70.25,316.86,77.97
ch2_ohr_ncp_20250304T1050453845_d_img_d18_x03840_y44160.png,0.2,444.17,295.91,448.59,300.33
ch2_ohr_ncp_20250304T1050453845_d_img_d18_x03840_y51200.png,0.2488,465.29,289.04,495.99,354.09
ch2_ohr_ncp_20250304T1050453845_d_img_d18_x03840_y51200.png,0.2038,194.37,286.26,217.11,332.66
ch2_ohr_ncp_20250304T1050453845_d_img_d18_x03840_y58240.png,0.3704,395.46,0.0,411.6,26.21
ch2_ohr_ncp_20250304T1050453845_d_img_d18_x03840_y59520.png,0.25,355.53,41.72,400.35,103.17
ch2_ohr_ncp_20250304T1050453845_d_img_d18_x03840_y59520.png,0.2471,622.06,42.93,628.01,48.37
ch2_ohr_ncp_20250304T1050453845_d_img_d18_x03840_y59520.png,0.2288,46.35,0.36,66.99,16.34
ch2_ohr_ncp_20250304T1050453845_d_img_d18_x03840_y59520.png,0.207,299.37,146.86,305.64,155.13
ch2_ohr_ncp_20250304T1050453845_d_img_d18_x03840_y65920.png,0.2799,71.76,172.52,77.56,178.2
ch2_ohr_ncp_20250304T1050453845_d_img_d18_x03840_y65920.png,0.2646,252.44,190.16,258.08,197.37
ch2_ohr_ncp_20250304T1050453845_d_img_d18_x03840_y65920.png,0.2064,84.92,170.26,92.17,177.19
ch2_ohr_ncp_20250304T1050453845_d_img_d18_x03840_y65920.png,0.2064,98.29,436.74,104.88,442.93
ch2_ohr_ncp_20250304T1050453845_d_img_d18_x03840_y92800.png,0.2495,92.23,205.82,99.67,211.92
ch2_ohr_ncp_20250304T1050453845_d_img_d18_x04480_y42880.png,0.2599,236.49,413.04,255.52,446.95
ch2_ohr_ncp_20250304T1050453845_d_img_d18_x04480_y46080.png,0.2677,430.42,72.26,437.07,80.22
ch2_ohr_ncp_20250304T1050453845_d_img_d18_x04480_y46080.png,0.2097,460.06,0.0,466.98,5.58
ch2_ohr_ncp_20250304T1050453845_d_img_d18_x04480_y49280.png,0.2161,631.34,26.49,637.39,34.68
ch2_ohr_ncp_20250304T1050453845_d_img_d18_x04480_y54400.png,0.331,348.03,339.16,353.3,346.93
ch2_ohr_ncp_20250304T1050453845_d_img_d18_x04480_y54400.png,0.3096,355.18,353.93,361.95,360.43
ch2_ohr_ncp_20250304T1050453845_d_img_d18_x04480_y54400.png,0.3055,350.61,320.25,356.04,325.35
ch2_ohr_ncp_20250304T1050453845_d_img_d18_x04480_y54400.png,0.3043,363.61,324.58,368.74,331.4
ch2_ohr_ncp_20250304T1050453845_d_img_d18_x04480_y54400.png,0.2807,165.88,296.05,172.49,304.19
ch2_ohr_ncp_20250304T1050453845_d_img_d18_x04480_y54400.png,0.266,306.97,315.56,314.18,324.07
ch2_ohr_ncp_20250304T1050453845_d_img_d18_x04480_y54400.png,0.2595,345.63,298.28,354.91,308.3
ch2_ohr_ncp_20250304T1050453845_d_img_d18_x04480_y54400.png,0.2518,212.02,322.87,217.73,329.19
ch2_ohr_ncp_20250304T1050453845_d_img_d18_x04480_y54400.png,0.2446,412.07,367.34,417.2,372.49
ch2_ohr_ncp_20250304T1050453845_d_img_d18_x04480_y54400.png,0.2399,325.66,158.45,331.98,166.58
ch2_ohr_ncp_20250304T1050453845_d_img_d18_x04480_y54400.png,0.2345,307.87,216.76,313.14,222.22
ch2_ohr_ncp_20250304T1050453845_d_img_d18_x04480_y54400.png,0.2334,350.15,321.02,355.4,325.17
ch2_ohr_ncp_20250304T1050453845_d_img_d18_x04480_y54400.png,0.2287,299.32,308.8,305.42,314.91
ch2_ohr_ncp_20250304T1050453845_d_img_d18_x04480_y54400.png,0.2273,449.52,294.94,454.63,300.01
ch2_ohr_ncp_20250304T1050453845_d_img_d18_x04480_y54400.png,0.223,364.21,324.05,370.19,330.72
ch2_ohr_ncp_20250304T1050453845_d_img_d18_x04480_y54400.png,0.2184,270.05,241.41,275.97,246.68
ch2_ohr_ncp_20250304T1050453845_d_img_d18_x04480_y54400.png,0.2154,418.3,388.39,424.47,396.32
ch2_ohr_ncp_20250304T1050453845_d_img_d18_x04480_y54400.png,0.2144,157.02,350.19,187.26,401.8
ch2_ohr_ncp_20250304T1050453845_d_img_d18_x04480_y54400.png,0.2072,196.32,206.0,202.99,212.05
ch2_ohr_ncp_20250304T1050453845_d_img_d18_x04480_y54400.png,0.2066,283.0,218.86,291.52,228.67
ch2_ohr_ncp_20250304T1050453845_d_img_d18_x04480_y54400.png,0.2054,166.48,352.11,187.81,399.38
ch2_ohr_ncp_20250304T1050453845_d_img_d18_x04480_y54400.png,0.2001,408.16,298.9,414.32,306.05
ch2_ohr_ncp_20250304T1050453845_d_img_d18_x04480_y56320.png,0.2507,510.58,471.3,520.59,481.5
ch2_ohr_ncp_20250304T1050453845_d_img_d18_x04480_y59520.png,0.3229,566.66,120.57,572.49,127.51
ch2_ohr_ncp_20250304T1050453845_d_img_d18_x04480_y59520.png,0.3169,309.73,343.74,316.93,350.88
ch2_ohr_ncp_20250304T1050453845_d_img_d18_x04480_y59520.png,0.2605,286.06,231.8,292.85,238.17
ch2_ohr_ncp_20250304T1050453845_d_img_d18_x04480_y59520.png,0.2479,267.06,314.5,273.62,319.98
ch2_ohr_ncp_20250304T1050453845_d_img_d18_x04480_y59520.png,0.2416,600.81,506.65,606.79,513.93
ch2_ohr_ncp_20250304T1050453845_d_img_d18_x04480_y59520.png,0.2414,512.16,304.59,520.63,313.14
ch2_ohr_ncp_20250304T1050453845_d_img_d18_x04480_y59520.png,0.2403,231.2,153.94,239.3,161.31
ch2_ohr_ncp_20250304T1050453845_d_img_d18_x04480_y59520.png,0.2398,594.34,478.15,600.22,483.15
ch2_ohr_ncp_20250304T1050453845_d_img_d18_x04480_y59520.png,0.2183,269.82,241.7,276.56,248.2
ch2_ohr_ncp_20250304T1050453845_d_img_d18_x04480_y59520.png,0.2077,220.38,285.37,225.62,291.06
ch2_ohr_ncp_20250304T1050453845_d_img_d18_x04480_y59520.png,0.2023,224.61,169.51,230.09,174.29
ch2_ohr_ncp_20250304T1050453845_d_img_d18_x04480_y59520.png,0.2009,212.94,156.36,219.37,164.98
ch2_ohr_ncp_20250304T1050453845_d_img_d18_x05120_y58240.png,0.2081,278.16,416.52,285.76,424.8
ch2_ohr_ncp_20250304T1050453845_d_img_d18_x05120_y85760.png,0.2466,457.43,580.69,519.67,639.56
ch2_ohr_ncp_20250304T1050453845_d_img_d18_x05760_y48000.png,0.2231,283.08,27.77,365.0,131.75
ch2_ohr_ncp_20250304T1050453845_d_img_d18_x06400_y52480.png,0.223,587.0,8.02,613.14,47.68
ch2_ohr_ncp_20250304T1050453845_d_img_d18_x07040_y46080.png,0.2341,505.67,150.04,524.57,170.62
ch2_ohr_ncp_20250304T1050453845_d_img_d18_x07040_y46080.png,0.2074,171.33,228.41,177.75,234.31
ch2_ohr_ncp_20250304T1050453845_d_img_d18_x07040_y50560.png,0.211,81.45,437.52,89.9,446.59
ch2_ohr_ncp_20250304T1050453845_d_img_d18_x07040_y50560.png,0.2014,81.81,434.89,91.05,446.61
ch2_ohr_ncp_20250304T1050453845_d_img_d18_x07040_y53760.png,0.2703,500.23,439.65,505.58,445.09
ch2_ohr_ncp_20250304T1050453845_d_img_d18_x07040_y53760.png,0.2505,467.08,227.89,476.56,236.64
ch2_ohr_ncp_20250304T1050453845_d_img_d18_x07040_y53760.png,0.2395,523.67,509.34,531.16,517.76
ch2_ohr_ncp_20250304T1050453845_d_img_d18_x07040_y53760.png,0.2317,279.64,367.37,307.56,409.07
ch2_ohr_ncp_20250304T1050453845_d_img_d18_x07040_y53760.png,0.2312,394.19,345.99,400.09,353.08
ch2_ohr_ncp_20250304T1050453845_d_img_d18_x07040_y53760.png,0.2145,429.04,581.25,438.01,592.37
ch2_ohr_ncp_20250304T1050453845_d_img_d18_x07040_y53760.png,0.2048,604.11,534.43,610.2,541.43
ch2_ohr_ncp_20250304T1050453845_d_img_d18_x07040_y53760.png,0.2012,591.91,323.26,598.85,329.98
ch2_ohr_ncp_20250304T1050453845_d_img_d18_x07680_y47360.png,0.2183,243.83,419.67,273.7,471.46
ch2_ohr_ncp_20250304T1050453845_d_img_d18_x07680_y47360.png,0.2001,275.62,0.0,292.21,9.1
ch2_ohr_ncp_20250304T1050453845_d_img_d18_x07680_y48000.png,0.2319,486.73,609.63,492.26,615.21
ch2_ohr_ncp_20250304T1050453845_d_img_d18_x07680_y51840.png,0.2316,236.84,151.15,249.89,169.61
ch2_ohr_ncp_20250304T1050453845_d_img_d18_x07680_y51840.png,0.221,450.43,577.09,520.31,640.0
ch2_ohr_ncp_20250304T1050453845_d_img_d18_x07680_y51840.png,0.2061,316.58,524.46,363.18,601.15
ch2_ohr_ncp_20250304T1050453845_d_img_d18_x07680_y52480.png,0.2615,509.6,623.72,516.77,631.41
ch2_ohr_ncp_20250304T1050453845_d_img_d18_x07680_y88320.png,0.229,176.93,62.9,212.56,132.44
ch2_ohr_ncp_20250304T1050453845_d_img_d18_x07680_y88320.png,0.2267,0.07,116.74,21.8,154.93
ch2_ohr_ncp_20250304T1050453845_d_img_d18_x08320_y48000.png,0.2562,263.5,1.66,270.51,10.62
ch2_ohr_ncp_20250304T1050453845_d_img_d18_x08320_y48000.png,0.2162,227.95,29.97,234.68,38.11
ch2_ohr_ncp_20250304T1050453845_d_img_d18_x08320_y48000.png,0.2125,87.83,137.79,94.48,144.03
ch2_ohr_ncp_20250304T1050453845_d_img_d18_x08960_y96640.png,0.3585,628.07,517.14,632.73,521.76
ch2_ohr_ncp_20250304T1050453845_d_img_d18_x09600_y97280.png,0.3208,378.28,425.99,383.67,431.47
ch2_ohr_ncp_20250304T1050453845_d_img_d18_x09600_y97280.png,0.2771,389.85,283.3,395.97,288.17
ch2_ohr_ncp_20250304T1050453845_d_img_d18_x09600_y97280.png,0.2239,339.71,83.37,345.62,88.72
ch2_ohr_ncp_20250304T1050453845_d_img_d18_x10240_y97920.png,0.4781,371.5,239.01,376.57,243.86
ch2_ohr_ncp_20250304T1050453845_d_img_d18_x10240_y97920.png,0.4124,120.03,304.43,127.23,310.13
ch2_ohr_ncp_20250304T1050453845_d_img_d18_x10240_y97920.png,0.3909,82.58,258.36,89.11,263.92
ch2_ohr_ncp_20250304T1050453845_d_img_d18_x10240_y97920.png,0.3347,108.54,283.09,113.71,288.21
ch2_ohr_ncp_20250304T1050453845_d_img_d18_x10240_y97920.png,0.277,101.67,231.79,105.97,236.15
ch2_ohr_ncp_20250304T1050453845_d_img_d18_x10240_y97920.png,0.242,227.85,62.07,232.24,68.27
ch2_ohr_ncp_20250304T1050453845_d_img_d18_x10240_y97920.png,0.2414,300.27,609.2,305.55,614.4
ch2_ohr_ncp_20250304T1050453845_d_img_d18_x10240_y97920.png,0.2349,201.45,85.99,206.5,92.72
ch2_ohr_ncp_20250304T1050453845_d_img_d18_x10240_y97920.png,0.2106,237.84,221.44,242.09,225.96
ch2_ohr_ncp_20250304T1050453845_d_img_d18_x10240_y97920.png,0.2013,407.36,283.08,412.97,289.87
ch2_ohr_ncp_20250304T1050453845_d_img_d18_x11520_y92160.png,0.3156,352.18,237.61,400.27,313.63
ch2_ohr_ncp_20250304T1050453845_d_img_d18_x11520_y98560.png,0.2694,0.0,406.4,7.5,414.4
ch2_ohr_ncp_20250304T1050453845_d_img_d18_x11520_y99200.png,0.5028,336.85,392.48,351.51,416.02
ch2_ohr_ncp_20250304T1050453845_d_img_d18_x11520_y99200.png,0.3685,401.93,64.08,409.58,72.62
ch2_ohr_ncp_20250304T1050453845_d_img_d18_x11520_y99200.png,0.291,464.03,0.05,480.38,9.59
ch2_ohr_ncp_20250304T1050453845_d_img_d18_x11520_y99200.png,0.2164,463.43,0.21,475.21,8.22
ch2_ohr_ncp_20250304T1050453845_d_img_d18_x11520_y99840.png,0.3408,342.7,194.94,348.17,200.14
ch2_ohr_ncp_20250304T1050453845_d_img_d18_x11520_y99840.png,0.2981,404.47,452.5,410.9,458.66
ch2_ohr_ncp_20250304T1249251285_d_img_d18_x00000_y32640.png,0.3044,61.04,304.21,103.65,352.83
ch2_ohr_ncp_20250304T1249251285_d_img_d18_x00000_y32640.png,0.2104,148.13,503.15,155.7,510.36
ch2_ohr_ncp_20250304T1249251285_d_img_d18_x00000_y36480.png,0.4009,449.16,497.41,482.1,573.22
ch2_ohr_ncp_20250304T1249251285_d_img_d18_x00000_y36480.png,0.258,194.36,586.87,199.58,593.37
ch2_ohr_ncp_20250304T1249251285_d_img_d18_x00000_y36480.png,0.2569,413.88,545.9,468.4,632.87
ch2_ohr_ncp_20250304T1249251285_d_img_d18_x00000_y36480.png,0.2179,215.27,427.17,223.8,436.35
ch2_ohr_ncp_20250304T1249251285_d_img_d18_x00000_y37120.png,0.2228,620.92,19.28,635.19,39.87
ch2_ohr_ncp_20250304T1249251285_d_img_d18_x00000_y46720.png,0.3236,391.05,569.72,397.09,577.88
ch2_ohr_ncp_20250304T1249251285_d_img_d18_x00000_y46720.png,0.3133,386.28,537.39,392.0,542.94
ch2_ohr_ncp_20250304T1249251285_d_img_d18_x00000_y46720.png,0.2754,371.57,275.88,379.04,282.45
ch2_ohr_ncp_20250304T1249251285_d_img_d18_x00000_y46720.png,0.2732,563.37,498.13,568.62,503.78
ch2_ohr_ncp_20250304T1249251285_d_img_d18_x00000_y46720.png,0.2542,571.26,542.65,577.39,548.14
ch2_ohr_ncp_20250304T1249251285_d_img_d18_x00000_y46720.png,0.2372,471.78,476.78,476.78,483.66
ch2_ohr_ncp_20250304T1249251285_d_img_d18_x00000_y46720.png,0.2341,521.68,452.39,527.08,456.75
ch2_ohr_ncp_20250304T1249251285_d_img_d18_x00000_y46720.png,0.2296,589.28,621.15,595.95,627.58
ch2_ohr_ncp_20250304T1249251285_d_img_d18_x00000_y46720.png,0.2232,595.66,527.35,601.04,532.4
ch2_ohr_ncp_20250304T1249251285_d_img_d18_x00000_y46720.png,0.2226,366.24,192.58,371.8,198.12
ch2_ohr_ncp_20250304T1249251285_d_img_d18_x00000_y46720.png,0.2019,476.86,538.58,482.75,544.48
ch2_ohr_ncp_20250304T1249251285_d_img_d18_x00000_y55040.png,0.353,146.41,28.19,153.44,35.13
ch2_ohr_ncp_20250304T1249251285_d_img_d18_x00000_y55040.png,0.2609,15.22,0.0,29.58,12.34
ch2_ohr_ncp_20250304T1249251285_d_img_d18_x00000_y55040.png,0.2214,153.2,13.16,161.45,20.97
ch2_ohr_ncp_20250304T1249251285_d_img_d18_x00000_y55040.png,0.2055,63.8,45.81,71.0,53.85
ch2_ohr_ncp_20250304T1249251285_d_img_d18_x00000_y65920.png,0.2255,70.7,72.11,77.98,80.16
ch2_ohr_ncp_20250304T1249251285_d_img_d18_x00000_y65920.png,0.2041,163.19,625.18,168.64,633.31
ch2_ohr_ncp_20250304T1249251285_d_img_d18_x00000_y66560.png,0.247,206.12,425.17,212.32,432.39
ch2_ohr_ncp_20250304T1249251285_d_img_d18_x00000_y66560.png,0.2184,129.08,551.18,134.82,556.59
ch2_ohr_ncp_20250304T1249251285_d_img_d18_x00000_y69120.png,0.2784,526.14,243.22,532.95,248.09
ch2_ohr_ncp_20250304T1249251285_d_img_d18_x00000_y81280.png,0.2028,311.18,310.48,331.24,325.53
ch2_ohr_ncp_20250304T1249251285_d_img_d18_x00640_y36480.png,0.3324,262.44,176.42,269.01,183.1
ch2_ohr_ncp_20250304T1249251285_d_img_d18_x00640_y36480.png,0.2292,37.9,0.84,77.42,51.46
ch2_ohr_ncp_20250304T1249251285_d_img_d18_x00640_y36480.png,0.2237,70.59,457.81,76.91,466.73
ch2_ohr_ncp_20250304T1249251285_d_img_d18_x00640_y36480.png,0.213,600.24,628.92,608.73,636.87
ch2_ohr_ncp_20250304T1249251285_d_img_d18_x00640_y36480.png,0.207,149.72,345.2,156.12,351.04
ch2_ohr_ncp_20250304T1249251285_d_img_d18_x00640_y38400.png,0.2069,17.53,219.76,74.61,304.15
ch2_ohr_ncp_20250304T1249251285_d_img_d18_x00640_y55680.png,0.3185,552.91,136.51,558.5,142.22
ch2_ohr_ncp_20250304T1249251285_d_img_d18_x00640_y55680.png,0.3046,253.58,53.17,262.67,63.85
ch2_ohr_ncp_20250304T1249251285_d_img_d18_x00640_y55680.png,0.2852,385.34,76.65,391.45,82.05
ch2_ohr_ncp_20250304T1249251285_d_img_d18_x00640_y55680.png,0.2643,360.6,193.49,366.64,199.63
ch2_ohr_ncp_20250304T1249251285_d_img_d18_x00640_y55680.png,0.2632,623.49,266.82,629.11,272.92
ch2_ohr_ncp_20250304T1249251285_d_img_d18_x00640_y55680.png,0.2483,594.95,190.74,600.1,196.44
ch2_ohr_ncp_20250304T1249251285_d_img_d18_x00640_y55680.png,0.2468,524.93,233.13,530.78,239.66
ch2_ohr_ncp_20250304T1249251285_d_img_d18_x00640_y55680.png,0.2428,586.82,252.36,593.64,259.66
ch2_ohr_ncp_20250304T1249251285_d_img_d18_x00640_y55680.png,0.2417,61.74,3.08,68.83,9.72
ch2_ohr_ncp_20250304T1249251285_d_img_d18_x00640_y55680.png,0.2383,98.54,30.66,105.32,39.22
ch2_ohr_ncp_20250304T1249251285_d_img_d18_x00640_y55680.png,0.2311,533.28,123.87,543.93,137.19
ch2_ohr_ncp_20250304T1249251285_d_img_d18_x00640_y55680.png,0.2243,415.04,133.1,420.69,139.78
ch2_ohr_ncp_20250304T1249251285_d_img_d18_x00640_y55680.png,0.2234,429.59,240.5,435.7,246.32
ch2_ohr_ncp_20250304T1249251285_d_img_d18_x00640_y55680.png,0.2208,367.89,144.66,373.57,150.12
ch2_ohr_ncp_20250304T1249251285_d_img_d18_x00640_y55680.png,0.2141,630.98,531.78,635.87,538.21
ch2_ohr_ncp_20250304T1249251285_d_img_d18_x00640_y55680.png,0.213,414.11,134.29,420.83,140.44
ch2_ohr_ncp_20250304T1249251285_d_img_d18_x00640_y55680.png,0.2114,200.04,65.03,215.5,81.57
ch2_ohr_ncp_20250304T1249251285_d_img_d18_x00640_y55680.png,0.2105,347.27,99.15,352.08,104.15
ch2_ohr_ncp_20250304T1249251285_d_img_d18_x00640_y55680.png,0.2094,331.94,146.78,337.65,153.78
ch2_ohr_ncp_20250304T1249251285_d_img_d18_x00640_y55680.png,0.206,404.16,61.07,408.24,65.26
ch2_ohr_ncp_20250304T1249251285_d_img_d18_x00640_y55680.png,0.2027,433.23,227.78,439.76,234.82
ch2_ohr_ncp_20250304T1249251285_d_img_d18_x00640_y64640.png,0.3161,211.4,251.51,217.29,257.4
ch2_ohr_ncp_20250304T1249251285_d_img_d18_x00640_y64640.png,0.2899,199.38,597.51,204.59,603.34
ch2_ohr_ncp_20250304T1249251285_d_img_d18_x00640_y64640.png,0.2796,228.91,518.59,234.76,524.55
ch2_ohr_ncp_20250304T1249251285_d_img_d18_x00640_y64640.png,0.2742,244.54,342.76,260.19,366.89
ch2_ohr_ncp_20250304T1249251285_d_img_d18_x00640_y64640.png,0.2665,204.14,232.07,209.77,237.8
ch2_ohr_ncp_20250304T1249251285_d_img_d18_x00640_y64640.png,0.2446,211.92,552.96,217.38,559.18
ch2_ohr_ncp_20250304T1249251285_d_img_d18_x00640_y64640.png,0.2303,353.52,259.22,396.04,306.83
ch2_ohr_ncp_20250304T1249251285_d_img_d18_x00640_y64640.png,0.2108,155.44,80.01,162.32,85.81
ch2_ohr_ncp_20250304T1249251285_d_img_d18_x00640_y64640.png,0.2035,323.36,345.7,329.56,353.04
ch2_ohr_ncp_20250304T1249251285_d_img_d18_x00640_y64640.png,0.2017,166.65,201.09,172.96,207.05
ch2_ohr_ncp_20250304T1249251285_d_img_d18_x00640_y64640.png,0.2005,235.3,503.41,243.14,512.93
ch2_ohr_ncp_20250304T1249251285_d_img_d18_x00640_y64640.png,0.2002,111.93,69.74,117.3,75.9
ch2_ohr_ncp_20250304T1249251285_d_img_d18_x00640_y83200.png,0.3304,437.01,540.67,443.54,547.38
ch2_ohr_ncp_20250304T1249251285_d_img_d18_x00640_y83200.png,0.2004,373.85,458.57,380.08,465.07
ch2_ohr_ncp_20250304T1249251285_d_img_d18_x01280_y56960.png,0.4158,448.68,351.62,463.43,376.23
ch2_ohr_ncp_20250304T1249251285_d_img_d18_x01280_y56960.png,0.3498,482.35,306.25,490.39,314.04
ch2_ohr_ncp_20250304T1249251285_d_img_d18_x01280_y56960.png,0.3292,401.91,559.37,407.31,565.49
ch2_ohr_ncp_20250304T1249251285_d_img_d18_x01280_y56960.png,0.3189,631.34,532.94,636.45,538.22
ch2_ohr_ncp_20250304T1249251285_d_img_d18_x01280_y56960.png,0.2952,490.99,628.2,496.0,634.75
ch2_ohr_ncp_20250304T1249251285_d_img_d18_x01280_y56960.png,0.295,613.19,499.14,619.63,506.76
ch2_ohr_ncp_20250304T1249251285_d_img_d18_x01280_y56960.png,0.2933,626.89,453.11,631.67,457.96
ch2_ohr_ncp_20250304T1249251285_d_img_d18_x01280_y56960.png,0.2879,494.93,416.88,500.92,425.18
ch2_ohr_ncp_20250304T1249251285_d_img_d18_x01280_y56960.png,0.2862,540.64,221.76,548.05,229.22
ch2_ohr_ncp_20250304T1249251285_d_img_d18_x01280_y56960.png,0.2805,503.63,557.12,540.83,604.32
ch2_ohr_ncp_20250304T1249251285_d_img_d18_x01280_y56960.png,0.276,632.94,36.41,638.97,42.56
ch2_ohr_ncp_20250304T1249251285_d_img_d18_x01280_y56960.png,0.2745,475.34,323.32,480.22,328.59
ch2_ohr_ncp_20250304T1249251285_d_img_d18_x01280_y56960.png,0.2707,473.89,378.86,480.49,385.4
ch2_ohr_ncp_20250304T1249251285_d_img_d18_x01280_y56960.png,0.2694,522.03,435.55,528.48,442.13
ch2_ohr_ncp_20250304T1249251285_d_img_d18_x01280_y56960.png,0.269,459.25,122.23,469.13,132.19
ch2_ohr_ncp_20250304T1249251285_d_img_d18_x01280_y56960.png,0.2584,634.05,236.41,637.94,241.56
ch2_ohr_ncp_20250304T1249251285_d_img_d18_x01280_y56960.png,0.2535,476.35,129.62,481.92,136.16
ch2_ohr_ncp_20250304T1249251285_d_img_d18_x01280_y56960.png,0.2527,472.28,567.58,478.39,574.5
ch2_ohr_ncp_20250304T1249251285_d_img_d18_x01280_y56960.png,0.2475,491.67,627.97,496.72,634.03
ch2_ohr_ncp_20250304T1249251285_d_img_d18_x01280_y56960.png,0.2468,623.81,616.91,629.75,625.25
ch2_ohr_ncp_20250304T1249251285_d_img_d18_x01280_y56960.png,0.2404,590.49,551.27,600.44,564.19
ch2_ohr_ncp_20250304T1249251285_d_img_d18_x01280_y56960.png,0.2351,498.31,495.79,503.14,500.93
ch2_ohr_ncp_20250304T1249251285_d_img_d18_x01280_y56960.png,0.2338,432.75,379.52,438.55,386.86
ch2_ohr_ncp_20250304T1249251285_d_img_d18_x01280_y56960.png,0.232,509.37,628.67,513.79,633.54
ch2_ohr_ncp_20250304T1249251285_d_img_d18_x01280_y56960.png,0.2293,519.99,456.27,527.12,461.81
ch2_ohr_ncp_20250304T1249251285_d_img_d18_x01280_y56960.png,0.2213,490.91,332.55,495.32,337.62
ch2_ohr_ncp_20250304T1249251285_d_img_d18_x01280_y56960.png,0.2177,623.32,563.84,629.86,569.25
ch2_ohr_ncp_20250304T1249251285_d_img_d18_x01280_y56960.png,0.2174,411.31,381.16,417.43,386.62
ch2_ohr_ncp_20250304T1249251285_d_img_d18_x01280_y56960.png,0.2105,604.61,584.71,609.1,589.6
ch2_ohr_ncp_20250304T1249251285_d_img_d18_x01280_y56960.png,0.2062,453.6,161.55,459.03,167.69
ch2_ohr_ncp_20250304T1249251285_d_img_d18_x01280_y56960.png,0.2037,538.31,302.2,543.8,308.46
ch2_ohr_ncp_20250304T1249251285_d_img_d18_x01280_y56960.png,0.2029,403.56,146.13,408.29,151.96
ch2_ohr_ncp_20250304T1249251285_d_img_d18_x01280_y56960.png,0.2026,461.7,506.64,467.39,511.21
ch2_ohr_ncp_20250304T1249251285_d_img_d18_x01280_y56960.png,0.2013,462.84,165.69,468.84,173.15
ch2_ohr_ncp_20250304T1249251285_d_img_d18_x01280_y65280.png,0.2903,543.41,522.13,550.26,528.17
ch2_ohr_ncp_20250304T1249251285_d_img_d18_x01280_y65280.png,0.2065,591.21,21.57,639.57,89.54
ch2_ohr_ncp_20250304T1249251285_d_img_d18_x01280_y65920.png,0.226,585.32,184.96,636.23,258.8
ch2_ohr_ncp_20250304T1249251285_d_img_d18_x01280_y69120.png,0.4062,82.29,457.32,87.92,462.84
ch2_ohr_ncp_20250304T1249251285_d_img_d18_x01280_y69120.png,0.3564,105.35,143.78,111.67,151.09
ch2_ohr_ncp_20250304T1249251285_d_img_d18_x01280_y69120.png,0.3138,66.6,467.02,72.87,473.49
ch2_ohr_ncp_20250304T1249251285_d_img_d18_x01280_y69120.png,0.2941,214.79,368.08,220.04,373.91
ch2_ohr_ncp_20250304T1249251285_d_img_d18_x01280_y69120.png,0.292,37.51,366.75,42.26,372.26
ch2_ohr_ncp_20250304T1249251285_d_img_d18_x01280_y69120.png,0.286,209.85,330.3,216.47,337.35
ch2_ohr_ncp_20250304T1249251285_d_img_d18_x01280_y69120.png,0.2837,198.67,353.22,203.52,358.83
ch2_ohr_ncp_20250304T1249251285_d_img_d18_x01280_y69120.png,0.2753,179.9,385.84,185.9,392.0
ch2_ohr_ncp_20250304T1249251285_d_img_d18_x01280_y69120.png,0.2705,109.87,55.16,135.4,91.37
ch2_ohr_ncp_20250304T1249251285_d_img_d18_x01280_y69120.png,0.265,282.75,498.47,288.78,505.78
ch2_ohr_ncp_20250304T1249251285_d_img_d18_x01280_y69120.png,0.2627,284.84,122.4,296.45,135.92
ch2_ohr_ncp_20250304T1249251285_d_img_d18_x01280_y69120.png,0.2442,213.17,226.98,219.59,235.2
ch2_ohr_ncp_20250304T1249251285_d_img_d18_x01280_y69120.png,0.2319,269.36,391.91,274.08,396.62
ch2_ohr_ncp_20250304T1249251285_d_img_d18_x01280_y69120.png,0.2299,196.16,413.72,201.66,420.12
ch2_ohr_ncp_20250304T1249251285_d_img_d18_x01280_y69120.png,0.2247,195.95,364.11,201.26,369.98
ch2_ohr_ncp_20250304T1249251285_d_img_d18_x01280_y69120.png,0.223,36.92,367.16,41.84,372.82
ch2_ohr_ncp_20250304T1249251285_d_img_d18_x01280_y69120.png,0.222,151.9,393.72,161.23,404.74
ch2_ohr_ncp_20250304T1249251285_d_img_d18_x01280_y69120.png,0.2141,187.21,347.73,191.36,351.74
ch2_ohr_ncp_20250304T1249251285_d_img_d18_x01280_y82560.png,0.2732,531.27,428.26,593.67,494.15
ch2_ohr_ncp_20250304T1249251285_d_img_d18_x01280_y92160.png,0.3006,167.5,19.88,172.62,25.76
ch2_ohr_ncp_20250304T1249251285_d_img_d18_x01280_y92160.png,0.2401,615.25,225.8,619.8,230.02
ch2_ohr_ncp_20250304T1249251285_d_img_d18_x01920_y39040.png,0.2494,433.23,1.85,452.42,32.97
ch2_ohr_ncp_20250304T1249251285_d_img_d18_x01920_y40320.png,0.3328,143.42,8.52,149.42,14.44
ch2_ohr_ncp_20250304T1249251285_d_img_d18_x01920_y40320.png,0.3021,127.28,494.34,133.97,500.57
ch2_ohr_ncp_20250304T1249251285_d_img_d18_x01920_y40320.png,0.269,129.09,130.22,135.53,136.89
ch2_ohr_ncp_20250304T1249251285_d_img_d18_x01920_y40320.png,0.2653,226.58,19.36,232.79,25.65
ch2_ohr_ncp_20250304T1249251285_d_img_d18_x01920_y40320.png,0.2593,333.54,20.9,339.32,27.57
ch2_ohr_ncp_20250304T1249251285_d_img_d18_x01920_y40320.png,0.2515,78.88,553.49,84.98,559.25
ch2_ohr_ncp_20250304T1249251285_d_img_d18_x01920_y40320.png,0.2406,145.54,151.06,151.88,158.46
ch2_ohr_ncp_20250304T1249251285_d_img_d18_x01920_y40320.png,0.2355,143.43,8.12,150.72,15.57
ch2_ohr_ncp_20250304T1249251285_d_img_d18_x01920_y40320.png,0.2229,279.78,15.98,286.68,22.46
ch2_ohr_ncp_20250304T1249251285_d_img_d18_x01920_y40320.png,0.221,95.73,536.5,101.74,542.9
ch2_ohr_ncp_20250304T1249251285_d_img_d18_x01920_y40320.png,0.2194,32.93,506.07,40.26,513.35
ch2_ohr_ncp_20250304T1249251285_d_img_d18_x01920_y40320.png,0.2118,112.27,518.64,117.15,522.68
ch2_ohr_ncp_20250304T1249251285_d_img_d18_x01920_y40960.png,0.3108,240.56,0.39,258.69,13.02
ch2_ohr_ncp_20250304T1249251285_d_img_d18_x01920_y40960.png,0.2598,60.99,47.26,65.38,52.09
ch2_ohr_ncp_20250304T1249251285_d_img_d18_x01920_y40960.png,0.2435,188.04,310.48,193.81,316.26
ch2_ohr_ncp_20250304T1249251285_d_img_d18_x01920_y40960.png,0.234,530.23,593.11,540.73,610.36
ch2_ohr_ncp_20250304T1249251285_d_img_d18_x01920_y40960.png,0.2274,169.54,335.79,176.43,342.94
ch2_ohr_ncp_20250304T1249251285_d_img_d18_x01920_y40960.png,0.2263,118.02,3.24,127.66,17.7
ch2_ohr_ncp_20250304T1249251285_d_img_d18_x01920_y40960.png,0.2202,165.57,305.26,171.19,310.89
ch2_ohr_ncp_20250304T1249251285_d_img_d18_x01920_y40960.png,0.2165,61.9,36.73,67.84,43.14
ch2_ohr_ncp_20250304T1249251285_d_img_d18_x01920_y46720.png,0.2345,451.61,529.73,457.63,534.94
ch2_ohr_ncp_20250304T1249251285_d_img_d18_x01920_y46720.png,0.234,468.4,509.02,477.68,518.37
ch2_ohr_ncp_20250304T1249251285_d_img_d18_x01920_y46720.png,0.2027,485.48,496.38,491.62,502.37
ch2_ohr_ncp_20250304T1249251285_d_img_d18_x01920_y46720.png,0.2019,372.1,624.61,381.91,633.76
ch2_ohr_ncp_20250304T1249251285_d_img_d18_x01920_y48000.png,0.2031,184.06,231.41,189.62,237.65
ch2_ohr_ncp_20250304T1249251285_d_img_d18_x01920_y58240.png,0.215,626.8,407.61,631.89,413.01
ch2_ohr_ncp_20250304T1249251285_d_img_d18_x01920_y61440.png,0.2995,23.2,538.18,31.85,548.31
ch2_ohr_ncp_20250304T1249251285_d_img_d18_x01920_y61440.png,0.2854,554.0,216.51,559.21,223.34
ch2_ohr_ncp_20250304T1249251285_d_img_d18_x01920_y61440.png,0.283,534.8,159.37,541.54,166.43
ch2_ohr_ncp_20250304T1249251285_d_img_d18_x01920_y61440.png,0.249,195.68,214.74,200.86,220.16
ch2_ohr_ncp_20250304T1249251285_d_img_d18_x01920_y61440.png,0.2378,115.47,294.48,120.56,301.17
ch2_ohr_ncp_20250304T1249251285_d_img_d18_x01920_y61440.png,0.2303,314.46,136.06,323.21,147.07
ch2_ohr_ncp_20250304T1249251285_d_img_d18_x01920_y61440.png,0.212,213.81,328.77,219.83,335.02
ch2_ohr_ncp_20250304T1249251285_d_img_d18_x01920_y61440.png,0.2115,547.88,224.68,551.99,229.0
ch2_ohr_ncp_20250304T1249251285_d_img_d18_x01920_y61440.png,0.21,108.48,283.7,114.16,289.52
ch2_ohr_ncp_20250304T1249251285_d_img_d18_x01920_y61440.png,0.2031,278.83,223.03,285.65,230.61
ch2_ohr_ncp_20250304T1249251285_d_img_d18_x01920_y61440.png,0.2007,29.31,553.1,35.49,559.33
ch2_ohr_ncp_20250304T1249251285_d_img_d18_x01920_y64640.png,0.3045,519.79,91.52,524.5,96.62
ch2_ohr_ncp_20250304T1249251285_d_img_d18_x01920_y64640.png,0.3016,90.24,414.08,96.09,420.86
ch2_ohr_ncp_20250304T1249251285_d_img_d18_x01920_y64640.png,0.2924,598.35,362.49,604.9,368.79
ch2_ohr_ncp_20250304T1249251285_d_img_d18_x01920_y64640.png,0.279,546.25,61.75,552.12,68.5
ch2_ohr_ncp_20250304T1249251285_d_img_d18_x01920_y64640.png,0.273,137.71,523.26,143.74,531.64
ch2_ohr_ncp_20250304T1249251285_d_img_d18_x01920_y64640.png,0.2707,80.18,407.74,84.84,412.64
ch2_ohr_ncp_20250304T1249251285_d_img_d18_x01920_y64640.png,0.2624,518.67,92.0,523.21,96.62
ch2_ohr_ncp_20250304T1249251285_d_img_d18_x01920_y64640.png,0.255,564.47,320.45,570.6,326.27
ch2_ohr_ncp_20250304T1249251285_d_img_d18_x01920_y64640.png,0.2508,20.23,7.35,29.08,18.83
ch2_ohr_ncp_20250304T1249251285_d_img_d18_x01920_y64640.png,0.2338,116.05,503.3,120.34,508.46
ch2_ohr_ncp_20250304T1249251285_d_img_d18_x01920_y64640.png,0.2273,50.92,470.36,56.65,476.22
ch2_ohr_ncp_20250304T1249251285_d_img_d18_x01920_y64640.png,0.2264,0.02,534.54,3.88,542.37
ch2_ohr_ncp_20250304T1249251285_d_img_d18_x01920_y64640.png,0.2204,116.34,502.88,121.47,508.03
ch2_ohr_ncp_20250304T1249251285_d_img_d18_x01920_y64640.png,0.2197,610.63,147.22,618.24,155.29
ch2_ohr_ncp_20250304T1249251285_d_img_d18_x01920_y64640.png,0.2196,527.4,85.68,533.08,92.28
ch2_ohr_ncp_20250304T1249251285_d_img_d18_x01920_y64640.png,0.2139,92.27,367.41,98.17,373.4
ch2_ohr_ncp_20250304T1249251285_d_img_d18_x01920_y64640.png,0.2114,424.77,38.65,429.85,44.66
ch2_ohr_ncp_20250304T1249251285_d_img_d18_x01920_y64640.png,0.2093,624.75,131.77,630.39,138.08
ch2_ohr_ncp_20250304T1249251285_d_img_d18_x01920_y64640.png,0.203,541.36,261.98,548.49,269.76
ch2_ohr_ncp_20250304T1249251285_d_img_d18_x01920_y64640.png,0.2028,564.08,320.63,569.13,325.96
ch2_ohr_ncp_20250304T1249251285_d_img_d18_x01920_y64640.png,0.2028,606.03,73.49,611.09,78.51
ch2_ohr_ncp_20250304T1249251285_d_img_d18_x01920_y64640.png,0.201,154.99,482.83,164.18,491.99
ch2_ohr_ncp_20250304T1249251285_d_img_d18_x01920_y64640.png,0.2009,465.49,64.21,470.72,70.21
ch2_ohr_ncp_20250304T1249251285_d_img_d18_x01920_y64640.png,0.2006,591.17,264.09,596.32,269.02
ch2_ohr_ncp_20250304T1249251285_d_img_d18_x01920_y66560.png,0.2632,239.06,206.33,254.76,241.65
ch2_ohr_ncp_20250304T1249251285_d_img_d18_x01920_y66560.png,0.2221,228.25,51.14,254.15,76.56
ch2_ohr_ncp_20250304T1249251285_d_img_d18_x01920_y67200.png,0.3993,442.28,611.79,459.96,638.76
ch2_ohr_ncp_20250304T1249251285_d_img_d18_x01920_y67200.png,0.203,200.27,28.29,239.32,94.64
ch2_ohr_ncp_20250304T1249251285_d_img_d18_x01920_y67840.png,0.2014,373.57,26.04,381.14,34.47
ch2_ohr_ncp_20250304T1249251285_d_img_d18_x01920_y92160.png,0.3346,110.78,189.84,117.05,196.49
ch2_ohr_ncp_20250304T1249251285_d_img_d18_x01920_y92160.png,0.2147,140.16,111.71,144.99,116.24
ch2_ohr_ncp_20250304T1249251285_d_img_d18_x01920_y92160.png,0.2075,144.09,275.44,150.29,282.82
ch2_ohr_ncp_20250304T1249251285_d_img_d18_x01920_y92160.png,0.2026,242.39,277.93,267.86,305.38
ch2_ohr_ncp_20250304T1249251285_d_img_d18_x02560_y62080.png,0.2743,531.16,200.35,536.08,206.04
ch2_ohr_ncp_20250304T1249251285_d_img_d18_x02560_y62080.png,0.2612,282.25,626.5,289.37,633.9
ch2_ohr_ncp_20250304T1249251285_d_img_d18_x02560_y62080.png,0.258,526.21,182.8,534.54,192.54
ch2_ohr_ncp_20250304T1249251285_d_img_d18_x02560_y62080.png,0.2498,273.2,496.46,279.22,503.68
ch2_ohr_ncp_20250304T1249251285_d_img_d18_x02560_y62080.png,0.247,536.37,30.35,541.45,36.29
ch2_ohr_ncp_20250304T1249251285_d_img_d18_x02560_y62080.png,0.2466,589.56,599.91,623.59,638.28
ch2_ohr_ncp_20250304T1249251285_d_img_d18_x02560_y62080.png,0.2439,507.71,625.84,513.3,631.66
ch2_ohr_ncp_20250304T1249251285_d_img_d18_x02560_y62080.png,0.24,478.63,7.91,486.64,16.04
ch2_ohr_ncp_20250304T1249251285_d_img_d18_x02560_y62080.png,0.2377,275.81,479.19,280.67,484.0
ch2_ohr_ncp_20250304T1249251285_d_img_d18_x02560_y62080.png,0.2249,594.07,220.03,635.22,274.74
ch2_ohr_ncp_20250304T1249251285_d_img_d18_x02560_y62080.png,0.2174,361.64,610.03,367.17,616.47
ch2_ohr_ncp_20250304T1249251285_d_img_d18_x02560_y62080.png,0.2103,587.61,534.97,593.9,542.56
ch2_ohr_ncp_20250304T1249251285_d_img_d18_x02560_y62080.png,0.2058,586.99,535.74,592.61,542.38
ch2_ohr_ncp_20250304T1249251285_d_img_d18_x02560_y62080.png,0.2036,348.46,615.98,354.87,620.82
ch2_ohr_ncp_20250304T1249251285_d_img_d18_x02560_y92800.png,0.4704,364.1,287.6,370.66,293.57
ch2_ohr_ncp_20250304T1249251285_d_img_d18_x02560_y92800.png,0.4442,168.08,241.82,173.72,247.61
ch2_ohr_ncp_20250304T1249251285_d_img_d18_x02560_y92800.png,0.3936,336.04,121.46,341.69,128.92
ch2_ohr_ncp_20250304T1249251285_d_img_d18_x02560_y92800.png,0.3011,336.48,97.31,341.97,102.14
ch2_ohr_ncp_20250304T1249251285_d_img_d18_x02560_y92800.png,0.2121,336.03,97.54,340.5,102.13
ch2_ohr_ncp_20250304T1249251285_d_img_d18_x03200_y39680.png,0.2199,96.53,2.05,105.28,11.38
ch2_ohr_ncp_20250304T1249251285_d_img_d18_x03200_y40320.png,0.3574,530.03,55.56,535.17,61.99
ch2_ohr_ncp_20250304T1249251285_d_img_d18_x03200_y40320.png,0.3308,327.96,148.36,334.06,155.2
ch2_ohr_ncp_20250304T1249251285_d_img_d18_x03200_y40320.png,0.3128,443.3,110.26,447.39,114.6
ch2_ohr_ncp_20250304T1249251285_d_img_d18_x03200_y40320.png,0.3084,352.42,52.6,360.41,60.19
ch2_ohr_ncp_20250304T1249251285_d_img_d18_x03200_y40320.png,0.3048,415.57,169.53,421.14,175.1
ch2_ohr_ncp_20250304T1249251285_d_img_d18_x03200_y40320.png,0.2893,602.14,0.88,609.2,8.87
ch2_ohr_ncp_20250304T1249251285_d_img_d18_x03200_y40320.png,0.2707,515.45,15.77,520.02,20.78
ch2_ohr_ncp_20250304T1249251285_d_img_d18_x03200_y40320.png,0.2698,494.98,206.86,500.19,212.01
ch2_ohr_ncp_20250304T1249251285_d_img_d18_x03200_y40320.png,0.2687,479.53,0.11,494.43,18.36
ch2_ohr_ncp_20250304T1249251285_d_img_d18_x03200_y40320.png,0.2635,70.35,38.26,77.15,45.25
ch2_ohr_ncp_20250304T1249251285_d_img_d18_x03200_y40320.png,0.2611,494.44,207.29,499.24,212.36
ch2_ohr_ncp_20250304T1249251285_d_img_d18_x03200_y40320.png,0.2605,451.89,85.32,456.85,90.06
ch2_ohr_ncp_20250304T1249251285_d_img_d18_x03200_y40320.png,0.2598,177.71,105.89,183.96,112.48
ch2_ohr_ncp_20250304T1249251285_d_img_d18_x03200_y40320.png,0.2543,455.5,11.14,459.9,17.58
ch2_ohr_ncp_20250304T1249251285_d_img_d18_x03200_y40320.png,0.2542,329.18,166.71,333.93,171.51
ch2_ohr_ncp_20250304T1249251285_d_img_d18_x03200_y40320.png,0.2498,507.19,119.83,512.12,124.9
ch2_ohr_ncp_20250304T1249251285_d_img_d18_x03200_y40320.png,0.2485,424.16,133.7,430.51,140.52
ch2_ohr_ncp_20250304T1249251285_d_img_d18_x03200_y40320.png,0.243,399.35,159.47,405.51,165.6
ch2_ohr_ncp_20250304T1249251285_d_img_d18_x03200_y40320.png,0.2375,331.04,130.86,336.42,136.78
ch2_ohr_ncp_20250304T1249251285_d_img_d18_x03200_y40320.png,0.2362,530.55,56.3,536.25,62.49
ch2_ohr_ncp_20250304T1249251285_d_img_d18_x03200_y40320.png,0.2357,515.75,16.02,520.91,21.46
ch2_ohr_ncp_20250304T1249251285_d_img_d18_x03200_y40320.png,0.2326,252.79,1.79,258.46,8.05
ch2_ohr_ncp_20250304T1249251285_d_img_d18_x03200_y40320.png,0.2275,563.2,263.35,568.01,269.65
ch2_ohr_ncp_20250304T1249251285_d_img_d18_x03200_y40320.png,0.2251,287.64,77.81,293.32,83.58
ch2_ohr_ncp_20250304T1249251285_d_img_d18_x03200_y40320.png,0.222,341.85,165.4,347.27,171.08
ch2_ohr_ncp_20250304T1249251285_d_img_d18_x03200_y40320.png,0.2176,426.56,143.84,435.44,154.02
ch2_ohr_ncp_20250304T1249251285_d_img_d18_x03200_y40320.png,0.2145,300.69,114.33,317.09,132.39
ch2_ohr_ncp_20250304T1249251285_d_img_d18_x03200_y40320.png,0.2121,549.67,46.08,554.83,51.16
ch2_ohr_ncp_20250304T1249251285_d_img_d18_x03200_y40320.png,0.2119,494.66,180.68,500.14,186.82
ch2_ohr_ncp_20250304T1249251285_d_img_d18_x03200_y40320.png,0.2115,207.69,136.66,217.12,146.78
ch2_ohr_ncp_20250304T1249251285_d_img_d18_x03200_y40320.png,0.2066,326.38,58.16,331.2,64.49
ch2_ohr_ncp_20250304T1249251285_d_img_d18_x03200_y40320.png,0.2059,506.52,100.27,514.4,107.63
ch2_ohr_ncp_20250304T1249251285_d_img_d18_x03200_y40320.png,0.2058,53.96,50.36,58.71,55.79
ch2_ohr_ncp_20250304T1249251285_d_img_d18_x03200_y40320.png,0.2029,53.27,50.44,57.66,55.75
ch2_ohr_ncp_20250304T1249251285_d_img_d18_x03200_y40320.png,0.2022,452.43,86.02,457.62,91.17
ch2_ohr_ncp_20250304T1249251285_d_img_d18_x03200_y42880.png,0.2158,0.02,181.16,4.71,186.96
ch2_ohr_ncp_20250304T1249251285_d_img_d18_x03200_y42880.png,0.2125,207.6,509.18,212.56,513.98
ch2_ohr_ncp_20250304T1249251285_d_img_d18_x03200_y42880.png,0.2028,161.15,207.71,167.03,213.89
ch2_ohr_ncp_20250304T1249251285_d_img_d18_x03200_y49280.png,0.3208,92.16,59.85,142.39,128.56
ch2_ohr_ncp_20250304T1249251285_d_img_d18_x03200_y49280.png,0.2389,183.53,132.49,206.01,167.99
ch2_ohr_ncp_20250304T1249251285_d_img_d18_x03200_y49280.png,0.2178,356.22,544.11,362.61,550.52
ch2_ohr_ncp_20250304T1249251285_d_img_d18_x03200_y49280.png,0.21,162.27,473.95,172.34,483.27
ch2_ohr_ncp_20250304T1249251285_d_img_d18_x03200_y58880.png,0.2648,492.53,42.68,505.84,55.9
ch2_ohr_ncp_20250304T1249251285_d_img_d18_x03200_y58880.png,0.2553,509.71,394.16,561.32,480.32
ch2_ohr_ncp_20250304T1249251285_d_img_d18_x03200_y62720.png,0.2482,93.83,0.05,106.25,11.4
ch2_ohr_ncp_20250304T1249251285_d_img_d18_x03200_y62720.png,0.2138,153.36,547.43,158.84,553.08
ch2_ohr_ncp_20250304T1249251285_d_img_d18_x03200_y62720.png,0.2015,142.78,566.89,148.82,573.86
ch2_ohr_ncp_20250304T1249251285_d_img_d18_x03200_y93440.png,0.579,327.46,174.21,351.41,200.14
ch2_ohr_ncp_20250304T1249251285_d_img_d18_x03200_y93440.png,0.457,613.25,248.28,621.73,255.45
ch2_ohr_ncp_20250304T1249251285_d_img_d18_x03200_y93440.png,0.3967,9.64,181.6,16.78,187.83
ch2_ohr_ncp_20250304T1249251285_d_img_d18_x03840_y43520.png,0.2699,76.44,0.15,94.94,13.53
ch2_ohr_ncp_20250304T1249251285_d_img_d18_x03840_y43520.png,0.2534,276.78,156.94,292.87,181.07
ch2_ohr_ncp_20250304T1249251285_d_img_d18_x03840_y43520.png,0.2077,181.79,257.09,198.03,298.46
ch2_ohr_ncp_20250304T1249251285_d_img_d18_x03840_y49920.png,0.4268,1.57,39.49,21.88,78.23
ch2_ohr_ncp_20250304T1249251285_d_img_d18_x03840_y49920.png,0.3601,546.72,342.51,552.73,348.77
ch2_ohr_ncp_20250304T1249251285_d_img_d18_x03840_y49920.png,0.2745,141.74,50.63,165.18,85.93
ch2_ohr_ncp_20250304T1249251285_d_img_d18_x03840_y49920.png,0.2641,615.36,152.74,622.81,159.76
ch2_ohr_ncp_20250304T1249251285_d_img_d18_x03840_y49920.png,0.2417,563.11,390.65,568.76,396.8
ch2_ohr_ncp_20250304T1249251285_d_img_d18_x03840_y49920.png,0.2369,626.44,155.62,634.45,162.83
ch2_ohr_ncp_20250304T1249251285_d_img_d18_x03840_y49920.png,0.2361,275.27,89.8,296.84,141.0
ch2_ohr_ncp_20250304T1249251285_d_img_d18_x03840_y49920.png,0.2316,259.02,45.31,294.6,135.35
ch2_ohr_ncp_20250304T1249251285_d_img_d18_x03840_y49920.png,0.2315,66.48,542.1,75.48,551.03
ch2_ohr_ncp_20250304T1249251285_d_img_d18_x03840_y49920.png,0.2079,481.13,498.16,517.84,537.33
ch2_ohr_ncp_20250304T1249251285_d_img_d18_x03840_y49920.png,0.2062,379.18,190.05,385.09,195.55
ch2_ohr_ncp_20250304T1249251285_d_img_d18_x03840_y49920.png,0.2014,151.82,8.33,166.11,27.37
ch2_ohr_ncp_20250304T1249251285_d_img_d18_x03840_y49920.png,0.2011,263.09,57.65,295.85,142.25
ch2_ohr_ncp_20250304T1249251285_d_img_d18_x03840_y53760.png,0.2173,92.79,496.94,131.96,557.07
ch2_ohr_ncp_20250304T1249251285_d_img_d18_x03840_y53760.png,0.2113,211.0,620.43,217.26,627.98
ch2_ohr_ncp_20250304T1249251285_d_img_d18_x03840_y54400.png,0.245,366.99,496.25,373.37,503.54
ch2_ohr_ncp_20250304T1249251285_d_img_d18_x03840_y54400.png,0.2272,325.7,117.41,349.52,159.35
ch2_ohr_ncp_20250304T1249251285_d_img_d18_x03840_y54400.png,0.2115,330.48,0.0,342.05,7.83
ch2_ohr_ncp_20250304T1249251285_d_img_d18_x03840_y58240.png,0.2091,545.74,464.31,551.19,469.85
ch2_ohr_ncp_20250304T1249251285_d_img_d18_x03840_y58240.png,0.2021,339.43,302.54,344.62,308.01
ch2_ohr_ncp_20250304T1249251285_d_img_d18_x03840_y58240.png,0.2008,499.86,437.84,506.75,446.66
ch2_ohr_ncp_20250304T1249251285_d_img_d18_x04480_y44160.png,0.2215,556.26,40.34,560.68,45.5
ch2_ohr_ncp_20250304T1249251285_d_img_d18_x04480_y48000.png,0.2616,371.57,0.0,376.69,7.6
ch2_ohr_ncp_20250304T1249251285_d_img_d18_x04480_y48000.png,0.2475,272.41,2.66,277.99,8.81
ch2_ohr_ncp_20250304T1249251285_d_img_d18_x04480_y48000.png,0.2413,403.21,86.81,409.34,92.0
ch2_ohr_ncp_20250304T1249251285_d_img_d18_x04480_y48000.png,0.2384,241.44,18.33,248.13,28.78
ch2_ohr_ncp_20250304T1249251285_d_img_d18_x04480_y48000.png,0.2345,116.17,286.56,121.47,292.34
ch2_ohr_ncp_20250304T1249251285_d_img_d18_x04480_y48000.png,0.2338,475.38,23.97,481.44,29.7
ch2_ohr_ncp_20250304T1249251285_d_img_d18_x04480_y48000.png,0.2294,371.72,0.0,376.43,5.45
ch2_ohr_ncp_20250304T1249251285_d_img_d18_x04480_y48000.png,0.2213,388.73,0.0,397.05,3.35
ch2_ohr_ncp_20250304T1249251285_d_img_d18_x04480_y48000.png,0.2056,405.69,2.57,411.96,10.18
ch2_ohr_ncp_20250304T1249251285_d_img_d18_x04480_y48000.png,0.2013,206.5,0.12,212.96,6.35
ch2_ohr_ncp_20250304T1249251285_d_img_d18_x04480_y48000.png,0.2005,62.0,402.76,68.74,410.09
ch2_ohr_ncp_20250304T1249251285_d_img_d18_x04480_y58880.png,0.4487,549.54,73.76,580.28,126.68
ch2_ohr_ncp_20250304T1249251285_d_img_d18_x04480_y58880.png,0.4244,580.41,13.21,586.09,19.21
ch2_ohr_ncp_20250304T1249251285_d_img_d18_x04480_y58880.png,0.3833,515.86,7.28,522.65,15.2
ch2_ohr_ncp_20250304T1249251285_d_img_d18_x04480_y58880.png,0.3771,303.27,36.71,309.18,43.87
ch2_ohr_ncp_20250304T1249251285_d_img_d18_x04480_y58880.png,0.3675,226.55,28.43,232.97,34.25
ch2_ohr_ncp_20250304T1249251285_d_img_d18_x04480_y58880.png,0.3651,563.46,0.32,571.91,9.66
ch2_ohr_ncp_20250304T1249251285_d_img_d18_x04480_y58880.png,0.3648,430.45,49.49,435.8,56.17
ch2_ohr_ncp_20250304T1249251285_d_img_d18_x04480_y58880.png,0.3585,612.08,1.0,622.8,12.4
ch2_ohr_ncp_20250304T1249251285_d_img_d18_x04480_y58880.png,0.3407,349.41,1.49,355.5,8.05
ch2_ohr_ncp_20250304T1249251285_d_img_d18_x04480_y58880.png,0.3325,198.79,0.26,205.96,7.75
ch2_ohr_ncp_20250304T1249251285_d_img_d18_x04480_y58880.png,0.3262,635.69,61.33,639.94,68.19
ch2_ohr_ncp_20250304T1249251285_d_img_d18_x04480_y58880.png,0.3237,225.8,15.14,233.16,24.29
ch2_ohr_ncp_20250304T1249251285_d_img_d18_x04480_y58880.png,0.3226,303.05,17.39,311.27,25.75
ch2_ohr_ncp_20250304T1249251285_d_img_d18_x04480_y58880.png,0.3135,259.81,70.61,265.58,77.21
ch2_ohr_ncp_20250304T1249251285_d_img_d18_x04480_y58880.png,0.2835,419.02,15.16,425.36,20.87
ch2_ohr_ncp_20250304T1249251285_d_img_d18_x04480_y58880.png,0.2794,632.4,13.01,637.47,18.15
ch2_ohr_ncp_20250304T1249251285_d_img_d18_x04480_y58880.png,0.2758,170.22,45.79,178.11,53.19
ch2_ohr_ncp_20250304T1249251285_d_img_d18_x04480_y58880.png,0.2711,231.39,64.15,237.99,73.03
ch2_ohr_ncp_20250304T1249251285_d_img_d18_x04480_y58880.png,0.2683,386.42,65.7,393.8,72.73
ch2_ohr_ncp_20250304T1249251285_d_img_d18_x04480_y58880.png,0.2681,430.97,49.28,437.44,56.39
ch2_ohr_ncp_20250304T1249251285_d_img_d18_x04480_y58880.png,0.25,259.22,70.96,264.76,77.89
ch2_ohr_ncp_20250304T1249251285_d_img_d18_x04480_y58880.png,0.2496,618.66,26.2,626.15,35.6
ch2_ohr_ncp_20250304T1249251285_d_img_d18_x04480_y58880.png,0.2444,419.75,14.79,426.8,20.67
ch2_ohr_ncp_20250304T1249251285_d_img_d18_x04480_y58880.png,0.244,280.13,123.39,286.33,129.76
ch2_ohr_ncp_20250304T1249251285_d_img_d18_x04480_y58880.png,0.2436,631.81,12.49,636.81,17.72
ch2_ohr_ncp_20250304T1249251285_d_img_d18_x04480_y58880.png,0.2376,258.81,0.38,274.14,14.65
ch2_ohr_ncp_20250304T1249251285_d_img_d18_x04480_y58880.png,0.2374,117.39,17.83,123.27,24.36
ch2_ohr_ncp_20250304T1249251285_d_img_d18_x04480_y58880.png,0.2372,546.4,0.12,555.7,8.54
ch2_ohr_ncp_20250304T1249251285_d_img_d18_x04480_y58880.png,0.2296,350.45,1.23,356.77,7.67
ch2_ohr_ncp_20250304T1249251285_d_img_d18_x04480_y58880.png,0.2168,133.2,0.22,139.36,7.93
ch2_ohr_ncp_20250304T1249251285_d_img_d18_x04480_y58880.png,0.2165,355.81,140.38,363.29,148.46
ch2_ohr_ncp_20250304T1249251285_d_img_d18_x04480_y58880.png,0.2007,444.5,18.23,453.01,27.76
ch2_ohr_ncp_20250304T1249251285_d_img_d18_x04480_y85120.png,0.2546,320.53,20.73,407.17,135.21
ch2_ohr_ncp_20250304T1249251285_d_img_d18_x04480_y87680.png,0.2258,565.45,163.58,586.73,203.03
ch2_ohr_ncp_20250304T1249251285_d_img_d18_x04480_y94720.png,0.3098,459.35,0.0,467.89,2.95
ch2_ohr_ncp_20250304T1249251285_d_img_d18_x04480_y94720.png,0.2091,457.92,0.02,467.79,3.68
ch2_ohr_ncp_20250304T1249251285_d_img_d18_x05120_y48000.png,0.2455,478.74,560.24,486.43,568.5
ch2_ohr_ncp_20250304T1249251285_d_img_d18_x05120_y48000.png,0.2259,435.01,511.92,441.06,516.93
ch2_ohr_ncp_20250304T1249251285_d_img_d18_x05120_y48000.png,0.22,453.81,479.3,459.61,484.79
ch2_ohr_ncp_20250304T1249251285_d_img_d18_x05120_y48000.png,0.2011,565.57,481.04,571.69,487.18
ch2_ohr_ncp_20250304T1249251285_d_img_d18_x05120_y53760.png,0.3912,318.72,33.91,324.82,40.97
ch2_ohr_ncp_20250304T1249251285_d_img_d18_x05120_y53760.png,0.3603,353.73,41.68,361.02,48.89
ch2_ohr_ncp_20250304T1249251285_d_img_d18_x05120_y53760.png,0.3359,302.96,36.36,308.09,41.43
ch2_ohr_ncp_20250304T1249251285_d_img_d18_x05120_y53760.png,0.2998,312.45,174.26,323.02,188.88
ch2_ohr_ncp_20250304T1249251285_d_img_d18_x05120_y53760.png,0.2987,401.69,1.89,408.59,9.68
ch2_ohr_ncp_20250304T1249251285_d_img_d18_x05120_y53760.png,0.2979,269.72,14.34,283.94,33.25
ch2_ohr_ncp_20250304T1249251285_d_img_d18_x05120_y53760.png,0.2915,502.62,269.24,508.51,276.46
ch2_ohr_ncp_20250304T1249251285_d_img_d18_x05120_y53760.png,0.2882,504.98,139.9,514.49,149.53
ch2_ohr_ncp_20250304T1249251285_d_img_d18_x05120_y53760.png,0.2789,190.53,158.73,197.67,165.83
ch2_ohr_ncp_20250304T1249251285_d_img_d18_x05120_y53760.png,0.2721,241.25,131.32,248.63,137.89
ch2_ohr_ncp_20250304T1249251285_d_img_d18_x05120_y53760.png,0.2644,610.71,20.98,616.95,27.4
ch2_ohr_ncp_20250304T1249251285_d_img_d18_x05120_y53760.png,0.2585,217.66,185.02,225.57,193.77
ch2_ohr_ncp_20250304T1249251285_d_img_d18_x05120_y53760.png,0.256,405.43,137.31,411.49,142.81
ch2_ohr_ncp_20250304T1249251285_d_img_d18_x05120_y53760.png,0.2521,243.23,158.48,253.91,170.33
ch2_ohr_ncp_20250304T1249251285_d_img_d18_x05120_y53760.png,0.2446,318.46,34.63,323.77,40.8
ch2_ohr_ncp_20250304T1249251285_d_img_d18_x05120_y53760.png,0.2357,389.37,67.72,431.56,123.54
ch2_ohr_ncp_20250304T1249251285_d_img_d18_x05120_y53760.png,0.2244,348.45,199.21,355.5,206.57
ch2_ohr_ncp_20250304T1249251285_d_img_d18_x05120_y53760.png,0.22,472.92,21.25,479.19,28.87
ch2_ohr_ncp_20250304T1249251285_d_img_d18_x05120_y53760.png,0.2129,249.22,68.16,261.19,81.59
ch2_ohr_ncp_20250304T1249251285_d_img_d18_x05120_y55680.png,0.2256,210.46,618.93,216.2,624.79
ch2_ohr_ncp_20250304T1249251285_d_img_d18_x05120_y55680.png,0.2074,282.15,505.34,288.32,511.81
ch2_ohr_ncp_20250304T1249251285_d_img_d18_x05120_y56320.png,0.3117,509.22,0.43,559.96,72.55
ch2_ohr_ncp_20250304T1249251285_d_img_d18_x05120_y85120.png,0.3481,501.99,479.42,514.91,510.34
ch2_ohr_ncp_20250304T1249251285_d_img_d18_x05120_y85120.png,0.2918,133.86,282.21,147.02,293.9
ch2_ohr_ncp_20250304T1249251285_d_img_d18_x05120_y85120.png,0.2906,349.21,627.09,354.2,632.58
ch2_ohr_ncp_20250304T1249251285_d_img_d18_x05120_y85120.png,0.2828,432.35,457.69,491.17,523.5
ch2_ohr_ncp_20250304T1249251285_d_img_d18_x05120_y85120.png,0.2092,348.74,627.54,353.77,633.45
ch2_ohr_ncp_20250304T1249251285_d_img_d18_x05760_y42240.png,0.2663,74.18,273.73,81.26,281.48
ch2_ohr_ncp_20250304T1249251285_d_img_d18_x05760_y42240.png,0.2402,203.91,239.42,210.31,246.37
ch2_ohr_ncp_20250304T1249251285_d_img_d18_x05760_y42240.png,0.2258,198.18,393.13,204.89,401.14
ch2_ohr_ncp_20250304T1249251285_d_img_d18_x05760_y42240.png,0.2092,144.02,385.52,150.28,390.82
ch2_ohr_ncp_20250304T1249251285_d_img_d18_x05760_y42240.png,0.208,95.82,443.29,101.99,449.3
ch2_ohr_ncp_20250304T1249251285_d_img_d18_x05760_y51840.png,0.359,370.97,541.6,387.62,581.63
ch2_ohr_ncp_20250304T1249251285_d_img_d18_x05760_y51840.png,0.2918,342.27,479.04,373.06,524.13
ch2_ohr_ncp_20250304T1249251285_d_img_d18_x05760_y51840.png,0.2379,294.77,80.9,341.79,158.88
ch2_ohr_ncp_20250304T1249251285_d_img_d18_x05760_y51840.png,0.225,79.1,624.9,84.3,630.0
ch2_ohr_ncp_20250304T1249251285_d_img_d18_x05760_y55040.png,0.2766,143.63,490.51,216.32,561.31
ch2_ohr_ncp_20250304T1249251285_d_img_d18_x05760_y55040.png,0.2449,404.97,495.91,413.8,502.81
ch2_ohr_ncp_20250304T1249251285_d_img_d18_x05760_y55040.png,0.2172,584.29,534.92,590.39,541.49
ch2_ohr_ncp_20250304T1249251285_d_img_d18_x05760_y55040.png,0.2117,402.53,335.93,409.99,343.79
ch2_ohr_ncp_20250304T1249251285_d_img_d18_x05760_y58240.png,0.2169,194.24,98.89,200.24,105.24
ch2_ohr_ncp_20250304T1249251285_d_img_d18_x05760_y85760.png,0.2743,338.86,440.08,368.62,473.16
ch2_ohr_ncp_20250304T1249251285_d_img_d18_x05760_y85760.png,0.2353,296.49,436.17,371.63,480.78
ch2_ohr_ncp_20250304T1249251285_d_img_d18_x05760_y85760.png,0.2285,329.84,545.35,384.63,620.28
ch2_ohr_ncp_20250304T1249251285_d_img_d18_x05760_y85760.png,0.2271,9.75,381.18,17.32,390.26
ch2_ohr_ncp_20250304T1249251285_d_img_d18_x05760_y85760.png,0.2192,257.33,536.19,264.65,544.53
ch2_ohr_ncp_20250304T1249251285_d_img_d18_x05760_y85760.png,0.2044,176.15,626.14,182.66,633.08
ch2_ohr_ncp_20250304T1249251285_d_img_d18_x05760_y95360.png,0.3125,384.12,278.75,390.64,284.95
ch2_ohr_ncp_20250304T1249251285_d_img_d18_x05760_y95360.png,0.2157,383.39,278.65,389.01,284.64
ch2_ohr_ncp_20250304T1249251285_d_img_d18_x05760_y96000.png,0.4053,326.22,72.59,332.74,79.87
ch2_ohr_ncp_20250304T1249251285_d_img_d18_x05760_y96000.png,0.3547,612.09,287.16,621.15,296.79
ch2_ohr_ncp_20250304T1249251285_d_img_d18_x05760_y96000.png,0.2266,421.43,27.29,427.37,33.49
ch2_ohr_ncp_20250304T1249251285_d_img_d18_x06400_y42880.png,0.2076,103.7,397.64,147.66,479.92
ch2_ohr_ncp_20250304T1249251285_d_img_d18_x06400_y43520.png,0.243,51.87,0.0,127.66,57.6
ch2_ohr_ncp_20250304T1249251285_d_img_d18_x06400_y43520.png,0.2088,52.4,0.0,125.93,80.93
ch2_ohr_ncp_20250304T1249251285_d_img_d18_x06400_y51200.png,0.2236,459.84,200.92,466.19,208.52
ch2_ohr_ncp_20250304T1249251285_d_img_d18_x06400_y51200.png,0.2019,436.37,15.79,441.95,21.49
ch2_ohr_ncp_20250304T1249251285_d_img_d18_x06400_y53120.png,0.2133,470.74,191.08,486.83,239.97
ch2_ohr_ncp_20250304T1249251285_d_img_d18_x06400_y86400.png,0.3735,331.16,491.24,371.34,559.35
ch2_ohr_ncp_20250304T1249251285_d_img_d18_x06400_y86400.png,0.3346,133.12,63.66,226.0,127.46
ch2_ohr_ncp_20250304T1249251285_d_img_d18_x06400_y86400.png,0.3239,306.54,487.86,372.07,560.63
ch2_ohr_ncp_20250304T1249251285_d_img_d18_x06400_y86400.png,0.2111,345.87,503.71,369.09,557.51
ch2_ohr_ncp_20250304T1249251285_d_img_d18_x06400_y87040.png,0.2643,545.88,352.74,583.08,421.31
ch2_ohr_ncp_20250304T1249251285_d_img_d18_x06400_y96640.png,0.3371,447.11,43.88,452.31,48.17
ch2_ohr_ncp_20250304T1249251285_d_img_d18_x06400_y96640.png,0.3059,382.99,77.98,388.55,84.13
ch2_ohr_ncp_20250304T1249251285_d_img_d18_x06400_y96640.png,0.2226,382.6,78.44,387.15,84.04
ch2_ohr_ncp_20250304T1249251285_d_img_d18_x07040_y44160.png,0.2273,382.0,370.07,412.43,416.14
ch2_ohr_ncp_20250304T1249251285_d_img_d18_x07040_y44800.png,0.3086,288.63,0.03,314.85,16.71
ch2_ohr_ncp_20250304T1249251285_d_img_d18_x07040_y44800.png,0.2915,417.1,155.32,435.77,176.56
ch2_ohr_ncp_20250304T1249251285_d_img_d18_x07040_y44800.png,0.2545,204.5,309.15,210.98,315.13
ch2_ohr_ncp_20250304T1249251285_d_img_d18_x07040_y44800.png,0.2291,335.51,0.08,343.7,5.74
ch2_ohr_ncp_20250304T1249251285_d_img_d18_x07040_y44800.png,0.2118,173.02,302.79,179.09,310.47
ch2_ohr_ncp_20250304T1249251285_d_img_d18_x07040_y51840.png,0.4053,571.53,31.65,577.12,38.92
ch2_ohr_ncp_20250304T1249251285_d_img_d18_x07040_y55040.png,0.3116,256.39,84.5,262.42,91.93
ch2_ohr_ncp_20250304T1249251285_d_img_d18_x07040_y55040.png,0.3089,204.84,342.84,210.98,349.53
ch2_ohr_ncp_20250304T1249251285_d_img_d18_x07040_y55040.png,0.2845,231.99,381.77,237.52,387.23
ch2_ohr_ncp_20250304T1249251285_d_img_d18_x07040_y55040.png,0.2787,202.1,506.7,209.68,517.91
ch2_ohr_ncp_20250304T1249251285_d_img_d18_x07040_y55040.png,0.2629,114.22,368.57,122.08,377.27
ch2_ohr_ncp_20250304T1249251285_d_img_d18_x07040_y55040.png,0.2535,238.93,142.59,245.29,149.22
ch2_ohr_ncp_20250304T1249251285_d_img_d18_x07040_y55040.png,0.253,397.94,347.88,404.97,354.73
ch2_ohr_ncp_20250304T1249251285_d_img_d18_x07040_y55040.png,0.2404,227.35,396.33,232.37,401.81
ch2_ohr_ncp_20250304T1249251285_d_img_d18_x07040_y55040.png,0.2402,186.6,360.05,195.14,370.26
ch2_ohr_ncp_20250304T1249251285_d_img_d18_x07040_y55040.png,0.2387,279.28,373.6,285.66,381.93
ch2_ohr_ncp_20250304T1249251285_d_img_d18_x07040_y55040.png,0.236,240.24,391.54,246.92,398.29
ch2_ohr_ncp_20250304T1249251285_d_img_d18_x07040_y55040.png,0.236,249.56,624.34,257.9,633.87
ch2_ohr_ncp_20250304T1249251285_d_img_d18_x07040_y55040.png,0.2357,197.68,462.86,204.83,470.83
ch2_ohr_ncp_20250304T1249251285_d_img_d18_x07040_y55040.png,0.2339,444.43,293.74,470.27,335.16
ch2_ohr_ncp_20250304T1249251285_d_img_d18_x07040_y55040.png,0.219,267.67,252.52,274.34,258.8
ch2_ohr_ncp_20250304T1249251285_d_img_d18_x07040_y55040.png,0.2153,407.24,342.74,414.05,350.01
ch2_ohr_ncp_20250304T1249251285_d_img_d18_x07040_y55040.png,0.2104,181.77,473.87,189.83,483.93
ch2_ohr_ncp_20250304T1249251285_d_img_d18_x07040_y55040.png,0.2063,334.29,633.27,341.4,639.7
ch2_ohr_ncp_20250304T1249251285_d_img_d18_x07040_y96640.png,0.3196,366.83,189.24,372.48,194.86
ch2_ohr_ncp_20250304T1249251285_d_img_d18_x07040_y96640.png,0.2044,304.46,627.82,314.04,637.51
ch2_ohr_ncp_20250304T1249251285_d_img_d18_x07680_y45440.png,0.4096,500.22,390.25,516.13,424.58
ch2_ohr_ncp_20250304T1249251285_d_img_d18_x07680_y45440.png,0.2729,481.24,551.35,544.92,640.0
ch2_ohr_ncp_20250304T1249251285_d_img_d18_x07680_y45440.png,0.2093,350.43,627.96,367.0,638.74
ch2_ohr_ncp_20250304T1249251285_d_img_d18_x07680_y45440.png,0.2063,564.65,383.82,580.42,408.75
ch2_ohr_ncp_20250304T1249251285_d_img_d18_x07680_y46080.png,0.2254,403.87,564.9,422.56,610.03
ch2_ohr_ncp_20250304T1249251285_d_img_d18_x07680_y46080.png,0.2145,397.77,17.72,404.38,23.85
ch2_ohr_ncp_20250304T1249251285_d_img_d18_x07680_y46720.png,0.286,0.36,426.42,19.1,458.79
ch2_ohr_ncp_20250304T1249251285_d_img_d18_x07680_y48000.png,0.2013,619.87,430.58,626.16,437.32
ch2_ohr_ncp_20250304T1249251285_d_img_d18_x07680_y49280.png,0.2231,96.07,395.62,166.44,476.25
ch2_ohr_ncp_20250304T1249251285_d_img_d18_x07680_y49280.png,0.2017,268.86,289.53,276.47,298.54
ch2_ohr_ncp_20250304T1249251285_d_img_d18_x07680_y51200.png,0.377,102.12,0.79,151.2,76.88
ch2_ohr_ncp_20250304T1249251285_d_img_d18_x07680_y51200.png,0.3477,241.91,76.25,312.1,172.56
ch2_ohr_ncp_20250304T1249251285_d_img_d18_x07680_y51200.png,0.2997,110.38,108.63,116.84,117.22
ch2_ohr_ncp_20250304T1249251285_d_img_d18_x07680_y51200.png,0.2424,151.55,567.46,161.38,577.14
ch2_ohr_ncp_20250304T1249251285_d_img_d18_x07680_y51200.png,0.2416,252.65,570.6,258.75,576.45
ch2_ohr_ncp_20250304T1249251285_d_img_d18_x07680_y51200.png,0.2378,223.03,67.43,303.48,134.97
ch2_ohr_ncp_20250304T1249251285_d_img_d18_x07680_y51200.png,0.2355,10.89,227.33,28.73,244.0
ch2_ohr_ncp_20250304T1249251285_d_img_d18_x07680_y51200.png,0.2228,35.56,350.51,41.66,356.67
ch2_ohr_ncp_20250304T1249251285_d_img_d18_x07680_y51200.png,0.212,262.66,575.78,268.15,582.01
ch2_ohr_ncp_20250304T1249251285_d_img_d18_x07680_y51200.png,0.2092,275.0,119.28,311.92,198.36
ch2_ohr_ncp_20250304T1249251285_d_img_d18_x07680_y51200.png,0.2076,226.72,71.15,310.45,157.43
ch2_ohr_ncp_20250304T1249251285_d_img_d18_x07680_y51200.png,0.2062,215.84,330.38,221.02,336.88
ch2_ohr_ncp_20250304T1249251285_d_img_d18_x07680_y51200.png,0.2052,140.37,505.18,151.42,515.99
ch2_ohr_ncp_20250304T1249251285_d_img_d18_x07680_y51200.png,0.2031,179.67,282.16,185.83,289.95
ch2_ohr_ncp_20250304T1249251285_d_img_d18_x07680_y51200.png,0.2019,114.75,156.26,119.79,161.26
ch2_ohr_ncp_20250304T1249251285_d_img_d18_x07680_y52480.png,0.4307,355.18,23.1,431.04,121.14
ch2_ohr_ncp_20250304T1249251285_d_img_d18_x07680_y52480.png,0.3281,378.36,30.98,431.45,114.63
ch2_ohr_ncp_20250304T1249251285_d_img_d18_x07680_y52480.png,0.3107,536.64,0.09,567.4,49.53
ch2_ohr_ncp_20250304T1249251285_d_img_d18_x07680_y52480.png,0.2801,370.03,34.35,434.82,127.73
ch2_ohr_ncp_20250304T1249251285_d_img_d18_x07680_y52480.png,0.224,449.64,9.97,489.59,77.88
ch2_ohr_ncp_20250304T1249251285_d_img_d18_x07680_y52480.png,0.2153,355.56,17.23,421.91,93.7
ch2_ohr_ncp_20250304T1249251285_d_img_d18_x07680_y53120.png,0.261,470.36,623.53,482.42,635.72
ch2_ohr_ncp_20250304T1249251285_d_img_d18_x07680_y97280.png,0.4903,608.81,542.01,614.58,547.46
ch2_ohr_ncp_20250304T1249251285_d_img_d18_x07680_y97280.png,0.2416,400.57,620.67,406.04,625.83
ch2_ohr_ncp_20250304T1249251285_d_img_d18_x07680_y97920.png,0.2858,290.19,96.04,296.14,101.58
ch2_ohr_ncp_20250304T1249251285_d_img_d18_x07680_y97920.png,0.2549,290.94,96.34,297.52,102.08
ch2_ohr_ncp_20250304T1249251285_d_img_d18_x08320_y47360.png,0.2262,59.65,0.12,82.15,21.69
ch2_ohr_ncp_20250304T1249251285_d_img_d18_x08320_y97920.png,0.4805,509.82,536.08,515.74,544.23
ch2_ohr_ncp_20250304T1249251285_d_img_d18_x08320_y97920.png,0.4662,236.55,238.9,243.66,244.9
ch2_ohr_ncp_20250304T1249251285_d_img_d18_x08320_y97920.png,0.2196,215.2,358.03,220.38,364.13
ch2_ohr_ncp_20250304T1249251285_d_img_d18_x08320_y97920.png,0.2041,526.33,598.17,530.39,602.81
ch2_ohr_ncp_20250304T1249251285_d_img_d18_x08320_y98560.png,0.4439,541.45,336.62,546.95,341.52
ch2_ohr_ncp_20250304T1249251285_d_img_d18_x08320_y98560.png,0.2956,472.64,197.21,478.1,202.66
ch2_ohr_ncp_20250304T1249251285_d_img_d18_x08320_y98560.png,0.2546,532.75,188.24,538.39,192.93
ch2_ohr_ncp_20250304T1249251285_d_img_d18_x08320_y98560.png,0.2449,497.41,376.5,503.67,381.94
ch2_ohr_ncp_20250304T1249251285_d_img_d18_x08320_y98560.png,0.2051,512.67,158.29,517.47,162.83
ch2_ohr_ncp_20250304T1249251285_d_img_d18_x08320_y98560.png,0.2021,555.3,150.55,562.39,156.68
ch2_ohr_ncp_20250304T1249251285_d_img_d18_x08960_y89600.png,0.223,458.27,558.6,465.43,566.46
ch2_ohr_ncp_20250304T1249251285_d_img_d18_x08960_y89600.png,0.2117,315.41,358.59,331.27,376.99
ch2_ohr_ncp_20250304T1249251285_d_img_d18_x08960_y99200.png,0.5078,562.94,211.03,568.87,218.31
ch2_ohr_ncp_20250304T1249251285_d_img_d18_x08960_y99200.png,0.4825,528.35,164.51,533.34,168.75
ch2_ohr_ncp_20250304T1249251285_d_img_d18_x08960_y99200.png,0.4382,533.13,144.96,537.65,150.19
ch2_ohr_ncp_20250304T1249251285_d_img_d18_x08960_y99200.png,0.4352,237.72,227.11,243.85,233.64
ch2_ohr_ncp_20250304T1249251285_d_img_d18_x08960_y99200.png,0.3849,273.6,280.82,280.87,287.07
ch2_ohr_ncp_20250304T1249251285_d_img_d18_x08960_y99200.png,0.3568,393.58,160.56,397.99,165.81
ch2_ohr_ncp_20250304T1249251285_d_img_d18_x08960_y99200.png,0.3398,449.1,34.29,454.19,40.0
ch2_ohr_ncp_20250304T1249251285_d_img_d18_x08960_y99200.png,0.3318,256.8,190.74,261.29,195.07
ch2_ohr_ncp_20250304T1249251285_d_img_d18_x08960_y99200.png,0.3219,262.71,254.14,268.29,259.69
ch2_ohr_ncp_20250304T1249251285_d_img_d18_x08960_y99200.png,0.2974,467.76,17.88,476.93,27.98
ch2_ohr_ncp_20250304T1249251285_d_img_d18_x08960_y99200.png,0.2944,611.05,142.61,615.65,147.68
ch2_ohr_ncp_20250304T1249251285_d_img_d18_x08960_y99200.png,0.2889,576.95,144.48,582.24,150.18
ch2_ohr_ncp_20250304T1249251285_d_img_d18_x08960_y99200.png,0.276,409.32,215.32,413.93,219.53
ch2_ohr_ncp_20250304T1249251285_d_img_d18_x08960_y99200.png,0.2744,301.97,368.36,307.69,375.62
ch2_ohr_ncp_20250304T1249251285_d_img_d18_x08960_y99200.png,0.2517,540.74,134.7,545.04,138.7
ch2_ohr_ncp_20250304T1249251285_d_img_d18_x09600_y100480.png,0.3294,633.88,307.24,639.07,313.45
ch2_ohr_ncp_20250304T1249251285_d_img_d18_x09600_y99840.png,0.3505,163.86,166.08,168.68,171.01
ch2_ohr_ncp_20250304T1249251285_d_img_d18_x09600_y99840.png,0.2342,487.65,373.55,491.5,377.91
ch2_ohr_ncp_20250304T1249251285_d_img_d18_x10240_y100480.png,0.6204,469.85,510.24,484.46,533.92
ch2_ohr_ncp_20250304T1249251285_d_img_d18_x10240_y100480.png,0.5477,553.74,23.15,577.21,50.4
ch2_ohr_ncp_20250304T1249251285_d_img_d18_x10240_y100480.png,0.4695,541.36,96.39,549.84,106.44
ch2_ohr_ncp_20250304T1249251285_d_img_d18_x10240_y100480.png,0.4402,517.28,485.44,528.15,496.76
ch2_ohr_ncp_20250304T1249251285_d_img_d18_x10240_y100480.png,0.2842,528.65,184.03,540.53,195.56
ch2_ohr_ncp_20250304T1249251285_d_img_d18_x10240_y100480.png,0.2776,630.19,35.86,639.82,49.54
ch2_ohr_ncp_20250304T1249251285_d_img_d18_x10240_y100480.png,0.2602,605.98,15.75,617.47,26.6
ch2_ohr_ncp_20250304T1249251285_d_img_d18_x10240_y100480.png,0.2507,587.65,164.1,591.66,168.43
ch2_ohr_ncp_20250304T1249251285_d_img_d18_x10240_y100480.png,0.2224,588.29,278.03,596.33,284.99
ch2_ohr_ncp_20250304T1249251285_d_img_d18_x10880_y92160.png,0.2764,5.58,88.02,24.06,106.77
ch2_ohr_ncp_20250304T1249251285_d_img_d18_x11520_y96000.png,0.3812,441.57,617.05,449.38,625.79
ch2_ohr_ncp_20250304T1249251285_d_img_d18_x11520_y96640.png,0.226,8.34,16.79,16.15,23.62
ch2_ohr_ncp_20251007T0659402125_d_img_d18_x01920_y87040.png,0.2487,171.5,214.36,223.92,316.11
ch2_ohr_ncp_20251007T0659402125_d_img_d18_x03840_y85760.png,0.2518,558.35,321.69,621.3,429.71
ch2_ohr_ncp_20251007T0659402125_d_img_d18_x03840_y85760.png,0.2335,560.25,338.33,607.46,425.04
ch2_ohr_ncp_20251007T0659402125_d_img_d18_x05120_y53120.png,0.2764,357.75,162.87,393.43,211.6
ch2_ohr_ncp_20251007T0659402125_d_img_d18_x05120_y55040.png,0.274,208.68,186.98,251.27,262.17
ch2_ohr_ncp_20251007T0659402125_d_img_d18_x05120_y85760.png,0.2116,153.25,0.0,173.69,26.07
ch2_ohr_ncp_20251007T0659402125_d_img_d18_x05760_y52480.png,0.2762,71.69,202.04,130.37,289.3
ch2_ohr_ncp_20251007T0659402125_d_img_d18_x05760_y55040.png,0.3139,430.23,411.37,487.37,513.4
ch2_ohr_ncp_20251007T0659402125_d_img_d18_x05760_y55040.png,0.3064,438.95,434.6,497.53,512.96
ch2_ohr_ncp_20251007T0659402125_d_img_d18_x05760_y56960.png,0.2381,181.89,271.2,220.55,337.12
ch2_ohr_ncp_20251007T0659402125_d_img_d18_x05760_y56960.png,0.2337,183.47,284.27,212.12,335.4
ch2_ohr_ncp_20251007T0659402125_d_img_d18_x05760_y84480.png,0.2153,47.89,3.43,102.8,86.82
ch2_ohr_ncp_20251007T0659402125_d_img_d18_x05760_y85120.png,0.2181,621.41,178.46,636.69,197.8
ch2_ohr_ncp_20251007T0659402125_d_img_d18_x06400_y51840.png,0.2229,94.62,119.84,126.59,195.12
ch2_ohr_ncp_20251007T0659402125_d_img_d18_x06400_y54400.png,0.3047,487.13,552.02,494.03,560.66
ch2_ohr_ncp_20251007T0659402125_d_img_d18_x06400_y54400.png,0.2484,564.3,498.51,579.06,516.98
ch2_ohr_ncp_20251007T0659402125_d_img_d18_x06400_y54400.png,0.2218,190.39,543.86,197.15,552.22
ch2_ohr_ncp_20251007T0659402125_d_img_d18_x06400_y54400.png,0.2013,144.76,146.37,152.71,156.77
ch2_ohr_ncp_20251007T0659402125_d_img_d18_x06400_y55040.png,0.3592,543.34,76.31,590.71,128.71
ch2_ohr_ncp_20251007T0659402125_d_img_d18_x06400_y56960.png,0.2156,228.16,92.14,288.08,204.23
ch2_ohr_ncp_20251007T0659402125_d_img_d18_x06400_y57600.png,0.2583,63.49,590.4,87.65,638.62
ch2_ohr_ncp_20251007T0659402125_d_img_d18_x06400_y58240.png,0.4385,187.69,36.75,243.56,146.73
ch2_ohr_ncp_20251007T0659402125_d_img_d18_x06400_y58240.png,0.2545,189.66,29.61,255.15,128.88
ch2_ohr_ncp_20251007T0659402125_d_img_d18_x06400_y58240.png,0.2328,184.42,55.1,220.8,145.17
ch2_ohr_ncp_20251007T0659402125_d_img_d18_x06400_y61440.png,0.3514,106.9,112.69,134.4,161.71
ch2_ohr_ncp_20251007T0659402125_d_img_d18_x06400_y61440.png,0.3443,181.24,542.95,214.89,605.91
ch2_ohr_ncp_20251007T0659402125_d_img_d18_x06400_y61440.png,0.3101,152.03,103.95,187.01,170.81
ch2_ohr_ncp_20251007T0659402125_d_img_d18_x06400_y61440.png,0.238,106.66,98.88,189.01,172.28
ch2_ohr_ncp_20251007T0659402125_d_img_d18_x07040_y50560.png,0.2115,150.92,84.12,177.21,137.82
ch2_ohr_ncp_20251007T0659402125_d_img_d18_x07040_y52480.png,0.2996,393.15,28.08,415.59,71.18
ch2_ohr_ncp_20251007T0659402125_d_img_d18_x07040_y53120.png,0.2748,481.04,500.83,517.4,556.81
ch2_ohr_ncp_20251007T0659402125_d_img_d18_x07040_y53120.png,0.261,458.45,239.99,467.15,249.74
ch2_ohr_ncp_20251007T0659402125_d_img_d18_x07040_y53120.png,0.2114,557.19,578.96,563.38,585.14
ch2_ohr_ncp_20251007T0659402125_d_img_d18_x07040_y58240.png,0.2418,88.47,588.56,124.64,639.26
ch2_ohr_ncp_20251007T0659402125_d_img_d18_x07040_y58880.png,0.2246,59.91,185.0,93.16,268.32
ch2_ohr_ncp_20251007T0659402125_d_img_d18_x07040_y60160.png,0.2641,247.48,196.78,313.16,301.4
ch2_ohr_ncp_20251007T0659402125_d_img_d18_x07040_y60160.png,0.2175,244.09,214.56,300.07,297.47
ch2_ohr_ncp_20251007T0659402125_d_img_d18_x07040_y60160.png,0.2002,177.8,458.6,209.03,515.96
ch2_ohr_ncp_20251007T0659402125_d_img_d18_x07040_y61440.png,0.3549,365.48,253.32,380.49,284.32
ch2_ohr_ncp_20251007T0659402125_d_img_d18_x07040_y61440.png,0.3452,390.36,238.35,428.05,294.27
ch2_ohr_ncp_20251007T0659402125_d_img_d18_x07040_y61440.png,0.3207,174.82,0.0,224.35,65.08
ch2_ohr_ncp_20251007T0659402125_d_img_d18_x07040_y61440.png,0.2377,352.08,217.4,357.47,222.9
ch2_ohr_ncp_20251007T0659402125_d_img_d18_x07040_y61440.png,0.2299,421.26,308.5,428.74,317.78
ch2_ohr_ncp_20251007T0659402125_d_img_d18_x07040_y61440.png,0.2095,148.51,239.56,205.4,289.18
ch2_ohr_ncp_20251007T0659402125_d_img_d18_x07040_y61440.png,0.2079,476.76,573.45,526.76,638.02
ch2_ohr_ncp_20251007T0659402125_d_img_d18_x07040_y61440.png,0.2007,554.87,424.36,559.85,432.1
ch2_ohr_ncp_20251007T0659402125_d_img_d18_x07040_y61440.png,0.2,355.35,203.71,363.94,213.61
ch2_ohr_ncp_20251007T0659402125_d_img_d18_x07040_y62720.png,0.2052,67.45,224.51,132.5,336.76
ch2_ohr_ncp_20251007T0659402125_d_img_d18_x07680_y51840.png,0.2078,112.7,276.3,173.87,369.48
ch2_ohr_ncp_20251007T0659402125_d_img_d18_x07680_y53760.png,0.2659,78.85,538.72,184.52,640.0
ch2_ohr_ncp_20251007T0659402125_d_img_d18_x07680_y53760.png,0.2498,107.72,545.92,184.84,637.78
ch2_ohr_ncp_20251007T0659402125_d_img_d18_x07680_y59520.png,0.4161,249.43,566.39,306.25,640.0
ch2_ohr_ncp_20251007T0659402125_d_img_d18_x07680_y59520.png,0.26,187.9,219.92,229.33,298.95
ch2_ohr_ncp_20251007T0659402125_d_img_d18_x07680_y59520.png,0.2238,247.73,538.59,327.09,640.0
ch2_ohr_ncp_20251007T0659402125_d_img_d18_x07680_y60800.png,0.2163,116.57,232.83,143.95,279.88
ch2_ohr_ncp_20251007T0659402125_d_img_d18_x07680_y62720.png,0.2326,136.12,96.05,167.81,151.75
ch2_ohr_ncp_20251007T0659402125_d_img_d18_x07680_y63360.png,0.3449,574.44,268.29,597.43,327.32
ch2_ohr_ncp_20251007T0659402125_d_img_d18_x07680_y63360.png,0.3049,601.96,366.28,625.14,408.27
ch2_ohr_ncp_20251007T0659402125_d_img_d18_x07680_y64640.png,0.2581,385.11,553.91,441.23,640.0
ch2_ohr_ncp_20251007T0659402125_d_img_d18_x07680_y64640.png,0.2053,391.33,535.13,460.81,640.0
ch2_ohr_ncp_20251007T0659402125_d_img_d18_x08320_y49920.png,0.2305,3.33,57.39,43.23,157.7
ch2_ohr_ncp_20251007T0659402125_d_img_d18_x08320_y49920.png,0.2165,4.88,420.68,19.24,448.4
ch2_ohr_ncp_20251007T0659402125_d_img_d18_x08320_y58880.png,0.2066,81.98,593.63,108.4,637.83
ch2_ohr_ncp_20251007T0659402125_d_img_d18_x08320_y60160.png,0.2105,39.95,125.32,85.6,202.0
ch2_ohr_ncp_20251007T0659402125_d_img_d18_x08320_y62720.png,0.2044,112.58,273.66,148.19,343.24
ch2_ohr_ncp_20251007T0659402125_d_img_d18_x08320_y64000.png,0.2798,147.72,129.71,189.19,203.46
ch2_ohr_ncp_20251007T0659402125_d_img_d18_x08320_y65280.png,0.2401,322.27,13.02,344.9,56.7
ch2_ohr_ncp_20251007T0659402125_d_img_d18_x08960_y52480.png,0.3487,241.68,535.9,253.27,553.87
ch2_ohr_ncp_20251007T0659402125_d_img_d18_x08960_y52480.png,0.2425,190.71,494.6,202.17,509.19
ch2_ohr_ncp_20251007T0659402125_d_img_d18_x08960_y53760.png,0.3437,561.6,374.91,600.66,442.41
ch2_ohr_ncp_20251007T0659402125_d_img_d18_x08960_y57600.png,0.2129,451.12,39.72,496.88,120.78
ch2_ohr_ncp_20251007T0659402125_d_img_d18_x08960_y63360.png,0.2181,5.15,474.51,68.46,575.61
ch2_ohr_ncp_20251007T0659402125_d_img_d18_x08960_y64640.png,0.31,171.65,449.89,234.12,544.24
ch2_ohr_ncp_20251007T0659402125_d_img_d18_x08960_y65280.png,0.2674,304.35,474.64,332.96,536.26
ch2_ohr_ncp_20251007T0659402125_d_img_d18_x08960_y72960.png,0.35,408.08,394.23,444.38,454.18
ch2_ohr_ncp_20251007T0659402125_d_img_d18_x09600_y51200.png,0.2351,307.91,173.84,349.7,251.77
ch2_ohr_ncp_20251007T0659402125_d_img_d18_x09600_y53760.png,0.3529,360.9,509.96,393.9,560.19
ch2_ohr_ncp_20251007T0659402125_d_img_d18_x09600_y53760.png,0.2365,281.66,432.99,295.61,449.82
ch2_ohr_ncp_20251007T0659402125_d_img_d18_x09600_y54400.png,0.2376,562.03,6.57,621.21,87.21
ch2_ohr_ncp_20251007T0659402125_d_img_d18_x09600_y59520.png,0.2164,122.78,372.08,139.35,398.75
ch2_ohr_ncp_20251007T0659402125_d_img_d18_x09600_y59520.png,0.2046,549.74,100.75,591.49,180.91
ch2_ohr_ncp_20251007T0659402125_d_img_d18_x09600_y60160.png,0.2926,117.87,73.39,162.65,152.31
ch2_ohr_ncp_20251007T0659402125_d_img_d18_x09600_y64640.png,0.3009,15.95,495.83,89.27,623.47
ch2_ohr_ncp_20251007T0659402125_d_img_d18_x09600_y64640.png,0.2809,14.9,512.63,65.99,616.47
ch2_ohr_ncp_20251007T0659402125_d_img_d18_x09600_y65280.png,0.2659,317.37,410.6,360.97,476.63
ch2_ohr_ncp_20251007T0659402125_d_img_d18_x09600_y65280.png,0.2354,208.01,310.76,256.61,397.97
ch2_ohr_ncp_20251007T0659402125_d_img_d18_x09600_y65280.png,0.2335,224.03,0.21,255.76,53.99
ch2_ohr_ncp_20251007T0659402125_d_img_d18_x09600_y67200.png,0.3357,36.25,494.8,66.27,548.95
ch2_ohr_ncp_20251007T0659402125_d_img_d18_x09600_y67200.png,0.2921,79.24,481.2,116.15,544.38
ch2_ohr_ncp_20251007T0659402125_d_img_d18_x09600_y67200.png,0.2861,33.58,478.98,113.33,546.69
ch2_ohr_ncp_20251007T0659402125_d_img_d18_x09600_y72960.png,0.3535,69.13,33.86,104.02,95.1
ch2_ohr_ncp_20251007T0659402125_d_img_d18_x09600_y72960.png,0.2694,201.25,522.31,206.86,528.77
ch2_ohr_ncp_20251007T0659402125_d_img_d18_x09600_y72960.png,0.2664,195.92,20.01,214.57,50.85
ch2_ohr_ncp_20251007T0659402125_d_img_d18_x09600_y72960.png,0.2298,141.01,569.92,146.14,576.37
ch2_ohr_ncp_20251007T0659402125_d_img_d18_x09600_y72960.png,0.2144,134.71,563.91,139.52,570.04
ch2_ohr_ncp_20251007T0659402125_d_img_d18_x09600_y72960.png,0.2028,243.71,490.88,303.12,562.25
ch2_ohr_ncp_20251007T0659402125_d_img_d18_x10240_y51840.png,0.2772,525.31,277.3,530.65,283.91
ch2_ohr_ncp_20251007T0659402125_d_img_d18_x10240_y51840.png,0.2772,215.88,80.79,220.95,86.48
ch2_ohr_ncp_20251007T0659402125_d_img_d18_x10240_y51840.png,0.2566,244.59,72.04,250.66,79.38
ch2_ohr_ncp_20251007T0659402125_d_img_d18_x10240_y51840.png,0.2558,563.33,464.94,567.53,472.07
ch2_ohr_ncp_20251007T0659402125_d_img_d18_x10240_y51840.png,0.2482,599.08,212.51,632.28,259.27
ch2_ohr_ncp_20251007T0659402125_d_img_d18_x10240_y51840.png,0.2369,437.63,493.06,463.06,518.53
ch2_ohr_ncp_20251007T0659402125_d_img_d18_x10240_y51840.png,0.2352,493.31,577.36,511.59,617.41
ch2_ohr_ncp_20251007T0659402125_d_img_d18_x10240_y51840.png,0.2099,217.1,95.33,222.99,101.7
ch2_ohr_ncp_20251007T0659402125_d_img_d18_x10240_y51840.png,0.2099,297.99,123.6,302.96,129.19
ch2_ohr_ncp_20251007T0659402125_d_img_d18_x10240_y51840.png,0.2031,554.93,447.74,559.09,453.24
ch2_ohr_ncp_20251007T0659402125_d_img_d18_x10240_y51840.png,0.2005,298.18,219.0,302.89,226.17
ch2_ohr_ncp_20251007T0659402125_d_img_d18_x10240_y51840.png,0.2005,274.3,249.7,279.36,255.58
ch2_ohr_ncp_20251007T0659402125_d_img_d18_x10240_y53760.png,0.2931,316.52,131.01,345.79,168.12
ch2_ohr_ncp_20251007T0659402125_d_img_d18_x10240_y53760.png,0.2822,300.06,131.82,344.88,170.88
ch2_ohr_ncp_20251007T0659402125_d_img_d18_x10240_y65920.png,0.234,58.09,458.23,97.87,540.69
ch2_ohr_ncp_20251007T0659402125_d_img_d18_x10240_y65920.png,0.2055,59.08,430.92,114.96,543.1
ch2_ohr_ncp_20251007T0659402125_d_img_d18_x10240_y67200.png,0.2208,48.98,123.5,76.21,178.2
ch2_ohr_ncp_20251007T0659402125_d_img_d18_x10240_y68480.png,0.3601,303.27,84.11,361.41,183.63
ch2_ohr_ncp_20251007T0659402125_d_img_d18_x10240_y68480.png,0.3379,223.94,35.69,268.95,129.75
ch2_ohr_ncp_20251007T0659402125_d_img_d18_x10240_y83200.png,0.2704,516.75,21.84,522.57,27.48
ch2_ohr_ncp_20251007T0659402125_d_img_d18_x10240_y83200.png,0.2694,497.47,118.77,503.44,125.25
ch2_ohr_ncp_20251007T0659402125_d_img_d18_x10240_y83200.png,0.2441,400.84,278.84,468.27,375.78
ch2_ohr_ncp_20251007T0659402125_d_img_d18_x10240_y83200.png,0.217,321.6,274.36,327.02,280.7
ch2_ohr_ncp_20251007T0659402125_d_img_d18_x10240_y83200.png,0.2137,629.3,14.32,636.58,24.36
ch2_ohr_ncp_20251007T0659402125_d_img_d18_x10240_y85760.png,0.4322,392.9,118.97,446.37,197.87
ch2_ohr_ncp_20251007T0659402125_d_img_d18_x10240_y85760.png,0.2935,337.96,311.85,344.81,319.24
ch2_ohr_ncp_20251007T0659402125_d_img_d18_x10240_y85760.png,0.2673,475.55,303.07,479.3,308.59
ch2_ohr_ncp_20251007T0659402125_d_img_d18_x10240_y85760.png,0.2628,466.9,382.27,471.37,388.16
ch2_ohr_ncp_20251007T0659402125_d_img_d18_x10240_y85760.png,0.2573,459.88,419.87,465.68,425.84
ch2_ohr_ncp_20251007T0659402125_d_img_d18_x10240_y85760.png,0.2444,310.93,213.5,317.82,221.76
ch2_ohr_ncp_20251007T0659402125_d_img_d18_x10240_y85760.png,0.2444,509.48,496.66,515.87,503.67
ch2_ohr_ncp_20251007T0659402125_d_img_d18_x10240_y85760.png,0.2321,615.54,518.63,620.95,524.68
ch2_ohr_ncp_20251007T0659402125_d_img_d18_x10240_y85760.png,0.2291,427.36,349.73,434.03,359.13
ch2_ohr_ncp_20251007T0659402125_d_img_d18_x10240_y85760.png,0.2222,513.2,197.45,528.45,218.37
ch2_ohr_ncp_20251007T0659402125_d_img_d18_x10240_y85760.png,0.2199,459.14,335.17,462.83,340.1
ch2_ohr_ncp_20251007T0659402125_d_img_d18_x10240_y85760.png,0.2189,485.51,606.01,507.66,634.55
ch2_ohr_ncp_20251007T0659402125_d_img_d18_x10240_y85760.png,0.2174,459.63,419.01,464.92,425.51
ch2_ohr_ncp_20251007T0659402125_d_img_d18_x10240_y85760.png,0.2116,427.83,19.15,434.72,27.45
ch2_ohr_ncp_20251007T0659402125_d_img_d18_x10240_y85760.png,0.2033,500.93,191.78,507.17,198.17
ch2_ohr_ncp_20251007T0659402125_d_img_d18_x10240_y85760.png,0.2027,452.97,370.26,457.11,374.03
ch2_ohr_ncp_20251007T0659402125_d_img_d18_x10880_y56320.png,0.3677,193.85,214.96,256.73,291.7
ch2_ohr_ncp_20251007T0659402125_d_img_d18_x10880_y77440.png,0.25,113.75,205.86,152.77,281.89
ch2_ohr_ncp_20251007T0659402125_d_img_d18_x10880_y77440.png,0.222,18.54,533.42,87.49,640.0
ch2_ohr_ncp_20251007T0659402125_d_img_d18_x10880_y81920.png,0.263,563.31,31.02,566.84,36.26
ch2_ohr_ncp_20251007T0659402125_d_img_d18_x10880_y81920.png,0.257,497.7,303.77,538.83,365.47
ch2_ohr_ncp_20251007T0659402125_d_img_d18_x10880_y81920.png,0.2486,623.34,97.17,628.79,103.31
ch2_ohr_ncp_20251007T0659402125_d_img_d18_x10880_y81920.png,0.2426,498.75,226.5,532.96,278.25
ch2_ohr_ncp_20251007T0659402125_d_img_d18_x10880_y81920.png,0.2206,624.32,248.33,630.59,257.49
ch2_ohr_ncp_20251007T0659402125_d_img_d18_x10880_y81920.png,0.2167,230.48,35.24,247.81,74.13
ch2_ohr_ncp_20251007T0659402125_d_img_d18_x10880_y81920.png,0.2126,552.12,32.23,555.67,36.5
ch2_ohr_ncp_20251007T0659402125_d_img_d18_x10880_y81920.png,0.2079,631.44,112.62,637.96,120.25
ch2_ohr_ncp_20251007T0659402125_d_img_d18_x10880_y81920.png,0.2067,593.38,296.63,598.87,305.98
ch2_ohr_ncp_20251007T0659402125_d_img_d18_x10880_y82560.png,0.3491,49.09,403.88,92.93,465.53
ch2_ohr_ncp_20251007T0659402125_d_img_d18_x10880_y83200.png,0.2018,383.28,624.49,387.1,628.92
ch2_ohr_ncp_20251007T0659402125_d_img_d18_x10880_y85760.png,0.3061,483.18,5.96,517.08,48.86
ch2_ohr_ncp_20251007T0659402125_d_img_d18_x11520_y55040.png,0.2465,114.51,304.83,193.58,386.65
ch2_ohr_ncp_20251007T0659402125_d_img_d18_x11520_y55040.png,0.2301,114.68,305.45,166.5,384.42
ch2_ohr_ncp_20251007T0659402125_d_img_d18_x11520_y63360.png,0.2584,127.1,456.59,179.06,539.98
ch2_ohr_ncp_20251009T1006356898_d_img_d18_x00000_y83200.png,0.2527,449.13,29.76,471.87,84.68
ch2_ohr_ncp_20251009T1006356898_d_img_d18_x00000_y87680.png,0.3091,446.66,532.96,496.14,634.82
ch2_ohr_ncp_20251009T1006356898_d_img_d18_x00000_y87680.png,0.2138,448.59,517.19,517.67,633.0
ch2_ohr_ncp_20251009T1006356898_d_img_d18_x00000_y88960.png,0.2566,233.99,509.47,269.44,569.92
ch2_ohr_ncp_20251009T1006356898_d_img_d18_x00000_y88960.png,0.2324,219.28,489.26,271.56,571.44
ch2_ohr_ncp_20251009T1006356898_d_img_d18_x00640_y83840.png,0.2073,275.52,481.61,344.17,595.49
ch2_ohr_ncp_20251009T1006356898_d_img_d18_x00640_y90240.png,0.289,50.08,8.88,55.35,16.84
ch2_ohr_ncp_20251009T1006356898_d_img_d18_x00640_y90240.png,0.2446,506.33,1.74,511.92,7.4
ch2_ohr_ncp_20251009T1006356898_d_img_d18_x00640_y90240.png,0.2435,621.26,192.76,628.61,201.92
ch2_ohr_ncp_20251009T1006356898_d_img_d18_x00640_y90240.png,0.2332,470.05,57.99,476.7,65.14
ch2_ohr_ncp_20251009T1006356898_d_img_d18_x00640_y90240.png,0.2259,6.21,10.04,11.46,16.87
ch2_ohr_ncp_20251009T1006356898_d_img_d18_x00640_y90240.png,0.2243,537.59,237.39,573.3,280.77
ch2_ohr_ncp_20251009T1006356898_d_img_d18_x00640_y90240.png,0.2044,331.45,3.23,339.79,10.68
ch2_ohr_ncp_20251009T1006356898_d_img_d18_x01280_y84480.png,0.3283,335.54,455.02,386.72,556.2
ch2_ohr_ncp_20251009T1006356898_d_img_d18_x01280_y84480.png,0.2468,336.5,440.69,406.44,561.21
ch2_ohr_ncp_20251009T1006356898_d_img_d18_x01280_y88960.png,0.2053,367.91,250.23,417.02,332.07
ch2_ohr_ncp_20251009T1006356898_d_img_d18_x01280_y89600.png,0.3973,462.83,585.8,514.68,639.71
ch2_ohr_ncp_20251009T1006356898_d_img_d18_x01920_y81920.png,0.2259,209.18,539.49,235.41,590.54
ch2_ohr_ncp_20251009T1006356898_d_img_d18_x01920_y87680.png,0.2548,159.17,591.22,182.93,637.14
ch2_ohr_ncp_20251009T1006356898_d_img_d18_x01920_y87680.png,0.2443,581.63,590.18,614.67,637.98
ch2_ohr_ncp_20251009T1006356898_d_img_d18_x02560_y77440.png,0.3934,277.66,268.5,313.39,349.9
ch2_ohr_ncp_20251009T1006356898_d_img_d18_x02560_y83200.png,0.2305,601.62,139.83,632.03,190.43
ch2_ohr_ncp_20251009T1006356898_d_img_d18_x03200_y76800.png,0.2304,616.83,590.78,639.45,637.48
ch2_ohr_ncp_20251009T1006356898_d_img_d18_x03200_y76800.png,0.2287,194.21,495.98,199.57,502.1
ch2_ohr_ncp_20251009T1006356898_d_img_d18_x03200_y76800.png,0.2245,174.98,564.43,180.74,571.01
ch2_ohr_ncp_20251009T1006356898_d_img_d18_x03200_y76800.png,0.2197,276.39,551.36,280.67,557.64
ch2_ohr_ncp_20251009T1006356898_d_img_d18_x03200_y76800.png,0.2136,223.05,442.99,228.48,449.92
ch2_ohr_ncp_20251009T1006356898_d_img_d18_x03200_y80640.png,0.3737,385.98,468.1,434.71,559.86
ch2_ohr_ncp_20251009T1006356898_d_img_d18_x03200_y80640.png,0.2751,388.73,454.82,466.07,561.77
ch2_ohr_ncp_20251009T1006356898_d_img_d18_x03200_y82560.png,0.2613,580.05,556.26,633.02,637.47
ch2_ohr_ncp_20251009T1006356898_d_img_d18_x03200_y86400.png,0.2065,556.02,189.56,622.87,273.87
ch2_ohr_ncp_20251009T1006356898_d_img_d18_x03200_y88960.png,0.2701,242.76,1.84,303.31,96.38
ch2_ohr_ncp_20251009T1006356898_d_img_d18_x03200_y88960.png,0.2151,13.32,8.51,64.7,95.23
ch2_ohr_ncp_20251009T1006356898_d_img_d18_x03840_y69120.png,0.2301,531.8,172.8,537.76,180.69
ch2_ohr_ncp_20251009T1006356898_d_img_d18_x03840_y69120.png,0.2088,534.29,396.53,540.23,403.2
ch2_ohr_ncp_20251009T1006356898_d_img_d18_x03840_y69760.png,0.2521,307.92,602.22,347.45,638.37
ch2_ohr_ncp_20251009T1006356898_d_img_d18_x03840_y69760.png,0.2359,539.83,566.53,543.9,571.65
ch2_ohr_ncp_20251009T1006356898_d_img_d18_x03840_y69760.png,0.2099,520.54,628.34,525.38,635.26
ch2_ohr_ncp_20251009T1006356898_d_img_d18_x03840_y73600.png,0.201,249.15,114.6,272.08,151.47
ch2_ohr_ncp_20251009T1006356898_d_img_d18_x03840_y76160.png,0.5822,287.23,465.88,341.48,536.57
ch2_ohr_ncp_20251009T1006356898_d_img_d18_x03840_y76160.png,0.4129,368.06,149.78,414.95,250.29
ch2_ohr_ncp_20251009T1006356898_d_img_d18_x03840_y76160.png,0.2584,347.56,514.91,374.29,555.55
ch2_ohr_ncp_20251009T1006356898_d_img_d18_x03840_y76160.png,0.2456,369.49,181.05,413.42,246.27
ch2_ohr_ncp_20251009T1006356898_d_img_d18_x03840_y76800.png,0.4831,144.56,559.2,174.25,637.15
ch2_ohr_ncp_20251009T1006356898_d_img_d18_x03840_y76800.png,0.4187,143.91,553.52,183.93,640.0
ch2_ohr_ncp_20251009T1006356898_d_img_d18_x03840_y76800.png,0.2431,307.62,452.85,338.16,500.13
ch2_ohr_ncp_20251009T1006356898_d_img_d18_x03840_y85760.png,0.2243,298.48,551.87,343.12,634.59
ch2_ohr_ncp_20251009T1006356898_d_img_d18_x03840_y90880.png,0.2505,17.0,532.98,60.03,634.25
ch2_ohr_ncp_20251009T1006356898_d_img_d18_x04480_y71040.png,0.2315,76.71,0.11,127.06,69.76
ch2_ohr_ncp_20251009T1006356898_d_img_d18_x04480_y71680.png,0.3101,235.61,41.27,282.87,108.65
ch2_ohr_ncp_20251009T1006356898_d_img_d18_x04480_y71680.png,0.2196,306.68,585.02,326.98,623.51
ch2_ohr_ncp_20251009T1006356898_d_img_d18_x04480_y71680.png,0.2076,466.94,232.07,514.26,288.63
ch2_ohr_ncp_20251009T1006356898_d_img_d18_x04480_y87680.png,0.3045,560.72,572.56,607.16,640.0
ch2_ohr_ncp_20251009T1006356898_d_img_d18_x04480_y88320.png,0.226,551.24,495.4,584.48,555.45
ch2_ohr_ncp_20251009T1006356898_d_img_d18_x04480_y88960.png,0.2015,320.24,494.16,358.65,561.71
ch2_ohr_ncp_20251009T1006356898_d_img_d18_x04480_y91520.png,0.2338,192.66,398.0,220.47,443.39
ch2_ohr_ncp_20251009T1006356898_d_img_d18_x04480_y91520.png,0.2216,195.05,284.0,261.1,409.28
ch2_ohr_ncp_20251009T1006356898_d_img_d18_x05120_y71040.png,0.2026,272.06,332.14,309.5,397.78
ch2_ohr_ncp_20251009T1006356898_d_img_d18_x05120_y71040.png,0.2008,308.32,64.95,375.75,179.75
ch2_ohr_ncp_20251009T1006356898_d_img_d18_x05120_y71040.png,0.2001,312.42,20.28,398.95,159.31
ch2_ohr_ncp_20251009T1006356898_d_img_d18_x05120_y71680.png,0.2704,203.38,162.66,257.84,250.46
ch2_ohr_ncp_20251009T1006356898_d_img_d18_x05120_y83200.png,0.2082,80.57,395.62,112.1,461.56
ch2_ohr_ncp_20251009T1006356898_d_img_d18_x05120_y84480.png,0.2108,458.51,509.68,502.28,581.23
ch2_ohr_ncp_20251009T1006356898_d_img_d18_x05120_y88320.png,0.2289,525.72,30.17,579.67,133.98
ch2_ohr_ncp_20251009T1006356898_d_img_d18_x05120_y89600.png,0.2448,319.83,419.0,369.42,529.57
ch2_ohr_ncp_20251009T1006356898_d_img_d18_x05120_y90240.png,0.3087,353.27,0.0,394.57,46.13
ch2_ohr_ncp_20251009T1006356898_d_img_d18_x05120_y90880.png,0.2002,477.17,28.27,503.11,84.48
ch2_ohr_ncp_20251009T1006356898_d_img_d18_x05760_y67840.png,0.2029,184.32,394.82,218.01,453.99
ch2_ohr_ncp_20251009T1006356898_d_img_d18_x05760_y71040.png,0.3085,24.08,503.37,85.83,577.79
ch2_ohr_ncp_20251009T1006356898_d_img_d18_x05760_y74880.png,0.2006,89.04,77.27,140.59,158.6
ch2_ohr_ncp_20251009T1006356898_d_img_d18_x05760_y79360.png,0.2214,1.74,9.58,35.42,95.04
ch2_ohr_ncp_20251009T1006356898_d_img_d18_x05760_y87680.png,0.2344,142.67,31.24,169.39,84.84
ch2_ohr_ncp_20251009T1006356898_d_img_d18_x05760_y90880.png,0.2539,502.16,609.85,527.58,636.19
ch2_ohr_ncp_20251009T1006356898_d_img_d18_x06400_y69120.png,0.2422,184.66,0.0,234.35,58.77
ch2_ohr_ncp_20251009T1006356898_d_img_d18_x06400_y71680.png,0.2034,230.43,588.16,271.41,638.6
ch2_ohr_ncp_20251009T1006356898_d_img_d18_x06400_y76800.png,0.2158,369.52,230.36,420.31,308.53
ch2_ohr_ncp_20251009T1006356898_d_img_d18_x06400_y79360.png,0.428,356.14,0.0,413.35,77.54
ch2_ohr_ncp_20251009T1006356898_d_img_d18_x06400_y79360.png,0.2267,355.21,5.68,397.11,78.8
ch2_ohr_ncp_20251009T1006356898_d_img_d18_x06400_y87680.png,0.2537,13.71,0.25,60.12,75.27
ch2_ohr_ncp_20251009T1006356898_d_img_d18_x06400_y88320.png,0.2488,463.61,0.0,476.91,18.3
ch2_ohr_ncp_20251009T1006356898_d_img_d18_x06400_y89600.png,0.2212,188.45,337.37,214.04,383.8
ch2_ohr_ncp_20251009T1006356898_d_img_d18_x07040_y64000.png,0.2696,72.43,75.68,108.47,139.42
ch2_ohr_ncp_20251009T1006356898_d_img_d18_x07040_y64000.png,0.2039,217.82,60.25,245.47,107.22
ch2_ohr_ncp_20251009T1006356898_d_img_d18_x07040_y66560.png,0.23,68.33,465.72,106.11,530.53
ch2_ohr_ncp_20251009T1006356898_d_img_d18_x07040_y80640.png,0.2465,538.85,0.0,572.82,76.59
ch2_ohr_ncp_20251009T1006356898_d_img_d18_x07040_y82560.png,0.2426,13.26,569.97,82.82,640.0
ch2_ohr_ncp_20251009T1006356898_d_img_d18_x07040_y83200.png,0.3158,148.06,554.17,202.05,640.0
ch2_ohr_ncp_20251009T1006356898_d_img_d18_x07040_y87040.png,0.2252,380.84,527.62,438.23,640.0
ch2_ohr_ncp_20251009T1006356898_d_img_d18_x07040_y88320.png,0.5641,258.28,553.46,300.9,639.93
ch2_ohr_ncp_20251009T1006356898_d_img_d18_x07040_y88320.png,0.5105,220.54,533.6,244.85,577.73
ch2_ohr_ncp_20251009T1006356898_d_img_d18_x07040_y88320.png,0.3726,341.86,423.15,360.81,453.96
ch2_ohr_ncp_20251009T1006356898_d_img_d18_x07040_y88320.png,0.2753,568.32,562.76,575.27,572.02
ch2_ohr_ncp_20251009T1006356898_d_img_d18_x07040_y88320.png,0.2541,565.58,627.45,571.76,634.92
ch2_ohr_ncp_20251009T1006356898_d_img_d18_x07040_y88320.png,0.251,374.9,448.95,407.13,491.76
ch2_ohr_ncp_20251009T1006356898_d_img_d18_x07040_y88320.png,0.2395,331.64,602.93,350.5,635.14
ch2_ohr_ncp_20251009T1006356898_d_img_d18_x07040_y88320.png,0.2273,632.8,378.7,637.89,385.66
ch2_ohr_ncp_20251009T1006356898_d_img_d18_x07040_y88320.png,0.2197,512.15,301.03,560.42,380.87
ch2_ohr_ncp_20251009T1006356898_d_img_d18_x07040_y88320.png,0.2105,365.53,553.02,428.6,640.0
ch2_ohr_ncp_20251009T1006356898_d_img_d18_x07040_y88320.png,0.2076,183.82,591.51,221.47,639.29
ch2_ohr_ncp_20251009T1006356898_d_img_d18_x07040_y88320.png,0.2046,237.48,630.31,246.32,639.28
ch2_ohr_ncp_20251009T1006356898_d_img_d18_x07040_y92800.png,0.2023,575.4,542.41,602.67,601.28
ch2_ohr_ncp_20251009T1006356898_d_img_d18_x07040_y92800.png,0.2021,368.99,528.66,416.45,640.0
ch2_ohr_ncp_20251009T1006356898_d_img_d18_x07680_y64000.png,0.2482,492.22,264.89,522.9,330.32
ch2_ohr_ncp_20251009T1006356898_d_img_d18_x07680_y65280.png,0.3609,114.02,379.07,158.88,466.77
ch2_ohr_ncp_20251009T1006356898_d_img_d18_x07680_y71040.png,0.2095,39.06,211.34,103.99,303.32
ch2_ohr_ncp_20251009T1006356898_d_img_d18_x07680_y76160.png,0.2912,566.32,466.79,596.47,517.61
ch2_ohr_ncp_20251009T1006356898_d_img_d18_x07680_y84480.png,0.206,67.63,446.51,84.82,480.21
ch2_ohr_ncp_20251009T1006356898_d_img_d18_x08320_y39040.png,0.295,141.37,255.86,191.26,388.09
ch2_ohr_ncp_20251009T1006356898_d_img_d18_x08320_y39040.png,0.2699,147.92,249.04,213.94,362.21
ch2_ohr_ncp_20251009T1006356898_d_img_d18_x08320_y39040.png,0.2601,150.64,352.72,187.86,408.12
ch2_ohr_ncp_20251009T1006356898_d_img_d18_x08320_y39040.png,0.203,429.21,380.28,471.59,458.81
ch2_ohr_ncp_20251009T1006356898_d_img_d18_x08320_y63360.png,0.2198,29.61,556.21,77.7,633.67
ch2_ohr_ncp_20251009T1006356898_d_img_d18_x08320_y70400.png,0.2619,77.13,0.0,142.05,58.18
ch2_ohr_ncp_20251009T1006356898_d_img_d18_x08320_y73600.png,0.2088,179.97,560.81,244.15,637.09
ch2_ohr_ncp_20251009T1006356898_d_img_d18_x08320_y83840.png,0.214,210.47,198.78,261.17,304.4
ch2_ohr_ncp_20251009T1006356898_d_img_d18_x08320_y85120.png,0.2225,56.61,220.45,94.0,301.72
ch2_ohr_ncp_20251009T1006356898_d_img_d18_x08320_y85120.png,0.2006,510.39,131.08,560.54,240.09
ch2_ohr_ncp_20251009T1006356898_d_img_d18_x08320_y90880.png,0.2137,616.92,336.34,639.53,377.9
ch2_ohr_ncp_20251009T1006356898_d_img_d18_x08320_y92160.png,0.2004,602.72,521.1,639.91,640.0
ch2_ohr_ncp_20251009T1006356898_d_img_d18_x08320_y95360.png,0.2636,382.52,416.41,428.9,509.9
ch2_ohr_ncp_20251009T1006356898_d_img_d18_x08960_y37760.png,0.2503,463.34,1.46,494.69,64.84
ch2_ohr_ncp_20251009T1006356898_d_img_d18_x08960_y58880.png,0.205,78.94,327.96,120.75,435.53
ch2_ohr_ncp_20251009T1006356898_d_img_d18_x08960_y59520.png,0.3559,362.5,181.31,387.74,232.38
ch2_ohr_ncp_20251009T1006356898_d_img_d18_x08960_y60160.png,0.305,566.63,0.11,573.85,9.24
ch2_ohr_ncp_20251009T1006356898_d_img_d18_x08960_y61440.png,0.3887,455.88,156.36,493.72,229.04
ch2_ohr_ncp_20251009T1006356898_d_img_d18_x08960_y61440.png,0.2359,416.08,0.0,458.95,81.9
ch2_ohr_ncp_20251009T1006356898_d_img_d18_x08960_y71680.png,0.2252,348.81,175.11,402.59,271.03
ch2_ohr_ncp_20251009T1006356898_d_img_d18_x08960_y78080.png,0.2165,248.94,495.46,312.32,578.99
ch2_ohr_ncp_20251009T1006356898_d_img_d18_x08960_y79360.png,0.2326,299.19,540.36,371.34,617.07
ch2_ohr_ncp_20251009T1006356898_d_img_d18_x08960_y84480.png,0.2387,250.35,287.73,272.81,331.47
ch2_ohr_ncp_20251009T1006356898_d_img_d18_x08960_y84480.png,0.2004,249.4,157.34,274.14,201.01
ch2_ohr_ncp_20251009T1006356898_d_img_d18_x08960_y92800.png,0.2268,19.53,520.86,70.25,608.89
ch2_ohr_ncp_20251009T1006356898_d_img_d18_x08960_y92800.png,0.2155,21.4,539.01,64.75,606.04
ch2_ohr_ncp_20251009T1006356898_d_img_d18_x08960_y93440.png,0.222,175.91,2.19,187.15,24.54
ch2_ohr_ncp_20251009T1006356898_d_img_d18_x09600_y51840.png,0.303,463.29,0.0,515.16,49.84
ch2_ohr_ncp_20251009T1006356898_d_img_d18_x09600_y51840.png,0.2318,9.23,433.34,38.02,492.15
ch2_ohr_ncp_20251009T1006356898_d_img_d18_x09600_y56320.png,0.2077,631.92,503.81,637.19,509.58
ch2_ohr_ncp_20251009T1006356898_d_img_d18_x09600_y57600.png,0.2772,108.25,0.74,167.8,102.96
ch2_ohr_ncp_20251009T1006356898_d_img_d18_x09600_y57600.png,0.2267,559.98,0.0,607.0,84.79
ch2_ohr_ncp_20251009T1006356898_d_img_d18_x09600_y71680.png,0.265,343.96,494.71,371.88,548.3
ch2_ohr_ncp_20251009T1006356898_d_img_d18_x09600_y73600.png,0.2161,257.43,428.07,306.54,508.36
ch2_ohr_ncp_20251009T1006356898_d_img_d18_x09600_y77440.png,0.3227,64.65,550.47,118.48,625.15
ch2_ohr_ncp_20251009T1006356898_d_img_d18_x09600_y78080.png,0.2883,177.91,0.0,225.81,68.29
ch2_ohr_ncp_20251009T1006356898_d_img_d18_x10240_y48000.png,0.2394,337.48,3.67,389.84,91.37
ch2_ohr_ncp_20251009T1006356898_d_img_d18_x10240_y48000.png,0.2209,120.32,265.46,161.0,344.52
ch2_ohr_ncp_20251009T1006356898_d_img_d18_x10240_y51200.png,0.2164,545.91,421.04,611.25,548.33
ch2_ohr_ncp_20251009T1006356898_d_img_d18_x10240_y52480.png,0.3762,172.52,0.05,200.03,56.39
ch2_ohr_ncp_20251009T1006356898_d_img_d18_x10240_y52480.png,0.2583,549.7,525.58,589.47,605.44
ch2_ohr_ncp_20251009T1006356898_d_img_d18_x10240_y53760.png,0.2536,2.0,287.28,24.08,339.43
ch2_ohr_ncp_20251009T1006356898_d_img_d18_x10240_y54400.png,0.2358,262.61,553.41,307.03,635.64
ch2_ohr_ncp_20251009T1006356898_d_img_d18_x10240_y55680.png,0.2062,0.0,535.48,38.73,629.14
ch2_ohr_ncp_20251009T1006356898_d_img_d18_x10240_y56320.png,0.3243,576.25,285.8,636.41,384.19
ch2_ohr_ncp_20251009T1006356898_d_img_d18_x10240_y56320.png,0.2348,106.59,545.24,111.9,554.85
ch2_ohr_ncp_20251009T1006356898_d_img_d18_x10240_y56320.png,0.2285,350.97,625.2,356.25,631.09
ch2_ohr_ncp_20251009T1006356898_d_img_d18_x10240_y56320.png,0.2075,576.37,95.55,582.16,103.1
ch2_ohr_ncp_20251009T1006356898_d_img_d18_x10240_y56320.png,0.202,409.91,331.38,438.63,386.16
ch2_ohr_ncp_20251009T1006356898_d_img_d18_x10240_y63360.png,0.2079,219.62,364.43,249.34,418.1
ch2_ohr_ncp_20251009T1006356898_d_img_d18_x10240_y65280.png,0.2563,18.14,141.3,50.66,201.33
ch2_ohr_ncp_20251009T1006356898_d_img_d18_x10240_y80000.png,0.2321,435.83,0.0,500.63,82.5
ch2_ohr_ncp_20251009T1006356898_d_img_d18_x10240_y96640.png,0.2015,114.57,569.29,155.8,636.71
ch2_ohr_ncp_20251009T1006356898_d_img_d18_x10240_y97920.png,0.2605,276.67,243.8,282.64,250.56
ch2_ohr_ncp_20251009T1006356898_d_img_d18_x10240_y97920.png,0.22,377.14,67.82,383.01,76.45
ch2_ohr_ncp_20251009T1006356898_d_img_d18_x10880_y46080.png,0.2893,3.68,558.67,38.07,640.0
ch2_ohr_ncp_20251009T1006356898_d_img_d18_x10880_y48000.png,0.3084,51.84,225.03,113.34,272.91
ch2_ohr_ncp_20251009T1006356898_d_img_d18_x10880_y51840.png,0.2333,136.08,305.33,194.91,437.08
ch2_ohr_ncp_20251009T1006356898_d_img_d18_x10880_y51840.png,0.209,465.62,574.01,517.39,640.0
ch2_ohr_ncp_20251009T1006356898_d_img_d18_x10880_y51840.png,0.2051,132.36,325.5,181.79,431.47
ch2_ohr_ncp_20251009T1006356898_d_img_d18_x10880_y52480.png,0.2739,430.19,422.7,478.79,508.85
ch2_ohr_ncp_20251009T1006356898_d_img_d18_x10880_y62720.png,0.2659,1.1,565.6,47.87,623.16
ch2_ohr_ncp_20251009T1006356898_d_img_d18_x10880_y68480.png,0.2589,89.82,181.6,149.7,271.96
ch2_ohr_ncp_20251009T1006356898_d_img_d18_x10880_y72320.png,0.2008,248.9,0.36,293.89,58.62
ch2_ohr_ncp_20251009T1006356898_d_img_d18_x10880_y73600.png,0.207,45.01,349.1,98.36,430.78
ch2_ohr_ncp_20251009T1006356898_d_img_d18_x10880_y81920.png,0.2405,129.83,185.58,173.32,272.92
ch2_ohr_ncp_20251009T1006356898_d_img_d18_x10880_y85120.png,0.249,0.0,37.73,33.14,132.81
ch2_ohr_ncp_20251009T1006356898_d_img_d18_x10880_y87040.png,0.2101,194.62,88.12,214.37,130.97
ch2_ohr_ncp_20251009T1006356898_d_img_d18_x10880_y92800.png,0.2271,439.42,304.44,466.87,365.8
ch2_ohr_ncp_20251009T1006356898_d_img_d18_x10880_y96640.png,0.2397,571.79,9.52,607.99,70.01
ch2_ohr_ncp_20251009T1006356898_d_img_d18_x11520_y43520.png,0.2485,257.15,76.3,296.93,128.4
ch2_ohr_ncp_20251009T1006356898_d_img_d18_x11520_y43520.png,0.2292,148.94,582.02,190.98,639.3
ch2_ohr_ncp_20251009T1006356898_d_img_d18_x11520_y44160.png,0.3419,254.88,523.29,297.8,609.34
ch2_ohr_ncp_20251009T1006356898_d_img_d18_x11520_y44800.png,0.2657,302.43,31.58,349.45,151.19
ch2_ohr_ncp_20251009T1006356898_d_img_d18_x11520_y46720.png,0.2932,23.85,326.36,75.62,414.51
ch2_ohr_ncp_20251009T1006356898_d_img_d18_x11520_y54400.png,0.2671,396.86,201.23,415.28,234.14
ch2_ohr_ncp_20251009T1006356898_d_img_d18_x11520_y57600.png,0.2032,168.34,539.56,204.69,602.18
ch2_ohr_ncp_20251009T1006356898_d_img_d18_x11520_y58240.png,0.4863,147.14,223.85,175.39,277.01
ch2_ohr_ncp_20251009T1006356898_d_img_d18_x11520_y60800.png,0.2086,290.83,0.01,319.52,13.53
ch2_ohr_ncp_20251009T1006356898_d_img_d18_x11520_y63360.png,0.2042,77.76,1.38,84.64,9.53
ch2_ohr_ncp_20251009T1006356898_d_img_d18_x11520_y66560.png,0.2061,474.91,625.51,481.89,637.27
ch2_ohr_ncp_20251009T1006356898_d_img_d18_x11520_y67840.png,0.2421,65.25,559.94,110.69,618.24
ch2_ohr_ncp_20251009T1006356898_d_img_d18_x11520_y72320.png,0.218,225.13,576.14,269.59,640.0
ch2_ohr_ncp_20251009T1006356898_d_img_d18_x11520_y75520.png,0.2016,459.02,0.15,467.61,12.72
ch2_ohr_ncp_20251009T1006356898_d_img_d18_x11520_y76800.png,0.207,373.17,576.94,431.14,640.0
ch2_ohr_ncp_20251009T1006356898_d_img_d18_x11520_y79360.png,0.2336,468.87,562.4,476.11,574.02
ch2_ohr_ncp_20251009T1006356898_d_img_d18_x11520_y84480.png,0.2766,192.66,91.85,226.79,154.13
ch2_ohr_ncp_20251009T1006356898_d_img_d18_x11520_y85120.png,0.2604,399.2,465.63,451.2,555.28
ch2_ohr_ncp_20251009T1006356898_d_img_d18_x11520_y85760.png,0.2028,102.44,569.02,145.47,640.0
ch2_ohr_ncp_20251009T1006356898_d_img_d18_x11520_y86400.png,0.3225,191.48,94.04,217.61,150.35
ch2_ohr_ncp_20251009T1006356898_d_img_d18_x11520_y89600.png,0.2882,83.43,308.85,126.7,351.4
ch2_ohr_ncp_20251009T1006356898_d_img_d18_x11520_y90240.png,0.3415,322.23,110.06,357.72,169.38
ch2_ohr_ncp_20251009T1006356898_d_img_d18_x11520_y93440.png,0.2137,300.14,537.44,358.43,639.94
ch2_ohr_ncp_20251009T1006356898_d_img_d18_x11520_y94080.png,0.2491,323.39,523.08,374.56,612.85
ch2_ohr_ncp_20251009T1006356898_d_img_d18_x11520_y96000.png,0.2689,257.67,40.84,304.45,120.31
ch2_ohr_ncp_20251009T1006356898_d_img_d18_x11520_y96640.png,0.2169,5.46,22.23,64.41,119.51
ch2_ohr_ncp_20251009T1006356898_d_img_d18_x11520_y97280.png,0.26,27.37,16.48,54.68,64.94
ch2_ohr_ncp_20251009T1006356898_d_img_d18_x11520_y97920.png,0.2547,198.9,358.44,225.16,402.11
ch2_ohr_ncp_20251009T1205142094_d_img_d18_x00000_y88320.png,0.3106,205.1,534.03,285.5,614.39
ch2_ohr_ncp_20251009T1205142094_d_img_d18_x00000_y88320.png,0.2833,292.41,531.86,300.32,541.22
ch2_ohr_ncp_20251009T1205142094_d_img_d18_x00000_y88320.png,0.2488,381.79,490.3,385.69,494.08
ch2_ohr_ncp_20251009T1205142094_d_img_d18_x00000_y88320.png,0.2479,380.42,523.44,384.59,530.4
ch2_ohr_ncp_20251009T1205142094_d_img_d18_x00000_y88320.png,0.2434,375.85,496.85,380.18,501.63
ch2_ohr_ncp_20251009T1205142094_d_img_d18_x00000_y88320.png,0.2297,124.67,0.0,142.08,21.53
ch2_ohr_ncp_20251009T1205142094_d_img_d18_x00000_y88320.png,0.2069,289.69,232.15,295.84,240.65
ch2_ohr_ncp_20251009T1205142094_d_img_d18_x00000_y88320.png,0.2026,338.82,431.98,344.21,437.54
ch2_ohr_ncp_20251009T1205142094_d_img_d18_x00640_y84480.png,0.2401,469.56,217.24,518.64,298.52
ch2_ohr_ncp_20251009T1205142094_d_img_d18_x00640_y88320.png,0.2981,133.8,438.9,187.19,506.8
ch2_ohr_ncp_20251009T1205142094_d_img_d18_x01280_y87680.png,0.2472,573.04,13.67,636.37,125.39
ch2_ohr_ncp_20251009T1205142094_d_img_d18_x01280_y88320.png,0.3306,336.49,401.43,360.11,451.05
ch2_ohr_ncp_20251009T1205142094_d_img_d18_x01920_y75520.png,0.2012,400.11,107.94,428.19,180.16
ch2_ohr_ncp_20251009T1205142094_d_img_d18_x01920_y77440.png,0.2689,176.29,26.0,205.8,100.71
ch2_ohr_ncp_20251009T1205142094_d_img_d18_x01920_y77440.png,0.2467,618.43,0.47,637.09,20.93
ch2_ohr_ncp_20251009T1205142094_d_img_d18_x01920_y77440.png,0.2354,568.85,622.87,574.98,631.0
ch2_ohr_ncp_20251009T1205142094_d_img_d18_x01920_y83200.png,0.2164,385.0,77.97,410.88,125.2
ch2_ohr_ncp_20251009T1205142094_d_img_d18_x01920_y85760.png,0.2261,388.98,17.93,406.65,42.32
ch2_ohr_ncp_20251009T1205142094_d_img_d18_x01920_y88320.png,0.2447,563.09,40.52,628.77,141.39
ch2_ohr_ncp_20251009T1205142094_d_img_d18_x02560_y79360.png,0.2221,592.68,370.81,640.0,479.02
ch2_ohr_ncp_20251009T1205142094_d_img_d18_x02560_y81280.png,0.4091,206.96,71.47,253.18,159.84
ch2_ohr_ncp_20251009T1205142094_d_img_d18_x02560_y85120.png,0.2135,129.92,0.0,152.9,40.72
ch2_ohr_ncp_20251009T1205142094_d_img_d18_x03200_y76160.png,0.4017,282.7,344.5,321.42,443.97
ch2_ohr_ncp_20251009T1205142094_d_img_d18_x03200_y76160.png,0.3283,282.69,376.41,315.68,440.38
ch2_ohr_ncp_20251009T1205142094_d_img_d18_x03200_y76160.png,0.3246,284.7,333.29,345.92,440.98
ch2_ohr_ncp_20251009T1205142094_d_img_d18_x03200_y76160.png,0.3042,395.41,524.12,409.79,547.1
ch2_ohr_ncp_20251009T1205142094_d_img_d18_x03200_y76160.png,0.3034,261.43,84.78,276.47,108.5
ch2_ohr_ncp_20251009T1205142094_d_img_d18_x03200_y76800.png,0.4911,191.66,26.49,246.87,98.87
ch2_ohr_ncp_20251009T1205142094_d_img_d18_x03200_y76800.png,0.2409,277.46,0.0,289.2,6.57
ch2_ohr_ncp_20251009T1205142094_d_img_d18_x03200_y76800.png,0.2148,324.41,481.76,336.44,501.53
ch2_ohr_ncp_20251009T1205142094_d_img_d18_x03200_y90240.png,0.3764,487.63,364.65,554.86,480.98
ch2_ohr_ncp_20251009T1205142094_d_img_d18_x03200_y90880.png,0.2804,12.9,0.49,28.66,29.16
ch2_ohr_ncp_20251009T1205142094_d_img_d18_x03840_y43520.png,0.2649,104.92,574.53,134.94,620.82
ch2_ohr_ncp_20251009T1205142094_d_img_d18_x03840_y71680.png,0.2479,301.87,437.28,325.13,475.53
ch2_ohr_ncp_20251009T1205142094_d_img_d18_x04480_y67840.png,0.262,400.89,143.04,437.21,213.37
ch2_ohr_ncp_20251009T1205142094_d_img_d18_x04480_y71680.png,0.3152,204.09,146.33,261.28,243.1
ch2_ohr_ncp_20251009T1205142094_d_img_d18_x04480_y73600.png,0.2715,484.61,162.04,503.94,208.23
ch2_ohr_ncp_20251009T1205142094_d_img_d18_x04480_y73600.png,0.2644,249.88,0.0,278.81,40.32
ch2_ohr_ncp_20251009T1205142094_d_img_d18_x04480_y88960.png,0.3363,111.82,0.0,170.52,52.86
ch2_ohr_ncp_20251009T1205142094_d_img_d18_x04480_y90880.png,0.5199,615.82,465.62,638.17,506.09
ch2_ohr_ncp_20251009T1205142094_d_img_d18_x05120_y67840.png,0.2996,257.13,189.61,297.44,255.71
ch2_ohr_ncp_20251009T1205142094_d_img_d18_x05120_y69120.png,0.2517,323.29,589.02,370.49,639.57
ch2_ohr_ncp_20251009T1205142094_d_img_d18_x05120_y69760.png,0.2672,188.2,470.99,251.02,565.43
ch2_ohr_ncp_20251009T1205142094_d_img_d18_x05120_y70400.png,0.3831,184.08,390.81,241.57,481.02
ch2_ohr_ncp_20251009T1205142094_d_img_d18_x05120_y75520.png,0.2179,14.68,239.99,66.78,321.47
ch2_ohr_ncp_20251009T1205142094_d_img_d18_x05120_y80000.png,0.2303,397.84,0.0,415.39,29.79
ch2_ohr_ncp_20251009T1205142094_d_img_d18_x05760_y67200.png,0.2246,101.5,73.1,140.25,138.1
ch2_ohr_ncp_20251009T1205142094_d_img_d18_x05760_y67200.png,0.2015,460.82,186.69,467.95,197.06
ch2_ohr_ncp_20251009T1205142094_d_img_d18_x05760_y72960.png,0.2476,204.16,5.89,251.43,87.53
ch2_ohr_ncp_20251009T1205142094_d_img_d18_x05760_y78080.png,0.2937,240.37,522.77,295.07,606.31
ch2_ohr_ncp_20251009T1205142094_d_img_d18_x05760_y80640.png,0.2172,178.51,472.81,225.34,550.72
ch2_ohr_ncp_20251009T1205142094_d_img_d18_x05760_y89600.png,0.2636,521.61,212.75,539.31,242.31
ch2_ohr_ncp_20251009T1205142094_d_img_d18_x05760_y93440.png,0.2329,587.42,0.0,639.28,69.86
ch2_ohr_ncp_20251009T1205142094_d_img_d18_x06400_y63360.png,0.2046,253.55,51.39,287.18,108.93
ch2_ohr_ncp_20251009T1205142094_d_img_d18_x06400_y64000.png,0.3869,618.66,549.68,639.72,599.58
ch2_ohr_ncp_20251009T1205142094_d_img_d18_x06400_y64640.png,0.2507,23.07,492.52,79.16,592.66
ch2_ohr_ncp_20251009T1205142094_d_img_d18_x06400_y67200.png,0.211,162.47,0.0,181.67,31.58
ch2_ohr_ncp_20251009T1205142094_d_img_d18_x06400_y71040.png,0.2258,0.5,412.54,24.88,461.17
ch2_ohr_ncp_20251009T1205142094_d_img_d18_x06400_y73600.png,0.4342,70.32,576.99,100.95,632.51
ch2_ohr_ncp_20251009T1205142094_d_img_d18_x06400_y76160.png,0.2293,337.02,250.52,385.74,337.41
ch2_ohr_ncp_20251009T1205142094_d_img_d18_x06400_y88320.png,0.2233,556.19,555.37,613.07,632.52
ch2_ohr_ncp_20251009T1205142094_d_img_d18_x06400_y88320.png,0.2022,56.02,518.14,102.28,599.45
ch2_ohr_ncp_20251009T1205142094_d_img_d18_x06400_y90240.png,0.315,502.65,1.64,533.97,47.5
ch2_ohr_ncp_20251009T1205142094_d_img_d18_x06400_y93440.png,0.2122,87.61,518.18,116.47,565.51
ch2_ohr_ncp_20251009T1205142094_d_img_d18_x06400_y94080.png,0.2096,342.76,632.35,349.51,638.38
ch2_ohr_ncp_20251009T1205142094_d_img_d18_x07040_y65920.png,0.3654,224.72,21.99,266.7,106.56
ch2_ohr_ncp_20251009T1205142094_d_img_d18_x07040_y67200.png,0.2091,282.04,461.1,320.82,524.09
ch2_ohr_ncp_20251009T1205142094_d_img_d18_x07040_y72320.png,0.2089,442.96,561.47,464.5,601.51
ch2_ohr_ncp_20251009T1205142094_d_img_d18_x07040_y85120.png,0.3311,250.26,0.0,267.1,25.49
ch2_ohr_ncp_20251009T1205142094_d_img_d18_x07040_y86400.png,0.2242,575.06,16.01,627.31,97.95
ch2_ohr_ncp_20251009T1205142094_d_img_d18_x07040_y86400.png,0.2229,406.63,539.3,443.97,602.59
ch2_ohr_ncp_20251009T1205142094_d_img_d18_x07040_y87680.png,0.2176,451.66,397.07,513.08,493.75
ch2_ohr_ncp_20251009T1205142094_d_img_d18_x07040_y87680.png,0.2001,448.88,366.72,518.21,486.37
ch2_ohr_ncp_20251009T1205142094_d_img_d18_x07040_y94720.png,0.2159,176.17,0.0,204.28,45.53
ch2_ohr_ncp_20251009T1205142094_d_img_d18_x07040_y95360.png,0.2351,348.94,426.53,356.22,434.94
ch2_ohr_ncp_20251009T1205142094_d_img_d18_x07040_y95360.png,0.2243,138.25,0.55,209.9,67.72
ch2_ohr_ncp_20251009T1205142094_d_img_d18_x07040_y95360.png,0.2049,276.18,401.47,283.59,412.07
ch2_ohr_ncp_20251009T1205142094_d_img_d18_x07680_y63360.png,0.2698,164.52,396.04,192.31,441.16
ch2_ohr_ncp_20251009T1205142094_d_img_d18_x07680_y64000.png,0.2304,175.45,83.86,218.35,158.33
ch2_ohr_ncp_20251009T1205142094_d_img_d18_x07680_y64000.png,0.2227,0.0,439.32,26.11,524.33
ch2_ohr_ncp_20251009T1205142094_d_img_d18_x07680_y65920.png,0.2666,74.62,63.69,144.79,178.27
ch2_ohr_ncp_20251009T1205142094_d_img_d18_x07680_y69120.png,0.2195,1.42,406.77,62.55,486.91
ch2_ohr_ncp_20251009T1205142094_d_img_d18_x07680_y79360.png,0.2021,585.73,398.76,640.0,494.4
ch2_ohr_ncp_20251009T1205142094_d_img_d18_x07680_y81280.png,0.2034,80.52,298.91,106.2,349.36
ch2_ohr_ncp_20251009T1205142094_d_img_d18_x07680_y90880.png,0.2289,629.62,523.3,639.85,551.52
ch2_ohr_ncp_20251009T1205142094_d_img_d18_x07680_y92800.png,0.2469,185.42,549.75,227.73,640.0
ch2_ohr_ncp_20251009T1205142094_d_img_d18_x07680_y92800.png,0.2104,186.28,530.99,247.66,640.0
ch2_ohr_ncp_20251009T1205142094_d_img_d18_x07680_y94720.png,0.2601,85.06,45.01,154.54,147.26
ch2_ohr_ncp_20251009T1205142094_d_img_d18_x07680_y95360.png,0.3288,90.82,368.76,135.13,434.17
ch2_ohr_ncp_20251009T1205142094_d_img_d18_x08320_y39040.png,0.2665,41.74,447.28,69.12,495.71
ch2_ohr_ncp_20251009T1205142094_d_img_d18_x08320_y39680.png,0.2987,106.71,501.85,171.91,609.72
ch2_ohr_ncp_20251009T1205142094_d_img_d18_x08320_y39680.png,0.2155,59.24,154.5,76.14,194.32
ch2_ohr_ncp_20251009T1205142094_d_img_d18_x08320_y64000.png,0.2915,249.85,364.41,296.06,437.35
ch2_ohr_ncp_20251009T1205142094_d_img_d18_x08320_y70400.png,0.3314,224.3,374.3,281.07,463.12
ch2_ohr_ncp_20251009T1205142094_d_img_d18_x08320_y73600.png,0.2702,303.72,481.77,379.38,613.34
ch2_ohr_ncp_20251009T1205142094_d_img_d18_x08320_y73600.png,0.2584,303.18,519.8,367.63,609.14
ch2_ohr_ncp_20251009T1205142094_d_img_d18_x08320_y75520.png,0.4771,0.0,558.23,34.92,631.35
ch2_ohr_ncp_20251009T1205142094_d_img_d18_x08320_y78080.png,0.2947,580.18,0.0,638.5,83.91
ch2_ohr_ncp_20251009T1205142094_d_img_d18_x08320_y83840.png,0.2748,416.59,443.75,463.23,521.23
ch2_ohr_ncp_20251009T1205142094_d_img_d18_x08320_y87680.png,0.2254,31.51,0.96,75.18,77.19
ch2_ohr_ncp_20251009T1205142094_d_img_d18_x08320_y89600.png,0.3313,623.05,243.52,640.0,288.23
ch2_ohr_ncp_20251009T1205142094_d_img_d18_x08320_y89600.png,0.31,530.76,593.99,552.35,632.38
ch2_ohr_ncp_20251009T1205142094_d_img_d18_x08320_y89600.png,0.2187,479.71,518.24,486.49,524.71
ch2_ohr_ncp_20251009T1205142094_d_img_d18_x08320_y96640.png,0.272,153.99,522.22,217.53,640.0
ch2_ohr_ncp_20251009T1205142094_d_img_d18_x08320_y96640.png,0.2718,302.9,212.98,371.88,321.96
ch2_ohr_ncp_20251009T1205142094_d_img_d18_x08320_y96640.png,0.2359,401.28,347.16,450.22,416.63
ch2_ohr_ncp_20251009T1205142094_d_img_d18_x08960_y39680.png,0.2374,39.55,547.99,109.23,622.69
ch2_ohr_ncp_20251009T1205142094_d_img_d18_x08960_y51840.png,0.2892,376.2,429.89,406.9,489.23
ch2_ohr_ncp_20251009T1205142094_d_img_d18_x08960_y51840.png,0.2445,241.14,127.83,261.27,178.21
ch2_ohr_ncp_20251009T1205142094_d_img_d18_x08960_y51840.png,0.2126,265.17,0.92,294.1,51.96
ch2_ohr_ncp_20251009T1205142094_d_img_d18_x08960_y57600.png,0.2669,367.1,96.69,418.09,190.15
ch2_ohr_ncp_20251009T1205142094_d_img_d18_x08960_y58240.png,0.3318,617.62,81.8,639.22,125.81
ch2_ohr_ncp_20251009T1205142094_d_img_d18_x08960_y60800.png,0.2006,140.56,608.13,157.21,635.88
ch2_ohr_ncp_20251009T1205142094_d_img_d18_x08960_y61440.png,0.299,2.18,395.55,41.52,475.36
ch2_ohr_ncp_20251009T1205142094_d_img_d18_x08960_y61440.png,0.2655,0.93,397.33,32.13,471.72
ch2_ohr_ncp_20251009T1205142094_d_img_d18_x08960_y67840.png,0.3793,332.97,0.0,378.92,52.7
ch2_ohr_ncp_20251009T1205142094_d_img_d18_x08960_y76160.png,0.2158,295.61,452.89,391.3,578.99
ch2_ohr_ncp_20251009T1205142094_d_img_d18_x08960_y77440.png,0.3197,368.14,458.89,444.22,576.18
ch2_ohr_ncp_20251009T1205142094_d_img_d18_x08960_y77440.png,0.3115,177.93,0.0,199.97,41.15
ch2_ohr_ncp_20251009T1205142094_d_img_d18_x08960_y77440.png,0.2341,88.7,59.74,119.7,128.65
ch2_ohr_ncp_20251009T1205142094_d_img_d18_x08960_y78720.png,0.2582,281.86,220.51,328.97,305.47
ch2_ohr_ncp_20251009T1205142094_d_img_d18_x08960_y80640.png,0.3223,1.44,585.1,56.48,639.37
ch2_ohr_ncp_20251009T1205142094_d_img_d18_x08960_y94720.png,0.2452,537.37,564.45,628.07,640.0
ch2_ohr_ncp_20251009T1205142094_d_img_d18_x09600_y50560.png,0.2193,406.74,410.07,441.53,478.57
ch2_ohr_ncp_20251009T1205142094_d_img_d18_x09600_y56320.png,0.2365,413.79,182.59,419.98,188.45
ch2_ohr_ncp_20251009T1205142094_d_img_d18_x09600_y56320.png,0.2304,279.13,104.16,328.29,209.78
ch2_ohr_ncp_20251009T1205142094_d_img_d18_x09600_y56320.png,0.2096,277.05,116.55,318.2,208.12
ch2_ohr_ncp_20251009T1205142094_d_img_d18_x09600_y57600.png,0.2453,177.26,235.21,223.79,326.62
ch2_ohr_ncp_20251009T1205142094_d_img_d18_x09600_y60800.png,0.232,74.6,544.23,129.5,640.0
ch2_ohr_ncp_20251009T1205142094_d_img_d18_x09600_y61440.png,0.2023,550.03,92.59,610.62,204.91
ch2_ohr_ncp_20251009T1205142094_d_img_d18_x09600_y64640.png,0.238,343.64,300.63,376.99,365.91
ch2_ohr_ncp_20251009T1205142094_d_img_d18_x09600_y66560.png,0.2127,103.33,367.9,143.48,437.22
ch2_ohr_ncp_20251009T1205142094_d_img_d18_x09600_y67840.png,0.2869,323.95,371.13,355.4,422.26
ch2_ohr_ncp_20251009T1205142094_d_img_d18_x09600_y75520.png,0.2038,627.25,598.39,640.0,632.67
ch2_ohr_ncp_20251009T1205142094_d_img_d18_x09600_y76800.png,0.23,575.8,469.8,639.19,574.09
ch2_ohr_ncp_20251009T1205142094_d_img_d18_x09600_y87680.png,0.2368,322.56,531.99,360.22,605.51
ch2_ohr_ncp_20251009T1205142094_d_img_d18_x09600_y89600.png,0.2595,480.18,158.88,536.69,243.96
ch2_ohr_ncp_20251009T1205142094_d_img_d18_x09600_y89600.png,0.2111,485.84,184.68,522.04,240.73
ch2_ohr_ncp_20251009T1205142094_d_img_d18_x09600_y90240.png,0.261,587.26,0.0,602.59,16.62
ch2_ohr_ncp_20251009T1205142094_d_img_d18_x09600_y96000.png,0.2439,318.77,629.65,331.61,639.8
ch2_ohr_ncp_20251009T1205142094_d_img_d18_x09600_y98560.png,0.2978,97.25,374.1,143.48,461.51
ch2_ohr_ncp_20251009T1205142094_d_img_d18_x10240_y100480.png,0.3463,567.21,439.22,628.64,532.74
ch2_ohr_ncp_20251009T1205142094_d_img_d18_x10240_y100480.png,0.2443,192.97,61.81,237.77,138.54
ch2_ohr_ncp_20251009T1205142094_d_img_d18_x10240_y100480.png,0.2382,624.5,454.61,639.47,483.22
ch2_ohr_ncp_20251009T1205142094_d_img_d18_x10240_y100480.png,0.2054,397.51,67.37,402.7,73.13
ch2_ohr_ncp_20251009T1205142094_d_img_d18_x10240_y48000.png,0.3048,142.01,589.43,188.05,638.63
ch2_ohr_ncp_20251009T1205142094_d_img_d18_x10240_y48640.png,0.3408,481.49,330.8,527.85,370.66
ch2_ohr_ncp_20251009T1205142094_d_img_d18_x10240_y48640.png,0.2179,610.3,205.6,636.21,251.97
ch2_ohr_ncp_20251009T1205142094_d_img_d18_x10240_y54400.png,0.2568,562.09,413.14,602.37,487.91
ch2_ohr_ncp_20251009T1205142094_d_img_d18_x10240_y67200.png,0.2478,394.4,0.0,430.6,49.75
ch2_ohr_ncp_20251009T1205142094_d_img_d18_x10240_y71040.png,0.2103,91.42,331.47,155.3,437.56
ch2_ohr_ncp_20251009T1205142094_d_img_d18_x10240_y76160.png,0.2721,19.17,613.98,35.86,637.48
ch2_ohr_ncp_20251009T1205142094_d_img_d18_x10240_y78080.png,0.2492,0.72,0.0,70.74,76.51
ch2_ohr_ncp_20251009T1205142094_d_img_d18_x10240_y84480.png,0.2266,111.36,440.52,162.16,515.74
ch2_ohr_ncp_20251009T1205142094_d_img_d18_x10880_y100480.png,0.2793,150.1,493.02,189.35,561.63
ch2_ohr_ncp_20251009T1205142094_d_img_d18_x10880_y40320.png,0.2111,523.46,503.2,527.66,509.1
ch2_ohr_ncp_20251009T1205142094_d_img_d18_x10880_y40320.png,0.2047,561.79,118.17,582.51,158.77
ch2_ohr_ncp_20251009T1205142094_d_img_d18_x10880_y53120.png,0.2679,128.15,409.31,179.57,506.95
ch2_ohr_ncp_20251009T1205142094_d_img_d18_x10880_y53120.png,0.2116,172.46,562.64,211.88,625.47
ch2_ohr_ncp_20251009T1205142094_d_img_d18_x10880_y61440.png,0.2957,194.87,0.0,264.51,61.27
ch2_ohr_ncp_20251009T1205142094_d_img_d18_x10880_y61440.png,0.2521,589.55,524.42,595.75,532.75
ch2_ohr_ncp_20251009T1205142094_d_img_d18_x10880_y61440.png,0.2519,420.14,444.44,435.29,472.15
ch2_ohr_ncp_20251009T1205142094_d_img_d18_x10880_y61440.png,0.2421,578.15,403.1,584.71,411.39
ch2_ohr_ncp_20251009T1205142094_d_img_d18_x10880_y61440.png,0.2226,353.88,135.06,378.16,170.97
ch2_ohr_ncp_20251009T1205142094_d_img_d18_x10880_y62720.png,0.2091,92.09,0.0,98.11,4.14
ch2_ohr_ncp_20251009T1205142094_d_img_d18_x10880_y69760.png,0.243,298.86,20.48,316.67,54.04
ch2_ohr_ncp_20251009T1205142094_d_img_d18_x10880_y71040.png,0.2449,66.82,394.84,104.41,463.03
ch2_ohr_ncp_20251009T1205142094_d_img_d18_x10880_y78080.png,0.2914,175.12,33.38,230.91,126.88
ch2_ohr_ncp_20251009T1205142094_d_img_d18_x10880_y80000.png,0.3308,367.32,565.93,424.31,640.0
ch2_ohr_ncp_20251009T1205142094_d_img_d18_x10880_y97280.png,0.3868,474.8,489.27,536.92,588.08
ch2_ohr_ncp_20251009T1205142094_d_img_d18_x10880_y97280.png,0.2842,398.96,510.52,426.88,565.46
ch2_ohr_ncp_20251009T1205142094_d_img_d18_x10880_y97280.png,0.2473,399.4,508.37,442.58,570.72
ch2_ohr_ncp_20251009T1205142094_d_img_d18_x10880_y97920.png,0.2396,541.37,27.86,571.5,87.32
ch2_ohr_ncp_20251009T1205142094_d_img_d18_x10880_y99840.png,0.217,243.91,369.84,280.26,437.55
ch2_ohr_ncp_20251009T1205142094_d_img_d18_x11520_y42880.png,0.2023,312.61,395.88,347.72,460.38
ch2_ohr_ncp_20251009T1205142094_d_img_d18_x11520_y44800.png,0.2019,115.42,220.65,160.6,273.21
ch2_ohr_ncp_20251009T1205142094_d_img_d18_x11520_y46080.png,0.3148,136.76,134.9,176.41,238.85
ch2_ohr_ncp_20251009T1205142094_d_img_d18_x11520_y46080.png,0.3087,138.5,129.9,192.4,238.84
ch2_ohr_ncp_20251009T1205142094_d_img_d18_x11520_y46080.png,0.2006,98.35,1.07,128.18,44.25
ch2_ohr_ncp_20251009T1205142094_d_img_d18_x11520_y47360.png,0.3947,327.15,104.17,368.07,173.73
ch2_ohr_ncp_20251009T1205142094_d_img_d18_x11520_y48000.png,0.2605,167.75,0.0,189.9,35.03
ch2_ohr_ncp_20251009T1205142094_d_img_d18_x11520_y48000.png,0.214,384.52,379.33,458.72,489.02
ch2_ohr_ncp_20251009T1205142094_d_img_d18_x11520_y58240.png,0.2832,458.4,109.99,480.97,158.52
ch2_ohr_ncp_20251009T1205142094_d_img_d18_x11520_y64000.png,0.3284,466.88,287.67,475.74,303.16
ch2_ohr_ncp_20251009T1205142094_d_img_d18_x11520_y67840.png,0.3297,177.52,106.66,192.46,139.68
ch2_ohr_ncp_20251009T1205142094_d_img_d18_x11520_y69120.png,0.2226,63.93,238.74,105.5,303.62
ch2_ohr_ncp_20251009T1205142094_d_img_d18_x11520_y72960.png,0.2962,412.34,86.7,441.5,134.56
ch2_ohr_ncp_20251009T1205142094_d_img_d18_x11520_y74240.png,0.3264,383.38,536.27,411.39,595.94
ch2_ohr_ncp_20251009T1205142094_d_img_d18_x11520_y74880.png,0.3239,387.62,353.84,420.44,408.36
ch2_ohr_ncp_20251009T1205142094_d_img_d18_x11520_y74880.png,0.2151,461.8,454.66,477.2,480.16
ch2_ohr_ncp_20251009T1205142094_d_img_d18_x11520_y80000.png,0.236,294.72,10.91,328.22,65.29
ch2_ohr_ncp_20251009T1205142094_d_img_d18_x11520_y81920.png,0.2674,342.13,0.0,408.5,84.81
ch2_ohr_ncp_20251009T1205142094_d_img_d18_x11520_y85760.png,0.241,120.67,504.74,176.14,599.79
ch2_ohr_ncp_20251009T1205142094_d_img_d18_x11520_y93440.png,0.2479,466.09,612.51,480.43,638.92
ch2_ohr_ncp_20251009T1205142094_d_img_d18_x11520_y97920.png,0.2088,287.09,334.36,332.6,430.39
ch2_ohr_ncp_20251010T1140338327_d_img_d18_x00000_y91520.png,0.312,156.68,46.06,195.25,139.62
ch2_ohr_ncp_20251010T1140338327_d_img_d18_x00000_y92160.png,0.2605,421.08,237.4,426.03,241.78
ch2_ohr_ncp_20251010T1140338327_d_img_d18_x00000_y92160.png,0.2217,358.16,118.35,363.2,124.68
ch2_ohr_ncp_20251010T1140338327_d_img_d18_x00000_y92160.png,0.2201,421.63,237.22,426.66,242.34
ch2_ohr_ncp_20251010T1140338327_d_img_d18_x00640_y83840.png,0.3298,421.32,570.05,463.79,639.98
ch2_ohr_ncp_20251010T1140338327_d_img_d18_x00640_y84480.png,0.2615,423.5,0.57,482.0,58.06
ch2_ohr_ncp_20251010T1140338327_d_img_d18_x00640_y88960.png,0.2933,325.38,38.55,390.16,169.88
ch2_ohr_ncp_20251010T1140338327_d_img_d18_x00640_y88960.png,0.2,332.75,106.18,388.68,209.31
ch2_ohr_ncp_20251010T1140338327_d_img_d18_x00640_y92160.png,0.2352,312.07,357.39,374.95,445.05
ch2_ohr_ncp_20251010T1140338327_d_img_d18_x00640_y92800.png,0.3646,112.74,0.0,166.8,61.08
ch2_ohr_ncp_20251010T1140338327_d_img_d18_x01280_y84480.png,0.2329,64.17,209.85,85.76,252.47
ch2_ohr_ncp_20251010T1140338327_d_img_d18_x01280_y88320.png,0.2181,526.73,196.6,578.17,267.96
ch2_ohr_ncp_20251010T1140338327_d_img_d18_x01280_y88960.png,0.2389,614.51,68.64,639.58,125.69
ch2_ohr_ncp_20251010T1140338327_d_img_d18_x01280_y88960.png,0.2115,3.9,348.29,47.5,398.53
ch2_ohr_ncp_20251010T1140338327_d_img_d18_x01280_y94720.png,0.3729,241.09,8.7,289.51,77.72
ch2_ohr_ncp_20251010T1140338327_d_img_d18_x01280_y94720.png,0.2258,340.55,562.37,346.15,569.24
ch2_ohr_ncp_20251010T1140338327_d_img_d18_x01280_y94720.png,0.2173,477.36,245.5,483.48,251.48
ch2_ohr_ncp_20251010T1140338327_d_img_d18_x01920_y65920.png,0.2061,316.39,546.6,377.48,640.0
ch2_ohr_ncp_20251010T1140338327_d_img_d18_x01920_y67200.png,0.2823,53.42,235.79,86.54,299.55
ch2_ohr_ncp_20251010T1140338327_d_img_d18_x01920_y67200.png,0.2812,177.82,0.18,195.66,23.73
ch2_ohr_ncp_20251010T1140338327_d_img_d18_x01920_y67200.png,0.2801,38.02,178.46,55.07,224.21
ch2_ohr_ncp_20251010T1140338327_d_img_d18_x01920_y71040.png,0.2387,1.52,92.14,55.93,177.89
ch2_ohr_ncp_20251010T1140338327_d_img_d18_x01920_y71680.png,0.2903,76.56,23.81,127.58,106.2
ch2_ohr_ncp_20251010T1140338327_d_img_d18_x01920_y74240.png,0.2013,248.82,340.51,298.6,428.59
ch2_ohr_ncp_20251010T1140338327_d_img_d18_x01920_y83200.png,0.2031,556.86,508.35,604.51,591.49
ch2_ohr_ncp_20251010T1140338327_d_img_d18_x01920_y92160.png,0.2247,61.08,500.35,72.04,513.03
ch2_ohr_ncp_20251010T1140338327_d_img_d18_x01920_y96640.png,0.3027,197.51,402.49,258.25,499.82
ch2_ohr_ncp_20251010T1140338327_d_img_d18_x01920_y96640.png,0.2657,185.99,386.39,263.99,501.0
ch2_ohr_ncp_20251010T1140338327_d_img_d18_x01920_y97280.png,0.395,278.62,64.34,308.51,127.75
ch2_ohr_ncp_20251010T1140338327_d_img_d18_x01920_y97280.png,0.2063,577.24,455.39,608.03,525.1
ch2_ohr_ncp_20251010T1140338327_d_img_d18_x03200_y66560.png,0.3896,32.7,506.73,80.56,575.0
ch2_ohr_ncp_20251010T1140338327_d_img_d18_x03200_y66560.png,0.3481,36.94,495.17,91.33,574.16
ch2_ohr_ncp_20251010T1140338327_d_img_d18_x03200_y71680.png,0.2726,226.98,306.77,291.23,409.97
ch2_ohr_ncp_20251010T1140338327_d_img_d18_x03200_y72320.png,0.2495,107.63,348.49,155.76,439.28
ch2_ohr_ncp_20251010T1140338327_d_img_d18_x03200_y72320.png,0.2229,105.72,361.05,142.45,439.57
ch2_ohr_ncp_20251010T1140338327_d_img_d18_x03200_y78080.png,0.2579,621.74,340.37,639.81,377.77
ch2_ohr_ncp_20251010T1140338327_d_img_d18_x03200_y93440.png,0.2278,97.36,553.6,151.24,640.0
ch2_ohr_ncp_20251010T1140338327_d_img_d18_x03200_y93440.png,0.2022,355.59,167.82,361.85,176.43
ch2_ohr_ncp_20251010T1140338327_d_img_d18_x03840_y64640.png,0.2023,189.12,1.1,241.28,116.15
ch2_ohr_ncp_20251010T1140338327_d_img_d18_x03840_y76160.png,0.246,142.66,20.96,203.75,116.56
ch2_ohr_ncp_20251010T1140338327_d_img_d18_x03840_y76160.png,0.2158,472.76,535.54,543.19,603.1
ch2_ohr_ncp_20251010T1140338327_d_img_d18_x03840_y77440.png,0.2832,392.5,123.39,441.07,211.25
ch2_ohr_ncp_20251010T1140338327_d_img_d18_x03840_y77440.png,0.2114,462.76,277.36,529.49,379.85
ch2_ohr_ncp_20251010T1140338327_d_img_d18_x03840_y93440.png,0.2056,520.06,95.11,551.71,157.48
ch2_ohr_ncp_20251010T1140338327_d_img_d18_x03840_y94080.png,0.243,564.54,444.71,617.52,563.15
ch2_ohr_ncp_20251010T1140338327_d_img_d18_x04480_y100480.png,0.2316,421.77,327.53,437.39,355.46
ch2_ohr_ncp_20251010T1140338327_d_img_d18_x04480_y74240.png,0.2083,437.04,488.79,477.23,571.71
ch2_ohr_ncp_20251010T1140338327_d_img_d18_x04480_y90880.png,0.2427,123.15,0.47,153.12,61.15
ch2_ohr_ncp_20251010T1140338327_d_img_d18_x05120_y63360.png,0.23,34.54,549.22,75.97,623.91
ch2_ohr_ncp_20251010T1140338327_d_img_d18_x05120_y65920.png,0.2081,423.24,447.46,462.5,512.05
ch2_ohr_ncp_20251010T1140338327_d_img_d18_x05120_y66560.png,0.2559,0.0,9.61,27.24,67.65
ch2_ohr_ncp_20251010T1140338327_d_img_d18_x05120_y67200.png,0.3665,502.67,1.39,528.24,44.45
ch2_ohr_ncp_20251010T1140338327_d_img_d18_x05120_y70400.png,0.2681,383.27,504.15,455.64,623.72
ch2_ohr_ncp_20251010T1140338327_d_img_d18_x05120_y74240.png,0.2216,221.58,419.53,290.04,532.4
ch2_ohr_ncp_20251010T1140338327_d_img_d18_x05120_y98560.png,0.3413,411.03,0.0,443.3,66.51
ch2_ohr_ncp_20251010T1140338327_d_img_d18_x05760_y60800.png,0.218,179.29,0.0,201.93,27.4
ch2_ohr_ncp_20251010T1140338327_d_img_d18_x05760_y62720.png,0.2637,295.73,188.71,334.45,270.14
ch2_ohr_ncp_20251010T1140338327_d_img_d18_x05760_y66560.png,0.2158,347.05,136.99,387.07,214.01
ch2_ohr_ncp_20251010T1140338327_d_img_d18_x05760_y67200.png,0.2556,398.55,553.48,445.82,639.99
ch2_ohr_ncp_20251010T1140338327_d_img_d18_x05760_y71680.png,0.3114,148.81,79.99,180.33,132.03
ch2_ohr_ncp_20251010T1140338327_d_img_d18_x05760_y74240.png,0.2073,484.47,21.71,553.54,114.69
ch2_ohr_ncp_20251010T1140338327_d_img_d18_x05760_y80000.png,0.2014,12.94,264.04,67.86,369.33
ch2_ohr_ncp_20251010T1140338327_d_img_d18_x05760_y87040.png,0.221,214.11,154.28,247.57,224.53
ch2_ohr_ncp_20251010T1140338327_d_img_d18_x05760_y91520.png,0.2552,12.17,333.07,43.14,401.97
ch2_ohr_ncp_20251010T1140338327_d_img_d18_x06400_y37120.png,0.4138,160.74,2.11,176.39,39.61
ch2_ohr_ncp_20251010T1140338327_d_img_d18_x06400_y37120.png,0.2023,185.94,85.67,206.89,123.37
ch2_ohr_ncp_20251010T1140338327_d_img_d18_x06400_y41600.png,0.3256,258.66,521.93,298.26,605.69
ch2_ohr_ncp_20251010T1140338327_d_img_d18_x06400_y60800.png,0.2156,592.49,488.28,638.12,570.99
ch2_ohr_ncp_20251010T1140338327_d_img_d18_x06400_y62080.png,0.2216,77.61,0.0,146.62,90.3
ch2_ohr_ncp_20251010T1140338327_d_img_d18_x06400_y62720.png,0.3154,88.92,335.74,158.49,452.46
ch2_ohr_ncp_20251010T1140338327_d_img_d18_x06400_y62720.png,0.2054,89.14,362.87,132.06,447.31
ch2_ohr_ncp_20251010T1140338327_d_img_d18_x06400_y76800.png,0.2138,276.16,591.18,310.69,637.74
ch2_ohr_ncp_20251010T1140338327_d_img_d18_x06400_y78720.png,0.3046,406.35,297.52,456.86,389.44
ch2_ohr_ncp_20251010T1140338327_d_img_d18_x06400_y86400.png,0.2575,481.77,182.41,535.04,292.16
ch2_ohr_ncp_20251010T1140338327_d_img_d18_x06400_y92800.png,0.221,225.7,473.97,276.88,568.39
ch2_ohr_ncp_20251010T1140338327_d_img_d18_x07040_y40320.png,0.2262,131.14,510.11,145.09,545.97
ch2_ohr_ncp_20251010T1140338327_d_img_d18_x07040_y61440.png,0.2201,247.66,77.81,286.68,139.39
ch2_ohr_ncp_20251010T1140338327_d_img_d18_x07040_y61440.png,0.2108,11.99,0.0,42.06,50.52
ch2_ohr_ncp_20251010T1140338327_d_img_d18_x07040_y64000.png,0.2282,555.4,540.85,601.12,611.57
ch2_ohr_ncp_20251010T1140338327_d_img_d18_x07040_y64640.png,0.343,427.17,494.42,461.33,554.82
ch2_ohr_ncp_20251010T1140338327_d_img_d18_x07040_y65280.png,0.2541,25.42,528.77,64.62,610.35
ch2_ohr_ncp_20251010T1140338327_d_img_d18_x07040_y66560.png,0.2378,480.97,196.44,552.37,288.99
ch2_ohr_ncp_20251010T1140338327_d_img_d18_x07040_y68480.png,0.2304,581.1,118.18,630.33,218.98
ch2_ohr_ncp_20251010T1140338327_d_img_d18_x07040_y77440.png,0.2484,592.79,284.82,634.74,343.38
ch2_ohr_ncp_20251010T1140338327_d_img_d18_x07040_y77440.png,0.2067,593.41,287.31,621.61,339.9
ch2_ohr_ncp_20251010T1140338327_d_img_d18_x07040_y83840.png,0.2091,137.57,63.02,162.54,119.32
ch2_ohr_ncp_20251010T1140338327_d_img_d18_x07040_y92800.png,0.23,448.37,0.0,474.96,50.17
ch2_ohr_ncp_20251010T1140338327_d_img_d18_x07680_y40320.png,0.297,242.8,15.13,291.5,126.69
ch2_ohr_ncp_20251010T1140338327_d_img_d18_x07680_y40320.png,0.2029,246.88,3.31,307.53,123.93
ch2_ohr_ncp_20251010T1140338327_d_img_d18_x07680_y44800.png,0.2384,265.89,497.66,287.94,541.36
ch2_ohr_ncp_20251010T1140338327_d_img_d18_x07680_y67200.png,0.2347,18.52,420.04,76.12,522.65
ch2_ohr_ncp_20251010T1140338327_d_img_d18_x07680_y68480.png,0.3188,489.46,429.04,524.66,501.32
ch2_ohr_ncp_20251010T1140338327_d_img_d18_x07680_y74880.png,0.3484,455.42,589.81,502.26,638.98
ch2_ohr_ncp_20251010T1140338327_d_img_d18_x07680_y88320.png,0.241,81.59,46.81,114.33,110.71
ch2_ohr_ncp_20251010T1140338327_d_img_d18_x08320_y40320.png,0.2184,205.5,83.97,215.34,96.44
ch2_ohr_ncp_20251010T1140338327_d_img_d18_x08320_y42240.png,0.2224,162.86,147.19,168.1,155.65
ch2_ohr_ncp_20251010T1140338327_d_img_d18_x08320_y58880.png,0.2216,160.61,537.35,195.09,605.85
ch2_ohr_ncp_20251010T1140338327_d_img_d18_x08320_y70400.png,0.2013,391.12,257.53,418.15,304.35
ch2_ohr_ncp_20251010T1140338327_d_img_d18_x08320_y71680.png,0.3005,422.83,411.81,456.83,479.72
ch2_ohr_ncp_20251010T1140338327_d_img_d18_x08320_y88320.png,0.3288,144.87,127.33,165.65,179.83
ch2_ohr_ncp_20251010T1140338327_d_img_d18_x08320_y89600.png,0.2063,118.89,563.65,160.96,640.0
ch2_ohr_ncp_20251010T1140338327_d_img_d18_x08320_y97280.png,0.2158,28.52,224.03,48.26,266.66
ch2_ohr_ncp_20251010T1140338327_d_img_d18_x08960_y88960.png,0.3614,611.68,590.51,631.32,636.78
ch2_ohr_ncp_20251010T1140338327_d_img_d18_x09600_y54400.png,0.3601,146.74,567.34,166.55,616.54
ch2_ohr_ncp_20251010T1140338327_d_img_d18_x09600_y55680.png,0.2427,167.15,541.31,194.56,600.06
ch2_ohr_ncp_20251010T1140338327_d_img_d18_x09600_y58880.png,0.251,5.71,519.31,53.46,625.32
ch2_ohr_ncp_20251010T1140338327_d_img_d18_x09600_y59520.png,0.2247,16.94,0.0,63.57,80.76
ch2_ohr_ncp_20251010T1140338327_d_img_d18_x09600_y60800.png,0.2072,602.45,607.82,622.98,638.48
ch2_ohr_ncp_20251010T1140338327_d_img_d18_x09600_y67840.png,0.3652,298.81,30.79,336.92,100.23
ch2_ohr_ncp_20251010T1140338327_d_img_d18_x09600_y73600.png,0.201,479.84,28.78,519.32,104.28
ch2_ohr_ncp_20251010T1140338327_d_img_d18_x09600_y88320.png,0.2211,460.07,471.46,511.97,571.73
ch2_ohr_ncp_20251010T1140338327_d_img_d18_x09600_y89600.png,0.2004,310.7,0.0,323.26,21.94
ch2_ohr_ncp_20251010T1140338327_d_img_d18_x09600_y90240.png,0.2701,572.56,271.06,624.04,340.46
ch2_ohr_ncp_20251010T1140338327_d_img_d18_x09600_y90240.png,0.2086,153.69,17.7,177.62,65.62
ch2_ohr_ncp_20251010T1140338327_d_img_d18_x10240_y54400.png,0.3067,418.08,31.59,439.21,73.45
ch2_ohr_ncp_20251010T1140338327_d_img_d18_x10240_y54400.png,0.2618,514.35,61.08,557.07,132.99
ch2_ohr_ncp_20251010T1140338327_d_img_d18_x10240_y54400.png,0.2407,350.61,4.52,370.02,43.94
ch2_ohr_ncp_20251010T1140338327_d_img_d18_x10240_y54400.png,0.2232,388.42,153.44,394.46,161.91
ch2_ohr_ncp_20251010T1140338327_d_img_d18_x10240_y54400.png,0.2178,182.38,106.15,220.18,199.06
ch2_ohr_ncp_20251010T1140338327_d_img_d18_x10240_y54400.png,0.2136,548.39,175.9,552.84,182.41
ch2_ohr_ncp_20251010T1140338327_d_img_d18_x10240_y54400.png,0.2094,418.56,26.86,457.16,76.72
ch2_ohr_ncp_20251010T1140338327_d_img_d18_x10240_y54400.png,0.2058,476.01,52.11,481.15,59.09
ch2_ohr_ncp_20251010T1140338327_d_img_d18_x10240_y54400.png,0.2028,507.28,0.0,528.44,24.05
ch2_ohr_ncp_20251010T1140338327_d_img_d18_x10240_y54400.png,0.2024,507.14,286.3,511.83,293.08
ch2_ohr_ncp_20251010T1140338327_d_img_d18_x10240_y56320.png,0.2422,298.21,53.31,351.99,147.62
ch2_ohr_ncp_20251010T1140338327_d_img_d18_x10240_y59520.png,0.2597,575.04,346.2,639.63,429.28
ch2_ohr_ncp_20251010T1140338327_d_img_d18_x10240_y59520.png,0.2129,595.22,497.95,600.66,506.32
ch2_ohr_ncp_20251010T1140338327_d_img_d18_x10240_y62080.png,0.2367,469.94,38.54,526.37,136.38
ch2_ohr_ncp_20251010T1140338327_d_img_d18_x10240_y64640.png,0.2019,463.67,526.41,491.55,587.29
ch2_ohr_ncp_20251010T1140338327_d_img_d18_x10240_y66560.png,0.2848,17.96,459.62,70.56,551.98
ch2_ohr_ncp_20251010T1140338327_d_img_d18_x10240_y66560.png,0.2041,20.51,447.93,82.56,554.96
ch2_ohr_ncp_20251010T1140338327_d_img_d18_x10240_y67840.png,0.3282,547.12,2.96,586.14,62.17
ch2_ohr_ncp_20251010T1140338327_d_img_d18_x10240_y90880.png,0.2839,37.3,85.65,74.18,139.25
ch2_ohr_ncp_20251010T1140338327_d_img_d18_x10880_y39040.png,0.4081,502.62,127.22,537.28,167.15
ch2_ohr_ncp_20251010T1140338327_d_img_d18_x10880_y39040.png,0.2176,369.81,76.9,379.07,90.1
ch2_ohr_ncp_20251010T1140338327_d_img_d18_x10880_y39040.png,0.2067,107.25,440.73,114.18,451.01
ch2_ohr_ncp_20251010T1140338327_d_img_d18_x10880_y39040.png,0.2046,233.88,234.89,251.84,266.0
ch2_ohr_ncp_20251010T1140338327_d_img_d18_x10880_y89600.png,0.2277,605.82,159.85,637.65,270.99
ch2_ohr_ncp_20251010T1140338327_d_img_d18_x11520_y50560.png,0.3039,347.76,0.0,391.95,79.71
ch2_ohr_ncp_20251010T1140338327_d_img_d18_x11520_y52480.png,0.2171,320.14,410.33,365.18,510.28
ch2_ohr_ncp_20251010T1140338327_d_img_d18_x11520_y55680.png,0.2323,430.34,239.84,485.05,328.86
ch2_ohr_ncp_20251010T1140338327_d_img_d18_x11520_y56320.png,0.2546,383.15,477.65,431.8,535.48
ch2_ohr_ncp_20251010T1140338327_d_img_d18_x11520_y58240.png,0.2003,175.04,563.37,181.61,573.45
ch2_ohr_ncp_20251010T1140338327_d_img_d18_x11520_y60160.png,0.2325,178.69,109.42,193.53,134.48
ch2_ohr_ncp_20251010T1140338327_d_img_d18_x11520_y64000.png,0.244,403.41,253.98,418.64,278.9
ch2_ohr_ncp_20251010T1140338327_d_img_d18_x11520_y88320.png,0.2365,286.4,433.18,335.56,532.66
ch2_ohr_ncp_20251010T1140338327_d_img_d18_x11520_y94720.png,0.2808,474.3,619.27,482.15,637.34
ch2_ohr_ncp_20251010T1140338327_d_img_d18_x11520_y99200.png,0.2246,430.55,629.25,439.59,639.72
ch2_ohr_ncp_20251105T0849435342_d_img_d18_x00640_y67840.png,0.2414,620.06,0.21,637.34,17.46
ch2_ohr_ncp_20251105T0849435342_d_img_d18_x00640_y68480.png,0.2158,404.07,2.1,410.86,10.72
ch2_ohr_ncp_20251105T0849435342_d_img_d18_x00640_y68480.png,0.2109,541.88,63.96,548.97,70.05
ch2_ohr_ncp_20251105T0849435342_d_img_d18_x00640_y68480.png,0.2004,79.83,572.79,130.01,637.48
ch2_ohr_ncp_20251105T0849435342_d_img_d18_x01280_y87040.png,0.3904,183.72,332.57,215.23,390.96
ch2_ohr_ncp_20251105T0849435342_d_img_d18_x01280_y87040.png,0.2644,214.44,306.62,271.3,334.86
ch2_ohr_ncp_20251105T0849435342_d_img_d18_x01280_y87040.png,0.2399,85.92,603.84,110.55,622.38
ch2_ohr_ncp_20251105T0849435342_d_img_d18_x01280_y87040.png,0.2324,138.15,481.12,159.19,530.86
ch2_ohr_ncp_20251105T0849435342_d_img_d18_x01280_y87680.png,0.3275,412.28,128.34,464.0,178.63
ch2_ohr_ncp_20251105T0849435342_d_img_d18_x01280_y87680.png,0.2479,177.85,0.0,184.19,6.02
ch2_ohr_ncp_20251105T0849435342_d_img_d18_x01280_y88960.png,0.2304,367.37,0.0,424.37,38.99
ch2_ohr_ncp_20251105T0849435342_d_img_d18_x01920_y87040.png,0.2414,493.2,363.26,510.04,378.24
ch2_ohr_ncp_20251105T0849435342_d_img_d18_x01920_y88320.png,0.4434,346.0,307.45,432.48,400.77
ch2_ohr_ncp_20251105T0849435342_d_img_d18_x01920_y88320.png,0.2469,346.86,292.41,471.4,384.11
ch2_ohr_ncp_20251105T0849435342_d_img_d18_x01920_y88320.png,0.2341,488.91,315.8,555.09,385.19
ch2_ohr_ncp_20251105T0849435342_d_img_d18_x01920_y88320.png,0.2318,380.62,431.25,386.86,437.2
ch2_ohr_ncp_20251105T0849435342_d_img_d18_x01920_y88320.png,0.2064,548.15,267.75,575.73,290.93
ch2_ohr_ncp_20251105T0849435342_d_img_d18_x02560_y74880.png,0.2179,536.34,154.48,541.84,159.35
ch2_ohr_ncp_20251105T0849435342_d_img_d18_x02560_y74880.png,0.205,167.14,59.02,172.42,64.84
ch2_ohr_ncp_20251105T0849435342_d_img_d18_x02560_y74880.png,0.2014,205.87,33.21,213.26,40.44
ch2_ohr_ncp_20251105T0849435342_d_img_d18_x02560_y85120.png,0.3605,207.22,504.92,263.96,582.8
ch2_ohr_ncp_20251105T0849435342_d_img_d18_x02560_y85120.png,0.2864,253.32,517.77,302.21,606.29
ch2_ohr_ncp_20251105T0849435342_d_img_d18_x02560_y85120.png,0.2603,462.17,73.9,516.73,152.91
ch2_ohr_ncp_20251105T0849435342_d_img_d18_x03200_y69760.png,0.3285,74.36,591.69,104.73,637.98
ch2_ohr_ncp_20251105T0849435342_d_img_d18_x03200_y69760.png,0.3049,50.27,313.43,101.83,381.11
ch2_ohr_ncp_20251105T0849435342_d_img_d18_x03200_y70400.png,0.2797,565.8,414.02,607.2,474.2
ch2_ohr_ncp_20251105T0849435342_d_img_d18_x03200_y70400.png,0.2507,15.57,126.17,67.53,176.27
ch2_ohr_ncp_20251105T0849435342_d_img_d18_x03200_y70400.png,0.2404,134.86,111.32,197.1,149.02
ch2_ohr_ncp_20251105T0849435342_d_img_d18_x03200_y70400.png,0.2333,426.14,600.25,457.27,639.73
ch2_ohr_ncp_20251105T0849435342_d_img_d18_x03200_y70400.png,0.2216,536.69,624.79,543.1,634.24
ch2_ohr_ncp_20251105T0849435342_d_img_d18_x03200_y70400.png,0.2055,421.0,454.37,427.5,459.94
ch2_ohr_ncp_20251105T0849435342_d_img_d18_x03200_y70400.png,0.2002,197.97,341.5,219.8,365.2
ch2_ohr_ncp_20251105T0849435342_d_img_d18_x03200_y85120.png,0.2824,328.61,101.57,357.72,144.7
ch2_ohr_ncp_20251105T0849435342_d_img_d18_x03840_y70400.png,0.2419,500.54,400.18,525.7,441.03
ch2_ohr_ncp_20251105T0849435342_d_img_d18_x03840_y70400.png,0.2214,524.36,566.99,580.7,597.18
ch2_ohr_ncp_20251105T0849435342_d_img_d18_x03840_y81280.png,0.271,127.25,568.29,179.26,639.77
ch2_ohr_ncp_20251105T0849435342_d_img_d18_x03840_y81280.png,0.2103,168.45,505.74,208.54,578.44
ch2_ohr_ncp_20251105T0849435342_d_img_d18_x04480_y67840.png,0.23,276.87,52.52,342.89,139.41
ch2_ohr_ncp_20251105T0849435342_d_img_d18_x04480_y73600.png,0.3097,400.35,86.47,429.74,120.69
ch2_ohr_ncp_20251105T0849435342_d_img_d18_x04480_y73600.png,0.2026,328.82,179.02,357.75,220.07
ch2_ohr_ncp_20251105T0849435342_d_img_d18_x04480_y74880.png,0.2202,364.22,12.83,371.59,18.95
ch2_ohr_ncp_20251105T0849435342_d_img_d18_x04480_y80000.png,0.2247,291.13,407.4,310.88,450.75
ch2_ohr_ncp_20251105T0849435342_d_img_d18_x04480_y82560.png,0.4928,175.73,2.15,241.71,96.29
ch2_ohr_ncp_20251105T0849435342_d_img_d18_x04480_y82560.png,0.2647,175.17,15.71,234.89,110.63
ch2_ohr_ncp_20251105T0849435342_d_img_d18_x04480_y84480.png,0.2733,514.37,78.87,602.31,192.03
ch2_ohr_ncp_20251105T0849435342_d_img_d18_x05120_y72320.png,0.24,525.55,568.82,574.02,640.0
ch2_ohr_ncp_20251105T0849435342_d_img_d18_x05120_y72320.png,0.2013,525.06,556.52,587.98,640.0
ch2_ohr_ncp_20251105T0849435342_d_img_d18_x05120_y72960.png,0.2026,86.78,540.44,150.81,609.99
ch2_ohr_ncp_20251105T0849435342_d_img_d18_x05120_y75520.png,0.218,87.71,49.3,100.52,59.41
ch2_ohr_ncp_20251105T0849435342_d_img_d18_x05120_y77440.png,0.2705,200.19,449.01,258.85,541.43
ch2_ohr_ncp_20251105T0849435342_d_img_d18_x05120_y78720.png,0.2616,85.29,45.5,99.11,73.18
ch2_ohr_ncp_20251105T0849435342_d_img_d18_x05760_y66560.png,0.2761,63.14,160.0,109.8,220.78
ch2_ohr_ncp_20251105T0849435342_d_img_d18_x05760_y69760.png,0.2147,494.17,393.55,553.23,475.95
ch2_ohr_ncp_20251105T0849435342_d_img_d18_x05760_y71040.png,0.3912,273.01,165.3,343.56,237.54
ch2_ohr_ncp_20251105T0849435342_d_img_d18_x05760_y71040.png,0.235,279.14,149.0,366.68,225.63
ch2_ohr_ncp_20251105T0849435342_d_img_d18_x05760_y73600.png,0.2267,211.07,151.1,216.49,161.75
ch2_ohr_ncp_20251105T0849435342_d_img_d18_x05760_y78080.png,0.2286,552.66,443.83,594.18,525.38
ch2_ohr_ncp_20251105T0849435342_d_img_d18_x06400_y62720.png,0.2169,76.77,0.0,100.86,44.4
ch2_ohr_ncp_20251105T0849435342_d_img_d18_x06400_y63360.png,0.2269,507.19,0.0,538.75,44.19
ch2_ohr_ncp_20251105T0849435342_d_img_d18_x06400_y67200.png,0.4547,404.05,543.27,445.98,602.09
ch2_ohr_ncp_20251105T0849435342_d_img_d18_x06400_y67200.png,0.4525,408.54,217.3,451.33,281.25
ch2_ohr_ncp_20251105T0849435342_d_img_d18_x06400_y67200.png,0.4309,413.07,202.49,469.45,280.91
ch2_ohr_ncp_20251105T0849435342_d_img_d18_x06400_y67200.png,0.3248,384.55,522.32,392.61,536.08
ch2_ohr_ncp_20251105T0849435342_d_img_d18_x06400_y67200.png,0.2523,368.73,541.59,443.08,603.34
ch2_ohr_ncp_20251105T0849435342_d_img_d18_x06400_y67200.png,0.215,415.92,193.26,483.39,280.23
ch2_ohr_ncp_20251105T0849435342_d_img_d18_x06400_y67200.png,0.2082,346.67,543.14,438.93,615.28
ch2_ohr_ncp_20251105T0849435342_d_img_d18_x06400_y67200.png,0.2055,421.2,169.87,517.29,250.98
ch2_ohr_ncp_20251105T0849435342_d_img_d18_x06400_y67840.png,0.3114,115.62,572.04,203.91,640.0
ch2_ohr_ncp_20251105T0849435342_d_img_d18_x06400_y67840.png,0.2073,115.85,581.4,183.17,640.0
ch2_ohr_ncp_20251105T0849435342_d_img_d18_x06400_y68480.png,0.214,98.27,0.0,178.12,55.45
ch2_ohr_ncp_20251105T0849435342_d_img_d18_x06400_y73600.png,0.3223,61.72,170.19,108.63,252.03
ch2_ohr_ncp_20251105T0849435342_d_img_d18_x06400_y73600.png,0.2588,56.39,152.11,165.71,252.44
ch2_ohr_ncp_20251105T0849435342_d_img_d18_x06400_y78080.png,0.2648,0.0,12.91,48.23,99.45
ch2_ohr_ncp_20251105T0849435342_d_img_d18_x06400_y78720.png,0.357,0.0,233.01,41.81,322.1
ch2_ohr_ncp_20251105T0849435342_d_img_d18_x06400_y80000.png,0.2351,304.05,474.65,355.27,565.15
ch2_ohr_ncp_20251105T0849435342_d_img_d18_x07040_y58240.png,0.3598,544.44,253.96,594.39,335.08
ch2_ohr_ncp_20251105T0849435342_d_img_d18_x07040_y58240.png,0.2856,543.4,245.71,623.38,335.82
ch2_ohr_ncp_20251105T0849435342_d_img_d18_x07040_y58240.png,0.2701,566.95,516.16,635.17,590.23
ch2_ohr_ncp_20251105T0849435342_d_img_d18_x07040_y62080.png,0.4718,115.2,6.15,209.34,128.23
ch2_ohr_ncp_20251105T0849435342_d_img_d18_x07040_y62080.png,0.3958,115.27,21.63,188.67,141.36
ch2_ohr_ncp_20251105T0849435342_d_img_d18_x07040_y62080.png,0.3555,165.4,0.0,264.0,35.79
ch2_ohr_ncp_20251105T0849435342_d_img_d18_x07040_y62080.png,0.3529,112.17,39.34,173.05,142.34
ch2_ohr_ncp_20251105T0849435342_d_img_d18_x07040_y62080.png,0.3272,153.48,0.0,266.77,52.09
ch2_ohr_ncp_20251105T0849435342_d_img_d18_x07040_y62080.png,0.3089,218.46,526.74,285.38,637.58
ch2_ohr_ncp_20251105T0849435342_d_img_d18_x07040_y62080.png,0.2851,469.67,220.35,512.33,286.35
ch2_ohr_ncp_20251105T0849435342_d_img_d18_x07040_y62080.png,0.2457,217.91,503.45,297.59,637.72
ch2_ohr_ncp_20251105T0849435342_d_img_d18_x07040_y62720.png,0.2371,437.09,106.56,509.25,228.54
ch2_ohr_ncp_20251105T0849435342_d_img_d18_x07040_y67200.png,0.3349,240.48,499.31,266.27,532.32
ch2_ohr_ncp_20251105T0849435342_d_img_d18_x07680_y56960.png,0.2055,83.93,579.18,129.39,633.21
ch2_ohr_ncp_20251105T0849435342_d_img_d18_x07680_y57600.png,0.3569,266.8,561.07,277.48,572.15
ch2_ohr_ncp_20251105T0849435342_d_img_d18_x07680_y57600.png,0.2111,186.56,107.93,226.03,136.11
ch2_ohr_ncp_20251105T0849435342_d_img_d18_x07680_y58240.png,0.2346,22.1,583.03,108.89,640.0
ch2_ohr_ncp_20251105T0849435342_d_img_d18_x07680_y58240.png,0.2226,25.82,571.44,128.34,640.0
ch2_ohr_ncp_20251105T0849435342_d_img_d18_x07680_y61440.png,0.2128,599.72,123.68,635.23,169.46
ch2_ohr_ncp_20251105T0849435342_d_img_d18_x07680_y62080.png,0.274,101.6,448.04,172.82,564.48
ch2_ohr_ncp_20251105T0849435342_d_img_d18_x07680_y62720.png,0.2038,0.0,406.66,45.93,477.74
ch2_ohr_ncp_20251105T0849435342_d_img_d18_x07680_y74240.png,0.386,530.21,188.97,580.94,259.91
ch2_ohr_ncp_20251105T0849435342_d_img_d18_x08320_y56960.png,0.2952,11.14,395.01,59.83,462.53
ch2_ohr_ncp_20251105T0849435342_d_img_d18_x08320_y57600.png,0.3171,153.32,465.32,164.16,477.18
ch2_ohr_ncp_20251105T0849435342_d_img_d18_x08320_y57600.png,0.25,286.85,143.29,295.32,154.06
ch2_ohr_ncp_20251105T0849435342_d_img_d18_x08320_y57600.png,0.2245,103.55,578.9,109.63,585.46
ch2_ohr_ncp_20251105T0849435342_d_img_d18_x08320_y57600.png,0.2225,152.92,451.43,160.74,458.0
ch2_ohr_ncp_20251105T0849435342_d_img_d18_x08320_y57600.png,0.2183,204.92,4.24,213.94,13.35
ch2_ohr_ncp_20251105T0849435342_d_img_d18_x08320_y57600.png,0.2151,133.24,411.3,138.07,415.35
ch2_ohr_ncp_20251105T0849435342_d_img_d18_x08320_y57600.png,0.2146,248.47,534.24,254.81,541.89
ch2_ohr_ncp_20251105T0849435342_d_img_d18_x08320_y57600.png,0.2119,278.65,97.26,284.62,104.63
ch2_ohr_ncp_20251105T0849435342_d_img_d18_x08320_y57600.png,0.2041,181.63,404.85,187.32,410.44
ch2_ohr_ncp_20251105T0849435342_d_img_d18_x08320_y57600.png,0.2031,77.01,421.12,83.45,428.15
ch2_ohr_ncp_20251105T0849435342_d_img_d18_x08320_y64000.png,0.2633,129.0,442.79,188.24,508.79
ch2_ohr_ncp_20251105T0849435342_d_img_d18_x08320_y68480.png,0.2186,416.52,571.15,480.99,640.0
ch2_ohr_ncp_20251105T0849435342_d_img_d18_x08320_y80000.png,0.2289,385.42,544.02,429.88,609.03
ch2_ohr_ncp_20251105T0849435342_d_img_d18_x08960_y62720.png,0.3175,51.62,316.9,94.68,398.98
ch2_ohr_ncp_20251105T0849435342_d_img_d18_x08960_y63360.png,0.2012,379.36,62.61,409.42,101.73
ch2_ohr_ncp_20251105T0849435342_d_img_d18_x08960_y73600.png,0.2401,218.34,508.61,269.57,589.95
ch2_ohr_ncp_20251105T0849435342_d_img_d18_x09600_y45440.png,0.3618,294.2,287.9,324.15,352.49
ch2_ohr_ncp_20251105T0849435342_d_img_d18_x09600_y45440.png,0.3414,498.34,0.0,535.43,86.7
ch2_ohr_ncp_20251105T0849435342_d_img_d18_x09600_y45440.png,0.2152,575.68,106.18,581.4,112.12
ch2_ohr_ncp_20251105T0849435342_d_img_d18_x09600_y54400.png,0.2174,387.24,40.34,425.81,105.89
ch2_ohr_ncp_20251105T0849435342_d_img_d18_x09600_y56320.png,0.2115,6.68,389.83,41.54,468.06
ch2_ohr_ncp_20251105T0849435342_d_img_d18_x09600_y56960.png,0.2329,487.0,564.34,492.55,570.53
ch2_ohr_ncp_20251105T0849435342_d_img_d18_x09600_y57600.png,0.3155,236.2,0.0,255.06,11.75
ch2_ohr_ncp_20251105T0849435342_d_img_d18_x09600_y57600.png,0.2611,491.22,136.07,495.59,142.15
ch2_ohr_ncp_20251105T0849435342_d_img_d18_x09600_y57600.png,0.2182,454.83,210.53,459.94,218.1
ch2_ohr_ncp_20251105T0849435342_d_img_d18_x09600_y57600.png,0.2181,442.54,404.49,470.34,449.19
ch2_ohr_ncp_20251105T0849435342_d_img_d18_x09600_y57600.png,0.2031,338.22,56.68,371.1,110.48
ch2_ohr_ncp_20251105T0849435342_d_img_d18_x09600_y57600.png,0.2006,516.22,22.98,523.97,32.52
ch2_ohr_ncp_20251105T0849435342_d_img_d18_x09600_y58240.png,0.4119,121.8,241.42,153.68,291.56
ch2_ohr_ncp_20251105T0849435342_d_img_d18_x09600_y58240.png,0.2356,581.19,538.58,624.63,622.39
ch2_ohr_ncp_20251105T0849435342_d_img_d18_x09600_y58880.png,0.2173,87.06,410.61,100.59,427.28
ch2_ohr_ncp_20251105T0849435342_d_img_d18_x10240_y55040.png,0.2306,205.62,419.44,223.73,465.52
ch2_ohr_ncp_20251105T0849435342_d_img_d18_x10240_y65920.png,0.2276,576.94,224.51,618.77,296.43
ch2_ohr_ncp_20251105T0849435342_d_img_d18_x10240_y66560.png,0.2041,275.92,423.92,327.4,507.8
ch2_ohr_ncp_20251105T0849435342_d_img_d18_x10240_y77440.png,0.3022,131.39,73.41,181.25,142.16
ch2_ohr_ncp_20251105T0849435342_d_img_d18_x10880_y37120.png,0.2591,479.07,525.7,523.18,594.73
ch2_ohr_ncp_20251105T0849435342_d_img_d18_x10880_y37120.png,0.2011,298.54,494.91,328.59,554.92
ch2_ohr_ncp_20251105T0849435342_d_img_d18_x10880_y41600.png,0.2291,150.91,397.56,183.93,469.67
ch2_ohr_ncp_20251105T0849435342_d_img_d18_x10880_y41600.png,0.223,219.9,519.3,282.65,623.79
ch2_ohr_ncp_20251105T0849435342_d_img_d18_x10880_y42240.png,0.2819,482.81,576.4,519.6,639.87
ch2_ohr_ncp_20251105T0849435342_d_img_d18_x10880_y42240.png,0.2128,184.35,541.54,217.61,599.13
ch2_ohr_ncp_20251105T0849435342_d_img_d18_x10880_y42880.png,0.2227,383.99,154.78,430.49,253.39
ch2_ohr_ncp_20251105T0849435342_d_img_d18_x10880_y44160.png,0.3046,127.53,199.63,181.87,293.18
ch2_ohr_ncp_20251105T0849435342_d_img_d18_x10880_y47360.png,0.2188,369.27,542.92,419.77,615.71
ch2_ohr_ncp_20251105T0849435342_d_img_d18_x10880_y49280.png,0.2924,429.85,421.64,477.46,536.13
ch2_ohr_ncp_20251105T0849435342_d_img_d18_x10880_y49280.png,0.2064,63.19,226.43,116.36,327.33
ch2_ohr_ncp_20251105T0849435342_d_img_d18_x10880_y49920.png,0.2399,437.8,266.19,488.34,354.28
ch2_ohr_ncp_20251105T0849435342_d_img_d18_x10880_y49920.png,0.2079,0.76,1.58,18.66,55.29
ch2_ohr_ncp_20251105T0849435342_d_img_d18_x10880_y50560.png,0.3838,559.72,539.17,610.32,617.98
ch2_ohr_ncp_20251105T0849435342_d_img_d18_x10880_y50560.png,0.2836,556.56,519.31,634.55,616.04
ch2_ohr_ncp_20251105T0849435342_d_img_d18_x10880_y53760.png,0.307,298.05,111.21,363.49,197.33
ch2_ohr_ncp_20251105T0849435342_d_img_d18_x10880_y53760.png,0.2563,293.63,117.43,361.01,219.62
ch2_ohr_ncp_20251105T0849435342_d_img_d18_x10880_y57600.png,0.2027,509.72,399.33,563.73,506.41
ch2_ohr_ncp_20251105T0849435342_d_img_d18_x10880_y58240.png,0.2187,29.41,566.33,94.87,640.0
ch2_ohr_ncp_20251105T0849435342_d_img_d18_x10880_y58880.png,0.2286,545.2,0.0,612.9,71.85
ch2_ohr_ncp_20251105T0849435342_d_img_d18_x10880_y67840.png,0.2492,299.12,0.18,331.14,37.27
ch2_ohr_ncp_20251105T0849435342_d_img_d18_x10880_y68480.png,0.3459,379.03,261.7,444.73,354.36
ch2_ohr_ncp_20251105T0849435342_d_img_d18_x10880_y68480.png,0.2764,378.62,238.1,458.51,354.93
ch2_ohr_ncp_20251105T0849435342_d_img_d18_x10880_y75520.png,0.3059,363.65,190.65,393.7,244.27
ch2_ohr_ncp_20251105T0849435342_d_img_d18_x11520_y39040.png,0.2996,212.61,226.95,256.03,315.35
ch2_ohr_ncp_20251105T0849435342_d_img_d18_x11520_y42880.png,0.2394,108.09,183.33,157.7,293.65
ch2_ohr_ncp_20251105T0849435342_d_img_d18_x11520_y43520.png,0.2724,145.21,397.66,186.24,471.86
ch2_ohr_ncp_20251105T0849435342_d_img_d18_x11520_y44160.png,0.2264,77.7,112.47,140.38,226.53
ch2_ohr_ncp_20251105T0849435342_d_img_d18_x11520_y56960.png,0.2258,460.12,613.56,482.38,639.89
ch2_ohr_ncp_20251105T0849435342_d_img_d18_x11520_y57600.png,0.2015,353.49,627.31,358.69,635.72
ch2_ohr_ncp_20251105T0849435342_d_img_d18_x11520_y65280.png,0.3021,276.44,137.31,293.05,162.33
ch2_ohr_ncp_20251105T1048273563_d_img_d18_x00000_y76800.png,0.2557,531.14,320.82,565.17,376.5
ch2_ohr_ncp_20251105T1048273563_d_img_d18_x00640_y76160.png,0.276,564.02,3.05,600.6,54.11
ch2_ohr_ncp_20251105T1048273563_d_img_d18_x00640_y76160.png,0.2041,459.01,242.0,468.32,249.95
ch2_ohr_ncp_20251105T1048273563_d_img_d18_x00640_y76800.png,0.301,175.29,186.31,234.4,255.18
ch2_ohr_ncp_20251105T1048273563_d_img_d18_x02560_y75520.png,0.2401,558.66,110.81,610.0,186.01
ch2_ohr_ncp_20251105T1048273563_d_img_d18_x02560_y76160.png,0.2124,71.67,341.94,139.31,421.87
ch2_ohr_ncp_20251105T1048273563_d_img_d18_x03200_y60800.png,0.2143,147.34,2.02,193.81,58.85
ch2_ohr_ncp_20251105T1048273563_d_img_d18_x03200_y71040.png,0.2589,451.57,568.13,510.67,633.45
ch2_ohr_ncp_20251105T1048273563_d_img_d18_x03840_y60160.png,0.2112,85.82,268.98,120.98,323.79
ch2_ohr_ncp_20251105T1048273563_d_img_d18_x03840_y60160.png,0.201,113.26,41.97,119.51,48.47
ch2_ohr_ncp_20251105T1048273563_d_img_d18_x03840_y65280.png,0.2143,159.65,241.55,165.45,246.79
ch2_ohr_ncp_20251105T1048273563_d_img_d18_x03840_y69120.png,0.2414,373.15,521.31,440.77,608.88
ch2_ohr_ncp_20251105T1048273563_d_img_d18_x03840_y69120.png,0.2268,398.2,622.88,404.9,628.9
ch2_ohr_ncp_20251105T1048273563_d_img_d18_x03840_y74240.png,0.2862,465.92,378.92,544.81,481.66
ch2_ohr_ncp_20251105T1048273563_d_img_d18_x04480_y56960.png,0.2276,420.96,392.11,467.09,465.93
ch2_ohr_ncp_20251105T1048273563_d_img_d18_x04480_y57600.png,0.3056,272.75,88.67,279.53,96.45
ch2_ohr_ncp_20251105T1048273563_d_img_d18_x04480_y57600.png,0.2464,196.45,181.93,203.74,189.21
ch2_ohr_ncp_20251105T1048273563_d_img_d18_x04480_y57600.png,0.2324,18.72,531.04,37.16,543.92
ch2_ohr_ncp_20251105T1048273563_d_img_d18_x04480_y60160.png,0.3481,336.49,260.61,343.62,268.19
ch2_ohr_ncp_20251105T1048273563_d_img_d18_x04480_y60160.png,0.3113,180.58,90.73,186.41,97.05
ch2_ohr_ncp_20251105T1048273563_d_img_d18_x04480_y60160.png,0.2823,348.12,93.03,355.71,100.75
ch2_ohr_ncp_20251105T1048273563_d_img_d18_x04480_y60160.png,0.2615,332.99,302.64,338.33,307.7
ch2_ohr_ncp_20251105T1048273563_d_img_d18_x04480_y60160.png,0.2176,226.79,627.36,235.03,636.1
ch2_ohr_ncp_20251105T1048273563_d_img_d18_x04480_y60160.png,0.2081,289.33,120.56,296.36,127.93
ch2_ohr_ncp_20251105T1048273563_d_img_d18_x04480_y60160.png,0.2039,292.51,377.77,298.43,383.59
ch2_ohr_ncp_20251105T1048273563_d_img_d18_x04480_y65920.png,0.355,200.72,125.01,245.01,186.43
ch2_ohr_ncp_20251105T1048273563_d_img_d18_x05120_y58240.png,0.3053,119.57,563.62,132.31,573.48
ch2_ohr_ncp_20251105T1048273563_d_img_d18_x05120_y64640.png,0.3129,495.02,127.53,503.94,135.51
ch2_ohr_ncp_20251105T1048273563_d_img_d18_x05120_y64640.png,0.3097,500.7,206.44,515.76,229.7
ch2_ohr_ncp_20251105T1048273563_d_img_d18_x05120_y64640.png,0.2804,286.81,42.26,290.92,47.28
ch2_ohr_ncp_20251105T1048273563_d_img_d18_x05120_y64640.png,0.2459,405.85,96.49,411.74,103.05
ch2_ohr_ncp_20251105T1048273563_d_img_d18_x05120_y64640.png,0.239,399.42,160.56,405.77,166.87
ch2_ohr_ncp_20251105T1048273563_d_img_d18_x05120_y64640.png,0.2339,628.51,287.96,639.64,296.76
ch2_ohr_ncp_20251105T1048273563_d_img_d18_x05120_y64640.png,0.2298,470.24,135.15,475.39,139.74
ch2_ohr_ncp_20251105T1048273563_d_img_d18_x05120_y64640.png,0.2249,410.34,129.99,417.89,137.91
ch2_ohr_ncp_20251105T1048273563_d_img_d18_x05120_y64640.png,0.2232,69.29,2.32,74.52,7.47
ch2_ohr_ncp_20251105T1048273563_d_img_d18_x05120_y64640.png,0.2166,273.4,4.74,283.5,16.91
ch2_ohr_ncp_20251105T1048273563_d_img_d18_x05120_y64640.png,0.2155,576.75,8.03,582.78,15.05
ch2_ohr_ncp_20251105T1048273563_d_img_d18_x05120_y64640.png,0.2119,507.76,143.72,514.58,149.72
ch2_ohr_ncp_20251105T1048273563_d_img_d18_x05120_y64640.png,0.2087,227.77,87.31,231.86,91.21
ch2_ohr_ncp_20251105T1048273563_d_img_d18_x05120_y64640.png,0.2027,244.33,74.61,249.35,80.63
ch2_ohr_ncp_20251105T1048273563_d_img_d18_x05760_y48640.png,0.2953,295.69,200.46,337.91,226.18
ch2_ohr_ncp_20251105T1048273563_d_img_d18_x05760_y48640.png,0.2593,525.09,288.82,606.69,382.67
ch2_ohr_ncp_20251105T1048273563_d_img_d18_x05760_y48640.png,0.2216,530.48,278.96,606.92,366.1
ch2_ohr_ncp_20251105T1048273563_d_img_d18_x05760_y53760.png,0.3092,251.82,17.18,309.92,73.01
ch2_ohr_ncp_20251105T1048273563_d_img_d18_x05760_y58880.png,0.2018,384.07,0.0,487.09,65.64
ch2_ohr_ncp_20251105T1048273563_d_img_d18_x05760_y65920.png,0.3194,69.92,112.81,133.53,184.72
ch2_ohr_ncp_20251105T1048273563_d_img_d18_x06400_y48640.png,0.2158,176.34,9.06,182.82,15.72
ch2_ohr_ncp_20251105T1048273563_d_img_d18_x06400_y52480.png,0.2191,603.98,4.67,631.84,49.42
ch2_ohr_ncp_20251105T1048273563_d_img_d18_x06400_y57600.png,0.2703,78.89,363.12,175.76,429.69
ch2_ohr_ncp_20251105T1048273563_d_img_d18_x06400_y57600.png,0.2455,60.05,404.13,123.37,476.78
ch2_ohr_ncp_20251105T1048273563_d_img_d18_x06400_y57600.png,0.2268,58.24,366.04,176.1,463.87
ch2_ohr_ncp_20251105T1048273563_d_img_d18_x06400_y58240.png,0.3056,501.69,267.96,566.57,328.01
ch2_ohr_ncp_20251105T1048273563_d_img_d18_x06400_y60160.png,0.2043,328.71,0.0,419.54,89.71
ch2_ohr_ncp_20251105T1048273563_d_img_d18_x07040_y48640.png,0.2873,451.69,371.45,456.39,376.62
ch2_ohr_ncp_20251105T1048273563_d_img_d18_x07040_y48640.png,0.2249,399.47,173.31,458.69,242.01
ch2_ohr_ncp_20251105T1048273563_d_img_d18_x07040_y48640.png,0.204,495.72,263.4,597.1,337.71
ch2_ohr_ncp_20251105T1048273563_d_img_d18_x07040_y48640.png,0.2017,452.26,371.63,457.32,376.35
ch2_ohr_ncp_20251105T1048273563_d_img_d18_x07040_y52480.png,0.4411,235.61,56.58,294.89,136.41
ch2_ohr_ncp_20251105T1048273563_d_img_d18_x07040_y52480.png,0.2184,0.0,369.89,55.27,504.07
ch2_ohr_ncp_20251105T1048273563_d_img_d18_x07040_y72960.png,0.2391,87.85,0.0,156.4,61.66
ch2_ohr_ncp_20251105T1048273563_d_img_d18_x07680_y48640.png,0.297,0.0,61.69,23.78,109.31
ch2_ohr_ncp_20251105T1048273563_d_img_d18_x07680_y48640.png,0.2212,0.0,253.07,21.2,295.89
ch2_ohr_ncp_20251105T1048273563_d_img_d18_x08320_y47360.png,0.2005,352.59,110.35,358.69,116.91
ch2_ohr_ncp_20251105T1048273563_d_img_d18_x08320_y48000.png,0.3471,21.02,571.48,26.79,577.35
ch2_ohr_ncp_20251105T1048273563_d_img_d18_x08320_y48000.png,0.3181,0.12,529.7,4.11,534.73
ch2_ohr_ncp_20251105T1048273563_d_img_d18_x08320_y48000.png,0.3112,44.91,78.03,50.68,83.54
ch2_ohr_ncp_20251105T1048273563_d_img_d18_x08320_y48000.png,0.2949,106.19,392.24,114.64,400.98
ch2_ohr_ncp_20251105T1048273563_d_img_d18_x08320_y48000.png,0.2921,36.84,226.6,42.39,231.68
ch2_ohr_ncp_20251105T1048273563_d_img_d18_x08320_y48000.png,0.2645,111.1,132.14,117.49,138.39
ch2_ohr_ncp_20251105T1048273563_d_img_d18_x08320_y48000.png,0.2483,32.56,265.66,39.65,272.18
ch2_ohr_ncp_20251105T1048273563_d_img_d18_x08320_y48000.png,0.2463,0.46,529.91,5.78,534.94
ch2_ohr_ncp_20251105T1048273563_d_img_d18_x08320_y48000.png,0.2447,21.15,229.46,25.43,233.05
ch2_ohr_ncp_20251105T1048273563_d_img_d18_x08320_y48000.png,0.224,50.53,621.35,55.49,625.88
ch2_ohr_ncp_20251105T1048273563_d_img_d18_x08320_y48000.png,0.2178,21.68,228.9,26.3,232.77
ch2_ohr_ncp_20251105T1048273563_d_img_d18_x08320_y48000.png,0.2058,76.34,394.72,81.76,399.6
ch2_ohr_ncp_20251105T1048273563_d_img_d18_x08320_y48000.png,0.2048,16.71,234.12,21.6,238.42
ch2_ohr_ncp_20251105T1048273563_d_img_d18_x08960_y49920.png,0.3436,272.97,98.99,314.37,146.76
ch2_ohr_ncp_20251105T1048273563_d_img_d18_x08960_y49920.png,0.2167,548.14,37.56,563.85,55.49
ch2_ohr_ncp_20251105T1048273563_d_img_d18_x08960_y51840.png,0.2001,362.66,38.7,447.02,136.83
ch2_ohr_ncp_20251105T1048273563_d_img_d18_x08960_y52480.png,0.2379,59.67,0.0,132.56,69.51
ch2_ohr_ncp_20251105T1048273563_d_img_d18_x08960_y64640.png,0.2128,241.61,0.0,290.25,51.01
ch2_ohr_ncp_20251105T1048273563_d_img_d18_x09600_y36480.png,0.3189,253.0,534.3,263.12,545.35
ch2_ohr_ncp_20251105T1048273563_d_img_d18_x09600_y36480.png,0.2894,383.91,63.11,409.15,118.09
ch2_ohr_ncp_20251105T1048273563_d_img_d18_x09600_y36480.png,0.2153,493.41,124.21,499.73,133.27
ch2_ohr_ncp_20251105T1048273563_d_img_d18_x09600_y44800.png,0.2036,309.21,119.86,352.58,183.05
ch2_ohr_ncp_20251105T1048273563_d_img_d18_x09600_y48000.png,0.2495,193.13,268.36,226.46,328.92
ch2_ohr_ncp_20251105T1048273563_d_img_d18_x09600_y48000.png,0.2251,174.16,629.9,182.41,638.87
ch2_ohr_ncp_20251105T1048273563_d_img_d18_x09600_y48000.png,0.214,157.67,289.15,219.46,326.38
ch2_ohr_ncp_20251105T1048273563_d_img_d18_x09600_y48000.png,0.2106,465.55,509.35,472.49,517.4
ch2_ohr_ncp_20251105T1048273563_d_img_d18_x09600_y48000.png,0.2087,14.54,110.19,72.62,168.67
ch2_ohr_ncp_20251105T1048273563_d_img_d18_x09600_y62080.png,0.2209,502.77,0.37,561.71,72.59
ch2_ohr_ncp_20251105T1048273563_d_img_d18_x09600_y73600.png,0.2083,36.51,193.92,99.12,279.85
ch2_ohr_ncp_20251105T1048273563_d_img_d18_x10240_y43520.png,0.2627,512.45,457.43,560.65,545.55
ch2_ohr_ncp_20251105T1048273563_d_img_d18_x10240_y61440.png,0.2718,595.67,500.77,629.64,548.59
ch2_ohr_ncp_20251105T1048273563_d_img_d18_x10240_y73600.png,0.2925,85.74,236.86,91.05,242.55
ch2_ohr_ncp_20251105T1048273563_d_img_d18_x10240_y73600.png,0.2872,227.25,219.26,233.21,225.89
ch2_ohr_ncp_20251105T1048273563_d_img_d18_x10880_y32640.png,0.2032,149.87,497.98,192.98,542.43
ch2_ohr_ncp_20251105T1048273563_d_img_d18_x10880_y33280.png,0.2065,296.73,431.16,330.84,493.63
ch2_ohr_ncp_20251105T1048273563_d_img_d18_x10880_y36480.png,0.2523,190.81,633.46,199.77,639.89
ch2_ohr_ncp_20251105T1048273563_d_img_d18_x10880_y40320.png,0.2128,78.36,103.67,146.32,183.67
ch2_ohr_ncp_20251105T1048273563_d_img_d18_x10880_y40960.png,0.2261,564.01,50.65,604.99,110.1
ch2_ohr_ncp_20251105T1048273563_d_img_d18_x10880_y44800.png,0.3329,223.95,5.68,295.09,82.15
ch2_ohr_ncp_20251105T1048273563_d_img_d18_x10880_y55680.png,0.3078,65.6,90.17,119.88,156.89
ch2_ohr_ncp_20251105T1048273563_d_img_d18_x11520_y49920.png,0.225,1.76,459.75,7.67,465.49
ch2_ohr_ncp_20251105T1048273563_d_img_d18_x11520_y53120.png,0.2602,462.85,0.01,470.61,7.64
ch2_ohr_ncp_20251105T1048273563_d_img_d18_x11520_y53120.png,0.254,167.67,15.33,175.45,24.78
ch2_ohr_ncp_20251105T1048273563_d_img_d18_x11520_y54400.png,0.3193,144.53,445.19,193.9,503.72
ch2_ohr_ncp_20251105T1048273563_d_img_d18_x11520_y54400.png,0.2536,137.99,614.05,143.67,621.92
ch2_ohr_ncp_20251105T1048273563_d_img_d18_x11520_y54400.png,0.2457,172.84,538.92,178.18,544.64
ch2_ohr_ncp_20251105T1048273563_d_img_d18_x11520_y55040.png,0.2686,314.83,609.84,323.53,619.09
ch2_ohr_ncp_20251105T1048273563_d_img_d18_x11520_y55040.png,0.2214,142.95,581.23,148.11,586.91
ch2_ohr_ncp_20251105T1048273563_d_img_d18_x11520_y55040.png,0.2094,9.96,22.19,20.89,36.14
ch2_ohr_ncp_20251105T1048273563_d_img_d18_x11520_y55040.png,0.2092,320.63,232.49,326.78,237.8
ch2_ohr_ncp_20251105T1048273563_d_img_d18_x11520_y55040.png,0.2026,338.92,251.0,344.9,258.0
ch2_ohr_ncp_20251105T1048273563_d_img_d18_x11520_y56320.png,0.2154,14.17,576.79,21.35,583.41
ch2_ohr_ncp_20251105T1048273563_d_img_d18_x11520_y61440.png,0.2634,461.94,631.53,479.45,640.0
ch2_ohr_ncp_20251105T1048273563_d_img_d18_x11520_y61440.png,0.2068,220.5,34.39,226.43,40.72
ch2_ohr_ncp_20251105T1048273563_d_img_d18_x11520_y62080.png,0.2378,293.83,628.97,299.47,635.27
ch2_ohr_ncp_20251105T1048273563_d_img_d18_x11520_y62080.png,0.2133,461.84,537.6,472.52,551.52
ch2_ohr_ncp_20251105T1048273563_d_img_d18_x11520_y62080.png,0.2043,0.06,45.55,6.67,51.3
ch2_ohr_ncp_20251227T1027178560_d_img_d18_x00000_y52480.png,0.267,97.62,522.52,197.1,581.91
ch2_ohr_ncp_20251227T1027178560_d_img_d18_x00000_y54400.png,0.2541,507.17,0.0,572.32,22.17
ch2_ohr_ncp_20251227T1027178560_d_img_d18_x00000_y60800.png,0.329,460.17,89.08,466.49,95.57
ch2_ohr_ncp_20251227T1027178560_d_img_d18_x00000_y60800.png,0.2384,456.52,79.9,461.3,85.18
ch2_ohr_ncp_20251227T1027178560_d_img_d18_x00000_y60800.png,0.2329,556.48,121.87,563.02,128.09
ch2_ohr_ncp_20251227T1027178560_d_img_d18_x00000_y62080.png,0.3718,407.63,0.0,500.39,45.87
ch2_ohr_ncp_20251227T1027178560_d_img_d18_x00000_y68480.png,0.4357,523.5,0.4,529.16,6.55
ch2_ohr_ncp_20251227T1027178560_d_img_d18_x00000_y68480.png,0.3859,510.45,19.01,521.7,27.92
ch2_ohr_ncp_20251227T1027178560_d_img_d18_x00000_y68480.png,0.3697,443.31,77.29,453.59,86.32
ch2_ohr_ncp_20251227T1027178560_d_img_d18_x00000_y68480.png,0.2998,588.49,147.72,603.04,157.86
ch2_ohr_ncp_20251227T1027178560_d_img_d18_x00000_y68480.png,0.2952,481.1,80.81,493.66,91.94
ch2_ohr_ncp_20251227T1027178560_d_img_d18_x00000_y68480.png,0.2554,452.25,106.08,458.33,111.68
ch2_ohr_ncp_20251227T1027178560_d_img_d18_x00000_y68480.png,0.2411,427.45,45.39,435.42,52.4
ch2_ohr_ncp_20251227T1027178560_d_img_d18_x00000_y68480.png,0.23,600.73,63.27,607.69,68.86
ch2_ohr_ncp_20251227T1027178560_d_img_d18_x00000_y68480.png,0.2267,455.93,22.36,460.99,27.16
ch2_ohr_ncp_20251227T1027178560_d_img_d18_x00000_y68480.png,0.2263,0.0,190.62,120.85,290.27
ch2_ohr_ncp_20251227T1027178560_d_img_d18_x00640_y54400.png,0.2025,284.82,0.0,297.95,4.85
ch2_ohr_ncp_20251227T1027178560_d_img_d18_x00640_y55680.png,0.2723,266.82,0.29,275.81,6.88
ch2_ohr_ncp_20251227T1027178560_d_img_d18_x00640_y55680.png,0.2676,35.71,1.21,41.13,6.8
ch2_ohr_ncp_20251227T1027178560_d_img_d18_x00640_y55680.png,0.2253,231.82,8.67,239.25,15.2
ch2_ohr_ncp_20251227T1027178560_d_img_d18_x00640_y71040.png,0.2328,46.06,133.86,57.3,143.38
ch2_ohr_ncp_20251227T1027178560_d_img_d18_x00640_y71040.png,0.2209,128.28,2.76,176.47,50.22
ch2_ohr_ncp_20251227T1027178560_d_img_d18_x00640_y71040.png,0.2111,164.14,80.24,174.28,88.57
ch2_ohr_ncp_20251227T1027178560_d_img_d18_x00640_y71040.png,0.2001,98.11,191.64,105.28,197.55
ch2_ohr_ncp_20251227T1027178560_d_img_d18_x00640_y78080.png,0.2025,174.19,450.1,297.56,520.23
ch2_ohr_ncp_20251227T1027178560_d_img_d18_x00640_y80000.png,0.2413,430.25,431.04,520.57,492.45
ch2_ohr_ncp_20251227T1027178560_d_img_d18_x00640_y80000.png,0.2345,0.0,88.85,6.35,94.42
ch2_ohr_ncp_20251227T1027178560_d_img_d18_x00640_y80000.png,0.206,620.73,43.08,627.62,48.78
ch2_ohr_ncp_20251227T1027178560_d_img_d18_x01280_y56960.png,0.3334,614.14,609.35,621.56,615.94
ch2_ohr_ncp_20251227T1027178560_d_img_d18_x01280_y56960.png,0.3184,446.86,625.35,456.26,631.73
ch2_ohr_ncp_20251227T1027178560_d_img_d18_x01280_y56960.png,0.2737,546.0,624.88,559.58,636.59
ch2_ohr_ncp_20251227T1027178560_d_img_d18_x01280_y56960.png,0.2437,628.52,542.81,635.06,548.03
ch2_ohr_ncp_20251227T1027178560_d_img_d18_x01280_y56960.png,0.2423,497.88,538.56,503.28,543.14
ch2_ohr_ncp_20251227T1027178560_d_img_d18_x01280_y58880.png,0.2351,443.7,15.33,451.28,21.13
ch2_ohr_ncp_20251227T1027178560_d_img_d18_x01280_y58880.png,0.2034,292.56,0.92,299.18,7.53
ch2_ohr_ncp_20251227T1027178560_d_img_d18_x01280_y60800.png,0.2587,561.11,0.93,568.77,7.58
ch2_ohr_ncp_20251227T1027178560_d_img_d18_x01280_y62720.png,0.4511,308.24,0.0,433.28,50.07
ch2_ohr_ncp_20251227T1027178560_d_img_d18_x01280_y62720.png,0.2238,295.59,0.0,434.57,79.93
ch2_ohr_ncp_20251227T1027178560_d_img_d18_x01280_y63360.png,0.2496,278.82,128.38,286.19,136.53
ch2_ohr_ncp_20251227T1027178560_d_img_d18_x01280_y63360.png,0.2456,229.09,154.51,235.75,160.19
ch2_ohr_ncp_20251227T1027178560_d_img_d18_x01280_y63360.png,0.2037,333.62,0.0,340.35,4.19
ch2_ohr_ncp_20251227T1027178560_d_img_d18_x01280_y63360.png,0.2007,128.67,120.01,133.72,124.27
ch2_ohr_ncp_20251227T1027178560_d_img_d18_x01280_y64000.png,0.2433,413.22,331.79,418.74,336.69
ch2_ohr_ncp_20251227T1027178560_d_img_d18_x01280_y64000.png,0.2061,402.67,284.85,407.82,289.18
ch2_ohr_ncp_20251227T1027178560_d_img_d18_x01280_y65280.png,0.2104,507.8,105.35,534.3,119.36
ch2_ohr_ncp_20251227T1027178560_d_img_d18_x01280_y65920.png,0.2481,69.97,375.03,175.29,437.85
ch2_ohr_ncp_20251227T1027178560_d_img_d18_x01280_y69760.png,0.2142,14.62,494.76,20.94,501.07
ch2_ohr_ncp_20251227T1027178560_d_img_d18_x01280_y69760.png,0.201,30.67,452.17,39.09,459.91
ch2_ohr_ncp_20251227T1027178560_d_img_d18_x01280_y80000.png,0.2519,573.1,11.55,580.87,18.17
ch2_ohr_ncp_20251227T1027178560_d_img_d18_x01920_y55040.png,0.3864,568.04,630.69,576.39,636.05
ch2_ohr_ncp_20251227T1027178560_d_img_d18_x01920_y55040.png,0.3844,199.95,527.41,213.35,539.11
ch2_ohr_ncp_20251227T1027178560_d_img_d18_x01920_y55040.png,0.3778,374.09,326.38,382.34,333.06
ch2_ohr_ncp_20251227T1027178560_d_img_d18_x01920_y55040.png,0.3759,448.08,561.65,455.42,567.53
ch2_ohr_ncp_20251227T1027178560_d_img_d18_x01920_y55040.png,0.3714,327.96,456.56,395.04,496.91
ch2_ohr_ncp_20251227T1027178560_d_img_d18_x01920_y55040.png,0.3679,356.49,447.55,365.47,454.71
ch2_ohr_ncp_20251227T1027178560_d_img_d18_x01920_y55040.png,0.352,167.83,573.17,199.13,590.39
ch2_ohr_ncp_20251227T1027178560_d_img_d18_x01920_y55040.png,0.3504,481.74,545.65,489.1,552.2
ch2_ohr_ncp_20251227T1027178560_d_img_d18_x01920_y55040.png,0.3468,188.52,366.58,201.26,375.11
ch2_ohr_ncp_20251227T1027178560_d_img_d18_x01920_y55040.png,0.3413,622.72,201.55,629.6,207.52
ch2_ohr_ncp_20251227T1027178560_d_img_d18_x01920_y55040.png,0.3287,621.55,588.32,627.16,593.4
ch2_ohr_ncp_20251227T1027178560_d_img_d18_x01920_y55040.png,0.3244,398.56,455.36,405.75,460.36
ch2_ohr_ncp_20251227T1027178560_d_img_d18_x01920_y55040.png,0.3187,480.72,368.66,487.68,374.51
ch2_ohr_ncp_20251227T1027178560_d_img_d18_x01920_y55040.png,0.3154,133.05,518.12,141.07,524.94
ch2_ohr_ncp_20251227T1027178560_d_img_d18_x01920_y55040.png,0.3091,189.27,567.45,194.61,572.28
ch2_ohr_ncp_20251227T1027178560_d_img_d18_x01920_y55040.png,0.3021,186.39,463.8,194.11,471.14
ch2_ohr_ncp_20251227T1027178560_d_img_d18_x01920_y55040.png,0.3002,516.99,627.24,525.77,633.81
ch2_ohr_ncp_20251227T1027178560_d_img_d18_x01920_y55040.png,0.2949,485.42,480.1,499.72,493.25
ch2_ohr_ncp_20251227T1027178560_d_img_d18_x01920_y55040.png,0.2926,491.86,352.05,500.36,358.59
ch2_ohr_ncp_20251227T1027178560_d_img_d18_x01920_y55040.png,0.285,478.79,348.63,487.0,355.59
ch2_ohr_ncp_20251227T1027178560_d_img_d18_x01920_y55040.png,0.2824,501.58,538.64,506.68,543.47
ch2_ohr_ncp_20251227T1027178560_d_img_d18_x01920_y55040.png,0.2818,576.49,398.21,586.06,405.03
ch2_ohr_ncp_20251227T1027178560_d_img_d18_x01920_y55040.png,0.2679,616.28,266.68,629.08,276.15
ch2_ohr_ncp_20251227T1027178560_d_img_d18_x01920_y55040.png,0.2661,509.74,509.92,519.9,516.87
ch2_ohr_ncp_20251227T1027178560_d_img_d18_x01920_y55040.png,0.266,463.84,503.09,477.38,512.29
ch2_ohr_ncp_20251227T1027178560_d_img_d18_x01920_y55040.png,0.2607,316.68,417.27,323.75,423.29
ch2_ohr_ncp_20251227T1027178560_d_img_d18_x01920_y55040.png,0.2538,487.4,272.94,493.86,278.94
ch2_ohr_ncp_20251227T1027178560_d_img_d18_x01920_y55040.png,0.2384,450.94,408.42,457.02,413.82
ch2_ohr_ncp_20251227T1027178560_d_img_d18_x01920_y55040.png,0.2321,547.06,369.02,551.49,374.09
ch2_ohr_ncp_20251227T1027178560_d_img_d18_x01920_y55040.png,0.226,486.03,221.02,492.46,227.15
ch2_ohr_ncp_20251227T1027178560_d_img_d18_x01920_y55040.png,0.2248,493.18,352.63,501.51,358.63
ch2_ohr_ncp_20251227T1027178560_d_img_d18_x01920_y55040.png,0.2212,429.61,345.58,435.97,351.24
ch2_ohr_ncp_20251227T1027178560_d_img_d18_x01920_y55040.png,0.2184,348.8,373.16,354.85,379.02
ch2_ohr_ncp_20251227T1027178560_d_img_d18_x01920_y55040.png,0.2139,500.94,538.88,505.79,543.55
ch2_ohr_ncp_20251227T1027178560_d_img_d18_x01920_y55040.png,0.2134,399.82,486.54,406.83,491.88
ch2_ohr_ncp_20251227T1027178560_d_img_d18_x01920_y55040.png,0.2091,273.48,470.82,279.19,475.47
ch2_ohr_ncp_20251227T1027178560_d_img_d18_x01920_y55040.png,0.2077,16.3,561.08,25.05,570.39
ch2_ohr_ncp_20251227T1027178560_d_img_d18_x01920_y55040.png,0.2051,273.14,470.73,277.82,475.19
ch2_ohr_ncp_20251227T1027178560_d_img_d18_x01920_y55040.png,0.2051,338.33,506.41,345.41,512.61
ch2_ohr_ncp_20251227T1027178560_d_img_d18_x01920_y55040.png,0.2019,441.38,465.97,447.38,471.58
ch2_ohr_ncp_20251227T1027178560_d_img_d18_x01920_y55680.png,0.5443,72.0,23.36,81.17,31.55
ch2_ohr_ncp_20251227T1027178560_d_img_d18_x01920_y55680.png,0.4884,22.87,64.83,38.09,77.81
ch2_ohr_ncp_20251227T1027178560_d_img_d18_x01920_y55680.png,0.3861,71.86,129.5,78.36,135.55
ch2_ohr_ncp_20251227T1027178560_d_img_d18_x01920_y55680.png,0.3584,126.26,4.22,149.82,19.93
ch2_ohr_ncp_20251227T1027178560_d_img_d18_x01920_y55680.png,0.358,83.26,101.9,89.65,107.74
ch2_ohr_ncp_20251227T1027178560_d_img_d18_x01920_y55680.png,0.3579,84.53,101.91,90.14,107.37
ch2_ohr_ncp_20251227T1027178560_d_img_d18_x01920_y55680.png,0.3478,9.38,38.8,14.93,44.38
ch2_ohr_ncp_20251227T1027178560_d_img_d18_x01920_y55680.png,0.3341,111.22,107.33,115.93,112.18
ch2_ohr_ncp_20251227T1027178560_d_img_d18_x01920_y55680.png,0.3336,88.79,123.49,94.76,129.03
ch2_ohr_ncp_20251227T1027178560_d_img_d18_x01920_y55680.png,0.3227,125.98,195.78,135.87,203.52
ch2_ohr_ncp_20251227T1027178560_d_img_d18_x01920_y55680.png,0.3063,143.56,30.85,153.76,39.7
ch2_ohr_ncp_20251227T1027178560_d_img_d18_x01920_y55680.png,0.3036,10.41,39.06,15.4,44.6
ch2_ohr_ncp_20251227T1027178560_d_img_d18_x01920_y55680.png,0.2959,185.79,153.17,192.86,158.84
ch2_ohr_ncp_20251227T1027178560_d_img_d18_x01920_y55680.png,0.2881,12.83,22.48,17.49,26.27
ch2_ohr_ncp_20251227T1027178560_d_img_d18_x01920_y55680.png,0.2844,228.53,55.94,236.08,63.02
ch2_ohr_ncp_20251227T1027178560_d_img_d18_x01920_y55680.png,0.2833,13.35,22.17,18.09,26.55
ch2_ohr_ncp_20251227T1027178560_d_img_d18_x01920_y55680.png,0.2832,36.56,11.94,41.0,16.48
ch2_ohr_ncp_20251227T1027178560_d_img_d18_x01920_y55680.png,0.2775,100.93,132.5,107.91,137.86
ch2_ohr_ncp_20251227T1027178560_d_img_d18_x01920_y55680.png,0.2754,185.1,66.11,190.22,71.32
ch2_ohr_ncp_20251227T1027178560_d_img_d18_x01920_y55680.png,0.2753,126.36,110.66,132.42,117.7
ch2_ohr_ncp_20251227T1027178560_d_img_d18_x01920_y55680.png,0.2712,103.72,44.7,109.82,49.74
ch2_ohr_ncp_20251227T1027178560_d_img_d18_x01920_y55680.png,0.2632,49.78,65.01,54.92,69.2
ch2_ohr_ncp_20251227T1027178560_d_img_d18_x01920_y55680.png,0.2608,123.53,149.38,129.95,155.08
ch2_ohr_ncp_20251227T1027178560_d_img_d18_x01920_y55680.png,0.2554,111.33,139.4,116.55,143.95
ch2_ohr_ncp_20251227T1027178560_d_img_d18_x01920_y55680.png,0.2546,101.41,23.44,105.56,27.13
ch2_ohr_ncp_20251227T1027178560_d_img_d18_x01920_y55680.png,0.25,98.49,144.58,105.44,150.63
ch2_ohr_ncp_20251227T1027178560_d_img_d18_x01920_y55680.png,0.2453,220.54,0.0,259.26,12.42
ch2_ohr_ncp_20251227T1027178560_d_img_d18_x01920_y55680.png,0.2438,14.48,22.22,20.76,26.6
ch2_ohr_ncp_20251227T1027178560_d_img_d18_x01920_y55680.png,0.2397,168.92,135.25,177.19,141.82
ch2_ohr_ncp_20251227T1027178560_d_img_d18_x01920_y55680.png,0.2389,86.35,140.9,91.21,145.44
ch2_ohr_ncp_20251227T1027178560_d_img_d18_x01920_y55680.png,0.2356,48.18,36.21,53.66,42.12
ch2_ohr_ncp_20251227T1027178560_d_img_d18_x01920_y55680.png,0.2332,268.08,120.71,278.37,128.48
ch2_ohr_ncp_20251227T1027178560_d_img_d18_x01920_y55680.png,0.2308,0.05,22.22,3.62,27.61
ch2_ohr_ncp_20251227T1027178560_d_img_d18_x01920_y55680.png,0.2301,102.63,23.25,106.5,27.28
ch2_ohr_ncp_20251227T1027178560_d_img_d18_x01920_y55680.png,0.2248,427.24,3.23,433.53,9.21
ch2_ohr_ncp_20251227T1027178560_d_img_d18_x01920_y55680.png,0.2228,45.09,52.34,49.54,56.26
ch2_ohr_ncp_20251227T1027178560_d_img_d18_x01920_y55680.png,0.2216,252.02,31.74,257.07,36.19
ch2_ohr_ncp_20251227T1027178560_d_img_d18_x01920_y55680.png,0.2212,289.09,99.39,293.7,103.73
ch2_ohr_ncp_20251227T1027178560_d_img_d18_x01920_y55680.png,0.2197,111.89,139.43,117.88,144.02
ch2_ohr_ncp_20251227T1027178560_d_img_d18_x01920_y55680.png,0.2154,144.46,62.28,154.42,72.01
ch2_ohr_ncp_20251227T1027178560_d_img_d18_x01920_y55680.png,0.2118,307.68,26.24,318.08,33.22
ch2_ohr_ncp_20251227T1027178560_d_img_d18_x01920_y55680.png,0.2114,100.13,131.95,106.32,137.81
ch2_ohr_ncp_20251227T1027178560_d_img_d18_x01920_y55680.png,0.2114,111.64,106.81,117.41,112.06
ch2_ohr_ncp_20251227T1027178560_d_img_d18_x01920_y55680.png,0.2047,227.87,55.0,235.12,61.04
ch2_ohr_ncp_20251227T1027178560_d_img_d18_x01920_y55680.png,0.2027,152.56,177.17,157.46,182.0
ch2_ohr_ncp_20251227T1027178560_d_img_d18_x01920_y55680.png,0.2017,161.37,154.91,166.34,159.58
ch2_ohr_ncp_20251227T1027178560_d_img_d18_x01920_y57600.png,0.4275,491.92,415.04,501.7,423.44
ch2_ohr_ncp_20251227T1027178560_d_img_d18_x01920_y57600.png,0.3406,465.49,385.53,472.54,392.32
ch2_ohr_ncp_20251227T1027178560_d_img_d18_x01920_y57600.png,0.3194,498.0,367.18,507.8,376.23
ch2_ohr_ncp_20251227T1027178560_d_img_d18_x01920_y57600.png,0.3072,525.17,278.45,535.72,286.95
ch2_ohr_ncp_20251227T1027178560_d_img_d18_x01920_y57600.png,0.3044,566.81,222.96,574.91,229.94
ch2_ohr_ncp_20251227T1027178560_d_img_d18_x01920_y57600.png,0.3026,565.41,360.56,573.28,367.39
ch2_ohr_ncp_20251227T1027178560_d_img_d18_x01920_y57600.png,0.2907,629.15,349.25,637.58,355.39
ch2_ohr_ncp_20251227T1027178560_d_img_d18_x01920_y57600.png,0.2789,598.54,311.94,603.88,317.3
ch2_ohr_ncp_20251227T1027178560_d_img_d18_x01920_y57600.png,0.2574,514.57,342.15,522.21,348.72
ch2_ohr_ncp_20251227T1027178560_d_img_d18_x01920_y57600.png,0.2523,616.72,366.5,621.5,371.49
ch2_ohr_ncp_20251227T1027178560_d_img_d18_x01920_y57600.png,0.2334,527.85,396.17,534.1,401.88
ch2_ohr_ncp_20251227T1027178560_d_img_d18_x01920_y57600.png,0.2297,527.11,396.29,533.49,401.14
ch2_ohr_ncp_20251227T1027178560_d_img_d18_x01920_y57600.png,0.213,594.73,351.69,599.75,355.95
ch2_ohr_ncp_20251227T1027178560_d_img_d18_x01920_y60160.png,0.3432,47.0,9.61,145.34,70.02
ch2_ohr_ncp_20251227T1027178560_d_img_d18_x01920_y60160.png,0.2269,190.91,163.55,270.13,208.13
ch2_ohr_ncp_20251227T1027178560_d_img_d18_x01920_y60160.png,0.2011,119.39,265.75,249.51,352.45
ch2_ohr_ncp_20251227T1027178560_d_img_d18_x01920_y60800.png,0.2995,115.74,629.38,134.57,639.56
ch2_ohr_ncp_20251227T1027178560_d_img_d18_x01920_y61440.png,0.2052,101.0,370.22,191.44,419.81
ch2_ohr_ncp_20251227T1027178560_d_img_d18_x01920_y64640.png,0.3811,439.38,0.0,534.69,57.58
ch2_ohr_ncp_20251227T1027178560_d_img_d18_x01920_y77440.png,0.6659,541.22,9.27,638.41,67.57
ch2_ohr_ncp_20251227T1027178560_d_img_d18_x01920_y77440.png,0.2838,529.78,13.61,640.0,76.65
ch2_ohr_ncp_20251227T1027178560_d_img_d18_x01920_y78720.png,0.273,571.38,568.75,579.72,575.1
ch2_ohr_ncp_20251227T1027178560_d_img_d18_x01920_y78720.png,0.2213,597.48,545.38,605.66,551.61
ch2_ohr_ncp_20251227T1027178560_d_img_d18_x01920_y78720.png,0.2118,583.82,621.91,589.51,627.1
ch2_ohr_ncp_20251227T1027178560_d_img_d18_x02560_y55680.png,0.3082,420.05,9.7,425.49,15.2
ch2_ohr_ncp_20251227T1027178560_d_img_d18_x02560_y55680.png,0.2609,50.0,2.4,57.54,9.52
ch2_ohr_ncp_20251227T1027178560_d_img_d18_x02560_y56960.png,0.2912,480.67,620.1,486.28,625.25
ch2_ohr_ncp_20251227T1027178560_d_img_d18_x02560_y56960.png,0.2909,556.72,0.0,640.0,31.35
ch2_ohr_ncp_20251227T1027178560_d_img_d18_x02560_y56960.png,0.2349,577.94,481.62,584.4,487.7
ch2_ohr_ncp_20251227T1027178560_d_img_d18_x02560_y57600.png,0.515,254.21,309.67,264.47,317.26
ch2_ohr_ncp_20251227T1027178560_d_img_d18_x02560_y57600.png,0.4739,62.58,191.91,70.36,198.36
ch2_ohr_ncp_20251227T1027178560_d_img_d18_x02560_y57600.png,0.4734,33.48,209.96,39.37,215.49
ch2_ohr_ncp_20251227T1027178560_d_img_d18_x02560_y57600.png,0.4548,204.43,335.49,210.14,339.55
ch2_ohr_ncp_20251227T1027178560_d_img_d18_x02560_y57600.png,0.4244,180.9,207.53,190.26,214.89
ch2_ohr_ncp_20251227T1027178560_d_img_d18_x02560_y57600.png,0.4179,283.02,254.37,300.14,265.57
ch2_ohr_ncp_20251227T1027178560_d_img_d18_x02560_y57600.png,0.3976,28.53,356.61,39.17,364.68
ch2_ohr_ncp_20251227T1027178560_d_img_d18_x02560_y57600.png,0.3728,132.01,231.72,141.39,239.21
ch2_ohr_ncp_20251227T1027178560_d_img_d18_x02560_y57600.png,0.366,5.79,221.09,15.66,228.84
ch2_ohr_ncp_20251227T1027178560_d_img_d18_x02560_y57600.png,0.3596,0.06,200.11,9.06,208.92
ch2_ohr_ncp_20251227T1027178560_d_img_d18_x02560_y57600.png,0.3526,68.5,224.85,75.24,230.71
ch2_ohr_ncp_20251227T1027178560_d_img_d18_x02560_y57600.png,0.3394,350.0,176.11,357.6,181.43
ch2_ohr_ncp_20251227T1027178560_d_img_d18_x02560_y57600.png,0.3112,103.69,245.2,111.41,251.13
ch2_ohr_ncp_20251227T1027178560_d_img_d18_x02560_y57600.png,0.2921,27.11,338.91,34.09,345.06
ch2_ohr_ncp_20251227T1027178560_d_img_d18_x02560_y57600.png,0.2842,157.55,213.04,162.96,218.15
ch2_ohr_ncp_20251227T1027178560_d_img_d18_x02560_y57600.png,0.2804,164.85,174.98,173.14,181.58
ch2_ohr_ncp_20251227T1027178560_d_img_d18_x02560_y57600.png,0.2798,255.68,241.78,262.06,247.05
ch2_ohr_ncp_20251227T1027178560_d_img_d18_x02560_y57600.png,0.2639,267.82,210.99,274.97,217.43
ch2_ohr_ncp_20251227T1027178560_d_img_d18_x02560_y57600.png,0.2588,28.29,338.5,35.54,344.54
ch2_ohr_ncp_20251227T1027178560_d_img_d18_x02560_y57600.png,0.2565,291.4,271.02,301.3,278.74
ch2_ohr_ncp_20251227T1027178560_d_img_d18_x02560_y57600.png,0.2522,262.32,272.89,269.4,279.37
ch2_ohr_ncp_20251227T1027178560_d_img_d18_x02560_y57600.png,0.2469,211.16,345.54,217.15,351.59
ch2_ohr_ncp_20251227T1027178560_d_img_d18_x02560_y57600.png,0.2415,71.04,195.85,75.96,201.08
ch2_ohr_ncp_20251227T1027178560_d_img_d18_x02560_y57600.png,0.2283,202.71,380.14,214.87,390.8
ch2_ohr_ncp_20251227T1027178560_d_img_d18_x02560_y57600.png,0.2186,298.69,287.8,305.76,293.67
ch2_ohr_ncp_20251227T1027178560_d_img_d18_x02560_y57600.png,0.2178,248.31,333.2,254.24,339.17
ch2_ohr_ncp_20251227T1027178560_d_img_d18_x02560_y57600.png,0.2029,106.5,144.58,114.76,150.96
ch2_ohr_ncp_20251227T1027178560_d_img_d18_x02560_y57600.png,0.2007,94.74,147.28,101.56,152.91
ch2_ohr_ncp_20251227T1027178560_d_img_d18_x02560_y59520.png,0.2829,14.35,628.6,23.2,636.21
ch2_ohr_ncp_20251227T1027178560_d_img_d18_x02560_y59520.png,0.2599,133.39,38.95,138.8,44.25
ch2_ohr_ncp_20251227T1027178560_d_img_d18_x02560_y59520.png,0.2504,125.39,121.43,133.75,127.76
ch2_ohr_ncp_20251227T1027178560_d_img_d18_x02560_y59520.png,0.2252,557.85,32.26,562.82,36.7
ch2_ohr_ncp_20251227T1027178560_d_img_d18_x02560_y59520.png,0.2213,99.95,111.3,105.26,116.01
ch2_ohr_ncp_20251227T1027178560_d_img_d18_x02560_y59520.png,0.2166,134.11,38.6,139.48,43.73
ch2_ohr_ncp_20251227T1027178560_d_img_d18_x02560_y59520.png,0.2026,59.88,67.68,66.45,75.35
ch2_ohr_ncp_20251227T1027178560_d_img_d18_x02560_y60160.png,0.2338,133.75,549.95,140.05,555.93
ch2_ohr_ncp_20251227T1027178560_d_img_d18_x02560_y60160.png,0.2201,310.14,460.32,317.41,467.04
ch2_ohr_ncp_20251227T1027178560_d_img_d18_x02560_y60160.png,0.2127,518.12,431.49,528.07,439.34
ch2_ohr_ncp_20251227T1027178560_d_img_d18_x02560_y60160.png,0.2042,166.06,553.2,175.96,560.97
ch2_ohr_ncp_20251227T1027178560_d_img_d18_x02560_y60800.png,0.2957,446.69,63.55,453.55,68.97
ch2_ohr_ncp_20251227T1027178560_d_img_d18_x02560_y62720.png,0.2032,211.56,444.18,292.96,491.83
ch2_ohr_ncp_20251227T1027178560_d_img_d18_x02560_y65920.png,0.2202,291.77,577.24,298.87,583.55
ch2_ohr_ncp_20251227T1027178560_d_img_d18_x02560_y67200.png,0.2377,263.06,261.82,270.04,267.57
ch2_ohr_ncp_20251227T1027178560_d_img_d18_x02560_y68480.png,0.208,319.51,4.87,414.04,61.26
ch2_ohr_ncp_20251227T1027178560_d_img_d18_x02560_y78080.png,0.2101,43.04,498.08,176.8,567.89
ch2_ohr_ncp_20251227T1027178560_d_img_d18_x02560_y79360.png,0.3761,556.84,10.81,567.39,19.16
ch2_ohr_ncp_20251227T1027178560_d_img_d18_x02560_y79360.png,0.3345,64.08,0.0,78.21,8.11
ch2_ohr_ncp_20251227T1027178560_d_img_d18_x02560_y79360.png,0.2124,43.74,355.94,148.98,408.67
ch2_ohr_ncp_20251227T1027178560_d_img_d18_x02560_y79360.png,0.2034,19.36,85.71,27.5,93.68
ch2_ohr_ncp_20251227T1027178560_d_img_d18_x03200_y53120.png,0.3122,207.27,176.62,311.2,231.01
ch2_ohr_ncp_20251227T1027178560_d_img_d18_x03200_y55040.png,0.2449,401.83,556.59,468.53,614.56
ch2_ohr_ncp_20251227T1027178560_d_img_d18_x03200_y55680.png,0.2817,0.27,4.19,5.86,12.26
ch2_ohr_ncp_20251227T1027178560_d_img_d18_x03200_y55680.png,0.2338,542.24,18.4,547.93,23.49
ch2_ohr_ncp_20251227T1027178560_d_img_d18_x03200_y55680.png,0.2238,574.55,18.83,581.49,24.61
ch2_ohr_ncp_20251227T1027178560_d_img_d18_x03200_y55680.png,0.217,626.41,12.23,633.33,17.61
ch2_ohr_ncp_20251227T1027178560_d_img_d18_x03200_y55680.png,0.2145,541.54,18.66,545.91,23.09
ch2_ohr_ncp_20251227T1027178560_d_img_d18_x03200_y55680.png,0.2099,619.8,80.58,626.22,86.27
ch2_ohr_ncp_20251227T1027178560_d_img_d18_x03200_y58240.png,0.3089,161.05,560.98,171.91,569.98
ch2_ohr_ncp_20251227T1027178560_d_img_d18_x03200_y58240.png,0.3082,557.34,605.85,568.58,614.22
ch2_ohr_ncp_20251227T1027178560_d_img_d18_x03200_y58240.png,0.2429,481.83,540.4,492.37,550.41
ch2_ohr_ncp_20251227T1027178560_d_img_d18_x03200_y58240.png,0.2168,272.62,630.94,277.55,635.69
ch2_ohr_ncp_20251227T1027178560_d_img_d18_x03200_y58240.png,0.2145,417.42,595.29,422.83,599.95
ch2_ohr_ncp_20251227T1027178560_d_img_d18_x03200_y58240.png,0.2036,74.82,480.22,83.44,486.79
ch2_ohr_ncp_20251227T1027178560_d_img_d18_x03200_y58880.png,0.2059,260.9,8.21,269.19,14.29
ch2_ohr_ncp_20251227T1027178560_d_img_d18_x03200_y61440.png,0.279,80.26,0.0,101.73,9.7
ch2_ohr_ncp_20251227T1027178560_d_img_d18_x03200_y62720.png,0.3721,604.43,35.27,610.49,40.65
ch2_ohr_ncp_20251227T1027178560_d_img_d18_x03200_y62720.png,0.2881,179.54,81.16,185.48,86.14
ch2_ohr_ncp_20251227T1027178560_d_img_d18_x03200_y62720.png,0.269,492.52,67.08,497.91,71.66
ch2_ohr_ncp_20251227T1027178560_d_img_d18_x03200_y62720.png,0.2661,151.02,84.59,156.84,89.16
ch2_ohr_ncp_20251227T1027178560_d_img_d18_x03200_y62720.png,0.2504,27.78,15.67,35.04,23.03
ch2_ohr_ncp_20251227T1027178560_d_img_d18_x03200_y62720.png,0.2447,168.29,142.25,173.22,147.04
ch2_ohr_ncp_20251227T1027178560_d_img_d18_x03200_y62720.png,0.2371,300.04,10.6,309.47,18.19
ch2_ohr_ncp_20251227T1027178560_d_img_d18_x03200_y62720.png,0.2338,542.02,107.2,548.3,112.3
ch2_ohr_ncp_20251227T1027178560_d_img_d18_x03200_y62720.png,0.2292,0.14,76.21,13.78,88.12
ch2_ohr_ncp_20251227T1027178560_d_img_d18_x03200_y62720.png,0.2284,203.97,89.2,208.61,92.97
ch2_ohr_ncp_20251227T1027178560_d_img_d18_x03200_y62720.png,0.214,493.76,67.01,499.01,71.58
ch2_ohr_ncp_20251227T1027178560_d_img_d18_x03200_y62720.png,0.2104,191.25,92.76,196.98,98.09
ch2_ohr_ncp_20251227T1027178560_d_img_d18_x03200_y64640.png,0.2058,106.18,0.0,175.21,28.85
ch2_ohr_ncp_20251227T1027178560_d_img_d18_x03200_y65920.png,0.2007,135.42,544.82,142.57,551.02
ch2_ohr_ncp_20251227T1027178560_d_img_d18_x03200_y69120.png,0.2471,322.76,6.65,331.5,14.79
ch2_ohr_ncp_20251227T1027178560_d_img_d18_x03200_y77440.png,0.2236,589.83,9.8,597.66,16.44
ch2_ohr_ncp_20251227T1027178560_d_img_d18_x03200_y77440.png,0.2158,326.65,16.97,332.96,22.9
ch2_ohr_ncp_20251227T1027178560_d_img_d18_x03200_y77440.png,0.2071,243.52,0.33,251.79,7.94
ch2_ohr_ncp_20251227T1027178560_d_img_d18_x03200_y78720.png,0.2637,628.54,630.66,635.46,635.91
ch2_ohr_ncp_20251227T1027178560_d_img_d18_x03200_y78720.png,0.239,0.0,407.5,68.39,462.97
ch2_ohr_ncp_20251227T1027178560_d_img_d18_x03200_y80000.png,0.2453,496.22,296.07,594.25,368.62
ch2_ohr_ncp_20251227T1027178560_d_img_d18_x03200_y80000.png,0.2172,630.4,7.92,639.8,18.13
ch2_ohr_ncp_20251227T1027178560_d_img_d18_x03200_y80000.png,0.2084,204.58,253.57,213.06,261.05
ch2_ohr_ncp_20251227T1027178560_d_img_d18_x03840_y56320.png,0.4809,511.26,495.02,523.87,504.78
ch2_ohr_ncp_20251227T1027178560_d_img_d18_x03840_y56320.png,0.2689,588.44,591.9,594.82,597.51
ch2_ohr_ncp_20251227T1027178560_d_img_d18_x03840_y56320.png,0.2535,477.95,542.39,487.19,549.49
ch2_ohr_ncp_20251227T1027178560_d_img_d18_x03840_y56320.png,0.2252,501.58,539.8,507.24,544.98
ch2_ohr_ncp_20251227T1027178560_d_img_d18_x03840_y56960.png,0.2207,15.28,625.72,22.8,631.48
ch2_ohr_ncp_20251227T1027178560_d_img_d18_x03840_y56960.png,0.2162,622.22,12.64,632.27,21.67
ch2_ohr_ncp_20251227T1027178560_d_img_d18_x03840_y57600.png,0.2414,607.55,560.22,612.25,564.67
ch2_ohr_ncp_20251227T1027178560_d_img_d18_x03840_y58240.png,0.481,349.34,116.15,356.21,122.6
ch2_ohr_ncp_20251227T1027178560_d_img_d18_x03840_y58240.png,0.4803,347.85,39.7,352.85,44.07
ch2_ohr_ncp_20251227T1027178560_d_img_d18_x03840_y58240.png,0.4499,611.17,140.47,625.2,151.34
ch2_ohr_ncp_20251227T1027178560_d_img_d18_x03840_y58240.png,0.4329,266.66,8.82,286.56,22.38
ch2_ohr_ncp_20251227T1027178560_d_img_d18_x03840_y58240.png,0.4317,571.73,25.43,576.78,30.01
ch2_ohr_ncp_20251227T1027178560_d_img_d18_x03840_y58240.png,0.4213,369.17,38.55,376.42,45.2
ch2_ohr_ncp_20251227T1027178560_d_img_d18_x03840_y58240.png,0.3969,423.49,145.16,430.2,151.05
ch2_ohr_ncp_20251227T1027178560_d_img_d18_x03840_y58240.png,0.3915,511.42,92.63,516.93,97.5
ch2_ohr_ncp_20251227T1027178560_d_img_d18_x03840_y58240.png,0.3812,388.06,33.36,394.1,39.62
ch2_ohr_ncp_20251227T1027178560_d_img_d18_x03840_y58240.png,0.3629,356.29,97.7,366.5,105.47
ch2_ohr_ncp_20251227T1027178560_d_img_d18_x03840_y58240.png,0.3527,628.62,56.48,638.75,65.25
ch2_ohr_ncp_20251227T1027178560_d_img_d18_x03840_y58240.png,0.3469,36.02,556.43,43.45,563.47
ch2_ohr_ncp_20251227T1027178560_d_img_d18_x03840_y58240.png,0.3462,370.13,38.12,376.65,44.34
ch2_ohr_ncp_20251227T1027178560_d_img_d18_x03840_y58240.png,0.3305,318.39,102.71,323.68,107.78
ch2_ohr_ncp_20251227T1027178560_d_img_d18_x03840_y58240.png,0.3242,523.53,48.73,530.55,54.87
ch2_ohr_ncp_20251227T1027178560_d_img_d18_x03840_y58240.png,0.3136,36.6,547.34,42.28,551.92
ch2_ohr_ncp_20251227T1027178560_d_img_d18_x03840_y58240.png,0.2931,227.76,18.51,233.36,23.47
ch2_ohr_ncp_20251227T1027178560_d_img_d18_x03840_y58240.png,0.2921,465.45,76.85,470.58,81.1
ch2_ohr_ncp_20251227T1027178560_d_img_d18_x03840_y58240.png,0.2915,291.06,130.64,299.09,138.91
ch2_ohr_ncp_20251227T1027178560_d_img_d18_x03840_y58240.png,0.2879,630.53,101.88,637.36,108.03
ch2_ohr_ncp_20251227T1027178560_d_img_d18_x03840_y58240.png,0.2868,359.79,129.73,364.57,134.22
ch2_ohr_ncp_20251227T1027178560_d_img_d18_x03840_y58240.png,0.2709,630.73,0.13,638.71,5.23
ch2_ohr_ncp_20251227T1027178560_d_img_d18_x03840_y58240.png,0.266,318.84,102.78,325.18,108.31
ch2_ohr_ncp_20251227T1027178560_d_img_d18_x03840_y58240.png,0.2566,403.58,63.33,409.76,68.4
ch2_ohr_ncp_20251227T1027178560_d_img_d18_x03840_y58240.png,0.2504,588.73,99.77,594.19,104.47
ch2_ohr_ncp_20251227T1027178560_d_img_d18_x03840_y58240.png,0.2346,619.47,65.91,626.08,72.18
ch2_ohr_ncp_20251227T1027178560_d_img_d18_x03840_y58240.png,0.2324,302.6,84.51,309.41,89.47
ch2_ohr_ncp_20251227T1027178560_d_img_d18_x03840_y58240.png,0.2273,316.74,33.37,323.77,39.2
ch2_ohr_ncp_20251227T1027178560_d_img_d18_x03840_y58240.png,0.2262,228.74,18.56,234.12,23.7
ch2_ohr_ncp_20251227T1027178560_d_img_d18_x03840_y58240.png,0.2186,360.24,107.82,366.37,114.49
ch2_ohr_ncp_20251227T1027178560_d_img_d18_x03840_y58240.png,0.2084,56.22,8.18,164.63,94.34
ch2_ohr_ncp_20251227T1027178560_d_img_d18_x03840_y58240.png,0.2073,569.07,63.29,573.52,67.32
ch2_ohr_ncp_20251227T1027178560_d_img_d18_x03840_y58240.png,0.2021,319.0,141.44,327.07,147.9
ch2_ohr_ncp_20251227T1027178560_d_img_d18_x03840_y58880.png,0.3705,384.52,322.34,390.11,327.37
ch2_ohr_ncp_20251227T1027178560_d_img_d18_x03840_y58880.png,0.3351,446.54,322.3,453.09,328.25
ch2_ohr_ncp_20251227T1027178560_d_img_d18_x03840_y58880.png,0.2909,158.5,255.2,172.46,265.59
ch2_ohr_ncp_20251227T1027178560_d_img_d18_x03840_y58880.png,0.277,197.42,246.24,206.28,252.57
ch2_ohr_ncp_20251227T1027178560_d_img_d18_x03840_y58880.png,0.2758,614.74,570.5,622.68,577.08
ch2_ohr_ncp_20251227T1027178560_d_img_d18_x03840_y58880.png,0.2644,51.13,339.11,56.85,344.41
ch2_ohr_ncp_20251227T1027178560_d_img_d18_x03840_y58880.png,0.2478,289.31,335.1,293.6,339.48
ch2_ohr_ncp_20251227T1027178560_d_img_d18_x03840_y58880.png,0.2379,230.02,241.28,239.21,247.84
ch2_ohr_ncp_20251227T1027178560_d_img_d18_x03840_y58880.png,0.2364,314.8,364.96,325.27,372.72
ch2_ohr_ncp_20251227T1027178560_d_img_d18_x03840_y58880.png,0.2194,314.68,375.81,327.02,388.35
ch2_ohr_ncp_20251227T1027178560_d_img_d18_x03840_y58880.png,0.2183,422.31,172.91,429.23,180.97
ch2_ohr_ncp_20251227T1027178560_d_img_d18_x03840_y58880.png,0.2172,287.4,360.35,293.68,365.11
ch2_ohr_ncp_20251227T1027178560_d_img_d18_x03840_y58880.png,0.2033,159.21,172.35,166.33,178.79
ch2_ohr_ncp_20251227T1027178560_d_img_d18_x03840_y60800.png,0.3858,218.5,419.39,273.65,444.81
ch2_ohr_ncp_20251227T1027178560_d_img_d18_x03840_y60800.png,0.2184,67.16,0.37,74.11,5.8
ch2_ohr_ncp_20251227T1027178560_d_img_d18_x03840_y61440.png,0.2693,429.36,15.16,440.3,23.87
ch2_ohr_ncp_20251227T1027178560_d_img_d18_x03840_y62720.png,0.4213,273.1,238.95,281.94,246.35
ch2_ohr_ncp_20251227T1027178560_d_img_d18_x03840_y62720.png,0.3736,286.25,223.46,293.86,229.47
ch2_ohr_ncp_20251227T1027178560_d_img_d18_x03840_y62720.png,0.3312,285.59,316.61,295.55,324.78
ch2_ohr_ncp_20251227T1027178560_d_img_d18_x03840_y62720.png,0.3138,307.16,402.77,321.76,414.11
ch2_ohr_ncp_20251227T1027178560_d_img_d18_x03840_y62720.png,0.294,306.42,368.54,314.96,375.67
ch2_ohr_ncp_20251227T1027178560_d_img_d18_x03840_y62720.png,0.2574,432.99,261.14,438.68,266.87
ch2_ohr_ncp_20251227T1027178560_d_img_d18_x03840_y62720.png,0.2547,432.27,260.79,439.82,267.17
ch2_ohr_ncp_20251227T1027178560_d_img_d18_x03840_y62720.png,0.2432,465.92,227.81,475.64,237.22
ch2_ohr_ncp_20251227T1027178560_d_img_d18_x03840_y62720.png,0.2288,387.81,335.25,393.78,340.46
ch2_ohr_ncp_20251227T1027178560_d_img_d18_x03840_y62720.png,0.2126,341.3,288.52,350.6,295.84
ch2_ohr_ncp_20251227T1027178560_d_img_d18_x03840_y62720.png,0.2088,336.45,220.68,343.12,226.98
ch2_ohr_ncp_20251227T1027178560_d_img_d18_x03840_y62720.png,0.2076,285.44,223.53,292.65,228.97
ch2_ohr_ncp_20251227T1027178560_d_img_d18_x03840_y62720.png,0.2064,452.93,379.69,458.8,384.62
ch2_ohr_ncp_20251227T1027178560_d_img_d18_x03840_y68480.png,0.2075,37.05,153.1,44.51,159.79
ch2_ohr_ncp_20251227T1027178560_d_img_d18_x03840_y74880.png,0.7125,591.35,575.28,608.43,587.14
ch2_ohr_ncp_20251227T1027178560_d_img_d18_x03840_y74880.png,0.66,296.17,495.27,314.12,508.49
ch2_ohr_ncp_20251227T1027178560_d_img_d18_x03840_y74880.png,0.6331,566.88,610.05,577.49,619.57
ch2_ohr_ncp_20251227T1027178560_d_img_d18_x03840_y74880.png,0.6199,289.48,610.74,299.25,618.36
ch2_ohr_ncp_20251227T1027178560_d_img_d18_x03840_y74880.png,0.6177,560.13,591.16,570.23,597.79
ch2_ohr_ncp_20251227T1027178560_d_img_d18_x03840_y74880.png,0.6159,595.26,418.56,606.45,427.35
ch2_ohr_ncp_20251227T1027178560_d_img_d18_x03840_y74880.png,0.579,295.44,593.05,302.35,599.26
ch2_ohr_ncp_20251227T1027178560_d_img_d18_x03840_y74880.png,0.5355,354.16,500.18,376.53,516.87
ch2_ohr_ncp_20251227T1027178560_d_img_d18_x03840_y74880.png,0.4726,256.98,615.96,263.41,621.7
ch2_ohr_ncp_20251227T1027178560_d_img_d18_x03840_y74880.png,0.4722,621.45,458.21,628.38,463.95
ch2_ohr_ncp_20251227T1027178560_d_img_d18_x03840_y74880.png,0.4721,271.71,577.48,277.27,582.77
ch2_ohr_ncp_20251227T1027178560_d_img_d18_x03840_y74880.png,0.4557,526.48,427.13,535.18,433.44
ch2_ohr_ncp_20251227T1027178560_d_img_d18_x03840_y74880.png,0.4401,271.05,623.05,277.17,628.13
ch2_ohr_ncp_20251227T1027178560_d_img_d18_x03840_y74880.png,0.4372,334.01,450.4,341.46,456.98
ch2_ohr_ncp_20251227T1027178560_d_img_d18_x03840_y74880.png,0.4324,435.97,548.51,442.56,554.57
ch2_ohr_ncp_20251227T1027178560_d_img_d18_x03840_y74880.png,0.4278,396.42,588.34,403.2,595.61
ch2_ohr_ncp_20251227T1027178560_d_img_d18_x03840_y74880.png,0.4134,390.15,601.4,396.4,607.03
ch2_ohr_ncp_20251227T1027178560_d_img_d18_x03840_y74880.png,0.3765,404.26,482.95,410.12,488.03
ch2_ohr_ncp_20251227T1027178560_d_img_d18_x03840_y74880.png,0.3758,544.79,551.22,554.39,558.35
ch2_ohr_ncp_20251227T1027178560_d_img_d18_x03840_y74880.png,0.3749,427.25,496.76,435.9,503.71
ch2_ohr_ncp_20251227T1027178560_d_img_d18_x03840_y74880.png,0.3689,514.97,378.42,520.57,383.45
ch2_ohr_ncp_20251227T1027178560_d_img_d18_x03840_y74880.png,0.3532,511.26,431.43,517.73,437.67
ch2_ohr_ncp_20251227T1027178560_d_img_d18_x03840_y74880.png,0.3236,412.28,628.85,417.79,634.44
ch2_ohr_ncp_20251227T1027178560_d_img_d18_x03840_y74880.png,0.3048,295.8,572.4,300.67,577.1
ch2_ohr_ncp_20251227T1027178560_d_img_d18_x03840_y74880.png,0.3046,412.23,516.73,419.46,523.87
ch2_ohr_ncp_20251227T1027178560_d_img_d18_x03840_y74880.png,0.2956,385.97,569.67,391.68,574.67
ch2_ohr_ncp_20251227T1027178560_d_img_d18_x03840_y74880.png,0.2943,546.15,402.61,550.79,406.98
ch2_ohr_ncp_20251227T1027178560_d_img_d18_x03840_y74880.png,0.2897,310.96,548.57,315.21,552.37
ch2_ohr_ncp_20251227T1027178560_d_img_d18_x03840_y74880.png,0.2848,271.12,623.64,278.6,628.99
ch2_ohr_ncp_20251227T1027178560_d_img_d18_x03840_y74880.png,0.2827,633.39,451.28,638.42,455.49
ch2_ohr_ncp_20251227T1027178560_d_img_d18_x03840_y74880.png,0.2668,288.9,571.44,293.41,575.55
ch2_ohr_ncp_20251227T1027178560_d_img_d18_x03840_y74880.png,0.2562,478.57,446.34,487.37,453.14
ch2_ohr_ncp_20251227T1027178560_d_img_d18_x03840_y74880.png,0.2552,258.76,548.08,264.59,553.09
ch2_ohr_ncp_20251227T1027178560_d_img_d18_x03840_y74880.png,0.2487,289.8,571.19,293.93,575.17
ch2_ohr_ncp_20251227T1027178560_d_img_d18_x03840_y74880.png,0.2481,271.27,578.08,276.51,583.31
ch2_ohr_ncp_20251227T1027178560_d_img_d18_x03840_y74880.png,0.2477,258.93,599.53,263.95,603.74
ch2_ohr_ncp_20251227T1027178560_d_img_d18_x03840_y74880.png,0.2422,258.24,599.41,262.87,603.65
ch2_ohr_ncp_20251227T1027178560_d_img_d18_x03840_y74880.png,0.2345,511.84,407.07,516.7,411.77
ch2_ohr_ncp_20251227T1027178560_d_img_d18_x03840_y74880.png,0.2272,295.97,572.41,299.31,576.95
ch2_ohr_ncp_20251227T1027178560_d_img_d18_x03840_y74880.png,0.2251,311.62,548.27,315.79,552.27
ch2_ohr_ncp_20251227T1027178560_d_img_d18_x03840_y74880.png,0.2235,500.43,534.55,506.98,541.09
ch2_ohr_ncp_20251227T1027178560_d_img_d18_x03840_y74880.png,0.223,257.52,548.32,261.84,553.33
ch2_ohr_ncp_20251227T1027178560_d_img_d18_x03840_y74880.png,0.2203,542.62,367.22,546.86,371.56
ch2_ohr_ncp_20251227T1027178560_d_img_d18_x03840_y74880.png,0.2149,407.91,469.03,412.1,473.12
ch2_ohr_ncp_20251227T1027178560_d_img_d18_x03840_y74880.png,0.2124,511.27,407.28,515.95,412.02
ch2_ohr_ncp_20251227T1027178560_d_img_d18_x03840_y74880.png,0.2073,515.03,397.88,521.87,404.92
ch2_ohr_ncp_20251227T1027178560_d_img_d18_x03840_y74880.png,0.2057,501.33,535.49,507.59,541.26
ch2_ohr_ncp_20251227T1027178560_d_img_d18_x03840_y74880.png,0.2011,592.91,404.74,597.0,408.38
ch2_ohr_ncp_20251227T1027178560_d_img_d18_x03840_y75520.png,0.35,346.01,23.2,351.06,27.52
ch2_ohr_ncp_20251227T1027178560_d_img_d18_x03840_y75520.png,0.2889,400.63,19.13,410.46,27.43
ch2_ohr_ncp_20251227T1027178560_d_img_d18_x03840_y75520.png,0.2263,347.18,22.01,352.77,27.13
ch2_ohr_ncp_20251227T1027178560_d_img_d18_x03840_y75520.png,0.2195,211.55,29.67,218.37,35.06
ch2_ohr_ncp_20251227T1027178560_d_img_d18_x03840_y75520.png,0.2145,211.12,30.26,217.62,35.59
ch2_ohr_ncp_20251227T1027178560_d_img_d18_x03840_y75520.png,0.2102,331.88,5.33,338.34,13.07
ch2_ohr_ncp_20251227T1027178560_d_img_d18_x03840_y76160.png,0.255,556.84,460.15,624.06,523.21
ch2_ohr_ncp_20251227T1027178560_d_img_d18_x04480_y100480.png,0.3888,508.7,543.31,521.47,552.21
ch2_ohr_ncp_20251227T1027178560_d_img_d18_x04480_y100480.png,0.2971,577.17,498.51,587.37,506.51
ch2_ohr_ncp_20251227T1027178560_d_img_d18_x04480_y100480.png,0.286,558.05,418.37,566.77,426.24
ch2_ohr_ncp_20251227T1027178560_d_img_d18_x04480_y100480.png,0.2526,612.29,570.68,624.4,581.7
ch2_ohr_ncp_20251227T1027178560_d_img_d18_x04480_y100480.png,0.249,366.17,499.52,374.55,507.18
ch2_ohr_ncp_20251227T1027178560_d_img_d18_x04480_y100480.png,0.2249,423.52,432.34,430.98,438.69
ch2_ohr_ncp_20251227T1027178560_d_img_d18_x04480_y53760.png,0.2459,531.26,400.7,640.0,478.7
ch2_ohr_ncp_20251227T1027178560_d_img_d18_x04480_y54400.png,0.2867,566.62,219.33,571.93,224.28
ch2_ohr_ncp_20251227T1027178560_d_img_d18_x04480_y54400.png,0.2144,565.68,203.66,572.29,209.8
ch2_ohr_ncp_20251227T1027178560_d_img_d18_x04480_y56960.png,0.3182,0.0,249.93,6.74,256.17
ch2_ohr_ncp_20251227T1027178560_d_img_d18_x04480_y56960.png,0.2857,23.79,92.25,33.04,99.77
ch2_ohr_ncp_20251227T1027178560_d_img_d18_x04480_y56960.png,0.259,502.02,126.61,508.12,132.0
ch2_ohr_ncp_20251227T1027178560_d_img_d18_x04480_y56960.png,0.2509,117.63,311.33,127.37,319.27
ch2_ohr_ncp_20251227T1027178560_d_img_d18_x04480_y56960.png,0.2459,612.13,101.27,618.11,106.63
ch2_ohr_ncp_20251227T1027178560_d_img_d18_x04480_y56960.png,0.2402,0.56,249.42,7.85,255.47
ch2_ohr_ncp_20251227T1027178560_d_img_d18_x04480_y56960.png,0.2381,21.49,150.63,28.02,156.57
ch2_ohr_ncp_20251227T1027178560_d_img_d18_x04480_y56960.png,0.228,147.94,135.57,153.46,141.18
ch2_ohr_ncp_20251227T1027178560_d_img_d18_x04480_y56960.png,0.224,515.59,122.14,523.7,128.99
ch2_ohr_ncp_20251227T1027178560_d_img_d18_x04480_y56960.png,0.2239,433.64,30.21,441.78,37.32
ch2_ohr_ncp_20251227T1027178560_d_img_d18_x04480_y56960.png,0.2109,214.58,256.45,222.04,263.24
ch2_ohr_ncp_20251227T1027178560_d_img_d18_x04480_y56960.png,0.2025,0.22,186.51,6.18,191.21
ch2_ohr_ncp_20251227T1027178560_d_img_d18_x04480_y56960.png,0.2011,176.94,50.33,185.3,57.12
ch2_ohr_ncp_20251227T1027178560_d_img_d18_x04480_y57600.png,0.4891,134.89,607.71,142.69,615.37
ch2_ohr_ncp_20251227T1027178560_d_img_d18_x04480_y57600.png,0.3805,170.04,601.29,178.55,608.34
ch2_ohr_ncp_20251227T1027178560_d_img_d18_x04480_y57600.png,0.2158,154.51,628.42,160.18,633.67
ch2_ohr_ncp_20251227T1027178560_d_img_d18_x04480_y58240.png,0.4452,138.33,48.57,149.73,58.77
ch2_ohr_ncp_20251227T1027178560_d_img_d18_x04480_y58240.png,0.3048,168.9,20.77,174.8,26.8
ch2_ohr_ncp_20251227T1027178560_d_img_d18_x04480_y58240.png,0.2933,125.65,32.98,135.88,41.95
ch2_ohr_ncp_20251227T1027178560_d_img_d18_x04480_y58240.png,0.292,311.53,72.81,318.01,79.21
ch2_ohr_ncp_20251227T1027178560_d_img_d18_x04480_y58240.png,0.2737,158.05,91.46,169.24,101.28
ch2_ohr_ncp_20251227T1027178560_d_img_d18_x04480_y58240.png,0.2676,523.7,333.27,528.71,337.84
ch2_ohr_ncp_20251227T1027178560_d_img_d18_x04480_y58240.png,0.2625,342.38,73.38,348.07,78.97
ch2_ohr_ncp_20251227T1027178560_d_img_d18_x04480_y58240.png,0.2542,102.58,135.65,112.62,143.5
ch2_ohr_ncp_20251227T1027178560_d_img_d18_x04480_y58240.png,0.2501,202.7,113.71,221.76,128.64
ch2_ohr_ncp_20251227T1027178560_d_img_d18_x04480_y58240.png,0.2431,228.1,25.51,234.27,30.71
ch2_ohr_ncp_20251227T1027178560_d_img_d18_x04480_y58240.png,0.2375,254.0,35.61,258.84,40.23
ch2_ohr_ncp_20251227T1027178560_d_img_d18_x04480_y58240.png,0.2346,384.83,19.73,391.41,25.69
ch2_ohr_ncp_20251227T1027178560_d_img_d18_x04480_y58240.png,0.2128,57.45,178.91,62.59,183.89
ch2_ohr_ncp_20251227T1027178560_d_img_d18_x04480_y58240.png,0.2127,320.29,80.5,328.07,86.55
ch2_ohr_ncp_20251227T1027178560_d_img_d18_x04480_y58240.png,0.201,269.24,34.11,275.94,39.73
ch2_ohr_ncp_20251227T1027178560_d_img_d18_x04480_y62080.png,0.2331,381.83,362.5,482.87,444.88
ch2_ohr_ncp_20251227T1027178560_d_img_d18_x04480_y67200.png,0.4163,444.71,0.0,517.07,30.19
ch2_ohr_ncp_20251227T1027178560_d_img_d18_x04480_y67200.png,0.2149,443.83,0.1,521.79,39.28
ch2_ohr_ncp_20251227T1027178560_d_img_d18_x04480_y74880.png,0.3896,572.06,446.3,578.15,451.73
ch2_ohr_ncp_20251227T1027178560_d_img_d18_x04480_y74880.png,0.2926,609.99,400.53,618.13,407.74
ch2_ohr_ncp_20251227T1027178560_d_img_d18_x04480_y74880.png,0.2401,584.7,468.01,592.63,474.91
ch2_ohr_ncp_20251227T1027178560_d_img_d18_x04480_y74880.png,0.212,620.41,449.6,626.36,454.42
ch2_ohr_ncp_20251227T1027178560_d_img_d18_x04480_y74880.png,0.2103,540.96,514.83,549.51,521.56
ch2_ohr_ncp_20251227T1027178560_d_img_d18_x04480_y75520.png,0.2207,0.07,623.36,8.05,631.61
ch2_ohr_ncp_20251227T1027178560_d_img_d18_x05120_y100480.png,0.4797,526.29,240.56,534.93,248.59
ch2_ohr_ncp_20251227T1027178560_d_img_d18_x05120_y100480.png,0.4301,351.48,351.76,365.47,361.44
ch2_ohr_ncp_20251227T1027178560_d_img_d18_x05120_y100480.png,0.4145,463.43,534.95,472.13,542.37
ch2_ohr_ncp_20251227T1027178560_d_img_d18_x05120_y100480.png,0.4126,499.47,401.49,505.61,407.43
ch2_ohr_ncp_20251227T1027178560_d_img_d18_x05120_y100480.png,0.382,611.27,448.28,620.13,455.77
ch2_ohr_ncp_20251227T1027178560_d_img_d18_x05120_y100480.png,0.3402,513.92,241.76,519.77,247.12
ch2_ohr_ncp_20251227T1027178560_d_img_d18_x05120_y100480.png,0.3236,503.42,388.93,510.6,395.22
ch2_ohr_ncp_20251227T1027178560_d_img_d18_x05120_y100480.png,0.309,480.26,0.0,490.33,6.15
ch2_ohr_ncp_20251227T1027178560_d_img_d18_x05120_y100480.png,0.305,507.8,166.36,514.02,171.48
ch2_ohr_ncp_20251227T1027178560_d_img_d18_x05120_y100480.png,0.3038,339.62,175.06,350.63,183.79
ch2_ohr_ncp_20251227T1027178560_d_img_d18_x05120_y100480.png,0.3031,286.53,79.96,293.97,86.03
ch2_ohr_ncp_20251227T1027178560_d_img_d18_x05120_y100480.png,0.281,549.73,201.87,566.81,217.72
ch2_ohr_ncp_20251227T1027178560_d_img_d18_x05120_y100480.png,0.2807,553.55,468.78,559.68,474.89
ch2_ohr_ncp_20251227T1027178560_d_img_d18_x05120_y100480.png,0.2766,617.27,26.7,622.3,31.27
ch2_ohr_ncp_20251227T1027178560_d_img_d18_x05120_y100480.png,0.2749,565.82,61.2,572.47,67.37
ch2_ohr_ncp_20251227T1027178560_d_img_d18_x05120_y100480.png,0.2669,308.79,397.62,319.41,406.65
ch2_ohr_ncp_20251227T1027178560_d_img_d18_x05120_y100480.png,0.266,476.08,514.75,486.49,523.55
ch2_ohr_ncp_20251227T1027178560_d_img_d18_x05120_y100480.png,0.2647,536.59,225.16,542.56,230.38
ch2_ohr_ncp_20251227T1027178560_d_img_d18_x05120_y100480.png,0.2618,607.08,305.54,612.71,310.45
ch2_ohr_ncp_20251227T1027178560_d_img_d18_x05120_y100480.png,0.2575,546.13,324.9,556.74,333.3
ch2_ohr_ncp_20251227T1027178560_d_img_d18_x05120_y100480.png,0.2533,338.01,157.15,344.37,163.29
ch2_ohr_ncp_20251227T1027178560_d_img_d18_x05120_y100480.png,0.2459,428.9,26.66,433.95,31.74
ch2_ohr_ncp_20251227T1027178560_d_img_d18_x05120_y100480.png,0.2444,476.02,427.94,481.44,432.38
ch2_ohr_ncp_20251227T1027178560_d_img_d18_x05120_y100480.png,0.2436,356.99,564.95,391.32,591.52
ch2_ohr_ncp_20251227T1027178560_d_img_d18_x05120_y100480.png,0.2409,191.63,396.22,197.61,401.18
ch2_ohr_ncp_20251227T1027178560_d_img_d18_x05120_y100480.png,0.2363,287.29,68.56,294.26,74.7
ch2_ohr_ncp_20251227T1027178560_d_img_d18_x05120_y100480.png,0.229,331.54,499.91,340.52,507.93
ch2_ohr_ncp_20251227T1027178560_d_img_d18_x05120_y100480.png,0.2289,549.62,286.54,559.13,294.46
ch2_ohr_ncp_20251227T1027178560_d_img_d18_x05120_y100480.png,0.2244,78.2,46.25,87.44,56.48
ch2_ohr_ncp_20251227T1027178560_d_img_d18_x05120_y100480.png,0.2156,424.04,233.13,431.25,239.2
ch2_ohr_ncp_20251227T1027178560_d_img_d18_x05120_y100480.png,0.2065,199.27,164.24,207.31,170.56
ch2_ohr_ncp_20251227T1027178560_d_img_d18_x05120_y100480.png,0.2052,419.77,564.8,425.32,570.76
ch2_ohr_ncp_20251227T1027178560_d_img_d18_x05120_y100480.png,0.205,253.52,383.17,258.93,387.54
ch2_ohr_ncp_20251227T1027178560_d_img_d18_x05120_y100480.png,0.2033,253.68,101.77,265.76,110.69
ch2_ohr_ncp_20251227T1027178560_d_img_d18_x05120_y100480.png,0.2013,323.16,401.78,333.3,410.74
ch2_ohr_ncp_20251227T1027178560_d_img_d18_x05120_y53120.png,0.4197,95.65,123.07,167.0,184.46
ch2_ohr_ncp_20251227T1027178560_d_img_d18_x05120_y55040.png,0.2385,504.86,594.21,511.06,599.7
ch2_ohr_ncp_20251227T1027178560_d_img_d18_x05120_y58880.png,0.2066,443.91,18.33,449.92,23.51
ch2_ohr_ncp_20251227T1027178560_d_img_d18_x05120_y62080.png,0.4206,565.58,79.15,571.77,83.96
ch2_ohr_ncp_20251227T1027178560_d_img_d18_x05120_y62080.png,0.3916,564.98,9.11,572.21,15.15
ch2_ohr_ncp_20251227T1027178560_d_img_d18_x05120_y62080.png,0.3106,563.36,55.25,570.13,62.77
ch2_ohr_ncp_20251227T1027178560_d_img_d18_x05120_y62080.png,0.2934,511.8,69.12,516.59,73.61
ch2_ohr_ncp_20251227T1027178560_d_img_d18_x05120_y62080.png,0.2752,544.19,66.27,550.8,71.78
ch2_ohr_ncp_20251227T1027178560_d_img_d18_x05120_y62080.png,0.2645,421.26,14.18,426.34,18.84
ch2_ohr_ncp_20251227T1027178560_d_img_d18_x05120_y62080.png,0.2639,569.95,27.86,574.51,32.1
ch2_ohr_ncp_20251227T1027178560_d_img_d18_x05120_y62080.png,0.2572,520.07,41.41,525.17,45.99
ch2_ohr_ncp_20251227T1027178560_d_img_d18_x05120_y62080.png,0.2508,543.95,65.98,549.44,71.37
ch2_ohr_ncp_20251227T1027178560_d_img_d18_x05120_y62080.png,0.2436,559.94,10.66,564.26,15.75
ch2_ohr_ncp_20251227T1027178560_d_img_d18_x05120_y62080.png,0.2361,511.61,69.74,516.08,74.07
ch2_ohr_ncp_20251227T1027178560_d_img_d18_x05120_y62080.png,0.2263,571.11,28.21,576.15,32.22
ch2_ohr_ncp_20251227T1027178560_d_img_d18_x05120_y62080.png,0.2241,547.3,94.6,554.78,100.88
ch2_ohr_ncp_20251227T1027178560_d_img_d18_x05120_y62080.png,0.2154,566.63,9.92,571.75,15.5
ch2_ohr_ncp_20251227T1027178560_d_img_d18_x05120_y62080.png,0.2028,491.83,73.32,496.63,77.19
ch2_ohr_ncp_20251227T1027178560_d_img_d18_x05120_y62080.png,0.201,512.06,69.62,517.99,74.14
ch2_ohr_ncp_20251227T1027178560_d_img_d18_x05120_y64640.png,0.239,156.79,0.0,211.01,24.56
ch2_ohr_ncp_20251227T1027178560_d_img_d18_x05120_y74880.png,0.4035,91.73,477.2,107.21,487.4
ch2_ohr_ncp_20251227T1027178560_d_img_d18_x05120_y74880.png,0.3146,124.71,319.48,132.11,325.72
ch2_ohr_ncp_20251227T1027178560_d_img_d18_x05120_y74880.png,0.2984,297.73,422.31,307.14,429.92
ch2_ohr_ncp_20251227T1027178560_d_img_d18_x05120_y74880.png,0.289,58.95,271.99,64.94,276.58
ch2_ohr_ncp_20251227T1027178560_d_img_d18_x05120_y74880.png,0.2644,222.62,575.35,237.56,586.43
ch2_ohr_ncp_20251227T1027178560_d_img_d18_x05120_y74880.png,0.2295,37.31,525.45,47.85,534.07
ch2_ohr_ncp_20251227T1027178560_d_img_d18_x05120_y74880.png,0.2018,380.38,349.59,389.68,356.78
ch2_ohr_ncp_20251227T1027178560_d_img_d18_x05120_y75520.png,0.207,625.57,296.04,632.92,301.55
ch2_ohr_ncp_20251227T1027178560_d_img_d18_x05120_y76800.png,0.3653,433.05,151.84,441.29,159.47
ch2_ohr_ncp_20251227T1027178560_d_img_d18_x05120_y76800.png,0.2858,520.26,306.89,640.0,378.87
ch2_ohr_ncp_20251227T1027178560_d_img_d18_x05120_y76800.png,0.2814,147.82,33.81,154.46,39.92
ch2_ohr_ncp_20251227T1027178560_d_img_d18_x05120_y76800.png,0.2618,577.89,161.45,583.14,166.27
ch2_ohr_ncp_20251227T1027178560_d_img_d18_x05120_y76800.png,0.2554,284.99,58.3,296.2,67.56
ch2_ohr_ncp_20251227T1027178560_d_img_d18_x05120_y76800.png,0.2504,504.78,183.37,513.71,191.21
ch2_ohr_ncp_20251227T1027178560_d_img_d18_x05120_y76800.png,0.2487,172.21,2.03,184.45,12.36
ch2_ohr_ncp_20251227T1027178560_d_img_d18_x05120_y76800.png,0.2487,125.58,63.87,130.78,68.19
ch2_ohr_ncp_20251227T1027178560_d_img_d18_x05120_y76800.png,0.219,284.54,59.3,292.77,67.76
ch2_ohr_ncp_20251227T1027178560_d_img_d18_x05120_y77440.png,0.4481,400.26,68.35,408.61,74.99
ch2_ohr_ncp_20251227T1027178560_d_img_d18_x05120_y77440.png,0.4147,398.99,108.56,409.05,117.85
ch2_ohr_ncp_20251227T1027178560_d_img_d18_x05120_y77440.png,0.411,405.47,222.05,412.42,227.4
ch2_ohr_ncp_20251227T1027178560_d_img_d18_x05120_y77440.png,0.4073,419.0,159.02,429.08,167.29
ch2_ohr_ncp_20251227T1027178560_d_img_d18_x05120_y77440.png,0.4004,453.84,71.5,461.16,76.47
ch2_ohr_ncp_20251227T1027178560_d_img_d18_x05120_y77440.png,0.3939,30.12,117.5,47.68,129.34
ch2_ohr_ncp_20251227T1027178560_d_img_d18_x05120_y77440.png,0.3881,213.94,40.64,222.38,48.54
ch2_ohr_ncp_20251227T1027178560_d_img_d18_x05120_y77440.png,0.3764,175.66,352.91,182.39,358.49
ch2_ohr_ncp_20251227T1027178560_d_img_d18_x05120_y77440.png,0.3761,398.35,26.54,404.7,32.38
ch2_ohr_ncp_20251227T1027178560_d_img_d18_x05120_y77440.png,0.3667,583.51,77.96,591.82,84.57
ch2_ohr_ncp_20251227T1027178560_d_img_d18_x05120_y77440.png,0.3651,182.45,26.06,193.8,38.11
ch2_ohr_ncp_20251227T1027178560_d_img_d18_x05120_y77440.png,0.3614,476.61,73.45,489.14,83.58
ch2_ohr_ncp_20251227T1027178560_d_img_d18_x05120_y77440.png,0.3466,288.85,156.32,296.06,163.22
ch2_ohr_ncp_20251227T1027178560_d_img_d18_x05120_y77440.png,0.343,303.24,271.77,312.4,278.65
ch2_ohr_ncp_20251227T1027178560_d_img_d18_x05120_y77440.png,0.3424,428.93,71.91,438.98,78.74
ch2_ohr_ncp_20251227T1027178560_d_img_d18_x05120_y77440.png,0.341,425.46,62.57,430.58,68.21
ch2_ohr_ncp_20251227T1027178560_d_img_d18_x05120_y77440.png,0.3379,447.24,94.7,453.75,100.54
ch2_ohr_ncp_20251227T1027178560_d_img_d18_x05120_y77440.png,0.3374,557.07,21.47,562.94,26.12
ch2_ohr_ncp_20251227T1027178560_d_img_d18_x05120_y77440.png,0.332,409.84,200.59,418.19,208.16
ch2_ohr_ncp_20251227T1027178560_d_img_d18_x05120_y77440.png,0.3291,371.62,39.69,377.18,45.54
ch2_ohr_ncp_20251227T1027178560_d_img_d18_x05120_y77440.png,0.3271,276.29,189.87,283.33,196.5
ch2_ohr_ncp_20251227T1027178560_d_img_d18_x05120_y77440.png,0.322,319.51,238.19,328.1,244.79
ch2_ohr_ncp_20251227T1027178560_d_img_d18_x05120_y77440.png,0.3207,414.44,35.98,420.32,40.98
ch2_ohr_ncp_20251227T1027178560_d_img_d18_x05120_y77440.png,0.3204,180.28,114.06,186.69,119.76
ch2_ohr_ncp_20251227T1027178560_d_img_d18_x05120_y77440.png,0.3062,455.53,45.13,462.18,51.28
ch2_ohr_ncp_20251227T1027178560_d_img_d18_x05120_y77440.png,0.2965,3.94,221.19,10.38,227.03
ch2_ohr_ncp_20251227T1027178560_d_img_d18_x05120_y77440.png,0.2954,49.71,168.27,56.49,175.06
ch2_ohr_ncp_20251227T1027178560_d_img_d18_x05120_y77440.png,0.2929,35.14,180.11,43.16,186.71
ch2_ohr_ncp_20251227T1027178560_d_img_d18_x05120_y77440.png,0.2908,474.28,55.88,481.14,61.65
ch2_ohr_ncp_20251227T1027178560_d_img_d18_x05120_y77440.png,0.285,161.6,53.64,174.49,61.93
ch2_ohr_ncp_20251227T1027178560_d_img_d18_x05120_y77440.png,0.2832,458.84,86.45,469.12,94.96
ch2_ohr_ncp_20251227T1027178560_d_img_d18_x05120_y77440.png,0.2831,205.11,286.99,212.49,293.22
ch2_ohr_ncp_20251227T1027178560_d_img_d18_x05120_y77440.png,0.2815,506.48,82.06,512.75,87.7
ch2_ohr_ncp_20251227T1027178560_d_img_d18_x05120_y77440.png,0.2793,487.76,46.14,492.45,51.05
ch2_ohr_ncp_20251227T1027178560_d_img_d18_x05120_y77440.png,0.2757,371.77,38.68,378.12,44.89
ch2_ohr_ncp_20251227T1027178560_d_img_d18_x05120_y77440.png,0.267,290.11,261.2,296.39,266.83
ch2_ohr_ncp_20251227T1027178560_d_img_d18_x05120_y77440.png,0.2623,183.3,27.99,194.56,39.24
ch2_ohr_ncp_20251227T1027178560_d_img_d18_x05120_y77440.png,0.2618,400.83,109.51,409.79,119.2
ch2_ohr_ncp_20251227T1027178560_d_img_d18_x05120_y77440.png,0.261,54.84,196.26,62.6,203.84
ch2_ohr_ncp_20251227T1027178560_d_img_d18_x05120_y77440.png,0.2532,224.69,86.67,234.85,95.62
ch2_ohr_ncp_20251227T1027178560_d_img_d18_x05120_y77440.png,0.2432,431.03,179.32,435.76,183.4
ch2_ohr_ncp_20251227T1027178560_d_img_d18_x05120_y77440.png,0.2426,40.83,158.97,47.59,164.94
ch2_ohr_ncp_20251227T1027178560_d_img_d18_x05120_y77440.png,0.2426,39.17,310.75,46.01,316.1
ch2_ohr_ncp_20251227T1027178560_d_img_d18_x05120_y77440.png,0.2422,44.16,211.63,52.51,218.97
ch2_ohr_ncp_20251227T1027178560_d_img_d18_x05120_y77440.png,0.242,31.79,44.88,37.41,50.35
ch2_ohr_ncp_20251227T1027178560_d_img_d18_x05120_y77440.png,0.2396,346.3,76.64,372.19,97.21
ch2_ohr_ncp_20251227T1027178560_d_img_d18_x05120_y77440.png,0.2332,369.68,34.28,374.78,39.51
ch2_ohr_ncp_20251227T1027178560_d_img_d18_x05120_y77440.png,0.2331,0.0,59.58,7.6,67.9
ch2_ohr_ncp_20251227T1027178560_d_img_d18_x05120_y77440.png,0.2307,12.98,288.52,30.17,300.08
ch2_ohr_ncp_20251227T1027178560_d_img_d18_x05120_y77440.png,0.2307,337.1,116.25,352.1,127.27
ch2_ohr_ncp_20251227T1027178560_d_img_d18_x05120_y77440.png,0.2298,223.7,98.61,228.66,103.79
ch2_ohr_ncp_20251227T1027178560_d_img_d18_x05120_y77440.png,0.2264,50.84,168.42,57.32,174.6
ch2_ohr_ncp_20251227T1027178560_d_img_d18_x05120_y77440.png,0.2241,149.83,277.88,156.39,283.8
ch2_ohr_ncp_20251227T1027178560_d_img_d18_x05120_y77440.png,0.2211,556.33,21.84,562.07,26.6
ch2_ohr_ncp_20251227T1027178560_d_img_d18_x05120_y77440.png,0.221,448.23,24.48,454.3,29.23
ch2_ohr_ncp_20251227T1027178560_d_img_d18_x05120_y77440.png,0.2191,117.1,354.34,124.14,360.57
ch2_ohr_ncp_20251227T1027178560_d_img_d18_x05120_y77440.png,0.2176,446.22,61.8,451.53,66.13
ch2_ohr_ncp_20251227T1027178560_d_img_d18_x05120_y77440.png,0.2153,213.06,40.81,220.69,48.9
ch2_ohr_ncp_20251227T1027178560_d_img_d18_x05120_y77440.png,0.2117,100.02,341.89,105.93,346.54
ch2_ohr_ncp_20251227T1027178560_d_img_d18_x05120_y77440.png,0.2097,404.4,117.19,409.82,122.73
ch2_ohr_ncp_20251227T1027178560_d_img_d18_x05120_y77440.png,0.2071,220.16,236.54,224.99,241.16
ch2_ohr_ncp_20251227T1027178560_d_img_d18_x05120_y77440.png,0.2052,431.53,179.4,437.41,183.78
ch2_ohr_ncp_20251227T1027178560_d_img_d18_x05120_y77440.png,0.2044,405.1,284.36,411.47,289.42
ch2_ohr_ncp_20251227T1027178560_d_img_d18_x05120_y77440.png,0.2044,149.65,154.69,154.6,159.13
ch2_ohr_ncp_20251227T1027178560_d_img_d18_x05120_y77440.png,0.2029,27.35,148.36,34.12,155.36
ch2_ohr_ncp_20251227T1027178560_d_img_d18_x05120_y77440.png,0.2028,99.6,341.93,104.76,346.09
ch2_ohr_ncp_20251227T1027178560_d_img_d18_x05120_y77440.png,0.2022,16.82,72.32,22.59,77.01
ch2_ohr_ncp_20251227T1027178560_d_img_d18_x05120_y77440.png,0.2004,30.86,340.4,42.77,350.39
ch2_ohr_ncp_20251227T1027178560_d_img_d18_x05120_y77440.png,0.2003,12.09,9.73,15.74,13.45
ch2_ohr_ncp_20251227T1027178560_d_img_d18_x05760_y100480.png,0.6051,112.18,64.16,124.18,73.5
ch2_ohr_ncp_20251227T1027178560_d_img_d18_x05760_y100480.png,0.5597,46.83,12.28,53.71,18.64
ch2_ohr_ncp_20251227T1027178560_d_img_d18_x05760_y100480.png,0.5161,288.95,336.8,296.75,343.24
ch2_ohr_ncp_20251227T1027178560_d_img_d18_x05760_y100480.png,0.4487,527.23,525.66,536.21,533.42
ch2_ohr_ncp_20251227T1027178560_d_img_d18_x05760_y100480.png,0.4441,0.0,146.76,15.03,167.21
ch2_ohr_ncp_20251227T1027178560_d_img_d18_x05760_y100480.png,0.4358,612.8,248.31,622.0,255.79
ch2_ohr_ncp_20251227T1027178560_d_img_d18_x05760_y100480.png,0.4354,512.82,404.33,521.66,411.41
ch2_ohr_ncp_20251227T1027178560_d_img_d18_x05760_y100480.png,0.4291,224.21,237.09,231.68,243.48
ch2_ohr_ncp_20251227T1027178560_d_img_d18_x05760_y100480.png,0.3988,156.74,410.62,162.45,416.02
ch2_ohr_ncp_20251227T1027178560_d_img_d18_x05760_y100480.png,0.3949,281.96,490.93,288.93,496.58
ch2_ohr_ncp_20251227T1027178560_d_img_d18_x05760_y100480.png,0.3946,396.92,97.61,404.55,103.42
ch2_ohr_ncp_20251227T1027178560_d_img_d18_x05760_y100480.png,0.3744,107.74,15.03,115.08,20.91
ch2_ohr_ncp_20251227T1027178560_d_img_d18_x05760_y100480.png,0.3702,240.38,456.6,253.73,467.3
ch2_ohr_ncp_20251227T1027178560_d_img_d18_x05760_y100480.png,0.3692,11.63,45.12,18.13,52.36
ch2_ohr_ncp_20251227T1027178560_d_img_d18_x05760_y100480.png,0.3664,257.25,452.79,283.07,467.76
ch2_ohr_ncp_20251227T1027178560_d_img_d18_x05760_y100480.png,0.3598,290.26,23.54,298.35,29.44
ch2_ohr_ncp_20251227T1027178560_d_img_d18_x05760_y100480.png,0.3578,353.71,399.16,361.04,406.82
ch2_ohr_ncp_20251227T1027178560_d_img_d18_x05760_y100480.png,0.3578,503.5,30.92,512.65,37.42
ch2_ohr_ncp_20251227T1027178560_d_img_d18_x05760_y100480.png,0.356,0.1,31.71,4.79,37.21
ch2_ohr_ncp_20251227T1027178560_d_img_d18_x05760_y100480.png,0.3517,125.72,190.94,132.79,197.71
ch2_ohr_ncp_20251227T1027178560_d_img_d18_x05760_y100480.png,0.3515,75.07,11.05,81.54,15.94
ch2_ohr_ncp_20251227T1027178560_d_img_d18_x05760_y100480.png,0.346,41.35,234.36,47.76,240.12
ch2_ohr_ncp_20251227T1027178560_d_img_d18_x05760_y100480.png,0.343,156.57,187.85,163.77,195.31
ch2_ohr_ncp_20251227T1027178560_d_img_d18_x05760_y100480.png,0.3426,236.47,26.81,252.35,38.25
ch2_ohr_ncp_20251227T1027178560_d_img_d18_x05760_y100480.png,0.3393,202.02,74.9,209.8,80.7
ch2_ohr_ncp_20251227T1027178560_d_img_d18_x05760_y100480.png,0.3393,606.38,275.76,613.6,283.38
ch2_ohr_ncp_20251227T1027178560_d_img_d18_x05760_y100480.png,0.3391,577.75,98.21,585.35,105.1
ch2_ohr_ncp_20251227T1027178560_d_img_d18_x05760_y100480.png,0.3384,200.63,439.5,206.01,444.07
ch2_ohr_ncp_20251227T1027178560_d_img_d18_x05760_y100480.png,0.3384,576.39,572.12,582.65,577.76
ch2_ohr_ncp_20251227T1027178560_d_img_d18_x05760_y100480.png,0.3368,352.16,18.94,361.8,26.81
ch2_ohr_ncp_20251227T1027178560_d_img_d18_x05760_y100480.png,0.3219,620.12,302.16,629.12,310.72
ch2_ohr_ncp_20251227T1027178560_d_img_d18_x05760_y100480.png,0.3172,371.16,309.95,377.56,315.15
ch2_ohr_ncp_20251227T1027178560_d_img_d18_x05760_y100480.png,0.3172,63.1,481.01,72.49,488.63
ch2_ohr_ncp_20251227T1027178560_d_img_d18_x05760_y100480.png,0.3164,289.93,289.91,298.46,298.2
ch2_ohr_ncp_20251227T1027178560_d_img_d18_x05760_y100480.png,0.3162,279.24,384.03,285.94,390.8
ch2_ohr_ncp_20251227T1027178560_d_img_d18_x05760_y100480.png,0.3075,28.96,55.03,33.95,59.45
ch2_ohr_ncp_20251227T1027178560_d_img_d18_x05760_y100480.png,0.307,65.28,185.92,71.84,191.19
ch2_ohr_ncp_20251227T1027178560_d_img_d18_x05760_y100480.png,0.3044,473.84,50.42,479.29,55.36
ch2_ohr_ncp_20251227T1027178560_d_img_d18_x05760_y100480.png,0.3043,123.36,36.51,130.15,43.52
ch2_ohr_ncp_20251227T1027178560_d_img_d18_x05760_y100480.png,0.3019,103.01,93.73,112.2,102.4
ch2_ohr_ncp_20251227T1027178560_d_img_d18_x05760_y100480.png,0.3011,611.21,267.47,616.38,272.69
ch2_ohr_ncp_20251227T1027178560_d_img_d18_x05760_y100480.png,0.3008,24.83,89.25,30.82,95.14
ch2_ohr_ncp_20251227T1027178560_d_img_d18_x05760_y100480.png,0.297,600.32,181.41,607.69,187.14
ch2_ohr_ncp_20251227T1027178560_d_img_d18_x05760_y100480.png,0.2956,317.96,234.86,334.56,247.97
ch2_ohr_ncp_20251227T1027178560_d_img_d18_x05760_y100480.png,0.2956,18.16,358.34,24.79,364.25
ch2_ohr_ncp_20251227T1027178560_d_img_d18_x05760_y100480.png,0.2927,488.73,470.27,499.03,479.89
ch2_ohr_ncp_20251227T1027178560_d_img_d18_x05760_y100480.png,0.2879,10.13,44.53,17.16,51.41
ch2_ohr_ncp_20251227T1027178560_d_img_d18_x05760_y100480.png,0.2791,116.24,290.4,122.83,296.49
ch2_ohr_ncp_20251227T1027178560_d_img_d18_x05760_y100480.png,0.271,205.47,114.81,209.69,119.29
ch2_ohr_ncp_20251227T1027178560_d_img_d18_x05760_y100480.png,0.2692,177.37,367.45,189.45,377.88
ch2_ohr_ncp_20251227T1027178560_d_img_d18_x05760_y100480.png,0.2621,302.03,390.88,311.98,399.34
ch2_ohr_ncp_20251227T1027178560_d_img_d18_x05760_y100480.png,0.2599,0.38,32.82,6.76,39.28
ch2_ohr_ncp_20251227T1027178560_d_img_d18_x05760_y100480.png,0.2569,248.98,259.14,258.0,266.59
ch2_ohr_ncp_20251227T1027178560_d_img_d18_x05760_y100480.png,0.2545,262.49,108.31,284.65,121.71
ch2_ohr_ncp_20251227T1027178560_d_img_d18_x05760_y100480.png,0.2514,81.74,19.99,86.17,24.3
ch2_ohr_ncp_20251227T1027178560_d_img_d18_x05760_y100480.png,0.2511,10.15,45.25,16.08,52.32
ch2_ohr_ncp_20251227T1027178560_d_img_d18_x05760_y100480.png,0.2504,350.68,387.79,359.23,394.62
ch2_ohr_ncp_20251227T1027178560_d_img_d18_x05760_y100480.png,0.2502,625.08,323.37,629.87,328.02
ch2_ohr_ncp_20251227T1027178560_d_img_d18_x05760_y100480.png,0.2464,211.35,129.47,219.58,136.75
ch2_ohr_ncp_20251227T1027178560_d_img_d18_x05760_y100480.png,0.244,609.0,338.77,613.88,343.45
ch2_ohr_ncp_20251227T1027178560_d_img_d18_x05760_y100480.png,0.2438,105.59,209.83,110.83,215.06
ch2_ohr_ncp_20251227T1027178560_d_img_d18_x05760_y100480.png,0.2414,58.15,327.2,67.63,335.03
ch2_ohr_ncp_20251227T1027178560_d_img_d18_x05760_y100480.png,0.2403,137.93,289.93,146.34,296.59
ch2_ohr_ncp_20251227T1027178560_d_img_d18_x05760_y100480.png,0.2396,116.3,317.25,133.9,330.51
ch2_ohr_ncp_20251227T1027178560_d_img_d18_x05760_y100480.png,0.2355,117.93,359.22,124.96,366.06
ch2_ohr_ncp_20251227T1027178560_d_img_d18_x05760_y100480.png,0.2337,3.44,335.1,10.85,341.24
ch2_ohr_ncp_20251227T1027178560_d_img_d18_x05760_y100480.png,0.2316,93.58,282.49,99.56,288.03
ch2_ohr_ncp_20251227T1027178560_d_img_d18_x05760_y100480.png,0.2313,204.53,115.15,209.01,119.59
ch2_ohr_ncp_20251227T1027178560_d_img_d18_x05760_y100480.png,0.2307,54.56,18.1,59.9,22.95
ch2_ohr_ncp_20251227T1027178560_d_img_d18_x05760_y100480.png,0.229,314.6,388.11,320.4,393.17
ch2_ohr_ncp_20251227T1027178560_d_img_d18_x05760_y100480.png,0.228,213.24,181.75,223.51,189.01
ch2_ohr_ncp_20251227T1027178560_d_img_d18_x05760_y100480.png,0.2277,1.12,52.26,12.43,61.47
ch2_ohr_ncp_20251227T1027178560_d_img_d18_x05760_y100480.png,0.2272,97.75,330.15,104.89,335.94
ch2_ohr_ncp_20251227T1027178560_d_img_d18_x05760_y100480.png,0.2251,3.54,51.58,12.09,59.96
ch2_ohr_ncp_20251227T1027178560_d_img_d18_x05760_y100480.png,0.2241,396.42,98.16,403.79,104.19
ch2_ohr_ncp_20251227T1027178560_d_img_d18_x05760_y100480.png,0.2186,138.59,335.52,191.84,377.34
ch2_ohr_ncp_20251227T1027178560_d_img_d18_x05760_y100480.png,0.2179,72.95,165.18,80.52,171.75
ch2_ohr_ncp_20251227T1027178560_d_img_d18_x05760_y100480.png,0.2168,251.07,407.1,262.21,416.93
ch2_ohr_ncp_20251227T1027178560_d_img_d18_x05760_y100480.png,0.2164,457.86,266.97,466.93,275.1
ch2_ohr_ncp_20251227T1027178560_d_img_d18_x05760_y100480.png,0.2139,43.02,171.48,47.77,176.07
ch2_ohr_ncp_20251227T1027178560_d_img_d18_x05760_y100480.png,0.2136,271.87,45.16,277.07,49.97
ch2_ohr_ncp_20251227T1027178560_d_img_d18_x05760_y100480.png,0.213,82.53,19.87,87.91,24.37
ch2_ohr_ncp_20251227T1027178560_d_img_d18_x05760_y100480.png,0.2124,355.84,37.32,362.31,43.66
ch2_ohr_ncp_20251227T1027178560_d_img_d18_x05760_y100480.png,0.21,480.59,11.21,485.55,15.51
ch2_ohr_ncp_20251227T1027178560_d_img_d18_x05760_y100480.png,0.2077,145.45,335.48,189.73,364.55
ch2_ohr_ncp_20251227T1027178560_d_img_d18_x05760_y100480.png,0.2055,238.97,176.65,245.3,181.67
ch2_ohr_ncp_20251227T1027178560_d_img_d18_x05760_y100480.png,0.2039,136.7,125.22,145.68,132.64
ch2_ohr_ncp_20251227T1027178560_d_img_d18_x05760_y56320.png,0.2993,415.23,48.22,422.4,55.18
ch2_ohr_ncp_20251227T1027178560_d_img_d18_x05760_y60160.png,0.2675,365.42,404.12,371.92,410.92
ch2_ohr_ncp_20251227T1027178560_d_img_d18_x05760_y60160.png,0.244,211.6,449.64,218.43,455.94
ch2_ohr_ncp_20251227T1027178560_d_img_d18_x05760_y71040.png,0.2451,363.89,240.82,373.3,248.01
ch2_ohr_ncp_20251227T1027178560_d_img_d18_x05760_y74240.png,0.2172,102.13,504.9,110.06,511.52
ch2_ohr_ncp_20251227T1027178560_d_img_d18_x05760_y74880.png,0.258,25.84,623.37,36.83,632.2
ch2_ohr_ncp_20251227T1027178560_d_img_d18_x05760_y76800.png,0.4615,51.73,35.11,60.17,42.37
ch2_ohr_ncp_20251227T1027178560_d_img_d18_x05760_y76800.png,0.4464,15.44,64.36,25.01,71.28
ch2_ohr_ncp_20251227T1027178560_d_img_d18_x05760_y76800.png,0.4315,414.08,1.46,421.65,7.72
ch2_ohr_ncp_20251227T1027178560_d_img_d18_x05760_y76800.png,0.3406,434.0,55.76,442.36,62.88
ch2_ohr_ncp_20251227T1027178560_d_img_d18_x05760_y76800.png,0.2923,626.89,207.33,639.77,218.6
ch2_ohr_ncp_20251227T1027178560_d_img_d18_x05760_y76800.png,0.2816,623.36,13.72,630.45,19.7
ch2_ohr_ncp_20251227T1027178560_d_img_d18_x05760_y76800.png,0.2731,13.95,112.88,22.32,118.49
ch2_ohr_ncp_20251227T1027178560_d_img_d18_x05760_y76800.png,0.2708,80.98,137.37,86.81,143.16
ch2_ohr_ncp_20251227T1027178560_d_img_d18_x05760_y76800.png,0.2613,447.43,14.61,454.11,21.21
ch2_ohr_ncp_20251227T1027178560_d_img_d18_x05760_y76800.png,0.2478,436.95,44.18,443.17,48.42
ch2_ohr_ncp_20251227T1027178560_d_img_d18_x05760_y76800.png,0.24,499.75,66.03,505.48,71.41
ch2_ohr_ncp_20251227T1027178560_d_img_d18_x05760_y76800.png,0.2264,70.47,171.16,76.75,176.29
ch2_ohr_ncp_20251227T1027178560_d_img_d18_x05760_y97920.png,0.2877,494.07,224.56,501.18,231.17
ch2_ohr_ncp_20251227T1027178560_d_img_d18_x05760_y97920.png,0.2122,572.48,348.84,582.43,357.99
ch2_ohr_ncp_20251227T1027178560_d_img_d18_x05760_y97920.png,0.2004,502.15,238.55,508.96,245.91
ch2_ohr_ncp_20251227T1027178560_d_img_d18_x05760_y98560.png,0.2131,621.97,547.64,637.84,558.67
ch2_ohr_ncp_20251227T1027178560_d_img_d18_x05760_y99840.png,0.2844,621.28,275.59,630.79,283.17
ch2_ohr_ncp_20251227T1027178560_d_img_d18_x06400_y100480.png,0.5637,67.41,32.71,75.1,38.87
ch2_ohr_ncp_20251227T1027178560_d_img_d18_x06400_y100480.png,0.5188,65.56,17.49,74.05,24.29
ch2_ohr_ncp_20251227T1027178560_d_img_d18_x06400_y100480.png,0.5158,440.86,392.42,448.79,399.08
ch2_ohr_ncp_20251227T1027178560_d_img_d18_x06400_y100480.png,0.4905,150.05,130.5,158.9,138.11
ch2_ohr_ncp_20251227T1027178560_d_img_d18_x06400_y100480.png,0.4572,32.78,279.45,47.19,290.55
ch2_ohr_ncp_20251227T1027178560_d_img_d18_x06400_y100480.png,0.4525,14.87,59.54,24.02,67.28
ch2_ohr_ncp_20251227T1027178560_d_img_d18_x06400_y100480.png,0.4396,525.34,107.25,534.66,115.34
ch2_ohr_ncp_20251227T1027178560_d_img_d18_x06400_y100480.png,0.4349,13.87,270.71,21.97,277.82
ch2_ohr_ncp_20251227T1027178560_d_img_d18_x06400_y100480.png,0.4347,264.27,402.09,277.82,413.45
ch2_ohr_ncp_20251227T1027178560_d_img_d18_x06400_y100480.png,0.4333,336.02,522.89,347.31,531.09
ch2_ohr_ncp_20251227T1027178560_d_img_d18_x06400_y100480.png,0.4301,495.5,328.91,503.83,335.62
ch2_ohr_ncp_20251227T1027178560_d_img_d18_x06400_y100480.png,0.4181,81.34,369.04,90.58,377.0
ch2_ohr_ncp_20251227T1027178560_d_img_d18_x06400_y100480.png,0.4098,492.7,120.33,500.62,126.57
ch2_ohr_ncp_20251227T1027178560_d_img_d18_x06400_y100480.png,0.3907,131.82,83.73,144.08,92.57
ch2_ohr_ncp_20251227T1027178560_d_img_d18_x06400_y100480.png,0.389,44.46,126.28,52.74,134.09
ch2_ohr_ncp_20251227T1027178560_d_img_d18_x06400_y100480.png,0.3828,109.77,90.6,118.96,97.41
ch2_ohr_ncp_20251227T1027178560_d_img_d18_x06400_y100480.png,0.37,229.37,188.52,242.78,198.96
ch2_ohr_ncp_20251227T1027178560_d_img_d18_x06400_y100480.png,0.3664,8.08,158.49,15.98,165.62
ch2_ohr_ncp_20251227T1027178560_d_img_d18_x06400_y100480.png,0.3587,461.94,468.78,471.81,476.63
ch2_ohr_ncp_20251227T1027178560_d_img_d18_x06400_y100480.png,0.3558,289.91,51.45,297.88,58.54
ch2_ohr_ncp_20251227T1027178560_d_img_d18_x06400_y100480.png,0.3489,83.74,327.72,92.51,335.24
ch2_ohr_ncp_20251227T1027178560_d_img_d18_x06400_y100480.png,0.3474,451.53,455.81,457.66,460.95
ch2_ohr_ncp_20251227T1027178560_d_img_d18_x06400_y100480.png,0.3466,42.51,362.68,49.59,368.97
ch2_ohr_ncp_20251227T1027178560_d_img_d18_x06400_y100480.png,0.3392,102.37,138.65,107.85,144.13
ch2_ohr_ncp_20251227T1027178560_d_img_d18_x06400_y100480.png,0.3392,187.86,14.8,264.55,71.24
ch2_ohr_ncp_20251227T1027178560_d_img_d18_x06400_y100480.png,0.3318,145.77,272.2,152.33,277.66
ch2_ohr_ncp_20251227T1027178560_d_img_d18_x06400_y100480.png,0.3296,198.06,16.28,262.21,61.43
ch2_ohr_ncp_20251227T1027178560_d_img_d18_x06400_y100480.png,0.328,396.4,40.22,403.24,45.91
ch2_ohr_ncp_20251227T1027178560_d_img_d18_x06400_y100480.png,0.3203,47.93,99.95,61.03,108.18
ch2_ohr_ncp_20251227T1027178560_d_img_d18_x06400_y100480.png,0.3173,577.38,498.8,584.91,504.34
ch2_ohr_ncp_20251227T1027178560_d_img_d18_x06400_y100480.png,0.309,567.23,162.16,576.43,168.8
ch2_ohr_ncp_20251227T1027178560_d_img_d18_x06400_y100480.png,0.3073,355.45,550.94,365.85,558.52
ch2_ohr_ncp_20251227T1027178560_d_img_d18_x06400_y100480.png,0.3031,46.66,177.55,61.85,187.18
ch2_ohr_ncp_20251227T1027178560_d_img_d18_x06400_y100480.png,0.2951,5.55,279.22,12.3,285.05
ch2_ohr_ncp_20251227T1027178560_d_img_d18_x06400_y100480.png,0.2881,231.41,393.76,238.97,399.65
ch2_ohr_ncp_20251227T1027178560_d_img_d18_x06400_y100480.png,0.2866,130.81,449.76,137.02,455.41
ch2_ohr_ncp_20251227T1027178560_d_img_d18_x06400_y100480.png,0.2859,492.67,388.25,504.11,397.25
ch2_ohr_ncp_20251227T1027178560_d_img_d18_x06400_y100480.png,0.2686,342.84,234.18,349.16,239.64
ch2_ohr_ncp_20251227T1027178560_d_img_d18_x06400_y100480.png,0.2682,0.23,50.67,8.95,56.97
ch2_ohr_ncp_20251227T1027178560_d_img_d18_x06400_y100480.png,0.2664,215.94,233.0,223.35,239.76
ch2_ohr_ncp_20251227T1027178560_d_img_d18_x06400_y100480.png,0.2649,590.39,178.92,625.56,210.9
ch2_ohr_ncp_20251227T1027178560_d_img_d18_x06400_y100480.png,0.2621,2.88,51.0,9.52,56.5
ch2_ohr_ncp_20251227T1027178560_d_img_d18_x06400_y100480.png,0.2467,586.69,436.59,591.94,440.87
ch2_ohr_ncp_20251227T1027178560_d_img_d18_x06400_y100480.png,0.2442,580.73,454.2,588.14,460.59
ch2_ohr_ncp_20251227T1027178560_d_img_d18_x06400_y100480.png,0.2365,206.83,583.78,217.51,593.72
ch2_ohr_ncp_20251227T1027178560_d_img_d18_x06400_y100480.png,0.231,153.51,287.17,162.55,295.06
ch2_ohr_ncp_20251227T1027178560_d_img_d18_x06400_y100480.png,0.2304,56.71,245.47,66.27,253.76
ch2_ohr_ncp_20251227T1027178560_d_img_d18_x06400_y100480.png,0.2279,28.66,518.74,34.81,524.2
ch2_ohr_ncp_20251227T1027178560_d_img_d18_x06400_y100480.png,0.2273,388.44,495.43,394.95,500.84
ch2_ohr_ncp_20251227T1027178560_d_img_d18_x06400_y100480.png,0.2186,70.31,33.41,76.71,39.74
ch2_ohr_ncp_20251227T1027178560_d_img_d18_x06400_y100480.png,0.217,577.93,462.9,584.73,468.86
ch2_ohr_ncp_20251227T1027178560_d_img_d18_x06400_y100480.png,0.2117,551.88,22.79,558.59,28.71
ch2_ohr_ncp_20251227T1027178560_d_img_d18_x06400_y100480.png,0.2012,570.92,528.36,580.37,536.32
ch2_ohr_ncp_20251227T1027178560_d_img_d18_x06400_y56320.png,0.4294,593.49,22.77,600.6,28.7
ch2_ohr_ncp_20251227T1027178560_d_img_d18_x06400_y56320.png,0.3727,631.51,60.28,639.48,67.36
ch2_ohr_ncp_20251227T1027178560_d_img_d18_x06400_y56320.png,0.3552,630.18,20.93,638.8,27.4
ch2_ohr_ncp_20251227T1027178560_d_img_d18_x06400_y56320.png,0.3448,574.75,69.97,600.04,87.28
ch2_ohr_ncp_20251227T1027178560_d_img_d18_x06400_y56320.png,0.3001,612.67,52.31,618.61,58.25
ch2_ohr_ncp_20251227T1027178560_d_img_d18_x06400_y56320.png,0.2901,594.26,22.13,601.54,27.93
ch2_ohr_ncp_20251227T1027178560_d_img_d18_x06400_y56320.png,0.2476,355.88,440.17,484.21,514.72
ch2_ohr_ncp_20251227T1027178560_d_img_d18_x06400_y72960.png,0.2528,381.57,153.85,391.4,162.0
ch2_ohr_ncp_20251227T1027178560_d_img_d18_x06400_y72960.png,0.2018,485.8,219.85,490.71,225.11
ch2_ohr_ncp_20251227T1027178560_d_img_d18_x06400_y74240.png,0.4089,250.57,0.0,336.29,31.82
ch2_ohr_ncp_20251227T1027178560_d_img_d18_x06400_y74240.png,0.27,236.46,0.0,340.15,38.21
ch2_ohr_ncp_20251227T1027178560_d_img_d18_x06400_y74880.png,0.2793,239.99,0.0,364.33,39.82
ch2_ohr_ncp_20251227T1027178560_d_img_d18_x06400_y74880.png,0.2045,231.77,0.0,374.36,51.67
ch2_ohr_ncp_20251227T1027178560_d_img_d18_x06400_y76800.png,0.5887,472.52,55.88,480.95,63.26
ch2_ohr_ncp_20251227T1027178560_d_img_d18_x06400_y76800.png,0.5455,518.58,12.6,525.88,19.35
ch2_ohr_ncp_20251227T1027178560_d_img_d18_x06400_y76800.png,0.4391,266.77,154.96,273.46,160.35
ch2_ohr_ncp_20251227T1027178560_d_img_d18_x06400_y76800.png,0.4201,130.66,207.6,138.72,214.32
ch2_ohr_ncp_20251227T1027178560_d_img_d18_x06400_y76800.png,0.4081,288.72,91.45,295.45,97.5
ch2_ohr_ncp_20251227T1027178560_d_img_d18_x06400_y76800.png,0.405,530.25,71.78,539.29,79.45
ch2_ohr_ncp_20251227T1027178560_d_img_d18_x06400_y76800.png,0.4029,48.69,414.5,59.02,423.47
ch2_ohr_ncp_20251227T1027178560_d_img_d18_x06400_y76800.png,0.3981,47.82,327.94,59.65,338.9
ch2_ohr_ncp_20251227T1027178560_d_img_d18_x06400_y76800.png,0.3901,476.81,29.45,484.19,35.69
ch2_ohr_ncp_20251227T1027178560_d_img_d18_x06400_y76800.png,0.3895,214.45,168.26,222.23,175.22
ch2_ohr_ncp_20251227T1027178560_d_img_d18_x06400_y76800.png,0.3863,211.59,79.03,217.74,84.14
ch2_ohr_ncp_20251227T1027178560_d_img_d18_x06400_y76800.png,0.3855,54.02,99.37,60.34,104.71
ch2_ohr_ncp_20251227T1027178560_d_img_d18_x06400_y76800.png,0.3735,49.74,319.32,58.02,325.7
ch2_ohr_ncp_20251227T1027178560_d_img_d18_x06400_y76800.png,0.3694,24.96,370.21,30.51,375.57
ch2_ohr_ncp_20251227T1027178560_d_img_d18_x06400_y76800.png,0.3683,14.13,454.42,24.55,462.52
ch2_ohr_ncp_20251227T1027178560_d_img_d18_x06400_y76800.png,0.367,300.89,85.83,309.33,92.39
ch2_ohr_ncp_20251227T1027178560_d_img_d18_x06400_y76800.png,0.361,216.18,280.94,223.14,286.69
ch2_ohr_ncp_20251227T1027178560_d_img_d18_x06400_y76800.png,0.3556,127.98,112.35,134.03,116.86
ch2_ohr_ncp_20251227T1027178560_d_img_d18_x06400_y76800.png,0.3452,53.02,256.23,61.79,263.33
ch2_ohr_ncp_20251227T1027178560_d_img_d18_x06400_y76800.png,0.3397,518.12,13.15,526.21,21.49
ch2_ohr_ncp_20251227T1027178560_d_img_d18_x06400_y76800.png,0.3378,351.75,241.65,367.11,252.85
ch2_ohr_ncp_20251227T1027178560_d_img_d18_x06400_y76800.png,0.337,495.89,45.95,500.89,50.89
ch2_ohr_ncp_20251227T1027178560_d_img_d18_x06400_y76800.png,0.3349,337.51,39.45,345.39,45.28
ch2_ohr_ncp_20251227T1027178560_d_img_d18_x06400_y76800.png,0.3289,25.17,291.54,29.71,295.99
ch2_ohr_ncp_20251227T1027178560_d_img_d18_x06400_y76800.png,0.3269,12.51,65.41,17.37,70.07
ch2_ohr_ncp_20251227T1027178560_d_img_d18_x06400_y76800.png,0.3266,27.65,209.66,33.11,214.85
ch2_ohr_ncp_20251227T1027178560_d_img_d18_x06400_y76800.png,0.3208,21.37,387.37,30.8,395.81
ch2_ohr_ncp_20251227T1027178560_d_img_d18_x06400_y76800.png,0.3152,102.52,272.73,107.85,277.64
ch2_ohr_ncp_20251227T1027178560_d_img_d18_x06400_y76800.png,0.3134,518.77,26.79,526.59,32.86
ch2_ohr_ncp_20251227T1027178560_d_img_d18_x06400_y76800.png,0.3095,155.45,111.69,172.81,126.97
ch2_ohr_ncp_20251227T1027178560_d_img_d18_x06400_y76800.png,0.3086,104.12,102.33,110.44,108.29
ch2_ohr_ncp_20251227T1027178560_d_img_d18_x06400_y76800.png,0.3066,379.68,18.6,384.07,22.83
ch2_ohr_ncp_20251227T1027178560_d_img_d18_x06400_y76800.png,0.2981,246.76,29.8,255.23,40.45
ch2_ohr_ncp_20251227T1027178560_d_img_d18_x06400_y76800.png,0.2923,55.85,88.1,61.06,92.79
ch2_ohr_ncp_20251227T1027178560_d_img_d18_x06400_y76800.png,0.2829,368.27,23.38,375.5,32.39
ch2_ohr_ncp_20251227T1027178560_d_img_d18_x06400_y76800.png,0.2798,246.28,17.58,256.11,26.57
ch2_ohr_ncp_20251227T1027178560_d_img_d18_x06400_y76800.png,0.2739,631.76,83.14,639.26,90.12
ch2_ohr_ncp_20251227T1027178560_d_img_d18_x06400_y76800.png,0.2717,271.52,206.6,281.94,214.85
ch2_ohr_ncp_20251227T1027178560_d_img_d18_x06400_y76800.png,0.2697,99.0,80.77,103.3,84.21
ch2_ohr_ncp_20251227T1027178560_d_img_d18_x06400_y76800.png,0.2667,263.58,76.92,268.38,81.39
ch2_ohr_ncp_20251227T1027178560_d_img_d18_x06400_y76800.png,0.2647,32.48,247.39,37.87,252.07
ch2_ohr_ncp_20251227T1027178560_d_img_d18_x06400_y76800.png,0.2615,30.54,219.32,37.22,226.7
ch2_ohr_ncp_20251227T1027178560_d_img_d18_x06400_y76800.png,0.2599,193.1,116.13,200.93,123.72
ch2_ohr_ncp_20251227T1027178560_d_img_d18_x06400_y76800.png,0.2594,0.11,208.73,3.37,216.38
ch2_ohr_ncp_20251227T1027178560_d_img_d18_x06400_y76800.png,0.2582,301.47,86.28,311.28,92.59
ch2_ohr_ncp_20251227T1027178560_d_img_d18_x06400_y76800.png,0.2534,178.96,277.71,186.29,283.89
ch2_ohr_ncp_20251227T1027178560_d_img_d18_x06400_y76800.png,0.2533,178.48,381.49,186.62,387.91
ch2_ohr_ncp_20251227T1027178560_d_img_d18_x06400_y76800.png,0.2512,20.13,305.97,25.52,311.6
ch2_ohr_ncp_20251227T1027178560_d_img_d18_x06400_y76800.png,0.2482,442.97,75.47,447.24,79.69
ch2_ohr_ncp_20251227T1027178560_d_img_d18_x06400_y76800.png,0.2445,7.71,382.87,14.3,389.39
ch2_ohr_ncp_20251227T1027178560_d_img_d18_x06400_y76800.png,0.2435,205.24,175.89,211.59,181.4
ch2_ohr_ncp_20251227T1027178560_d_img_d18_x06400_y76800.png,0.2393,474.1,55.5,480.99,61.71
ch2_ohr_ncp_20251227T1027178560_d_img_d18_x06400_y76800.png,0.2384,27.36,209.3,32.12,213.96
ch2_ohr_ncp_20251227T1027178560_d_img_d18_x06400_y76800.png,0.2383,236.38,271.57,248.93,280.12
ch2_ohr_ncp_20251227T1027178560_d_img_d18_x06400_y76800.png,0.2367,32.16,247.55,36.55,251.67
ch2_ohr_ncp_20251227T1027178560_d_img_d18_x06400_y76800.png,0.2339,6.24,395.4,11.4,400.06
ch2_ohr_ncp_20251227T1027178560_d_img_d18_x06400_y76800.png,0.2339,101.54,314.71,108.27,321.56
ch2_ohr_ncp_20251227T1027178560_d_img_d18_x06400_y76800.png,0.2328,247.38,368.38,260.89,379.14
ch2_ohr_ncp_20251227T1027178560_d_img_d18_x06400_y76800.png,0.2325,63.3,139.92,72.42,148.65
ch2_ohr_ncp_20251227T1027178560_d_img_d18_x06400_y76800.png,0.2298,138.92,80.51,143.73,84.42
ch2_ohr_ncp_20251227T1027178560_d_img_d18_x06400_y76800.png,0.229,99.54,81.09,104.25,84.36
ch2_ohr_ncp_20251227T1027178560_d_img_d18_x06400_y76800.png,0.2268,127.92,112.75,133.06,116.53
ch2_ohr_ncp_20251227T1027178560_d_img_d18_x06400_y76800.png,0.2239,526.03,153.59,532.78,163.13
ch2_ohr_ncp_20251227T1027178560_d_img_d18_x06400_y76800.png,0.2209,92.03,121.46,98.55,127.45
ch2_ohr_ncp_20251227T1027178560_d_img_d18_x06400_y76800.png,0.2209,529.44,152.45,540.33,161.12
ch2_ohr_ncp_20251227T1027178560_d_img_d18_x06400_y76800.png,0.2181,156.0,88.08,161.51,92.36
ch2_ohr_ncp_20251227T1027178560_d_img_d18_x06400_y76800.png,0.218,223.44,379.53,228.07,383.42
ch2_ohr_ncp_20251227T1027178560_d_img_d18_x06400_y76800.png,0.2164,6.97,285.48,12.81,290.06
ch2_ohr_ncp_20251227T1027178560_d_img_d18_x06400_y76800.png,0.2034,299.04,201.64,306.27,208.34
ch2_ohr_ncp_20251227T1027178560_d_img_d18_x06400_y97280.png,0.2667,413.62,120.41,496.49,175.77
ch2_ohr_ncp_20251227T1027178560_d_img_d18_x06400_y97280.png,0.2562,422.83,121.63,438.54,133.38
ch2_ohr_ncp_20251227T1027178560_d_img_d18_x06400_y97280.png,0.2501,418.09,120.23,491.19,156.64
ch2_ohr_ncp_20251227T1027178560_d_img_d18_x06400_y99200.png,0.312,630.57,627.22,639.14,634.56
ch2_ohr_ncp_20251227T1027178560_d_img_d18_x06400_y99200.png,0.2977,615.94,609.88,630.3,621.12
ch2_ohr_ncp_20251227T1027178560_d_img_d18_x06400_y99200.png,0.2812,553.24,586.48,558.59,591.45
ch2_ohr_ncp_20251227T1027178560_d_img_d18_x06400_y99200.png,0.281,581.85,574.09,587.5,579.85
ch2_ohr_ncp_20251227T1027178560_d_img_d18_x06400_y99840.png,0.2456,623.01,3.93,632.23,11.16
ch2_ohr_ncp_20251227T1027178560_d_img_d18_x06400_y99840.png,0.2378,441.34,119.3,448.42,125.02
ch2_ohr_ncp_20251227T1027178560_d_img_d18_x06400_y99840.png,0.2324,461.8,19.88,467.79,24.93
ch2_ohr_ncp_20251227T1027178560_d_img_d18_x06400_y99840.png,0.2181,350.43,251.25,357.1,256.88
ch2_ohr_ncp_20251227T1027178560_d_img_d18_x06400_y99840.png,0.2167,623.48,4.59,630.31,11.38
ch2_ohr_ncp_20251227T1027178560_d_img_d18_x06400_y99840.png,0.2147,493.64,20.21,510.13,33.38
ch2_ohr_ncp_20251227T1027178560_d_img_d18_x06400_y99840.png,0.2052,353.84,276.58,362.43,283.91
ch2_ohr_ncp_20251227T1027178560_d_img_d18_x07040_y100480.png,0.5623,576.26,354.02,585.96,363.17
ch2_ohr_ncp_20251227T1027178560_d_img_d18_x07040_y100480.png,0.5372,525.81,97.18,539.52,106.93
ch2_ohr_ncp_20251227T1027178560_d_img_d18_x07040_y100480.png,0.516,421.23,104.05,431.27,111.51
ch2_ohr_ncp_20251227T1027178560_d_img_d18_x07040_y100480.png,0.4707,508.73,511.48,519.06,518.69
ch2_ohr_ncp_20251227T1027178560_d_img_d18_x07040_y100480.png,0.4477,330.26,409.11,342.16,419.5
ch2_ohr_ncp_20251227T1027178560_d_img_d18_x07040_y100480.png,0.4302,350.68,8.96,362.37,18.74
ch2_ohr_ncp_20251227T1027178560_d_img_d18_x07040_y100480.png,0.4137,392.14,380.33,399.64,387.29
ch2_ohr_ncp_20251227T1027178560_d_img_d18_x07040_y100480.png,0.4057,244.13,76.44,249.76,81.76
ch2_ohr_ncp_20251227T1027178560_d_img_d18_x07040_y100480.png,0.4018,53.57,307.85,63.27,316.08
ch2_ohr_ncp_20251227T1027178560_d_img_d18_x07040_y100480.png,0.3663,95.37,242.29,103.51,248.98
ch2_ohr_ncp_20251227T1027178560_d_img_d18_x07040_y100480.png,0.3636,340.84,359.0,351.12,367.32
ch2_ohr_ncp_20251227T1027178560_d_img_d18_x07040_y100480.png,0.3524,132.16,495.92,139.59,501.8
ch2_ohr_ncp_20251227T1027178560_d_img_d18_x07040_y100480.png,0.3412,231.45,89.35,242.69,98.59
ch2_ohr_ncp_20251227T1027178560_d_img_d18_x07040_y100480.png,0.339,226.15,572.92,248.67,587.09
ch2_ohr_ncp_20251227T1027178560_d_img_d18_x07040_y100480.png,0.3381,439.84,400.87,446.53,406.04
ch2_ohr_ncp_20251227T1027178560_d_img_d18_x07040_y100480.png,0.3209,455.95,293.83,462.47,299.32
ch2_ohr_ncp_20251227T1027178560_d_img_d18_x07040_y100480.png,0.3189,333.92,53.74,373.14,82.81
ch2_ohr_ncp_20251227T1027178560_d_img_d18_x07040_y100480.png,0.3156,387.35,16.94,393.38,22.74
ch2_ohr_ncp_20251227T1027178560_d_img_d18_x07040_y100480.png,0.3118,611.89,351.93,620.01,358.34
ch2_ohr_ncp_20251227T1027178560_d_img_d18_x07040_y100480.png,0.3001,266.37,496.65,272.58,502.23
ch2_ohr_ncp_20251227T1027178560_d_img_d18_x07040_y100480.png,0.2986,582.52,374.2,587.66,379.55
ch2_ohr_ncp_20251227T1027178560_d_img_d18_x07040_y100480.png,0.2953,309.09,120.17,318.21,126.7
ch2_ohr_ncp_20251227T1027178560_d_img_d18_x07040_y100480.png,0.2849,352.19,435.46,358.8,442.08
ch2_ohr_ncp_20251227T1027178560_d_img_d18_x07040_y100480.png,0.2739,502.05,204.95,509.35,211.64
ch2_ohr_ncp_20251227T1027178560_d_img_d18_x07040_y100480.png,0.27,266.02,36.67,271.46,41.48
ch2_ohr_ncp_20251227T1027178560_d_img_d18_x07040_y100480.png,0.2337,271.94,41.78,279.98,48.67
ch2_ohr_ncp_20251227T1027178560_d_img_d18_x07040_y100480.png,0.2244,517.33,328.59,524.01,334.61
ch2_ohr_ncp_20251227T1027178560_d_img_d18_x07040_y100480.png,0.2237,268.59,474.42,280.46,484.26
ch2_ohr_ncp_20251227T1027178560_d_img_d18_x07040_y100480.png,0.2222,341.82,29.87,348.09,35.74
ch2_ohr_ncp_20251227T1027178560_d_img_d18_x07040_y100480.png,0.2122,228.11,380.97,233.94,386.82
ch2_ohr_ncp_20251227T1027178560_d_img_d18_x07040_y53760.png,0.3579,337.69,0.0,433.53,53.2
ch2_ohr_ncp_20251227T1027178560_d_img_d18_x07040_y53760.png,0.2162,317.78,1.84,434.04,67.37
ch2_ohr_ncp_20251227T1027178560_d_img_d18_x07040_y58240.png,0.3708,33.57,0.0,113.98,35.37
ch2_ohr_ncp_20251227T1027178560_d_img_d18_x07040_y60800.png,0.2317,565.8,235.26,637.76,307.07
ch2_ohr_ncp_20251227T1027178560_d_img_d18_x07040_y61440.png,0.3297,523.96,33.47,622.54,108.15
ch2_ohr_ncp_20251227T1027178560_d_img_d18_x07040_y62720.png,0.2392,343.31,5.03,365.74,21.86
ch2_ohr_ncp_20251227T1027178560_d_img_d18_x07040_y72960.png,0.2137,187.53,354.85,327.15,420.66
ch2_ohr_ncp_20251227T1027178560_d_img_d18_x07040_y76160.png,0.5354,270.63,207.52,281.0,215.13
ch2_ohr_ncp_20251227T1027178560_d_img_d18_x07040_y76160.png,0.4364,280.38,142.83,289.71,150.07
ch2_ohr_ncp_20251227T1027178560_d_img_d18_x07040_y76160.png,0.4352,150.12,58.78,160.69,67.34
ch2_ohr_ncp_20251227T1027178560_d_img_d18_x07040_y76160.png,0.4145,337.52,145.54,345.62,151.47
ch2_ohr_ncp_20251227T1027178560_d_img_d18_x07040_y76160.png,0.396,147.14,273.48,153.8,279.48
ch2_ohr_ncp_20251227T1027178560_d_img_d18_x07040_y76160.png,0.377,562.27,81.64,568.54,87.26
ch2_ohr_ncp_20251227T1027178560_d_img_d18_x07040_y76160.png,0.372,387.67,154.7,393.92,160.12
ch2_ohr_ncp_20251227T1027178560_d_img_d18_x07040_y76160.png,0.3608,555.89,47.64,561.14,51.89
ch2_ohr_ncp_20251227T1027178560_d_img_d18_x07040_y76160.png,0.3559,530.29,176.44,537.96,183.41
ch2_ohr_ncp_20251227T1027178560_d_img_d18_x07040_y76160.png,0.3519,337.36,146.07,342.47,151.66
ch2_ohr_ncp_20251227T1027178560_d_img_d18_x07040_y76160.png,0.3418,213.85,63.71,223.52,71.2
ch2_ohr_ncp_20251227T1027178560_d_img_d18_x07040_y76160.png,0.3348,605.43,30.48,611.38,36.12
ch2_ohr_ncp_20251227T1027178560_d_img_d18_x07040_y76160.png,0.3265,258.27,222.99,265.43,228.64
ch2_ohr_ncp_20251227T1027178560_d_img_d18_x07040_y76160.png,0.3255,417.73,348.35,424.22,354.36
ch2_ohr_ncp_20251227T1027178560_d_img_d18_x07040_y76160.png,0.3116,528.42,74.36,533.66,79.5
ch2_ohr_ncp_20251227T1027178560_d_img_d18_x07040_y76160.png,0.311,85.08,589.75,97.93,600.67
ch2_ohr_ncp_20251227T1027178560_d_img_d18_x07040_y76160.png,0.3101,53.23,460.48,61.01,467.72
ch2_ohr_ncp_20251227T1027178560_d_img_d18_x07040_y76160.png,0.3093,173.12,83.6,178.34,88.86
ch2_ohr_ncp_20251227T1027178560_d_img_d18_x07040_y76160.png,0.3082,137.05,270.97,143.77,277.19
ch2_ohr_ncp_20251227T1027178560_d_img_d18_x07040_y76160.png,0.2988,330.38,435.14,339.44,443.19
ch2_ohr_ncp_20251227T1027178560_d_img_d18_x07040_y76160.png,0.2985,257.56,315.19,266.33,323.03
ch2_ohr_ncp_20251227T1027178560_d_img_d18_x07040_y76160.png,0.2972,259.13,222.44,265.74,227.6
ch2_ohr_ncp_20251227T1027178560_d_img_d18_x07040_y76160.png,0.2959,235.02,194.56,239.6,199.09
ch2_ohr_ncp_20251227T1027178560_d_img_d18_x07040_y76160.png,0.2921,104.99,353.78,111.69,360.05
ch2_ohr_ncp_20251227T1027178560_d_img_d18_x07040_y76160.png,0.2917,404.64,353.74,415.65,362.94
ch2_ohr_ncp_20251227T1027178560_d_img_d18_x07040_y76160.png,0.2901,236.43,148.53,241.06,152.86
ch2_ohr_ncp_20251227T1027178560_d_img_d18_x07040_y76160.png,0.2828,223.44,260.66,231.91,267.28
ch2_ohr_ncp_20251227T1027178560_d_img_d18_x07040_y76160.png,0.2828,160.76,268.18,165.71,272.41
ch2_ohr_ncp_20251227T1027178560_d_img_d18_x07040_y76160.png,0.2749,502.77,157.33,511.95,164.94
ch2_ohr_ncp_20251227T1027178560_d_img_d18_x07040_y76160.png,0.2735,157.95,328.72,166.11,334.65
ch2_ohr_ncp_20251227T1027178560_d_img_d18_x07040_y76160.png,0.2713,243.89,107.48,260.0,121.41
ch2_ohr_ncp_20251227T1027178560_d_img_d18_x07040_y76160.png,0.268,385.08,213.0,392.57,219.21
ch2_ohr_ncp_20251227T1027178560_d_img_d18_x07040_y76160.png,0.2512,145.36,30.69,150.51,35.75
ch2_ohr_ncp_20251227T1027178560_d_img_d18_x07040_y76160.png,0.2506,234.49,194.03,238.9,198.81
ch2_ohr_ncp_20251227T1027178560_d_img_d18_x07040_y76160.png,0.2472,79.11,181.12,85.79,187.31
ch2_ohr_ncp_20251227T1027178560_d_img_d18_x07040_y76160.png,0.2407,251.01,196.51,256.56,201.29
ch2_ohr_ncp_20251227T1027178560_d_img_d18_x07040_y76160.png,0.2363,164.93,94.19,170.39,98.86
ch2_ohr_ncp_20251227T1027178560_d_img_d18_x07040_y76160.png,0.2361,465.75,54.75,471.45,59.52
ch2_ohr_ncp_20251227T1027178560_d_img_d18_x07040_y76160.png,0.2357,237.36,148.44,241.69,152.68
ch2_ohr_ncp_20251227T1027178560_d_img_d18_x07040_y76160.png,0.2329,470.86,186.48,481.08,194.74
ch2_ohr_ncp_20251227T1027178560_d_img_d18_x07040_y76160.png,0.2326,231.04,301.23,237.01,307.2
ch2_ohr_ncp_20251227T1027178560_d_img_d18_x07040_y76160.png,0.2284,446.34,150.14,454.16,155.8
ch2_ohr_ncp_20251227T1027178560_d_img_d18_x07040_y76160.png,0.2254,62.02,102.24,71.59,109.69
ch2_ohr_ncp_20251227T1027178560_d_img_d18_x07040_y76160.png,0.2193,28.72,219.6,33.18,224.01
ch2_ohr_ncp_20251227T1027178560_d_img_d18_x07040_y76160.png,0.2191,164.44,94.03,169.61,99.59
ch2_ohr_ncp_20251227T1027178560_d_img_d18_x07040_y76160.png,0.2177,259.94,221.69,266.29,226.94
ch2_ohr_ncp_20251227T1027178560_d_img_d18_x07040_y76160.png,0.2147,78.95,450.16,89.33,457.89
ch2_ohr_ncp_20251227T1027178560_d_img_d18_x07040_y76160.png,0.2146,244.44,327.55,252.03,333.71
ch2_ohr_ncp_20251227T1027178560_d_img_d18_x07040_y76160.png,0.2117,307.53,342.08,314.08,348.21
ch2_ohr_ncp_20251227T1027178560_d_img_d18_x07040_y76160.png,0.2107,345.81,191.56,354.64,198.7
ch2_ohr_ncp_20251227T1027178560_d_img_d18_x07040_y76160.png,0.2104,131.63,474.69,141.01,483.37
ch2_ohr_ncp_20251227T1027178560_d_img_d18_x07040_y76160.png,0.208,387.53,194.93,391.68,198.99
ch2_ohr_ncp_20251227T1027178560_d_img_d18_x07040_y76160.png,0.2078,505.59,80.89,510.83,85.69
ch2_ohr_ncp_20251227T1027178560_d_img_d18_x07040_y76160.png,0.2057,248.29,296.51,256.6,303.58
ch2_ohr_ncp_20251227T1027178560_d_img_d18_x07040_y76160.png,0.2048,283.68,262.18,290.1,268.29
ch2_ohr_ncp_20251227T1027178560_d_img_d18_x07040_y76160.png,0.202,320.76,63.41,325.66,67.73
ch2_ohr_ncp_20251227T1027178560_d_img_d18_x07040_y76160.png,0.2015,245.41,278.72,252.36,284.93
ch2_ohr_ncp_20251227T1027178560_d_img_d18_x07040_y76160.png,0.2012,255.87,187.69,264.41,196.43
ch2_ohr_ncp_20251227T1027178560_d_img_d18_x07040_y97920.png,0.2268,512.32,561.81,519.71,568.81
ch2_ohr_ncp_20251227T1027178560_d_img_d18_x07040_y97920.png,0.2252,543.5,563.93,549.92,570.09
ch2_ohr_ncp_20251227T1027178560_d_img_d18_x07040_y97920.png,0.2122,602.94,524.77,608.64,529.82
ch2_ohr_ncp_20251227T1027178560_d_img_d18_x07040_y98560.png,0.2978,142.64,370.96,151.04,379.25
ch2_ohr_ncp_20251227T1027178560_d_img_d18_x07040_y98560.png,0.2539,380.66,328.96,388.64,336.19
ch2_ohr_ncp_20251227T1027178560_d_img_d18_x07040_y98560.png,0.2402,99.77,630.56,110.4,638.71
ch2_ohr_ncp_20251227T1027178560_d_img_d18_x07040_y98560.png,0.2402,416.19,416.69,424.74,423.54
ch2_ohr_ncp_20251227T1027178560_d_img_d18_x07040_y98560.png,0.219,215.69,532.52,223.81,540.61
ch2_ohr_ncp_20251227T1027178560_d_img_d18_x07040_y98560.png,0.2188,270.03,435.27,283.31,448.08
ch2_ohr_ncp_20251227T1027178560_d_img_d18_x07040_y98560.png,0.2131,152.53,564.56,158.68,570.37
ch2_ohr_ncp_20251227T1027178560_d_img_d18_x07040_y99200.png,0.2172,614.81,577.08,621.12,582.72
ch2_ohr_ncp_20251227T1027178560_d_img_d18_x07040_y99200.png,0.2149,342.9,573.14,350.11,579.79
ch2_ohr_ncp_20251227T1027178560_d_img_d18_x07680_y100480.png,0.5201,533.76,1.22,550.0,14.84
ch2_ohr_ncp_20251227T1027178560_d_img_d18_x07680_y100480.png,0.4916,127.07,303.13,137.49,311.0
ch2_ohr_ncp_20251227T1027178560_d_img_d18_x07680_y100480.png,0.4681,152.05,562.15,160.78,569.67
ch2_ohr_ncp_20251227T1027178560_d_img_d18_x07680_y100480.png,0.4514,614.16,22.25,626.86,32.54
ch2_ohr_ncp_20251227T1027178560_d_img_d18_x07680_y100480.png,0.4502,513.36,13.1,524.73,22.4
ch2_ohr_ncp_20251227T1027178560_d_img_d18_x07680_y100480.png,0.3986,243.4,35.07,251.64,42.64
ch2_ohr_ncp_20251227T1027178560_d_img_d18_x07680_y100480.png,0.389,151.51,57.76,159.08,64.08
ch2_ohr_ncp_20251227T1027178560_d_img_d18_x07680_y100480.png,0.3846,105.78,155.44,111.71,160.59
ch2_ohr_ncp_20251227T1027178560_d_img_d18_x07680_y100480.png,0.3803,32.72,300.35,40.87,307.79
ch2_ohr_ncp_20251227T1027178560_d_img_d18_x07680_y100480.png,0.3753,212.29,28.77,217.99,34.38
ch2_ohr_ncp_20251227T1027178560_d_img_d18_x07680_y100480.png,0.3617,203.52,579.21,215.04,586.46
ch2_ohr_ncp_20251227T1027178560_d_img_d18_x07680_y100480.png,0.3583,177.49,43.98,183.88,50.16
ch2_ohr_ncp_20251227T1027178560_d_img_d18_x07680_y100480.png,0.3508,95.14,15.58,103.89,23.05
ch2_ohr_ncp_20251227T1027178560_d_img_d18_x07680_y100480.png,0.3059,348.18,129.17,362.64,139.56
ch2_ohr_ncp_20251227T1027178560_d_img_d18_x07680_y100480.png,0.2946,620.97,37.13,627.31,42.35
ch2_ohr_ncp_20251227T1027178560_d_img_d18_x07680_y100480.png,0.2914,117.93,324.62,123.92,329.8
ch2_ohr_ncp_20251227T1027178560_d_img_d18_x07680_y100480.png,0.2777,561.78,190.0,577.49,203.37
ch2_ohr_ncp_20251227T1027178560_d_img_d18_x07680_y100480.png,0.2722,212.22,19.57,216.68,23.69
ch2_ohr_ncp_20251227T1027178560_d_img_d18_x07680_y100480.png,0.2644,330.84,75.89,336.53,80.48
ch2_ohr_ncp_20251227T1027178560_d_img_d18_x07680_y100480.png,0.2622,522.74,410.01,530.53,416.55
ch2_ohr_ncp_20251227T1027178560_d_img_d18_x07680_y100480.png,0.2527,96.22,558.12,101.53,563.29
ch2_ohr_ncp_20251227T1027178560_d_img_d18_x07680_y100480.png,0.2185,280.29,82.69,286.82,88.44
ch2_ohr_ncp_20251227T1027178560_d_img_d18_x07680_y100480.png,0.2153,359.79,44.0,366.36,49.4
ch2_ohr_ncp_20251227T1027178560_d_img_d18_x07680_y100480.png,0.2143,33.44,348.97,39.65,354.54
ch2_ohr_ncp_20251227T1027178560_d_img_d18_x07680_y100480.png,0.2112,162.49,381.06,168.72,386.93
ch2_ohr_ncp_20251227T1027178560_d_img_d18_x07680_y100480.png,0.2053,196.7,115.38,203.96,120.61
ch2_ohr_ncp_20251227T1027178560_d_img_d18_x07680_y100480.png,0.2049,269.32,545.54,297.8,564.35
ch2_ohr_ncp_20251227T1027178560_d_img_d18_x07680_y53760.png,0.2337,22.93,0.0,120.03,44.01
ch2_ohr_ncp_20251227T1027178560_d_img_d18_x07680_y53760.png,0.2291,97.41,0.0,116.3,6.94
ch2_ohr_ncp_20251227T1027178560_d_img_d18_x07680_y54400.png,0.218,0.0,159.26,114.48,256.23
ch2_ohr_ncp_20251227T1027178560_d_img_d18_x07680_y56320.png,0.3697,258.27,49.31,265.03,55.08
ch2_ohr_ncp_20251227T1027178560_d_img_d18_x07680_y56320.png,0.2938,60.41,7.93,65.25,12.05
ch2_ohr_ncp_20251227T1027178560_d_img_d18_x07680_y56320.png,0.291,316.49,14.74,326.72,22.11
ch2_ohr_ncp_20251227T1027178560_d_img_d18_x07680_y56320.png,0.2726,26.17,198.07,35.22,205.05
ch2_ohr_ncp_20251227T1027178560_d_img_d18_x07680_y56320.png,0.2711,315.73,14.31,325.02,21.4
ch2_ohr_ncp_20251227T1027178560_d_img_d18_x07680_y56320.png,0.2672,378.73,36.91,387.28,43.55
ch2_ohr_ncp_20251227T1027178560_d_img_d18_x07680_y56320.png,0.2208,20.91,51.21,26.87,56.59
ch2_ohr_ncp_20251227T1027178560_d_img_d18_x07680_y58240.png,0.3099,31.83,0.0,102.42,51.08
ch2_ohr_ncp_20251227T1027178560_d_img_d18_x07680_y58880.png,0.5067,279.97,174.12,395.68,236.98
ch2_ohr_ncp_20251227T1027178560_d_img_d18_x07680_y58880.png,0.313,211.86,253.63,220.39,259.96
ch2_ohr_ncp_20251227T1027178560_d_img_d18_x07680_y58880.png,0.2249,46.16,6.36,54.51,12.2
ch2_ohr_ncp_20251227T1027178560_d_img_d18_x07680_y58880.png,0.2184,505.51,282.3,512.46,288.42
ch2_ohr_ncp_20251227T1027178560_d_img_d18_x07680_y58880.png,0.2155,477.33,264.99,488.87,275.38
ch2_ohr_ncp_20251227T1027178560_d_img_d18_x07680_y58880.png,0.2139,351.45,316.56,359.65,323.01
ch2_ohr_ncp_20251227T1027178560_d_img_d18_x07680_y58880.png,0.2132,95.98,348.23,103.63,355.28
ch2_ohr_ncp_20251227T1027178560_d_img_d18_x07680_y58880.png,0.2063,216.87,224.3,225.75,231.44
ch2_ohr_ncp_20251227T1027178560_d_img_d18_x07680_y60160.png,0.3031,288.69,459.22,392.07,523.83
ch2_ohr_ncp_20251227T1027178560_d_img_d18_x07680_y61440.png,0.2017,498.56,15.35,507.35,22.49
ch2_ohr_ncp_20251227T1027178560_d_img_d18_x07680_y74880.png,0.514,245.45,0.0,372.72,62.01
ch2_ohr_ncp_20251227T1027178560_d_img_d18_x07680_y74880.png,0.2681,255.95,0.0,366.73,42.81
ch2_ohr_ncp_20251227T1027178560_d_img_d18_x07680_y76160.png,0.6026,142.8,97.5,158.98,110.47
ch2_ohr_ncp_20251227T1027178560_d_img_d18_x07680_y76160.png,0.5125,23.5,248.79,30.34,254.74
ch2_ohr_ncp_20251227T1027178560_d_img_d18_x07680_y76160.png,0.4935,175.01,150.3,180.96,155.71
ch2_ohr_ncp_20251227T1027178560_d_img_d18_x07680_y76160.png,0.4874,181.53,131.17,187.59,135.94
ch2_ohr_ncp_20251227T1027178560_d_img_d18_x07680_y76160.png,0.4716,230.94,104.56,239.62,111.09
ch2_ohr_ncp_20251227T1027178560_d_img_d18_x07680_y76160.png,0.4478,186.06,84.88,192.07,90.8
ch2_ohr_ncp_20251227T1027178560_d_img_d18_x07680_y76160.png,0.4271,135.14,53.64,140.01,58.22
ch2_ohr_ncp_20251227T1027178560_d_img_d18_x07680_y76160.png,0.4081,44.35,280.5,50.66,285.77
ch2_ohr_ncp_20251227T1027178560_d_img_d18_x07680_y76160.png,0.4005,165.66,98.49,172.98,105.2
ch2_ohr_ncp_20251227T1027178560_d_img_d18_x07680_y76160.png,0.3898,147.35,155.97,154.51,162.86
ch2_ohr_ncp_20251227T1027178560_d_img_d18_x07680_y76160.png,0.3882,402.88,63.6,412.69,71.35
ch2_ohr_ncp_20251227T1027178560_d_img_d18_x07680_y76160.png,0.3751,100.59,265.87,109.39,272.6
ch2_ohr_ncp_20251227T1027178560_d_img_d18_x07680_y76160.png,0.3522,24.95,265.04,30.0,268.87
ch2_ohr_ncp_20251227T1027178560_d_img_d18_x07680_y76160.png,0.3508,59.99,260.59,66.46,266.67
ch2_ohr_ncp_20251227T1027178560_d_img_d18_x07680_y76160.png,0.3499,17.4,267.07,23.54,272.96
ch2_ohr_ncp_20251227T1027178560_d_img_d18_x07680_y76160.png,0.3457,53.69,236.67,58.22,240.37
ch2_ohr_ncp_20251227T1027178560_d_img_d18_x07680_y76160.png,0.3388,98.1,56.26,102.65,60.15
ch2_ohr_ncp_20251227T1027178560_d_img_d18_x07680_y76160.png,0.3354,21.45,224.28,30.06,231.18
ch2_ohr_ncp_20251227T1027178560_d_img_d18_x07680_y76160.png,0.332,132.02,114.03,140.78,120.5
ch2_ohr_ncp_20251227T1027178560_d_img_d18_x07680_y76160.png,0.3311,64.99,50.96,70.1,56.41
ch2_ohr_ncp_20251227T1027178560_d_img_d18_x07680_y76160.png,0.3276,246.68,71.23,256.01,79.64
ch2_ohr_ncp_20251227T1027178560_d_img_d18_x07680_y76160.png,0.3244,54.74,297.86,61.78,305.52
ch2_ohr_ncp_20251227T1027178560_d_img_d18_x07680_y76160.png,0.3166,53.06,236.54,57.34,240.5
ch2_ohr_ncp_20251227T1027178560_d_img_d18_x07680_y76160.png,0.3156,71.01,242.36,83.69,252.93
ch2_ohr_ncp_20251227T1027178560_d_img_d18_x07680_y76160.png,0.3135,58.29,209.46,63.47,214.75
ch2_ohr_ncp_20251227T1027178560_d_img_d18_x07680_y76160.png,0.3053,84.82,230.5,92.85,236.88
ch2_ohr_ncp_20251227T1027178560_d_img_d18_x07680_y76160.png,0.2981,97.54,55.66,102.44,59.77
ch2_ohr_ncp_20251227T1027178560_d_img_d18_x07680_y76160.png,0.295,115.76,262.45,120.1,266.2
ch2_ohr_ncp_20251227T1027178560_d_img_d18_x07680_y76160.png,0.2937,113.41,44.46,118.04,48.91
ch2_ohr_ncp_20251227T1027178560_d_img_d18_x07680_y76160.png,0.293,66.13,321.76,74.16,328.67
ch2_ohr_ncp_20251227T1027178560_d_img_d18_x07680_y76160.png,0.2876,288.2,204.95,294.67,210.89
ch2_ohr_ncp_20251227T1027178560_d_img_d18_x07680_y76160.png,0.2827,167.17,74.21,171.53,78.27
ch2_ohr_ncp_20251227T1027178560_d_img_d18_x07680_y76160.png,0.2813,192.2,110.83,199.11,116.9
ch2_ohr_ncp_20251227T1027178560_d_img_d18_x07680_y76160.png,0.2735,318.76,0.05,325.31,5.89
ch2_ohr_ncp_20251227T1027178560_d_img_d18_x07680_y76160.png,0.2665,66.04,50.38,72.52,56.3
ch2_ohr_ncp_20251227T1027178560_d_img_d18_x07680_y76160.png,0.2663,152.13,268.43,156.23,272.26
ch2_ohr_ncp_20251227T1027178560_d_img_d18_x07680_y76160.png,0.264,256.54,190.88,263.9,197.93
ch2_ohr_ncp_20251227T1027178560_d_img_d18_x07680_y76160.png,0.2578,191.92,110.48,197.94,116.31
ch2_ohr_ncp_20251227T1027178560_d_img_d18_x07680_y76160.png,0.2419,63.99,30.31,69.52,34.95
ch2_ohr_ncp_20251227T1027178560_d_img_d18_x07680_y76160.png,0.2403,77.67,31.32,82.17,35.69
ch2_ohr_ncp_20251227T1027178560_d_img_d18_x07680_y76160.png,0.2397,151.34,268.21,155.56,272.29
ch2_ohr_ncp_20251227T1027178560_d_img_d18_x07680_y76160.png,0.2349,255.06,0.81,269.92,11.9
ch2_ohr_ncp_20251227T1027178560_d_img_d18_x07680_y76160.png,0.2285,66.67,136.33,78.49,145.52
ch2_ohr_ncp_20251227T1027178560_d_img_d18_x07680_y76160.png,0.2182,251.94,175.1,263.91,183.26
ch2_ohr_ncp_20251227T1027178560_d_img_d18_x07680_y76160.png,0.2176,67.9,321.94,74.73,327.46
ch2_ohr_ncp_20251227T1027178560_d_img_d18_x07680_y76160.png,0.2122,250.4,174.64,262.14,182.81
ch2_ohr_ncp_20251227T1027178560_d_img_d18_x07680_y76160.png,0.2121,116.39,261.99,121.02,266.52
ch2_ohr_ncp_20251227T1027178560_d_img_d18_x07680_y76160.png,0.2066,63.8,218.99,68.09,223.52
ch2_ohr_ncp_20251227T1027178560_d_img_d18_x07680_y76160.png,0.2037,82.13,203.33,86.6,207.45
ch2_ohr_ncp_20251227T1027178560_d_img_d18_x07680_y76160.png,0.2027,115.04,229.16,120.07,233.63
ch2_ohr_ncp_20251227T1027178560_d_img_d18_x07680_y96000.png,0.2482,404.65,9.38,511.04,64.96
ch2_ohr_ncp_20251227T1027178560_d_img_d18_x07680_y97280.png,0.4275,618.86,264.61,625.26,270.97
ch2_ohr_ncp_20251227T1027178560_d_img_d18_x07680_y97280.png,0.4201,562.08,624.79,569.02,631.2
ch2_ohr_ncp_20251227T1027178560_d_img_d18_x07680_y97280.png,0.4146,418.02,529.97,430.44,539.54
ch2_ohr_ncp_20251227T1027178560_d_img_d18_x07680_y97280.png,0.3702,411.81,476.91,416.49,481.24
ch2_ohr_ncp_20251227T1027178560_d_img_d18_x07680_y97280.png,0.3605,625.76,624.02,633.61,631.77
ch2_ohr_ncp_20251227T1027178560_d_img_d18_x07680_y97280.png,0.3362,423.64,480.99,430.7,487.5
ch2_ohr_ncp_20251227T1027178560_d_img_d18_x07680_y97280.png,0.331,586.51,586.9,592.99,593.3
ch2_ohr_ncp_20251227T1027178560_d_img_d18_x07680_y97280.png,0.3298,450.93,373.8,457.63,379.53
ch2_ohr_ncp_20251227T1027178560_d_img_d18_x07680_y97280.png,0.3174,358.54,570.29,364.18,575.43
ch2_ohr_ncp_20251227T1027178560_d_img_d18_x07680_y97280.png,0.2901,605.69,242.37,616.7,251.61
ch2_ohr_ncp_20251227T1027178560_d_img_d18_x07680_y97280.png,0.2721,619.58,264.93,625.56,270.12
ch2_ohr_ncp_20251227T1027178560_d_img_d18_x07680_y97280.png,0.2657,437.47,538.21,445.66,544.17
ch2_ohr_ncp_20251227T1027178560_d_img_d18_x07680_y97280.png,0.2412,351.43,552.82,355.82,557.42
ch2_ohr_ncp_20251227T1027178560_d_img_d18_x07680_y97280.png,0.2365,357.76,570.65,363.52,576.23
ch2_ohr_ncp_20251227T1027178560_d_img_d18_x07680_y97280.png,0.2353,421.21,582.38,425.99,587.6
ch2_ohr_ncp_20251227T1027178560_d_img_d18_x07680_y97280.png,0.2347,458.36,490.86,467.3,498.19
ch2_ohr_ncp_20251227T1027178560_d_img_d18_x07680_y97280.png,0.2329,264.0,592.38,271.46,598.82
ch2_ohr_ncp_20251227T1027178560_d_img_d18_x07680_y97280.png,0.2251,395.85,420.69,402.36,426.93
ch2_ohr_ncp_20251227T1027178560_d_img_d18_x07680_y97280.png,0.2206,379.38,421.59,384.75,425.78
ch2_ohr_ncp_20251227T1027178560_d_img_d18_x07680_y97280.png,0.2151,393.3,619.93,426.17,639.62
ch2_ohr_ncp_20251227T1027178560_d_img_d18_x07680_y97280.png,0.2148,492.87,236.54,500.34,243.77
ch2_ohr_ncp_20251227T1027178560_d_img_d18_x07680_y97280.png,0.2101,487.22,330.04,494.02,336.09
ch2_ohr_ncp_20251227T1027178560_d_img_d18_x07680_y97280.png,0.2002,607.8,293.67,613.46,299.79
ch2_ohr_ncp_20251227T1027178560_d_img_d18_x07680_y99200.png,0.3516,0.26,529.09,8.3,537.75
ch2_ohr_ncp_20251227T1027178560_d_img_d18_x07680_y99200.png,0.2954,632.06,572.11,638.8,578.65
ch2_ohr_ncp_20251227T1027178560_d_img_d18_x07680_y99200.png,0.2775,30.0,604.45,35.4,608.83
ch2_ohr_ncp_20251227T1027178560_d_img_d18_x07680_y99200.png,0.2717,229.41,544.39,237.19,551.99
ch2_ohr_ncp_20251227T1027178560_d_img_d18_x07680_y99200.png,0.2611,32.12,555.84,39.55,562.88
ch2_ohr_ncp_20251227T1027178560_d_img_d18_x07680_y99200.png,0.2578,541.26,24.82,548.08,31.44
ch2_ohr_ncp_20251227T1027178560_d_img_d18_x07680_y99200.png,0.2547,100.07,598.96,104.93,603.29
ch2_ohr_ncp_20251227T1027178560_d_img_d18_x07680_y99200.png,0.2419,267.87,520.47,289.37,541.68
ch2_ohr_ncp_20251227T1027178560_d_img_d18_x07680_y99200.png,0.2411,277.1,587.19,283.45,592.77
ch2_ohr_ncp_20251227T1027178560_d_img_d18_x07680_y99200.png,0.2251,588.21,591.33,594.05,596.71
ch2_ohr_ncp_20251227T1027178560_d_img_d18_x07680_y99200.png,0.214,375.74,593.31,382.45,599.06
ch2_ohr_ncp_20251227T1027178560_d_img_d18_x07680_y99200.png,0.2089,503.77,488.3,510.27,493.47
ch2_ohr_ncp_20251227T1027178560_d_img_d18_x07680_y99200.png,0.205,196.52,552.67,208.46,562.04
ch2_ohr_ncp_20251227T1027178560_d_img_d18_x07680_y99200.png,0.2044,618.54,122.68,625.68,128.9
ch2_ohr_ncp_20251227T1027178560_d_img_d18_x07680_y99200.png,0.2007,617.27,625.04,624.15,631.46
ch2_ohr_ncp_20251227T1027178560_d_img_d18_x08320_y100480.png,0.5366,289.09,299.12,299.25,307.75
ch2_ohr_ncp_20251227T1027178560_d_img_d18_x08320_y100480.png,0.5141,530.14,2.91,539.14,11.56
ch2_ohr_ncp_20251227T1027178560_d_img_d18_x08320_y100480.png,0.5138,140.24,207.9,149.52,215.48
ch2_ohr_ncp_20251227T1027178560_d_img_d18_x08320_y100480.png,0.4835,163.87,287.8,177.31,298.66
ch2_ohr_ncp_20251227T1027178560_d_img_d18_x08320_y100480.png,0.4531,528.98,49.0,536.33,55.62
ch2_ohr_ncp_20251227T1027178560_d_img_d18_x08320_y100480.png,0.4488,551.43,39.11,559.81,46.11
ch2_ohr_ncp_20251227T1027178560_d_img_d18_x08320_y100480.png,0.4015,65.28,54.03,73.91,62.0
ch2_ohr_ncp_20251227T1027178560_d_img_d18_x08320_y100480.png,0.3993,394.66,280.91,407.21,293.02
ch2_ohr_ncp_20251227T1027178560_d_img_d18_x08320_y100480.png,0.3659,393.96,31.91,401.04,40.01
ch2_ohr_ncp_20251227T1027178560_d_img_d18_x08320_y100480.png,0.3476,562.42,18.38,568.82,24.66
ch2_ohr_ncp_20251227T1027178560_d_img_d18_x08320_y100480.png,0.3159,226.93,514.29,238.52,522.98
ch2_ohr_ncp_20251227T1027178560_d_img_d18_x08320_y100480.png,0.2929,493.34,48.17,499.08,54.12
ch2_ohr_ncp_20251227T1027178560_d_img_d18_x08320_y100480.png,0.2877,352.26,257.56,362.8,266.82
ch2_ohr_ncp_20251227T1027178560_d_img_d18_x08320_y100480.png,0.2742,595.24,242.48,601.92,249.1
ch2_ohr_ncp_20251227T1027178560_d_img_d18_x08320_y100480.png,0.2646,165.88,207.16,173.33,213.42
ch2_ohr_ncp_20251227T1027178560_d_img_d18_x08320_y100480.png,0.2612,124.36,38.63,129.57,43.72
ch2_ohr_ncp_20251227T1027178560_d_img_d18_x08320_y100480.png,0.2497,314.87,245.47,321.09,251.45
ch2_ohr_ncp_20251227T1027178560_d_img_d18_x08320_y100480.png,0.2481,88.29,265.29,99.44,276.38
ch2_ohr_ncp_20251227T1027178560_d_img_d18_x08320_y100480.png,0.2425,212.0,7.64,216.87,11.94
ch2_ohr_ncp_20251227T1027178560_d_img_d18_x08320_y100480.png,0.2215,180.91,146.21,187.18,151.73
ch2_ohr_ncp_20251227T1027178560_d_img_d18_x08320_y100480.png,0.2207,200.03,193.34,205.42,198.38
ch2_ohr_ncp_20251227T1027178560_d_img_d18_x08320_y100480.png,0.2197,572.5,0.0,580.31,4.49
ch2_ohr_ncp_20251227T1027178560_d_img_d18_x08320_y100480.png,0.2085,600.01,470.98,608.8,478.71
ch2_ohr_ncp_20251227T1027178560_d_img_d18_x08320_y70400.png,0.2195,625.98,626.06,639.67,635.86
ch2_ohr_ncp_20251227T1027178560_d_img_d18_x08320_y75520.png,0.4886,119.3,96.4,126.84,102.77
ch2_ohr_ncp_20251227T1027178560_d_img_d18_x08320_y75520.png,0.4712,175.61,207.09,181.36,212.01
ch2_ohr_ncp_20251227T1027178560_d_img_d18_x08320_y75520.png,0.4704,128.71,272.15,137.82,279.52
ch2_ohr_ncp_20251227T1027178560_d_img_d18_x08320_y75520.png,0.4358,24.76,186.62,31.55,192.33
ch2_ohr_ncp_20251227T1027178560_d_img_d18_x08320_y75520.png,0.4351,109.52,199.99,117.69,207.22
ch2_ohr_ncp_20251227T1027178560_d_img_d18_x08320_y75520.png,0.4342,12.4,174.86,21.03,181.34
ch2_ohr_ncp_20251227T1027178560_d_img_d18_x08320_y75520.png,0.4249,15.63,111.4,20.56,116.3
ch2_ohr_ncp_20251227T1027178560_d_img_d18_x08320_y75520.png,0.4176,22.15,285.78,30.9,292.03
ch2_ohr_ncp_20251227T1027178560_d_img_d18_x08320_y75520.png,0.4084,412.09,9.43,419.37,15.98
ch2_ohr_ncp_20251227T1027178560_d_img_d18_x08320_y75520.png,0.4025,98.35,359.41,109.0,368.79
ch2_ohr_ncp_20251227T1027178560_d_img_d18_x08320_y75520.png,0.4008,158.75,66.49,164.14,71.82
ch2_ohr_ncp_20251227T1027178560_d_img_d18_x08320_y75520.png,0.3968,97.02,161.68,103.0,167.23
ch2_ohr_ncp_20251227T1027178560_d_img_d18_x08320_y75520.png,0.3873,241.43,200.31,252.9,208.89
ch2_ohr_ncp_20251227T1027178560_d_img_d18_x08320_y75520.png,0.3762,162.59,288.21,170.34,294.92
ch2_ohr_ncp_20251227T1027178560_d_img_d18_x08320_y75520.png,0.3756,69.15,344.79,77.26,351.46
ch2_ohr_ncp_20251227T1027178560_d_img_d18_x08320_y75520.png,0.3706,225.8,154.59,230.91,159.25
ch2_ohr_ncp_20251227T1027178560_d_img_d18_x08320_y75520.png,0.3648,292.85,127.22,304.9,135.69
ch2_ohr_ncp_20251227T1027178560_d_img_d18_x08320_y75520.png,0.3585,143.75,97.51,148.99,102.89
ch2_ohr_ncp_20251227T1027178560_d_img_d18_x08320_y75520.png,0.3566,141.85,78.68,148.25,84.19
ch2_ohr_ncp_20251227T1027178560_d_img_d18_x08320_y75520.png,0.3482,48.52,321.62,54.83,326.9
ch2_ohr_ncp_20251227T1027178560_d_img_d18_x08320_y75520.png,0.3362,147.81,72.72,157.61,80.83
ch2_ohr_ncp_20251227T1027178560_d_img_d18_x08320_y75520.png,0.3348,0.06,99.84,5.84,105.91
ch2_ohr_ncp_20251227T1027178560_d_img_d18_x08320_y75520.png,0.3292,143.11,130.22,149.69,135.75
ch2_ohr_ncp_20251227T1027178560_d_img_d18_x08320_y75520.png,0.3251,61.83,168.73,67.39,173.29
ch2_ohr_ncp_20251227T1027178560_d_img_d18_x08320_y75520.png,0.3237,110.09,112.89,122.12,121.95
ch2_ohr_ncp_20251227T1027178560_d_img_d18_x08320_y75520.png,0.3232,188.88,254.51,194.78,260.03
ch2_ohr_ncp_20251227T1027178560_d_img_d18_x08320_y75520.png,0.3171,82.22,135.3,87.42,139.61
ch2_ohr_ncp_20251227T1027178560_d_img_d18_x08320_y75520.png,0.3104,45.07,100.33,52.0,106.47
ch2_ohr_ncp_20251227T1027178560_d_img_d18_x08320_y75520.png,0.3088,7.24,141.62,11.95,146.3
ch2_ohr_ncp_20251227T1027178560_d_img_d18_x08320_y75520.png,0.3073,57.71,239.13,86.79,258.47
ch2_ohr_ncp_20251227T1027178560_d_img_d18_x08320_y75520.png,0.3049,37.52,168.42,46.69,178.77
ch2_ohr_ncp_20251227T1027178560_d_img_d18_x08320_y75520.png,0.2982,119.78,197.76,124.44,201.66
ch2_ohr_ncp_20251227T1027178560_d_img_d18_x08320_y75520.png,0.2981,89.22,385.59,96.19,391.5
ch2_ohr_ncp_20251227T1027178560_d_img_d18_x08320_y75520.png,0.2979,0.48,418.69,9.15,426.39
ch2_ohr_ncp_20251227T1027178560_d_img_d18_x08320_y75520.png,0.2934,172.34,173.96,177.49,178.22
ch2_ohr_ncp_20251227T1027178560_d_img_d18_x08320_y75520.png,0.2914,31.85,56.45,39.43,62.95
ch2_ohr_ncp_20251227T1027178560_d_img_d18_x08320_y75520.png,0.2897,80.79,113.28,87.07,118.06
ch2_ohr_ncp_20251227T1027178560_d_img_d18_x08320_y75520.png,0.2884,375.44,46.12,384.45,53.31
ch2_ohr_ncp_20251227T1027178560_d_img_d18_x08320_y75520.png,0.2846,173.42,66.4,178.23,71.09
ch2_ohr_ncp_20251227T1027178560_d_img_d18_x08320_y75520.png,0.2786,114.2,54.73,119.6,60.54
ch2_ohr_ncp_20251227T1027178560_d_img_d18_x08320_y75520.png,0.2709,172.61,66.5,177.35,71.21
ch2_ohr_ncp_20251227T1027178560_d_img_d18_x08320_y75520.png,0.2698,14.54,55.88,20.47,60.51
ch2_ohr_ncp_20251227T1027178560_d_img_d18_x08320_y75520.png,0.2696,25.68,186.63,32.42,191.76
ch2_ohr_ncp_20251227T1027178560_d_img_d18_x08320_y75520.png,0.2696,83.2,135.21,88.5,139.62
ch2_ohr_ncp_20251227T1027178560_d_img_d18_x08320_y75520.png,0.2686,68.79,203.0,75.09,208.0
ch2_ohr_ncp_20251227T1027178560_d_img_d18_x08320_y75520.png,0.2685,236.31,101.58,242.48,107.07
ch2_ohr_ncp_20251227T1027178560_d_img_d18_x08320_y75520.png,0.2667,62.4,327.61,68.02,332.7
ch2_ohr_ncp_20251227T1027178560_d_img_d18_x08320_y75520.png,0.2631,332.39,170.9,338.47,177.16
ch2_ohr_ncp_20251227T1027178560_d_img_d18_x08320_y75520.png,0.2629,105.91,69.91,117.02,79.44
ch2_ohr_ncp_20251227T1027178560_d_img_d18_x08320_y75520.png,0.2602,242.03,200.1,252.71,206.52
ch2_ohr_ncp_20251227T1027178560_d_img_d18_x08320_y75520.png,0.2594,93.01,209.95,103.79,219.78
ch2_ohr_ncp_20251227T1027178560_d_img_d18_x08320_y75520.png,0.2568,120.41,197.91,125.13,202.07
ch2_ohr_ncp_20251227T1027178560_d_img_d18_x08320_y75520.png,0.2566,19.27,91.92,25.12,97.85
ch2_ohr_ncp_20251227T1027178560_d_img_d18_x08320_y75520.png,0.2564,191.19,75.91,197.05,81.38
ch2_ohr_ncp_20251227T1027178560_d_img_d18_x08320_y75520.png,0.2562,347.72,47.61,355.24,53.85
ch2_ohr_ncp_20251227T1027178560_d_img_d18_x08320_y75520.png,0.253,318.16,101.44,324.16,107.56
ch2_ohr_ncp_20251227T1027178560_d_img_d18_x08320_y75520.png,0.2479,45.61,100.48,53.93,106.17
ch2_ohr_ncp_20251227T1027178560_d_img_d18_x08320_y75520.png,0.2475,84.26,84.54,91.54,91.09
ch2_ohr_ncp_20251227T1027178560_d_img_d18_x08320_y75520.png,0.2457,322.26,187.13,330.04,194.75
ch2_ohr_ncp_20251227T1027178560_d_img_d18_x08320_y75520.png,0.2431,72.94,95.64,77.37,99.86
ch2_ohr_ncp_20251227T1027178560_d_img_d18_x08320_y75520.png,0.2383,339.4,247.1,346.77,253.55
ch2_ohr_ncp_20251227T1027178560_d_img_d18_x08320_y75520.png,0.2373,145.28,200.93,152.05,207.88
ch2_ohr_ncp_20251227T1027178560_d_img_d18_x08320_y75520.png,0.2353,63.86,421.86,68.73,426.46
ch2_ohr_ncp_20251227T1027178560_d_img_d18_x08320_y75520.png,0.2342,142.67,97.93,147.72,102.79
ch2_ohr_ncp_20251227T1027178560_d_img_d18_x08320_y75520.png,0.2321,191.67,41.9,198.19,46.97
ch2_ohr_ncp_20251227T1027178560_d_img_d18_x08320_y75520.png,0.2295,48.72,17.56,55.71,23.57
ch2_ohr_ncp_20251227T1027178560_d_img_d18_x08320_y75520.png,0.2287,435.45,77.61,442.41,83.48
ch2_ohr_ncp_20251227T1027178560_d_img_d18_x08320_y75520.png,0.2249,96.11,161.89,101.96,167.25
ch2_ohr_ncp_20251227T1027178560_d_img_d18_x08320_y75520.png,0.2231,296.08,175.51,300.79,180.48
ch2_ohr_ncp_20251227T1027178560_d_img_d18_x08320_y75520.png,0.2214,38.91,62.96,44.17,68.28
ch2_ohr_ncp_20251227T1027178560_d_img_d18_x08320_y75520.png,0.2134,91.93,211.03,101.24,220.36
ch2_ohr_ncp_20251227T1027178560_d_img_d18_x08320_y75520.png,0.2132,139.94,296.9,144.43,300.53
ch2_ohr_ncp_20251227T1027178560_d_img_d18_x08320_y75520.png,0.2123,208.22,25.12,213.95,29.58
ch2_ohr_ncp_20251227T1027178560_d_img_d18_x08320_y75520.png,0.2099,64.07,421.76,70.1,426.82
ch2_ohr_ncp_20251227T1027178560_d_img_d18_x08320_y75520.png,0.2057,234.84,39.34,240.09,43.64
ch2_ohr_ncp_20251227T1027178560_d_img_d18_x08320_y96640.png,0.5237,550.79,476.93,558.03,483.48
ch2_ohr_ncp_20251227T1027178560_d_img_d18_x08320_y96640.png,0.4915,601.46,558.28,615.04,568.83
ch2_ohr_ncp_20251227T1027178560_d_img_d18_x08320_y96640.png,0.3202,514.89,579.11,519.89,583.71
ch2_ohr_ncp_20251227T1027178560_d_img_d18_x08320_y96640.png,0.2863,577.99,631.52,585.34,638.1
ch2_ohr_ncp_20251227T1027178560_d_img_d18_x08320_y96640.png,0.2744,556.42,511.36,567.03,518.75
ch2_ohr_ncp_20251227T1027178560_d_img_d18_x08320_y96640.png,0.2592,471.22,626.79,481.95,633.93
ch2_ohr_ncp_20251227T1027178560_d_img_d18_x08320_y96640.png,0.2338,415.02,601.53,423.99,609.11
ch2_ohr_ncp_20251227T1027178560_d_img_d18_x08320_y96640.png,0.2299,555.28,511.31,565.81,519.99
ch2_ohr_ncp_20251227T1027178560_d_img_d18_x08320_y96640.png,0.2272,480.98,599.1,485.17,603.31
ch2_ohr_ncp_20251227T1027178560_d_img_d18_x08320_y96640.png,0.2108,552.05,633.22,558.95,639.14
ch2_ohr_ncp_20251227T1027178560_d_img_d18_x08320_y96640.png,0.2001,550.4,477.94,557.63,484.64
ch2_ohr_ncp_20251227T1027178560_d_img_d18_x08320_y97920.png,0.3025,594.18,255.97,602.74,263.83
ch2_ohr_ncp_20251227T1027178560_d_img_d18_x08320_y97920.png,0.2592,386.51,587.76,393.03,593.67
ch2_ohr_ncp_20251227T1027178560_d_img_d18_x08320_y97920.png,0.2065,367.76,480.55,374.94,486.72
ch2_ohr_ncp_20251227T1027178560_d_img_d18_x08320_y99200.png,0.245,218.37,36.79,226.9,44.26
ch2_ohr_ncp_20251227T1027178560_d_img_d18_x08320_y99200.png,0.2037,584.31,1.75,590.97,7.35
ch2_ohr_ncp_20251227T1027178560_d_img_d18_x08960_y100480.png,0.6583,592.68,418.5,603.86,428.63
ch2_ohr_ncp_20251227T1027178560_d_img_d18_x08960_y100480.png,0.5601,495.43,366.08,505.67,374.61
ch2_ohr_ncp_20251227T1027178560_d_img_d18_x08960_y100480.png,0.559,273.92,29.79,283.18,36.87
ch2_ohr_ncp_20251227T1027178560_d_img_d18_x08960_y100480.png,0.5471,188.4,36.79,195.57,43.38
ch2_ohr_ncp_20251227T1027178560_d_img_d18_x08960_y100480.png,0.5382,460.15,296.64,475.02,309.12
ch2_ohr_ncp_20251227T1027178560_d_img_d18_x08960_y100480.png,0.5048,147.98,483.32,156.15,490.75
ch2_ohr_ncp_20251227T1027178560_d_img_d18_x08960_y100480.png,0.5026,480.37,127.1,491.94,137.36
ch2_ohr_ncp_20251227T1027178560_d_img_d18_x08960_y100480.png,0.4881,584.53,163.46,592.21,171.43
ch2_ohr_ncp_20251227T1027178560_d_img_d18_x08960_y100480.png,0.4864,384.42,143.68,392.22,150.87
ch2_ohr_ncp_20251227T1027178560_d_img_d18_x08960_y100480.png,0.4811,271.48,11.66,279.52,18.68
ch2_ohr_ncp_20251227T1027178560_d_img_d18_x08960_y100480.png,0.466,154.79,496.14,162.12,502.98
ch2_ohr_ncp_20251227T1027178560_d_img_d18_x08960_y100480.png,0.4477,158.92,118.49,168.06,126.69
ch2_ohr_ncp_20251227T1027178560_d_img_d18_x08960_y100480.png,0.4469,444.12,130.78,456.19,140.27
ch2_ohr_ncp_20251227T1027178560_d_img_d18_x08960_y100480.png,0.424,158.68,13.7,167.6,21.23
ch2_ohr_ncp_20251227T1027178560_d_img_d18_x08960_y100480.png,0.4184,404.7,113.38,418.21,123.34
ch2_ohr_ncp_20251227T1027178560_d_img_d18_x08960_y100480.png,0.4177,283.53,78.11,293.46,87.98
ch2_ohr_ncp_20251227T1027178560_d_img_d18_x08960_y100480.png,0.4163,392.05,103.49,399.41,110.2
ch2_ohr_ncp_20251227T1027178560_d_img_d18_x08960_y100480.png,0.4028,320.26,196.43,333.88,206.95
ch2_ohr_ncp_20251227T1027178560_d_img_d18_x08960_y100480.png,0.3536,373.58,237.06,379.71,242.64
ch2_ohr_ncp_20251227T1027178560_d_img_d18_x08960_y100480.png,0.3527,226.15,197.91,234.02,204.34
ch2_ohr_ncp_20251227T1027178560_d_img_d18_x08960_y100480.png,0.3332,46.97,580.44,55.76,586.21
ch2_ohr_ncp_20251227T1027178560_d_img_d18_x08960_y100480.png,0.3277,617.36,249.67,629.2,260.27
ch2_ohr_ncp_20251227T1027178560_d_img_d18_x08960_y100480.png,0.304,391.25,115.8,396.64,120.66
ch2_ohr_ncp_20251227T1027178560_d_img_d18_x08960_y100480.png,0.2963,425.32,491.91,431.02,498.0
ch2_ohr_ncp_20251227T1027178560_d_img_d18_x08960_y100480.png,0.294,212.39,46.74,218.0,51.53
ch2_ohr_ncp_20251227T1027178560_d_img_d18_x08960_y100480.png,0.2939,426.02,490.46,432.41,497.23
ch2_ohr_ncp_20251227T1027178560_d_img_d18_x08960_y100480.png,0.2901,104.08,563.27,109.69,567.85
ch2_ohr_ncp_20251227T1027178560_d_img_d18_x08960_y100480.png,0.288,191.8,4.74,205.92,16.25
ch2_ohr_ncp_20251227T1027178560_d_img_d18_x08960_y100480.png,0.2862,351.17,448.74,357.82,454.46
ch2_ohr_ncp_20251227T1027178560_d_img_d18_x08960_y100480.png,0.2798,405.26,72.87,413.21,80.28
ch2_ohr_ncp_20251227T1027178560_d_img_d18_x08960_y100480.png,0.2791,10.14,518.55,16.14,523.82
ch2_ohr_ncp_20251227T1027178560_d_img_d18_x08960_y100480.png,0.2731,462.15,59.56,467.84,65.59
ch2_ohr_ncp_20251227T1027178560_d_img_d18_x08960_y100480.png,0.2705,437.8,129.05,444.36,135.64
ch2_ohr_ncp_20251227T1027178560_d_img_d18_x08960_y100480.png,0.2639,604.71,392.23,611.73,398.56
ch2_ohr_ncp_20251227T1027178560_d_img_d18_x08960_y100480.png,0.2567,497.9,242.15,502.96,247.0
ch2_ohr_ncp_20251227T1027178560_d_img_d18_x08960_y100480.png,0.2482,412.06,237.2,418.43,243.13
ch2_ohr_ncp_20251227T1027178560_d_img_d18_x08960_y100480.png,0.2352,200.65,310.96,208.7,317.98
ch2_ohr_ncp_20251227T1027178560_d_img_d18_x08960_y100480.png,0.2343,329.46,147.86,335.25,153.5
ch2_ohr_ncp_20251227T1027178560_d_img_d18_x08960_y100480.png,0.2336,247.57,223.21,256.31,230.96
ch2_ohr_ncp_20251227T1027178560_d_img_d18_x08960_y100480.png,0.2318,56.63,331.13,73.97,345.45
ch2_ohr_ncp_20251227T1027178560_d_img_d18_x08960_y100480.png,0.221,30.75,197.46,38.76,204.48
ch2_ohr_ncp_20251227T1027178560_d_img_d18_x08960_y100480.png,0.2181,41.77,284.81,50.2,291.67
ch2_ohr_ncp_20251227T1027178560_d_img_d18_x08960_y100480.png,0.2166,594.91,474.7,601.65,480.58
ch2_ohr_ncp_20251227T1027178560_d_img_d18_x08960_y100480.png,0.2108,351.82,180.54,360.16,187.7
ch2_ohr_ncp_20251227T1027178560_d_img_d18_x08960_y59520.png,0.4838,413.72,131.96,420.5,137.38
ch2_ohr_ncp_20251227T1027178560_d_img_d18_x08960_y59520.png,0.3907,414.2,116.85,421.04,123.11
ch2_ohr_ncp_20251227T1027178560_d_img_d18_x08960_y59520.png,0.3224,413.85,108.41,419.55,113.44
ch2_ohr_ncp_20251227T1027178560_d_img_d18_x08960_y59520.png,0.3199,280.08,23.88,287.24,30.01
ch2_ohr_ncp_20251227T1027178560_d_img_d18_x08960_y59520.png,0.3002,414.24,115.23,420.4,122.68
ch2_ohr_ncp_20251227T1027178560_d_img_d18_x08960_y59520.png,0.292,380.01,77.94,387.08,84.06
ch2_ohr_ncp_20251227T1027178560_d_img_d18_x08960_y59520.png,0.2909,44.43,201.53,143.63,272.1
ch2_ohr_ncp_20251227T1027178560_d_img_d18_x08960_y59520.png,0.2673,94.99,470.19,147.12,505.54
ch2_ohr_ncp_20251227T1027178560_d_img_d18_x08960_y59520.png,0.2665,274.7,115.48,284.58,123.57
ch2_ohr_ncp_20251227T1027178560_d_img_d18_x08960_y59520.png,0.2359,320.33,79.35,324.94,83.64
ch2_ohr_ncp_20251227T1027178560_d_img_d18_x08960_y59520.png,0.2356,264.74,35.89,273.54,43.62
ch2_ohr_ncp_20251227T1027178560_d_img_d18_x08960_y59520.png,0.2278,441.01,154.26,446.54,159.38
ch2_ohr_ncp_20251227T1027178560_d_img_d18_x08960_y59520.png,0.2263,353.55,155.03,360.16,160.76
ch2_ohr_ncp_20251227T1027178560_d_img_d18_x08960_y59520.png,0.2181,276.62,127.46,284.38,136.86
ch2_ohr_ncp_20251227T1027178560_d_img_d18_x08960_y59520.png,0.2031,456.2,127.8,463.71,135.04
ch2_ohr_ncp_20251227T1027178560_d_img_d18_x08960_y59520.png,0.203,292.52,0.0,297.16,3.78
ch2_ohr_ncp_20251227T1027178560_d_img_d18_x08960_y65280.png,0.2449,299.08,185.97,304.93,191.0
ch2_ohr_ncp_20251227T1027178560_d_img_d18_x08960_y65280.png,0.2006,266.93,10.58,348.09,58.02
ch2_ohr_ncp_20251227T1027178560_d_img_d18_x08960_y71680.png,0.228,436.64,560.5,445.32,567.21
ch2_ohr_ncp_20251227T1027178560_d_img_d18_x08960_y74880.png,0.4963,239.15,191.52,249.53,199.04
ch2_ohr_ncp_20251227T1027178560_d_img_d18_x08960_y74880.png,0.479,285.34,13.35,362.51,81.42
ch2_ohr_ncp_20251227T1027178560_d_img_d18_x08960_y74880.png,0.4254,84.64,19.53,92.72,26.61
ch2_ohr_ncp_20251227T1027178560_d_img_d18_x08960_y74880.png,0.4219,320.94,240.53,334.27,250.25
ch2_ohr_ncp_20251227T1027178560_d_img_d18_x08960_y74880.png,0.414,277.17,132.9,289.46,142.96
ch2_ohr_ncp_20251227T1027178560_d_img_d18_x08960_y74880.png,0.4063,9.59,86.46,17.96,93.76
ch2_ohr_ncp_20251227T1027178560_d_img_d18_x08960_y74880.png,0.4062,239.24,153.17,248.95,159.85
ch2_ohr_ncp_20251227T1027178560_d_img_d18_x08960_y74880.png,0.3946,226.36,249.74,231.96,255.04
ch2_ohr_ncp_20251227T1027178560_d_img_d18_x08960_y74880.png,0.3873,396.93,58.77,402.46,63.84
ch2_ohr_ncp_20251227T1027178560_d_img_d18_x08960_y74880.png,0.3825,65.71,8.25,72.15,13.56
ch2_ohr_ncp_20251227T1027178560_d_img_d18_x08960_y74880.png,0.3769,259.82,172.44,265.89,177.85
ch2_ohr_ncp_20251227T1027178560_d_img_d18_x08960_y74880.png,0.3682,365.85,28.44,371.29,33.52
ch2_ohr_ncp_20251227T1027178560_d_img_d18_x08960_y74880.png,0.3533,256.46,106.66,265.39,113.82
ch2_ohr_ncp_20251227T1027178560_d_img_d18_x08960_y74880.png,0.3489,21.12,78.7,36.4,90.25
ch2_ohr_ncp_20251227T1027178560_d_img_d18_x08960_y74880.png,0.3463,139.92,223.87,146.48,230.51
ch2_ohr_ncp_20251227T1027178560_d_img_d18_x08960_y74880.png,0.3423,243.97,123.39,250.09,128.89
ch2_ohr_ncp_20251227T1027178560_d_img_d18_x08960_y74880.png,0.341,0.36,52.52,6.56,60.42
ch2_ohr_ncp_20251227T1027178560_d_img_d18_x08960_y74880.png,0.3382,258.61,27.05,263.33,31.32
ch2_ohr_ncp_20251227T1027178560_d_img_d18_x08960_y74880.png,0.3295,465.29,143.81,473.2,150.65
ch2_ohr_ncp_20251227T1027178560_d_img_d18_x08960_y74880.png,0.3264,207.23,144.66,213.91,149.84
ch2_ohr_ncp_20251227T1027178560_d_img_d18_x08960_y74880.png,0.3232,397.29,58.28,403.07,63.15
ch2_ohr_ncp_20251227T1027178560_d_img_d18_x08960_y74880.png,0.316,0.64,22.29,6.81,27.49
ch2_ohr_ncp_20251227T1027178560_d_img_d18_x08960_y74880.png,0.3073,18.56,226.71,23.71,231.77
ch2_ohr_ncp_20251227T1027178560_d_img_d18_x08960_y74880.png,0.3017,15.75,260.26,23.59,267.29
ch2_ohr_ncp_20251227T1027178560_d_img_d18_x08960_y74880.png,0.2971,172.42,49.35,179.68,55.64
ch2_ohr_ncp_20251227T1027178560_d_img_d18_x08960_y74880.png,0.2869,243.69,123.79,248.99,129.48
ch2_ohr_ncp_20251227T1027178560_d_img_d18_x08960_y74880.png,0.2836,13.81,338.96,21.93,345.83
ch2_ohr_ncp_20251227T1027178560_d_img_d18_x08960_y74880.png,0.2816,0.05,340.63,4.85,345.39
ch2_ohr_ncp_20251227T1027178560_d_img_d18_x08960_y74880.png,0.28,436.87,39.27,456.88,59.85
ch2_ohr_ncp_20251227T1027178560_d_img_d18_x08960_y74880.png,0.2744,273.57,19.75,278.34,24.4
ch2_ohr_ncp_20251227T1027178560_d_img_d18_x08960_y74880.png,0.2724,259.38,26.94,264.09,30.95
ch2_ohr_ncp_20251227T1027178560_d_img_d18_x08960_y74880.png,0.2713,116.79,136.23,124.57,144.53
ch2_ohr_ncp_20251227T1027178560_d_img_d18_x08960_y74880.png,0.2699,160.6,39.37,168.1,45.06
ch2_ohr_ncp_20251227T1027178560_d_img_d18_x08960_y74880.png,0.2678,543.69,49.24,550.1,55.14
ch2_ohr_ncp_20251227T1027178560_d_img_d18_x08960_y74880.png,0.2668,406.58,107.59,416.09,115.15
ch2_ohr_ncp_20251227T1027178560_d_img_d18_x08960_y74880.png,0.2648,314.16,143.89,354.52,179.06
ch2_ohr_ncp_20251227T1027178560_d_img_d18_x08960_y74880.png,0.2646,307.86,127.35,313.49,131.66
ch2_ohr_ncp_20251227T1027178560_d_img_d18_x08960_y74880.png,0.2613,156.73,220.14,162.12,225.33
ch2_ohr_ncp_20251227T1027178560_d_img_d18_x08960_y74880.png,0.2583,503.95,78.01,512.48,85.86
ch2_ohr_ncp_20251227T1027178560_d_img_d18_x08960_y74880.png,0.2557,0.1,22.66,4.88,27.23
ch2_ohr_ncp_20251227T1027178560_d_img_d18_x08960_y74880.png,0.2555,227.12,249.69,233.01,254.73
ch2_ohr_ncp_20251227T1027178560_d_img_d18_x08960_y74880.png,0.2553,187.93,120.66,192.84,124.78
ch2_ohr_ncp_20251227T1027178560_d_img_d18_x08960_y74880.png,0.2509,11.39,521.64,17.79,526.7
ch2_ohr_ncp_20251227T1027178560_d_img_d18_x08960_y74880.png,0.2452,241.09,130.64,245.14,134.61
ch2_ohr_ncp_20251227T1027178560_d_img_d18_x08960_y74880.png,0.2451,76.3,387.36,84.51,395.38
ch2_ohr_ncp_20251227T1027178560_d_img_d18_x08960_y74880.png,0.2445,56.72,215.08,63.39,223.31
ch2_ohr_ncp_20251227T1027178560_d_img_d18_x08960_y74880.png,0.2427,162.57,136.04,172.31,144.28
ch2_ohr_ncp_20251227T1027178560_d_img_d18_x08960_y74880.png,0.2405,410.04,10.37,417.16,16.32
ch2_ohr_ncp_20251227T1027178560_d_img_d18_x08960_y74880.png,0.2372,0.55,340.49,6.77,345.66
ch2_ohr_ncp_20251227T1027178560_d_img_d18_x08960_y74880.png,0.2342,160.22,39.84,166.52,45.26
ch2_ohr_ncp_20251227T1027178560_d_img_d18_x08960_y74880.png,0.2324,189.0,58.37,196.42,64.18
ch2_ohr_ncp_20251227T1027178560_d_img_d18_x08960_y74880.png,0.2299,117.73,331.76,126.91,339.6
ch2_ohr_ncp_20251227T1027178560_d_img_d18_x08960_y74880.png,0.2277,258.86,26.41,264.73,31.31
ch2_ohr_ncp_20251227T1027178560_d_img_d18_x08960_y74880.png,0.2265,477.54,12.83,488.77,23.52
ch2_ohr_ncp_20251227T1027178560_d_img_d18_x08960_y74880.png,0.2244,277.97,19.6,369.09,96.7
ch2_ohr_ncp_20251227T1027178560_d_img_d18_x08960_y74880.png,0.2205,349.31,206.95,359.29,213.16
ch2_ohr_ncp_20251227T1027178560_d_img_d18_x08960_y74880.png,0.2192,19.07,227.05,24.57,232.06
ch2_ohr_ncp_20251227T1027178560_d_img_d18_x08960_y74880.png,0.2107,566.11,14.06,573.91,20.63
ch2_ohr_ncp_20251227T1027178560_d_img_d18_x08960_y74880.png,0.2099,310.91,189.52,317.71,195.7
ch2_ohr_ncp_20251227T1027178560_d_img_d18_x08960_y74880.png,0.2076,331.29,198.15,337.27,202.81
ch2_ohr_ncp_20251227T1027178560_d_img_d18_x08960_y74880.png,0.2075,368.44,102.47,373.85,108.53
ch2_ohr_ncp_20251227T1027178560_d_img_d18_x08960_y74880.png,0.2074,273.39,19.35,279.59,24.67
ch2_ohr_ncp_20251227T1027178560_d_img_d18_x08960_y74880.png,0.2044,218.53,256.85,222.09,260.7
ch2_ohr_ncp_20251227T1027178560_d_img_d18_x08960_y74880.png,0.2024,174.39,151.92,182.06,157.16
ch2_ohr_ncp_20251227T1027178560_d_img_d18_x08960_y74880.png,0.2002,59.82,72.6,67.42,79.16
ch2_ohr_ncp_20251227T1027178560_d_img_d18_x08960_y95360.png,0.2336,613.85,199.61,618.05,203.97
ch2_ohr_ncp_20251227T1027178560_d_img_d18_x08960_y96000.png,0.3989,576.66,449.11,583.96,455.54
ch2_ohr_ncp_20251227T1027178560_d_img_d18_x08960_y96000.png,0.2908,545.15,545.65,550.9,551.01
ch2_ohr_ncp_20251227T1027178560_d_img_d18_x08960_y96000.png,0.272,431.01,596.89,441.66,604.13
ch2_ohr_ncp_20251227T1027178560_d_img_d18_x08960_y96000.png,0.2446,494.33,507.35,498.83,511.99
ch2_ohr_ncp_20251227T1027178560_d_img_d18_x08960_y96000.png,0.242,99.18,624.59,108.3,632.11
ch2_ohr_ncp_20251227T1027178560_d_img_d18_x08960_y96000.png,0.2399,536.92,458.66,542.54,464.05
ch2_ohr_ncp_20251227T1027178560_d_img_d18_x08960_y96000.png,0.2138,603.95,450.05,610.21,455.43
ch2_ohr_ncp_20251227T1027178560_d_img_d18_x08960_y96000.png,0.2002,620.81,440.28,625.69,444.65
ch2_ohr_ncp_20251227T1027178560_d_img_d18_x08960_y98560.png,0.2065,80.83,623.09,89.57,631.08
ch2_ohr_ncp_20251227T1027178560_d_img_d18_x08960_y98560.png,0.2027,559.12,193.36,566.99,199.75
ch2_ohr_ncp_20251227T1027178560_d_img_d18_x09600_y100480.png,0.6051,93.81,88.16,101.76,95.24
ch2_ohr_ncp_20251227T1027178560_d_img_d18_x09600_y100480.png,0.5227,583.38,168.51,590.08,174.84
ch2_ohr_ncp_20251227T1027178560_d_img_d18_x09600_y100480.png,0.4794,520.92,51.71,527.93,58.8
ch2_ohr_ncp_20251227T1027178560_d_img_d18_x09600_y100480.png,0.4729,416.72,427.18,425.6,435.06
ch2_ohr_ncp_20251227T1027178560_d_img_d18_x09600_y100480.png,0.4628,367.49,20.52,382.44,33.66
ch2_ohr_ncp_20251227T1027178560_d_img_d18_x09600_y100480.png,0.4518,19.4,18.11,24.92,23.4
ch2_ohr_ncp_20251227T1027178560_d_img_d18_x09600_y100480.png,0.4424,262.95,111.84,272.31,120.63
ch2_ohr_ncp_20251227T1027178560_d_img_d18_x09600_y100480.png,0.4401,312.07,96.76,318.16,103.2
ch2_ohr_ncp_20251227T1027178560_d_img_d18_x09600_y100480.png,0.4377,240.66,568.67,247.63,574.64
ch2_ohr_ncp_20251227T1027178560_d_img_d18_x09600_y100480.png,0.4341,406.81,25.94,413.37,31.63
ch2_ohr_ncp_20251227T1027178560_d_img_d18_x09600_y100480.png,0.4314,595.85,63.13,607.3,72.19
ch2_ohr_ncp_20251227T1027178560_d_img_d18_x09600_y100480.png,0.4302,174.42,442.03,181.97,448.58
ch2_ohr_ncp_20251227T1027178560_d_img_d18_x09600_y100480.png,0.4189,285.02,543.92,293.66,551.44
ch2_ohr_ncp_20251227T1027178560_d_img_d18_x09600_y100480.png,0.4135,614.86,398.42,633.53,417.25
ch2_ohr_ncp_20251227T1027178560_d_img_d18_x09600_y100480.png,0.4132,428.04,69.49,455.15,87.04
ch2_ohr_ncp_20251227T1027178560_d_img_d18_x09600_y100480.png,0.4115,12.37,219.72,22.36,225.51
ch2_ohr_ncp_20251227T1027178560_d_img_d18_x09600_y100480.png,0.4089,131.56,237.97,145.95,247.89
ch2_ohr_ncp_20251227T1027178560_d_img_d18_x09600_y100480.png,0.3858,470.61,237.65,484.07,250.74
ch2_ohr_ncp_20251227T1027178560_d_img_d18_x09600_y100480.png,0.3831,176.34,122.37,183.09,128.98
ch2_ohr_ncp_20251227T1027178560_d_img_d18_x09600_y100480.png,0.3793,464.32,0.02,473.62,6.36
ch2_ohr_ncp_20251227T1027178560_d_img_d18_x09600_y100480.png,0.3716,182.79,0.95,213.11,23.52
ch2_ohr_ncp_20251227T1027178560_d_img_d18_x09600_y100480.png,0.3637,472.44,12.79,481.37,20.63
ch2_ohr_ncp_20251227T1027178560_d_img_d18_x09600_y100480.png,0.3534,11.61,364.99,19.0,371.91
ch2_ohr_ncp_20251227T1027178560_d_img_d18_x09600_y100480.png,0.3533,400.02,7.2,412.38,19.43
ch2_ohr_ncp_20251227T1027178560_d_img_d18_x09600_y100480.png,0.3462,193.83,241.85,201.2,248.6
ch2_ohr_ncp_20251227T1027178560_d_img_d18_x09600_y100480.png,0.3284,265.12,564.59,272.71,571.86
ch2_ohr_ncp_20251227T1027178560_d_img_d18_x09600_y100480.png,0.3071,382.13,341.32,396.32,353.03
ch2_ohr_ncp_20251227T1027178560_d_img_d18_x09600_y100480.png,0.2997,270.57,236.34,284.7,247.75
ch2_ohr_ncp_20251227T1027178560_d_img_d18_x09600_y100480.png,0.2974,565.49,236.44,573.56,243.8
ch2_ohr_ncp_20251227T1027178560_d_img_d18_x09600_y100480.png,0.2933,376.18,182.65,384.52,188.98
ch2_ohr_ncp_20251227T1027178560_d_img_d18_x09600_y100480.png,0.289,392.4,56.99,403.59,66.02
ch2_ohr_ncp_20251227T1027178560_d_img_d18_x09600_y100480.png,0.2848,527.73,68.61,535.56,75.81
ch2_ohr_ncp_20251227T1027178560_d_img_d18_x09600_y100480.png,0.2798,495.79,283.46,505.57,291.04
ch2_ohr_ncp_20251227T1027178560_d_img_d18_x09600_y100480.png,0.2712,350.67,91.98,355.52,96.61
ch2_ohr_ncp_20251227T1027178560_d_img_d18_x09600_y100480.png,0.2686,366.04,125.7,377.77,136.01
ch2_ohr_ncp_20251227T1027178560_d_img_d18_x09600_y100480.png,0.2677,351.28,91.67,356.21,96.39
ch2_ohr_ncp_20251227T1027178560_d_img_d18_x09600_y100480.png,0.2633,164.93,346.1,171.25,351.4
ch2_ohr_ncp_20251227T1027178560_d_img_d18_x09600_y100480.png,0.2626,13.18,219.21,24.11,226.21
ch2_ohr_ncp_20251227T1027178560_d_img_d18_x09600_y100480.png,0.2561,289.18,160.31,294.66,165.34
ch2_ohr_ncp_20251227T1027178560_d_img_d18_x09600_y100480.png,0.2549,219.75,0.1,225.7,3.74
ch2_ohr_ncp_20251227T1027178560_d_img_d18_x09600_y100480.png,0.2468,192.96,122.17,198.02,127.5
ch2_ohr_ncp_20251227T1027178560_d_img_d18_x09600_y100480.png,0.2465,77.29,187.91,93.73,201.77
ch2_ohr_ncp_20251227T1027178560_d_img_d18_x09600_y100480.png,0.246,222.65,136.83,230.13,143.63
ch2_ohr_ncp_20251227T1027178560_d_img_d18_x09600_y100480.png,0.2458,118.94,77.47,127.31,85.18
ch2_ohr_ncp_20251227T1027178560_d_img_d18_x09600_y100480.png,0.2437,593.14,143.47,598.87,148.92
ch2_ohr_ncp_20251227T1027178560_d_img_d18_x09600_y100480.png,0.2379,433.36,364.83,438.82,370.99
ch2_ohr_ncp_20251227T1027178560_d_img_d18_x09600_y100480.png,0.2371,287.02,312.95,294.0,318.37
ch2_ohr_ncp_20251227T1027178560_d_img_d18_x09600_y100480.png,0.2349,485.52,196.73,491.92,202.33
ch2_ohr_ncp_20251227T1027178560_d_img_d18_x09600_y100480.png,0.2303,388.43,150.61,394.46,155.64
ch2_ohr_ncp_20251227T1027178560_d_img_d18_x09600_y100480.png,0.2302,619.58,149.07,625.4,153.95
ch2_ohr_ncp_20251227T1027178560_d_img_d18_x09600_y100480.png,0.2255,35.49,114.63,42.57,120.16
ch2_ohr_ncp_20251227T1027178560_d_img_d18_x09600_y100480.png,0.2254,520.92,91.81,525.78,95.69
ch2_ohr_ncp_20251227T1027178560_d_img_d18_x09600_y100480.png,0.2169,588.75,253.49,595.9,260.4
ch2_ohr_ncp_20251227T1027178560_d_img_d18_x09600_y100480.png,0.2146,323.21,536.52,328.21,540.91
ch2_ohr_ncp_20251227T1027178560_d_img_d18_x09600_y100480.png,0.2092,282.44,339.0,288.93,345.02
ch2_ohr_ncp_20251227T1027178560_d_img_d18_x09600_y100480.png,0.2077,555.79,166.48,560.7,170.85
ch2_ohr_ncp_20251227T1027178560_d_img_d18_x09600_y100480.png,0.2059,465.8,258.17,474.07,267.02
ch2_ohr_ncp_20251227T1027178560_d_img_d18_x09600_y100480.png,0.2056,369.06,107.42,374.23,112.54
ch2_ohr_ncp_20251227T1027178560_d_img_d18_x09600_y100480.png,0.2055,283.22,338.66,289.71,344.11
ch2_ohr_ncp_20251227T1027178560_d_img_d18_x09600_y56960.png,0.2455,160.75,499.5,231.32,539.56
ch2_ohr_ncp_20251227T1027178560_d_img_d18_x09600_y64000.png,0.3728,440.05,21.62,572.94,92.77
ch2_ohr_ncp_20251227T1027178560_d_img_d18_x09600_y65920.png,0.2216,108.18,105.93,115.89,111.85
ch2_ohr_ncp_20251227T1027178560_d_img_d18_x09600_y71680.png,0.2144,171.27,0.0,272.42,47.54
ch2_ohr_ncp_20251227T1027178560_d_img_d18_x09600_y74240.png,0.3016,319.38,71.6,327.17,79.26
ch2_ohr_ncp_20251227T1027178560_d_img_d18_x09600_y74240.png,0.2744,18.21,125.99,32.24,135.97
ch2_ohr_ncp_20251227T1027178560_d_img_d18_x09600_y74240.png,0.2729,620.21,30.4,627.09,35.53
ch2_ohr_ncp_20251227T1027178560_d_img_d18_x09600_y74240.png,0.2718,546.17,6.38,553.24,11.92
ch2_ohr_ncp_20251227T1027178560_d_img_d18_x09600_y74240.png,0.2702,367.53,16.71,375.76,21.91
ch2_ohr_ncp_20251227T1027178560_d_img_d18_x09600_y74240.png,0.2632,389.0,19.95,396.2,25.42
ch2_ohr_ncp_20251227T1027178560_d_img_d18_x09600_y74240.png,0.2581,375.55,60.93,381.11,65.2
ch2_ohr_ncp_20251227T1027178560_d_img_d18_x09600_y74240.png,0.2543,12.44,415.96,19.2,422.86
ch2_ohr_ncp_20251227T1027178560_d_img_d18_x09600_y74240.png,0.245,28.2,476.09,34.19,481.86
ch2_ohr_ncp_20251227T1027178560_d_img_d18_x09600_y74240.png,0.2393,120.29,240.11,127.52,246.9
ch2_ohr_ncp_20251227T1027178560_d_img_d18_x09600_y74240.png,0.2341,282.81,31.86,287.51,36.06
ch2_ohr_ncp_20251227T1027178560_d_img_d18_x09600_y74240.png,0.2317,0.06,499.26,6.82,506.17
ch2_ohr_ncp_20251227T1027178560_d_img_d18_x09600_y74240.png,0.2302,396.71,12.99,406.48,20.21
ch2_ohr_ncp_20251227T1027178560_d_img_d18_x09600_y74240.png,0.23,366.68,16.22,373.98,21.37
ch2_ohr_ncp_20251227T1027178560_d_img_d18_x09600_y74240.png,0.227,388.2,64.88,394.88,70.13
ch2_ohr_ncp_20251227T1027178560_d_img_d18_x09600_y74240.png,0.2254,48.42,240.05,55.69,244.99
ch2_ohr_ncp_20251227T1027178560_d_img_d18_x09600_y74240.png,0.2207,20.59,165.51,25.99,170.58
ch2_ohr_ncp_20251227T1027178560_d_img_d18_x09600_y74240.png,0.2197,7.79,205.91,15.76,213.37
ch2_ohr_ncp_20251227T1027178560_d_img_d18_x09600_y74240.png,0.2176,18.8,231.74,22.69,235.48
ch2_ohr_ncp_20251227T1027178560_d_img_d18_x09600_y74240.png,0.2122,12.09,245.64,24.4,255.0
ch2_ohr_ncp_20251227T1027178560_d_img_d18_x09600_y74240.png,0.2121,71.61,426.78,78.63,433.17
ch2_ohr_ncp_20251227T1027178560_d_img_d18_x09600_y74240.png,0.2093,48.2,239.65,53.87,244.62
ch2_ohr_ncp_20251227T1027178560_d_img_d18_x09600_y74240.png,0.2086,2.63,42.2,7.47,48.49
ch2_ohr_ncp_20251227T1027178560_d_img_d18_x09600_y74240.png,0.201,80.88,159.38,91.22,168.17
ch2_ohr_ncp_20251227T1027178560_d_img_d18_x09600_y74240.png,0.2005,231.62,12.78,237.0,18.03
ch2_ohr_ncp_20251227T1027178560_d_img_d18_x09600_y98560.png,0.243,501.86,420.75,508.84,426.57
ch2_ohr_ncp_20251227T1027178560_d_img_d18_x09600_y98560.png,0.2067,600.19,414.66,608.22,421.21
ch2_ohr_ncp_20251227T1027178560_d_img_d18_x09600_y98560.png,0.2017,500.23,401.13,508.48,407.94
ch2_ohr_ncp_20251227T1027178560_d_img_d18_x10240_y100480.png,0.3883,495.27,410.44,506.01,419.58
ch2_ohr_ncp_20251227T1027178560_d_img_d18_x10240_y100480.png,0.3867,469.05,8.02,479.49,16.22
ch2_ohr_ncp_20251227T1027178560_d_img_d18_x10240_y100480.png,0.3743,303.13,4.71,310.95,11.07
ch2_ohr_ncp_20251227T1027178560_d_img_d18_x10240_y100480.png,0.3613,609.84,431.11,632.17,446.76
ch2_ohr_ncp_20251227T1027178560_d_img_d18_x10240_y100480.png,0.2794,294.71,4.55,300.04,10.0
ch2_ohr_ncp_20251227T1027178560_d_img_d18_x10240_y100480.png,0.2624,32.94,90.47,38.73,96.03
ch2_ohr_ncp_20251227T1027178560_d_img_d18_x10240_y100480.png,0.2542,202.61,61.07,209.47,67.56
ch2_ohr_ncp_20251227T1027178560_d_img_d18_x10240_y100480.png,0.2483,342.58,32.27,348.86,38.12
ch2_ohr_ncp_20251227T1027178560_d_img_d18_x10240_y100480.png,0.2448,623.48,443.06,632.88,450.23
ch2_ohr_ncp_20251227T1027178560_d_img_d18_x10240_y100480.png,0.2337,234.48,136.75,243.28,143.57
ch2_ohr_ncp_20251227T1027178560_d_img_d18_x10240_y100480.png,0.2066,500.88,525.99,505.94,530.89
ch2_ohr_ncp_20251227T1027178560_d_img_d18_x10240_y100480.png,0.2041,575.11,188.22,581.12,193.51
ch2_ohr_ncp_20251227T1027178560_d_img_d18_x10240_y100480.png,0.2023,572.6,465.38,577.94,470.7
ch2_ohr_ncp_20251227T1027178560_d_img_d18_x10240_y62080.png,0.242,350.04,87.13,446.92,160.34
ch2_ohr_ncp_20251227T1027178560_d_img_d18_x10240_y66560.png,0.417,366.7,0.02,475.82,59.85
ch2_ohr_ncp_20251227T1027178560_d_img_d18_x10240_y74240.png,0.2832,99.58,145.63,105.9,151.04
ch2_ohr_ncp_20251227T1027178560_d_img_d18_x10240_y74240.png,0.2497,222.78,176.51,230.68,182.92
ch2_ohr_ncp_20251227T1027178560_d_img_d18_x10240_y74240.png,0.2001,0.46,127.37,10.43,136.12
ch2_ohr_ncp_20251227T1027178560_d_img_d18_x10240_y94080.png,0.4231,549.34,610.02,556.46,616.0
ch2_ohr_ncp_20251227T1027178560_d_img_d18_x10240_y94080.png,0.3776,504.15,552.98,510.6,558.96
ch2_ohr_ncp_20251227T1027178560_d_img_d18_x10240_y94080.png,0.349,497.76,440.07,507.54,446.78
ch2_ohr_ncp_20251227T1027178560_d_img_d18_x10240_y94080.png,0.3399,606.46,486.15,612.05,491.26
ch2_ohr_ncp_20251227T1027178560_d_img_d18_x10240_y94080.png,0.3132,602.59,394.41,614.23,404.07
ch2_ohr_ncp_20251227T1027178560_d_img_d18_x10240_y94080.png,0.2814,411.93,448.84,428.81,462.98
ch2_ohr_ncp_20251227T1027178560_d_img_d18_x10240_y94080.png,0.274,562.01,542.3,571.66,550.46
ch2_ohr_ncp_20251227T1027178560_d_img_d18_x10240_y94080.png,0.2603,619.53,492.94,624.8,497.19
ch2_ohr_ncp_20251227T1027178560_d_img_d18_x10240_y94080.png,0.2481,555.9,602.33,561.99,606.61
ch2_ohr_ncp_20251227T1027178560_d_img_d18_x10240_y94080.png,0.2422,487.65,571.29,491.77,575.45
ch2_ohr_ncp_20251227T1027178560_d_img_d18_x10240_y94080.png,0.2347,404.8,519.03,413.78,525.19
ch2_ohr_ncp_20251227T1027178560_d_img_d18_x10240_y94080.png,0.2338,502.89,625.76,508.38,631.27
ch2_ohr_ncp_20251227T1027178560_d_img_d18_x10240_y94080.png,0.2332,601.78,418.46,607.28,423.7
ch2_ohr_ncp_20251227T1027178560_d_img_d18_x10240_y94080.png,0.2288,281.01,109.24,359.65,159.85
ch2_ohr_ncp_20251227T1027178560_d_img_d18_x10240_y94080.png,0.2232,538.79,434.66,545.71,440.44
ch2_ohr_ncp_20251227T1027178560_d_img_d18_x10240_y94080.png,0.2005,581.02,427.69,585.48,431.64
ch2_ohr_ncp_20251227T1027178560_d_img_d18_x10880_y100480.png,0.466,195.32,460.54,203.04,467.55
ch2_ohr_ncp_20251227T1027178560_d_img_d18_x10880_y100480.png,0.4566,114.14,194.78,124.54,204.13
ch2_ohr_ncp_20251227T1027178560_d_img_d18_x10880_y100480.png,0.4522,175.95,6.26,187.52,17.44
ch2_ohr_ncp_20251227T1027178560_d_img_d18_x10880_y100480.png,0.4199,456.94,187.36,464.42,194.94
ch2_ohr_ncp_20251227T1027178560_d_img_d18_x10880_y100480.png,0.3659,202.54,441.94,209.98,448.78
ch2_ohr_ncp_20251227T1027178560_d_img_d18_x10880_y100480.png,0.3643,370.56,178.42,382.37,187.37
ch2_ohr_ncp_20251227T1027178560_d_img_d18_x10880_y100480.png,0.3308,493.65,204.51,499.8,210.09
ch2_ohr_ncp_20251227T1027178560_d_img_d18_x10880_y100480.png,0.3211,360.02,504.02,366.46,511.23
ch2_ohr_ncp_20251227T1027178560_d_img_d18_x10880_y100480.png,0.3154,227.48,197.61,240.1,207.35
ch2_ohr_ncp_20251227T1027178560_d_img_d18_x10880_y100480.png,0.3115,260.76,289.07,268.93,296.7
ch2_ohr_ncp_20251227T1027178560_d_img_d18_x10880_y100480.png,0.2782,516.08,157.46,524.59,165.08
ch2_ohr_ncp_20251227T1027178560_d_img_d18_x10880_y100480.png,0.2771,238.32,117.96,248.48,127.73
ch2_ohr_ncp_20251227T1027178560_d_img_d18_x10880_y100480.png,0.2555,348.36,414.17,362.09,425.5
ch2_ohr_ncp_20251227T1027178560_d_img_d18_x10880_y100480.png,0.2426,0.06,395.69,12.95,413.22
ch2_ohr_ncp_20251227T1027178560_d_img_d18_x10880_y100480.png,0.2348,148.55,219.55,153.84,223.87
ch2_ohr_ncp_20251227T1027178560_d_img_d18_x10880_y100480.png,0.2293,62.97,273.69,70.87,280.01
ch2_ohr_ncp_20251227T1027178560_d_img_d18_x10880_y100480.png,0.2288,578.42,28.33,585.12,34.67
ch2_ohr_ncp_20251227T1027178560_d_img_d18_x10880_y100480.png,0.2257,209.5,499.79,214.21,503.88
ch2_ohr_ncp_20251227T1027178560_d_img_d18_x10880_y100480.png,0.2054,175.77,578.02,183.81,584.3
ch2_ohr_ncp_20251227T1027178560_d_img_d18_x10880_y100480.png,0.202,314.32,149.88,320.11,155.3
ch2_ohr_ncp_20251227T1027178560_d_img_d18_x10880_y57600.png,0.2087,469.21,474.29,615.92,535.46
ch2_ohr_ncp_20251227T1027178560_d_img_d18_x10880_y58240.png,0.2129,430.17,436.97,437.26,442.89
ch2_ohr_ncp_20251227T1027178560_d_img_d18_x10880_y58880.png,0.3487,164.68,63.63,173.75,71.64
ch2_ohr_ncp_20251227T1027178560_d_img_d18_x10880_y58880.png,0.2457,375.49,28.75,381.38,33.86
ch2_ohr_ncp_20251227T1027178560_d_img_d18_x10880_y58880.png,0.2396,370.59,59.33,377.39,65.5
ch2_ohr_ncp_20251227T1027178560_d_img_d18_x10880_y58880.png,0.2106,273.08,536.43,334.56,574.15
ch2_ohr_ncp_20251227T1027178560_d_img_d18_x10880_y58880.png,0.2075,156.98,38.73,163.83,44.16
ch2_ohr_ncp_20251227T1027178560_d_img_d18_x10880_y58880.png,0.2073,256.97,63.96,264.77,71.58
ch2_ohr_ncp_20251227T1027178560_d_img_d18_x10880_y58880.png,0.2048,61.03,106.19,71.29,114.81
ch2_ohr_ncp_20251227T1027178560_d_img_d18_x10880_y58880.png,0.2013,230.42,112.01,237.45,118.44
ch2_ohr_ncp_20251227T1027178560_d_img_d18_x10880_y61440.png,0.2123,623.27,3.21,634.31,12.31
ch2_ohr_ncp_20251227T1027178560_d_img_d18_x10880_y64000.png,0.3726,463.18,384.54,577.12,453.14
ch2_ohr_ncp_20251227T1027178560_d_img_d18_x10880_y92160.png,0.246,1.1,272.6,74.78,321.21
ch2_ohr_ncp_20251227T1027178560_d_img_d18_x10880_y94720.png,0.2584,626.74,542.85,639.52,554.79
ch2_ohr_ncp_20251227T1027178560_d_img_d18_x10880_y94720.png,0.2251,628.94,304.66,635.75,310.57
ch2_ohr_ncp_20251227T1027178560_d_img_d18_x10880_y94720.png,0.2134,524.21,591.98,530.32,596.82
ch2_ohr_ncp_20251227T1027178560_d_img_d18_x10880_y99840.png,0.2052,0.0,457.57,36.48,522.18
ch2_ohr_ncp_20251227T1027178560_d_img_d18_x11520_y100480.png,0.4128,240.22,17.09,246.84,22.55
ch2_ohr_ncp_20251227T1027178560_d_img_d18_x11520_y100480.png,0.39,65.71,182.87,74.34,191.38
ch2_ohr_ncp_20251227T1027178560_d_img_d18_x11520_y100480.png,0.3872,353.35,9.25,362.89,15.55
ch2_ohr_ncp_20251227T1027178560_d_img_d18_x11520_y100480.png,0.373,376.93,43.94,384.44,50.27
ch2_ohr_ncp_20251227T1027178560_d_img_d18_x11520_y100480.png,0.3588,161.46,219.77,170.62,227.41
ch2_ohr_ncp_20251227T1027178560_d_img_d18_x11520_y100480.png,0.3264,38.57,275.95,46.92,283.18
ch2_ohr_ncp_20251227T1027178560_d_img_d18_x11520_y100480.png,0.3085,341.46,34.98,346.84,40.1
ch2_ohr_ncp_20251227T1027178560_d_img_d18_x11520_y100480.png,0.2933,12.82,473.26,19.47,480.05
ch2_ohr_ncp_20251227T1027178560_d_img_d18_x11520_y100480.png,0.2774,304.16,114.99,311.24,122.25
ch2_ohr_ncp_20251227T1027178560_d_img_d18_x11520_y100480.png,0.2715,128.07,76.39,141.79,88.3
ch2_ohr_ncp_20251227T1027178560_d_img_d18_x11520_y100480.png,0.2562,341.01,35.26,345.64,39.62
ch2_ohr_ncp_20251227T1027178560_d_img_d18_x11520_y100480.png,0.2435,66.33,182.38,74.42,189.58
ch2_ohr_ncp_20251227T1027178560_d_img_d18_x11520_y100480.png,0.2331,342.03,106.05,349.07,112.47
ch2_ohr_ncp_20251227T1027178560_d_img_d18_x11520_y100480.png,0.2136,210.69,81.67,216.12,85.66
ch2_ohr_ncp_20251227T1027178560_d_img_d18_x11520_y58240.png,0.2512,84.79,382.29,94.4,389.53
ch2_ohr_ncp_20251227T1027178560_d_img_d18_x11520_y58880.png,0.5064,319.07,334.22,332.44,343.64
ch2_ohr_ncp_20251227T1027178560_d_img_d18_x11520_y58880.png,0.3552,338.51,314.29,346.51,321.51
ch2_ohr_ncp_20251227T1027178560_d_img_d18_x11520_y58880.png,0.3,269.78,383.99,286.93,394.36
ch2_ohr_ncp_20251227T1027178560_d_img_d18_x11520_y58880.png,0.2703,338.45,327.77,345.55,333.58
ch2_ohr_ncp_20251227T1027178560_d_img_d18_x11520_y58880.png,0.2569,340.85,274.36,347.52,279.62
ch2_ohr_ncp_20251227T1027178560_d_img_d18_x11520_y58880.png,0.2511,96.28,22.96,103.53,28.23
ch2_ohr_ncp_20251227T1027178560_d_img_d18_x11520_y58880.png,0.2477,245.85,179.23,252.36,184.69
ch2_ohr_ncp_20251227T1027178560_d_img_d18_x11520_y58880.png,0.2228,68.9,3.1,74.81,9.09
ch2_ohr_ncp_20251227T1027178560_d_img_d18_x11520_y58880.png,0.2105,233.86,231.32,243.61,239.51
ch2_ohr_ncp_20251227T1027178560_d_img_d18_x11520_y58880.png,0.2078,338.25,372.92,345.34,379.5
ch2_ohr_ncp_20251227T1027178560_d_img_d18_x11520_y60800.png,0.2194,462.75,618.18,480.84,638.79
ch2_ohr_ncp_20251227T1027178560_d_img_d18_x11520_y71040.png,0.4098,13.3,273.75,140.54,362.22
ch2_ohr_ncp_20251227T1027178560_d_img_d18_x11520_y94720.png,0.3446,156.23,463.29,164.33,470.13
ch2_ohr_ncp_20251227T1027178560_d_img_d18_x11520_y94720.png,0.2836,62.48,578.19,68.59,583.51
ch2_ohr_ncp_20251227T1027178560_d_img_d18_x11520_y94720.png,0.2339,380.39,217.05,387.26,222.64
ch2_ohr_ncp_20251227T1027178560_d_img_d18_x11520_y94720.png,0.2252,342.88,187.22,351.43,195.79
ch2_ohr_ncp_20251227T1027178560_d_img_d18_x11520_y94720.png,0.2148,256.24,373.19,263.13,379.81
ch2_ohr_ncp_20251227T1027178560_d_img_d18_x11520_y94720.png,0.2101,23.87,284.51,32.25,290.8
ch2_ohr_ncp_20251227T1027178560_d_img_d18_x11520_y94720.png,0.2031,11.82,339.83,17.48,344.42
ch2_ohr_ncp_20251227T1027178560_d_img_d18_x11520_y94720.png,0.2012,308.44,33.76,315.29,39.44
ch2_ohr_ncp_20251227T1027178560_d_img_d18_x11520_y95360.png,0.3936,4.0,105.12,17.14,116.62
ch2_ohr_ncp_20251227T1027178560_d_img_d18_x11520_y95360.png,0.3731,207.51,540.72,214.8,547.35
ch2_ohr_ncp_20251227T1027178560_d_img_d18_x11520_y95360.png,0.298,185.73,5.44,195.87,15.24
ch2_ohr_ncp_20251227T1027178560_d_img_d18_x11520_y95360.png,0.2454,0.87,262.81,12.71,271.73
ch2_ohr_ncp_20251227T1027178560_d_img_d18_x11520_y95360.png,0.2299,0.0,608.42,7.07,616.19
ch2_ohr_ncp_20251227T1027178560_d_img_d18_x11520_y95360.png,0.2203,79.67,259.91,88.84,267.11
ch2_ohr_ncp_20251227T1027178560_d_img_d18_x11520_y95360.png,0.2127,142.01,432.71,148.05,438.74
ch2_ohr_ncp_20251227T1027178560_d_img_d18_x11520_y96640.png,0.5895,300.61,45.63,310.7,53.38
ch2_ohr_ncp_20251227T1027178560_d_img_d18_x11520_y96640.png,0.5882,109.87,334.46,123.69,345.28
ch2_ohr_ncp_20251227T1027178560_d_img_d18_x11520_y96640.png,0.5033,340.23,172.92,355.92,186.0
ch2_ohr_ncp_20251227T1027178560_d_img_d18_x11520_y96640.png,0.5027,204.51,0.88,222.55,16.91
ch2_ohr_ncp_20251227T1027178560_d_img_d18_x11520_y96640.png,0.5007,210.13,360.49,220.51,368.44
ch2_ohr_ncp_20251227T1027178560_d_img_d18_x11520_y96640.png,0.4963,365.19,0.05,377.62,9.92
ch2_ohr_ncp_20251227T1027178560_d_img_d18_x11520_y96640.png,0.494,437.8,52.61,443.48,58.82
ch2_ohr_ncp_20251227T1027178560_d_img_d18_x11520_y96640.png,0.4899,280.27,3.45,287.4,11.45
ch2_ohr_ncp_20251227T1027178560_d_img_d18_x11520_y96640.png,0.4703,173.53,126.69,185.24,135.55
ch2_ohr_ncp_20251227T1027178560_d_img_d18_x11520_y96640.png,0.4616,148.34,8.21,157.67,15.53
ch2_ohr_ncp_20251227T1027178560_d_img_d18_x11520_y96640.png,0.4478,238.6,16.72,245.92,23.07
ch2_ohr_ncp_20251227T1027178560_d_img_d18_x11520_y96640.png,0.4026,411.46,285.85,423.54,294.3
ch2_ohr_ncp_20251227T1027178560_d_img_d18_x11520_y96640.png,0.3928,285.24,246.53,294.2,255.19
ch2_ohr_ncp_20251227T1027178560_d_img_d18_x11520_y96640.png,0.378,194.21,179.1,200.42,184.47
ch2_ohr_ncp_20251227T1027178560_d_img_d18_x11520_y96640.png,0.3749,63.46,487.64,72.58,495.74
ch2_ohr_ncp_20251227T1027178560_d_img_d18_x11520_y96640.png,0.3323,233.87,64.95,241.75,72.29
ch2_ohr_ncp_20251227T1027178560_d_img_d18_x11520_y96640.png,0.3152,30.24,83.63,35.69,88.88
ch2_ohr_ncp_20251227T1027178560_d_img_d18_x11520_y96640.png,0.2994,13.1,486.25,22.67,495.3
ch2_ohr_ncp_20251227T1027178560_d_img_d18_x11520_y96640.png,0.2986,192.5,69.36,198.71,74.27
ch2_ohr_ncp_20251227T1027178560_d_img_d18_x11520_y96640.png,0.2658,103.52,12.83,108.43,17.14
ch2_ohr_ncp_20251227T1027178560_d_img_d18_x11520_y96640.png,0.2655,426.4,300.97,440.53,309.72
ch2_ohr_ncp_20251227T1027178560_d_img_d18_x11520_y96640.png,0.2613,160.68,330.53,167.02,336.65
ch2_ohr_ncp_20251227T1027178560_d_img_d18_x11520_y96640.png,0.2611,222.45,14.08,229.02,20.03
ch2_ohr_ncp_20251227T1027178560_d_img_d18_x11520_y96640.png,0.244,30.7,361.33,39.3,368.96
ch2_ohr_ncp_20251227T1027178560_d_img_d18_x11520_y96640.png,0.2327,89.44,118.08,95.71,124.38
ch2_ohr_ncp_20251227T1027178560_d_img_d18_x11520_y96640.png,0.2201,245.7,75.89,250.82,80.24
ch2_ohr_ncp_20251227T1027178560_d_img_d18_x11520_y96640.png,0.2155,297.29,302.54,302.14,307.46
ch2_ohr_ncp_20251227T1027178560_d_img_d18_x11520_y96640.png,0.2122,11.68,39.83,17.69,45.19
ch2_ohr_ncp_20251227T1027178560_d_img_d18_x11520_y96640.png,0.21,234.7,64.19,242.02,70.3
ch2_ohr_ncp_20251227T1027178560_d_img_d18_x11520_y96640.png,0.206,96.81,459.84,102.25,464.73
ch2_ohr_ncp_20251227T1027178560_d_img_d18_x11520_y96640.png,0.2011,191.79,69.51,197.52,74.43
ch2_ohr_ncp_20251227T1027178560_d_img_d18_x11520_y97280.png,0.656,463.79,13.28,478.48,25.39
ch2_ohr_ncp_20251227T1027178560_d_img_d18_x11520_y97280.png,0.5277,69.33,28.16,78.23,35.73
ch2_ohr_ncp_20251227T1027178560_d_img_d18_x11520_y97280.png,0.5213,99.01,568.31,109.06,576.05
ch2_ohr_ncp_20251227T1027178560_d_img_d18_x11520_y97280.png,0.5068,149.69,73.83,159.98,81.64
ch2_ohr_ncp_20251227T1027178560_d_img_d18_x11520_y97280.png,0.4995,183.81,274.64,193.23,282.92
ch2_ohr_ncp_20251227T1027178560_d_img_d18_x11520_y97280.png,0.4967,103.53,487.79,110.94,494.51
ch2_ohr_ncp_20251227T1027178560_d_img_d18_x11520_y97280.png,0.485,0.03,527.5,7.93,535.2
ch2_ohr_ncp_20251227T1027178560_d_img_d18_x11520_y97280.png,0.4769,207.9,504.17,217.47,511.37
ch2_ohr_ncp_20251227T1027178560_d_img_d18_x11520_y97280.png,0.4672,196.68,208.18,203.73,214.17
ch2_ohr_ncp_20251227T1027178560_d_img_d18_x11520_y97280.png,0.4538,9.65,536.07,28.48,553.6
ch2_ohr_ncp_20251227T1027178560_d_img_d18_x11520_y97280.png,0.4031,171.73,24.99,178.02,30.3
ch2_ohr_ncp_20251227T1027178560_d_img_d18_x11520_y97280.png,0.3983,208.52,452.57,217.39,459.8
ch2_ohr_ncp_20251227T1027178560_d_img_d18_x11520_y97280.png,0.3961,25.24,597.16,31.39,603.14
ch2_ohr_ncp_20251227T1027178560_d_img_d18_x11520_y97280.png,0.396,235.08,399.32,243.13,406.45
ch2_ohr_ncp_20251227T1027178560_d_img_d18_x11520_y97280.png,0.394,92.28,305.08,99.04,311.4
ch2_ohr_ncp_20251227T1027178560_d_img_d18_x11520_y97280.png,0.3925,0.05,380.57,5.77,387.55
ch2_ohr_ncp_20251227T1027178560_d_img_d18_x11520_y97280.png,0.3826,16.01,188.28,22.36,193.66
ch2_ohr_ncp_20251227T1027178560_d_img_d18_x11520_y97280.png,0.3628,278.37,511.28,286.8,518.26
ch2_ohr_ncp_20251227T1027178560_d_img_d18_x11520_y97280.png,0.3469,446.22,337.94,453.3,344.46
ch2_ohr_ncp_20251227T1027178560_d_img_d18_x11520_y97280.png,0.3466,326.49,273.66,338.85,284.49
ch2_ohr_ncp_20251227T1027178560_d_img_d18_x11520_y97280.png,0.3372,62.29,431.79,75.83,441.44
ch2_ohr_ncp_20251227T1027178560_d_img_d18_x11520_y97280.png,0.3267,402.42,610.47,409.85,616.91
ch2_ohr_ncp_20251227T1027178560_d_img_d18_x11520_y97280.png,0.3258,181.95,331.31,190.2,339.18
ch2_ohr_ncp_20251227T1027178560_d_img_d18_x11520_y97280.png,0.3252,409.13,289.37,426.18,302.79
ch2_ohr_ncp_20251227T1027178560_d_img_d18_x11520_y97280.png,0.318,468.13,61.1,474.33,67.13
ch2_ohr_ncp_20251227T1027178560_d_img_d18_x11520_y97280.png,0.3112,137.79,40.66,147.12,47.82
ch2_ohr_ncp_20251227T1027178560_d_img_d18_x11520_y97280.png,0.3099,234.82,109.15,243.9,116.32
ch2_ohr_ncp_20251227T1027178560_d_img_d18_x11520_y97280.png,0.3038,66.06,401.84,73.57,410.72
ch2_ohr_ncp_20251227T1027178560_d_img_d18_x11520_y97280.png,0.3035,110.46,367.54,118.77,373.23
ch2_ohr_ncp_20251227T1027178560_d_img_d18_x11520_y97280.png,0.2999,262.59,301.86,275.29,311.59
ch2_ohr_ncp_20251227T1027178560_d_img_d18_x11520_y97280.png,0.2864,15.51,197.1,25.03,205.17
ch2_ohr_ncp_20251227T1027178560_d_img_d18_x11520_y97280.png,0.2846,331.35,620.78,337.94,626.39
ch2_ohr_ncp_20251227T1027178560_d_img_d18_x11520_y97280.png,0.282,465.96,26.93,479.89,37.96
ch2_ohr_ncp_20251227T1027178560_d_img_d18_x11520_y97280.png,0.2646,364.0,319.53,375.11,327.9
ch2_ohr_ncp_20251227T1027178560_d_img_d18_x11520_y97280.png,0.2641,177.64,477.91,183.05,483.41
ch2_ohr_ncp_20251227T1027178560_d_img_d18_x11520_y97280.png,0.2636,85.84,17.52,94.5,25.59
ch2_ohr_ncp_20251227T1027178560_d_img_d18_x11520_y97280.png,0.2623,372.15,105.85,377.83,111.29
ch2_ohr_ncp_20251227T1027178560_d_img_d18_x11520_y97280.png,0.2562,194.45,626.73,201.14,632.66
ch2_ohr_ncp_20251227T1027178560_d_img_d18_x11520_y97280.png,0.2407,66.32,403.83,72.9,411.6
ch2_ohr_ncp_20251227T1027178560_d_img_d18_x11520_y97280.png,0.2357,24.07,597.58,30.3,603.31
ch2_ohr_ncp_20251227T1027178560_d_img_d18_x11520_y97280.png,0.232,424.87,616.17,433.21,624.55
ch2_ohr_ncp_20251227T1027178560_d_img_d18_x11520_y97280.png,0.2179,469.99,103.46,478.56,111.46
ch2_ohr_ncp_20251227T1027178560_d_img_d18_x11520_y97280.png,0.2164,447.22,315.4,453.05,320.3
ch2_ohr_ncp_20251227T1027178560_d_img_d18_x11520_y97280.png,0.2121,321.41,449.87,327.79,455.86
ch2_ohr_ncp_20251227T1027178560_d_img_d18_x11520_y97280.png,0.2102,67.66,406.17,73.28,411.41
ch2_ohr_ncp_20251227T1027178560_d_img_d18_x11520_y97280.png,0.2059,465.6,26.17,478.12,34.66
ch2_ohr_ncp_20251227T1027178560_d_img_d18_x11520_y97280.png,0.2055,140.41,596.48,145.07,600.78
ch2_ohr_ncp_20251227T1027178560_d_img_d18_x11520_y97280.png,0.2044,153.02,390.94,157.77,395.46
ch2_ohr_ncp_20251227T1027178560_d_img_d18_x11520_y97920.png,0.5365,319.47,112.14,328.15,119.08
ch2_ohr_ncp_20251227T1027178560_d_img_d18_x11520_y97920.png,0.489,445.5,323.15,453.29,331.17
ch2_ohr_ncp_20251227T1027178560_d_img_d18_x11520_y97920.png,0.4805,169.3,365.2,179.61,373.98
ch2_ohr_ncp_20251227T1027178560_d_img_d18_x11520_y97920.png,0.4691,143.58,227.95,149.8,233.62
ch2_ohr_ncp_20251227T1027178560_d_img_d18_x11520_y97920.png,0.4495,236.52,177.98,245.43,185.95
ch2_ohr_ncp_20251227T1027178560_d_img_d18_x11520_y97920.png,0.4454,259.62,60.59,268.78,68.9
ch2_ohr_ncp_20251227T1027178560_d_img_d18_x11520_y97920.png,0.4403,388.59,3.96,395.24,10.36
ch2_ohr_ncp_20251227T1027178560_d_img_d18_x11520_y97920.png,0.4396,164.53,13.16,177.25,22.13
ch2_ohr_ncp_20251227T1027178560_d_img_d18_x11520_y97920.png,0.4351,45.84,392.7,58.91,404.68
ch2_ohr_ncp_20251227T1027178560_d_img_d18_x11520_y97920.png,0.4334,279.15,204.85,286.79,211.24
ch2_ohr_ncp_20251227T1027178560_d_img_d18_x11520_y97920.png,0.4229,337.04,216.21,344.07,223.2
ch2_ohr_ncp_20251227T1027178560_d_img_d18_x11520_y97920.png,0.4081,196.56,299.08,206.09,307.46
ch2_ohr_ncp_20251227T1027178560_d_img_d18_x11520_y97920.png,0.404,102.36,267.52,108.02,272.34
ch2_ohr_ncp_20251227T1027178560_d_img_d18_x11520_y97920.png,0.3936,7.59,115.36,17.67,123.59
ch2_ohr_ncp_20251227T1027178560_d_img_d18_x11520_y97920.png,0.3793,401.06,303.28,409.56,310.1
ch2_ohr_ncp_20251227T1027178560_d_img_d18_x11520_y97920.png,0.3781,47.43,352.67,56.94,360.85
ch2_ohr_ncp_20251227T1027178560_d_img_d18_x11520_y97920.png,0.3733,255.7,124.61,260.87,128.84
ch2_ohr_ncp_20251227T1027178560_d_img_d18_x11520_y97920.png,0.3725,13.95,287.73,21.33,294.68
ch2_ohr_ncp_20251227T1027178560_d_img_d18_x11520_y97920.png,0.369,353.84,491.77,365.74,500.98
ch2_ohr_ncp_20251227T1027178560_d_img_d18_x11520_y97920.png,0.365,192.11,14.65,200.05,21.77
ch2_ohr_ncp_20251227T1027178560_d_img_d18_x11520_y97920.png,0.3574,75.99,258.48,83.26,264.52
ch2_ohr_ncp_20251227T1027178560_d_img_d18_x11520_y97920.png,0.3549,394.15,93.96,402.44,102.42
ch2_ohr_ncp_20251227T1027178560_d_img_d18_x11520_y97920.png,0.3411,359.31,476.99,367.16,483.7
ch2_ohr_ncp_20251227T1027178560_d_img_d18_x11520_y97920.png,0.3366,257.97,471.85,265.59,479.21
ch2_ohr_ncp_20251227T1027178560_d_img_d18_x11520_y97920.png,0.3341,73.49,372.64,79.38,377.95
ch2_ohr_ncp_20251227T1027178560_d_img_d18_x11520_y97920.png,0.3164,235.01,178.35,245.37,187.36
ch2_ohr_ncp_20251227T1027178560_d_img_d18_x11520_y97920.png,0.3145,9.75,181.83,15.42,187.69
ch2_ohr_ncp_20251227T1027178560_d_img_d18_x11520_y97920.png,0.3114,88.76,307.83,94.5,313.23
ch2_ohr_ncp_20251227T1027178560_d_img_d18_x11520_y97920.png,0.2978,306.28,227.22,313.59,233.33
ch2_ohr_ncp_20251227T1027178560_d_img_d18_x11520_y97920.png,0.2937,90.52,218.61,99.55,226.91
ch2_ohr_ncp_20251227T1027178560_d_img_d18_x11520_y97920.png,0.2928,389.41,292.16,395.34,296.93
ch2_ohr_ncp_20251227T1027178560_d_img_d18_x11520_y97920.png,0.2881,61.29,319.08,69.98,325.34
ch2_ohr_ncp_20251227T1027178560_d_img_d18_x11520_y97920.png,0.2825,77.03,312.33,83.39,317.21
ch2_ohr_ncp_20251227T1027178560_d_img_d18_x11520_y97920.png,0.2823,234.64,10.29,241.27,16.62
ch2_ohr_ncp_20251227T1027178560_d_img_d18_x11520_y97920.png,0.2558,382.09,598.07,387.48,603.78
ch2_ohr_ncp_20251227T1027178560_d_img_d18_x11520_y97920.png,0.245,388.75,2.39,395.79,10.06
ch2_ohr_ncp_20251227T1027178560_d_img_d18_x11520_y97920.png,0.2335,84.48,371.49,89.36,376.36
ch2_ohr_ncp_20251227T1027178560_d_img_d18_x11520_y97920.png,0.2305,25.47,551.86,31.32,557.91
ch2_ohr_ncp_20251227T1027178560_d_img_d18_x11520_y97920.png,0.2255,111.89,14.44,192.11,85.66
ch2_ohr_ncp_20251227T1027178560_d_img_d18_x11520_y97920.png,0.2231,393.58,486.12,398.74,491.57
ch2_ohr_ncp_20251227T1027178560_d_img_d18_x11520_y97920.png,0.2221,36.21,586.73,41.1,591.23
ch2_ohr_ncp_20251227T1027178560_d_img_d18_x11520_y97920.png,0.2202,116.76,606.85,127.26,616.67
ch2_ohr_ncp_20251227T1027178560_d_img_d18_x11520_y97920.png,0.2121,190.92,237.56,203.88,249.35
ch2_ohr_ncp_20251227T1027178560_d_img_d18_x11520_y97920.png,0.2096,15.07,184.93,23.06,193.59
ch2_ohr_ncp_20251227T1027178560_d_img_d18_x11520_y97920.png,0.2077,43.63,380.19,47.77,384.27
ch2_ohr_ncp_20251227T1027178560_d_img_d18_x11520_y97920.png,0.206,84.55,370.67,90.43,376.23
ch2_ohr_ncp_20251227T1027178560_d_img_d18_x11520_y97920.png,0.206,370.95,180.92,375.71,185.71
ch2_ohr_ncp_20251227T1027178560_d_img_d18_x11520_y97920.png,0.2049,382.72,598.44,389.12,603.8
ch2_ohr_ncp_20251227T1027178560_d_img_d18_x11520_y97920.png,0.2026,152.71,376.8,157.36,380.87
ch2_ohr_ncp_20251227T1027178560_d_img_d18_x11520_y98560.png,0.6298,446.36,404.06,458.86,414.63
ch2_ohr_ncp_20251227T1027178560_d_img_d18_x11520_y98560.png,0.5597,394.8,145.52,409.26,156.31
ch2_ohr_ncp_20251227T1027178560_d_img_d18_x11520_y98560.png,0.5444,448.65,432.32,457.61,439.4
ch2_ohr_ncp_20251227T1027178560_d_img_d18_x11520_y98560.png,0.528,338.36,525.97,357.62,539.05
ch2_ohr_ncp_20251227T1027178560_d_img_d18_x11520_y98560.png,0.522,327.98,588.63,335.66,595.28
ch2_ohr_ncp_20251227T1027178560_d_img_d18_x11520_y98560.png,0.5217,115.31,397.23,123.44,403.59
ch2_ohr_ncp_20251227T1027178560_d_img_d18_x11520_y98560.png,0.4946,241.51,493.55,248.78,499.8
ch2_ohr_ncp_20251227T1027178560_d_img_d18_x11520_y98560.png,0.4666,201.23,462.19,213.08,471.51
ch2_ohr_ncp_20251227T1027178560_d_img_d18_x11520_y98560.png,0.4373,43.85,544.55,52.85,551.73
ch2_ohr_ncp_20251227T1027178560_d_img_d18_x11520_y98560.png,0.4297,0.0,490.04,6.9,496.33
ch2_ohr_ncp_20251227T1027178560_d_img_d18_x11520_y98560.png,0.4285,0.0,89.04,13.31,104.62
ch2_ohr_ncp_20251227T1027178560_d_img_d18_x11520_y98560.png,0.4246,80.49,434.4,85.82,439.56
ch2_ohr_ncp_20251227T1027178560_d_img_d18_x11520_y98560.png,0.4167,464.71,457.14,472.09,463.33
ch2_ohr_ncp_20251227T1027178560_d_img_d18_x11520_y98560.png,0.4143,276.86,430.7,286.92,438.15
ch2_ohr_ncp_20251227T1027178560_d_img_d18_x11520_y98560.png,0.4137,258.68,200.89,268.24,209.03
ch2_ohr_ncp_20251227T1027178560_d_img_d18_x11520_y98560.png,0.3881,169.59,130.84,177.26,136.99
ch2_ohr_ncp_20251227T1027178560_d_img_d18_x11520_y98560.png,0.3864,113.74,607.11,134.09,625.24
ch2_ohr_ncp_20251227T1027178560_d_img_d18_x11520_y98560.png,0.3689,203.26,59.39,210.08,65.08
ch2_ohr_ncp_20251227T1027178560_d_img_d18_x11520_y98560.png,0.3539,362.08,403.07,374.24,413.88
ch2_ohr_ncp_20251227T1027178560_d_img_d18_x11520_y98560.png,0.3522,330.76,0.0,349.68,10.96
ch2_ohr_ncp_20251227T1027178560_d_img_d18_x11520_y98560.png,0.3497,260.92,582.16,268.39,587.73
ch2_ohr_ncp_20251227T1027178560_d_img_d18_x11520_y98560.png,0.3483,230.37,458.24,241.12,464.26
ch2_ohr_ncp_20251227T1027178560_d_img_d18_x11520_y98560.png,0.3275,346.85,560.9,352.21,567.59
ch2_ohr_ncp_20251227T1027178560_d_img_d18_x11520_y98560.png,0.3248,354.29,598.97,360.07,603.71
ch2_ohr_ncp_20251227T1027178560_d_img_d18_x11520_y98560.png,0.3161,334.39,376.28,340.78,382.97
ch2_ohr_ncp_20251227T1027178560_d_img_d18_x11520_y98560.png,0.2936,329.61,127.38,337.0,134.13
ch2_ohr_ncp_20251227T1027178560_d_img_d18_x11520_y98560.png,0.2927,143.17,500.69,147.99,505.22
ch2_ohr_ncp_20251227T1027178560_d_img_d18_x11520_y98560.png,0.2872,351.62,420.02,359.19,425.46
ch2_ohr_ncp_20251227T1027178560_d_img_d18_x11520_y98560.png,0.2857,337.77,527.5,351.33,539.79
ch2_ohr_ncp_20251227T1027178560_d_img_d18_x11520_y98560.png,0.285,426.22,426.13,432.46,431.92
ch2_ohr_ncp_20251227T1027178560_d_img_d18_x11520_y98560.png,0.2778,469.31,6.91,477.83,12.76
ch2_ohr_ncp_20251227T1027178560_d_img_d18_x11520_y98560.png,0.2711,116.72,23.03,122.71,28.59
ch2_ohr_ncp_20251227T1027178560_d_img_d18_x11520_y98560.png,0.261,249.19,230.66,272.31,250.78
ch2_ohr_ncp_20251227T1027178560_d_img_d18_x11520_y98560.png,0.2588,132.42,403.09,138.12,407.74
ch2_ohr_ncp_20251227T1027178560_d_img_d18_x11520_y98560.png,0.2445,54.77,31.06,64.95,39.66
ch2_ohr_ncp_20251227T1027178560_d_img_d18_x11520_y98560.png,0.2392,21.38,415.2,28.01,421.13
ch2_ohr_ncp_20251227T1027178560_d_img_d18_x11520_y98560.png,0.2349,334.29,543.26,347.63,554.9
ch2_ohr_ncp_20251227T1027178560_d_img_d18_x11520_y98560.png,0.2302,0.41,399.38,7.49,405.63
ch2_ohr_ncp_20251227T1027178560_d_img_d18_x11520_y98560.png,0.2266,177.32,556.02,182.71,561.06
ch2_ohr_ncp_20251227T1027178560_d_img_d18_x11520_y98560.png,0.2139,60.5,151.69,66.24,156.19
ch2_ohr_ncp_20251227T1027178560_d_img_d18_x11520_y98560.png,0.2095,186.89,351.29,192.12,356.57
ch2_ohr_ncp_20251227T1027178560_d_img_d18_x11520_y98560.png,0.2064,243.55,162.99,252.71,171.14
ch2_ohr_ncp_20251227T1027178560_d_img_d18_x11520_y98560.png,0.2024,392.26,563.24,397.84,568.36
ch2_ohr_ncp_20251227T1027178560_d_img_d18_x11520_y98560.png,0.2021,437.62,370.1,444.71,375.8
ch2_ohr_ncp_20251227T1027178560_d_img_d18_x11520_y99200.png,0.4887,245.28,48.46,253.51,55.19
ch2_ohr_ncp_20251227T1027178560_d_img_d18_x11520_y99200.png,0.4884,224.48,41.45,231.1,47.42
ch2_ohr_ncp_20251227T1027178560_d_img_d18_x11520_y99200.png,0.4741,462.74,476.18,471.06,483.56
ch2_ohr_ncp_20251227T1027178560_d_img_d18_x11520_y99200.png,0.4405,437.33,129.45,454.01,147.74
ch2_ohr_ncp_20251227T1027178560_d_img_d18_x11520_y99200.png,0.4312,19.09,504.63,26.38,511.3
ch2_ohr_ncp_20251227T1027178560_d_img_d18_x11520_y99200.png,0.4192,446.37,239.52,455.75,245.91
ch2_ohr_ncp_20251227T1027178560_d_img_d18_x11520_y99200.png,0.4128,307.63,12.12,313.25,16.97
ch2_ohr_ncp_20251227T1027178560_d_img_d18_x11520_y99200.png,0.4026,62.98,498.08,76.06,508.28
ch2_ohr_ncp_20251227T1027178560_d_img_d18_x11520_y99200.png,0.4006,459.04,99.74,469.95,108.53
ch2_ohr_ncp_20251227T1027178560_d_img_d18_x11520_y99200.png,0.3975,183.64,284.99,192.94,293.2
ch2_ohr_ncp_20251227T1027178560_d_img_d18_x11520_y99200.png,0.395,155.4,345.55,160.5,351.1
ch2_ohr_ncp_20251227T1027178560_d_img_d18_x11520_y99200.png,0.3921,103.04,535.99,110.97,542.82
ch2_ohr_ncp_20251227T1027178560_d_img_d18_x11520_y99200.png,0.3899,449.59,289.87,457.39,296.64
ch2_ohr_ncp_20251227T1027178560_d_img_d18_x11520_y99200.png,0.3897,433.39,111.6,451.86,127.01
ch2_ohr_ncp_20251227T1027178560_d_img_d18_x11520_y99200.png,0.3859,304.27,182.13,315.05,191.12
ch2_ohr_ncp_20251227T1027178560_d_img_d18_x11520_y99200.png,0.3704,142.7,357.29,148.72,362.81
ch2_ohr_ncp_20251227T1027178560_d_img_d18_x11520_y99200.png,0.3646,363.24,281.19,384.36,293.92
ch2_ohr_ncp_20251227T1027178560_d_img_d18_x11520_y99200.png,0.3526,270.21,118.1,279.76,125.3
ch2_ohr_ncp_20251227T1027178560_d_img_d18_x11520_y99200.png,0.3445,255.98,108.26,261.26,112.2
ch2_ohr_ncp_20251227T1027178560_d_img_d18_x11520_y99200.png,0.3258,405.33,214.49,413.26,223.94
ch2_ohr_ncp_20251227T1027178560_d_img_d18_x11520_y99200.png,0.3248,347.72,11.19,353.78,16.81
ch2_ohr_ncp_20251227T1027178560_d_img_d18_x11520_y99200.png,0.3145,249.11,111.47,255.69,118.33
ch2_ohr_ncp_20251227T1027178560_d_img_d18_x11520_y99200.png,0.3132,94.57,34.54,102.86,41.22
ch2_ohr_ncp_20251227T1027178560_d_img_d18_x11520_y99200.png,0.2845,468.28,41.88,474.11,47.2
ch2_ohr_ncp_20251227T1027178560_d_img_d18_x11520_y99200.png,0.2698,471.87,148.52,478.44,154.11
ch2_ohr_ncp_20251227T1027178560_d_img_d18_x11520_y99200.png,0.2617,285.45,49.55,292.08,55.48
ch2_ohr_ncp_20251227T1027178560_d_img_d18_x11520_y99200.png,0.2595,376.84,98.4,382.31,103.52
ch2_ohr_ncp_20251227T1027178560_d_img_d18_x11520_y99200.png,0.2547,249.67,142.27,258.81,149.63
ch2_ohr_ncp_20251227T1027178560_d_img_d18_x11520_y99200.png,0.2539,343.05,282.89,347.49,287.23
ch2_ohr_ncp_20251227T1027178560_d_img_d18_x11520_y99200.png,0.2353,342.16,282.97,346.64,287.43
ch2_ohr_ncp_20251227T1027178560_d_img_d18_x11520_y99200.png,0.2332,38.35,372.8,44.48,378.85
ch2_ohr_ncp_20251227T1027178560_d_img_d18_x11520_y99200.png,0.2193,273.82,135.29,279.48,139.89
ch2_ohr_ncp_20251227T1027178560_d_img_d18_x11520_y99200.png,0.2169,245.46,70.85,250.9,75.35
ch2_ohr_ncp_20251227T1027178560_d_img_d18_x11520_y99200.png,0.2157,285.97,49.28,293.33,54.95
ch2_ohr_ncp_20251227T1027178560_d_img_d18_x11520_y99200.png,0.2133,101.68,529.61,108.34,534.34
ch2_ohr_ncp_20251227T1027178560_d_img_d18_x11520_y99200.png,0.203,209.9,66.99,214.76,71.7
ch2_ohr_ncp_20251227T1027178560_d_img_d18_x11520_y99200.png,0.2023,448.51,312.02,455.03,316.85
ch2_ohr_ncp_20251227T1027178560_d_img_d18_x11520_y99200.png,0.2011,453.6,396.61,459.78,401.58
ch2_ohr_ncp_20251227T1027178560_d_img_d18_x11520_y99840.png,0.4194,64.98,627.5,74.02,635.92
ch2_ohr_ncp_20251227T1027178560_d_img_d18_x11520_y99840.png,0.4038,463.81,73.95,474.1,83.3
ch2_ohr_ncp_20251227T1027178560_d_img_d18_x11520_y99840.png,0.3972,90.12,99.84,108.25,114.7
ch2_ohr_ncp_20251227T1027178560_d_img_d18_x11520_y99840.png,0.3858,35.66,22.65,45.21,30.89
ch2_ohr_ncp_20251227T1027178560_d_img_d18_x11520_y99840.png,0.3566,25.33,550.92,34.57,558.91
ch2_ohr_ncp_20251227T1027178560_d_img_d18_x11520_y99840.png,0.2811,242.71,201.03,255.35,209.84
ch2_ohr_ncp_20251227T1027178560_d_img_d18_x11520_y99840.png,0.2631,356.06,53.17,362.49,59.75
ch2_ohr_ncp_20251227T1027178560_d_img_d18_x11520_y99840.png,0.2556,32.95,305.83,38.63,310.94
ch2_ohr_ncp_20251227T1027178560_d_img_d18_x11520_y99840.png,0.2481,0.16,449.56,6.74,459.3
ch2_ohr_ncp_20251227T1027178560_d_img_d18_x11520_y99840.png,0.2292,145.28,609.8,151.16,615.58
ch2_ohr_ncp_20251227T1027178560_d_img_d18_x11520_y99840.png,0.2207,93.42,315.39,101.65,322.6
