tile,conf,x1,y1,x2,y2
ch2_ohr_ncp_20190906T2241285714_d_img_gds_x00000_y100480.png,0.208,467.04,367.57,479.25,384.58
ch2_ohr_ncp_20190906T2241285714_d_img_gds_x00000_y100480.png,0.2065,9.28,429.8,17.76,441.52
ch2_ohr_ncp_20190906T2241285714_d_img_gds_x00000_y87680.png,0.2415,229.3,0.0,258.01,24.83
ch2_ohr_ncp_20190906T2241285714_d_img_gds_x00640_y86400.png,0.2281,624.52,201.83,632.03,210.06
ch2_ohr_ncp_20190906T2241285714_d_img_gds_x00640_y89600.png,0.2253,1.64,287.53,9.53,299.82
ch2_ohr_ncp_20190906T2241285714_d_img_gds_x01280_y100480.png,0.3014,276.4,520.86,282.85,527.41
ch2_ohr_ncp_20190906T2241285714_d_img_gds_x01280_y100480.png,0.2511,515.88,60.73,522.9,70.81
ch2_ohr_ncp_20190906T2241285714_d_img_gds_x01280_y85760.png,0.2178,336.53,632.04,343.08,639.26
ch2_ohr_ncp_20190906T2241285714_d_img_gds_x01280_y88320.png,0.2629,489.95,212.29,497.15,219.91
ch2_ohr_ncp_20190906T2241285714_d_img_gds_x01280_y88320.png,0.2476,554.14,89.72,562.03,100.72
ch2_ohr_ncp_20190906T2241285714_d_img_gds_x01280_y88320.png,0.2124,490.54,211.38,498.26,219.34
ch2_ohr_ncp_20190906T2241285714_d_img_gds_x01280_y97920.png,0.2286,324.79,323.36,334.31,335.97
ch2_ohr_ncp_20190906T2241285714_d_img_gds_x01280_y97920.png,0.2284,341.85,326.28,348.63,332.81
ch2_ohr_ncp_20190906T2241285714_d_img_gds_x01920_y100480.png,0.4385,65.41,234.22,84.02,259.91
ch2_ohr_ncp_20190906T2241285714_d_img_gds_x01920_y100480.png,0.2439,380.07,220.27,385.21,225.98
ch2_ohr_ncp_20190906T2241285714_d_img_gds_x01920_y100480.png,0.2329,560.98,309.38,569.25,318.02
ch2_ohr_ncp_20190906T2241285714_d_img_gds_x01920_y100480.png,0.2138,458.08,59.61,464.88,69.91
ch2_ohr_ncp_20190906T2241285714_d_img_gds_x01920_y100480.png,0.2023,445.56,53.87,451.54,60.47
ch2_ohr_ncp_20190906T2241285714_d_img_gds_x01920_y17280.png,0.417,116.3,264.45,133.08,286.76
ch2_ohr_ncp_20190906T2241285714_d_img_gds_x01920_y17280.png,0.4092,99.3,265.93,107.28,274.37
ch2_ohr_ncp_20190906T2241285714_d_img_gds_x01920_y17280.png,0.3926,51.0,106.21,57.41,113.77
ch2_ohr_ncp_20190906T2241285714_d_img_gds_x01920_y17280.png,0.3555,360.84,427.11,369.87,437.37
ch2_ohr_ncp_20190906T2241285714_d_img_gds_x01920_y17280.png,0.3037,76.39,562.13,83.39,568.49
ch2_ohr_ncp_20190906T2241285714_d_img_gds_x01920_y17280.png,0.2228,17.47,634.47,23.27,639.32
ch2_ohr_ncp_20190906T2241285714_d_img_gds_x01920_y17280.png,0.2223,126.13,533.27,138.19,549.23
ch2_ohr_ncp_20190906T2241285714_d_img_gds_x01920_y55040.png,0.2054,626.42,331.1,634.23,342.29
ch2_ohr_ncp_20190906T2241285714_d_img_gds_x01920_y78720.png,0.287,621.07,212.98,637.17,246.31
ch2_ohr_ncp_20190906T2241285714_d_img_gds_x01920_y80640.png,0.2094,443.93,364.77,449.91,372.97
ch2_ohr_ncp_20190906T2241285714_d_img_gds_x01920_y90240.png,0.2527,416.44,625.13,425.09,638.51
ch2_ohr_ncp_20190906T2241285714_d_img_gds_x01920_y92800.png,0.2889,2.78,632.29,11.54,640.0
ch2_ohr_ncp_20190906T2241285714_d_img_gds_x01920_y92800.png,0.2503,619.59,157.01,630.0,169.23
ch2_ohr_ncp_20190906T2241285714_d_img_gds_x01920_y93440.png,0.2769,57.47,346.81,97.03,419.05
ch2_ohr_ncp_20190906T2241285714_d_img_gds_x01920_y93440.png,0.2106,186.59,632.35,194.59,639.94
ch2_ohr_ncp_20190906T2241285714_d_img_gds_x01920_y94080.png,0.2415,132.93,632.03,139.91,638.88
ch2_ohr_ncp_20190906T2241285714_d_img_gds_x01920_y99200.png,0.2613,141.02,110.51,147.02,117.18
ch2_ohr_ncp_20190906T2241285714_d_img_gds_x01920_y99200.png,0.2549,89.8,133.15,95.41,139.96
ch2_ohr_ncp_20190906T2241285714_d_img_gds_x01920_y99200.png,0.2065,89.96,132.39,95.71,138.77
ch2_ohr_ncp_20190906T2241285714_d_img_gds_x02560_y100480.png,0.4047,209.2,36.47,217.31,44.89
ch2_ohr_ncp_20190906T2241285714_d_img_gds_x02560_y100480.png,0.321,202.32,54.07,220.98,80.95
ch2_ohr_ncp_20190906T2241285714_d_img_gds_x02560_y100480.png,0.2827,620.12,411.59,627.53,420.32
ch2_ohr_ncp_20190906T2241285714_d_img_gds_x02560_y100480.png,0.2696,465.19,258.42,472.48,267.53
ch2_ohr_ncp_20190906T2241285714_d_img_gds_x02560_y100480.png,0.2439,288.12,85.61,305.03,111.89
ch2_ohr_ncp_20190906T2241285714_d_img_gds_x02560_y100480.png,0.2349,193.03,404.23,200.56,413.44
ch2_ohr_ncp_20190906T2241285714_d_img_gds_x02560_y100480.png,0.2196,142.53,444.98,155.84,468.24
ch2_ohr_ncp_20190906T2241285714_d_img_gds_x02560_y100480.png,0.2127,200.95,374.49,206.9,381.76
ch2_ohr_ncp_20190906T2241285714_d_img_gds_x02560_y100480.png,0.2112,304.58,517.62,311.62,524.85
ch2_ohr_ncp_20190906T2241285714_d_img_gds_x02560_y100480.png,0.2112,2.77,155.8,9.01,164.2
ch2_ohr_ncp_20190906T2241285714_d_img_gds_x02560_y81920.png,0.2399,457.12,0.0,491.13,23.16
ch2_ohr_ncp_20190906T2241285714_d_img_gds_x02560_y81920.png,0.2283,336.97,103.85,351.36,124.29
ch2_ohr_ncp_20190906T2241285714_d_img_gds_x02560_y89600.png,0.239,2.08,28.36,8.39,36.15
ch2_ohr_ncp_20190906T2241285714_d_img_gds_x02560_y92160.png,0.2608,106.36,120.05,112.11,126.29
ch2_ohr_ncp_20190906T2241285714_d_img_gds_x02560_y92160.png,0.2539,373.17,350.49,378.69,355.88
ch2_ohr_ncp_20190906T2241285714_d_img_gds_x02560_y92160.png,0.2516,491.6,42.69,497.59,48.92
ch2_ohr_ncp_20190906T2241285714_d_img_gds_x02560_y92160.png,0.245,267.94,335.89,273.44,341.58
ch2_ohr_ncp_20190906T2241285714_d_img_gds_x02560_y92160.png,0.2048,193.01,586.43,200.76,596.33
ch2_ohr_ncp_20190906T2241285714_d_img_gds_x02560_y92160.png,0.204,489.86,138.23,498.24,149.21
ch2_ohr_ncp_20190906T2241285714_d_img_gds_x02560_y92160.png,0.2027,628.94,624.16,633.67,629.59
ch2_ohr_ncp_20190906T2241285714_d_img_gds_x02560_y92160.png,0.2018,59.98,51.25,67.5,61.76
ch2_ohr_ncp_20190906T2241285714_d_img_gds_x02560_y92160.png,0.2006,629.41,623.69,634.5,629.35
ch2_ohr_ncp_20190906T2241285714_d_img_gds_x02560_y92160.png,0.2002,61.23,0.29,71.62,9.72
ch2_ohr_ncp_20190906T2241285714_d_img_gds_x02560_y92800.png,0.3008,473.72,632.83,481.41,640.0
ch2_ohr_ncp_20190906T2241285714_d_img_gds_x02560_y93440.png,0.2781,619.95,632.63,627.23,640.0
ch2_ohr_ncp_20190906T2241285714_d_img_gds_x02560_y94720.png,0.3073,207.43,479.95,215.66,488.71
ch2_ohr_ncp_20190906T2241285714_d_img_gds_x02560_y94720.png,0.3056,424.81,200.73,433.14,209.06
ch2_ohr_ncp_20190906T2241285714_d_img_gds_x02560_y94720.png,0.3022,212.09,460.03,218.28,467.46
ch2_ohr_ncp_20190906T2241285714_d_img_gds_x02560_y94720.png,0.2564,385.52,194.08,391.24,199.42
ch2_ohr_ncp_20190906T2241285714_d_img_gds_x02560_y94720.png,0.248,379.47,213.48,387.59,223.41
ch2_ohr_ncp_20190906T2241285714_d_img_gds_x02560_y94720.png,0.2316,339.14,579.99,344.07,587.32
ch2_ohr_ncp_20190906T2241285714_d_img_gds_x02560_y94720.png,0.2307,498.37,583.52,505.67,591.33
ch2_ohr_ncp_20190906T2241285714_d_img_gds_x02560_y94720.png,0.2304,63.56,468.53,69.21,475.07
ch2_ohr_ncp_20190906T2241285714_d_img_gds_x02560_y94720.png,0.2214,128.94,53.58,135.38,61.28
ch2_ohr_ncp_20190906T2241285714_d_img_gds_x02560_y94720.png,0.2115,274.05,472.37,280.07,483.14
ch2_ohr_ncp_20190906T2241285714_d_img_gds_x02560_y96640.png,0.2031,372.66,630.69,378.57,638.64
ch2_ohr_ncp_20190906T2241285714_d_img_gds_x02560_y99840.png,0.2147,556.2,629.73,562.29,638.92
ch2_ohr_ncp_20190906T2241285714_d_img_gds_x03200_y100480.png,0.3543,63.79,97.6,68.74,103.9
ch2_ohr_ncp_20190906T2241285714_d_img_gds_x03200_y100480.png,0.3213,347.02,314.85,355.06,324.5
ch2_ohr_ncp_20190906T2241285714_d_img_gds_x03200_y100480.png,0.2884,355.93,383.57,365.98,397.87
ch2_ohr_ncp_20190906T2241285714_d_img_gds_x03200_y100480.png,0.2818,434.72,542.71,454.57,566.16
ch2_ohr_ncp_20190906T2241285714_d_img_gds_x03200_y100480.png,0.2782,181.8,185.74,192.9,200.89
ch2_ohr_ncp_20190906T2241285714_d_img_gds_x03200_y100480.png,0.2641,591.44,407.95,598.73,416.83
ch2_ohr_ncp_20190906T2241285714_d_img_gds_x03200_y100480.png,0.2638,626.35,382.05,631.39,386.97
ch2_ohr_ncp_20190906T2241285714_d_img_gds_x03200_y100480.png,0.2629,289.06,207.01,295.73,214.3
ch2_ohr_ncp_20190906T2241285714_d_img_gds_x03200_y100480.png,0.2603,607.39,66.61,618.91,80.93
ch2_ohr_ncp_20190906T2241285714_d_img_gds_x03200_y100480.png,0.2342,157.47,318.2,168.74,333.33
ch2_ohr_ncp_20190906T2241285714_d_img_gds_x03200_y100480.png,0.2264,323.02,182.66,332.97,195.1
ch2_ohr_ncp_20190906T2241285714_d_img_gds_x03200_y100480.png,0.2199,191.96,332.73,201.26,345.18
ch2_ohr_ncp_20190906T2241285714_d_img_gds_x03200_y100480.png,0.2148,44.65,119.81,56.8,134.03
ch2_ohr_ncp_20190906T2241285714_d_img_gds_x03200_y100480.png,0.2004,531.05,360.78,545.95,381.85
ch2_ohr_ncp_20190906T2241285714_d_img_gds_x03200_y72960.png,0.2577,572.14,48.1,579.68,56.57
ch2_ohr_ncp_20190906T2241285714_d_img_gds_x03200_y81920.png,0.2425,161.7,627.03,168.3,634.56
ch2_ohr_ncp_20190906T2241285714_d_img_gds_x03200_y85760.png,0.3078,3.36,231.5,9.26,240.23
ch2_ohr_ncp_20190906T2241285714_d_img_gds_x03200_y90240.png,0.3155,571.17,402.28,595.65,436.43
ch2_ohr_ncp_20190906T2241285714_d_img_gds_x03200_y90240.png,0.2979,361.2,21.69,366.47,28.13
ch2_ohr_ncp_20190906T2241285714_d_img_gds_x03200_y90240.png,0.2967,202.1,276.22,210.11,286.15
ch2_ohr_ncp_20190906T2241285714_d_img_gds_x03200_y90240.png,0.2886,140.47,290.82,162.56,326.35
ch2_ohr_ncp_20190906T2241285714_d_img_gds_x03200_y90240.png,0.2711,604.24,234.08,615.58,247.75
ch2_ohr_ncp_20190906T2241285714_d_img_gds_x03200_y90240.png,0.2532,366.08,370.58,383.49,400.41
ch2_ohr_ncp_20190906T2241285714_d_img_gds_x03200_y90240.png,0.2114,139.8,627.38,147.0,634.16
ch2_ohr_ncp_20190906T2241285714_d_img_gds_x03200_y90240.png,0.2,186.5,631.75,192.73,638.58
ch2_ohr_ncp_20190906T2241285714_d_img_gds_x03200_y90880.png,0.4276,275.14,174.89,281.05,181.33
ch2_ohr_ncp_20190906T2241285714_d_img_gds_x03200_y90880.png,0.4237,77.87,628.51,88.29,638.63
ch2_ohr_ncp_20190906T2241285714_d_img_gds_x03200_y90880.png,0.3684,74.62,299.48,80.97,306.76
ch2_ohr_ncp_20190906T2241285714_d_img_gds_x03200_y90880.png,0.3484,427.41,623.4,432.98,629.66
ch2_ohr_ncp_20190906T2241285714_d_img_gds_x03200_y90880.png,0.3445,508.39,547.04,516.99,558.2
ch2_ohr_ncp_20190906T2241285714_d_img_gds_x03200_y90880.png,0.3087,468.02,458.56,477.68,470.09
ch2_ohr_ncp_20190906T2241285714_d_img_gds_x03200_y90880.png,0.2852,466.81,177.47,474.79,186.09
ch2_ohr_ncp_20190906T2241285714_d_img_gds_x03200_y90880.png,0.2848,328.49,529.41,340.49,543.46
ch2_ohr_ncp_20190906T2241285714_d_img_gds_x03200_y90880.png,0.28,375.61,170.79,384.02,182.46
ch2_ohr_ncp_20190906T2241285714_d_img_gds_x03200_y90880.png,0.2773,489.6,80.2,497.86,87.86
ch2_ohr_ncp_20190906T2241285714_d_img_gds_x03200_y90880.png,0.2653,465.42,176.35,473.97,185.23
ch2_ohr_ncp_20190906T2241285714_d_img_gds_x03200_y90880.png,0.2461,361.69,357.72,368.83,364.92
ch2_ohr_ncp_20190906T2241285714_d_img_gds_x03200_y90880.png,0.2443,19.68,69.55,25.01,75.17
ch2_ohr_ncp_20190906T2241285714_d_img_gds_x03200_y90880.png,0.2425,144.26,590.45,151.41,598.14
ch2_ohr_ncp_20190906T2241285714_d_img_gds_x03200_y90880.png,0.2423,378.41,482.77,384.91,489.1
ch2_ohr_ncp_20190906T2241285714_d_img_gds_x03200_y90880.png,0.2402,198.98,407.21,212.21,426.83
ch2_ohr_ncp_20190906T2241285714_d_img_gds_x03200_y90880.png,0.2395,108.83,588.5,114.71,595.27
ch2_ohr_ncp_20190906T2241285714_d_img_gds_x03200_y90880.png,0.2389,580.06,380.09,588.14,390.95
ch2_ohr_ncp_20190906T2241285714_d_img_gds_x03200_y90880.png,0.2378,143.16,631.52,148.54,638.66
ch2_ohr_ncp_20190906T2241285714_d_img_gds_x03200_y90880.png,0.2278,420.09,72.04,425.47,77.99
ch2_ohr_ncp_20190906T2241285714_d_img_gds_x03200_y90880.png,0.2218,242.55,619.62,248.17,627.59
ch2_ohr_ncp_20190906T2241285714_d_img_gds_x03200_y90880.png,0.2198,555.89,267.4,561.8,273.62
ch2_ohr_ncp_20190906T2241285714_d_img_gds_x03200_y90880.png,0.2029,408.29,319.52,415.67,328.3
ch2_ohr_ncp_20190906T2241285714_d_img_gds_x03200_y90880.png,0.2007,570.84,263.24,577.26,270.41
ch2_ohr_ncp_20190906T2241285714_d_img_gds_x03200_y91520.png,0.2011,213.7,159.03,236.28,189.92
ch2_ohr_ncp_20190906T2241285714_d_img_gds_x03200_y92160.png,0.2276,384.84,522.55,392.61,532.08
ch2_ohr_ncp_20190906T2241285714_d_img_gds_x03200_y92160.png,0.2068,193.87,544.75,199.82,551.58
ch2_ohr_ncp_20190906T2241285714_d_img_gds_x03200_y92160.png,0.2018,476.32,594.77,485.93,604.47
ch2_ohr_ncp_20190906T2241285714_d_img_gds_x03840_y00000.png,0.3065,620.64,57.62,626.03,63.68
ch2_ohr_ncp_20190906T2241285714_d_img_gds_x03840_y00000.png,0.2129,74.6,8.22,80.71,15.69
ch2_ohr_ncp_20190906T2241285714_d_img_gds_x03840_y100480.png,0.3129,543.14,40.37,552.99,50.61
ch2_ohr_ncp_20190906T2241285714_d_img_gds_x03840_y100480.png,0.2332,485.62,59.61,493.66,68.62
ch2_ohr_ncp_20190906T2241285714_d_img_gds_x03840_y100480.png,0.2317,151.86,438.63,157.12,446.01
ch2_ohr_ncp_20190906T2241285714_d_img_gds_x03840_y100480.png,0.2092,100.13,315.14,113.03,328.51
ch2_ohr_ncp_20190906T2241285714_d_img_gds_x03840_y12800.png,0.3216,91.69,322.81,97.12,330.48
ch2_ohr_ncp_20190906T2241285714_d_img_gds_x03840_y12800.png,0.2561,188.85,272.8,196.82,281.13
ch2_ohr_ncp_20190906T2241285714_d_img_gds_x03840_y51840.png,0.2068,143.55,0.0,179.95,24.16
ch2_ohr_ncp_20190906T2241285714_d_img_gds_x03840_y77440.png,0.2458,243.0,522.86,249.23,529.7
ch2_ohr_ncp_20190906T2241285714_d_img_gds_x03840_y79360.png,0.2562,521.65,261.78,526.01,267.2
ch2_ohr_ncp_20190906T2241285714_d_img_gds_x03840_y79360.png,0.2014,137.4,426.43,142.95,432.35
ch2_ohr_ncp_20190906T2241285714_d_img_gds_x03840_y83200.png,0.2641,320.03,348.58,327.18,358.26
ch2_ohr_ncp_20190906T2241285714_d_img_gds_x03840_y83200.png,0.2336,622.81,578.1,628.05,583.12
ch2_ohr_ncp_20190906T2241285714_d_img_gds_x03840_y86400.png,0.3501,113.57,226.75,138.25,265.08
ch2_ohr_ncp_20190906T2241285714_d_img_gds_x03840_y86400.png,0.2676,115.33,383.97,120.45,389.68
ch2_ohr_ncp_20190906T2241285714_d_img_gds_x03840_y87040.png,0.2201,258.83,71.04,266.45,80.14
ch2_ohr_ncp_20190906T2241285714_d_img_gds_x03840_y91520.png,0.3547,353.14,121.47,360.56,131.89
ch2_ohr_ncp_20190906T2241285714_d_img_gds_x03840_y91520.png,0.3335,275.23,25.09,281.69,33.48
ch2_ohr_ncp_20190906T2241285714_d_img_gds_x03840_y91520.png,0.3212,426.73,109.81,433.26,116.17
ch2_ohr_ncp_20190906T2241285714_d_img_gds_x03840_y91520.png,0.2688,377.17,331.32,384.77,341.12
ch2_ohr_ncp_20190906T2241285714_d_img_gds_x03840_y91520.png,0.2598,3.95,632.81,8.6,639.01
ch2_ohr_ncp_20190906T2241285714_d_img_gds_x03840_y91520.png,0.2434,587.99,632.07,592.66,637.69
ch2_ohr_ncp_20190906T2241285714_d_img_gds_x03840_y91520.png,0.2228,330.46,569.89,340.36,583.05
ch2_ohr_ncp_20190906T2241285714_d_img_gds_x03840_y91520.png,0.2195,378.4,39.43,383.95,45.45
ch2_ohr_ncp_20190906T2241285714_d_img_gds_x03840_y92160.png,0.3215,161.4,474.07,169.17,483.99
ch2_ohr_ncp_20190906T2241285714_d_img_gds_x03840_y92160.png,0.2762,323.77,251.13,331.09,261.35
ch2_ohr_ncp_20190906T2241285714_d_img_gds_x03840_y92160.png,0.2367,75.92,631.28,80.7,636.34
ch2_ohr_ncp_20190906T2241285714_d_img_gds_x03840_y92160.png,0.2117,164.33,566.08,170.56,573.1
ch2_ohr_ncp_20190906T2241285714_d_img_gds_x03840_y92160.png,0.2025,369.07,583.55,377.88,593.08
ch2_ohr_ncp_20190906T2241285714_d_img_gds_x04480_y100480.png,0.6262,348.54,508.75,373.63,543.64
ch2_ohr_ncp_20190906T2241285714_d_img_gds_x04480_y100480.png,0.5492,313.9,279.35,348.02,322.79
ch2_ohr_ncp_20190906T2241285714_d_img_gds_x04480_y100480.png,0.5134,380.79,80.57,399.19,107.74
ch2_ohr_ncp_20190906T2241285714_d_img_gds_x04480_y100480.png,0.4943,456.77,382.76,465.06,395.22
ch2_ohr_ncp_20190906T2241285714_d_img_gds_x04480_y100480.png,0.4647,544.26,97.51,570.68,130.17
ch2_ohr_ncp_20190906T2241285714_d_img_gds_x04480_y100480.png,0.4316,290.62,168.83,302.59,186.26
ch2_ohr_ncp_20190906T2241285714_d_img_gds_x04480_y100480.png,0.4202,401.88,420.45,410.15,436.84
ch2_ohr_ncp_20190906T2241285714_d_img_gds_x04480_y100480.png,0.4182,176.89,281.73,183.29,287.74
ch2_ohr_ncp_20190906T2241285714_d_img_gds_x04480_y100480.png,0.4141,316.55,506.31,322.39,512.2
ch2_ohr_ncp_20190906T2241285714_d_img_gds_x04480_y100480.png,0.3925,541.65,529.99,545.78,534.86
ch2_ohr_ncp_20190906T2241285714_d_img_gds_x04480_y100480.png,0.3871,615.46,534.24,624.49,547.62
ch2_ohr_ncp_20190906T2241285714_d_img_gds_x04480_y100480.png,0.3778,596.9,294.45,602.5,301.17
ch2_ohr_ncp_20190906T2241285714_d_img_gds_x04480_y100480.png,0.3744,583.01,371.63,621.43,421.92
ch2_ohr_ncp_20190906T2241285714_d_img_gds_x04480_y100480.png,0.3608,488.84,484.15,496.47,492.24
ch2_ohr_ncp_20190906T2241285714_d_img_gds_x04480_y100480.png,0.3555,395.72,109.87,402.4,116.33
ch2_ohr_ncp_20190906T2241285714_d_img_gds_x04480_y100480.png,0.3555,441.91,248.06,449.78,255.66
ch2_ohr_ncp_20190906T2241285714_d_img_gds_x04480_y100480.png,0.3336,247.23,167.56,262.85,184.4
ch2_ohr_ncp_20190906T2241285714_d_img_gds_x04480_y100480.png,0.333,391.23,127.2,398.71,136.87
ch2_ohr_ncp_20190906T2241285714_d_img_gds_x04480_y100480.png,0.3214,606.59,346.42,612.24,352.03
ch2_ohr_ncp_20190906T2241285714_d_img_gds_x04480_y100480.png,0.3097,49.44,138.51,54.7,144.01
ch2_ohr_ncp_20190906T2241285714_d_img_gds_x04480_y100480.png,0.3056,179.42,31.43,203.73,50.46
ch2_ohr_ncp_20190906T2241285714_d_img_gds_x04480_y100480.png,0.2989,116.77,383.3,123.64,391.04
ch2_ohr_ncp_20190906T2241285714_d_img_gds_x04480_y100480.png,0.2938,449.96,366.11,455.85,373.81
ch2_ohr_ncp_20190906T2241285714_d_img_gds_x04480_y100480.png,0.2909,610.61,89.59,615.75,95.77
ch2_ohr_ncp_20190906T2241285714_d_img_gds_x04480_y100480.png,0.2887,27.84,267.04,33.5,273.51
ch2_ohr_ncp_20190906T2241285714_d_img_gds_x04480_y100480.png,0.2809,608.77,62.45,619.3,74.68
ch2_ohr_ncp_20190906T2241285714_d_img_gds_x04480_y100480.png,0.2791,613.94,110.3,619.98,116.48
ch2_ohr_ncp_20190906T2241285714_d_img_gds_x04480_y100480.png,0.278,282.09,199.13,287.47,204.23
ch2_ohr_ncp_20190906T2241285714_d_img_gds_x04480_y100480.png,0.2762,306.71,513.78,316.13,524.35
ch2_ohr_ncp_20190906T2241285714_d_img_gds_x04480_y100480.png,0.2736,458.17,406.34,464.79,412.67
ch2_ohr_ncp_20190906T2241285714_d_img_gds_x04480_y100480.png,0.2683,483.96,463.81,489.76,469.51
ch2_ohr_ncp_20190906T2241285714_d_img_gds_x04480_y100480.png,0.2664,467.66,516.2,471.88,520.8
ch2_ohr_ncp_20190906T2241285714_d_img_gds_x04480_y100480.png,0.264,7.05,178.9,16.61,188.29
ch2_ohr_ncp_20190906T2241285714_d_img_gds_x04480_y100480.png,0.26,290.79,427.2,301.76,438.31
ch2_ohr_ncp_20190906T2241285714_d_img_gds_x04480_y100480.png,0.2562,125.91,31.17,130.56,35.52
ch2_ohr_ncp_20190906T2241285714_d_img_gds_x04480_y100480.png,0.2501,551.63,509.44,555.02,513.71
ch2_ohr_ncp_20190906T2241285714_d_img_gds_x04480_y100480.png,0.2456,604.84,542.23,611.02,549.32
ch2_ohr_ncp_20190906T2241285714_d_img_gds_x04480_y100480.png,0.2449,542.1,253.5,546.33,258.87
ch2_ohr_ncp_20190906T2241285714_d_img_gds_x04480_y100480.png,0.2442,419.92,81.74,426.81,92.91
ch2_ohr_ncp_20190906T2241285714_d_img_gds_x04480_y100480.png,0.2429,173.8,24.5,203.36,49.95
ch2_ohr_ncp_20190906T2241285714_d_img_gds_x04480_y100480.png,0.2413,89.96,224.74,96.87,232.12
ch2_ohr_ncp_20190906T2241285714_d_img_gds_x04480_y100480.png,0.2355,475.06,419.55,481.8,427.02
ch2_ohr_ncp_20190906T2241285714_d_img_gds_x04480_y100480.png,0.233,117.22,244.93,124.61,252.85
ch2_ohr_ncp_20190906T2241285714_d_img_gds_x04480_y100480.png,0.2325,549.9,134.41,555.08,139.09
ch2_ohr_ncp_20190906T2241285714_d_img_gds_x04480_y100480.png,0.2255,168.6,13.77,198.9,50.11
ch2_ohr_ncp_20190906T2241285714_d_img_gds_x04480_y100480.png,0.2226,630.38,268.92,637.36,275.24
ch2_ohr_ncp_20190906T2241285714_d_img_gds_x04480_y100480.png,0.2171,629.96,526.71,639.41,539.88
ch2_ohr_ncp_20190906T2241285714_d_img_gds_x04480_y100480.png,0.2163,578.46,447.93,597.16,468.59
ch2_ohr_ncp_20190906T2241285714_d_img_gds_x04480_y100480.png,0.2153,420.74,82.04,426.93,90.64
ch2_ohr_ncp_20190906T2241285714_d_img_gds_x04480_y100480.png,0.2133,235.44,391.84,240.5,397.36
ch2_ohr_ncp_20190906T2241285714_d_img_gds_x04480_y100480.png,0.2131,93.74,47.49,99.87,53.65
ch2_ohr_ncp_20190906T2241285714_d_img_gds_x04480_y100480.png,0.2131,553.67,195.94,559.62,201.33
ch2_ohr_ncp_20190906T2241285714_d_img_gds_x04480_y100480.png,0.2122,573.09,92.0,579.4,99.02
ch2_ohr_ncp_20190906T2241285714_d_img_gds_x04480_y100480.png,0.2121,442.24,89.0,447.37,94.54
ch2_ohr_ncp_20190906T2241285714_d_img_gds_x04480_y100480.png,0.21,13.32,395.52,18.7,401.27
ch2_ohr_ncp_20190906T2241285714_d_img_gds_x04480_y100480.png,0.2094,0.41,196.17,19.11,232.58
ch2_ohr_ncp_20190906T2241285714_d_img_gds_x04480_y100480.png,0.2088,624.99,276.07,635.38,286.04
ch2_ohr_ncp_20190906T2241285714_d_img_gds_x04480_y100480.png,0.2067,623.07,111.4,630.43,117.82
ch2_ohr_ncp_20190906T2241285714_d_img_gds_x04480_y100480.png,0.2067,363.93,84.47,368.1,88.84
ch2_ohr_ncp_20190906T2241285714_d_img_gds_x04480_y100480.png,0.2057,457.57,406.04,465.87,413.6
ch2_ohr_ncp_20190906T2241285714_d_img_gds_x04480_y100480.png,0.2052,170.24,66.97,178.53,74.53
ch2_ohr_ncp_20190906T2241285714_d_img_gds_x04480_y100480.png,0.2037,431.36,372.7,438.94,381.14
ch2_ohr_ncp_20190906T2241285714_d_img_gds_x04480_y100480.png,0.2033,320.13,364.1,332.59,380.08
ch2_ohr_ncp_20190906T2241285714_d_img_gds_x04480_y100480.png,0.2022,590.33,328.82,595.52,334.76
ch2_ohr_ncp_20190906T2241285714_d_img_gds_x04480_y100480.png,0.2021,127.39,240.64,139.08,252.47
ch2_ohr_ncp_20190906T2241285714_d_img_gds_x04480_y100480.png,0.2001,130.61,159.65,137.34,167.08
ch2_ohr_ncp_20190906T2241285714_d_img_gds_x04480_y14720.png,0.2081,334.1,634.49,340.76,639.58
ch2_ohr_ncp_20190906T2241285714_d_img_gds_x04480_y90240.png,0.3147,627.03,5.47,637.42,20.14
ch2_ohr_ncp_20190906T2241285714_d_img_gds_x04480_y90240.png,0.2737,571.04,249.96,578.18,260.62
ch2_ohr_ncp_20190906T2241285714_d_img_gds_x04480_y90240.png,0.2373,475.04,0.0,504.79,27.78
ch2_ohr_ncp_20190906T2241285714_d_img_gds_x04480_y90240.png,0.2264,329.47,629.77,339.47,639.89
ch2_ohr_ncp_20190906T2241285714_d_img_gds_x04480_y91520.png,0.2608,305.15,438.36,314.04,446.99
ch2_ohr_ncp_20190906T2241285714_d_img_gds_x04480_y91520.png,0.2518,555.66,311.02,596.51,365.75
ch2_ohr_ncp_20190906T2241285714_d_img_gds_x04480_y91520.png,0.239,243.32,480.03,250.66,487.64
ch2_ohr_ncp_20190906T2241285714_d_img_gds_x04480_y91520.png,0.2152,376.2,411.45,384.62,421.62
ch2_ohr_ncp_20190906T2241285714_d_img_gds_x04480_y92160.png,0.3016,259.38,285.33,264.98,292.12
ch2_ohr_ncp_20190906T2241285714_d_img_gds_x04480_y93440.png,0.2305,351.52,182.84,359.18,191.43
ch2_ohr_ncp_20190906T2241285714_d_img_gds_x04480_y94080.png,0.2702,114.8,375.89,120.78,383.16
ch2_ohr_ncp_20190906T2241285714_d_img_gds_x04480_y94080.png,0.2332,234.61,560.86,239.51,566.79
ch2_ohr_ncp_20190906T2241285714_d_img_gds_x04480_y94080.png,0.2027,627.77,31.12,634.76,38.72
ch2_ohr_ncp_20190906T2241285714_d_img_gds_x04480_y99840.png,0.2261,242.22,603.21,275.33,640.0
ch2_ohr_ncp_20190906T2241285714_d_img_gds_x04480_y99840.png,0.2082,107.93,569.85,127.17,598.61
ch2_ohr_ncp_20190906T2241285714_d_img_gds_x05120_y07040.png,0.2954,268.4,628.28,274.19,636.31
ch2_ohr_ncp_20190906T2241285714_d_img_gds_x05120_y07040.png,0.2829,104.07,348.7,117.17,366.45
ch2_ohr_ncp_20190906T2241285714_d_img_gds_x05120_y07680.png,0.208,202.16,104.94,208.22,110.63
ch2_ohr_ncp_20190906T2241285714_d_img_gds_x05120_y100480.png,0.584,617.28,146.08,634.83,168.04
ch2_ohr_ncp_20190906T2241285714_d_img_gds_x05120_y100480.png,0.5288,29.2,376.51,56.51,416.1
ch2_ohr_ncp_20190906T2241285714_d_img_gds_x05120_y100480.png,0.5234,596.42,16.84,622.14,62.3
ch2_ohr_ncp_20190906T2241285714_d_img_gds_x05120_y100480.png,0.4383,190.18,114.76,204.67,135.67
ch2_ohr_ncp_20190906T2241285714_d_img_gds_x05120_y100480.png,0.4133,538.25,123.56,545.24,131.68
ch2_ohr_ncp_20190906T2241285714_d_img_gds_x05120_y100480.png,0.3942,630.32,175.76,638.26,190.68
ch2_ohr_ncp_20190906T2241285714_d_img_gds_x05120_y100480.png,0.3809,383.19,338.91,394.29,352.42
ch2_ohr_ncp_20190906T2241285714_d_img_gds_x05120_y100480.png,0.3763,150.33,299.01,173.58,332.55
ch2_ohr_ncp_20190906T2241285714_d_img_gds_x05120_y100480.png,0.3745,60.03,354.69,65.11,361.12
ch2_ohr_ncp_20190906T2241285714_d_img_gds_x05120_y100480.png,0.3379,375.88,109.61,384.89,123.34
ch2_ohr_ncp_20190906T2241285714_d_img_gds_x05120_y100480.png,0.3285,452.42,350.87,459.18,357.34
ch2_ohr_ncp_20190906T2241285714_d_img_gds_x05120_y100480.png,0.3158,140.07,93.26,145.13,98.87
ch2_ohr_ncp_20190906T2241285714_d_img_gds_x05120_y100480.png,0.3143,243.04,318.12,248.21,324.39
ch2_ohr_ncp_20190906T2241285714_d_img_gds_x05120_y100480.png,0.3125,460.61,382.96,476.38,406.39
ch2_ohr_ncp_20190906T2241285714_d_img_gds_x05120_y100480.png,0.2935,505.09,434.14,525.68,462.22
ch2_ohr_ncp_20190906T2241285714_d_img_gds_x05120_y100480.png,0.2908,543.03,89.96,556.44,107.79
ch2_ohr_ncp_20190906T2241285714_d_img_gds_x05120_y100480.png,0.2863,400.43,315.07,409.16,325.29
ch2_ohr_ncp_20190906T2241285714_d_img_gds_x05120_y100480.png,0.2828,499.81,79.36,504.61,83.94
ch2_ohr_ncp_20190906T2241285714_d_img_gds_x05120_y100480.png,0.2827,593.5,343.14,599.09,348.63
ch2_ohr_ncp_20190906T2241285714_d_img_gds_x05120_y100480.png,0.2761,498.98,79.61,503.94,84.55
ch2_ohr_ncp_20190906T2241285714_d_img_gds_x05120_y100480.png,0.2755,508.89,43.11,518.61,52.44
ch2_ohr_ncp_20190906T2241285714_d_img_gds_x05120_y100480.png,0.2733,577.33,131.13,586.16,139.7
ch2_ohr_ncp_20190906T2241285714_d_img_gds_x05120_y100480.png,0.2639,521.33,514.31,529.89,522.41
ch2_ohr_ncp_20190906T2241285714_d_img_gds_x05120_y100480.png,0.2597,24.98,162.77,33.36,174.42
ch2_ohr_ncp_20190906T2241285714_d_img_gds_x05120_y100480.png,0.2578,259.57,297.29,272.69,313.89
ch2_ohr_ncp_20190906T2241285714_d_img_gds_x05120_y100480.png,0.2545,262.2,457.0,275.02,476.6
ch2_ohr_ncp_20190906T2241285714_d_img_gds_x05120_y100480.png,0.2471,93.81,406.35,101.34,415.13
ch2_ohr_ncp_20190906T2241285714_d_img_gds_x05120_y100480.png,0.2418,615.51,176.82,624.66,192.39
ch2_ohr_ncp_20190906T2241285714_d_img_gds_x05120_y100480.png,0.2416,34.38,256.73,40.42,263.09
ch2_ohr_ncp_20190906T2241285714_d_img_gds_x05120_y100480.png,0.2382,149.64,126.88,154.07,131.66
ch2_ohr_ncp_20190906T2241285714_d_img_gds_x05120_y100480.png,0.2365,521.45,490.8,526.01,497.87
ch2_ohr_ncp_20190906T2241285714_d_img_gds_x05120_y100480.png,0.235,535.06,520.04,540.42,525.65
ch2_ohr_ncp_20190906T2241285714_d_img_gds_x05120_y100480.png,0.228,94.04,407.68,100.79,416.04
ch2_ohr_ncp_20190906T2241285714_d_img_gds_x05120_y100480.png,0.2248,147.51,549.83,152.51,556.37
ch2_ohr_ncp_20190906T2241285714_d_img_gds_x05120_y100480.png,0.2241,556.92,391.61,567.64,402.49
ch2_ohr_ncp_20190906T2241285714_d_img_gds_x05120_y100480.png,0.2222,507.67,355.98,513.2,361.55
ch2_ohr_ncp_20190906T2241285714_d_img_gds_x05120_y100480.png,0.2209,303.92,254.89,309.68,261.01
ch2_ohr_ncp_20190906T2241285714_d_img_gds_x05120_y100480.png,0.2173,237.74,260.5,243.83,266.67
ch2_ohr_ncp_20190906T2241285714_d_img_gds_x05120_y100480.png,0.2145,592.78,480.09,599.61,487.18
ch2_ohr_ncp_20190906T2241285714_d_img_gds_x05120_y100480.png,0.2115,585.47,30.17,590.45,38.51
ch2_ohr_ncp_20190906T2241285714_d_img_gds_x05120_y100480.png,0.209,609.12,89.1,614.51,94.58
ch2_ohr_ncp_20190906T2241285714_d_img_gds_x05120_y100480.png,0.2085,576.05,528.06,583.17,539.3
ch2_ohr_ncp_20190906T2241285714_d_img_gds_x05120_y100480.png,0.2047,98.99,195.72,104.09,200.15
ch2_ohr_ncp_20190906T2241285714_d_img_gds_x05120_y100480.png,0.2006,90.35,364.13,94.88,369.41
ch2_ohr_ncp_20190906T2241285714_d_img_gds_x05120_y32000.png,0.218,513.45,1.98,518.73,7.95
ch2_ohr_ncp_20190906T2241285714_d_img_gds_x05120_y77440.png,0.2175,633.08,293.04,639.85,307.0
ch2_ohr_ncp_20190906T2241285714_d_img_gds_x05120_y78080.png,0.3984,595.15,48.46,600.36,54.17
ch2_ohr_ncp_20190906T2241285714_d_img_gds_x05120_y78080.png,0.2481,90.34,0.14,96.18,5.94
ch2_ohr_ncp_20190906T2241285714_d_img_gds_x05120_y78080.png,0.2342,249.55,88.72,259.83,104.83
ch2_ohr_ncp_20190906T2241285714_d_img_gds_x05120_y80000.png,0.2273,452.06,212.17,458.36,219.6
ch2_ohr_ncp_20190906T2241285714_d_img_gds_x05120_y88960.png,0.2206,178.86,630.4,184.03,637.91
ch2_ohr_ncp_20190906T2241285714_d_img_gds_x05120_y91520.png,0.2007,635.23,35.82,640.0,47.61
ch2_ohr_ncp_20190906T2241285714_d_img_gds_x05760_y100480.png,0.3315,55.16,210.94,71.14,236.37
ch2_ohr_ncp_20190906T2241285714_d_img_gds_x05760_y100480.png,0.3307,55.56,207.61,74.55,237.22
ch2_ohr_ncp_20190906T2241285714_d_img_gds_x05760_y100480.png,0.3273,541.51,245.15,559.76,271.85
ch2_ohr_ncp_20190906T2241285714_d_img_gds_x05760_y100480.png,0.2387,484.88,244.7,492.1,251.65
ch2_ohr_ncp_20190906T2241285714_d_img_gds_x05760_y100480.png,0.2336,592.36,138.07,598.61,145.92
ch2_ohr_ncp_20190906T2241285714_d_img_gds_x05760_y100480.png,0.2158,105.25,145.27,115.16,158.19
ch2_ohr_ncp_20190906T2241285714_d_img_gds_x05760_y100480.png,0.2154,276.85,259.47,281.88,266.54
ch2_ohr_ncp_20190906T2241285714_d_img_gds_x05760_y100480.png,0.2086,167.84,226.07,176.7,237.07
ch2_ohr_ncp_20190906T2241285714_d_img_gds_x05760_y100480.png,0.2069,585.28,280.36,593.22,288.06
ch2_ohr_ncp_20190906T2241285714_d_img_gds_x05760_y100480.png,0.2031,610.22,82.7,636.49,128.62
ch2_ohr_ncp_20190906T2241285714_d_img_gds_x05760_y100480.png,0.2012,540.89,157.27,547.38,164.56
ch2_ohr_ncp_20190906T2241285714_d_img_gds_x05760_y100480.png,0.201,612.46,25.49,617.79,31.38
ch2_ohr_ncp_20190906T2241285714_d_img_gds_x05760_y80000.png,0.2135,627.67,339.19,633.21,346.45
ch2_ohr_ncp_20190906T2241285714_d_img_gds_x05760_y83840.png,0.2739,271.3,629.25,278.63,638.24
ch2_ohr_ncp_20190906T2241285714_d_img_gds_x05760_y83840.png,0.2528,249.87,602.4,271.51,626.3
ch2_ohr_ncp_20190906T2241285714_d_img_gds_x05760_y83840.png,0.2485,428.55,433.98,440.08,449.72
ch2_ohr_ncp_20190906T2241285714_d_img_gds_x05760_y83840.png,0.2422,531.2,597.43,537.27,603.92
ch2_ohr_ncp_20190906T2241285714_d_img_gds_x05760_y83840.png,0.2052,65.67,401.8,71.11,408.4
ch2_ohr_ncp_20190906T2241285714_d_img_gds_x05760_y86400.png,0.2347,482.84,193.45,488.77,200.13
ch2_ohr_ncp_20190906T2241285714_d_img_gds_x05760_y87040.png,0.2089,630.82,489.78,639.18,498.73
ch2_ohr_ncp_20190906T2241285714_d_img_gds_x05760_y87040.png,0.2038,507.3,330.31,515.89,340.68
ch2_ohr_ncp_20190906T2241285714_d_img_gds_x05760_y92160.png,0.3001,156.65,632.22,162.43,639.01
ch2_ohr_ncp_20190906T2241285714_d_img_gds_x05760_y92160.png,0.2662,222.74,394.85,230.11,403.33
ch2_ohr_ncp_20190906T2241285714_d_img_gds_x05760_y97280.png,0.3486,376.52,540.86,385.66,550.83
ch2_ohr_ncp_20190906T2241285714_d_img_gds_x05760_y97280.png,0.2914,575.39,490.41,585.17,504.01
ch2_ohr_ncp_20190906T2241285714_d_img_gds_x05760_y97280.png,0.2896,138.57,391.2,146.7,401.27
ch2_ohr_ncp_20190906T2241285714_d_img_gds_x05760_y97280.png,0.201,282.88,118.04,289.21,125.01
ch2_ohr_ncp_20190906T2241285714_d_img_gds_x05760_y99840.png,0.2357,603.14,156.97,608.38,163.2
ch2_ohr_ncp_20190906T2241285714_d_img_gds_x05760_y99840.png,0.2326,576.84,134.57,581.84,140.7
ch2_ohr_ncp_20190906T2241285714_d_img_gds_x05760_y99840.png,0.2232,249.65,108.03,257.2,118.96
ch2_ohr_ncp_20190906T2241285714_d_img_gds_x06400_y00640.png,0.2006,314.9,54.89,320.52,60.96
ch2_ohr_ncp_20190906T2241285714_d_img_gds_x06400_y03840.png,0.2418,246.97,469.59,261.08,491.04
ch2_ohr_ncp_20190906T2241285714_d_img_gds_x06400_y85760.png,0.2141,539.11,413.83,546.45,420.61
ch2_ohr_ncp_20190906T2241285714_d_img_gds_x06400_y90880.png,0.2157,228.05,323.95,234.08,332.41
ch2_ohr_ncp_20190906T2241285714_d_img_gds_x06400_y93440.png,0.2691,154.21,629.52,159.99,637.08
ch2_ohr_ncp_20190906T2241285714_d_img_gds_x07040_y100480.png,0.2797,370.41,74.53,376.0,80.21
ch2_ohr_ncp_20190906T2241285714_d_img_gds_x07040_y84480.png,0.2408,580.66,622.49,586.4,628.99
ch2_ohr_ncp_20190906T2241285714_d_img_gds_x07040_y85120.png,0.2391,188.01,377.18,193.64,383.54
ch2_ohr_ncp_20190906T2241285714_d_img_gds_x07040_y85120.png,0.2299,531.07,228.71,537.8,235.35
ch2_ohr_ncp_20190906T2241285714_d_img_gds_x07040_y85120.png,0.2136,90.13,110.86,98.41,119.4
ch2_ohr_ncp_20190906T2241285714_d_img_gds_x07040_y85120.png,0.2022,101.05,104.59,105.77,110.83
ch2_ohr_ncp_20190906T2241285714_d_img_gds_x07040_y88320.png,0.2393,294.5,362.67,308.22,381.65
ch2_ohr_ncp_20190906T2241285714_d_img_gds_x07040_y89600.png,0.2775,370.31,75.53,377.45,85.29
ch2_ohr_ncp_20190906T2241285714_d_img_gds_x07040_y89600.png,0.2589,491.38,245.39,497.65,252.79
ch2_ohr_ncp_20190906T2241285714_d_img_gds_x07040_y89600.png,0.2311,555.71,63.76,562.68,71.57
ch2_ohr_ncp_20190906T2241285714_d_img_gds_x07040_y89600.png,0.2277,237.83,226.96,248.94,243.36
ch2_ohr_ncp_20190906T2241285714_d_img_gds_x07040_y90240.png,0.329,234.81,631.88,242.2,639.63
ch2_ohr_ncp_20190906T2241285714_d_img_gds_x07040_y90240.png,0.2411,164.86,244.61,170.53,250.57
ch2_ohr_ncp_20190906T2241285714_d_img_gds_x07040_y90240.png,0.2067,54.96,30.39,61.23,37.41
ch2_ohr_ncp_20190906T2241285714_d_img_gds_x07040_y95360.png,0.2412,482.85,192.83,490.72,203.47
ch2_ohr_ncp_20190906T2241285714_d_img_gds_x07680_y01280.png,0.223,163.04,626.46,168.56,632.42
ch2_ohr_ncp_20190906T2241285714_d_img_gds_x07680_y01280.png,0.2048,88.92,349.86,137.43,422.82
ch2_ohr_ncp_20190906T2241285714_d_img_gds_x07680_y100480.png,0.2847,154.78,45.13,160.94,52.7
ch2_ohr_ncp_20190906T2241285714_d_img_gds_x07680_y100480.png,0.2426,123.31,51.83,128.39,57.47
ch2_ohr_ncp_20190906T2241285714_d_img_gds_x07680_y26240.png,0.3074,77.16,130.67,81.89,135.77
ch2_ohr_ncp_20190906T2241285714_d_img_gds_x07680_y49280.png,0.292,556.19,627.99,560.96,634.61
ch2_ohr_ncp_20190906T2241285714_d_img_gds_x07680_y49280.png,0.2671,520.73,0.0,559.7,26.39
ch2_ohr_ncp_20190906T2241285714_d_img_gds_x07680_y80640.png,0.2075,204.3,554.75,210.33,561.27
ch2_ohr_ncp_20190906T2241285714_d_img_gds_x07680_y88960.png,0.3726,112.32,555.72,121.21,568.18
ch2_ohr_ncp_20190906T2241285714_d_img_gds_x07680_y88960.png,0.3608,134.13,531.67,146.06,555.58
ch2_ohr_ncp_20190906T2241285714_d_img_gds_x07680_y88960.png,0.2784,523.79,631.76,530.4,639.38
ch2_ohr_ncp_20190906T2241285714_d_img_gds_x07680_y88960.png,0.244,459.27,98.36,466.24,107.87
ch2_ohr_ncp_20190906T2241285714_d_img_gds_x07680_y89600.png,0.4876,152.63,568.28,190.22,640.0
ch2_ohr_ncp_20190906T2241285714_d_img_gds_x07680_y89600.png,0.2429,608.94,283.89,617.47,293.17
ch2_ohr_ncp_20190906T2241285714_d_img_gds_x07680_y89600.png,0.2154,578.18,380.0,585.32,388.88
ch2_ohr_ncp_20190906T2241285714_d_img_gds_x07680_y89600.png,0.2069,442.34,192.98,449.26,200.28
ch2_ohr_ncp_20190906T2241285714_d_img_gds_x07680_y89600.png,0.2018,489.88,161.79,496.07,168.48
ch2_ohr_ncp_20190906T2241285714_d_img_gds_x07680_y90240.png,0.2225,464.06,621.24,472.55,630.62
ch2_ohr_ncp_20190906T2241285714_d_img_gds_x07680_y90240.png,0.2224,572.32,553.04,577.29,558.84
ch2_ohr_ncp_20190906T2241285714_d_img_gds_x08320_y01920.png,0.2033,92.44,134.7,97.72,140.24
ch2_ohr_ncp_20190906T2241285714_d_img_gds_x08320_y100480.png,0.2985,458.9,334.46,465.71,341.17
ch2_ohr_ncp_20190906T2241285714_d_img_gds_x08320_y100480.png,0.2459,211.36,83.78,217.72,91.75
ch2_ohr_ncp_20190906T2241285714_d_img_gds_x08320_y100480.png,0.2425,489.64,252.12,498.26,266.06
ch2_ohr_ncp_20190906T2241285714_d_img_gds_x08320_y100480.png,0.2196,152.03,494.53,155.66,497.75
ch2_ohr_ncp_20190906T2241285714_d_img_gds_x08320_y100480.png,0.2148,100.08,541.7,105.32,547.95
ch2_ohr_ncp_20190906T2241285714_d_img_gds_x08320_y100480.png,0.2138,179.2,135.95,186.99,142.94
ch2_ohr_ncp_20190906T2241285714_d_img_gds_x08320_y100480.png,0.2014,168.23,474.4,174.22,479.88
ch2_ohr_ncp_20190906T2241285714_d_img_gds_x08320_y50560.png,0.2207,471.04,440.73,484.6,460.2
ch2_ohr_ncp_20190906T2241285714_d_img_gds_x08320_y78720.png,0.2355,272.12,37.82,288.65,61.48
ch2_ohr_ncp_20190906T2241285714_d_img_gds_x08960_y08960.png,0.4007,628.24,71.05,634.13,76.66
ch2_ohr_ncp_20190906T2241285714_d_img_gds_x08960_y08960.png,0.3986,579.36,47.48,584.39,53.11
ch2_ohr_ncp_20190906T2241285714_d_img_gds_x08960_y08960.png,0.3597,241.02,46.93,248.16,55.83
ch2_ohr_ncp_20190906T2241285714_d_img_gds_x08960_y08960.png,0.334,13.24,18.24,16.87,21.9
ch2_ohr_ncp_20190906T2241285714_d_img_gds_x08960_y08960.png,0.3059,161.09,77.92,165.63,84.52
ch2_ohr_ncp_20190906T2241285714_d_img_gds_x08960_y08960.png,0.2987,92.72,161.05,97.5,166.55
ch2_ohr_ncp_20190906T2241285714_d_img_gds_x08960_y08960.png,0.2653,17.07,30.38,21.31,34.47
ch2_ohr_ncp_20190906T2241285714_d_img_gds_x08960_y08960.png,0.2502,87.41,23.87,92.71,28.38
ch2_ohr_ncp_20190906T2241285714_d_img_gds_x08960_y08960.png,0.2441,511.71,121.05,516.98,126.29
ch2_ohr_ncp_20190906T2241285714_d_img_gds_x08960_y08960.png,0.2401,234.24,241.84,239.95,247.35
ch2_ohr_ncp_20190906T2241285714_d_img_gds_x08960_y08960.png,0.2382,554.14,177.9,558.23,182.55
ch2_ohr_ncp_20190906T2241285714_d_img_gds_x08960_y08960.png,0.2345,573.5,80.3,577.23,84.84
ch2_ohr_ncp_20190906T2241285714_d_img_gds_x08960_y08960.png,0.2337,625.88,107.89,631.57,113.91
ch2_ohr_ncp_20190906T2241285714_d_img_gds_x08960_y08960.png,0.2329,577.59,173.39,581.67,177.57
ch2_ohr_ncp_20190906T2241285714_d_img_gds_x08960_y08960.png,0.2324,84.22,173.49,95.55,183.53
ch2_ohr_ncp_20190906T2241285714_d_img_gds_x08960_y08960.png,0.2305,625.24,108.39,630.95,114.55
ch2_ohr_ncp_20190906T2241285714_d_img_gds_x08960_y08960.png,0.2299,226.02,69.04,231.46,74.74
ch2_ohr_ncp_20190906T2241285714_d_img_gds_x08960_y08960.png,0.2252,623.97,230.64,627.71,234.38
ch2_ohr_ncp_20190906T2241285714_d_img_gds_x08960_y08960.png,0.2184,71.13,92.59,74.48,96.78
ch2_ohr_ncp_20190906T2241285714_d_img_gds_x08960_y08960.png,0.2152,375.26,268.97,385.93,279.97
ch2_ohr_ncp_20190906T2241285714_d_img_gds_x08960_y08960.png,0.215,596.5,128.35,600.54,133.01
ch2_ohr_ncp_20190906T2241285714_d_img_gds_x08960_y08960.png,0.2147,541.62,134.83,545.08,138.84
ch2_ohr_ncp_20190906T2241285714_d_img_gds_x08960_y08960.png,0.2141,445.44,312.15,449.7,316.78
ch2_ohr_ncp_20190906T2241285714_d_img_gds_x08960_y08960.png,0.2098,612.85,106.48,619.84,114.38
ch2_ohr_ncp_20190906T2241285714_d_img_gds_x08960_y08960.png,0.2095,103.15,134.64,109.94,141.95
ch2_ohr_ncp_20190906T2241285714_d_img_gds_x08960_y08960.png,0.2092,161.55,78.5,166.44,84.84
ch2_ohr_ncp_20190906T2241285714_d_img_gds_x08960_y08960.png,0.2088,212.13,170.46,228.59,192.57
ch2_ohr_ncp_20190906T2241285714_d_img_gds_x08960_y08960.png,0.2065,601.14,74.98,606.24,79.72
ch2_ohr_ncp_20190906T2241285714_d_img_gds_x08960_y08960.png,0.2056,40.37,129.83,45.63,134.71
ch2_ohr_ncp_20190906T2241285714_d_img_gds_x08960_y08960.png,0.2025,9.86,57.9,13.64,61.87
ch2_ohr_ncp_20190906T2241285714_d_img_gds_x08960_y08960.png,0.2024,204.2,49.62,209.41,54.45
ch2_ohr_ncp_20190906T2241285714_d_img_gds_x08960_y100480.png,0.247,422.5,0.0,455.0,20.54
ch2_ohr_ncp_20190906T2241285714_d_img_gds_x08960_y100480.png,0.212,69.33,347.6,78.27,359.42
ch2_ohr_ncp_20190906T2241285714_d_img_gds_x08960_y100480.png,0.2089,569.86,123.03,577.44,131.69
ch2_ohr_ncp_20190906T2241285714_d_img_gds_x08960_y10240.png,0.4146,126.27,88.44,136.8,106.46
ch2_ohr_ncp_20190906T2241285714_d_img_gds_x08960_y10240.png,0.386,28.47,106.98,35.69,115.79
ch2_ohr_ncp_20190906T2241285714_d_img_gds_x08960_y10240.png,0.3018,133.57,46.52,139.15,52.59
ch2_ohr_ncp_20190906T2241285714_d_img_gds_x08960_y10240.png,0.3009,150.91,624.57,158.16,633.62
ch2_ohr_ncp_20190906T2241285714_d_img_gds_x08960_y10240.png,0.2522,59.88,491.43,65.32,500.05
ch2_ohr_ncp_20190906T2241285714_d_img_gds_x08960_y10240.png,0.2508,61.42,106.1,65.77,110.53
ch2_ohr_ncp_20190906T2241285714_d_img_gds_x08960_y10240.png,0.2304,143.48,100.84,148.16,106.5
ch2_ohr_ncp_20190906T2241285714_d_img_gds_x08960_y10240.png,0.2149,89.75,45.67,94.51,49.39
ch2_ohr_ncp_20190906T2241285714_d_img_gds_x08960_y10240.png,0.2135,89.79,206.38,94.07,210.87
ch2_ohr_ncp_20190906T2241285714_d_img_gds_x08960_y10240.png,0.2133,26.68,106.88,35.16,116.68
ch2_ohr_ncp_20190906T2241285714_d_img_gds_x08960_y10240.png,0.2069,90.03,598.95,94.45,604.41
ch2_ohr_ncp_20190906T2241285714_d_img_gds_x08960_y10240.png,0.2018,199.92,53.26,205.23,59.18
ch2_ohr_ncp_20190906T2241285714_d_img_gds_x08960_y25600.png,0.2999,3.41,411.78,12.1,421.58
ch2_ohr_ncp_20190906T2241285714_d_img_gds_x08960_y25600.png,0.2338,1.24,534.98,7.42,542.19
ch2_ohr_ncp_20190906T2241285714_d_img_gds_x08960_y54400.png,0.3332,554.75,427.53,560.23,433.6
ch2_ohr_ncp_20190906T2241285714_d_img_gds_x08960_y54400.png,0.2343,607.5,580.48,622.73,601.31
ch2_ohr_ncp_20190906T2241285714_d_img_gds_x09600_y92160.png,0.2421,545.5,222.29,552.21,228.87
ch2_ohr_ncp_20190906T2241285714_d_img_gds_x11520_y19200.png,0.2089,458.05,498.92,466.53,510.01
ch2_ohr_ncp_20190906T2241285714_d_img_gds_x11520_y20480.png,0.2031,469.71,524.11,478.92,532.83
ch2_ohr_ncp_20190906T2241285714_d_img_gds_x11520_y92160.png,0.228,185.98,431.64,243.87,539.46
ch2_ohr_ncp_20190907T0438126359_d_img_g26_x00000_y82560.png,0.2494,178.36,139.13,184.56,147.45
ch2_ohr_ncp_20190907T0438126359_d_img_g26_x00000_y93440.png,0.2833,12.42,188.13,32.71,223.52
ch2_ohr_ncp_20190907T0438126359_d_img_g26_x00000_y93440.png,0.2624,415.98,171.08,424.37,182.23
ch2_ohr_ncp_20190907T0438126359_d_img_g26_x00000_y93440.png,0.2066,395.69,77.01,402.46,85.66
ch2_ohr_ncp_20190907T0438126359_d_img_g26_x00640_y82560.png,0.218,522.29,170.84,536.75,203.68
ch2_ohr_ncp_20190907T0438126359_d_img_g26_x01280_y83200.png,0.2006,81.35,625.18,94.06,639.62
ch2_ohr_ncp_20190907T0438126359_d_img_g26_x01280_y93440.png,0.2715,442.84,130.59,454.1,151.12
ch2_ohr_ncp_20190907T0438126359_d_img_g26_x01920_y74240.png,0.2037,390.51,632.51,398.99,639.31
ch2_ohr_ncp_20190907T0438126359_d_img_g26_x01920_y80000.png,0.2389,252.61,103.75,259.37,111.06
ch2_ohr_ncp_20190907T0438126359_d_img_g26_x01920_y80000.png,0.2173,90.53,632.15,97.4,639.77
ch2_ohr_ncp_20190907T0438126359_d_img_g26_x01920_y87040.png,0.3738,551.47,435.82,559.05,447.95
ch2_ohr_ncp_20190907T0438126359_d_img_g26_x01920_y87040.png,0.3213,571.33,423.74,578.55,433.59
ch2_ohr_ncp_20190907T0438126359_d_img_g26_x01920_y87040.png,0.3072,6.08,549.52,11.44,555.53
ch2_ohr_ncp_20190907T0438126359_d_img_g26_x01920_y87040.png,0.2523,625.98,167.35,631.97,175.0
ch2_ohr_ncp_20190907T0438126359_d_img_g26_x01920_y87040.png,0.2475,455.68,269.63,463.36,278.32
ch2_ohr_ncp_20190907T0438126359_d_img_g26_x01920_y87040.png,0.2465,356.56,609.78,374.55,640.0
ch2_ohr_ncp_20190907T0438126359_d_img_g26_x01920_y87040.png,0.2256,36.14,487.96,46.91,510.07
ch2_ohr_ncp_20190907T0438126359_d_img_g26_x01920_y87040.png,0.2175,26.36,72.13,34.43,84.62
ch2_ohr_ncp_20190907T0438126359_d_img_g26_x01920_y87040.png,0.2166,33.02,487.26,47.9,519.41
ch2_ohr_ncp_20190907T0438126359_d_img_g26_x01920_y88320.png,0.3013,275.63,52.17,282.25,61.28
ch2_ohr_ncp_20190907T0438126359_d_img_g26_x01920_y88320.png,0.2046,230.22,390.91,238.98,400.15
ch2_ohr_ncp_20190907T0438126359_d_img_g26_x02560_y74880.png,0.2124,56.96,626.17,66.4,638.15
ch2_ohr_ncp_20190907T0438126359_d_img_g26_x02560_y76800.png,0.3523,617.47,630.9,624.93,639.18
ch2_ohr_ncp_20190907T0438126359_d_img_g26_x02560_y76800.png,0.2051,626.68,105.55,633.38,113.12
ch2_ohr_ncp_20190907T0438126359_d_img_g26_x02560_y83840.png,0.2756,372.36,616.91,384.82,639.97
ch2_ohr_ncp_20190907T0438126359_d_img_g26_x02560_y83840.png,0.2491,124.27,110.14,142.9,145.05
ch2_ohr_ncp_20190907T0438126359_d_img_g26_x02560_y89600.png,0.2308,187.15,494.92,193.13,502.47
ch2_ohr_ncp_20190907T0438126359_d_img_g26_x02560_y89600.png,0.2144,252.58,522.78,257.9,529.75
ch2_ohr_ncp_20190907T0438126359_d_img_g26_x02560_y89600.png,0.2131,515.19,622.17,519.63,628.41
ch2_ohr_ncp_20190907T0438126359_d_img_g26_x02560_y89600.png,0.2073,266.7,551.83,272.01,557.64
ch2_ohr_ncp_20190907T0438126359_d_img_g26_x02560_y89600.png,0.2068,129.22,521.13,136.65,529.7
ch2_ohr_ncp_20190907T0438126359_d_img_g26_x02560_y90880.png,0.2915,61.02,0.0,83.17,29.31
ch2_ohr_ncp_20190907T0438126359_d_img_g26_x03200_y24320.png,0.2668,275.27,0.0,315.73,29.21
ch2_ohr_ncp_20190907T0438126359_d_img_g26_x03200_y78720.png,0.3322,603.02,513.25,608.31,519.66
ch2_ohr_ncp_20190907T0438126359_d_img_g26_x03200_y78720.png,0.3238,472.34,619.61,482.33,633.98
ch2_ohr_ncp_20190907T0438126359_d_img_g26_x03200_y78720.png,0.2722,489.39,602.15,497.31,612.64
ch2_ohr_ncp_20190907T0438126359_d_img_g26_x03200_y78720.png,0.2305,387.72,606.17,396.62,619.07
ch2_ohr_ncp_20190907T0438126359_d_img_g26_x03200_y85760.png,0.203,419.36,632.56,426.6,639.98
ch2_ohr_ncp_20190907T0438126359_d_img_g26_x03200_y93440.png,0.3248,189.37,181.01,206.57,212.4
ch2_ohr_ncp_20190907T0438126359_d_img_g26_x03200_y93440.png,0.2845,79.74,58.57,87.52,68.07
ch2_ohr_ncp_20190907T0438126359_d_img_g26_x03200_y93440.png,0.2259,501.25,74.51,506.6,80.35
ch2_ohr_ncp_20190907T0438126359_d_img_g26_x03200_y93440.png,0.2252,466.69,181.59,473.81,192.44
ch2_ohr_ncp_20190907T0438126359_d_img_g26_x03840_y14080.png,0.2367,626.68,168.89,634.0,176.9
ch2_ohr_ncp_20190907T0438126359_d_img_g26_x03840_y84480.png,0.277,116.2,631.72,122.35,639.86
ch2_ohr_ncp_20190907T0438126359_d_img_g26_x03840_y84480.png,0.2004,348.15,347.47,364.83,366.92
ch2_ohr_ncp_20190907T0438126359_d_img_g26_x03840_y93440.png,0.2414,234.37,55.07,253.32,88.51
ch2_ohr_ncp_20190907T0438126359_d_img_g26_x04480_y23040.png,0.2055,249.35,633.03,255.37,638.89
ch2_ohr_ncp_20190907T0438126359_d_img_g26_x04480_y78080.png,0.2711,613.16,633.34,620.04,639.74
ch2_ohr_ncp_20190907T0438126359_d_img_g26_x04480_y81280.png,0.21,625.18,440.96,632.39,449.88
ch2_ohr_ncp_20190907T0438126359_d_img_g26_x04480_y83200.png,0.2118,379.11,625.33,386.34,633.83
ch2_ohr_ncp_20190907T0438126359_d_img_g26_x04480_y85760.png,0.2355,506.46,632.65,512.32,639.07
ch2_ohr_ncp_20190907T0438126359_d_img_g26_x04480_y93440.png,0.5247,176.67,222.53,191.04,238.51
ch2_ohr_ncp_20190907T0438126359_d_img_g26_x04480_y93440.png,0.3568,108.69,211.91,122.66,226.63
ch2_ohr_ncp_20190907T0438126359_d_img_g26_x04480_y93440.png,0.3422,394.05,13.53,406.77,34.93
ch2_ohr_ncp_20190907T0438126359_d_img_g26_x04480_y93440.png,0.3336,470.66,175.48,500.91,208.03
ch2_ohr_ncp_20190907T0438126359_d_img_g26_x04480_y93440.png,0.3002,173.52,217.06,189.7,240.56
ch2_ohr_ncp_20190907T0438126359_d_img_g26_x04480_y93440.png,0.2953,299.16,88.76,310.77,104.08
ch2_ohr_ncp_20190907T0438126359_d_img_g26_x04480_y93440.png,0.2829,73.91,213.13,80.36,220.75
ch2_ohr_ncp_20190907T0438126359_d_img_g26_x04480_y93440.png,0.2822,113.53,152.44,119.12,159.44
ch2_ohr_ncp_20190907T0438126359_d_img_g26_x04480_y93440.png,0.2629,387.71,52.33,392.76,58.86
ch2_ohr_ncp_20190907T0438126359_d_img_g26_x04480_y93440.png,0.2627,156.62,226.59,164.28,237.97
ch2_ohr_ncp_20190907T0438126359_d_img_g26_x04480_y93440.png,0.2318,592.5,95.67,610.04,117.53
ch2_ohr_ncp_20190907T0438126359_d_img_g26_x04480_y93440.png,0.2301,387.03,51.66,392.22,59.11
ch2_ohr_ncp_20190907T0438126359_d_img_g26_x04480_y93440.png,0.2194,494.09,132.7,500.93,142.36
ch2_ohr_ncp_20190907T0438126359_d_img_g26_x04480_y93440.png,0.2167,34.17,99.15,43.1,112.21
ch2_ohr_ncp_20190907T0438126359_d_img_g26_x04480_y93440.png,0.2083,445.56,54.28,450.84,59.94
ch2_ohr_ncp_20190907T0438126359_d_img_g26_x04480_y93440.png,0.204,445.89,53.62,451.45,59.33
ch2_ohr_ncp_20190907T0438126359_d_img_g26_x04480_y93440.png,0.2025,426.67,82.74,435.91,93.24
ch2_ohr_ncp_20190907T0438126359_d_img_g26_x04480_y93440.png,0.2005,1.53,194.86,6.73,200.84
ch2_ohr_ncp_20190907T0438126359_d_img_g26_x05120_y02560.png,0.2522,38.75,632.21,49.8,639.95
ch2_ohr_ncp_20190907T0438126359_d_img_g26_x05120_y09600.png,0.3509,467.15,633.06,475.14,640.0
ch2_ohr_ncp_20190907T0438126359_d_img_g26_x05120_y25600.png,0.2256,396.43,632.13,403.39,640.0
ch2_ohr_ncp_20190907T0438126359_d_img_g26_x05120_y26240.png,0.2968,614.01,47.03,624.96,62.24
ch2_ohr_ncp_20190907T0438126359_d_img_g26_x05120_y26240.png,0.2043,617.67,61.45,631.43,76.53
ch2_ohr_ncp_20190907T0438126359_d_img_g26_x05120_y81280.png,0.2165,459.56,627.36,464.42,633.55
ch2_ohr_ncp_20190907T0438126359_d_img_g26_x05120_y85760.png,0.21,285.66,607.94,304.16,637.16
ch2_ohr_ncp_20190907T0438126359_d_img_g26_x05120_y87040.png,0.2291,579.54,15.15,583.92,20.56
ch2_ohr_ncp_20190907T0438126359_d_img_g26_x05120_y87040.png,0.2231,50.7,524.74,56.76,531.84
ch2_ohr_ncp_20190907T0438126359_d_img_g26_x05120_y87040.png,0.2144,482.3,0.0,490.14,5.47
ch2_ohr_ncp_20190907T0438126359_d_img_g26_x05120_y87040.png,0.2093,445.06,48.65,449.63,54.19
ch2_ohr_ncp_20190907T0438126359_d_img_g26_x05120_y87040.png,0.2071,539.89,42.16,544.91,47.56
ch2_ohr_ncp_20190907T0438126359_d_img_g26_x05120_y93440.png,0.3263,33.31,79.14,44.26,95.83
ch2_ohr_ncp_20190907T0438126359_d_img_g26_x05120_y93440.png,0.3219,516.25,65.73,541.41,107.94
ch2_ohr_ncp_20190907T0438126359_d_img_g26_x05120_y93440.png,0.257,513.91,117.68,553.85,170.22
ch2_ohr_ncp_20190907T0438126359_d_img_g26_x05120_y93440.png,0.2295,418.7,101.07,432.57,119.95
ch2_ohr_ncp_20190907T0438126359_d_img_g26_x05120_y93440.png,0.2038,172.06,0.0,224.04,55.91
ch2_ohr_ncp_20190907T0438126359_d_img_g26_x05760_y79360.png,0.2163,0.0,0.45,18.66,21.57
ch2_ohr_ncp_20190907T0438126359_d_img_g26_x07040_y88960.png,0.2052,563.5,241.5,568.17,246.89
ch2_ohr_ncp_20190907T0438126359_d_img_g26_x07680_y93440.png,0.3127,170.38,0.0,186.31,10.24
ch2_ohr_ncp_20190907T0438126359_d_img_g26_x07680_y93440.png,0.2522,603.42,50.84,621.21,79.38
ch2_ohr_ncp_20190907T0438126359_d_img_g26_x07680_y93440.png,0.2162,69.27,200.6,82.94,222.88
ch2_ohr_ncp_20190907T0438126359_d_img_g26_x07680_y93440.png,0.2135,173.64,30.76,182.76,41.87
ch2_ohr_ncp_20190907T0438126359_d_img_g26_x08320_y08320.png,0.2375,522.37,484.78,529.0,490.83
ch2_ohr_ncp_20190907T0438126359_d_img_g26_x09600_y00640.png,0.2092,373.43,633.39,379.35,639.58
ch2_ohr_ncp_20190907T0438126359_d_img_g26_x09600_y05760.png,0.2546,140.23,40.22,144.63,45.78
ch2_ohr_ncp_20190907T0438126359_d_img_g26_x09600_y05760.png,0.2445,285.41,58.51,289.64,63.22
ch2_ohr_ncp_20190907T0438126359_d_img_g26_x09600_y05760.png,0.2165,8.47,100.64,15.34,109.79
ch2_ohr_ncp_20190907T0438126359_d_img_g26_x09600_y64640.png,0.2311,612.83,634.25,618.33,639.49
ch2_ohr_ncp_20190907T0438126359_d_img_g26_x09600_y64640.png,0.2012,299.92,113.94,306.24,121.55
ch2_ohr_ncp_20190907T0438126359_d_img_g26_x11520_y07040.png,0.2205,471.41,206.41,478.68,215.25
ch2_ohr_ncp_20190907T0438126359_d_img_g26_x11520_y19840.png,0.2317,467.61,622.34,476.6,634.55
ch2_ohr_ncp_20190907T0438126359_d_img_g26_x11520_y85120.png,0.2586,459.56,633.47,467.28,639.91
ch2_ohr_ncp_20240425T1012478407_d_img_d18_x00000_y00640.png,0.2071,524.26,43.27,529.63,48.82
ch2_ohr_ncp_20240425T1012478407_d_img_d18_x00000_y03200.png,0.2201,429.27,158.87,435.49,165.7
ch2_ohr_ncp_20240425T1012478407_d_img_d18_x00000_y29440.png,0.3149,301.94,11.52,313.54,24.27
ch2_ohr_ncp_20240425T1012478407_d_img_d18_x00000_y29440.png,0.2298,622.84,367.29,635.67,382.26
ch2_ohr_ncp_20240425T1012478407_d_img_d18_x00000_y35200.png,0.2172,396.11,425.52,410.98,448.01
ch2_ohr_ncp_20240425T1012478407_d_img_d18_x00000_y45440.png,0.2383,514.59,623.8,522.89,632.65
ch2_ohr_ncp_20240425T1012478407_d_img_d18_x00000_y45440.png,0.2056,584.31,126.69,595.47,140.25
ch2_ohr_ncp_20240425T1012478407_d_img_d18_x00000_y45440.png,0.2056,390.08,81.7,404.81,96.92
ch2_ohr_ncp_20240425T1012478407_d_img_d18_x00000_y46080.png,0.2285,243.49,0.0,274.06,27.53
ch2_ohr_ncp_20240425T1012478407_d_img_d18_x00000_y46080.png,0.2179,138.71,626.92,152.11,639.25
ch2_ohr_ncp_20240425T1012478407_d_img_d18_x00000_y59520.png,0.2643,628.06,103.34,639.29,118.58
ch2_ohr_ncp_20240425T1012478407_d_img_d18_x00000_y83840.png,0.2002,628.85,326.43,636.05,334.12
ch2_ohr_ncp_20240425T1012478407_d_img_d18_x00000_y91520.png,0.4368,122.48,140.65,131.87,148.81
ch2_ohr_ncp_20240425T1012478407_d_img_d18_x00000_y91520.png,0.4248,493.18,114.06,507.6,131.22
ch2_ohr_ncp_20240425T1012478407_d_img_d18_x00000_y91520.png,0.3847,119.42,158.02,125.9,165.46
ch2_ohr_ncp_20240425T1012478407_d_img_d18_x00000_y91520.png,0.261,138.02,123.1,145.4,129.7
ch2_ohr_ncp_20240425T1012478407_d_img_d18_x00000_y91520.png,0.2313,162.15,61.11,169.77,67.69
ch2_ohr_ncp_20240425T1012478407_d_img_d18_x00000_y91520.png,0.2283,129.2,98.93,137.02,108.56
ch2_ohr_ncp_20240425T1012478407_d_img_d18_x00000_y91520.png,0.2262,78.17,100.4,87.41,111.1
ch2_ohr_ncp_20240425T1012478407_d_img_d18_x00000_y91520.png,0.2249,172.87,0.5,179.11,4.42
ch2_ohr_ncp_20240425T1012478407_d_img_d18_x00640_y00640.png,0.2165,625.81,273.29,633.71,281.67
ch2_ohr_ncp_20240425T1012478407_d_img_d18_x00640_y01920.png,0.2177,332.63,296.2,346.84,315.88
ch2_ohr_ncp_20240425T1012478407_d_img_d18_x00640_y04480.png,0.2428,421.26,459.47,448.82,487.03
ch2_ohr_ncp_20240425T1012478407_d_img_d18_x00640_y05120.png,0.2189,591.04,632.81,599.43,639.76
ch2_ohr_ncp_20240425T1012478407_d_img_d18_x00640_y05120.png,0.207,416.14,625.94,423.65,633.32
ch2_ohr_ncp_20240425T1012478407_d_img_d18_x00640_y07040.png,0.267,435.04,0.21,447.74,11.73
ch2_ohr_ncp_20240425T1012478407_d_img_d18_x00640_y07040.png,0.2159,183.38,173.16,189.39,180.45
ch2_ohr_ncp_20240425T1012478407_d_img_d18_x00640_y21760.png,0.2126,421.84,165.6,426.77,172.69
ch2_ohr_ncp_20240425T1012478407_d_img_d18_x00640_y22400.png,0.2148,628.12,301.64,633.88,308.3
ch2_ohr_ncp_20240425T1012478407_d_img_d18_x00640_y23680.png,0.215,629.29,218.93,635.03,227.79
ch2_ohr_ncp_20240425T1012478407_d_img_d18_x00640_y28160.png,0.4433,366.11,31.13,374.14,39.7
ch2_ohr_ncp_20240425T1012478407_d_img_d18_x00640_y28160.png,0.2164,349.78,39.68,357.67,52.82
ch2_ohr_ncp_20240425T1012478407_d_img_d18_x00640_y28160.png,0.2147,386.24,41.01,390.78,46.81
ch2_ohr_ncp_20240425T1012478407_d_img_d18_x00640_y28800.png,0.245,116.03,631.39,121.37,639.25
ch2_ohr_ncp_20240425T1012478407_d_img_d18_x00640_y28800.png,0.2373,214.12,274.59,224.64,286.4
ch2_ohr_ncp_20240425T1012478407_d_img_d18_x00640_y28800.png,0.2322,359.44,332.36,366.83,340.52
ch2_ohr_ncp_20240425T1012478407_d_img_d18_x00640_y28800.png,0.2293,325.31,168.75,336.47,185.0
ch2_ohr_ncp_20240425T1012478407_d_img_d18_x00640_y28800.png,0.2274,230.89,396.46,253.41,418.53
ch2_ohr_ncp_20240425T1012478407_d_img_d18_x00640_y28800.png,0.2204,254.35,301.55,260.48,309.81
ch2_ohr_ncp_20240425T1012478407_d_img_d18_x00640_y28800.png,0.2014,468.81,581.87,474.14,587.97
ch2_ohr_ncp_20240425T1012478407_d_img_d18_x00640_y29440.png,0.3627,533.56,54.24,543.42,65.95
ch2_ohr_ncp_20240425T1012478407_d_img_d18_x00640_y29440.png,0.3319,634.08,395.81,639.03,401.11
ch2_ohr_ncp_20240425T1012478407_d_img_d18_x00640_y29440.png,0.289,420.88,224.4,433.36,240.62
ch2_ohr_ncp_20240425T1012478407_d_img_d18_x00640_y29440.png,0.2863,307.14,5.7,327.04,27.11
ch2_ohr_ncp_20240425T1012478407_d_img_d18_x00640_y29440.png,0.2524,246.58,276.42,252.13,284.0
ch2_ohr_ncp_20240425T1012478407_d_img_d18_x00640_y29440.png,0.2403,506.22,141.78,510.87,146.91
ch2_ohr_ncp_20240425T1012478407_d_img_d18_x00640_y29440.png,0.2258,416.25,518.15,422.66,524.58
ch2_ohr_ncp_20240425T1012478407_d_img_d18_x00640_y29440.png,0.2243,534.26,177.97,539.86,185.08
ch2_ohr_ncp_20240425T1012478407_d_img_d18_x00640_y29440.png,0.217,473.81,143.39,482.61,151.24
ch2_ohr_ncp_20240425T1012478407_d_img_d18_x00640_y29440.png,0.2117,505.87,142.52,510.42,147.67
ch2_ohr_ncp_20240425T1012478407_d_img_d18_x00640_y29440.png,0.2014,595.66,119.97,602.86,130.26
ch2_ohr_ncp_20240425T1012478407_d_img_d18_x00640_y29440.png,0.2001,546.55,63.61,554.67,71.95
ch2_ohr_ncp_20240425T1012478407_d_img_d18_x00640_y30080.png,0.2619,461.28,180.83,467.9,188.41
ch2_ohr_ncp_20240425T1012478407_d_img_d18_x00640_y30720.png,0.3413,118.18,332.86,130.42,346.07
ch2_ohr_ncp_20240425T1012478407_d_img_d18_x00640_y30720.png,0.2092,622.55,66.56,637.5,86.66
ch2_ohr_ncp_20240425T1012478407_d_img_d18_x00640_y31360.png,0.2121,369.38,320.91,379.49,332.23
ch2_ohr_ncp_20240425T1012478407_d_img_d18_x00640_y32640.png,0.2268,138.18,633.01,143.37,639.22
ch2_ohr_ncp_20240425T1012478407_d_img_d18_x00640_y33280.png,0.3182,286.76,629.18,296.87,638.93
ch2_ohr_ncp_20240425T1012478407_d_img_d18_x00640_y33280.png,0.3081,222.21,629.99,228.77,638.03
ch2_ohr_ncp_20240425T1012478407_d_img_d18_x00640_y33280.png,0.2911,348.31,52.65,356.33,61.35
ch2_ohr_ncp_20240425T1012478407_d_img_d18_x00640_y33280.png,0.2839,288.08,629.13,301.84,639.94
ch2_ohr_ncp_20240425T1012478407_d_img_d18_x00640_y33280.png,0.229,508.97,543.45,522.28,560.41
ch2_ohr_ncp_20240425T1012478407_d_img_d18_x00640_y33280.png,0.2042,340.92,42.58,350.09,52.9
ch2_ohr_ncp_20240425T1012478407_d_img_d18_x00640_y35840.png,0.3185,228.66,317.42,234.99,323.04
ch2_ohr_ncp_20240425T1012478407_d_img_d18_x00640_y35840.png,0.2523,441.36,0.02,469.9,24.15
ch2_ohr_ncp_20240425T1012478407_d_img_d18_x00640_y35840.png,0.2447,164.74,381.72,171.21,388.87
ch2_ohr_ncp_20240425T1012478407_d_img_d18_x00640_y35840.png,0.2396,251.05,340.58,257.6,348.55
ch2_ohr_ncp_20240425T1012478407_d_img_d18_x00640_y36480.png,0.2672,88.83,628.33,96.97,638.43
ch2_ohr_ncp_20240425T1012478407_d_img_d18_x00640_y37120.png,0.2072,138.75,190.34,155.38,212.97
ch2_ohr_ncp_20240425T1012478407_d_img_d18_x00640_y38400.png,0.3083,316.69,233.73,331.81,256.3
ch2_ohr_ncp_20240425T1012478407_d_img_d18_x00640_y38400.png,0.295,167.05,109.13,175.23,117.74
ch2_ohr_ncp_20240425T1012478407_d_img_d18_x00640_y38400.png,0.2286,427.06,106.76,441.8,133.28
ch2_ohr_ncp_20240425T1012478407_d_img_d18_x00640_y38400.png,0.2064,604.62,175.29,609.54,180.94
ch2_ohr_ncp_20240425T1012478407_d_img_d18_x00640_y38400.png,0.201,631.2,175.82,638.41,184.47
ch2_ohr_ncp_20240425T1012478407_d_img_d18_x00640_y39040.png,0.2491,539.91,632.18,544.96,639.4
ch2_ohr_ncp_20240425T1012478407_d_img_d18_x00640_y44160.png,0.3309,486.37,128.74,492.95,139.22
ch2_ohr_ncp_20240425T1012478407_d_img_d18_x00640_y44160.png,0.2729,484.78,129.34,492.18,139.69
ch2_ohr_ncp_20240425T1012478407_d_img_d18_x00640_y44160.png,0.2383,485.33,156.67,492.65,166.1
ch2_ohr_ncp_20240425T1012478407_d_img_d18_x00640_y44160.png,0.2249,356.7,268.8,363.53,276.73
ch2_ohr_ncp_20240425T1012478407_d_img_d18_x00640_y46720.png,0.3193,627.19,12.62,634.36,20.15
ch2_ohr_ncp_20240425T1012478407_d_img_d18_x00640_y46720.png,0.2006,528.61,22.32,538.02,31.66
ch2_ohr_ncp_20240425T1012478407_d_img_d18_x00640_y48640.png,0.2753,255.18,33.81,266.34,48.56
ch2_ohr_ncp_20240425T1012478407_d_img_d18_x00640_y48640.png,0.2729,280.54,625.73,287.46,635.22
ch2_ohr_ncp_20240425T1012478407_d_img_d18_x00640_y48640.png,0.2352,444.06,53.75,456.05,64.81
ch2_ohr_ncp_20240425T1012478407_d_img_d18_x00640_y53120.png,0.2426,143.22,624.45,154.03,638.84
ch2_ohr_ncp_20240425T1012478407_d_img_d18_x00640_y53760.png,0.3292,276.45,443.12,284.82,453.18
ch2_ohr_ncp_20240425T1012478407_d_img_d18_x00640_y54400.png,0.2374,67.18,632.42,73.05,639.6
ch2_ohr_ncp_20240425T1012478407_d_img_d18_x00640_y55680.png,0.3171,358.37,506.82,368.27,521.36
ch2_ohr_ncp_20240425T1012478407_d_img_d18_x00640_y60160.png,0.2676,630.49,10.92,638.98,22.57
ch2_ohr_ncp_20240425T1012478407_d_img_d18_x00640_y72960.png,0.2812,580.46,347.89,587.51,359.04
ch2_ohr_ncp_20240425T1012478407_d_img_d18_x00640_y72960.png,0.2401,566.22,240.65,577.4,257.1
ch2_ohr_ncp_20240425T1012478407_d_img_d18_x00640_y73600.png,0.3333,340.12,250.06,351.23,263.88
ch2_ohr_ncp_20240425T1012478407_d_img_d18_x00640_y73600.png,0.3332,350.12,368.8,357.76,377.42
ch2_ohr_ncp_20240425T1012478407_d_img_d18_x00640_y73600.png,0.3315,342.05,509.61,351.34,519.42
ch2_ohr_ncp_20240425T1012478407_d_img_d18_x00640_y73600.png,0.3268,590.27,155.6,607.43,178.09
ch2_ohr_ncp_20240425T1012478407_d_img_d18_x00640_y73600.png,0.3001,627.5,113.36,635.49,125.03
ch2_ohr_ncp_20240425T1012478407_d_img_d18_x00640_y73600.png,0.2938,461.92,142.38,471.4,153.97
ch2_ohr_ncp_20240425T1012478407_d_img_d18_x00640_y73600.png,0.2768,572.11,271.01,580.02,280.38
ch2_ohr_ncp_20240425T1012478407_d_img_d18_x00640_y73600.png,0.2665,550.67,249.71,560.52,260.77
ch2_ohr_ncp_20240425T1012478407_d_img_d18_x00640_y73600.png,0.2511,499.83,263.72,507.01,270.83
ch2_ohr_ncp_20240425T1012478407_d_img_d18_x00640_y73600.png,0.2509,324.68,616.22,334.32,625.92
ch2_ohr_ncp_20240425T1012478407_d_img_d18_x00640_y73600.png,0.2327,579.99,620.49,593.08,634.71
ch2_ohr_ncp_20240425T1012478407_d_img_d18_x00640_y73600.png,0.2083,493.35,241.5,500.4,248.57
ch2_ohr_ncp_20240425T1012478407_d_img_d18_x00640_y73600.png,0.2031,388.89,357.12,393.75,362.56
ch2_ohr_ncp_20240425T1012478407_d_img_d18_x00640_y78080.png,0.2056,620.98,65.88,626.55,72.13
ch2_ohr_ncp_20240425T1012478407_d_img_d18_x00640_y78720.png,0.4276,558.61,71.1,567.83,81.61
ch2_ohr_ncp_20240425T1012478407_d_img_d18_x00640_y79360.png,0.3171,200.8,515.33,211.1,524.73
ch2_ohr_ncp_20240425T1012478407_d_img_d18_x00640_y79360.png,0.2782,411.46,228.27,418.56,236.53
ch2_ohr_ncp_20240425T1012478407_d_img_d18_x00640_y79360.png,0.2476,428.24,485.46,443.14,501.39
ch2_ohr_ncp_20240425T1012478407_d_img_d18_x00640_y79360.png,0.2184,511.0,252.06,519.12,260.97
ch2_ohr_ncp_20240425T1012478407_d_img_d18_x00640_y79360.png,0.2183,397.7,624.84,404.88,637.9
ch2_ohr_ncp_20240425T1012478407_d_img_d18_x00640_y79360.png,0.2176,319.43,629.74,331.32,639.67
ch2_ohr_ncp_20240425T1012478407_d_img_d18_x00640_y79360.png,0.2169,380.47,392.44,386.13,398.57
ch2_ohr_ncp_20240425T1012478407_d_img_d18_x00640_y79360.png,0.2143,396.25,625.94,403.62,638.76
ch2_ohr_ncp_20240425T1012478407_d_img_d18_x00640_y79360.png,0.2048,421.64,476.16,427.71,484.07
ch2_ohr_ncp_20240425T1012478407_d_img_d18_x00640_y79360.png,0.2043,402.65,541.19,424.98,565.03
ch2_ohr_ncp_20240425T1012478407_d_img_d18_x00640_y79360.png,0.2042,431.18,626.61,441.24,639.2
ch2_ohr_ncp_20240425T1012478407_d_img_d18_x00640_y81280.png,0.2404,109.85,429.2,114.83,435.73
ch2_ohr_ncp_20240425T1012478407_d_img_d18_x00640_y82560.png,0.4092,435.68,628.48,443.99,637.7
ch2_ohr_ncp_20240425T1012478407_d_img_d18_x00640_y82560.png,0.3371,436.55,105.92,448.16,121.31
ch2_ohr_ncp_20240425T1012478407_d_img_d18_x00640_y82560.png,0.2711,453.21,634.06,459.48,639.58
ch2_ohr_ncp_20240425T1012478407_d_img_d18_x00640_y82560.png,0.2164,450.97,633.38,458.42,639.81
ch2_ohr_ncp_20240425T1012478407_d_img_d18_x00640_y84480.png,0.2649,622.94,237.12,631.48,247.19
ch2_ohr_ncp_20240425T1012478407_d_img_d18_x00640_y85120.png,0.2795,302.02,140.71,312.29,150.53
ch2_ohr_ncp_20240425T1012478407_d_img_d18_x00640_y85120.png,0.2701,275.82,583.45,283.25,592.14
ch2_ohr_ncp_20240425T1012478407_d_img_d18_x00640_y85120.png,0.2384,213.49,145.01,226.36,161.97
ch2_ohr_ncp_20240425T1012478407_d_img_d18_x00640_y85120.png,0.2089,427.44,631.41,432.85,638.52
ch2_ohr_ncp_20240425T1012478407_d_img_d18_x00640_y85120.png,0.207,69.2,126.81,75.21,134.97
ch2_ohr_ncp_20240425T1012478407_d_img_d18_x00640_y86400.png,0.5625,402.76,579.34,408.56,584.41
ch2_ohr_ncp_20240425T1012478407_d_img_d18_x00640_y86400.png,0.5252,375.12,612.14,385.06,624.01
ch2_ohr_ncp_20240425T1012478407_d_img_d18_x00640_y86400.png,0.3977,358.88,597.7,365.47,604.25
ch2_ohr_ncp_20240425T1012478407_d_img_d18_x00640_y86400.png,0.2143,303.81,610.25,308.69,615.03
ch2_ohr_ncp_20240425T1012478407_d_img_d18_x00640_y86400.png,0.212,375.97,611.25,387.34,623.57
ch2_ohr_ncp_20240425T1012478407_d_img_d18_x00640_y87040.png,0.2344,620.42,116.94,628.59,126.61
ch2_ohr_ncp_20240425T1012478407_d_img_d18_x00640_y87040.png,0.229,430.11,630.31,435.65,637.12
ch2_ohr_ncp_20240425T1012478407_d_img_d18_x00640_y87040.png,0.2193,402.94,41.02,409.52,48.88
ch2_ohr_ncp_20240425T1012478407_d_img_d18_x00640_y87040.png,0.2011,354.93,632.3,362.95,639.48
ch2_ohr_ncp_20240425T1012478407_d_img_d18_x00640_y87680.png,0.2595,29.76,632.37,35.56,638.58
ch2_ohr_ncp_20240425T1012478407_d_img_d18_x00640_y88960.png,0.2108,467.53,122.98,474.81,132.81
ch2_ohr_ncp_20240425T1012478407_d_img_d18_x00640_y90240.png,0.2958,119.48,246.99,125.26,254.05
ch2_ohr_ncp_20240425T1012478407_d_img_d18_x00640_y90240.png,0.2198,596.64,200.45,602.75,206.78
ch2_ohr_ncp_20240425T1012478407_d_img_d18_x00640_y90240.png,0.2151,118.96,110.12,123.87,115.2
ch2_ohr_ncp_20240425T1012478407_d_img_d18_x00640_y91520.png,0.2481,525.03,351.38,540.58,367.29
ch2_ohr_ncp_20240425T1012478407_d_img_d18_x00640_y91520.png,0.2352,461.07,134.43,473.33,145.72
ch2_ohr_ncp_20240425T1012478407_d_img_d18_x01280_y00000.png,0.2921,588.22,630.59,594.47,638.78
ch2_ohr_ncp_20240425T1012478407_d_img_d18_x01280_y00000.png,0.234,12.89,630.83,20.13,638.51
ch2_ohr_ncp_20240425T1012478407_d_img_d18_x01280_y00640.png,0.2219,404.97,207.85,419.11,226.7
ch2_ohr_ncp_20240425T1012478407_d_img_d18_x01280_y00640.png,0.2009,620.38,456.34,631.51,466.32
ch2_ohr_ncp_20240425T1012478407_d_img_d18_x01280_y01920.png,0.2221,214.94,276.72,225.09,289.67
ch2_ohr_ncp_20240425T1012478407_d_img_d18_x01280_y01920.png,0.2062,534.63,200.55,544.25,213.35
ch2_ohr_ncp_20240425T1012478407_d_img_d18_x01280_y03840.png,0.2149,456.11,258.85,461.99,267.57
ch2_ohr_ncp_20240425T1012478407_d_img_d18_x01280_y06400.png,0.2449,155.54,626.22,167.13,638.56
ch2_ohr_ncp_20240425T1012478407_d_img_d18_x01280_y09600.png,0.2419,44.31,630.94,52.51,639.49
ch2_ohr_ncp_20240425T1012478407_d_img_d18_x01280_y10880.png,0.2578,391.06,85.6,398.71,94.7
ch2_ohr_ncp_20240425T1012478407_d_img_d18_x01280_y11520.png,0.2244,428.15,208.44,432.88,213.36
ch2_ohr_ncp_20240425T1012478407_d_img_d18_x01280_y12800.png,0.2497,358.59,242.22,386.92,263.18
ch2_ohr_ncp_20240425T1012478407_d_img_d18_x01280_y22400.png,0.3152,374.46,110.77,381.98,123.36
ch2_ohr_ncp_20240425T1012478407_d_img_d18_x01280_y23680.png,0.2298,615.88,605.5,637.53,632.18
ch2_ohr_ncp_20240425T1012478407_d_img_d18_x01280_y23680.png,0.2244,140.38,620.58,146.35,628.64
ch2_ohr_ncp_20240425T1012478407_d_img_d18_x01280_y23680.png,0.2036,556.83,629.49,568.99,639.53
ch2_ohr_ncp_20240425T1012478407_d_img_d18_x01280_y26240.png,0.4723,271.94,220.94,279.88,230.09
ch2_ohr_ncp_20240425T1012478407_d_img_d18_x01280_y26240.png,0.4056,595.07,148.83,603.73,157.31
ch2_ohr_ncp_20240425T1012478407_d_img_d18_x01280_y26240.png,0.405,229.05,295.15,234.28,301.79
ch2_ohr_ncp_20240425T1012478407_d_img_d18_x01280_y26240.png,0.3648,530.13,172.79,538.77,183.15
ch2_ohr_ncp_20240425T1012478407_d_img_d18_x01280_y26240.png,0.3532,280.12,197.09,286.9,204.25
ch2_ohr_ncp_20240425T1012478407_d_img_d18_x01280_y26240.png,0.3492,551.24,212.56,577.01,249.51
ch2_ohr_ncp_20240425T1012478407_d_img_d18_x01280_y26240.png,0.348,219.15,171.49,225.74,178.29
ch2_ohr_ncp_20240425T1012478407_d_img_d18_x01280_y26240.png,0.3391,623.01,77.06,632.42,87.76
ch2_ohr_ncp_20240425T1012478407_d_img_d18_x01280_y26240.png,0.3352,444.44,46.01,448.98,51.95
ch2_ohr_ncp_20240425T1012478407_d_img_d18_x01280_y26240.png,0.3153,269.98,76.95,276.4,84.15
ch2_ohr_ncp_20240425T1012478407_d_img_d18_x01280_y26240.png,0.2916,231.74,275.14,242.59,287.05
ch2_ohr_ncp_20240425T1012478407_d_img_d18_x01280_y26240.png,0.2906,609.78,143.03,615.45,150.28
ch2_ohr_ncp_20240425T1012478407_d_img_d18_x01280_y26240.png,0.2784,172.16,210.85,178.54,220.28
ch2_ohr_ncp_20240425T1012478407_d_img_d18_x01280_y26240.png,0.2695,602.22,13.84,612.0,23.52
ch2_ohr_ncp_20240425T1012478407_d_img_d18_x01280_y26240.png,0.2676,615.96,0.82,639.39,31.15
ch2_ohr_ncp_20240425T1012478407_d_img_d18_x01280_y26240.png,0.2657,1.67,0.0,10.62,7.16
ch2_ohr_ncp_20240425T1012478407_d_img_d18_x01280_y26240.png,0.2625,209.35,104.03,216.18,112.3
ch2_ohr_ncp_20240425T1012478407_d_img_d18_x01280_y26240.png,0.2579,592.83,0.0,610.76,12.57
ch2_ohr_ncp_20240425T1012478407_d_img_d18_x01280_y26240.png,0.2526,347.74,168.94,353.11,175.48
ch2_ohr_ncp_20240425T1012478407_d_img_d18_x01280_y26240.png,0.2518,475.24,114.28,486.35,128.79
ch2_ohr_ncp_20240425T1012478407_d_img_d18_x01280_y26240.png,0.2498,227.22,107.28,256.73,141.14
ch2_ohr_ncp_20240425T1012478407_d_img_d18_x01280_y26240.png,0.2484,626.43,511.14,630.39,515.36
ch2_ohr_ncp_20240425T1012478407_d_img_d18_x01280_y26240.png,0.2475,531.5,99.93,537.78,107.19
ch2_ohr_ncp_20240425T1012478407_d_img_d18_x01280_y26240.png,0.2414,294.95,253.15,299.92,258.79
ch2_ohr_ncp_20240425T1012478407_d_img_d18_x01280_y26240.png,0.2365,586.9,0.0,609.46,11.31
ch2_ohr_ncp_20240425T1012478407_d_img_d18_x01280_y26240.png,0.2354,342.36,36.45,361.49,61.56
ch2_ohr_ncp_20240425T1012478407_d_img_d18_x01280_y26240.png,0.2354,563.83,534.47,569.77,540.96
ch2_ohr_ncp_20240425T1012478407_d_img_d18_x01280_y26240.png,0.235,593.0,124.14,601.65,133.59
ch2_ohr_ncp_20240425T1012478407_d_img_d18_x01280_y26240.png,0.2232,572.26,278.99,581.61,289.9
ch2_ohr_ncp_20240425T1012478407_d_img_d18_x01280_y26240.png,0.2213,368.93,226.98,376.37,233.16
ch2_ohr_ncp_20240425T1012478407_d_img_d18_x01280_y26240.png,0.2187,25.96,70.85,35.31,81.83
ch2_ohr_ncp_20240425T1012478407_d_img_d18_x01280_y26240.png,0.2179,386.88,181.98,392.75,188.31
ch2_ohr_ncp_20240425T1012478407_d_img_d18_x01280_y26240.png,0.2173,141.36,187.27,150.13,196.08
ch2_ohr_ncp_20240425T1012478407_d_img_d18_x01280_y26240.png,0.2156,538.48,466.31,545.3,472.83
ch2_ohr_ncp_20240425T1012478407_d_img_d18_x01280_y26240.png,0.21,294.49,632.39,301.54,639.28
ch2_ohr_ncp_20240425T1012478407_d_img_d18_x01280_y26240.png,0.2099,359.1,271.47,365.39,278.0
ch2_ohr_ncp_20240425T1012478407_d_img_d18_x01280_y26240.png,0.2093,153.52,112.58,159.24,118.32
ch2_ohr_ncp_20240425T1012478407_d_img_d18_x01280_y26240.png,0.2068,73.14,87.74,78.85,94.99
ch2_ohr_ncp_20240425T1012478407_d_img_d18_x01280_y26240.png,0.2053,455.05,174.77,465.72,189.02
ch2_ohr_ncp_20240425T1012478407_d_img_d18_x01280_y26240.png,0.2032,380.48,314.49,385.85,321.16
ch2_ohr_ncp_20240425T1012478407_d_img_d18_x01280_y26240.png,0.2026,631.64,388.38,637.82,394.31
ch2_ohr_ncp_20240425T1012478407_d_img_d18_x01280_y26240.png,0.2023,590.54,0.33,609.51,15.46
ch2_ohr_ncp_20240425T1012478407_d_img_d18_x01280_y26240.png,0.2015,536.53,468.32,545.01,475.37
ch2_ohr_ncp_20240425T1012478407_d_img_d18_x01280_y26240.png,0.2001,217.1,262.06,222.76,267.8
ch2_ohr_ncp_20240425T1012478407_d_img_d18_x01280_y26880.png,0.2268,5.43,534.61,10.23,542.75
ch2_ohr_ncp_20240425T1012478407_d_img_d18_x01280_y26880.png,0.2229,302.29,554.58,314.08,574.46
ch2_ohr_ncp_20240425T1012478407_d_img_d18_x01280_y26880.png,0.2151,45.06,541.77,51.86,549.27
ch2_ohr_ncp_20240425T1012478407_d_img_d18_x01280_y26880.png,0.2135,366.16,357.7,371.87,364.61
ch2_ohr_ncp_20240425T1012478407_d_img_d18_x01280_y26880.png,0.2088,504.26,533.36,510.8,541.25
ch2_ohr_ncp_20240425T1012478407_d_img_d18_x01280_y27520.png,0.3752,336.66,194.76,349.26,208.74
ch2_ohr_ncp_20240425T1012478407_d_img_d18_x01280_y27520.png,0.3226,463.61,171.68,468.89,179.98
ch2_ohr_ncp_20240425T1012478407_d_img_d18_x01280_y27520.png,0.2962,510.41,60.75,516.34,68.88
ch2_ohr_ncp_20240425T1012478407_d_img_d18_x01280_y27520.png,0.2583,473.62,626.62,481.04,635.26
ch2_ohr_ncp_20240425T1012478407_d_img_d18_x01280_y27520.png,0.2329,321.81,183.15,333.66,194.37
ch2_ohr_ncp_20240425T1012478407_d_img_d18_x01280_y27520.png,0.2317,317.41,586.44,324.33,593.4
ch2_ohr_ncp_20240425T1012478407_d_img_d18_x01280_y27520.png,0.2283,294.2,626.88,305.2,637.57
ch2_ohr_ncp_20240425T1012478407_d_img_d18_x01280_y27520.png,0.2233,45.22,213.57,50.96,221.45
ch2_ohr_ncp_20240425T1012478407_d_img_d18_x01280_y27520.png,0.2161,418.77,55.81,422.94,61.29
ch2_ohr_ncp_20240425T1012478407_d_img_d18_x01280_y27520.png,0.2101,435.72,64.7,440.75,70.53
ch2_ohr_ncp_20240425T1012478407_d_img_d18_x01280_y27520.png,0.2066,109.15,113.04,121.11,125.6
ch2_ohr_ncp_20240425T1012478407_d_img_d18_x01280_y27520.png,0.2011,116.76,75.39,126.14,87.76
ch2_ohr_ncp_20240425T1012478407_d_img_d18_x01280_y28160.png,0.2329,297.24,312.76,310.21,328.92
ch2_ohr_ncp_20240425T1012478407_d_img_d18_x01280_y28800.png,0.3345,571.78,631.87,579.51,639.83
ch2_ohr_ncp_20240425T1012478407_d_img_d18_x01280_y28800.png,0.2675,86.04,627.78,90.8,635.58
ch2_ohr_ncp_20240425T1012478407_d_img_d18_x01280_y28800.png,0.2231,626.08,30.93,633.07,39.8
ch2_ohr_ncp_20240425T1012478407_d_img_d18_x01280_y28800.png,0.2219,620.11,633.57,627.39,639.4
ch2_ohr_ncp_20240425T1012478407_d_img_d18_x01280_y29440.png,0.3698,455.49,167.74,461.83,174.11
ch2_ohr_ncp_20240425T1012478407_d_img_d18_x01280_y29440.png,0.3025,294.17,420.7,317.83,452.32
ch2_ohr_ncp_20240425T1012478407_d_img_d18_x01280_y29440.png,0.2822,310.08,167.39,321.69,179.74
ch2_ohr_ncp_20240425T1012478407_d_img_d18_x01280_y29440.png,0.2654,577.86,631.95,585.6,639.24
ch2_ohr_ncp_20240425T1012478407_d_img_d18_x01280_y29440.png,0.2118,82.49,444.4,90.05,452.37
ch2_ohr_ncp_20240425T1012478407_d_img_d18_x01280_y29440.png,0.2084,339.64,276.25,347.0,283.17
ch2_ohr_ncp_20240425T1012478407_d_img_d18_x01280_y30080.png,0.2919,53.33,554.85,59.01,562.96
ch2_ohr_ncp_20240425T1012478407_d_img_d18_x01280_y30080.png,0.2096,460.57,633.96,468.75,639.94
ch2_ohr_ncp_20240425T1012478407_d_img_d18_x01280_y30720.png,0.2393,587.92,631.06,592.62,637.08
ch2_ohr_ncp_20240425T1012478407_d_img_d18_x01280_y31360.png,0.2719,277.26,228.76,282.39,235.19
ch2_ohr_ncp_20240425T1012478407_d_img_d18_x01280_y31360.png,0.2039,134.52,427.43,142.58,436.37
ch2_ohr_ncp_20240425T1012478407_d_img_d18_x01280_y33280.png,0.3132,357.42,79.99,363.55,85.66
ch2_ohr_ncp_20240425T1012478407_d_img_d18_x01280_y33280.png,0.2834,230.34,365.35,240.24,376.98
ch2_ohr_ncp_20240425T1012478407_d_img_d18_x01280_y33280.png,0.2736,629.48,476.55,638.77,486.76
ch2_ohr_ncp_20240425T1012478407_d_img_d18_x01280_y33280.png,0.2603,591.35,52.54,599.5,62.26
ch2_ohr_ncp_20240425T1012478407_d_img_d18_x01280_y33280.png,0.2492,371.85,178.11,379.92,190.7
ch2_ohr_ncp_20240425T1012478407_d_img_d18_x01280_y33280.png,0.248,55.22,238.07,62.66,248.5
ch2_ohr_ncp_20240425T1012478407_d_img_d18_x01280_y33280.png,0.2476,39.79,236.77,49.8,245.53
ch2_ohr_ncp_20240425T1012478407_d_img_d18_x01280_y33280.png,0.2206,212.81,146.47,225.67,158.08
ch2_ohr_ncp_20240425T1012478407_d_img_d18_x01280_y33280.png,0.2192,24.56,53.22,34.79,63.97
ch2_ohr_ncp_20240425T1012478407_d_img_d18_x01280_y33280.png,0.2183,4.6,65.96,10.67,73.09
ch2_ohr_ncp_20240425T1012478407_d_img_d18_x01280_y33280.png,0.2177,256.12,383.4,260.69,388.2
ch2_ohr_ncp_20240425T1012478407_d_img_d18_x01280_y33280.png,0.2163,66.58,36.55,77.04,45.92
ch2_ohr_ncp_20240425T1012478407_d_img_d18_x01280_y33280.png,0.2158,402.68,629.2,410.93,638.79
ch2_ohr_ncp_20240425T1012478407_d_img_d18_x01280_y35200.png,0.2262,563.75,521.97,572.68,534.4
ch2_ohr_ncp_20240425T1012478407_d_img_d18_x01280_y35840.png,0.3144,442.03,405.85,457.6,431.04
ch2_ohr_ncp_20240425T1012478407_d_img_d18_x01280_y35840.png,0.3133,555.79,632.12,567.48,640.0
ch2_ohr_ncp_20240425T1012478407_d_img_d18_x01280_y35840.png,0.2466,628.62,317.12,637.38,326.65
ch2_ohr_ncp_20240425T1012478407_d_img_d18_x01280_y35840.png,0.2445,391.39,164.65,397.87,173.14
ch2_ohr_ncp_20240425T1012478407_d_img_d18_x01280_y35840.png,0.2416,527.5,626.08,547.2,639.59
ch2_ohr_ncp_20240425T1012478407_d_img_d18_x01280_y35840.png,0.2299,464.05,174.36,470.95,181.51
ch2_ohr_ncp_20240425T1012478407_d_img_d18_x01280_y35840.png,0.2251,619.42,409.43,631.27,426.4
ch2_ohr_ncp_20240425T1012478407_d_img_d18_x01280_y35840.png,0.223,286.96,618.91,310.37,639.46
ch2_ohr_ncp_20240425T1012478407_d_img_d18_x01280_y35840.png,0.2121,468.71,391.04,474.9,397.05
ch2_ohr_ncp_20240425T1012478407_d_img_d18_x01280_y35840.png,0.2107,35.93,207.49,42.7,215.24
ch2_ohr_ncp_20240425T1012478407_d_img_d18_x01280_y36480.png,0.3529,116.42,489.12,128.38,505.04
ch2_ohr_ncp_20240425T1012478407_d_img_d18_x01280_y36480.png,0.3138,626.91,246.5,633.63,254.87
ch2_ohr_ncp_20240425T1012478407_d_img_d18_x01280_y36480.png,0.2795,102.17,178.71,112.18,194.52
ch2_ohr_ncp_20240425T1012478407_d_img_d18_x01280_y36480.png,0.2478,150.9,75.2,158.76,85.07
ch2_ohr_ncp_20240425T1012478407_d_img_d18_x01280_y36480.png,0.2473,353.3,303.84,362.01,315.27
ch2_ohr_ncp_20240425T1012478407_d_img_d18_x01280_y36480.png,0.2331,207.43,401.19,218.12,414.19
ch2_ohr_ncp_20240425T1012478407_d_img_d18_x01280_y36480.png,0.2277,595.9,460.58,603.13,468.96
ch2_ohr_ncp_20240425T1012478407_d_img_d18_x01280_y36480.png,0.2236,209.09,524.97,215.68,532.7
ch2_ohr_ncp_20240425T1012478407_d_img_d18_x01280_y36480.png,0.2115,218.26,619.53,226.15,629.32
ch2_ohr_ncp_20240425T1012478407_d_img_d18_x01280_y36480.png,0.2055,376.52,480.73,385.19,494.81
ch2_ohr_ncp_20240425T1012478407_d_img_d18_x01280_y37120.png,0.2341,476.75,628.3,483.81,635.25
ch2_ohr_ncp_20240425T1012478407_d_img_d18_x01280_y37120.png,0.2261,502.19,157.64,525.68,183.82
ch2_ohr_ncp_20240425T1012478407_d_img_d18_x01280_y37120.png,0.2171,315.82,224.34,320.76,231.06
ch2_ohr_ncp_20240425T1012478407_d_img_d18_x01280_y42880.png,0.2174,334.82,204.08,344.7,220.07
ch2_ohr_ncp_20240425T1012478407_d_img_d18_x01280_y42880.png,0.2079,408.63,263.08,415.39,270.56
ch2_ohr_ncp_20240425T1012478407_d_img_d18_x01280_y43520.png,0.2346,198.5,451.55,207.31,461.17
ch2_ohr_ncp_20240425T1012478407_d_img_d18_x01280_y43520.png,0.2216,144.81,542.9,150.23,548.91
ch2_ohr_ncp_20240425T1012478407_d_img_d18_x01280_y43520.png,0.2134,362.14,357.93,397.49,405.44
ch2_ohr_ncp_20240425T1012478407_d_img_d18_x01280_y48000.png,0.2597,237.12,458.41,252.75,481.24
ch2_ohr_ncp_20240425T1012478407_d_img_d18_x01280_y48640.png,0.2257,510.49,120.79,517.74,132.27
ch2_ohr_ncp_20240425T1012478407_d_img_d18_x01280_y49280.png,0.278,284.31,625.75,291.06,633.84
ch2_ohr_ncp_20240425T1012478407_d_img_d18_x01280_y49280.png,0.2272,396.01,71.81,401.93,79.41
ch2_ohr_ncp_20240425T1012478407_d_img_d18_x01280_y51840.png,0.2656,632.86,402.57,639.31,410.04
ch2_ohr_ncp_20240425T1012478407_d_img_d18_x01280_y51840.png,0.2471,630.5,413.05,640.0,427.32
ch2_ohr_ncp_20240425T1012478407_d_img_d18_x01280_y52480.png,0.2805,406.58,241.61,417.6,258.65
ch2_ohr_ncp_20240425T1012478407_d_img_d18_x01280_y52480.png,0.2699,28.19,479.46,42.55,499.87
ch2_ohr_ncp_20240425T1012478407_d_img_d18_x01280_y52480.png,0.2644,255.47,87.45,261.52,94.17
ch2_ohr_ncp_20240425T1012478407_d_img_d18_x01280_y52480.png,0.2298,270.98,36.59,279.6,46.08
ch2_ohr_ncp_20240425T1012478407_d_img_d18_x01280_y52480.png,0.2101,542.2,293.25,554.83,315.7
ch2_ohr_ncp_20240425T1012478407_d_img_d18_x01280_y57600.png,0.2083,225.0,348.03,247.34,379.72
ch2_ohr_ncp_20240425T1012478407_d_img_d18_x01280_y58880.png,0.2252,418.52,348.66,424.48,356.61
ch2_ohr_ncp_20240425T1012478407_d_img_d18_x01280_y58880.png,0.205,150.25,347.07,160.23,360.71
ch2_ohr_ncp_20240425T1012478407_d_img_d18_x01280_y59520.png,0.2598,574.32,89.89,584.15,106.5
ch2_ohr_ncp_20240425T1012478407_d_img_d18_x01280_y59520.png,0.2046,527.62,307.5,536.2,317.24
ch2_ohr_ncp_20240425T1012478407_d_img_d18_x01280_y66560.png,0.4468,404.71,452.12,410.69,459.61
ch2_ohr_ncp_20240425T1012478407_d_img_d18_x01280_y66560.png,0.3296,517.26,494.28,526.12,504.67
ch2_ohr_ncp_20240425T1012478407_d_img_d18_x01280_y66560.png,0.2786,633.29,323.34,637.98,329.37
ch2_ohr_ncp_20240425T1012478407_d_img_d18_x01280_y66560.png,0.2722,405.25,630.23,409.82,635.99
ch2_ohr_ncp_20240425T1012478407_d_img_d18_x01280_y66560.png,0.2651,357.27,509.2,363.71,516.73
ch2_ohr_ncp_20240425T1012478407_d_img_d18_x01280_y66560.png,0.2403,563.28,222.13,569.1,229.93
ch2_ohr_ncp_20240425T1012478407_d_img_d18_x01280_y66560.png,0.2293,86.08,505.1,94.13,514.84
ch2_ohr_ncp_20240425T1012478407_d_img_d18_x01280_y66560.png,0.2281,471.37,429.93,478.06,436.56
ch2_ohr_ncp_20240425T1012478407_d_img_d18_x01280_y66560.png,0.2223,628.71,284.94,634.41,292.17
ch2_ohr_ncp_20240425T1012478407_d_img_d18_x01280_y70400.png,0.3179,54.29,620.48,69.07,639.37
ch2_ohr_ncp_20240425T1012478407_d_img_d18_x01280_y70400.png,0.2373,148.16,287.29,155.07,293.22
ch2_ohr_ncp_20240425T1012478407_d_img_d18_x01280_y70400.png,0.2257,219.2,409.58,233.76,426.81
ch2_ohr_ncp_20240425T1012478407_d_img_d18_x01280_y70400.png,0.2006,181.55,540.65,193.36,555.78
ch2_ohr_ncp_20240425T1012478407_d_img_d18_x01280_y72320.png,0.4775,543.03,364.09,550.55,374.17
ch2_ohr_ncp_20240425T1012478407_d_img_d18_x01280_y72320.png,0.3062,157.78,197.2,165.33,206.78
ch2_ohr_ncp_20240425T1012478407_d_img_d18_x01280_y72320.png,0.2993,573.74,196.7,578.47,202.1
ch2_ohr_ncp_20240425T1012478407_d_img_d18_x01280_y72320.png,0.294,439.42,501.64,444.83,507.66
ch2_ohr_ncp_20240425T1012478407_d_img_d18_x01280_y72320.png,0.2793,248.27,500.05,253.87,506.4
ch2_ohr_ncp_20240425T1012478407_d_img_d18_x01280_y72320.png,0.2774,438.89,519.45,444.8,525.71
ch2_ohr_ncp_20240425T1012478407_d_img_d18_x01280_y72320.png,0.2646,461.69,279.79,471.69,292.87
ch2_ohr_ncp_20240425T1012478407_d_img_d18_x01280_y72320.png,0.248,114.82,504.37,120.38,511.13
ch2_ohr_ncp_20240425T1012478407_d_img_d18_x01280_y72320.png,0.2477,191.17,459.45,197.23,466.77
ch2_ohr_ncp_20240425T1012478407_d_img_d18_x01280_y72320.png,0.2454,436.58,287.04,442.77,293.0
ch2_ohr_ncp_20240425T1012478407_d_img_d18_x01280_y72320.png,0.2412,539.39,264.92,545.13,271.16
ch2_ohr_ncp_20240425T1012478407_d_img_d18_x01280_y72320.png,0.2377,444.01,269.29,451.08,276.43
ch2_ohr_ncp_20240425T1012478407_d_img_d18_x01280_y72320.png,0.2246,566.03,566.89,571.64,573.4
ch2_ohr_ncp_20240425T1012478407_d_img_d18_x01280_y72320.png,0.2246,555.72,631.18,562.75,638.88
ch2_ohr_ncp_20240425T1012478407_d_img_d18_x01280_y72320.png,0.2211,543.12,543.07,552.26,552.28
ch2_ohr_ncp_20240425T1012478407_d_img_d18_x01280_y72320.png,0.2208,147.34,495.09,152.56,502.3
ch2_ohr_ncp_20240425T1012478407_d_img_d18_x01280_y72320.png,0.2202,567.03,534.29,572.09,539.38
ch2_ohr_ncp_20240425T1012478407_d_img_d18_x01280_y72320.png,0.2157,548.02,277.0,554.32,283.48
ch2_ohr_ncp_20240425T1012478407_d_img_d18_x01280_y72320.png,0.2069,244.81,236.37,252.17,245.45
ch2_ohr_ncp_20240425T1012478407_d_img_d18_x01280_y72320.png,0.2052,551.85,205.31,559.79,214.62
ch2_ohr_ncp_20240425T1012478407_d_img_d18_x01280_y74240.png,0.2267,529.92,619.86,563.55,640.0
ch2_ohr_ncp_20240425T1012478407_d_img_d18_x01280_y74240.png,0.2087,388.08,633.66,393.71,639.25
ch2_ohr_ncp_20240425T1012478407_d_img_d18_x01280_y76800.png,0.2927,68.89,152.42,80.93,169.98
ch2_ohr_ncp_20240425T1012478407_d_img_d18_x01280_y76800.png,0.278,115.87,363.24,133.06,387.21
ch2_ohr_ncp_20240425T1012478407_d_img_d18_x01280_y76800.png,0.2623,459.87,331.46,465.07,337.07
ch2_ohr_ncp_20240425T1012478407_d_img_d18_x01280_y76800.png,0.2289,189.33,181.68,194.87,188.45
ch2_ohr_ncp_20240425T1012478407_d_img_d18_x01280_y76800.png,0.2223,359.0,626.4,365.02,633.39
ch2_ohr_ncp_20240425T1012478407_d_img_d18_x01280_y76800.png,0.205,247.14,326.15,256.14,336.59
ch2_ohr_ncp_20240425T1012478407_d_img_d18_x01280_y78720.png,0.3332,407.41,629.83,416.07,639.31
ch2_ohr_ncp_20240425T1012478407_d_img_d18_x01280_y78720.png,0.3109,325.85,475.17,339.16,492.83
ch2_ohr_ncp_20240425T1012478407_d_img_d18_x01280_y78720.png,0.2952,387.42,450.3,395.42,457.74
ch2_ohr_ncp_20240425T1012478407_d_img_d18_x01280_y78720.png,0.2019,30.07,358.6,39.16,367.72
ch2_ohr_ncp_20240425T1012478407_d_img_d18_x01280_y79360.png,0.3403,150.75,352.8,160.2,367.09
ch2_ohr_ncp_20240425T1012478407_d_img_d18_x01280_y79360.png,0.2642,292.27,82.71,303.14,94.76
ch2_ohr_ncp_20240425T1012478407_d_img_d18_x01280_y79360.png,0.2572,622.84,16.69,632.59,30.01
ch2_ohr_ncp_20240425T1012478407_d_img_d18_x01280_y80000.png,0.3333,507.24,306.12,517.92,318.96
ch2_ohr_ncp_20240425T1012478407_d_img_d18_x01280_y80000.png,0.2454,556.47,190.75,562.94,196.98
ch2_ohr_ncp_20240425T1012478407_d_img_d18_x01280_y80000.png,0.2448,85.44,29.32,95.79,43.7
ch2_ohr_ncp_20240425T1012478407_d_img_d18_x01280_y80000.png,0.2418,493.6,158.88,506.36,172.91
ch2_ohr_ncp_20240425T1012478407_d_img_d18_x01280_y80000.png,0.233,494.43,152.63,504.35,162.01
ch2_ohr_ncp_20240425T1012478407_d_img_d18_x01280_y80000.png,0.2228,38.97,13.46,48.06,25.59
ch2_ohr_ncp_20240425T1012478407_d_img_d18_x01280_y80000.png,0.21,556.21,100.97,561.6,107.2
ch2_ohr_ncp_20240425T1012478407_d_img_d18_x01280_y81920.png,0.3509,125.03,0.0,151.84,30.6
ch2_ohr_ncp_20240425T1012478407_d_img_d18_x01280_y81920.png,0.236,627.4,67.34,633.15,75.7
ch2_ohr_ncp_20240425T1012478407_d_img_d18_x01280_y84480.png,0.4579,494.32,604.99,504.09,615.85
ch2_ohr_ncp_20240425T1012478407_d_img_d18_x01280_y84480.png,0.4094,420.75,620.33,430.0,629.44
ch2_ohr_ncp_20240425T1012478407_d_img_d18_x01280_y84480.png,0.3623,426.2,605.39,435.12,614.38
ch2_ohr_ncp_20240425T1012478407_d_img_d18_x01280_y84480.png,0.3568,517.01,480.76,529.07,496.71
ch2_ohr_ncp_20240425T1012478407_d_img_d18_x01280_y84480.png,0.3489,563.48,632.49,569.42,638.89
ch2_ohr_ncp_20240425T1012478407_d_img_d18_x01280_y84480.png,0.3403,455.1,604.47,466.44,619.2
ch2_ohr_ncp_20240425T1012478407_d_img_d18_x01280_y84480.png,0.2696,186.49,628.77,191.96,635.07
ch2_ohr_ncp_20240425T1012478407_d_img_d18_x01280_y84480.png,0.2682,276.74,564.79,283.81,571.92
ch2_ohr_ncp_20240425T1012478407_d_img_d18_x01280_y84480.png,0.2662,364.54,524.64,369.83,530.95
ch2_ohr_ncp_20240425T1012478407_d_img_d18_x01280_y84480.png,0.2612,66.76,633.23,71.98,638.76
ch2_ohr_ncp_20240425T1012478407_d_img_d18_x01280_y84480.png,0.2562,76.43,351.48,81.74,356.13
ch2_ohr_ncp_20240425T1012478407_d_img_d18_x01280_y84480.png,0.2473,276.11,271.0,283.89,278.27
ch2_ohr_ncp_20240425T1012478407_d_img_d18_x01280_y84480.png,0.2152,500.66,429.36,506.2,434.95
ch2_ohr_ncp_20240425T1012478407_d_img_d18_x01280_y84480.png,0.2052,389.45,613.02,404.89,631.22
ch2_ohr_ncp_20240425T1012478407_d_img_d18_x01280_y84480.png,0.2006,461.06,469.71,473.93,486.24
ch2_ohr_ncp_20240425T1012478407_d_img_d18_x01280_y85120.png,0.3756,339.11,450.07,345.4,459.02
ch2_ohr_ncp_20240425T1012478407_d_img_d18_x01280_y85120.png,0.3357,611.24,76.37,622.34,91.86
ch2_ohr_ncp_20240425T1012478407_d_img_d18_x01280_y85120.png,0.3052,266.79,42.18,272.03,47.75
ch2_ohr_ncp_20240425T1012478407_d_img_d18_x01280_y85120.png,0.3028,285.27,23.03,303.26,42.03
ch2_ohr_ncp_20240425T1012478407_d_img_d18_x01280_y85120.png,0.2972,115.81,5.95,124.18,15.14
ch2_ohr_ncp_20240425T1012478407_d_img_d18_x01280_y85120.png,0.261,595.72,420.23,601.94,428.74
ch2_ohr_ncp_20240425T1012478407_d_img_d18_x01280_y85120.png,0.2414,629.92,299.15,635.66,306.93
ch2_ohr_ncp_20240425T1012478407_d_img_d18_x01280_y85120.png,0.2204,596.46,208.46,608.71,225.31
ch2_ohr_ncp_20240425T1012478407_d_img_d18_x01280_y85120.png,0.2163,307.97,393.62,314.94,401.82
ch2_ohr_ncp_20240425T1012478407_d_img_d18_x01280_y85760.png,0.2714,285.96,124.92,295.68,135.18
ch2_ohr_ncp_20240425T1012478407_d_img_d18_x01280_y86400.png,0.5009,206.14,3.82,212.28,11.62
ch2_ohr_ncp_20240425T1012478407_d_img_d18_x01280_y86400.png,0.4887,433.05,542.3,441.41,552.35
ch2_ohr_ncp_20240425T1012478407_d_img_d18_x01280_y86400.png,0.38,594.15,171.49,599.86,177.02
ch2_ohr_ncp_20240425T1012478407_d_img_d18_x01280_y86400.png,0.3508,556.63,199.11,561.88,205.6
ch2_ohr_ncp_20240425T1012478407_d_img_d18_x01280_y86400.png,0.3337,572.19,407.36,580.5,418.57
ch2_ohr_ncp_20240425T1012478407_d_img_d18_x01280_y86400.png,0.3238,580.77,258.29,586.64,265.25
ch2_ohr_ncp_20240425T1012478407_d_img_d18_x01280_y86400.png,0.3152,581.86,228.63,591.1,238.55
ch2_ohr_ncp_20240425T1012478407_d_img_d18_x01280_y86400.png,0.287,276.4,544.88,282.99,553.0
ch2_ohr_ncp_20240425T1012478407_d_img_d18_x01280_y86400.png,0.2697,30.08,592.43,35.14,597.47
ch2_ohr_ncp_20240425T1012478407_d_img_d18_x01280_y86400.png,0.2679,573.2,254.49,578.84,260.3
ch2_ohr_ncp_20240425T1012478407_d_img_d18_x01280_y86400.png,0.2631,557.94,169.95,571.47,187.11
ch2_ohr_ncp_20240425T1012478407_d_img_d18_x01280_y86400.png,0.2546,613.54,355.61,620.25,362.52
ch2_ohr_ncp_20240425T1012478407_d_img_d18_x01280_y86400.png,0.2514,570.0,353.27,575.85,358.96
ch2_ohr_ncp_20240425T1012478407_d_img_d18_x01280_y86400.png,0.2474,581.32,94.14,588.89,101.26
ch2_ohr_ncp_20240425T1012478407_d_img_d18_x01280_y86400.png,0.2339,557.37,171.54,572.47,191.47
ch2_ohr_ncp_20240425T1012478407_d_img_d18_x01280_y87040.png,0.3126,445.83,368.49,453.08,376.36
ch2_ohr_ncp_20240425T1012478407_d_img_d18_x01280_y87040.png,0.256,497.94,610.98,520.45,637.02
ch2_ohr_ncp_20240425T1012478407_d_img_d18_x01280_y87040.png,0.236,404.87,291.06,420.52,308.75
ch2_ohr_ncp_20240425T1012478407_d_img_d18_x01280_y87040.png,0.2252,380.88,612.66,387.15,617.2
ch2_ohr_ncp_20240425T1012478407_d_img_d18_x01280_y87040.png,0.2251,375.91,598.96,380.84,604.42
ch2_ohr_ncp_20240425T1012478407_d_img_d18_x01280_y87040.png,0.2184,304.85,490.44,311.79,497.59
ch2_ohr_ncp_20240425T1012478407_d_img_d18_x01280_y87040.png,0.2019,373.14,488.38,377.5,493.43
ch2_ohr_ncp_20240425T1012478407_d_img_d18_x01280_y88960.png,0.3223,244.65,165.31,251.09,173.26
ch2_ohr_ncp_20240425T1012478407_d_img_d18_x01280_y88960.png,0.2691,69.32,50.86,75.04,55.85
ch2_ohr_ncp_20240425T1012478407_d_img_d18_x01280_y88960.png,0.2676,28.6,78.82,33.89,83.99
ch2_ohr_ncp_20240425T1012478407_d_img_d18_x01280_y88960.png,0.2666,551.79,103.17,558.5,109.26
ch2_ohr_ncp_20240425T1012478407_d_img_d18_x01280_y88960.png,0.2465,629.61,390.68,635.31,396.23
ch2_ohr_ncp_20240425T1012478407_d_img_d18_x01280_y90240.png,0.2859,365.42,629.23,370.81,635.82
ch2_ohr_ncp_20240425T1012478407_d_img_d18_x01280_y90880.png,0.2302,195.87,334.68,202.56,342.85
ch2_ohr_ncp_20240425T1012478407_d_img_d18_x01280_y90880.png,0.2194,230.8,111.93,237.85,120.02
ch2_ohr_ncp_20240425T1012478407_d_img_d18_x01280_y90880.png,0.217,403.0,630.95,410.76,638.74
ch2_ohr_ncp_20240425T1012478407_d_img_d18_x01280_y91520.png,0.5819,368.2,215.51,383.92,238.01
ch2_ohr_ncp_20240425T1012478407_d_img_d18_x01280_y91520.png,0.4204,268.47,296.96,282.14,317.94
ch2_ohr_ncp_20240425T1012478407_d_img_d18_x01280_y91520.png,0.3635,415.55,346.85,423.2,354.7
ch2_ohr_ncp_20240425T1012478407_d_img_d18_x01280_y91520.png,0.3572,72.52,238.35,83.07,247.51
ch2_ohr_ncp_20240425T1012478407_d_img_d18_x01280_y91520.png,0.3204,364.33,0.0,394.79,28.13
ch2_ohr_ncp_20240425T1012478407_d_img_d18_x01280_y91520.png,0.2999,102.06,159.8,111.97,173.54
ch2_ohr_ncp_20240425T1012478407_d_img_d18_x01280_y91520.png,0.287,272.91,336.02,286.05,349.39
ch2_ohr_ncp_20240425T1012478407_d_img_d18_x01280_y91520.png,0.2753,41.38,227.72,57.88,242.71
ch2_ohr_ncp_20240425T1012478407_d_img_d18_x01280_y91520.png,0.2664,514.61,360.99,521.82,368.24
ch2_ohr_ncp_20240425T1012478407_d_img_d18_x01280_y91520.png,0.262,135.46,318.19,142.02,327.65
ch2_ohr_ncp_20240425T1012478407_d_img_d18_x01280_y91520.png,0.2454,386.89,336.25,396.3,346.11
ch2_ohr_ncp_20240425T1012478407_d_img_d18_x01280_y91520.png,0.2438,26.52,62.31,41.38,83.14
ch2_ohr_ncp_20240425T1012478407_d_img_d18_x01280_y91520.png,0.2427,112.25,248.52,119.17,255.33
ch2_ohr_ncp_20240425T1012478407_d_img_d18_x01280_y91520.png,0.2381,417.46,344.31,424.3,353.82
ch2_ohr_ncp_20240425T1012478407_d_img_d18_x01280_y91520.png,0.2322,373.02,0.0,393.15,12.94
ch2_ohr_ncp_20240425T1012478407_d_img_d18_x01280_y91520.png,0.2274,520.61,268.94,532.72,284.32
ch2_ohr_ncp_20240425T1012478407_d_img_d18_x01280_y91520.png,0.2177,375.46,107.62,380.53,113.49
ch2_ohr_ncp_20240425T1012478407_d_img_d18_x01280_y91520.png,0.2108,606.34,167.56,616.3,176.86
ch2_ohr_ncp_20240425T1012478407_d_img_d18_x01280_y91520.png,0.2099,407.38,339.8,413.16,347.52
ch2_ohr_ncp_20240425T1012478407_d_img_d18_x01280_y91520.png,0.2039,49.52,187.68,54.79,192.89
ch2_ohr_ncp_20240425T1012478407_d_img_d18_x01280_y91520.png,0.2019,340.23,247.82,346.94,255.55
ch2_ohr_ncp_20240425T1012478407_d_img_d18_x01920_y00000.png,0.2678,589.94,101.6,595.87,108.46
ch2_ohr_ncp_20240425T1012478407_d_img_d18_x01920_y00000.png,0.2641,48.45,541.93,55.55,549.46
ch2_ohr_ncp_20240425T1012478407_d_img_d18_x01920_y00000.png,0.2393,405.06,460.31,412.3,468.98
ch2_ohr_ncp_20240425T1012478407_d_img_d18_x01920_y00000.png,0.2333,628.59,261.44,635.07,268.3
ch2_ohr_ncp_20240425T1012478407_d_img_d18_x01920_y00000.png,0.2288,195.9,119.69,212.78,140.44
ch2_ohr_ncp_20240425T1012478407_d_img_d18_x01920_y01280.png,0.2192,277.06,634.41,282.17,638.81
ch2_ohr_ncp_20240425T1012478407_d_img_d18_x01920_y02560.png,0.2557,264.32,628.24,273.89,639.17
ch2_ohr_ncp_20240425T1012478407_d_img_d18_x01920_y05120.png,0.3679,605.97,178.17,615.32,189.73
ch2_ohr_ncp_20240425T1012478407_d_img_d18_x01920_y05120.png,0.3517,125.92,630.05,139.18,639.19
ch2_ohr_ncp_20240425T1012478407_d_img_d18_x01920_y05120.png,0.3231,79.94,627.92,90.96,637.34
ch2_ohr_ncp_20240425T1012478407_d_img_d18_x01920_y05120.png,0.2841,346.14,557.91,361.97,574.71
ch2_ohr_ncp_20240425T1012478407_d_img_d18_x01920_y05120.png,0.2546,429.23,254.16,443.95,273.21
ch2_ohr_ncp_20240425T1012478407_d_img_d18_x01920_y05120.png,0.2488,213.88,428.61,230.13,442.17
ch2_ohr_ncp_20240425T1012478407_d_img_d18_x01920_y05120.png,0.2332,294.52,309.07,304.4,318.77
ch2_ohr_ncp_20240425T1012478407_d_img_d18_x01920_y05120.png,0.223,507.49,443.64,514.62,454.64
ch2_ohr_ncp_20240425T1012478407_d_img_d18_x01920_y05120.png,0.2158,496.57,116.12,517.36,138.8
ch2_ohr_ncp_20240425T1012478407_d_img_d18_x01920_y05120.png,0.2109,303.23,175.48,309.3,182.69
ch2_ohr_ncp_20240425T1012478407_d_img_d18_x01920_y05120.png,0.2049,145.45,619.85,156.88,635.12
ch2_ohr_ncp_20240425T1012478407_d_img_d18_x01920_y05120.png,0.2028,114.28,632.37,123.09,639.17
ch2_ohr_ncp_20240425T1012478407_d_img_d18_x01920_y07040.png,0.3069,581.02,620.58,588.74,629.41
ch2_ohr_ncp_20240425T1012478407_d_img_d18_x01920_y07680.png,0.2462,164.29,630.25,169.85,637.08
ch2_ohr_ncp_20240425T1012478407_d_img_d18_x01920_y09600.png,0.2034,131.77,462.02,150.6,485.18
ch2_ohr_ncp_20240425T1012478407_d_img_d18_x01920_y10240.png,0.2088,105.65,629.38,113.27,639.49
ch2_ohr_ncp_20240425T1012478407_d_img_d18_x01920_y12160.png,0.2662,627.89,431.4,632.99,437.93
ch2_ohr_ncp_20240425T1012478407_d_img_d18_x01920_y12800.png,0.2433,61.01,236.66,66.87,243.91
ch2_ohr_ncp_20240425T1012478407_d_img_d18_x01920_y14080.png,0.2501,237.62,93.41,246.32,102.66
ch2_ohr_ncp_20240425T1012478407_d_img_d18_x01920_y14080.png,0.227,626.17,105.36,635.39,116.25
ch2_ohr_ncp_20240425T1012478407_d_img_d18_x01920_y19840.png,0.4185,216.07,396.63,222.2,404.32
ch2_ohr_ncp_20240425T1012478407_d_img_d18_x01920_y19840.png,0.3711,97.7,595.57,105.39,605.4
ch2_ohr_ncp_20240425T1012478407_d_img_d18_x01920_y19840.png,0.3542,478.14,564.39,483.11,569.85
ch2_ohr_ncp_20240425T1012478407_d_img_d18_x01920_y19840.png,0.3502,143.04,471.11,150.89,480.95
ch2_ohr_ncp_20240425T1012478407_d_img_d18_x01920_y19840.png,0.3258,86.62,129.96,91.44,135.81
ch2_ohr_ncp_20240425T1012478407_d_img_d18_x01920_y19840.png,0.3066,166.99,466.99,174.69,475.59
ch2_ohr_ncp_20240425T1012478407_d_img_d18_x01920_y19840.png,0.2989,99.71,110.96,105.64,117.78
ch2_ohr_ncp_20240425T1012478407_d_img_d18_x01920_y19840.png,0.2953,597.73,394.94,611.3,411.05
ch2_ohr_ncp_20240425T1012478407_d_img_d18_x01920_y19840.png,0.2902,460.02,351.34,465.65,357.82
ch2_ohr_ncp_20240425T1012478407_d_img_d18_x01920_y19840.png,0.284,318.02,517.73,328.13,529.59
ch2_ohr_ncp_20240425T1012478407_d_img_d18_x01920_y19840.png,0.2826,365.24,538.92,371.23,547.24
ch2_ohr_ncp_20240425T1012478407_d_img_d18_x01920_y19840.png,0.2792,137.07,540.73,142.17,545.15
ch2_ohr_ncp_20240425T1012478407_d_img_d18_x01920_y19840.png,0.2781,150.24,533.4,155.77,539.09
ch2_ohr_ncp_20240425T1012478407_d_img_d18_x01920_y19840.png,0.2778,599.15,391.28,610.87,408.8
ch2_ohr_ncp_20240425T1012478407_d_img_d18_x01920_y19840.png,0.2761,565.51,204.78,572.79,213.86
ch2_ohr_ncp_20240425T1012478407_d_img_d18_x01920_y19840.png,0.2744,611.12,428.25,617.61,437.5
ch2_ohr_ncp_20240425T1012478407_d_img_d18_x01920_y19840.png,0.2723,85.08,159.31,89.42,164.33
ch2_ohr_ncp_20240425T1012478407_d_img_d18_x01920_y19840.png,0.2668,524.7,191.22,530.81,196.75
ch2_ohr_ncp_20240425T1012478407_d_img_d18_x01920_y19840.png,0.2645,407.13,581.89,412.16,586.84
ch2_ohr_ncp_20240425T1012478407_d_img_d18_x01920_y19840.png,0.2641,35.55,522.99,41.15,530.84
ch2_ohr_ncp_20240425T1012478407_d_img_d18_x01920_y19840.png,0.2617,281.26,319.38,287.83,326.9
ch2_ohr_ncp_20240425T1012478407_d_img_d18_x01920_y19840.png,0.2593,630.4,383.14,638.77,393.95
ch2_ohr_ncp_20240425T1012478407_d_img_d18_x01920_y19840.png,0.2559,627.12,447.81,636.2,458.51
ch2_ohr_ncp_20240425T1012478407_d_img_d18_x01920_y19840.png,0.2553,583.37,280.76,587.91,286.39
ch2_ohr_ncp_20240425T1012478407_d_img_d18_x01920_y19840.png,0.2528,516.43,633.37,521.53,638.52
ch2_ohr_ncp_20240425T1012478407_d_img_d18_x01920_y19840.png,0.2496,185.03,347.73,189.96,354.22
ch2_ohr_ncp_20240425T1012478407_d_img_d18_x01920_y19840.png,0.2491,187.88,332.87,194.69,338.75
ch2_ohr_ncp_20240425T1012478407_d_img_d18_x01920_y19840.png,0.2433,631.5,612.78,638.88,622.99
ch2_ohr_ncp_20240425T1012478407_d_img_d18_x01920_y19840.png,0.2431,70.02,63.74,74.95,68.29
ch2_ohr_ncp_20240425T1012478407_d_img_d18_x01920_y19840.png,0.2424,136.36,95.16,141.65,100.54
ch2_ohr_ncp_20240425T1012478407_d_img_d18_x01920_y19840.png,0.2383,162.92,597.29,169.18,604.52
ch2_ohr_ncp_20240425T1012478407_d_img_d18_x01920_y19840.png,0.2365,172.51,445.78,176.78,450.07
ch2_ohr_ncp_20240425T1012478407_d_img_d18_x01920_y19840.png,0.2359,99.28,538.22,105.53,544.57
ch2_ohr_ncp_20240425T1012478407_d_img_d18_x01920_y19840.png,0.2347,309.42,476.78,317.45,486.03
ch2_ohr_ncp_20240425T1012478407_d_img_d18_x01920_y19840.png,0.2344,435.68,367.09,441.99,376.3
ch2_ohr_ncp_20240425T1012478407_d_img_d18_x01920_y19840.png,0.2335,329.01,348.37,334.65,355.57
ch2_ohr_ncp_20240425T1012478407_d_img_d18_x01920_y19840.png,0.2319,297.45,343.96,301.67,348.63
ch2_ohr_ncp_20240425T1012478407_d_img_d18_x01920_y19840.png,0.2275,390.46,357.4,397.39,363.58
ch2_ohr_ncp_20240425T1012478407_d_img_d18_x01920_y19840.png,0.2274,213.02,632.47,217.52,638.2
ch2_ohr_ncp_20240425T1012478407_d_img_d18_x01920_y19840.png,0.2257,429.8,590.58,440.74,603.52
ch2_ohr_ncp_20240425T1012478407_d_img_d18_x01920_y19840.png,0.2236,230.62,370.28,235.6,375.21
ch2_ohr_ncp_20240425T1012478407_d_img_d18_x01920_y19840.png,0.2204,99.74,593.93,106.5,604.11
ch2_ohr_ncp_20240425T1012478407_d_img_d18_x01920_y19840.png,0.2197,229.71,369.45,235.23,374.94
ch2_ohr_ncp_20240425T1012478407_d_img_d18_x01920_y19840.png,0.2193,215.89,531.93,221.17,538.31
ch2_ohr_ncp_20240425T1012478407_d_img_d18_x01920_y19840.png,0.2191,257.43,439.56,262.86,444.91
ch2_ohr_ncp_20240425T1012478407_d_img_d18_x01920_y19840.png,0.2145,369.21,404.83,393.21,438.69
ch2_ohr_ncp_20240425T1012478407_d_img_d18_x01920_y19840.png,0.2124,466.17,428.68,472.93,435.65
ch2_ohr_ncp_20240425T1012478407_d_img_d18_x01920_y19840.png,0.2124,71.64,115.1,77.66,121.63
ch2_ohr_ncp_20240425T1012478407_d_img_d18_x01920_y19840.png,0.2107,585.37,406.52,591.98,413.16
ch2_ohr_ncp_20240425T1012478407_d_img_d18_x01920_y19840.png,0.2086,161.8,563.54,170.19,571.71
ch2_ohr_ncp_20240425T1012478407_d_img_d18_x01920_y19840.png,0.2037,108.97,487.6,114.59,494.06
ch2_ohr_ncp_20240425T1012478407_d_img_d18_x01920_y19840.png,0.2011,179.74,536.4,189.86,544.62
ch2_ohr_ncp_20240425T1012478407_d_img_d18_x01920_y19840.png,0.2006,294.33,266.17,300.52,272.81
ch2_ohr_ncp_20240425T1012478407_d_img_d18_x01920_y23680.png,0.2005,139.4,252.39,148.52,263.04
ch2_ohr_ncp_20240425T1012478407_d_img_d18_x01920_y24320.png,0.2914,626.97,83.27,634.9,91.43
ch2_ohr_ncp_20240425T1012478407_d_img_d18_x01920_y26880.png,0.3607,102.47,157.1,108.06,164.47
ch2_ohr_ncp_20240425T1012478407_d_img_d18_x01920_y26880.png,0.2134,213.5,80.0,225.51,95.12
ch2_ohr_ncp_20240425T1012478407_d_img_d18_x01920_y27520.png,0.3212,422.49,445.45,433.61,457.43
ch2_ohr_ncp_20240425T1012478407_d_img_d18_x01920_y27520.png,0.296,86.71,197.11,96.81,207.58
ch2_ohr_ncp_20240425T1012478407_d_img_d18_x01920_y27520.png,0.279,63.18,180.21,68.93,186.23
ch2_ohr_ncp_20240425T1012478407_d_img_d18_x01920_y27520.png,0.2745,61.38,268.99,68.27,277.79
ch2_ohr_ncp_20240425T1012478407_d_img_d18_x01920_y27520.png,0.2523,625.22,495.71,636.15,509.72
ch2_ohr_ncp_20240425T1012478407_d_img_d18_x01920_y27520.png,0.2464,203.05,185.9,209.61,193.84
ch2_ohr_ncp_20240425T1012478407_d_img_d18_x01920_y27520.png,0.236,179.3,136.44,193.31,151.23
ch2_ohr_ncp_20240425T1012478407_d_img_d18_x01920_y27520.png,0.2293,220.04,621.88,226.1,628.79
ch2_ohr_ncp_20240425T1012478407_d_img_d18_x01920_y27520.png,0.22,244.22,461.11,252.56,473.46
ch2_ohr_ncp_20240425T1012478407_d_img_d18_x01920_y27520.png,0.2196,524.41,268.96,539.83,292.63
ch2_ohr_ncp_20240425T1012478407_d_img_d18_x01920_y27520.png,0.2099,69.66,26.49,87.46,49.02
ch2_ohr_ncp_20240425T1012478407_d_img_d18_x01920_y27520.png,0.2054,101.05,169.63,110.36,180.8
ch2_ohr_ncp_20240425T1012478407_d_img_d18_x01920_y27520.png,0.2022,144.98,112.83,155.03,125.19
ch2_ohr_ncp_20240425T1012478407_d_img_d18_x01920_y28160.png,0.2505,593.25,2.94,616.2,24.02
ch2_ohr_ncp_20240425T1012478407_d_img_d18_x01920_y28800.png,0.3336,86.63,234.03,97.2,249.4
ch2_ohr_ncp_20240425T1012478407_d_img_d18_x01920_y28800.png,0.2193,79.12,560.36,88.8,571.25
ch2_ohr_ncp_20240425T1012478407_d_img_d18_x01920_y29440.png,0.2732,625.27,632.97,631.35,639.23
ch2_ohr_ncp_20240425T1012478407_d_img_d18_x01920_y29440.png,0.2628,481.83,299.87,493.02,316.61
ch2_ohr_ncp_20240425T1012478407_d_img_d18_x01920_y30080.png,0.232,125.24,43.48,138.32,58.54
ch2_ohr_ncp_20240425T1012478407_d_img_d18_x01920_y30080.png,0.23,113.11,40.61,121.55,51.1
ch2_ohr_ncp_20240425T1012478407_d_img_d18_x01920_y30080.png,0.2042,460.4,118.96,465.78,124.83
ch2_ohr_ncp_20240425T1012478407_d_img_d18_x01920_y30720.png,0.2158,124.68,625.93,129.78,634.18
ch2_ohr_ncp_20240425T1012478407_d_img_d18_x01920_y32000.png,0.3405,71.57,482.97,80.76,498.42
ch2_ohr_ncp_20240425T1012478407_d_img_d18_x01920_y32000.png,0.2627,526.57,323.57,538.42,337.91
ch2_ohr_ncp_20240425T1012478407_d_img_d18_x01920_y33280.png,0.3613,278.84,36.79,286.75,46.8
ch2_ohr_ncp_20240425T1012478407_d_img_d18_x01920_y33280.png,0.3262,595.18,53.57,622.96,86.8
ch2_ohr_ncp_20240425T1012478407_d_img_d18_x01920_y33280.png,0.3087,19.61,624.79,27.27,635.31
ch2_ohr_ncp_20240425T1012478407_d_img_d18_x01920_y33280.png,0.2856,95.11,470.56,99.36,476.23
ch2_ohr_ncp_20240425T1012478407_d_img_d18_x01920_y33280.png,0.2819,7.16,10.64,13.35,18.82
ch2_ohr_ncp_20240425T1012478407_d_img_d18_x01920_y33280.png,0.274,120.27,477.87,125.85,484.76
ch2_ohr_ncp_20240425T1012478407_d_img_d18_x01920_y33280.png,0.2624,444.62,277.95,451.25,285.86
ch2_ohr_ncp_20240425T1012478407_d_img_d18_x01920_y33280.png,0.2579,373.57,400.62,385.47,419.71
ch2_ohr_ncp_20240425T1012478407_d_img_d18_x01920_y33280.png,0.2567,527.28,238.08,538.33,248.88
ch2_ohr_ncp_20240425T1012478407_d_img_d18_x01920_y33280.png,0.2534,505.57,194.17,534.69,228.51
ch2_ohr_ncp_20240425T1012478407_d_img_d18_x01920_y33280.png,0.2417,20.55,624.27,27.7,633.79
ch2_ohr_ncp_20240425T1012478407_d_img_d18_x01920_y33280.png,0.238,172.95,403.95,181.78,412.4
ch2_ohr_ncp_20240425T1012478407_d_img_d18_x01920_y33280.png,0.2361,475.56,12.19,482.68,21.24
ch2_ohr_ncp_20240425T1012478407_d_img_d18_x01920_y33280.png,0.2327,94.49,469.91,98.89,475.78
ch2_ohr_ncp_20240425T1012478407_d_img_d18_x01920_y33280.png,0.2316,172.65,228.02,178.5,234.02
ch2_ohr_ncp_20240425T1012478407_d_img_d18_x01920_y33280.png,0.2282,4.93,625.93,16.76,637.33
ch2_ohr_ncp_20240425T1012478407_d_img_d18_x01920_y33280.png,0.2212,124.7,364.9,132.46,375.48
ch2_ohr_ncp_20240425T1012478407_d_img_d18_x01920_y33280.png,0.221,586.07,593.81,593.49,604.18
ch2_ohr_ncp_20240425T1012478407_d_img_d18_x01920_y33280.png,0.218,559.88,120.98,565.61,126.83
ch2_ohr_ncp_20240425T1012478407_d_img_d18_x01920_y33280.png,0.2172,565.2,293.06,571.14,299.84
ch2_ohr_ncp_20240425T1012478407_d_img_d18_x01920_y33280.png,0.2118,69.09,496.46,74.48,501.97
ch2_ohr_ncp_20240425T1012478407_d_img_d18_x01920_y33920.png,0.3679,285.53,368.88,291.55,374.56
ch2_ohr_ncp_20240425T1012478407_d_img_d18_x01920_y33920.png,0.3554,151.72,541.94,157.27,548.53
ch2_ohr_ncp_20240425T1012478407_d_img_d18_x01920_y33920.png,0.3317,259.23,64.48,276.58,79.95
ch2_ohr_ncp_20240425T1012478407_d_img_d18_x01920_y33920.png,0.3197,198.4,494.37,205.35,502.62
ch2_ohr_ncp_20240425T1012478407_d_img_d18_x01920_y33920.png,0.3102,551.99,511.13,558.43,518.42
ch2_ohr_ncp_20240425T1012478407_d_img_d18_x01920_y33920.png,0.3081,237.41,470.74,243.22,476.58
ch2_ohr_ncp_20240425T1012478407_d_img_d18_x01920_y33920.png,0.308,131.68,398.74,137.02,404.68
ch2_ohr_ncp_20240425T1012478407_d_img_d18_x01920_y33920.png,0.3035,285.33,135.58,292.96,142.44
ch2_ohr_ncp_20240425T1012478407_d_img_d18_x01920_y33920.png,0.2996,275.74,393.78,282.94,402.2
ch2_ohr_ncp_20240425T1012478407_d_img_d18_x01920_y33920.png,0.2849,284.54,396.57,290.37,403.83
ch2_ohr_ncp_20240425T1012478407_d_img_d18_x01920_y33920.png,0.2844,197.91,305.32,202.36,310.7
ch2_ohr_ncp_20240425T1012478407_d_img_d18_x01920_y33920.png,0.2781,84.88,166.09,91.2,172.82
ch2_ohr_ncp_20240425T1012478407_d_img_d18_x01920_y33920.png,0.2769,184.27,48.28,189.19,53.67
ch2_ohr_ncp_20240425T1012478407_d_img_d18_x01920_y33920.png,0.268,151.86,56.96,158.61,65.45
ch2_ohr_ncp_20240425T1012478407_d_img_d18_x01920_y33920.png,0.2612,222.03,320.56,229.16,329.11
ch2_ohr_ncp_20240425T1012478407_d_img_d18_x01920_y33920.png,0.2588,517.1,518.53,522.49,524.58
ch2_ohr_ncp_20240425T1012478407_d_img_d18_x01920_y33920.png,0.2585,157.83,439.44,166.2,447.99
ch2_ohr_ncp_20240425T1012478407_d_img_d18_x01920_y33920.png,0.2504,53.28,71.85,59.0,77.83
ch2_ohr_ncp_20240425T1012478407_d_img_d18_x01920_y33920.png,0.2484,244.11,317.06,250.0,322.23
ch2_ohr_ncp_20240425T1012478407_d_img_d18_x01920_y33920.png,0.2383,565.0,581.89,572.21,589.45
ch2_ohr_ncp_20240425T1012478407_d_img_d18_x01920_y33920.png,0.2357,212.99,304.2,226.76,319.82
ch2_ohr_ncp_20240425T1012478407_d_img_d18_x01920_y33920.png,0.235,527.58,567.55,533.6,573.83
ch2_ohr_ncp_20240425T1012478407_d_img_d18_x01920_y33920.png,0.2328,229.69,407.86,234.95,413.45
ch2_ohr_ncp_20240425T1012478407_d_img_d18_x01920_y33920.png,0.2294,171.87,569.83,176.78,575.72
ch2_ohr_ncp_20240425T1012478407_d_img_d18_x01920_y33920.png,0.2236,87.55,240.27,93.53,246.67
ch2_ohr_ncp_20240425T1012478407_d_img_d18_x01920_y33920.png,0.2219,283.82,397.78,289.93,405.17
ch2_ohr_ncp_20240425T1012478407_d_img_d18_x01920_y33920.png,0.2187,291.57,442.91,297.21,449.46
ch2_ohr_ncp_20240425T1012478407_d_img_d18_x01920_y33920.png,0.216,236.62,245.79,241.92,251.65
ch2_ohr_ncp_20240425T1012478407_d_img_d18_x01920_y33920.png,0.211,326.86,624.93,335.52,635.39
ch2_ohr_ncp_20240425T1012478407_d_img_d18_x01920_y33920.png,0.2107,377.43,506.79,385.94,518.82
ch2_ohr_ncp_20240425T1012478407_d_img_d18_x01920_y33920.png,0.2084,65.0,142.31,71.49,149.3
ch2_ohr_ncp_20240425T1012478407_d_img_d18_x01920_y33920.png,0.2072,389.6,461.38,394.35,465.83
ch2_ohr_ncp_20240425T1012478407_d_img_d18_x01920_y33920.png,0.2031,0.16,601.36,6.32,608.05
ch2_ohr_ncp_20240425T1012478407_d_img_d18_x01920_y33920.png,0.2028,341.65,354.38,346.82,361.36
ch2_ohr_ncp_20240425T1012478407_d_img_d18_x01920_y35840.png,0.2196,369.5,628.27,382.49,639.24
ch2_ohr_ncp_20240425T1012478407_d_img_d18_x01920_y42240.png,0.2804,349.32,630.96,360.04,640.0
ch2_ohr_ncp_20240425T1012478407_d_img_d18_x01920_y42880.png,0.2823,451.9,283.71,459.59,293.19
ch2_ohr_ncp_20240425T1012478407_d_img_d18_x01920_y42880.png,0.204,452.74,282.43,460.53,292.69
ch2_ohr_ncp_20240425T1012478407_d_img_d18_x01920_y43520.png,0.2389,628.83,624.37,639.38,637.82
ch2_ohr_ncp_20240425T1012478407_d_img_d18_x01920_y43520.png,0.2212,51.94,321.89,71.94,343.86
ch2_ohr_ncp_20240425T1012478407_d_img_d18_x01920_y49280.png,0.2613,432.84,259.37,453.98,286.37
ch2_ohr_ncp_20240425T1012478407_d_img_d18_x01920_y49280.png,0.2538,435.9,247.4,443.46,254.88
ch2_ohr_ncp_20240425T1012478407_d_img_d18_x01920_y49280.png,0.2526,440.36,632.33,449.29,639.1
ch2_ohr_ncp_20240425T1012478407_d_img_d18_x01920_y49280.png,0.2419,98.95,520.35,104.83,526.33
ch2_ohr_ncp_20240425T1012478407_d_img_d18_x01920_y49280.png,0.2323,0.03,625.33,5.88,638.21
ch2_ohr_ncp_20240425T1012478407_d_img_d18_x01920_y49280.png,0.2289,221.08,526.06,227.58,531.9
ch2_ohr_ncp_20240425T1012478407_d_img_d18_x01920_y49920.png,0.2181,467.69,205.58,474.75,213.12
ch2_ohr_ncp_20240425T1012478407_d_img_d18_x01920_y51200.png,0.2764,563.32,53.66,570.63,61.43
ch2_ohr_ncp_20240425T1012478407_d_img_d18_x01920_y51200.png,0.2406,595.64,269.5,611.5,289.58
ch2_ohr_ncp_20240425T1012478407_d_img_d18_x01920_y51200.png,0.2304,337.53,509.89,360.05,531.22
ch2_ohr_ncp_20240425T1012478407_d_img_d18_x01920_y51200.png,0.2125,38.96,0.0,59.43,11.14
ch2_ohr_ncp_20240425T1012478407_d_img_d18_x01920_y51200.png,0.2106,37.31,626.63,42.5,633.37
ch2_ohr_ncp_20240425T1012478407_d_img_d18_x01920_y51200.png,0.206,68.83,262.07,75.21,270.32
ch2_ohr_ncp_20240425T1012478407_d_img_d18_x01920_y52480.png,0.4939,423.29,404.56,431.81,413.38
ch2_ohr_ncp_20240425T1012478407_d_img_d18_x01920_y52480.png,0.4742,355.67,604.54,362.75,611.97
ch2_ohr_ncp_20240425T1012478407_d_img_d18_x01920_y52480.png,0.438,533.84,564.3,540.39,572.54
ch2_ohr_ncp_20240425T1012478407_d_img_d18_x01920_y52480.png,0.3904,120.12,263.58,134.28,281.72
ch2_ohr_ncp_20240425T1012478407_d_img_d18_x01920_y52480.png,0.386,367.74,331.63,375.59,341.05
ch2_ohr_ncp_20240425T1012478407_d_img_d18_x01920_y52480.png,0.3681,185.89,221.41,194.2,229.1
ch2_ohr_ncp_20240425T1012478407_d_img_d18_x01920_y52480.png,0.3578,58.8,538.25,66.81,546.89
ch2_ohr_ncp_20240425T1012478407_d_img_d18_x01920_y52480.png,0.3342,5.94,54.87,14.32,64.09
ch2_ohr_ncp_20240425T1012478407_d_img_d18_x01920_y52480.png,0.3275,619.07,577.76,624.42,583.14
ch2_ohr_ncp_20240425T1012478407_d_img_d18_x01920_y52480.png,0.3202,257.93,266.01,263.35,271.84
ch2_ohr_ncp_20240425T1012478407_d_img_d18_x01920_y52480.png,0.3194,156.39,405.67,162.9,415.49
ch2_ohr_ncp_20240425T1012478407_d_img_d18_x01920_y52480.png,0.3171,280.49,310.92,285.27,315.92
ch2_ohr_ncp_20240425T1012478407_d_img_d18_x01920_y52480.png,0.317,107.75,336.28,113.42,342.64
ch2_ohr_ncp_20240425T1012478407_d_img_d18_x01920_y52480.png,0.3154,222.1,595.8,232.11,607.42
ch2_ohr_ncp_20240425T1012478407_d_img_d18_x01920_y52480.png,0.3145,404.62,368.76,411.27,376.9
ch2_ohr_ncp_20240425T1012478407_d_img_d18_x01920_y52480.png,0.3071,452.83,358.89,459.29,364.82
ch2_ohr_ncp_20240425T1012478407_d_img_d18_x01920_y52480.png,0.3036,577.77,243.37,591.56,256.49
ch2_ohr_ncp_20240425T1012478407_d_img_d18_x01920_y52480.png,0.3027,495.9,613.54,501.55,621.28
ch2_ohr_ncp_20240425T1012478407_d_img_d18_x01920_y52480.png,0.2957,568.14,235.13,574.25,242.12
ch2_ohr_ncp_20240425T1012478407_d_img_d18_x01920_y52480.png,0.2944,179.23,318.55,186.73,326.42
ch2_ohr_ncp_20240425T1012478407_d_img_d18_x01920_y52480.png,0.2943,589.4,166.39,594.18,172.31
ch2_ohr_ncp_20240425T1012478407_d_img_d18_x01920_y52480.png,0.2938,103.82,261.17,111.46,269.93
ch2_ohr_ncp_20240425T1012478407_d_img_d18_x01920_y52480.png,0.2876,52.45,190.9,58.23,198.12
ch2_ohr_ncp_20240425T1012478407_d_img_d18_x01920_y52480.png,0.2851,7.46,623.33,13.46,630.43
ch2_ohr_ncp_20240425T1012478407_d_img_d18_x01920_y52480.png,0.2848,246.45,231.87,254.97,241.42
ch2_ohr_ncp_20240425T1012478407_d_img_d18_x01920_y52480.png,0.2839,179.05,72.49,185.52,79.92
ch2_ohr_ncp_20240425T1012478407_d_img_d18_x01920_y52480.png,0.2825,290.06,480.26,311.05,501.74
ch2_ohr_ncp_20240425T1012478407_d_img_d18_x01920_y52480.png,0.2734,330.69,446.97,334.76,452.61
ch2_ohr_ncp_20240425T1012478407_d_img_d18_x01920_y52480.png,0.272,171.62,222.96,178.25,228.92
ch2_ohr_ncp_20240425T1012478407_d_img_d18_x01920_y52480.png,0.2665,608.0,560.05,617.97,570.87
ch2_ohr_ncp_20240425T1012478407_d_img_d18_x01920_y52480.png,0.2648,556.23,216.81,561.49,222.4
ch2_ohr_ncp_20240425T1012478407_d_img_d18_x01920_y52480.png,0.2614,122.37,325.23,140.03,343.99
ch2_ohr_ncp_20240425T1012478407_d_img_d18_x01920_y52480.png,0.2609,223.16,156.15,230.24,164.66
ch2_ohr_ncp_20240425T1012478407_d_img_d18_x01920_y52480.png,0.2592,163.33,423.08,169.32,429.8
ch2_ohr_ncp_20240425T1012478407_d_img_d18_x01920_y52480.png,0.2591,111.39,144.43,116.92,149.96
ch2_ohr_ncp_20240425T1012478407_d_img_d18_x01920_y52480.png,0.2562,12.77,141.14,18.23,148.04
ch2_ohr_ncp_20240425T1012478407_d_img_d18_x01920_y52480.png,0.2554,34.44,142.56,38.75,148.47
ch2_ohr_ncp_20240425T1012478407_d_img_d18_x01920_y52480.png,0.2523,407.82,382.5,415.53,390.76
ch2_ohr_ncp_20240425T1012478407_d_img_d18_x01920_y52480.png,0.2517,43.87,392.4,50.55,401.86
ch2_ohr_ncp_20240425T1012478407_d_img_d18_x01920_y52480.png,0.2516,555.94,161.37,564.19,169.31
ch2_ohr_ncp_20240425T1012478407_d_img_d18_x01920_y52480.png,0.2491,467.69,603.68,481.26,621.25
ch2_ohr_ncp_20240425T1012478407_d_img_d18_x01920_y52480.png,0.248,517.76,579.01,527.93,588.53
ch2_ohr_ncp_20240425T1012478407_d_img_d18_x01920_y52480.png,0.2446,263.07,295.3,269.02,300.48
ch2_ohr_ncp_20240425T1012478407_d_img_d18_x01920_y52480.png,0.2404,50.65,628.95,60.29,639.05
ch2_ohr_ncp_20240425T1012478407_d_img_d18_x01920_y52480.png,0.2372,294.31,347.56,300.59,355.26
ch2_ohr_ncp_20240425T1012478407_d_img_d18_x01920_y52480.png,0.237,70.85,412.7,76.4,417.83
ch2_ohr_ncp_20240425T1012478407_d_img_d18_x01920_y52480.png,0.2337,86.17,574.59,95.78,584.98
ch2_ohr_ncp_20240425T1012478407_d_img_d18_x01920_y52480.png,0.2337,331.43,447.76,335.58,453.19
ch2_ohr_ncp_20240425T1012478407_d_img_d18_x01920_y52480.png,0.2292,77.17,433.13,82.13,438.7
ch2_ohr_ncp_20240425T1012478407_d_img_d18_x01920_y52480.png,0.2283,0.06,44.05,5.05,51.36
ch2_ohr_ncp_20240425T1012478407_d_img_d18_x01920_y52480.png,0.2276,148.11,254.73,153.07,261.37
ch2_ohr_ncp_20240425T1012478407_d_img_d18_x01920_y52480.png,0.2269,266.28,305.29,271.5,310.62
ch2_ohr_ncp_20240425T1012478407_d_img_d18_x01920_y52480.png,0.2249,158.14,383.5,176.85,403.18
ch2_ohr_ncp_20240425T1012478407_d_img_d18_x01920_y52480.png,0.2218,115.26,470.3,121.01,476.37
ch2_ohr_ncp_20240425T1012478407_d_img_d18_x01920_y52480.png,0.221,611.34,601.03,616.58,606.85
ch2_ohr_ncp_20240425T1012478407_d_img_d18_x01920_y52480.png,0.2196,62.72,184.71,76.49,197.95
ch2_ohr_ncp_20240425T1012478407_d_img_d18_x01920_y52480.png,0.2196,206.27,270.23,212.03,277.13
ch2_ohr_ncp_20240425T1012478407_d_img_d18_x01920_y52480.png,0.2179,533.83,261.48,540.81,267.93
ch2_ohr_ncp_20240425T1012478407_d_img_d18_x01920_y52480.png,0.2141,180.55,384.27,186.0,390.33
ch2_ohr_ncp_20240425T1012478407_d_img_d18_x01920_y52480.png,0.2126,6.91,595.39,11.85,601.59
ch2_ohr_ncp_20240425T1012478407_d_img_d18_x01920_y52480.png,0.2113,372.0,385.54,376.17,390.59
ch2_ohr_ncp_20240425T1012478407_d_img_d18_x01920_y52480.png,0.2097,473.39,586.34,478.78,592.44
ch2_ohr_ncp_20240425T1012478407_d_img_d18_x01920_y52480.png,0.2088,341.25,354.47,346.2,359.71
ch2_ohr_ncp_20240425T1012478407_d_img_d18_x01920_y52480.png,0.2088,501.56,38.98,514.21,55.46
ch2_ohr_ncp_20240425T1012478407_d_img_d18_x01920_y52480.png,0.2083,235.22,229.45,240.7,235.21
ch2_ohr_ncp_20240425T1012478407_d_img_d18_x01920_y52480.png,0.2081,4.37,541.16,10.5,546.55
ch2_ohr_ncp_20240425T1012478407_d_img_d18_x01920_y52480.png,0.2078,10.64,441.78,17.27,448.35
ch2_ohr_ncp_20240425T1012478407_d_img_d18_x01920_y52480.png,0.2055,526.19,448.19,533.12,457.18
ch2_ohr_ncp_20240425T1012478407_d_img_d18_x01920_y52480.png,0.2046,44.74,430.45,54.47,441.24
ch2_ohr_ncp_20240425T1012478407_d_img_d18_x01920_y52480.png,0.2043,333.33,554.39,339.56,561.46
ch2_ohr_ncp_20240425T1012478407_d_img_d18_x01920_y52480.png,0.204,79.05,392.36,84.26,398.85
ch2_ohr_ncp_20240425T1012478407_d_img_d18_x01920_y52480.png,0.2016,561.83,171.67,573.56,184.33
ch2_ohr_ncp_20240425T1012478407_d_img_d18_x01920_y52480.png,0.2012,373.72,406.11,381.44,413.38
ch2_ohr_ncp_20240425T1012478407_d_img_d18_x01920_y52480.png,0.2011,93.1,70.75,104.08,84.67
ch2_ohr_ncp_20240425T1012478407_d_img_d18_x01920_y52480.png,0.2002,374.72,493.51,378.88,498.89
ch2_ohr_ncp_20240425T1012478407_d_img_d18_x01920_y55040.png,0.2297,630.74,403.63,637.73,413.14
ch2_ohr_ncp_20240425T1012478407_d_img_d18_x01920_y56960.png,0.2114,365.4,624.97,380.86,639.25
ch2_ohr_ncp_20240425T1012478407_d_img_d18_x01920_y58240.png,0.3422,557.73,116.14,573.67,142.61
ch2_ohr_ncp_20240425T1012478407_d_img_d18_x01920_y58240.png,0.2353,124.25,632.4,130.09,639.28
ch2_ohr_ncp_20240425T1012478407_d_img_d18_x01920_y58880.png,0.3052,149.91,142.81,161.89,159.61
ch2_ohr_ncp_20240425T1012478407_d_img_d18_x01920_y58880.png,0.2834,138.02,473.65,144.97,481.26
ch2_ohr_ncp_20240425T1012478407_d_img_d18_x01920_y58880.png,0.2309,405.19,46.96,410.81,52.99
ch2_ohr_ncp_20240425T1012478407_d_img_d18_x01920_y58880.png,0.2125,309.52,50.78,316.08,58.93
ch2_ohr_ncp_20240425T1012478407_d_img_d18_x01920_y59520.png,0.272,588.06,633.17,595.25,639.76
ch2_ohr_ncp_20240425T1012478407_d_img_d18_x01920_y59520.png,0.203,566.51,274.1,576.59,288.75
ch2_ohr_ncp_20240425T1012478407_d_img_d18_x01920_y69760.png,0.2453,125.77,628.91,133.14,638.52
ch2_ohr_ncp_20240425T1012478407_d_img_d18_x01920_y71040.png,0.2413,152.74,81.9,160.74,89.6
ch2_ohr_ncp_20240425T1012478407_d_img_d18_x01920_y76800.png,0.3613,486.71,211.94,496.43,223.09
ch2_ohr_ncp_20240425T1012478407_d_img_d18_x01920_y76800.png,0.3593,398.43,609.03,410.16,624.04
ch2_ohr_ncp_20240425T1012478407_d_img_d18_x01920_y76800.png,0.3382,325.93,100.83,333.42,109.06
ch2_ohr_ncp_20240425T1012478407_d_img_d18_x01920_y76800.png,0.3274,375.13,632.28,383.49,639.52
ch2_ohr_ncp_20240425T1012478407_d_img_d18_x01920_y76800.png,0.3038,245.54,529.08,255.17,538.94
ch2_ohr_ncp_20240425T1012478407_d_img_d18_x01920_y76800.png,0.2848,476.53,249.84,482.95,257.07
ch2_ohr_ncp_20240425T1012478407_d_img_d18_x01920_y76800.png,0.2671,183.91,0.0,206.15,19.76
ch2_ohr_ncp_20240425T1012478407_d_img_d18_x01920_y76800.png,0.2645,633.94,196.68,638.87,201.77
ch2_ohr_ncp_20240425T1012478407_d_img_d18_x01920_y76800.png,0.2629,428.04,171.41,437.26,182.59
ch2_ohr_ncp_20240425T1012478407_d_img_d18_x01920_y76800.png,0.2555,557.37,28.31,565.04,37.17
ch2_ohr_ncp_20240425T1012478407_d_img_d18_x01920_y76800.png,0.2528,349.81,102.39,359.57,112.73
ch2_ohr_ncp_20240425T1012478407_d_img_d18_x01920_y76800.png,0.2485,269.72,281.62,283.51,296.94
ch2_ohr_ncp_20240425T1012478407_d_img_d18_x01920_y76800.png,0.2406,459.47,212.74,467.16,221.71
ch2_ohr_ncp_20240425T1012478407_d_img_d18_x01920_y76800.png,0.2295,52.85,445.57,58.36,452.78
ch2_ohr_ncp_20240425T1012478407_d_img_d18_x01920_y76800.png,0.225,284.81,10.33,291.75,17.15
ch2_ohr_ncp_20240425T1012478407_d_img_d18_x01920_y76800.png,0.2019,174.06,511.6,182.89,519.7
ch2_ohr_ncp_20240425T1012478407_d_img_d18_x01920_y77440.png,0.263,621.61,583.25,627.94,589.04
ch2_ohr_ncp_20240425T1012478407_d_img_d18_x01920_y78080.png,0.2352,33.54,492.82,41.41,502.33
ch2_ohr_ncp_20240425T1012478407_d_img_d18_x01920_y78080.png,0.2241,555.28,630.76,561.84,638.83
ch2_ohr_ncp_20240425T1012478407_d_img_d18_x01920_y78080.png,0.2162,630.25,166.09,638.03,175.8
ch2_ohr_ncp_20240425T1012478407_d_img_d18_x01920_y78080.png,0.2129,342.16,349.25,356.25,366.58
ch2_ohr_ncp_20240425T1012478407_d_img_d18_x01920_y78080.png,0.204,313.86,477.93,328.5,492.75
ch2_ohr_ncp_20240425T1012478407_d_img_d18_x01920_y78720.png,0.2534,620.6,425.19,625.26,431.42
ch2_ohr_ncp_20240425T1012478407_d_img_d18_x01920_y80000.png,0.3384,334.86,538.11,344.67,549.36
ch2_ohr_ncp_20240425T1012478407_d_img_d18_x01920_y80000.png,0.2201,524.42,406.26,529.72,412.83
ch2_ohr_ncp_20240425T1012478407_d_img_d18_x01920_y81280.png,0.2738,44.48,326.79,58.35,337.59
ch2_ohr_ncp_20240425T1012478407_d_img_d18_x01920_y81920.png,0.3488,223.62,623.01,232.75,633.3
ch2_ohr_ncp_20240425T1012478407_d_img_d18_x01920_y81920.png,0.2905,311.08,306.31,319.87,315.68
ch2_ohr_ncp_20240425T1012478407_d_img_d18_x01920_y81920.png,0.2625,193.74,0.45,203.68,9.49
ch2_ohr_ncp_20240425T1012478407_d_img_d18_x01920_y81920.png,0.2518,317.84,498.56,345.32,541.59
ch2_ohr_ncp_20240425T1012478407_d_img_d18_x01920_y81920.png,0.2348,186.73,203.54,193.09,210.76
ch2_ohr_ncp_20240425T1012478407_d_img_d18_x01920_y81920.png,0.2313,257.01,486.74,266.51,495.64
ch2_ohr_ncp_20240425T1012478407_d_img_d18_x01920_y81920.png,0.2271,318.46,552.49,327.23,564.08
ch2_ohr_ncp_20240425T1012478407_d_img_d18_x01920_y81920.png,0.2116,614.12,511.26,622.62,518.38
ch2_ohr_ncp_20240425T1012478407_d_img_d18_x01920_y81920.png,0.201,93.79,383.87,100.8,391.34
ch2_ohr_ncp_20240425T1012478407_d_img_d18_x01920_y83840.png,0.2407,381.08,633.71,388.28,639.3
ch2_ohr_ncp_20240425T1012478407_d_img_d18_x01920_y83840.png,0.2206,578.93,529.58,585.14,536.46
ch2_ohr_ncp_20240425T1012478407_d_img_d18_x01920_y84480.png,0.2814,493.78,377.15,498.74,382.89
ch2_ohr_ncp_20240425T1012478407_d_img_d18_x01920_y84480.png,0.263,211.06,628.72,224.34,639.06
ch2_ohr_ncp_20240425T1012478407_d_img_d18_x01920_y84480.png,0.2578,236.91,6.26,242.39,12.37
ch2_ohr_ncp_20240425T1012478407_d_img_d18_x01920_y84480.png,0.2571,634.15,182.09,639.25,187.89
ch2_ohr_ncp_20240425T1012478407_d_img_d18_x01920_y84480.png,0.2382,375.48,616.01,383.2,623.99
ch2_ohr_ncp_20240425T1012478407_d_img_d18_x01920_y85120.png,0.242,115.71,63.87,121.87,70.3
ch2_ohr_ncp_20240425T1012478407_d_img_d18_x01920_y85120.png,0.2046,406.67,292.72,414.2,301.78
ch2_ohr_ncp_20240425T1012478407_d_img_d18_x01920_y86400.png,0.2354,634.17,602.84,639.33,608.87
ch2_ohr_ncp_20240425T1012478407_d_img_d18_x01920_y88960.png,0.2271,108.85,565.31,114.62,572.42
ch2_ohr_ncp_20240425T1012478407_d_img_d18_x01920_y90240.png,0.2605,469.72,581.99,486.97,602.03
ch2_ohr_ncp_20240425T1012478407_d_img_d18_x01920_y90240.png,0.253,36.67,473.7,50.7,491.19
ch2_ohr_ncp_20240425T1012478407_d_img_d18_x01920_y90240.png,0.2408,477.03,525.92,483.09,532.97
ch2_ohr_ncp_20240425T1012478407_d_img_d18_x01920_y90240.png,0.2238,538.68,632.66,547.72,638.97
ch2_ohr_ncp_20240425T1012478407_d_img_d18_x01920_y90240.png,0.207,515.6,571.21,522.3,580.55
ch2_ohr_ncp_20240425T1012478407_d_img_d18_x01920_y90240.png,0.2046,9.67,221.37,23.67,233.89
ch2_ohr_ncp_20240425T1012478407_d_img_d18_x01920_y90880.png,0.4268,446.66,212.14,455.77,223.39
ch2_ohr_ncp_20240425T1012478407_d_img_d18_x01920_y90880.png,0.3634,389.99,629.41,397.66,638.24
ch2_ohr_ncp_20240425T1012478407_d_img_d18_x01920_y90880.png,0.3395,534.77,137.03,542.69,146.39
ch2_ohr_ncp_20240425T1012478407_d_img_d18_x01920_y90880.png,0.3314,286.73,576.3,305.25,593.42
ch2_ohr_ncp_20240425T1012478407_d_img_d18_x01920_y90880.png,0.3292,633.13,36.14,639.07,47.43
ch2_ohr_ncp_20240425T1012478407_d_img_d18_x01920_y90880.png,0.3031,324.59,0.09,334.52,6.22
ch2_ohr_ncp_20240425T1012478407_d_img_d18_x01920_y90880.png,0.3004,541.93,422.01,547.37,428.11
ch2_ohr_ncp_20240425T1012478407_d_img_d18_x01920_y90880.png,0.278,179.22,599.24,184.8,604.44
ch2_ohr_ncp_20240425T1012478407_d_img_d18_x01920_y90880.png,0.2633,125.2,565.71,130.71,571.98
ch2_ohr_ncp_20240425T1012478407_d_img_d18_x01920_y90880.png,0.2554,515.09,122.76,530.31,136.78
ch2_ohr_ncp_20240425T1012478407_d_img_d18_x01920_y90880.png,0.2511,402.07,606.46,409.77,616.36
ch2_ohr_ncp_20240425T1012478407_d_img_d18_x01920_y90880.png,0.2498,61.69,567.66,67.96,574.04
ch2_ohr_ncp_20240425T1012478407_d_img_d18_x01920_y90880.png,0.2492,530.65,199.5,543.59,216.11
ch2_ohr_ncp_20240425T1012478407_d_img_d18_x01920_y90880.png,0.2385,613.6,243.65,639.72,287.16
ch2_ohr_ncp_20240425T1012478407_d_img_d18_x01920_y90880.png,0.236,190.24,185.37,198.59,197.99
ch2_ohr_ncp_20240425T1012478407_d_img_d18_x01920_y90880.png,0.2346,422.87,204.86,429.87,212.66
ch2_ohr_ncp_20240425T1012478407_d_img_d18_x01920_y90880.png,0.2315,407.84,446.6,415.61,456.6
ch2_ohr_ncp_20240425T1012478407_d_img_d18_x01920_y90880.png,0.2279,72.64,550.85,80.71,561.68
ch2_ohr_ncp_20240425T1012478407_d_img_d18_x01920_y90880.png,0.2237,486.3,94.03,499.2,107.73
ch2_ohr_ncp_20240425T1012478407_d_img_d18_x01920_y90880.png,0.2123,477.11,183.02,483.42,189.83
ch2_ohr_ncp_20240425T1012478407_d_img_d18_x01920_y90880.png,0.2063,598.65,271.45,608.49,282.59
ch2_ohr_ncp_20240425T1012478407_d_img_d18_x01920_y90880.png,0.2055,48.24,559.6,55.1,566.25
ch2_ohr_ncp_20240425T1012478407_d_img_d18_x01920_y90880.png,0.2022,536.4,264.37,544.51,271.99
ch2_ohr_ncp_20240425T1012478407_d_img_d18_x01920_y90880.png,0.2015,201.85,564.38,209.49,575.36
ch2_ohr_ncp_20240425T1012478407_d_img_d18_x01920_y90880.png,0.2009,549.8,311.15,557.81,319.38
ch2_ohr_ncp_20240425T1012478407_d_img_d18_x01920_y90880.png,0.2003,462.77,138.52,472.07,150.58
ch2_ohr_ncp_20240425T1012478407_d_img_d18_x01920_y91520.png,0.3913,548.99,100.29,560.69,109.91
ch2_ohr_ncp_20240425T1012478407_d_img_d18_x01920_y91520.png,0.2837,403.36,0.0,423.78,15.22
ch2_ohr_ncp_20240425T1012478407_d_img_d18_x01920_y91520.png,0.2687,185.58,336.02,191.61,341.63
ch2_ohr_ncp_20240425T1012478407_d_img_d18_x01920_y91520.png,0.2635,95.14,136.54,102.08,146.48
ch2_ohr_ncp_20240425T1012478407_d_img_d18_x01920_y91520.png,0.247,195.73,126.98,200.77,132.78
ch2_ohr_ncp_20240425T1012478407_d_img_d18_x01920_y91520.png,0.2276,41.12,90.92,57.04,108.91
ch2_ohr_ncp_20240425T1012478407_d_img_d18_x01920_y91520.png,0.2169,77.44,13.92,88.85,26.84
ch2_ohr_ncp_20240425T1012478407_d_img_d18_x01920_y91520.png,0.2094,94.79,284.0,105.25,297.43
ch2_ohr_ncp_20240425T1012478407_d_img_d18_x01920_y91520.png,0.2079,200.42,282.0,231.0,315.14
ch2_ohr_ncp_20240425T1012478407_d_img_d18_x02560_y08320.png,0.2013,629.2,624.01,638.29,636.59
ch2_ohr_ncp_20240425T1012478407_d_img_d18_x02560_y17920.png,0.2997,603.86,633.28,608.58,637.64
ch2_ohr_ncp_20240425T1012478407_d_img_d18_x02560_y17920.png,0.2547,425.8,26.45,433.75,37.29
ch2_ohr_ncp_20240425T1012478407_d_img_d18_x02560_y17920.png,0.2239,344.17,631.51,354.55,639.96
ch2_ohr_ncp_20240425T1012478407_d_img_d18_x02560_y19200.png,0.231,620.82,0.7,635.04,19.02
ch2_ohr_ncp_20240425T1012478407_d_img_d18_x02560_y20480.png,0.2113,493.45,8.06,503.35,20.18
ch2_ohr_ncp_20240425T1012478407_d_img_d18_x02560_y23040.png,0.2664,419.5,632.36,425.73,639.05
ch2_ohr_ncp_20240425T1012478407_d_img_d18_x02560_y23040.png,0.2656,620.16,5.43,630.79,18.89
ch2_ohr_ncp_20240425T1012478407_d_img_d18_x02560_y23680.png,0.2688,628.25,9.66,633.65,16.11
ch2_ohr_ncp_20240425T1012478407_d_img_d18_x02560_y23680.png,0.2046,309.19,268.93,315.08,276.03
ch2_ohr_ncp_20240425T1012478407_d_img_d18_x02560_y23680.png,0.2011,477.82,43.14,494.8,66.48
ch2_ohr_ncp_20240425T1012478407_d_img_d18_x02560_y25600.png,0.262,128.26,503.77,135.42,515.36
ch2_ohr_ncp_20240425T1012478407_d_img_d18_x02560_y29440.png,0.3937,548.53,66.37,562.56,80.42
ch2_ohr_ncp_20240425T1012478407_d_img_d18_x02560_y29440.png,0.3657,349.72,0.0,374.99,29.21
ch2_ohr_ncp_20240425T1012478407_d_img_d18_x02560_y29440.png,0.28,397.4,572.79,407.08,583.21
ch2_ohr_ncp_20240425T1012478407_d_img_d18_x02560_y29440.png,0.2609,544.57,477.36,552.63,492.96
ch2_ohr_ncp_20240425T1012478407_d_img_d18_x02560_y29440.png,0.2441,117.73,429.27,123.69,435.65
ch2_ohr_ncp_20240425T1012478407_d_img_d18_x02560_y29440.png,0.2435,632.3,401.75,639.07,410.78
ch2_ohr_ncp_20240425T1012478407_d_img_d18_x02560_y29440.png,0.2338,388.49,634.1,393.64,639.4
ch2_ohr_ncp_20240425T1012478407_d_img_d18_x02560_y29440.png,0.2202,379.05,81.72,385.68,88.93
ch2_ohr_ncp_20240425T1012478407_d_img_d18_x02560_y29440.png,0.216,70.43,630.28,78.81,639.38
ch2_ohr_ncp_20240425T1012478407_d_img_d18_x02560_y29440.png,0.2039,389.29,103.08,394.97,109.34
ch2_ohr_ncp_20240425T1012478407_d_img_d18_x02560_y29440.png,0.2032,293.56,111.96,299.44,117.74
ch2_ohr_ncp_20240425T1012478407_d_img_d18_x02560_y44800.png,0.2921,306.55,221.74,325.88,249.21
ch2_ohr_ncp_20240425T1012478407_d_img_d18_x02560_y44800.png,0.2893,454.11,342.94,464.26,354.33
ch2_ohr_ncp_20240425T1012478407_d_img_d18_x02560_y44800.png,0.285,595.88,80.21,602.12,88.54
ch2_ohr_ncp_20240425T1012478407_d_img_d18_x02560_y44800.png,0.2702,556.3,35.72,562.47,40.77
ch2_ohr_ncp_20240425T1012478407_d_img_d18_x02560_y44800.png,0.2641,550.49,76.81,557.52,85.58
ch2_ohr_ncp_20240425T1012478407_d_img_d18_x02560_y44800.png,0.2591,467.67,58.66,473.35,66.05
ch2_ohr_ncp_20240425T1012478407_d_img_d18_x02560_y44800.png,0.2109,568.53,135.64,573.82,140.82
ch2_ohr_ncp_20240425T1012478407_d_img_d18_x02560_y50560.png,0.3723,106.22,629.25,119.31,639.5
ch2_ohr_ncp_20240425T1012478407_d_img_d18_x02560_y53120.png,0.2359,254.73,106.03,264.15,118.81
ch2_ohr_ncp_20240425T1012478407_d_img_d18_x02560_y53120.png,0.225,315.96,25.65,330.37,47.03
ch2_ohr_ncp_20240425T1012478407_d_img_d18_x02560_y53120.png,0.2052,83.96,51.72,92.49,61.79
ch2_ohr_ncp_20240425T1012478407_d_img_d18_x02560_y53760.png,0.2319,328.01,1.17,337.44,16.39
ch2_ohr_ncp_20240425T1012478407_d_img_d18_x02560_y53760.png,0.2199,591.29,178.51,601.81,188.43
ch2_ohr_ncp_20240425T1012478407_d_img_d18_x02560_y54400.png,0.227,357.94,622.47,363.98,629.22
ch2_ohr_ncp_20240425T1012478407_d_img_d18_x02560_y55040.png,0.221,132.49,627.52,139.24,636.81
ch2_ohr_ncp_20240425T1012478407_d_img_d18_x02560_y56320.png,0.3697,221.7,515.54,232.94,529.62
ch2_ohr_ncp_20240425T1012478407_d_img_d18_x02560_y56320.png,0.264,471.22,563.66,480.63,575.02
ch2_ohr_ncp_20240425T1012478407_d_img_d18_x02560_y56960.png,0.4187,628.73,123.39,635.26,132.0
ch2_ohr_ncp_20240425T1012478407_d_img_d18_x02560_y78720.png,0.3156,387.08,213.85,403.89,234.19
ch2_ohr_ncp_20240425T1012478407_d_img_d18_x02560_y78720.png,0.2122,550.53,224.07,558.49,232.71
ch2_ohr_ncp_20240425T1012478407_d_img_d18_x02560_y79360.png,0.223,95.18,583.55,104.92,592.49
ch2_ohr_ncp_20240425T1012478407_d_img_d18_x02560_y79360.png,0.2138,214.25,0.15,227.86,13.3
ch2_ohr_ncp_20240425T1012478407_d_img_d18_x02560_y81280.png,0.2809,523.78,620.02,536.37,632.97
ch2_ohr_ncp_20240425T1012478407_d_img_d18_x02560_y81920.png,0.2197,572.9,317.08,590.92,340.04
ch2_ohr_ncp_20240425T1012478407_d_img_d18_x02560_y82560.png,0.3117,504.9,632.1,511.42,639.44
ch2_ohr_ncp_20240425T1012478407_d_img_d18_x02560_y88320.png,0.2313,176.47,188.98,184.04,197.38
ch2_ohr_ncp_20240425T1012478407_d_img_d18_x02560_y91520.png,0.3457,490.92,233.2,505.45,246.58
ch2_ohr_ncp_20240425T1012478407_d_img_d18_x02560_y91520.png,0.3417,616.06,220.37,625.85,229.76
ch2_ohr_ncp_20240425T1012478407_d_img_d18_x02560_y91520.png,0.3273,321.6,214.55,329.31,225.4
ch2_ohr_ncp_20240425T1012478407_d_img_d18_x02560_y91520.png,0.2916,624.16,294.89,637.34,307.15
ch2_ohr_ncp_20240425T1012478407_d_img_d18_x02560_y91520.png,0.2903,222.15,56.93,240.18,78.71
ch2_ohr_ncp_20240425T1012478407_d_img_d18_x02560_y91520.png,0.2852,470.88,255.27,478.37,263.01
ch2_ohr_ncp_20240425T1012478407_d_img_d18_x02560_y91520.png,0.2832,49.44,243.28,75.66,270.23
ch2_ohr_ncp_20240425T1012478407_d_img_d18_x02560_y91520.png,0.2731,234.19,203.58,241.98,212.35
ch2_ohr_ncp_20240425T1012478407_d_img_d18_x02560_y91520.png,0.2728,486.9,22.9,493.8,30.36
ch2_ohr_ncp_20240425T1012478407_d_img_d18_x02560_y91520.png,0.2664,625.13,338.29,631.79,346.29
ch2_ohr_ncp_20240425T1012478407_d_img_d18_x02560_y91520.png,0.266,564.42,363.76,591.41,393.34
ch2_ohr_ncp_20240425T1012478407_d_img_d18_x02560_y91520.png,0.2633,148.04,0.08,162.49,8.52
ch2_ohr_ncp_20240425T1012478407_d_img_d18_x02560_y91520.png,0.2607,342.02,266.77,352.9,276.85
ch2_ohr_ncp_20240425T1012478407_d_img_d18_x02560_y91520.png,0.2607,493.7,7.49,499.2,13.93
ch2_ohr_ncp_20240425T1012478407_d_img_d18_x02560_y91520.png,0.2592,590.81,119.36,597.29,126.1
ch2_ohr_ncp_20240425T1012478407_d_img_d18_x02560_y91520.png,0.2376,492.12,229.14,506.41,245.32
ch2_ohr_ncp_20240425T1012478407_d_img_d18_x02560_y91520.png,0.2296,455.53,342.77,464.12,353.23
ch2_ohr_ncp_20240425T1012478407_d_img_d18_x02560_y91520.png,0.2243,494.37,203.01,499.34,210.35
ch2_ohr_ncp_20240425T1012478407_d_img_d18_x02560_y91520.png,0.2217,445.3,133.2,453.32,141.84
ch2_ohr_ncp_20240425T1012478407_d_img_d18_x02560_y91520.png,0.2201,596.15,342.41,621.3,366.77
ch2_ohr_ncp_20240425T1012478407_d_img_d18_x02560_y91520.png,0.2141,334.59,88.52,341.93,95.75
ch2_ohr_ncp_20240425T1012478407_d_img_d18_x02560_y91520.png,0.2133,550.27,278.68,558.61,286.07
ch2_ohr_ncp_20240425T1012478407_d_img_d18_x02560_y91520.png,0.2117,354.18,181.6,362.38,192.43
ch2_ohr_ncp_20240425T1012478407_d_img_d18_x02560_y91520.png,0.2091,582.96,336.63,587.97,341.88
ch2_ohr_ncp_20240425T1012478407_d_img_d18_x03200_y03840.png,0.2142,626.75,335.54,634.95,345.92
ch2_ohr_ncp_20240425T1012478407_d_img_d18_x03200_y03840.png,0.2051,413.57,632.05,419.95,639.8
ch2_ohr_ncp_20240425T1012478407_d_img_d18_x03200_y07680.png,0.2018,300.14,625.93,306.98,638.15
ch2_ohr_ncp_20240425T1012478407_d_img_d18_x03200_y12160.png,0.2231,88.53,632.8,95.42,639.75
ch2_ohr_ncp_20240425T1012478407_d_img_d18_x03200_y16640.png,0.2757,618.82,514.94,630.88,529.42
ch2_ohr_ncp_20240425T1012478407_d_img_d18_x03200_y19200.png,0.3921,0.0,0.0,18.84,25.66
ch2_ohr_ncp_20240425T1012478407_d_img_d18_x03200_y19200.png,0.2469,406.43,316.67,415.39,327.49
ch2_ohr_ncp_20240425T1012478407_d_img_d18_x03200_y19200.png,0.2421,603.69,413.26,610.53,421.12
ch2_ohr_ncp_20240425T1012478407_d_img_d18_x03200_y19200.png,0.2347,286.86,623.26,298.71,639.15
ch2_ohr_ncp_20240425T1012478407_d_img_d18_x03200_y19200.png,0.2302,1.09,0.0,21.29,30.02
ch2_ohr_ncp_20240425T1012478407_d_img_d18_x03200_y19840.png,0.2557,515.02,98.41,528.61,111.7
ch2_ohr_ncp_20240425T1012478407_d_img_d18_x03200_y21120.png,0.2623,628.74,53.51,634.61,61.33
ch2_ohr_ncp_20240425T1012478407_d_img_d18_x03200_y23680.png,0.2876,126.61,72.07,136.41,83.51
ch2_ohr_ncp_20240425T1012478407_d_img_d18_x03200_y23680.png,0.2277,502.87,515.49,513.18,527.99
ch2_ohr_ncp_20240425T1012478407_d_img_d18_x03200_y26880.png,0.4157,629.1,277.81,635.72,285.72
ch2_ohr_ncp_20240425T1012478407_d_img_d18_x03200_y26880.png,0.3301,502.56,631.72,511.96,639.5
ch2_ohr_ncp_20240425T1012478407_d_img_d18_x03200_y26880.png,0.3028,628.43,354.83,634.26,361.98
ch2_ohr_ncp_20240425T1012478407_d_img_d18_x03200_y26880.png,0.24,295.93,632.56,303.31,639.54
ch2_ohr_ncp_20240425T1012478407_d_img_d18_x03200_y26880.png,0.2187,334.27,462.2,342.05,469.83
ch2_ohr_ncp_20240425T1012478407_d_img_d18_x03200_y26880.png,0.2024,617.29,257.24,635.37,275.61
ch2_ohr_ncp_20240425T1012478407_d_img_d18_x03200_y28160.png,0.2602,48.55,111.36,53.24,116.05
ch2_ohr_ncp_20240425T1012478407_d_img_d18_x03200_y28160.png,0.2209,307.72,442.28,323.85,467.2
ch2_ohr_ncp_20240425T1012478407_d_img_d18_x03200_y28160.png,0.2205,34.45,630.33,50.75,639.75
ch2_ohr_ncp_20240425T1012478407_d_img_d18_x03200_y28160.png,0.2059,89.95,111.89,95.93,119.1
ch2_ohr_ncp_20240425T1012478407_d_img_d18_x03200_y30080.png,0.3464,342.12,115.49,351.79,128.26
ch2_ohr_ncp_20240425T1012478407_d_img_d18_x03200_y30080.png,0.2667,21.0,428.63,49.95,456.63
ch2_ohr_ncp_20240425T1012478407_d_img_d18_x03200_y30080.png,0.2593,60.9,429.25,66.72,436.42
ch2_ohr_ncp_20240425T1012478407_d_img_d18_x03200_y30080.png,0.2527,452.09,76.72,463.42,88.64
ch2_ohr_ncp_20240425T1012478407_d_img_d18_x03200_y30080.png,0.2492,551.3,77.56,556.77,84.1
ch2_ohr_ncp_20240425T1012478407_d_img_d18_x03200_y30080.png,0.2447,0.47,101.91,10.11,125.89
ch2_ohr_ncp_20240425T1012478407_d_img_d18_x03200_y30080.png,0.2419,485.29,126.27,497.17,136.41
ch2_ohr_ncp_20240425T1012478407_d_img_d18_x03200_y33920.png,0.2235,206.15,633.31,214.07,640.0
ch2_ohr_ncp_20240425T1012478407_d_img_d18_x03200_y37120.png,0.2651,626.03,87.38,638.36,108.12
ch2_ohr_ncp_20240425T1012478407_d_img_d18_x03200_y39040.png,0.2892,400.44,293.97,418.27,309.14
ch2_ohr_ncp_20240425T1012478407_d_img_d18_x03200_y39040.png,0.2561,293.59,278.04,303.93,290.53
ch2_ohr_ncp_20240425T1012478407_d_img_d18_x03200_y39040.png,0.2209,530.3,61.7,544.22,86.31
ch2_ohr_ncp_20240425T1012478407_d_img_d18_x03200_y39040.png,0.2154,268.75,632.7,276.93,639.6
ch2_ohr_ncp_20240425T1012478407_d_img_d18_x03200_y40320.png,0.2144,411.85,632.58,418.22,638.59
ch2_ohr_ncp_20240425T1012478407_d_img_d18_x03200_y43520.png,0.4884,402.41,119.99,438.17,151.4
ch2_ohr_ncp_20240425T1012478407_d_img_d18_x03200_y43520.png,0.2117,412.82,121.91,437.1,148.24
ch2_ohr_ncp_20240425T1012478407_d_img_d18_x03200_y53120.png,0.2012,595.39,633.63,600.46,639.72
ch2_ohr_ncp_20240425T1012478407_d_img_d18_x03200_y57600.png,0.2051,38.63,623.22,44.23,630.01
ch2_ohr_ncp_20240425T1012478407_d_img_d18_x03200_y58880.png,0.318,118.58,577.2,128.04,590.94
ch2_ohr_ncp_20240425T1012478407_d_img_d18_x03200_y78720.png,0.2088,625.05,370.74,634.72,382.39
ch2_ohr_ncp_20240425T1012478407_d_img_d18_x03200_y82560.png,0.2277,428.09,44.08,435.1,51.3
ch2_ohr_ncp_20240425T1012478407_d_img_d18_x03200_y91520.png,0.3889,526.37,231.61,538.0,245.67
ch2_ohr_ncp_20240425T1012478407_d_img_d18_x03200_y91520.png,0.3214,131.84,341.98,138.74,350.29
ch2_ohr_ncp_20240425T1012478407_d_img_d18_x03200_y91520.png,0.2334,216.29,37.69,225.64,49.73
ch2_ohr_ncp_20240425T1012478407_d_img_d18_x03200_y91520.png,0.2043,189.57,353.14,207.7,385.26
ch2_ohr_ncp_20240425T1012478407_d_img_d18_x03840_y32000.png,0.279,243.48,632.5,250.97,639.39
ch2_ohr_ncp_20240425T1012478407_d_img_d18_x03840_y33280.png,0.4085,618.77,91.96,634.48,114.93
ch2_ohr_ncp_20240425T1012478407_d_img_d18_x03840_y33280.png,0.2017,535.91,89.72,543.9,97.98
ch2_ohr_ncp_20240425T1012478407_d_img_d18_x03840_y42880.png,0.3317,567.22,223.39,577.9,238.45
ch2_ohr_ncp_20240425T1012478407_d_img_d18_x03840_y45440.png,0.2471,516.49,188.62,523.68,197.28
ch2_ohr_ncp_20240425T1012478407_d_img_d18_x03840_y49280.png,0.209,196.87,623.26,210.09,637.09
ch2_ohr_ncp_20240425T1012478407_d_img_d18_x03840_y50560.png,0.247,243.83,633.46,251.15,639.19
ch2_ohr_ncp_20240425T1012478407_d_img_d18_x03840_y55040.png,0.2225,316.68,439.08,322.75,447.81
ch2_ohr_ncp_20240425T1012478407_d_img_d18_x03840_y55040.png,0.2126,0.0,272.41,6.86,284.86
ch2_ohr_ncp_20240425T1012478407_d_img_d18_x03840_y57600.png,0.2618,613.0,631.9,622.32,639.53
ch2_ohr_ncp_20240425T1012478407_d_img_d18_x03840_y58240.png,0.275,237.82,603.42,248.62,614.74
ch2_ohr_ncp_20240425T1012478407_d_img_d18_x03840_y58240.png,0.2506,441.9,619.52,450.57,630.01
ch2_ohr_ncp_20240425T1012478407_d_img_d18_x03840_y59520.png,0.2012,102.75,630.65,110.48,639.16
ch2_ohr_ncp_20240425T1012478407_d_img_d18_x03840_y60160.png,0.2906,626.44,9.02,632.38,16.18
ch2_ohr_ncp_20240425T1012478407_d_img_d18_x03840_y81280.png,0.2153,485.89,629.48,494.29,637.92
ch2_ohr_ncp_20240425T1012478407_d_img_d18_x03840_y85760.png,0.2419,620.57,582.82,625.76,588.39
ch2_ohr_ncp_20240425T1012478407_d_img_d18_x03840_y85760.png,0.2365,74.38,328.82,80.02,335.62
ch2_ohr_ncp_20240425T1012478407_d_img_d18_x03840_y85760.png,0.2014,484.18,181.01,489.97,189.2
ch2_ohr_ncp_20240425T1012478407_d_img_d18_x03840_y87680.png,0.2029,625.91,304.41,632.87,311.15
ch2_ohr_ncp_20240425T1012478407_d_img_d18_x04480_y02560.png,0.2411,592.8,59.85,600.19,69.79
ch2_ohr_ncp_20240425T1012478407_d_img_d18_x04480_y07040.png,0.2459,367.26,57.12,375.03,65.9
ch2_ohr_ncp_20240425T1012478407_d_img_d18_x04480_y07680.png,0.2041,628.29,548.91,633.93,556.62
ch2_ohr_ncp_20240425T1012478407_d_img_d18_x04480_y34560.png,0.2201,631.95,345.12,638.76,356.37
ch2_ohr_ncp_20240425T1012478407_d_img_d18_x04480_y45440.png,0.2087,300.84,631.65,308.11,638.84
ch2_ohr_ncp_20240425T1012478407_d_img_d18_x04480_y51840.png,0.21,550.63,627.36,561.78,637.65
ch2_ohr_ncp_20240425T1012478407_d_img_d18_x04480_y57600.png,0.2312,79.08,198.27,91.41,214.6
ch2_ohr_ncp_20240425T1012478407_d_img_d18_x04480_y80000.png,0.2014,266.19,288.48,271.58,294.88
ch2_ohr_ncp_20240425T1012478407_d_img_d18_x05120_y33920.png,0.264,628.58,172.23,635.39,181.95
ch2_ohr_ncp_20240425T1012478407_d_img_d18_x05120_y43520.png,0.2343,304.33,630.91,316.22,639.59
ch2_ohr_ncp_20240425T1012478407_d_img_d18_x05120_y71040.png,0.2422,533.79,632.78,539.29,639.04
ch2_ohr_ncp_20240425T1012478407_d_img_d18_x05120_y71680.png,0.223,69.1,0.0,92.88,16.37
ch2_ohr_ncp_20240425T1012478407_d_img_d18_x05760_y15360.png,0.2007,0.83,0.0,30.16,21.43
ch2_ohr_ncp_20240425T1012478407_d_img_d18_x05760_y26880.png,0.2199,627.91,121.05,632.24,126.94
ch2_ohr_ncp_20240425T1012478407_d_img_d18_x05760_y37760.png,0.3237,383.42,631.81,391.63,639.75
ch2_ohr_ncp_20240425T1012478407_d_img_d18_x05760_y41600.png,0.3058,30.95,632.5,38.79,639.81
ch2_ohr_ncp_20240425T1012478407_d_img_d18_x05760_y84480.png,0.2815,482.78,555.25,499.52,576.07
ch2_ohr_ncp_20240425T1012478407_d_img_d18_x05760_y84480.png,0.229,621.99,633.59,629.26,639.82
ch2_ohr_ncp_20240425T1012478407_d_img_d18_x05760_y87680.png,0.2109,589.45,628.04,595.42,636.36
ch2_ohr_ncp_20240425T1012478407_d_img_d18_x06400_y31360.png,0.2477,294.08,501.52,300.82,509.56
ch2_ohr_ncp_20240425T1012478407_d_img_d18_x06400_y31360.png,0.2202,68.25,204.53,74.21,210.56
ch2_ohr_ncp_20240425T1012478407_d_img_d18_x06400_y31360.png,0.2126,36.72,213.56,42.38,219.03
ch2_ohr_ncp_20240425T1012478407_d_img_d18_x06400_y49920.png,0.2202,341.42,622.01,352.35,637.03
ch2_ohr_ncp_20240425T1012478407_d_img_d18_x06400_y53120.png,0.2711,630.91,330.19,638.7,341.51
ch2_ohr_ncp_20240425T1012478407_d_img_d18_x07040_y20480.png,0.2518,628.19,134.74,636.26,143.3
ch2_ohr_ncp_20240425T1012478407_d_img_d18_x07040_y39680.png,0.2127,500.9,83.12,508.14,93.01
ch2_ohr_ncp_20240425T1012478407_d_img_d18_x07040_y53120.png,0.2204,9.38,631.95,17.13,639.39
ch2_ohr_ncp_20240425T1012478407_d_img_d18_x07040_y83200.png,0.2646,464.23,633.56,472.6,639.87
ch2_ohr_ncp_20240425T1012478407_d_img_d18_x07680_y23680.png,0.2996,235.69,632.98,243.61,639.42
ch2_ohr_ncp_20240425T1012478407_d_img_d18_x07680_y23680.png,0.2101,628.22,325.95,637.44,337.79
ch2_ohr_ncp_20240425T1012478407_d_img_d18_x07680_y33920.png,0.259,390.35,0.0,421.35,32.26
ch2_ohr_ncp_20240425T1012478407_d_img_d18_x07680_y67840.png,0.2031,251.79,184.41,256.15,190.59
ch2_ohr_ncp_20240425T1012478407_d_img_d18_x08320_y09600.png,0.2052,337.87,631.94,345.49,639.81
ch2_ohr_ncp_20240425T1012478407_d_img_d18_x08320_y14080.png,0.2488,630.4,384.99,635.15,393.44
ch2_ohr_ncp_20240425T1012478407_d_img_d18_x08320_y14720.png,0.2158,598.72,1.44,616.91,20.19
ch2_ohr_ncp_20240425T1012478407_d_img_d18_x08320_y21120.png,0.2188,635.01,356.35,639.52,361.82
ch2_ohr_ncp_20240425T1012478407_d_img_d18_x08320_y23040.png,0.2737,90.66,633.55,96.71,639.32
ch2_ohr_ncp_20240425T1012478407_d_img_d18_x08320_y23040.png,0.2221,310.91,493.91,322.06,513.41
ch2_ohr_ncp_20240425T1012478407_d_img_d18_x08320_y48640.png,0.249,121.66,136.48,127.63,143.55
ch2_ohr_ncp_20240425T1012478407_d_img_d18_x08320_y66560.png,0.2553,633.77,8.48,639.41,18.0
ch2_ohr_ncp_20240425T1012478407_d_img_d18_x08320_y82560.png,0.2159,604.26,633.4,608.91,638.93
ch2_ohr_ncp_20240425T1012478407_d_img_d18_x08320_y83840.png,0.2517,98.16,0.2,105.72,6.1
ch2_ohr_ncp_20240425T1012478407_d_img_d18_x08320_y83840.png,0.2141,111.23,485.64,120.84,497.01
ch2_ohr_ncp_20240425T1012478407_d_img_d18_x08320_y83840.png,0.2116,235.91,423.86,244.37,433.41
ch2_ohr_ncp_20240425T1012478407_d_img_d18_x08320_y87040.png,0.2059,302.39,632.73,311.61,639.89
ch2_ohr_ncp_20240425T1012478407_d_img_d18_x08320_y89600.png,0.2346,180.73,205.72,186.77,213.34
ch2_ohr_ncp_20240425T1012478407_d_img_d18_x08320_y89600.png,0.225,482.32,148.9,489.73,156.76
ch2_ohr_ncp_20240425T1012478407_d_img_d18_x08320_y91520.png,0.2448,573.12,399.08,578.88,404.86
ch2_ohr_ncp_20240425T1012478407_d_img_d18_x08320_y91520.png,0.23,564.23,378.45,570.23,386.01
ch2_ohr_ncp_20240425T1012478407_d_img_d18_x08960_y39040.png,0.3642,626.69,109.39,633.87,119.17
ch2_ohr_ncp_20240425T1012478407_d_img_d18_x08960_y39680.png,0.2642,277.84,332.48,284.62,341.38
ch2_ohr_ncp_20240425T1012478407_d_img_d18_x08960_y39680.png,0.2238,199.8,632.8,205.37,639.06
ch2_ohr_ncp_20240425T1012478407_d_img_d18_x08960_y39680.png,0.2095,572.28,630.9,579.08,637.95
ch2_ohr_ncp_20240425T1012478407_d_img_d18_x08960_y51840.png,0.2269,511.63,632.84,521.87,639.87
ch2_ohr_ncp_20240425T1012478407_d_img_d18_x08960_y59520.png,0.2588,270.27,622.88,282.8,637.8
ch2_ohr_ncp_20240425T1012478407_d_img_d18_x08960_y67200.png,0.256,518.03,576.01,526.56,583.95
ch2_ohr_ncp_20240425T1012478407_d_img_d18_x08960_y67200.png,0.2001,51.57,1.19,56.33,7.74
ch2_ohr_ncp_20240425T1012478407_d_img_d18_x08960_y76800.png,0.2335,391.5,389.53,402.67,401.31
ch2_ohr_ncp_20240425T1012478407_d_img_d18_x08960_y82560.png,0.2202,449.46,629.44,458.11,637.92
ch2_ohr_ncp_20240425T1012478407_d_img_d18_x08960_y86400.png,0.2,78.22,412.56,84.71,419.7
ch2_ohr_ncp_20240425T1012478407_d_img_d18_x08960_y89600.png,0.3234,70.76,589.47,75.87,595.73
ch2_ohr_ncp_20240425T1012478407_d_img_d18_x08960_y89600.png,0.2516,109.77,621.45,116.03,628.43
ch2_ohr_ncp_20240425T1012478407_d_img_d18_x08960_y91520.png,0.2875,369.64,0.0,391.57,22.03
ch2_ohr_ncp_20240425T1012478407_d_img_d18_x09600_y14720.png,0.2212,261.19,555.23,266.93,562.33
ch2_ohr_ncp_20240425T1012478407_d_img_d18_x09600_y19840.png,0.2149,335.48,99.41,341.5,107.12
ch2_ohr_ncp_20240425T1012478407_d_img_d18_x09600_y31360.png,0.2921,283.49,632.4,290.55,639.23
ch2_ohr_ncp_20240425T1012478407_d_img_d18_x09600_y54400.png,0.2249,628.0,345.66,633.6,352.57
ch2_ohr_ncp_20240425T1012478407_d_img_d18_x09600_y66560.png,0.2822,334.89,34.27,343.42,45.77
ch2_ohr_ncp_20240425T1012478407_d_img_d18_x09600_y66560.png,0.2594,494.91,316.24,502.91,328.17
ch2_ohr_ncp_20240425T1012478407_d_img_d18_x09600_y66560.png,0.2363,70.84,42.47,77.57,50.01
ch2_ohr_ncp_20240425T1012478407_d_img_d18_x09600_y66560.png,0.2361,190.4,109.45,195.85,115.19
ch2_ohr_ncp_20240425T1012478407_d_img_d18_x09600_y66560.png,0.2234,243.9,312.08,249.35,317.92
ch2_ohr_ncp_20240425T1012478407_d_img_d18_x09600_y66560.png,0.2069,210.8,111.91,216.95,121.53
ch2_ohr_ncp_20240425T1012478407_d_img_d18_x09600_y67200.png,0.2779,391.88,36.65,398.17,46.12
ch2_ohr_ncp_20240425T1012478407_d_img_d18_x09600_y71680.png,0.2454,349.64,180.24,356.41,188.06
ch2_ohr_ncp_20240425T1012478407_d_img_d18_x09600_y83200.png,0.2,501.71,174.82,515.54,196.57
ch2_ohr_ncp_20240425T1012478407_d_img_d18_x09600_y87680.png,0.2061,377.14,627.9,386.8,638.46
ch2_ohr_ncp_20240425T1012478407_d_img_d18_x09600_y91520.png,0.2873,633.51,176.61,640.0,189.4
ch2_ohr_ncp_20240425T1012478407_d_img_d18_x09600_y91520.png,0.2827,5.8,73.49,12.56,78.69
ch2_ohr_ncp_20240425T1012478407_d_img_d18_x09600_y91520.png,0.2823,333.64,351.85,338.29,356.43
ch2_ohr_ncp_20240425T1012478407_d_img_d18_x09600_y91520.png,0.2187,384.04,117.02,399.28,133.52
ch2_ohr_ncp_20240425T1012478407_d_img_d18_x10240_y10880.png,0.2211,509.98,573.37,515.63,578.89
ch2_ohr_ncp_20240425T1012478407_d_img_d18_x10240_y10880.png,0.2155,549.31,163.34,558.53,173.41
ch2_ohr_ncp_20240425T1012478407_d_img_d18_x10240_y23040.png,0.346,628.11,507.37,635.96,518.03
ch2_ohr_ncp_20240425T1012478407_d_img_d18_x10240_y50560.png,0.2356,467.37,4.43,473.23,13.89
ch2_ohr_ncp_20240425T1012478407_d_img_d18_x10240_y52480.png,0.3122,630.42,320.03,639.11,335.15
ch2_ohr_ncp_20240425T1012478407_d_img_d18_x10240_y91520.png,0.2697,121.19,233.35,130.94,245.66
ch2_ohr_ncp_20240425T1012478407_d_img_d18_x11520_y05120.png,0.2544,0.01,258.84,12.99,292.81
ch2_ohr_ncp_20240425T1012478407_d_img_d18_x11520_y12800.png,0.2263,2.11,631.99,8.44,639.5
ch2_ohr_ncp_20240425T1012478407_d_img_d18_x11520_y27520.png,0.2005,463.87,626.48,480.03,639.92
ch2_ohr_ncp_20240425T1012478407_d_img_d18_x11520_y64000.png,0.2152,469.64,632.51,478.82,639.12
ch2_ohr_ncp_20240425T1012478407_d_img_d18_x11520_y86400.png,0.232,27.23,633.15,32.39,639.5
ch2_ohr_ncp_20240425T1012478407_d_img_d18_x11520_y90880.png,0.205,5.56,172.39,12.55,180.82
ch2_ohr_ncp_20240425T1209509264_d_img_d18_x00000_y20480.png,0.254,13.24,633.38,18.47,639.0
ch2_ohr_ncp_20240425T1209509264_d_img_d18_x00000_y30080.png,0.2126,2.56,630.98,9.26,638.72
ch2_ohr_ncp_20240425T1209509264_d_img_d18_x00000_y56960.png,0.2258,483.15,180.61,501.39,206.27
ch2_ohr_ncp_20240425T1209509264_d_img_d18_x00000_y58240.png,0.2144,477.05,629.15,482.6,636.99
ch2_ohr_ncp_20240425T1209509264_d_img_d18_x00000_y59520.png,0.2095,627.42,624.54,633.68,632.76
ch2_ohr_ncp_20240425T1209509264_d_img_d18_x00000_y88320.png,0.2599,339.89,325.34,347.4,332.62
ch2_ohr_ncp_20240425T1209509264_d_img_d18_x00000_y88320.png,0.2233,561.08,258.28,565.78,263.61
ch2_ohr_ncp_20240425T1209509264_d_img_d18_x00640_y00640.png,0.241,608.23,629.33,618.2,639.23
ch2_ohr_ncp_20240425T1209509264_d_img_d18_x00640_y03200.png,0.3054,180.55,627.14,187.32,635.62
ch2_ohr_ncp_20240425T1209509264_d_img_d18_x00640_y03840.png,0.2488,383.3,163.95,393.99,177.61
ch2_ohr_ncp_20240425T1209509264_d_img_d18_x00640_y16640.png,0.2214,606.86,627.92,621.2,639.56
ch2_ohr_ncp_20240425T1209509264_d_img_d18_x00640_y18560.png,0.2329,444.99,85.0,463.47,106.17
ch2_ohr_ncp_20240425T1209509264_d_img_d18_x00640_y20480.png,0.2662,213.38,91.03,219.52,99.59
ch2_ohr_ncp_20240425T1209509264_d_img_d18_x00640_y26240.png,0.3094,63.64,632.39,76.76,640.0
ch2_ohr_ncp_20240425T1209509264_d_img_d18_x00640_y26240.png,0.2773,347.93,197.9,356.82,206.84
ch2_ohr_ncp_20240425T1209509264_d_img_d18_x00640_y26240.png,0.2609,169.49,199.65,176.27,209.03
ch2_ohr_ncp_20240425T1209509264_d_img_d18_x00640_y26240.png,0.2573,149.0,291.62,184.56,323.33
ch2_ohr_ncp_20240425T1209509264_d_img_d18_x00640_y26240.png,0.2182,198.83,248.69,218.69,267.1
ch2_ohr_ncp_20240425T1209509264_d_img_d18_x00640_y26240.png,0.2091,460.05,539.01,467.61,547.28
ch2_ohr_ncp_20240425T1209509264_d_img_d18_x00640_y28160.png,0.2255,438.28,541.82,445.44,549.14
ch2_ohr_ncp_20240425T1209509264_d_img_d18_x00640_y28160.png,0.2152,626.0,270.02,633.71,278.73
ch2_ohr_ncp_20240425T1209509264_d_img_d18_x00640_y29440.png,0.3456,3.11,633.77,9.77,639.67
ch2_ohr_ncp_20240425T1209509264_d_img_d18_x00640_y30720.png,0.2573,623.55,484.72,632.45,500.05
ch2_ohr_ncp_20240425T1209509264_d_img_d18_x00640_y32640.png,0.2433,634.23,53.04,639.41,60.27
ch2_ohr_ncp_20240425T1209509264_d_img_d18_x00640_y32640.png,0.2263,554.53,561.54,561.36,570.3
ch2_ohr_ncp_20240425T1209509264_d_img_d18_x00640_y32640.png,0.2157,419.4,591.4,426.06,598.6
ch2_ohr_ncp_20240425T1209509264_d_img_d18_x00640_y34560.png,0.2549,620.12,101.88,634.88,118.1
ch2_ohr_ncp_20240425T1209509264_d_img_d18_x00640_y35840.png,0.2806,474.25,390.51,482.32,397.04
ch2_ohr_ncp_20240425T1209509264_d_img_d18_x00640_y35840.png,0.2618,285.13,61.75,292.03,69.27
ch2_ohr_ncp_20240425T1209509264_d_img_d18_x00640_y35840.png,0.2378,473.72,389.67,481.25,396.29
ch2_ohr_ncp_20240425T1209509264_d_img_d18_x00640_y39680.png,0.2145,109.14,406.42,114.78,412.64
ch2_ohr_ncp_20240425T1209509264_d_img_d18_x00640_y41600.png,0.3494,108.07,61.04,114.39,68.4
ch2_ohr_ncp_20240425T1209509264_d_img_d18_x00640_y42240.png,0.384,439.29,30.18,448.27,42.98
ch2_ohr_ncp_20240425T1209509264_d_img_d18_x00640_y42240.png,0.3218,181.86,619.1,188.2,626.33
ch2_ohr_ncp_20240425T1209509264_d_img_d18_x00640_y42240.png,0.2731,406.31,63.87,416.91,78.38
ch2_ohr_ncp_20240425T1209509264_d_img_d18_x00640_y42240.png,0.2668,390.43,47.54,395.79,51.64
ch2_ohr_ncp_20240425T1209509264_d_img_d18_x00640_y42240.png,0.2666,66.57,622.44,97.56,640.0
ch2_ohr_ncp_20240425T1209509264_d_img_d18_x00640_y42240.png,0.2555,144.35,0.0,151.78,4.44
ch2_ohr_ncp_20240425T1209509264_d_img_d18_x00640_y42240.png,0.2434,509.03,533.52,514.39,540.97
ch2_ohr_ncp_20240425T1209509264_d_img_d18_x00640_y42240.png,0.2406,390.44,48.04,395.46,52.52
ch2_ohr_ncp_20240425T1209509264_d_img_d18_x00640_y42240.png,0.2368,292.9,353.27,297.8,358.86
ch2_ohr_ncp_20240425T1209509264_d_img_d18_x00640_y42240.png,0.2365,195.42,443.66,201.99,450.02
ch2_ohr_ncp_20240425T1209509264_d_img_d18_x00640_y42240.png,0.233,403.3,366.56,410.84,374.44
ch2_ohr_ncp_20240425T1209509264_d_img_d18_x00640_y42240.png,0.23,525.12,582.98,534.35,593.02
ch2_ohr_ncp_20240425T1209509264_d_img_d18_x00640_y42240.png,0.23,486.55,58.59,494.5,66.65
ch2_ohr_ncp_20240425T1209509264_d_img_d18_x00640_y42240.png,0.2236,248.32,632.12,256.04,639.33
ch2_ohr_ncp_20240425T1209509264_d_img_d18_x00640_y42240.png,0.2141,566.3,83.23,576.47,95.18
ch2_ohr_ncp_20240425T1209509264_d_img_d18_x00640_y42240.png,0.2021,75.93,570.36,81.37,577.33
ch2_ohr_ncp_20240425T1209509264_d_img_d18_x00640_y42240.png,0.2017,302.59,366.78,308.32,373.91
ch2_ohr_ncp_20240425T1209509264_d_img_d18_x00640_y43520.png,0.2548,100.67,453.67,108.41,462.07
ch2_ohr_ncp_20240425T1209509264_d_img_d18_x00640_y44800.png,0.2146,628.63,283.68,634.36,292.72
ch2_ohr_ncp_20240425T1209509264_d_img_d18_x00640_y49920.png,0.3032,144.21,630.46,152.62,639.88
ch2_ohr_ncp_20240425T1209509264_d_img_d18_x00640_y49920.png,0.2587,472.96,181.77,477.98,189.9
ch2_ohr_ncp_20240425T1209509264_d_img_d18_x00640_y51200.png,0.2547,589.8,445.45,595.61,453.63
ch2_ohr_ncp_20240425T1209509264_d_img_d18_x00640_y51200.png,0.2276,148.32,573.16,178.15,607.11
ch2_ohr_ncp_20240425T1209509264_d_img_d18_x00640_y51200.png,0.2092,487.55,622.44,499.85,636.99
ch2_ohr_ncp_20240425T1209509264_d_img_d18_x00640_y51840.png,0.2116,629.62,572.53,635.3,580.54
ch2_ohr_ncp_20240425T1209509264_d_img_d18_x00640_y53120.png,0.2568,124.97,381.71,130.33,388.72
ch2_ohr_ncp_20240425T1209509264_d_img_d18_x00640_y53120.png,0.2024,174.6,286.36,179.58,292.4
ch2_ohr_ncp_20240425T1209509264_d_img_d18_x00640_y71040.png,0.3271,625.9,259.66,635.34,270.49
ch2_ohr_ncp_20240425T1209509264_d_img_d18_x00640_y74240.png,0.3187,173.96,540.6,179.81,546.66
ch2_ohr_ncp_20240425T1209509264_d_img_d18_x00640_y75520.png,0.2436,532.34,632.41,538.46,639.64
ch2_ohr_ncp_20240425T1209509264_d_img_d18_x00640_y80000.png,0.2523,388.89,171.77,400.23,184.36
ch2_ohr_ncp_20240425T1209509264_d_img_d18_x00640_y82560.png,0.2142,503.8,551.35,511.83,559.79
ch2_ohr_ncp_20240425T1209509264_d_img_d18_x00640_y82560.png,0.2103,163.57,254.99,170.49,262.86
ch2_ohr_ncp_20240425T1209509264_d_img_d18_x00640_y83840.png,0.4604,373.16,211.51,378.75,220.1
ch2_ohr_ncp_20240425T1209509264_d_img_d18_x00640_y83840.png,0.4588,295.5,177.78,301.77,182.94
ch2_ohr_ncp_20240425T1209509264_d_img_d18_x00640_y83840.png,0.4051,373.86,211.57,380.37,220.21
ch2_ohr_ncp_20240425T1209509264_d_img_d18_x00640_y83840.png,0.3715,268.29,32.87,273.66,38.45
ch2_ohr_ncp_20240425T1209509264_d_img_d18_x00640_y83840.png,0.3399,234.76,3.0,239.16,8.54
ch2_ohr_ncp_20240425T1209509264_d_img_d18_x00640_y83840.png,0.333,354.58,140.0,358.8,144.67
ch2_ohr_ncp_20240425T1209509264_d_img_d18_x00640_y83840.png,0.3281,302.17,105.09,308.25,110.5
ch2_ohr_ncp_20240425T1209509264_d_img_d18_x00640_y83840.png,0.2755,234.32,3.8,238.86,8.99
ch2_ohr_ncp_20240425T1209509264_d_img_d18_x00640_y83840.png,0.2682,491.15,31.41,497.53,37.45
ch2_ohr_ncp_20240425T1209509264_d_img_d18_x00640_y83840.png,0.2566,463.95,67.13,468.33,72.39
ch2_ohr_ncp_20240425T1209509264_d_img_d18_x00640_y83840.png,0.2557,368.7,148.78,372.89,154.01
ch2_ohr_ncp_20240425T1209509264_d_img_d18_x00640_y83840.png,0.2256,450.59,232.61,455.5,237.76
ch2_ohr_ncp_20240425T1209509264_d_img_d18_x00640_y83840.png,0.218,354.93,139.42,359.32,144.35
ch2_ohr_ncp_20240425T1209509264_d_img_d18_x00640_y83840.png,0.2069,493.15,226.33,496.98,230.96
ch2_ohr_ncp_20240425T1209509264_d_img_d18_x00640_y83840.png,0.2035,400.79,123.03,405.31,128.37
ch2_ohr_ncp_20240425T1209509264_d_img_d18_x00640_y84480.png,0.409,85.31,393.42,94.21,401.42
ch2_ohr_ncp_20240425T1209509264_d_img_d18_x00640_y84480.png,0.3587,502.93,462.18,511.01,469.24
ch2_ohr_ncp_20240425T1209509264_d_img_d18_x00640_y84480.png,0.3447,416.18,363.55,422.22,368.05
ch2_ohr_ncp_20240425T1209509264_d_img_d18_x00640_y84480.png,0.3437,565.04,519.76,570.9,526.27
ch2_ohr_ncp_20240425T1209509264_d_img_d18_x00640_y84480.png,0.3275,517.61,464.98,523.4,472.38
ch2_ohr_ncp_20240425T1209509264_d_img_d18_x00640_y84480.png,0.3235,134.05,324.92,140.85,331.44
ch2_ohr_ncp_20240425T1209509264_d_img_d18_x00640_y84480.png,0.2823,476.9,451.1,482.3,456.38
ch2_ohr_ncp_20240425T1209509264_d_img_d18_x00640_y84480.png,0.2684,112.76,590.9,122.92,601.65
ch2_ohr_ncp_20240425T1209509264_d_img_d18_x00640_y84480.png,0.24,77.6,585.87,82.19,592.15
ch2_ohr_ncp_20240425T1209509264_d_img_d18_x00640_y84480.png,0.2352,444.44,517.67,450.34,524.55
ch2_ohr_ncp_20240425T1209509264_d_img_d18_x00640_y84480.png,0.2332,564.98,588.65,571.45,597.63
ch2_ohr_ncp_20240425T1209509264_d_img_d18_x00640_y84480.png,0.2298,406.07,485.92,411.1,491.39
ch2_ohr_ncp_20240425T1209509264_d_img_d18_x00640_y84480.png,0.2294,525.07,478.7,530.63,484.55
ch2_ohr_ncp_20240425T1209509264_d_img_d18_x00640_y84480.png,0.2165,64.58,583.85,74.01,593.99
ch2_ohr_ncp_20240425T1209509264_d_img_d18_x00640_y84480.png,0.2097,11.64,567.97,15.58,572.13
ch2_ohr_ncp_20240425T1209509264_d_img_d18_x00640_y84480.png,0.2067,467.7,538.96,473.91,544.95
ch2_ohr_ncp_20240425T1209509264_d_img_d18_x00640_y84480.png,0.2052,68.04,625.31,74.6,632.6
ch2_ohr_ncp_20240425T1209509264_d_img_d18_x00640_y86400.png,0.2751,332.79,622.39,347.24,639.2
ch2_ohr_ncp_20240425T1209509264_d_img_d18_x00640_y86400.png,0.211,239.8,374.71,247.89,382.52
ch2_ohr_ncp_20240425T1209509264_d_img_d18_x00640_y86400.png,0.2107,355.48,526.75,362.77,534.13
ch2_ohr_ncp_20240425T1209509264_d_img_d18_x00640_y86400.png,0.2056,566.21,515.73,573.43,521.81
ch2_ohr_ncp_20240425T1209509264_d_img_d18_x00640_y89600.png,0.2267,602.87,629.78,611.4,639.72
ch2_ohr_ncp_20240425T1209509264_d_img_d18_x00640_y89600.png,0.2042,592.77,633.23,598.92,639.73
ch2_ohr_ncp_20240425T1209509264_d_img_d18_x00640_y90880.png,0.2736,624.07,176.57,632.06,183.52
ch2_ohr_ncp_20240425T1209509264_d_img_d18_x00640_y92160.png,0.2417,231.02,207.6,237.15,215.78
ch2_ohr_ncp_20240425T1209509264_d_img_d18_x00640_y93440.png,0.2535,11.79,62.85,40.35,95.41
ch2_ohr_ncp_20240425T1209509264_d_img_d18_x00640_y93440.png,0.231,383.19,155.28,392.45,166.3
ch2_ohr_ncp_20240425T1209509264_d_img_d18_x01280_y00640.png,0.2865,42.99,633.49,49.23,639.66
ch2_ohr_ncp_20240425T1209509264_d_img_d18_x01280_y00640.png,0.2072,611.24,633.42,617.8,639.82
ch2_ohr_ncp_20240425T1209509264_d_img_d18_x01280_y00640.png,0.2059,221.9,524.0,229.39,531.63
ch2_ohr_ncp_20240425T1209509264_d_img_d18_x01280_y00640.png,0.2041,147.3,631.64,153.77,638.62
ch2_ohr_ncp_20240425T1209509264_d_img_d18_x01280_y01280.png,0.2269,571.98,631.72,576.78,638.69
ch2_ohr_ncp_20240425T1209509264_d_img_d18_x01280_y01920.png,0.2134,632.3,60.6,638.48,69.98
ch2_ohr_ncp_20240425T1209509264_d_img_d18_x01280_y01920.png,0.2045,528.78,57.62,536.16,65.26
ch2_ohr_ncp_20240425T1209509264_d_img_d18_x01280_y02560.png,0.2348,465.57,620.07,473.67,628.66
ch2_ohr_ncp_20240425T1209509264_d_img_d18_x01280_y02560.png,0.2137,131.9,430.92,137.04,436.33
ch2_ohr_ncp_20240425T1209509264_d_img_d18_x01280_y03200.png,0.2448,539.95,629.55,552.26,640.0
ch2_ohr_ncp_20240425T1209509264_d_img_d18_x01280_y03840.png,0.3429,521.22,34.87,527.44,41.12
ch2_ohr_ncp_20240425T1209509264_d_img_d18_x01280_y17920.png,0.2234,542.81,604.97,548.49,613.19
ch2_ohr_ncp_20240425T1209509264_d_img_d18_x01280_y18560.png,0.2622,116.81,219.04,142.84,246.15
ch2_ohr_ncp_20240425T1209509264_d_img_d18_x01280_y18560.png,0.227,485.68,306.59,498.42,318.85
ch2_ohr_ncp_20240425T1209509264_d_img_d18_x01280_y23040.png,0.4466,533.54,14.65,538.28,20.42
ch2_ohr_ncp_20240425T1209509264_d_img_d18_x01280_y23040.png,0.3735,264.43,27.57,269.68,34.61
ch2_ohr_ncp_20240425T1209509264_d_img_d18_x01280_y23040.png,0.3488,526.09,140.17,536.92,150.75
ch2_ohr_ncp_20240425T1209509264_d_img_d18_x01280_y23040.png,0.3415,126.94,48.68,135.18,58.79
ch2_ohr_ncp_20240425T1209509264_d_img_d18_x01280_y23040.png,0.3156,558.52,47.65,562.46,52.08
ch2_ohr_ncp_20240425T1209509264_d_img_d18_x01280_y23040.png,0.3134,301.82,46.4,307.9,53.14
ch2_ohr_ncp_20240425T1209509264_d_img_d18_x01280_y23040.png,0.3112,225.37,34.13,231.95,43.06
ch2_ohr_ncp_20240425T1209509264_d_img_d18_x01280_y23040.png,0.3007,236.7,74.36,243.82,81.41
ch2_ohr_ncp_20240425T1209509264_d_img_d18_x01280_y23040.png,0.2915,48.43,79.65,54.04,84.41
ch2_ohr_ncp_20240425T1209509264_d_img_d18_x01280_y23040.png,0.2764,257.01,65.87,263.06,71.46
ch2_ohr_ncp_20240425T1209509264_d_img_d18_x01280_y23040.png,0.2721,165.58,135.35,170.64,140.28
ch2_ohr_ncp_20240425T1209509264_d_img_d18_x01280_y23040.png,0.2703,250.27,100.12,255.37,106.06
ch2_ohr_ncp_20240425T1209509264_d_img_d18_x01280_y23040.png,0.2608,206.27,64.88,212.32,71.27
ch2_ohr_ncp_20240425T1209509264_d_img_d18_x01280_y23040.png,0.2503,619.57,0.47,625.49,6.77
ch2_ohr_ncp_20240425T1209509264_d_img_d18_x01280_y23040.png,0.2422,85.44,100.83,93.66,109.48
ch2_ohr_ncp_20240425T1209509264_d_img_d18_x01280_y23040.png,0.2277,490.99,0.0,501.12,6.68
ch2_ohr_ncp_20240425T1209509264_d_img_d18_x01280_y23040.png,0.2272,428.18,45.97,434.42,54.99
ch2_ohr_ncp_20240425T1209509264_d_img_d18_x01280_y23040.png,0.2238,48.2,67.03,53.86,73.02
ch2_ohr_ncp_20240425T1209509264_d_img_d18_x01280_y23040.png,0.2212,618.72,0.28,624.94,5.93
ch2_ohr_ncp_20240425T1209509264_d_img_d18_x01280_y23040.png,0.2177,55.44,143.57,60.39,147.82
ch2_ohr_ncp_20240425T1209509264_d_img_d18_x01280_y23040.png,0.2164,115.24,160.9,120.18,165.94
ch2_ohr_ncp_20240425T1209509264_d_img_d18_x01280_y23040.png,0.2156,196.47,160.25,203.55,166.9
ch2_ohr_ncp_20240425T1209509264_d_img_d18_x01280_y23040.png,0.2115,131.84,112.95,137.35,118.88
ch2_ohr_ncp_20240425T1209509264_d_img_d18_x01280_y23040.png,0.2019,158.83,79.57,164.9,85.45
ch2_ohr_ncp_20240425T1209509264_d_img_d18_x01280_y23040.png,0.2014,285.25,77.99,290.65,83.04
ch2_ohr_ncp_20240425T1209509264_d_img_d18_x01280_y23040.png,0.201,48.11,55.06,52.94,60.76
ch2_ohr_ncp_20240425T1209509264_d_img_d18_x01280_y23680.png,0.451,295.98,510.1,303.34,516.81
ch2_ohr_ncp_20240425T1209509264_d_img_d18_x01280_y23680.png,0.4218,508.2,320.23,513.76,326.8
ch2_ohr_ncp_20240425T1209509264_d_img_d18_x01280_y23680.png,0.3939,98.48,339.35,109.62,354.18
ch2_ohr_ncp_20240425T1209509264_d_img_d18_x01280_y23680.png,0.3921,489.09,618.39,495.15,625.55
ch2_ohr_ncp_20240425T1209509264_d_img_d18_x01280_y23680.png,0.3565,403.3,333.65,412.0,342.09
ch2_ohr_ncp_20240425T1209509264_d_img_d18_x01280_y23680.png,0.356,118.57,590.97,123.78,597.4
ch2_ohr_ncp_20240425T1209509264_d_img_d18_x01280_y23680.png,0.3464,590.24,625.8,598.26,636.48
ch2_ohr_ncp_20240425T1209509264_d_img_d18_x01280_y23680.png,0.3419,244.65,231.5,250.18,237.53
ch2_ohr_ncp_20240425T1209509264_d_img_d18_x01280_y23680.png,0.3419,9.23,359.25,13.92,365.02
ch2_ohr_ncp_20240425T1209509264_d_img_d18_x01280_y23680.png,0.3383,629.87,240.51,635.35,247.07
ch2_ohr_ncp_20240425T1209509264_d_img_d18_x01280_y23680.png,0.3372,497.4,330.8,504.54,339.25
ch2_ohr_ncp_20240425T1209509264_d_img_d18_x01280_y23680.png,0.3338,532.01,240.98,538.9,249.75
ch2_ohr_ncp_20240425T1209509264_d_img_d18_x01280_y23680.png,0.3333,364.4,622.89,371.38,629.88
ch2_ohr_ncp_20240425T1209509264_d_img_d18_x01280_y23680.png,0.33,83.76,593.25,99.69,609.77
ch2_ohr_ncp_20240425T1209509264_d_img_d18_x01280_y23680.png,0.3291,507.72,600.7,512.6,606.56
ch2_ohr_ncp_20240425T1209509264_d_img_d18_x01280_y23680.png,0.3259,53.17,406.14,61.6,415.07
ch2_ohr_ncp_20240425T1209509264_d_img_d18_x01280_y23680.png,0.3253,41.88,396.49,51.14,406.0
ch2_ohr_ncp_20240425T1209509264_d_img_d18_x01280_y23680.png,0.3248,243.41,260.91,269.58,292.51
ch2_ohr_ncp_20240425T1209509264_d_img_d18_x01280_y23680.png,0.3186,489.66,617.38,495.77,625.17
ch2_ohr_ncp_20240425T1209509264_d_img_d18_x01280_y23680.png,0.3173,437.21,625.57,443.41,633.14
ch2_ohr_ncp_20240425T1209509264_d_img_d18_x01280_y23680.png,0.3167,486.18,579.38,492.49,586.79
ch2_ohr_ncp_20240425T1209509264_d_img_d18_x01280_y23680.png,0.3062,219.63,216.12,224.95,222.16
ch2_ohr_ncp_20240425T1209509264_d_img_d18_x01280_y23680.png,0.3055,527.78,627.02,535.21,633.97
ch2_ohr_ncp_20240425T1209509264_d_img_d18_x01280_y23680.png,0.2974,0.08,419.4,8.21,432.85
ch2_ohr_ncp_20240425T1209509264_d_img_d18_x01280_y23680.png,0.295,436.98,302.44,442.65,307.83
ch2_ohr_ncp_20240425T1209509264_d_img_d18_x01280_y23680.png,0.2941,608.9,383.49,613.81,388.72
ch2_ohr_ncp_20240425T1209509264_d_img_d18_x01280_y23680.png,0.2902,494.3,339.47,500.63,347.05
ch2_ohr_ncp_20240425T1209509264_d_img_d18_x01280_y23680.png,0.2901,282.55,315.04,288.22,320.44
ch2_ohr_ncp_20240425T1209509264_d_img_d18_x01280_y23680.png,0.2866,483.25,566.93,491.81,576.12
ch2_ohr_ncp_20240425T1209509264_d_img_d18_x01280_y23680.png,0.2804,219.21,215.82,224.42,221.21
ch2_ohr_ncp_20240425T1209509264_d_img_d18_x01280_y23680.png,0.2686,500.54,468.68,506.97,476.89
ch2_ohr_ncp_20240425T1209509264_d_img_d18_x01280_y23680.png,0.2657,420.05,514.57,427.42,522.44
ch2_ohr_ncp_20240425T1209509264_d_img_d18_x01280_y23680.png,0.2647,70.62,420.12,76.58,425.24
ch2_ohr_ncp_20240425T1209509264_d_img_d18_x01280_y23680.png,0.2631,412.5,492.57,420.54,500.36
ch2_ohr_ncp_20240425T1209509264_d_img_d18_x01280_y23680.png,0.2586,481.4,633.14,488.15,638.67
ch2_ohr_ncp_20240425T1209509264_d_img_d18_x01280_y23680.png,0.252,323.96,447.26,329.79,453.31
ch2_ohr_ncp_20240425T1209509264_d_img_d18_x01280_y23680.png,0.2519,402.5,439.28,409.94,446.29
ch2_ohr_ncp_20240425T1209509264_d_img_d18_x01280_y23680.png,0.2518,507.05,600.01,512.1,606.15
ch2_ohr_ncp_20240425T1209509264_d_img_d18_x01280_y23680.png,0.2517,543.23,244.07,548.98,252.86
ch2_ohr_ncp_20240425T1209509264_d_img_d18_x01280_y23680.png,0.2494,75.1,633.11,79.9,638.93
ch2_ohr_ncp_20240425T1209509264_d_img_d18_x01280_y23680.png,0.245,284.54,144.85,288.52,149.74
ch2_ohr_ncp_20240425T1209509264_d_img_d18_x01280_y23680.png,0.2429,339.58,606.18,345.35,613.06
ch2_ohr_ncp_20240425T1209509264_d_img_d18_x01280_y23680.png,0.2407,264.58,357.56,270.63,363.22
ch2_ohr_ncp_20240425T1209509264_d_img_d18_x01280_y23680.png,0.2389,602.24,633.68,607.66,639.15
ch2_ohr_ncp_20240425T1209509264_d_img_d18_x01280_y23680.png,0.2374,100.1,310.55,104.79,315.56
ch2_ohr_ncp_20240425T1209509264_d_img_d18_x01280_y23680.png,0.2327,185.57,559.05,191.5,564.93
ch2_ohr_ncp_20240425T1209509264_d_img_d18_x01280_y23680.png,0.2296,308.71,602.53,315.95,613.2
ch2_ohr_ncp_20240425T1209509264_d_img_d18_x01280_y23680.png,0.228,109.63,382.31,114.34,387.22
ch2_ohr_ncp_20240425T1209509264_d_img_d18_x01280_y23680.png,0.226,318.05,232.47,324.03,238.49
ch2_ohr_ncp_20240425T1209509264_d_img_d18_x01280_y23680.png,0.2248,102.24,400.99,111.12,410.62
ch2_ohr_ncp_20240425T1209509264_d_img_d18_x01280_y23680.png,0.2247,170.51,371.13,176.63,377.43
ch2_ohr_ncp_20240425T1209509264_d_img_d18_x01280_y23680.png,0.2244,381.57,633.58,387.41,638.85
ch2_ohr_ncp_20240425T1209509264_d_img_d18_x01280_y23680.png,0.2242,45.63,477.69,54.88,486.68
ch2_ohr_ncp_20240425T1209509264_d_img_d18_x01280_y23680.png,0.2241,626.93,625.46,636.77,638.65
ch2_ohr_ncp_20240425T1209509264_d_img_d18_x01280_y23680.png,0.2221,127.11,530.03,141.31,542.72
ch2_ohr_ncp_20240425T1209509264_d_img_d18_x01280_y23680.png,0.2195,91.21,458.95,114.18,490.04
ch2_ohr_ncp_20240425T1209509264_d_img_d18_x01280_y23680.png,0.2151,404.44,530.54,409.95,538.01
ch2_ohr_ncp_20240425T1209509264_d_img_d18_x01280_y23680.png,0.2149,368.5,330.15,378.1,337.81
ch2_ohr_ncp_20240425T1209509264_d_img_d18_x01280_y23680.png,0.2116,133.25,202.36,138.5,207.62
ch2_ohr_ncp_20240425T1209509264_d_img_d18_x01280_y23680.png,0.2111,98.89,630.01,107.08,638.06
ch2_ohr_ncp_20240425T1209509264_d_img_d18_x01280_y23680.png,0.2109,121.33,262.43,126.58,268.32
ch2_ohr_ncp_20240425T1209509264_d_img_d18_x01280_y23680.png,0.2103,281.51,326.55,291.59,338.22
ch2_ohr_ncp_20240425T1209509264_d_img_d18_x01280_y23680.png,0.2101,500.84,616.2,506.77,622.82
ch2_ohr_ncp_20240425T1209509264_d_img_d18_x01280_y23680.png,0.21,297.04,416.86,309.35,430.27
ch2_ohr_ncp_20240425T1209509264_d_img_d18_x01280_y23680.png,0.2099,353.23,358.71,358.3,364.85
ch2_ohr_ncp_20240425T1209509264_d_img_d18_x01280_y23680.png,0.2081,557.29,383.74,561.87,389.05
ch2_ohr_ncp_20240425T1209509264_d_img_d18_x01280_y23680.png,0.2041,634.72,596.73,639.63,602.91
ch2_ohr_ncp_20240425T1209509264_d_img_d18_x01280_y23680.png,0.2015,437.01,494.75,441.93,500.03
ch2_ohr_ncp_20240425T1209509264_d_img_d18_x01280_y23680.png,0.2011,403.94,568.66,408.92,574.65
ch2_ohr_ncp_20240425T1209509264_d_img_d18_x01280_y23680.png,0.2005,540.48,570.03,578.73,610.71
ch2_ohr_ncp_20240425T1209509264_d_img_d18_x01280_y24960.png,0.2085,501.51,545.54,509.7,559.78
ch2_ohr_ncp_20240425T1209509264_d_img_d18_x01280_y25600.png,0.2041,510.02,192.98,520.54,209.55
ch2_ohr_ncp_20240425T1209509264_d_img_d18_x01280_y25600.png,0.2021,35.87,501.13,56.83,525.84
ch2_ohr_ncp_20240425T1209509264_d_img_d18_x01280_y26240.png,0.3548,342.63,158.7,351.51,169.45
ch2_ohr_ncp_20240425T1209509264_d_img_d18_x01280_y26240.png,0.3085,484.93,13.93,490.32,20.84
ch2_ohr_ncp_20240425T1209509264_d_img_d18_x01280_y26240.png,0.2516,312.09,246.39,316.94,251.89
ch2_ohr_ncp_20240425T1209509264_d_img_d18_x01280_y26240.png,0.2427,312.9,245.71,317.37,251.14
ch2_ohr_ncp_20240425T1209509264_d_img_d18_x01280_y26240.png,0.2345,540.66,86.04,546.1,93.39
ch2_ohr_ncp_20240425T1209509264_d_img_d18_x01280_y26240.png,0.2337,479.4,37.34,488.9,46.29
ch2_ohr_ncp_20240425T1209509264_d_img_d18_x01280_y26240.png,0.2316,534.64,13.78,539.63,20.19
ch2_ohr_ncp_20240425T1209509264_d_img_d18_x01280_y26240.png,0.207,531.29,0.0,556.86,15.97
ch2_ohr_ncp_20240425T1209509264_d_img_d18_x01280_y28160.png,0.2724,315.45,633.0,322.22,639.55
ch2_ohr_ncp_20240425T1209509264_d_img_d18_x01280_y29440.png,0.2617,420.21,590.76,432.45,611.63
ch2_ohr_ncp_20240425T1209509264_d_img_d18_x01280_y29440.png,0.2423,573.25,57.09,578.02,61.98
ch2_ohr_ncp_20240425T1209509264_d_img_d18_x01280_y30080.png,0.2887,101.92,628.86,114.85,638.61
ch2_ohr_ncp_20240425T1209509264_d_img_d18_x01280_y30080.png,0.2252,501.14,187.97,513.34,201.51
ch2_ohr_ncp_20240425T1209509264_d_img_d18_x01280_y30080.png,0.2034,75.33,632.3,83.68,639.15
ch2_ohr_ncp_20240425T1209509264_d_img_d18_x01280_y30080.png,0.2005,475.24,632.23,482.18,639.8
ch2_ohr_ncp_20240425T1209509264_d_img_d18_x01280_y30720.png,0.217,420.19,631.94,426.09,639.15
ch2_ohr_ncp_20240425T1209509264_d_img_d18_x01280_y31360.png,0.2681,621.39,631.83,633.18,640.0
ch2_ohr_ncp_20240425T1209509264_d_img_d18_x01280_y32000.png,0.2026,343.53,268.91,358.93,293.34
ch2_ohr_ncp_20240425T1209509264_d_img_d18_x01280_y32640.png,0.2807,627.01,241.67,632.35,248.25
ch2_ohr_ncp_20240425T1209509264_d_img_d18_x01280_y32640.png,0.2064,316.83,633.09,322.57,639.78
ch2_ohr_ncp_20240425T1209509264_d_img_d18_x01280_y33280.png,0.4345,446.69,351.95,457.32,368.22
ch2_ohr_ncp_20240425T1209509264_d_img_d18_x01280_y34560.png,0.2067,361.55,629.91,375.14,640.0
ch2_ohr_ncp_20240425T1209509264_d_img_d18_x01280_y35200.png,0.3042,84.18,139.37,89.99,149.03
ch2_ohr_ncp_20240425T1209509264_d_img_d18_x01280_y35200.png,0.2917,445.41,46.95,452.36,53.87
ch2_ohr_ncp_20240425T1209509264_d_img_d18_x01280_y35200.png,0.2347,563.79,402.84,570.52,410.41
ch2_ohr_ncp_20240425T1209509264_d_img_d18_x01280_y35200.png,0.2302,199.65,597.32,207.57,607.05
ch2_ohr_ncp_20240425T1209509264_d_img_d18_x01280_y35200.png,0.2158,382.61,624.44,392.12,636.43
ch2_ohr_ncp_20240425T1209509264_d_img_d18_x01280_y35200.png,0.2155,566.42,36.01,572.27,43.9
ch2_ohr_ncp_20240425T1209509264_d_img_d18_x01280_y35200.png,0.2035,230.81,106.28,237.72,115.35
ch2_ohr_ncp_20240425T1209509264_d_img_d18_x01280_y35840.png,0.2038,293.08,466.97,306.07,480.88
ch2_ohr_ncp_20240425T1209509264_d_img_d18_x01280_y40320.png,0.3237,213.51,268.15,225.37,281.47
ch2_ohr_ncp_20240425T1209509264_d_img_d18_x01280_y40320.png,0.2564,107.03,623.75,115.23,632.9
ch2_ohr_ncp_20240425T1209509264_d_img_d18_x01280_y40960.png,0.2265,352.96,32.15,359.11,39.12
ch2_ohr_ncp_20240425T1209509264_d_img_d18_x01280_y42880.png,0.407,567.28,620.56,578.17,636.73
ch2_ohr_ncp_20240425T1209509264_d_img_d18_x01280_y42880.png,0.4003,308.58,620.44,315.82,629.49
ch2_ohr_ncp_20240425T1209509264_d_img_d18_x01280_y42880.png,0.2778,419.7,556.89,427.48,564.98
ch2_ohr_ncp_20240425T1209509264_d_img_d18_x01280_y42880.png,0.2245,631.59,527.41,638.4,533.83
ch2_ohr_ncp_20240425T1209509264_d_img_d18_x01280_y42880.png,0.216,188.75,199.45,195.71,206.57
ch2_ohr_ncp_20240425T1209509264_d_img_d18_x01280_y44160.png,0.2335,547.76,550.2,564.78,571.56
ch2_ohr_ncp_20240425T1209509264_d_img_d18_x01280_y45440.png,0.2553,279.65,466.66,288.2,477.7
ch2_ohr_ncp_20240425T1209509264_d_img_d18_x01280_y51200.png,0.2518,213.87,225.56,228.0,240.14
ch2_ohr_ncp_20240425T1209509264_d_img_d18_x01280_y51200.png,0.2072,262.96,628.05,273.64,638.59
ch2_ohr_ncp_20240425T1209509264_d_img_d18_x01280_y56320.png,0.2223,172.2,236.22,178.8,245.5
ch2_ohr_ncp_20240425T1209509264_d_img_d18_x01280_y66560.png,0.2061,309.26,631.3,320.86,639.59
ch2_ohr_ncp_20240425T1209509264_d_img_d18_x01280_y79360.png,0.2909,564.65,628.01,573.07,635.8
ch2_ohr_ncp_20240425T1209509264_d_img_d18_x01280_y79360.png,0.2531,565.94,627.74,575.2,635.98
ch2_ohr_ncp_20240425T1209509264_d_img_d18_x01280_y79360.png,0.2019,39.12,380.12,44.63,386.46
ch2_ohr_ncp_20240425T1209509264_d_img_d18_x01280_y80640.png,0.2004,485.69,633.59,497.27,640.0
ch2_ohr_ncp_20240425T1209509264_d_img_d18_x01280_y81280.png,0.204,205.1,301.53,210.39,308.53
ch2_ohr_ncp_20240425T1209509264_d_img_d18_x01280_y81920.png,0.2672,342.19,47.79,348.27,53.34
ch2_ohr_ncp_20240425T1209509264_d_img_d18_x01280_y81920.png,0.2324,420.55,103.81,425.97,110.16
ch2_ohr_ncp_20240425T1209509264_d_img_d18_x01280_y81920.png,0.2114,405.78,140.18,410.49,146.11
ch2_ohr_ncp_20240425T1209509264_d_img_d18_x01280_y82560.png,0.2486,628.43,436.19,635.54,445.97
ch2_ohr_ncp_20240425T1209509264_d_img_d18_x01280_y82560.png,0.2098,459.41,116.91,465.79,123.89
ch2_ohr_ncp_20240425T1209509264_d_img_d18_x01280_y83200.png,0.2647,179.3,63.92,184.99,73.57
ch2_ohr_ncp_20240425T1209509264_d_img_d18_x01280_y84480.png,0.2218,465.02,632.23,472.59,639.22
ch2_ohr_ncp_20240425T1209509264_d_img_d18_x01280_y84480.png,0.2143,621.74,630.24,631.78,639.18
ch2_ohr_ncp_20240425T1209509264_d_img_d18_x01280_y85120.png,0.3067,567.03,309.8,576.28,324.66
ch2_ohr_ncp_20240425T1209509264_d_img_d18_x01280_y85120.png,0.2353,190.84,31.1,200.22,40.52
ch2_ohr_ncp_20240425T1209509264_d_img_d18_x01280_y85760.png,0.2663,467.35,75.94,474.87,84.3
ch2_ohr_ncp_20240425T1209509264_d_img_d18_x01280_y87040.png,0.2365,469.48,621.08,478.19,630.21
ch2_ohr_ncp_20240425T1209509264_d_img_d18_x01280_y87040.png,0.2217,269.13,111.77,281.29,126.65
ch2_ohr_ncp_20240425T1209509264_d_img_d18_x01280_y88320.png,0.319,341.08,621.94,349.64,629.24
ch2_ohr_ncp_20240425T1209509264_d_img_d18_x01280_y88320.png,0.3136,339.71,622.22,349.2,630.63
ch2_ohr_ncp_20240425T1209509264_d_img_d18_x01280_y88320.png,0.2746,284.17,555.85,291.11,565.65
ch2_ohr_ncp_20240425T1209509264_d_img_d18_x01280_y88320.png,0.2608,281.62,633.76,289.56,639.51
ch2_ohr_ncp_20240425T1209509264_d_img_d18_x01280_y88320.png,0.253,37.83,60.32,46.71,72.98
ch2_ohr_ncp_20240425T1209509264_d_img_d18_x01280_y88320.png,0.242,557.14,11.35,565.28,21.65
ch2_ohr_ncp_20240425T1209509264_d_img_d18_x01280_y88320.png,0.2366,322.94,630.61,330.96,638.49
ch2_ohr_ncp_20240425T1209509264_d_img_d18_x01280_y88320.png,0.2337,631.03,243.73,638.78,251.63
ch2_ohr_ncp_20240425T1209509264_d_img_d18_x01280_y88320.png,0.2317,504.58,149.97,518.36,167.32
ch2_ohr_ncp_20240425T1209509264_d_img_d18_x01280_y88320.png,0.224,307.77,632.65,316.12,639.23
ch2_ohr_ncp_20240425T1209509264_d_img_d18_x01280_y88320.png,0.2147,573.95,146.37,585.8,158.01
ch2_ohr_ncp_20240425T1209509264_d_img_d18_x01280_y88320.png,0.211,551.23,103.24,558.22,110.87
ch2_ohr_ncp_20240425T1209509264_d_img_d18_x01280_y89600.png,0.3757,625.73,203.54,638.94,221.82
ch2_ohr_ncp_20240425T1209509264_d_img_d18_x01280_y89600.png,0.27,5.81,458.43,10.99,466.99
ch2_ohr_ncp_20240425T1209509264_d_img_d18_x01280_y90240.png,0.3108,610.8,616.01,635.4,639.48
ch2_ohr_ncp_20240425T1209509264_d_img_d18_x01280_y90240.png,0.22,572.78,64.4,577.64,70.77
ch2_ohr_ncp_20240425T1209509264_d_img_d18_x01280_y91520.png,0.3299,157.78,11.62,192.22,46.09
ch2_ohr_ncp_20240425T1209509264_d_img_d18_x01280_y91520.png,0.2443,549.16,193.55,555.97,200.27
ch2_ohr_ncp_20240425T1209509264_d_img_d18_x01280_y91520.png,0.2416,52.9,124.85,60.7,134.3
ch2_ohr_ncp_20240425T1209509264_d_img_d18_x01280_y91520.png,0.2383,178.46,8.56,185.24,15.39
ch2_ohr_ncp_20240425T1209509264_d_img_d18_x01280_y91520.png,0.2149,324.92,32.03,329.77,38.28
ch2_ohr_ncp_20240425T1209509264_d_img_d18_x01280_y92160.png,0.2011,276.61,91.21,282.97,98.91
ch2_ohr_ncp_20240425T1209509264_d_img_d18_x01280_y92800.png,0.2708,336.96,177.74,345.28,186.93
ch2_ohr_ncp_20240425T1209509264_d_img_d18_x01280_y92800.png,0.2157,495.23,234.15,503.0,245.71
ch2_ohr_ncp_20240425T1209509264_d_img_d18_x01280_y93440.png,0.3389,317.29,69.69,323.26,76.48
ch2_ohr_ncp_20240425T1209509264_d_img_d18_x01280_y93440.png,0.2813,80.89,80.24,93.42,93.48
ch2_ohr_ncp_20240425T1209509264_d_img_d18_x01280_y93440.png,0.2698,82.56,78.71,94.26,92.5
ch2_ohr_ncp_20240425T1209509264_d_img_d18_x01280_y93440.png,0.2419,274.14,49.16,286.53,61.54
ch2_ohr_ncp_20240425T1209509264_d_img_d18_x01280_y93440.png,0.2362,265.15,129.96,287.28,157.4
ch2_ohr_ncp_20240425T1209509264_d_img_d18_x01280_y93440.png,0.2314,455.47,83.24,462.74,92.98
ch2_ohr_ncp_20240425T1209509264_d_img_d18_x01920_y05760.png,0.2411,139.62,633.26,145.69,639.7
ch2_ohr_ncp_20240425T1209509264_d_img_d18_x01920_y05760.png,0.2239,164.16,628.11,170.08,635.1
ch2_ohr_ncp_20240425T1209509264_d_img_d18_x01920_y07680.png,0.2082,626.73,442.23,634.65,450.18
ch2_ohr_ncp_20240425T1209509264_d_img_d18_x01920_y09600.png,0.2164,173.63,0.0,196.35,17.29
ch2_ohr_ncp_20240425T1209509264_d_img_d18_x01920_y10880.png,0.3312,158.62,482.8,167.68,495.21
ch2_ohr_ncp_20240425T1209509264_d_img_d18_x01920_y19200.png,0.387,394.87,41.48,412.0,66.04
ch2_ohr_ncp_20240425T1209509264_d_img_d18_x01920_y23680.png,0.2004,3.65,627.35,11.99,639.05
ch2_ohr_ncp_20240425T1209509264_d_img_d18_x01920_y24320.png,0.2368,259.94,110.43,266.09,117.88
ch2_ohr_ncp_20240425T1209509264_d_img_d18_x01920_y24320.png,0.2187,630.07,437.31,638.8,445.51
ch2_ohr_ncp_20240425T1209509264_d_img_d18_x01920_y24320.png,0.2082,627.24,419.18,635.98,430.13
ch2_ohr_ncp_20240425T1209509264_d_img_d18_x01920_y26880.png,0.2192,144.83,249.88,154.07,261.71
ch2_ohr_ncp_20240425T1209509264_d_img_d18_x01920_y30080.png,0.3024,0.0,51.87,26.78,78.64
ch2_ohr_ncp_20240425T1209509264_d_img_d18_x01920_y30080.png,0.2451,251.92,115.21,279.84,144.5
ch2_ohr_ncp_20240425T1209509264_d_img_d18_x01920_y30080.png,0.2292,431.44,444.91,439.39,453.66
ch2_ohr_ncp_20240425T1209509264_d_img_d18_x01920_y30080.png,0.216,613.98,127.03,620.2,133.31
ch2_ohr_ncp_20240425T1209509264_d_img_d18_x01920_y30080.png,0.2114,457.31,245.56,468.01,256.81
ch2_ohr_ncp_20240425T1209509264_d_img_d18_x01920_y30080.png,0.206,443.79,556.7,451.69,564.79
ch2_ohr_ncp_20240425T1209509264_d_img_d18_x01920_y30080.png,0.2031,563.11,382.51,569.26,389.37
ch2_ohr_ncp_20240425T1209509264_d_img_d18_x01920_y30720.png,0.2034,53.08,513.31,65.94,528.67
ch2_ohr_ncp_20240425T1209509264_d_img_d18_x01920_y36480.png,0.246,628.65,251.13,639.32,262.92
ch2_ohr_ncp_20240425T1209509264_d_img_d18_x01920_y40960.png,0.2351,74.61,563.48,81.77,574.19
ch2_ohr_ncp_20240425T1209509264_d_img_d18_x01920_y42240.png,0.368,524.71,292.3,553.75,321.83
ch2_ohr_ncp_20240425T1209509264_d_img_d18_x01920_y42240.png,0.3074,531.35,184.9,547.6,202.31
ch2_ohr_ncp_20240425T1209509264_d_img_d18_x01920_y42240.png,0.2918,304.74,132.6,313.37,143.27
ch2_ohr_ncp_20240425T1209509264_d_img_d18_x01920_y42240.png,0.2301,264.37,246.39,272.86,257.12
ch2_ohr_ncp_20240425T1209509264_d_img_d18_x01920_y43520.png,0.3441,379.37,626.14,386.54,636.48
ch2_ohr_ncp_20240425T1209509264_d_img_d18_x01920_y46720.png,0.2175,94.28,625.33,100.08,635.54
ch2_ohr_ncp_20240425T1209509264_d_img_d18_x01920_y47360.png,0.3192,627.08,101.94,637.65,115.43
ch2_ohr_ncp_20240425T1209509264_d_img_d18_x01920_y48000.png,0.2534,183.16,126.33,190.31,138.53
ch2_ohr_ncp_20240425T1209509264_d_img_d18_x01920_y48000.png,0.2184,630.27,631.22,638.05,638.27
ch2_ohr_ncp_20240425T1209509264_d_img_d18_x01920_y48640.png,0.2126,172.19,37.2,178.57,44.74
ch2_ohr_ncp_20240425T1209509264_d_img_d18_x01920_y49280.png,0.3988,72.16,39.44,79.11,46.85
ch2_ohr_ncp_20240425T1209509264_d_img_d18_x01920_y49280.png,0.2915,62.44,221.6,67.49,227.33
ch2_ohr_ncp_20240425T1209509264_d_img_d18_x01920_y49280.png,0.2655,326.7,132.24,335.88,142.85
ch2_ohr_ncp_20240425T1209509264_d_img_d18_x01920_y49280.png,0.2645,190.89,147.1,197.13,153.48
ch2_ohr_ncp_20240425T1209509264_d_img_d18_x01920_y49280.png,0.253,154.48,157.25,161.0,164.71
ch2_ohr_ncp_20240425T1209509264_d_img_d18_x01920_y49280.png,0.2343,211.43,312.47,217.13,318.28
ch2_ohr_ncp_20240425T1209509264_d_img_d18_x01920_y49280.png,0.2187,477.89,300.79,485.35,308.89
ch2_ohr_ncp_20240425T1209509264_d_img_d18_x01920_y49280.png,0.2009,54.01,32.17,62.94,41.17
ch2_ohr_ncp_20240425T1209509264_d_img_d18_x01920_y49920.png,0.2162,628.23,339.71,635.68,348.01
ch2_ohr_ncp_20240425T1209509264_d_img_d18_x01920_y49920.png,0.2071,59.88,112.07,65.05,119.13
ch2_ohr_ncp_20240425T1209509264_d_img_d18_x01920_y49920.png,0.2033,626.65,196.16,633.01,203.38
ch2_ohr_ncp_20240425T1209509264_d_img_d18_x01920_y56320.png,0.2147,114.57,184.98,133.94,208.18
ch2_ohr_ncp_20240425T1209509264_d_img_d18_x01920_y56320.png,0.2014,629.93,634.54,635.88,639.41
ch2_ohr_ncp_20240425T1209509264_d_img_d18_x01920_y62080.png,0.2822,7.34,630.9,15.37,639.7
ch2_ohr_ncp_20240425T1209509264_d_img_d18_x01920_y62720.png,0.3127,619.91,4.56,637.22,26.09
ch2_ohr_ncp_20240425T1209509264_d_img_d18_x01920_y68480.png,0.2034,518.06,631.48,526.76,639.51
ch2_ohr_ncp_20240425T1209509264_d_img_d18_x01920_y75520.png,0.325,331.6,631.25,338.87,639.45
ch2_ohr_ncp_20240425T1209509264_d_img_d18_x01920_y75520.png,0.3037,348.67,634.49,354.27,639.51
ch2_ohr_ncp_20240425T1209509264_d_img_d18_x01920_y76160.png,0.3331,243.5,61.88,250.94,69.82
ch2_ohr_ncp_20240425T1209509264_d_img_d18_x01920_y76160.png,0.229,190.68,0.0,225.21,20.17
ch2_ohr_ncp_20240425T1209509264_d_img_d18_x01920_y76160.png,0.2169,421.66,33.24,426.9,39.64
ch2_ohr_ncp_20240425T1209509264_d_img_d18_x01920_y78080.png,0.2006,20.39,633.64,27.04,639.51
ch2_ohr_ncp_20240425T1209509264_d_img_d18_x01920_y78720.png,0.3276,578.89,0.0,637.78,56.37
ch2_ohr_ncp_20240425T1209509264_d_img_d18_x01920_y78720.png,0.292,260.79,31.47,266.29,37.81
ch2_ohr_ncp_20240425T1209509264_d_img_d18_x01920_y78720.png,0.2577,123.98,111.72,129.21,116.82
ch2_ohr_ncp_20240425T1209509264_d_img_d18_x01920_y78720.png,0.2162,589.16,45.93,595.74,53.99
ch2_ohr_ncp_20240425T1209509264_d_img_d18_x01920_y78720.png,0.2046,310.63,0.23,326.31,14.9
ch2_ohr_ncp_20240425T1209509264_d_img_d18_x01920_y81920.png,0.2292,269.49,240.79,274.08,246.92
ch2_ohr_ncp_20240425T1209509264_d_img_d18_x01920_y82560.png,0.22,598.12,384.2,610.74,401.01
ch2_ohr_ncp_20240425T1209509264_d_img_d18_x01920_y85760.png,0.2683,56.02,14.35,62.15,22.24
ch2_ohr_ncp_20240425T1209509264_d_img_d18_x01920_y87040.png,0.203,558.45,625.48,572.0,638.33
ch2_ohr_ncp_20240425T1209509264_d_img_d18_x01920_y87680.png,0.2039,332.68,489.71,346.07,514.94
ch2_ohr_ncp_20240425T1209509264_d_img_d18_x01920_y88320.png,0.2136,589.81,100.2,597.49,110.03
ch2_ohr_ncp_20240425T1209509264_d_img_d18_x01920_y88960.png,0.2722,566.39,96.44,575.65,106.72
ch2_ohr_ncp_20240425T1209509264_d_img_d18_x01920_y88960.png,0.2722,263.11,95.84,269.49,102.09
ch2_ohr_ncp_20240425T1209509264_d_img_d18_x01920_y88960.png,0.2386,629.05,214.96,635.76,223.59
ch2_ohr_ncp_20240425T1209509264_d_img_d18_x01920_y91520.png,0.2133,455.83,100.62,463.1,109.51
ch2_ohr_ncp_20240425T1209509264_d_img_d18_x02560_y16640.png,0.4134,502.45,525.75,510.38,534.02
ch2_ohr_ncp_20240425T1209509264_d_img_d18_x02560_y16640.png,0.2115,201.2,223.77,206.1,229.23
ch2_ohr_ncp_20240425T1209509264_d_img_d18_x02560_y22400.png,0.2068,469.81,632.47,479.35,640.0
ch2_ohr_ncp_20240425T1209509264_d_img_d18_x02560_y24320.png,0.2058,74.81,245.4,87.82,269.44
ch2_ohr_ncp_20240425T1209509264_d_img_d18_x02560_y24320.png,0.2047,631.64,412.05,638.31,422.01
ch2_ohr_ncp_20240425T1209509264_d_img_d18_x02560_y25600.png,0.2638,5.43,540.29,14.1,551.12
ch2_ohr_ncp_20240425T1209509264_d_img_d18_x02560_y30080.png,0.2884,534.53,217.64,554.18,245.56
ch2_ohr_ncp_20240425T1209509264_d_img_d18_x02560_y30080.png,0.2372,310.0,369.95,321.26,380.83
ch2_ohr_ncp_20240425T1209509264_d_img_d18_x02560_y30080.png,0.2217,245.64,402.82,257.7,416.92
ch2_ohr_ncp_20240425T1209509264_d_img_d18_x02560_y30080.png,0.2158,383.39,182.75,409.56,219.82
ch2_ohr_ncp_20240425T1209509264_d_img_d18_x02560_y39680.png,0.2039,37.13,437.43,49.26,449.04
ch2_ohr_ncp_20240425T1209509264_d_img_d18_x02560_y40320.png,0.2152,254.55,138.02,263.73,149.33
ch2_ohr_ncp_20240425T1209509264_d_img_d18_x02560_y52480.png,0.2832,159.55,629.13,169.08,639.36
ch2_ohr_ncp_20240425T1209509264_d_img_d18_x02560_y53760.png,0.2328,628.85,508.08,639.61,523.6
ch2_ohr_ncp_20240425T1209509264_d_img_d18_x02560_y53760.png,0.2154,107.39,31.34,123.58,52.19
ch2_ohr_ncp_20240425T1209509264_d_img_d18_x02560_y55680.png,0.3216,143.61,625.79,153.13,638.94
ch2_ohr_ncp_20240425T1209509264_d_img_d18_x02560_y76800.png,0.2285,414.32,632.96,423.49,639.84
ch2_ohr_ncp_20240425T1209509264_d_img_d18_x02560_y76800.png,0.2182,499.39,339.41,504.87,348.95
ch2_ohr_ncp_20240425T1209509264_d_img_d18_x02560_y76800.png,0.2028,218.9,8.87,227.21,19.4
ch2_ohr_ncp_20240425T1209509264_d_img_d18_x02560_y79360.png,0.2688,629.69,52.57,635.54,59.77
ch2_ohr_ncp_20240425T1209509264_d_img_d18_x02560_y79360.png,0.2523,499.71,23.82,514.34,39.1
ch2_ohr_ncp_20240425T1209509264_d_img_d18_x02560_y81280.png,0.2059,623.83,598.94,633.66,607.36
ch2_ohr_ncp_20240425T1209509264_d_img_d18_x02560_y86400.png,0.2076,208.82,618.08,225.18,632.31
ch2_ohr_ncp_20240425T1209509264_d_img_d18_x02560_y90880.png,0.2242,301.5,187.68,311.93,199.01
ch2_ohr_ncp_20240425T1209509264_d_img_d18_x02560_y92160.png,0.2644,134.79,632.69,141.86,640.0
ch2_ohr_ncp_20240425T1209509264_d_img_d18_x02560_y92160.png,0.215,457.29,503.47,489.75,525.54
ch2_ohr_ncp_20240425T1209509264_d_img_d18_x02560_y92160.png,0.2017,628.9,50.29,634.57,57.18
ch2_ohr_ncp_20240425T1209509264_d_img_d18_x03200_y01280.png,0.2124,447.72,0.0,481.23,27.33
ch2_ohr_ncp_20240425T1209509264_d_img_d18_x03200_y17280.png,0.2408,627.75,80.14,632.65,88.0
ch2_ohr_ncp_20240425T1209509264_d_img_d18_x03200_y20480.png,0.2129,269.2,236.46,275.24,243.88
ch2_ohr_ncp_20240425T1209509264_d_img_d18_x03200_y35200.png,0.2292,628.05,12.25,634.51,20.63
ch2_ohr_ncp_20240425T1209509264_d_img_d18_x03200_y36480.png,0.2037,114.64,0.0,159.59,22.07
ch2_ohr_ncp_20240425T1209509264_d_img_d18_x03200_y48640.png,0.2749,523.18,37.01,529.82,45.17
ch2_ohr_ncp_20240425T1209509264_d_img_d18_x03200_y48640.png,0.2326,626.21,9.85,631.92,16.52
ch2_ohr_ncp_20240425T1209509264_d_img_d18_x03200_y55680.png,0.2331,253.9,530.98,267.35,551.15
ch2_ohr_ncp_20240425T1209509264_d_img_d18_x03200_y72960.png,0.2238,262.33,51.87,267.18,58.41
ch2_ohr_ncp_20240425T1209509264_d_img_d18_x03200_y92160.png,0.243,629.99,334.61,638.47,344.77
ch2_ohr_ncp_20240425T1209509264_d_img_d18_x03840_y27520.png,0.2147,620.42,186.05,636.62,209.43
ch2_ohr_ncp_20240425T1209509264_d_img_d18_x03840_y30720.png,0.2099,534.76,629.27,543.69,638.9
ch2_ohr_ncp_20240425T1209509264_d_img_d18_x03840_y49280.png,0.2076,508.12,36.31,515.2,44.24
ch2_ohr_ncp_20240425T1209509264_d_img_d18_x03840_y51840.png,0.2205,470.4,128.38,480.52,143.36
ch2_ohr_ncp_20240425T1209509264_d_img_d18_x03840_y55680.png,0.2026,469.43,628.39,475.92,636.8
ch2_ohr_ncp_20240425T1209509264_d_img_d18_x04480_y45440.png,0.2525,627.65,141.37,635.75,157.01
ch2_ohr_ncp_20240425T1209509264_d_img_d18_x04480_y46720.png,0.2022,128.28,323.13,136.75,333.49
ch2_ohr_ncp_20240425T1209509264_d_img_d18_x04480_y49920.png,0.2545,628.04,544.63,633.53,551.53
ch2_ohr_ncp_20240425T1209509264_d_img_d18_x04480_y49920.png,0.2367,629.08,345.52,634.05,353.11
ch2_ohr_ncp_20240425T1209509264_d_img_d18_x04480_y82560.png,0.221,233.17,631.76,239.92,638.26
ch2_ohr_ncp_20240425T1209509264_d_img_d18_x05120_y61440.png,0.2012,36.95,627.04,43.72,636.52
ch2_ohr_ncp_20240425T1209509264_d_img_d18_x05760_y62720.png,0.2065,203.94,633.98,209.41,639.3
ch2_ohr_ncp_20240425T1209509264_d_img_d18_x05760_y93440.png,0.2081,629.22,223.06,636.01,233.35
ch2_ohr_ncp_20240425T1209509264_d_img_d18_x06400_y02560.png,0.2011,365.4,143.25,387.24,164.75
ch2_ohr_ncp_20240425T1209509264_d_img_d18_x06400_y23680.png,0.2196,629.6,405.89,635.73,412.7
ch2_ohr_ncp_20240425T1209509264_d_img_d18_x06400_y37120.png,0.2098,630.8,177.64,636.61,186.96
ch2_ohr_ncp_20240425T1209509264_d_img_d18_x06400_y46720.png,0.2065,110.68,141.23,118.49,149.94
ch2_ohr_ncp_20240425T1209509264_d_img_d18_x06400_y90240.png,0.2338,612.63,633.66,619.13,639.72
ch2_ohr_ncp_20240425T1209509264_d_img_d18_x06400_y93440.png,0.2747,625.61,162.69,632.6,170.04
ch2_ohr_ncp_20240425T1209509264_d_img_d18_x06400_y93440.png,0.2406,108.34,62.87,114.77,69.09
ch2_ohr_ncp_20240425T1209509264_d_img_d18_x07040_y40320.png,0.2018,631.75,100.26,638.52,109.41
ch2_ohr_ncp_20240425T1209509264_d_img_d18_x08320_y49920.png,0.2467,615.46,74.07,639.18,98.95
ch2_ohr_ncp_20240425T1209509264_d_img_d18_x08320_y49920.png,0.2458,630.09,559.92,634.9,568.68
ch2_ohr_ncp_20240425T1209509264_d_img_d18_x08320_y49920.png,0.2083,47.54,629.04,54.05,636.46
ch2_ohr_ncp_20240425T1209509264_d_img_d18_x08320_y71040.png,0.2534,584.0,0.0,634.2,24.98
ch2_ohr_ncp_20240425T1209509264_d_img_d18_x08320_y71040.png,0.2018,532.98,0.0,567.8,22.61
ch2_ohr_ncp_20240425T1209509264_d_img_d18_x08320_y93440.png,0.2683,306.85,127.27,315.24,136.76
ch2_ohr_ncp_20240425T1209509264_d_img_d18_x08320_y93440.png,0.2283,170.88,8.79,175.97,15.51
ch2_ohr_ncp_20240425T1209509264_d_img_d18_x08960_y12160.png,0.2112,172.73,632.86,182.39,639.73
ch2_ohr_ncp_20240425T1209509264_d_img_d18_x08960_y12160.png,0.2022,171.41,634.02,178.03,639.26
ch2_ohr_ncp_20240425T1209509264_d_img_d18_x08960_y39040.png,0.236,629.66,268.17,635.33,276.3
ch2_ohr_ncp_20240425T1209509264_d_img_d18_x08960_y56960.png,0.2745,301.91,627.51,307.74,633.66
ch2_ohr_ncp_20240425T1209509264_d_img_d18_x08960_y85760.png,0.2327,374.63,46.84,380.55,53.46
ch2_ohr_ncp_20240425T1209509264_d_img_d18_x08960_y88320.png,0.2392,628.5,299.64,634.29,305.71
ch2_ohr_ncp_20240425T1209509264_d_img_d18_x08960_y88320.png,0.2253,611.96,319.88,627.74,338.68
ch2_ohr_ncp_20240425T1209509264_d_img_d18_x08960_y88320.png,0.2024,630.01,53.12,637.97,62.5
ch2_ohr_ncp_20240425T1209509264_d_img_d18_x09600_y10240.png,0.231,234.95,633.1,240.09,639.06
ch2_ohr_ncp_20240425T1209509264_d_img_d18_x09600_y17920.png,0.3201,623.17,631.07,631.6,638.85
ch2_ohr_ncp_20240425T1209509264_d_img_d18_x09600_y87040.png,0.2774,200.09,634.18,207.16,639.65
ch2_ohr_ncp_20240425T1209509264_d_img_d18_x10240_y22400.png,0.2435,327.59,632.22,334.57,639.35
ch2_ohr_ncp_20240425T1209509264_d_img_d18_x10240_y65280.png,0.2237,293.35,396.33,305.46,410.89
ch2_ohr_ncp_20240425T1209509264_d_img_d18_x10240_y93440.png,0.2861,485.52,52.31,494.6,63.44
ch2_ohr_ncp_20240425T1209509264_d_img_d18_x10240_y93440.png,0.2433,524.94,220.85,534.36,233.63
ch2_ohr_ncp_20240425T1209509264_d_img_d18_x10240_y93440.png,0.2296,512.43,146.97,529.01,167.0
ch2_ohr_ncp_20240425T1209509264_d_img_d18_x11520_y12800.png,0.2139,473.35,631.54,479.33,638.53
ch2_ohr_ncp_20240425T1209509264_d_img_d18_x11520_y32640.png,0.2921,467.04,629.22,479.02,639.48
ch2_ohr_ncp_20240425T1209509264_d_img_d18_x11520_y40960.png,0.2196,20.35,621.8,26.97,629.14
ch2_ohr_ncp_20240425T1209509264_d_img_d18_x11520_y55680.png,0.2484,468.53,628.82,479.03,639.18
ch2_ohr_ncp_20240425T1406019344_d_img_d18_x00000_y02560.png,0.2823,533.88,451.95,543.51,462.5
ch2_ohr_ncp_20240425T1406019344_d_img_d18_x00000_y02560.png,0.2551,579.24,337.88,585.66,345.97
ch2_ohr_ncp_20240425T1406019344_d_img_d18_x00000_y19200.png,0.2113,209.83,185.4,238.18,217.36
ch2_ohr_ncp_20240425T1406019344_d_img_d18_x00000_y24960.png,0.2043,179.36,378.68,185.64,387.45
ch2_ohr_ncp_20240425T1406019344_d_img_d18_x00000_y26240.png,0.2931,584.57,48.2,590.88,54.64
ch2_ohr_ncp_20240425T1406019344_d_img_d18_x00000_y26240.png,0.207,619.26,5.26,626.77,12.7
ch2_ohr_ncp_20240425T1406019344_d_img_d18_x00000_y28160.png,0.3234,126.85,628.99,132.9,638.71
ch2_ohr_ncp_20240425T1406019344_d_img_d18_x00000_y30080.png,0.2248,625.96,371.06,634.29,381.73
ch2_ohr_ncp_20240425T1406019344_d_img_d18_x00000_y34560.png,0.2885,285.13,619.78,300.52,638.83
ch2_ohr_ncp_20240425T1406019344_d_img_d18_x00000_y34560.png,0.254,631.65,359.11,638.4,367.99
ch2_ohr_ncp_20240425T1406019344_d_img_d18_x00000_y36480.png,0.2957,516.8,125.2,523.4,133.64
ch2_ohr_ncp_20240425T1406019344_d_img_d18_x00000_y37120.png,0.2812,494.1,150.27,509.0,173.15
ch2_ohr_ncp_20240425T1406019344_d_img_d18_x00000_y47360.png,0.3134,628.76,123.36,635.34,132.52
ch2_ohr_ncp_20240425T1406019344_d_img_d18_x00000_y56960.png,0.212,0.22,194.23,29.01,231.61
ch2_ohr_ncp_20240425T1406019344_d_img_d18_x00000_y72320.png,0.2249,485.6,154.74,491.47,160.87
ch2_ohr_ncp_20240425T1406019344_d_img_d18_x00000_y81920.png,0.2428,439.29,632.21,446.79,639.02
ch2_ohr_ncp_20240425T1406019344_d_img_d18_x00000_y84480.png,0.3139,235.73,627.43,241.71,635.86
ch2_ohr_ncp_20240425T1406019344_d_img_d18_x00000_y85760.png,0.2747,507.68,621.77,525.79,638.19
ch2_ohr_ncp_20240425T1406019344_d_img_d18_x00000_y85760.png,0.2561,513.98,623.13,526.0,637.93
ch2_ohr_ncp_20240425T1406019344_d_img_d18_x00000_y86400.png,0.2458,122.04,195.77,127.46,200.82
ch2_ohr_ncp_20240425T1406019344_d_img_d18_x00000_y86400.png,0.2372,194.23,162.2,202.45,168.73
ch2_ohr_ncp_20240425T1406019344_d_img_d18_x00000_y86400.png,0.2278,502.41,485.34,513.3,498.92
ch2_ohr_ncp_20240425T1406019344_d_img_d18_x00000_y87680.png,0.2387,623.6,447.93,631.88,456.59
ch2_ohr_ncp_20240425T1406019344_d_img_d18_x00000_y89600.png,0.3332,629.26,252.19,634.3,258.7
ch2_ohr_ncp_20240425T1406019344_d_img_d18_x00000_y89600.png,0.2462,195.49,251.55,216.32,278.1
ch2_ohr_ncp_20240425T1406019344_d_img_d18_x00000_y93440.png,0.3803,614.38,147.86,635.01,174.53
ch2_ohr_ncp_20240425T1406019344_d_img_d18_x00000_y93440.png,0.2297,444.81,58.06,482.14,91.79
ch2_ohr_ncp_20240425T1406019344_d_img_d18_x00000_y93440.png,0.2014,408.21,199.76,415.71,206.36
ch2_ohr_ncp_20240425T1406019344_d_img_d18_x00640_y01280.png,0.3299,189.59,173.29,196.87,181.6
ch2_ohr_ncp_20240425T1406019344_d_img_d18_x00640_y01280.png,0.2268,412.73,546.67,417.69,552.46
ch2_ohr_ncp_20240425T1406019344_d_img_d18_x00640_y01280.png,0.2172,254.0,291.64,260.73,298.8
ch2_ohr_ncp_20240425T1406019344_d_img_d18_x00640_y01280.png,0.2139,316.74,489.92,328.06,505.2
ch2_ohr_ncp_20240425T1406019344_d_img_d18_x00640_y01920.png,0.2081,234.36,633.15,242.68,640.0
ch2_ohr_ncp_20240425T1406019344_d_img_d18_x00640_y02560.png,0.2016,506.32,625.99,514.16,633.8
ch2_ohr_ncp_20240425T1406019344_d_img_d18_x00640_y05760.png,0.2358,533.74,475.36,545.58,488.23
ch2_ohr_ncp_20240425T1406019344_d_img_d18_x00640_y05760.png,0.2224,627.8,332.87,633.13,339.73
ch2_ohr_ncp_20240425T1406019344_d_img_d18_x00640_y16000.png,0.3001,304.91,72.24,316.74,82.85
ch2_ohr_ncp_20240425T1406019344_d_img_d18_x00640_y16000.png,0.2687,259.55,632.06,266.54,639.71
ch2_ohr_ncp_20240425T1406019344_d_img_d18_x00640_y16000.png,0.2281,486.25,259.53,495.88,272.05
ch2_ohr_ncp_20240425T1406019344_d_img_d18_x00640_y19200.png,0.3733,228.68,621.15,244.37,638.54
ch2_ohr_ncp_20240425T1406019344_d_img_d18_x00640_y19200.png,0.3409,309.53,245.91,324.05,267.95
ch2_ohr_ncp_20240425T1406019344_d_img_d18_x00640_y19200.png,0.2603,395.28,546.38,402.01,554.12
ch2_ohr_ncp_20240425T1406019344_d_img_d18_x00640_y19200.png,0.22,27.94,417.5,32.95,424.73
ch2_ohr_ncp_20240425T1406019344_d_img_d18_x00640_y19840.png,0.2498,323.3,402.45,336.92,416.97
ch2_ohr_ncp_20240425T1406019344_d_img_d18_x00640_y21760.png,0.3411,613.6,626.01,624.11,639.17
ch2_ohr_ncp_20240425T1406019344_d_img_d18_x00640_y21760.png,0.2916,146.58,64.09,163.68,81.57
ch2_ohr_ncp_20240425T1406019344_d_img_d18_x00640_y21760.png,0.2421,453.4,354.55,458.96,361.48
ch2_ohr_ncp_20240425T1406019344_d_img_d18_x00640_y21760.png,0.2243,386.43,258.99,394.42,269.71
ch2_ohr_ncp_20240425T1406019344_d_img_d18_x00640_y21760.png,0.207,235.17,561.79,243.49,576.24
ch2_ohr_ncp_20240425T1406019344_d_img_d18_x00640_y21760.png,0.2058,372.51,308.85,378.77,316.5
ch2_ohr_ncp_20240425T1406019344_d_img_d18_x00640_y23680.png,0.2109,499.4,487.96,505.77,495.9
ch2_ohr_ncp_20240425T1406019344_d_img_d18_x00640_y24320.png,0.324,166.81,362.81,186.67,389.01
ch2_ohr_ncp_20240425T1406019344_d_img_d18_x00640_y24320.png,0.2365,508.22,620.64,523.24,637.29
ch2_ohr_ncp_20240425T1406019344_d_img_d18_x00640_y24320.png,0.2325,203.75,222.98,218.35,238.99
ch2_ohr_ncp_20240425T1406019344_d_img_d18_x00640_y24320.png,0.2184,462.58,131.16,468.26,139.73
ch2_ohr_ncp_20240425T1406019344_d_img_d18_x00640_y24320.png,0.2131,563.2,513.2,574.14,528.78
ch2_ohr_ncp_20240425T1406019344_d_img_d18_x00640_y24320.png,0.209,327.54,64.52,337.39,80.7
ch2_ohr_ncp_20240425T1406019344_d_img_d18_x00640_y24960.png,0.2426,507.49,323.61,531.84,350.0
ch2_ohr_ncp_20240425T1406019344_d_img_d18_x00640_y24960.png,0.2289,393.28,0.0,413.47,18.26
ch2_ohr_ncp_20240425T1406019344_d_img_d18_x00640_y25600.png,0.2371,319.84,573.2,335.85,591.71
ch2_ohr_ncp_20240425T1406019344_d_img_d18_x00640_y26240.png,0.445,205.78,162.86,217.05,174.86
ch2_ohr_ncp_20240425T1406019344_d_img_d18_x00640_y26240.png,0.421,599.83,77.89,607.1,85.93
ch2_ohr_ncp_20240425T1406019344_d_img_d18_x00640_y26240.png,0.3315,572.48,46.64,579.66,54.79
ch2_ohr_ncp_20240425T1406019344_d_img_d18_x00640_y26240.png,0.3255,78.61,37.35,89.33,46.01
ch2_ohr_ncp_20240425T1406019344_d_img_d18_x00640_y26240.png,0.3019,41.6,0.72,47.62,6.48
ch2_ohr_ncp_20240425T1406019344_d_img_d18_x00640_y26240.png,0.3005,199.6,0.73,207.77,11.45
ch2_ohr_ncp_20240425T1406019344_d_img_d18_x00640_y26240.png,0.2845,525.6,56.76,531.18,62.92
ch2_ohr_ncp_20240425T1406019344_d_img_d18_x00640_y26240.png,0.2824,143.03,50.13,148.65,55.54
ch2_ohr_ncp_20240425T1406019344_d_img_d18_x00640_y26240.png,0.2593,116.34,24.58,133.75,42.36
ch2_ohr_ncp_20240425T1406019344_d_img_d18_x00640_y26240.png,0.2581,580.53,145.86,585.96,151.76
ch2_ohr_ncp_20240425T1406019344_d_img_d18_x00640_y26240.png,0.2448,87.33,11.71,93.89,18.08
ch2_ohr_ncp_20240425T1406019344_d_img_d18_x00640_y26240.png,0.242,555.83,74.74,569.55,89.71
ch2_ohr_ncp_20240425T1406019344_d_img_d18_x00640_y26240.png,0.2396,483.85,149.37,497.81,167.78
ch2_ohr_ncp_20240425T1406019344_d_img_d18_x00640_y26240.png,0.2324,513.36,597.48,519.43,605.52
ch2_ohr_ncp_20240425T1406019344_d_img_d18_x00640_y26240.png,0.2309,131.86,55.96,138.64,62.95
ch2_ohr_ncp_20240425T1406019344_d_img_d18_x00640_y26240.png,0.2306,546.31,112.25,551.28,118.4
ch2_ohr_ncp_20240425T1406019344_d_img_d18_x00640_y26240.png,0.2118,39.69,21.68,44.38,27.5
ch2_ohr_ncp_20240425T1406019344_d_img_d18_x00640_y26240.png,0.2022,514.29,78.94,524.35,90.86
ch2_ohr_ncp_20240425T1406019344_d_img_d18_x00640_y26240.png,0.2019,58.68,50.18,65.05,56.51
ch2_ohr_ncp_20240425T1406019344_d_img_d18_x00640_y26240.png,0.2009,377.47,0.0,393.97,8.7
ch2_ohr_ncp_20240425T1406019344_d_img_d18_x00640_y26880.png,0.4293,389.12,598.66,394.5,604.18
ch2_ohr_ncp_20240425T1406019344_d_img_d18_x00640_y26880.png,0.3482,611.42,270.61,617.42,277.88
ch2_ohr_ncp_20240425T1406019344_d_img_d18_x00640_y26880.png,0.3228,133.98,414.14,140.59,421.45
ch2_ohr_ncp_20240425T1406019344_d_img_d18_x00640_y26880.png,0.3136,212.82,486.48,218.05,492.45
ch2_ohr_ncp_20240425T1406019344_d_img_d18_x00640_y26880.png,0.2993,36.76,519.25,42.52,525.79
ch2_ohr_ncp_20240425T1406019344_d_img_d18_x00640_y26880.png,0.2964,118.06,399.45,128.3,412.66
ch2_ohr_ncp_20240425T1406019344_d_img_d18_x00640_y26880.png,0.2945,571.66,345.2,577.82,352.53
ch2_ohr_ncp_20240425T1406019344_d_img_d18_x00640_y26880.png,0.2763,234.87,547.36,241.88,554.99
ch2_ohr_ncp_20240425T1406019344_d_img_d18_x00640_y26880.png,0.2719,197.1,382.75,202.71,389.65
ch2_ohr_ncp_20240425T1406019344_d_img_d18_x00640_y26880.png,0.259,556.42,632.8,564.39,639.74
ch2_ohr_ncp_20240425T1406019344_d_img_d18_x00640_y26880.png,0.2583,245.35,557.12,255.9,569.75
ch2_ohr_ncp_20240425T1406019344_d_img_d18_x00640_y26880.png,0.2307,494.79,545.71,500.83,551.82
ch2_ohr_ncp_20240425T1406019344_d_img_d18_x00640_y26880.png,0.2306,473.98,583.4,478.9,588.3
ch2_ohr_ncp_20240425T1406019344_d_img_d18_x00640_y26880.png,0.2305,65.55,446.59,78.86,460.77
ch2_ohr_ncp_20240425T1406019344_d_img_d18_x00640_y26880.png,0.2296,37.86,363.37,43.72,371.33
ch2_ohr_ncp_20240425T1406019344_d_img_d18_x00640_y26880.png,0.229,465.52,605.51,481.72,631.35
ch2_ohr_ncp_20240425T1406019344_d_img_d18_x00640_y26880.png,0.225,102.92,501.28,106.8,507.03
ch2_ohr_ncp_20240425T1406019344_d_img_d18_x00640_y26880.png,0.2161,247.28,455.44,253.75,462.79
ch2_ohr_ncp_20240425T1406019344_d_img_d18_x00640_y26880.png,0.2104,98.58,432.04,106.34,439.23
ch2_ohr_ncp_20240425T1406019344_d_img_d18_x00640_y26880.png,0.2102,220.36,470.59,225.22,474.95
ch2_ohr_ncp_20240425T1406019344_d_img_d18_x00640_y26880.png,0.2093,529.34,318.35,533.74,323.48
ch2_ohr_ncp_20240425T1406019344_d_img_d18_x00640_y26880.png,0.2037,417.17,539.55,423.91,548.65
ch2_ohr_ncp_20240425T1406019344_d_img_d18_x00640_y26880.png,0.201,11.3,503.34,16.05,507.96
ch2_ohr_ncp_20240425T1406019344_d_img_d18_x00640_y27520.png,0.3869,626.4,210.32,634.21,220.13
ch2_ohr_ncp_20240425T1406019344_d_img_d18_x00640_y27520.png,0.3796,224.0,177.9,230.42,185.57
ch2_ohr_ncp_20240425T1406019344_d_img_d18_x00640_y27520.png,0.3418,312.17,0.0,348.3,21.79
ch2_ohr_ncp_20240425T1406019344_d_img_d18_x00640_y27520.png,0.3073,219.78,192.36,225.62,198.54
ch2_ohr_ncp_20240425T1406019344_d_img_d18_x00640_y27520.png,0.2749,437.06,317.55,443.58,324.82
ch2_ohr_ncp_20240425T1406019344_d_img_d18_x00640_y27520.png,0.2639,372.5,0.0,390.9,12.37
ch2_ohr_ncp_20240425T1406019344_d_img_d18_x00640_y27520.png,0.2547,543.83,251.97,551.12,260.25
ch2_ohr_ncp_20240425T1406019344_d_img_d18_x00640_y27520.png,0.2462,54.04,273.23,65.21,284.58
ch2_ohr_ncp_20240425T1406019344_d_img_d18_x00640_y27520.png,0.2424,579.63,72.35,589.18,82.53
ch2_ohr_ncp_20240425T1406019344_d_img_d18_x00640_y27520.png,0.24,315.85,23.36,321.8,29.91
ch2_ohr_ncp_20240425T1406019344_d_img_d18_x00640_y27520.png,0.2353,461.31,91.85,468.45,97.99
ch2_ohr_ncp_20240425T1406019344_d_img_d18_x00640_y27520.png,0.2308,212.41,172.99,219.06,179.9
ch2_ohr_ncp_20240425T1406019344_d_img_d18_x00640_y27520.png,0.2297,467.55,72.48,472.18,78.55
ch2_ohr_ncp_20240425T1406019344_d_img_d18_x00640_y27520.png,0.2286,631.61,96.95,639.08,107.21
ch2_ohr_ncp_20240425T1406019344_d_img_d18_x00640_y27520.png,0.2093,63.45,239.93,70.4,246.03
ch2_ohr_ncp_20240425T1406019344_d_img_d18_x00640_y28160.png,0.2942,541.88,329.68,558.54,345.88
ch2_ohr_ncp_20240425T1406019344_d_img_d18_x00640_y28160.png,0.278,164.76,174.06,172.42,181.33
ch2_ohr_ncp_20240425T1406019344_d_img_d18_x00640_y28160.png,0.2631,493.39,243.29,501.6,252.86
ch2_ohr_ncp_20240425T1406019344_d_img_d18_x00640_y28160.png,0.2015,480.77,386.26,490.88,397.72
ch2_ohr_ncp_20240425T1406019344_d_img_d18_x00640_y28800.png,0.3192,340.66,335.13,346.37,342.77
ch2_ohr_ncp_20240425T1406019344_d_img_d18_x00640_y28800.png,0.292,285.99,328.01,308.51,351.66
ch2_ohr_ncp_20240425T1406019344_d_img_d18_x00640_y28800.png,0.2787,275.27,630.8,288.8,640.0
ch2_ohr_ncp_20240425T1406019344_d_img_d18_x00640_y28800.png,0.2377,478.42,626.75,485.02,634.87
ch2_ohr_ncp_20240425T1406019344_d_img_d18_x00640_y28800.png,0.2217,197.34,175.53,211.69,192.4
ch2_ohr_ncp_20240425T1406019344_d_img_d18_x00640_y28800.png,0.2158,507.5,593.4,522.91,606.51
ch2_ohr_ncp_20240425T1406019344_d_img_d18_x00640_y28800.png,0.2073,156.0,474.96,162.33,483.25
ch2_ohr_ncp_20240425T1406019344_d_img_d18_x00640_y30080.png,0.2276,21.08,61.63,27.26,69.37
ch2_ohr_ncp_20240425T1406019344_d_img_d18_x00640_y31360.png,0.3891,260.52,464.73,272.93,480.92
ch2_ohr_ncp_20240425T1406019344_d_img_d18_x00640_y31360.png,0.2756,93.44,619.52,109.61,639.33
ch2_ohr_ncp_20240425T1406019344_d_img_d18_x00640_y31360.png,0.2432,582.52,116.88,591.79,129.54
ch2_ohr_ncp_20240425T1406019344_d_img_d18_x00640_y31360.png,0.242,355.81,624.22,371.11,639.02
ch2_ohr_ncp_20240425T1406019344_d_img_d18_x00640_y31360.png,0.2154,612.78,0.0,632.96,22.76
ch2_ohr_ncp_20240425T1406019344_d_img_d18_x00640_y31360.png,0.2024,253.09,381.86,259.36,388.79
ch2_ohr_ncp_20240425T1406019344_d_img_d18_x00640_y32000.png,0.3335,577.19,597.11,583.82,606.28
ch2_ohr_ncp_20240425T1406019344_d_img_d18_x00640_y32000.png,0.2469,317.96,388.57,329.29,402.58
ch2_ohr_ncp_20240425T1406019344_d_img_d18_x00640_y32000.png,0.2396,241.14,624.84,247.7,634.57
ch2_ohr_ncp_20240425T1406019344_d_img_d18_x00640_y32000.png,0.2334,467.86,593.11,474.17,600.52
ch2_ohr_ncp_20240425T1406019344_d_img_d18_x00640_y32000.png,0.2127,175.03,413.58,182.56,421.27
ch2_ohr_ncp_20240425T1406019344_d_img_d18_x00640_y32000.png,0.2098,241.83,623.49,248.87,634.48
ch2_ohr_ncp_20240425T1406019344_d_img_d18_x00640_y32000.png,0.2084,164.65,392.01,170.79,398.8
ch2_ohr_ncp_20240425T1406019344_d_img_d18_x00640_y32000.png,0.2017,378.74,624.32,385.25,630.85
ch2_ohr_ncp_20240425T1406019344_d_img_d18_x00640_y32640.png,0.2434,200.26,632.47,208.48,639.69
ch2_ohr_ncp_20240425T1406019344_d_img_d18_x00640_y32640.png,0.2061,467.5,383.65,480.46,403.85
ch2_ohr_ncp_20240425T1406019344_d_img_d18_x00640_y33280.png,0.2575,610.64,0.0,636.11,20.32
ch2_ohr_ncp_20240425T1406019344_d_img_d18_x00640_y33280.png,0.2242,271.8,455.89,282.02,466.99
ch2_ohr_ncp_20240425T1406019344_d_img_d18_x00640_y35200.png,0.3245,580.12,236.23,593.19,254.64
ch2_ohr_ncp_20240425T1406019344_d_img_d18_x00640_y35200.png,0.22,629.92,533.34,637.35,541.62
ch2_ohr_ncp_20240425T1406019344_d_img_d18_x00640_y35200.png,0.2143,111.07,629.41,121.76,638.7
ch2_ohr_ncp_20240425T1406019344_d_img_d18_x00640_y37120.png,0.2459,314.87,33.94,334.96,61.68
ch2_ohr_ncp_20240425T1406019344_d_img_d18_x00640_y37120.png,0.2276,133.49,626.94,139.55,635.14
ch2_ohr_ncp_20240425T1406019344_d_img_d18_x00640_y37760.png,0.3108,511.29,227.24,520.56,237.09
ch2_ohr_ncp_20240425T1406019344_d_img_d18_x00640_y37760.png,0.2698,132.11,447.47,137.36,453.37
ch2_ohr_ncp_20240425T1406019344_d_img_d18_x00640_y37760.png,0.2314,533.17,259.39,538.82,265.48
ch2_ohr_ncp_20240425T1406019344_d_img_d18_x00640_y37760.png,0.2282,159.01,472.17,170.57,485.88
ch2_ohr_ncp_20240425T1406019344_d_img_d18_x00640_y37760.png,0.2195,199.03,468.87,223.78,492.91
ch2_ohr_ncp_20240425T1406019344_d_img_d18_x00640_y37760.png,0.2193,287.95,245.5,294.45,252.64
ch2_ohr_ncp_20240425T1406019344_d_img_d18_x00640_y37760.png,0.2046,238.48,175.85,265.94,203.97
ch2_ohr_ncp_20240425T1406019344_d_img_d18_x00640_y37760.png,0.2038,423.33,177.66,434.09,189.38
ch2_ohr_ncp_20240425T1406019344_d_img_d18_x00640_y37760.png,0.2001,357.23,617.25,364.48,624.08
ch2_ohr_ncp_20240425T1406019344_d_img_d18_x00640_y40960.png,0.381,261.18,176.15,275.47,191.38
ch2_ohr_ncp_20240425T1406019344_d_img_d18_x00640_y40960.png,0.3225,501.61,116.81,512.56,128.99
ch2_ohr_ncp_20240425T1406019344_d_img_d18_x00640_y40960.png,0.2899,626.67,312.94,632.29,320.36
ch2_ohr_ncp_20240425T1406019344_d_img_d18_x00640_y40960.png,0.2884,629.89,484.71,639.22,494.78
ch2_ohr_ncp_20240425T1406019344_d_img_d18_x00640_y40960.png,0.2842,187.26,153.84,202.98,169.7
ch2_ohr_ncp_20240425T1406019344_d_img_d18_x00640_y40960.png,0.2828,164.31,420.5,178.02,438.63
ch2_ohr_ncp_20240425T1406019344_d_img_d18_x00640_y40960.png,0.2758,343.21,294.89,352.13,307.75
ch2_ohr_ncp_20240425T1406019344_d_img_d18_x00640_y40960.png,0.2622,280.51,95.52,287.95,104.3
ch2_ohr_ncp_20240425T1406019344_d_img_d18_x00640_y40960.png,0.2478,590.09,217.18,599.48,232.03
ch2_ohr_ncp_20240425T1406019344_d_img_d18_x00640_y40960.png,0.2427,523.36,619.59,529.44,624.9
ch2_ohr_ncp_20240425T1406019344_d_img_d18_x00640_y40960.png,0.2336,213.59,158.63,222.03,167.69
ch2_ohr_ncp_20240425T1406019344_d_img_d18_x00640_y40960.png,0.2319,369.13,170.74,377.46,178.92
ch2_ohr_ncp_20240425T1406019344_d_img_d18_x00640_y40960.png,0.2262,505.45,73.28,515.92,83.61
ch2_ohr_ncp_20240425T1406019344_d_img_d18_x00640_y40960.png,0.2096,331.97,106.87,339.44,115.23
ch2_ohr_ncp_20240425T1406019344_d_img_d18_x00640_y40960.png,0.2091,245.89,624.23,254.83,631.67
ch2_ohr_ncp_20240425T1406019344_d_img_d18_x00640_y40960.png,0.2077,495.0,621.31,500.68,626.29
ch2_ohr_ncp_20240425T1406019344_d_img_d18_x00640_y41600.png,0.4151,404.41,632.12,411.45,639.38
ch2_ohr_ncp_20240425T1406019344_d_img_d18_x00640_y42880.png,0.2178,524.41,320.81,531.4,328.52
ch2_ohr_ncp_20240425T1406019344_d_img_d18_x00640_y44160.png,0.3975,84.7,623.14,98.05,639.13
ch2_ohr_ncp_20240425T1406019344_d_img_d18_x00640_y44160.png,0.3537,627.4,44.18,635.61,56.75
ch2_ohr_ncp_20240425T1406019344_d_img_d18_x00640_y44160.png,0.3379,524.58,76.04,532.02,82.68
ch2_ohr_ncp_20240425T1406019344_d_img_d18_x00640_y44160.png,0.2952,582.75,124.54,591.64,133.85
ch2_ohr_ncp_20240425T1406019344_d_img_d18_x00640_y44160.png,0.2705,379.92,175.92,385.57,182.7
ch2_ohr_ncp_20240425T1406019344_d_img_d18_x00640_y44160.png,0.2659,190.04,94.69,195.78,100.42
ch2_ohr_ncp_20240425T1406019344_d_img_d18_x00640_y44160.png,0.2562,502.55,249.88,511.55,263.17
ch2_ohr_ncp_20240425T1406019344_d_img_d18_x00640_y44160.png,0.2308,73.09,56.27,91.98,92.56
ch2_ohr_ncp_20240425T1406019344_d_img_d18_x00640_y44160.png,0.2295,414.14,509.44,419.77,516.43
ch2_ohr_ncp_20240425T1406019344_d_img_d18_x00640_y44160.png,0.2273,507.89,633.62,513.71,639.03
ch2_ohr_ncp_20240425T1406019344_d_img_d18_x00640_y44160.png,0.2253,304.16,34.13,313.66,44.86
ch2_ohr_ncp_20240425T1406019344_d_img_d18_x00640_y44160.png,0.2235,509.97,89.68,521.79,102.86
ch2_ohr_ncp_20240425T1406019344_d_img_d18_x00640_y44160.png,0.2166,268.84,109.75,274.82,116.72
ch2_ohr_ncp_20240425T1406019344_d_img_d18_x00640_y44160.png,0.2115,364.29,193.31,369.78,198.78
ch2_ohr_ncp_20240425T1406019344_d_img_d18_x00640_y44160.png,0.2077,621.51,226.77,628.78,235.8
ch2_ohr_ncp_20240425T1406019344_d_img_d18_x00640_y44160.png,0.2037,628.86,209.61,636.16,217.14
ch2_ohr_ncp_20240425T1406019344_d_img_d18_x00640_y44160.png,0.2024,377.12,194.31,383.05,200.59
ch2_ohr_ncp_20240425T1406019344_d_img_d18_x00640_y44800.png,0.2796,84.19,427.81,99.35,439.98
ch2_ohr_ncp_20240425T1406019344_d_img_d18_x00640_y44800.png,0.2676,324.52,244.54,339.46,266.16
ch2_ohr_ncp_20240425T1406019344_d_img_d18_x00640_y44800.png,0.2095,214.05,301.57,221.22,310.8
ch2_ohr_ncp_20240425T1406019344_d_img_d18_x00640_y44800.png,0.2024,223.08,629.55,234.16,639.76
ch2_ohr_ncp_20240425T1406019344_d_img_d18_x00640_y48000.png,0.2657,630.4,177.4,638.73,186.44
ch2_ohr_ncp_20240425T1406019344_d_img_d18_x00640_y48000.png,0.2381,420.21,309.43,435.66,332.92
ch2_ohr_ncp_20240425T1406019344_d_img_d18_x00640_y51840.png,0.2131,543.02,140.42,549.51,148.54
ch2_ohr_ncp_20240425T1406019344_d_img_d18_x00640_y52480.png,0.3324,157.63,260.57,168.15,270.67
ch2_ohr_ncp_20240425T1406019344_d_img_d18_x00640_y52480.png,0.2491,444.48,94.57,459.31,113.99
ch2_ohr_ncp_20240425T1406019344_d_img_d18_x00640_y53120.png,0.2911,196.84,82.62,210.06,94.07
ch2_ohr_ncp_20240425T1406019344_d_img_d18_x00640_y53120.png,0.2049,507.1,627.59,512.72,635.53
ch2_ohr_ncp_20240425T1406019344_d_img_d18_x00640_y55040.png,0.3935,309.32,259.08,327.95,286.78
ch2_ohr_ncp_20240425T1406019344_d_img_d18_x00640_y55040.png,0.2732,302.23,496.47,312.74,509.36
ch2_ohr_ncp_20240425T1406019344_d_img_d18_x00640_y55040.png,0.2669,351.54,45.04,356.53,52.41
ch2_ohr_ncp_20240425T1406019344_d_img_d18_x00640_y55040.png,0.2663,228.8,316.19,235.12,323.27
ch2_ohr_ncp_20240425T1406019344_d_img_d18_x00640_y55040.png,0.2513,283.62,337.28,289.14,344.58
ch2_ohr_ncp_20240425T1406019344_d_img_d18_x00640_y55040.png,0.2493,544.73,0.0,554.93,10.71
ch2_ohr_ncp_20240425T1406019344_d_img_d18_x00640_y55040.png,0.248,467.42,73.27,473.84,81.23
ch2_ohr_ncp_20240425T1406019344_d_img_d18_x00640_y55040.png,0.2458,419.05,186.8,426.83,197.47
ch2_ohr_ncp_20240425T1406019344_d_img_d18_x00640_y55040.png,0.2394,395.84,498.59,411.79,511.14
ch2_ohr_ncp_20240425T1406019344_d_img_d18_x00640_y55040.png,0.2373,565.96,305.86,574.29,320.4
ch2_ohr_ncp_20240425T1406019344_d_img_d18_x00640_y55040.png,0.2336,632.47,82.06,639.22,90.32
ch2_ohr_ncp_20240425T1406019344_d_img_d18_x00640_y55040.png,0.2329,581.21,505.64,589.46,515.67
ch2_ohr_ncp_20240425T1406019344_d_img_d18_x00640_y55040.png,0.2317,238.99,619.79,249.49,630.31
ch2_ohr_ncp_20240425T1406019344_d_img_d18_x00640_y55040.png,0.2124,581.97,20.76,590.12,35.13
ch2_ohr_ncp_20240425T1406019344_d_img_d18_x00640_y55040.png,0.2042,158.9,612.53,167.2,621.3
ch2_ohr_ncp_20240425T1406019344_d_img_d18_x00640_y57600.png,0.2289,186.86,471.15,192.84,478.42
ch2_ohr_ncp_20240425T1406019344_d_img_d18_x00640_y58240.png,0.265,45.96,582.65,59.7,604.61
ch2_ohr_ncp_20240425T1406019344_d_img_d18_x00640_y67200.png,0.2414,496.61,632.89,505.42,639.37
ch2_ohr_ncp_20240425T1406019344_d_img_d18_x00640_y67840.png,0.2927,599.7,626.9,608.85,638.48
ch2_ohr_ncp_20240425T1406019344_d_img_d18_x00640_y68480.png,0.2001,620.79,628.05,632.06,639.47
ch2_ohr_ncp_20240425T1406019344_d_img_d18_x00640_y72320.png,0.22,343.39,473.66,362.22,498.47
ch2_ohr_ncp_20240425T1406019344_d_img_d18_x00640_y72320.png,0.2078,355.23,625.1,365.06,637.59
ch2_ohr_ncp_20240425T1406019344_d_img_d18_x00640_y72960.png,0.25,371.03,0.25,377.19,6.82
ch2_ohr_ncp_20240425T1406019344_d_img_d18_x00640_y72960.png,0.2124,319.39,51.88,324.82,59.71
ch2_ohr_ncp_20240425T1406019344_d_img_d18_x00640_y75520.png,0.2901,187.31,268.18,193.39,275.81
ch2_ohr_ncp_20240425T1406019344_d_img_d18_x00640_y76160.png,0.3093,598.83,449.61,608.7,464.17
ch2_ohr_ncp_20240425T1406019344_d_img_d18_x00640_y76160.png,0.3057,147.66,632.94,153.47,639.45
ch2_ohr_ncp_20240425T1406019344_d_img_d18_x00640_y76160.png,0.2456,76.29,348.07,82.2,354.53
ch2_ohr_ncp_20240425T1406019344_d_img_d18_x00640_y76800.png,0.2659,510.16,625.67,521.43,638.2
ch2_ohr_ncp_20240425T1406019344_d_img_d18_x00640_y76800.png,0.2613,483.76,75.76,490.62,85.64
ch2_ohr_ncp_20240425T1406019344_d_img_d18_x00640_y76800.png,0.2534,307.46,146.69,314.63,153.7
ch2_ohr_ncp_20240425T1406019344_d_img_d18_x00640_y76800.png,0.2409,243.18,633.74,250.92,639.67
ch2_ohr_ncp_20240425T1406019344_d_img_d18_x00640_y76800.png,0.2014,389.12,190.67,396.3,199.2
ch2_ohr_ncp_20240425T1406019344_d_img_d18_x00640_y77440.png,0.2585,376.79,633.24,384.16,639.73
ch2_ohr_ncp_20240425T1406019344_d_img_d18_x00640_y77440.png,0.2428,488.14,576.02,494.79,582.72
ch2_ohr_ncp_20240425T1406019344_d_img_d18_x00640_y77440.png,0.2351,435.26,123.55,441.71,132.17
ch2_ohr_ncp_20240425T1406019344_d_img_d18_x00640_y77440.png,0.2172,564.89,628.15,572.42,637.11
ch2_ohr_ncp_20240425T1406019344_d_img_d18_x00640_y77440.png,0.2059,602.16,583.08,608.78,590.35
ch2_ohr_ncp_20240425T1406019344_d_img_d18_x00640_y78080.png,0.247,623.62,501.21,637.36,515.21
ch2_ohr_ncp_20240425T1406019344_d_img_d18_x00640_y78080.png,0.2184,489.67,626.78,499.52,635.14
ch2_ohr_ncp_20240425T1406019344_d_img_d18_x00640_y78080.png,0.2102,132.45,21.52,138.16,28.62
ch2_ohr_ncp_20240425T1406019344_d_img_d18_x00640_y79360.png,0.2691,623.04,335.31,635.02,347.54
ch2_ohr_ncp_20240425T1406019344_d_img_d18_x00640_y81280.png,0.2499,148.43,39.79,153.7,45.87
ch2_ohr_ncp_20240425T1406019344_d_img_d18_x00640_y81280.png,0.231,630.93,111.57,636.18,119.09
ch2_ohr_ncp_20240425T1406019344_d_img_d18_x00640_y81280.png,0.2285,147.98,39.55,152.94,44.99
ch2_ohr_ncp_20240425T1406019344_d_img_d18_x00640_y81280.png,0.2268,141.51,47.34,147.54,54.07
ch2_ohr_ncp_20240425T1406019344_d_img_d18_x00640_y81280.png,0.2192,632.68,124.15,638.37,131.42
ch2_ohr_ncp_20240425T1406019344_d_img_d18_x00640_y82560.png,0.222,216.21,627.82,224.93,638.97
ch2_ohr_ncp_20240425T1406019344_d_img_d18_x00640_y83200.png,0.2159,225.09,229.35,231.44,235.21
ch2_ohr_ncp_20240425T1406019344_d_img_d18_x00640_y83840.png,0.269,350.26,547.98,354.94,553.68
ch2_ohr_ncp_20240425T1406019344_d_img_d18_x00640_y83840.png,0.2396,478.77,625.71,490.11,638.61
ch2_ohr_ncp_20240425T1406019344_d_img_d18_x00640_y83840.png,0.2279,504.3,630.07,513.79,639.0
ch2_ohr_ncp_20240425T1406019344_d_img_d18_x00640_y83840.png,0.2272,349.04,547.92,353.76,554.51
ch2_ohr_ncp_20240425T1406019344_d_img_d18_x00640_y83840.png,0.2195,411.08,628.48,420.03,637.67
ch2_ohr_ncp_20240425T1406019344_d_img_d18_x00640_y83840.png,0.2113,398.23,540.85,404.63,547.55
ch2_ohr_ncp_20240425T1406019344_d_img_d18_x00640_y83840.png,0.2069,198.03,629.74,206.37,638.13
ch2_ohr_ncp_20240425T1406019344_d_img_d18_x00640_y84480.png,0.3352,307.76,482.96,314.25,492.19
ch2_ohr_ncp_20240425T1406019344_d_img_d18_x00640_y84480.png,0.3347,268.93,45.5,286.59,68.91
ch2_ohr_ncp_20240425T1406019344_d_img_d18_x00640_y84480.png,0.2761,627.43,181.54,633.38,188.27
ch2_ohr_ncp_20240425T1406019344_d_img_d18_x00640_y84480.png,0.2681,404.18,3.32,414.11,13.98
ch2_ohr_ncp_20240425T1406019344_d_img_d18_x00640_y84480.png,0.22,286.37,330.51,294.71,339.37
ch2_ohr_ncp_20240425T1406019344_d_img_d18_x00640_y84480.png,0.214,596.15,97.58,608.87,114.32
ch2_ohr_ncp_20240425T1406019344_d_img_d18_x00640_y84480.png,0.2137,610.52,408.81,616.23,415.63
ch2_ohr_ncp_20240425T1406019344_d_img_d18_x00640_y84480.png,0.207,224.72,86.89,230.52,94.33
ch2_ohr_ncp_20240425T1406019344_d_img_d18_x00640_y84480.png,0.2032,164.63,569.61,174.71,581.16
ch2_ohr_ncp_20240425T1406019344_d_img_d18_x00640_y85760.png,0.2406,43.39,16.95,49.75,22.27
ch2_ohr_ncp_20240425T1406019344_d_img_d18_x00640_y86400.png,0.3424,563.91,480.16,568.53,486.22
ch2_ohr_ncp_20240425T1406019344_d_img_d18_x00640_y86400.png,0.2641,574.82,194.66,584.49,205.54
ch2_ohr_ncp_20240425T1406019344_d_img_d18_x00640_y86400.png,0.249,624.48,237.12,630.62,242.54
ch2_ohr_ncp_20240425T1406019344_d_img_d18_x00640_y86400.png,0.2189,516.73,400.02,525.06,411.08
ch2_ohr_ncp_20240425T1406019344_d_img_d18_x00640_y86400.png,0.2145,459.96,154.96,467.49,163.06
ch2_ohr_ncp_20240425T1406019344_d_img_d18_x00640_y86400.png,0.2074,310.0,479.94,317.06,490.33
ch2_ohr_ncp_20240425T1406019344_d_img_d18_x00640_y86400.png,0.2062,469.64,163.72,476.35,171.36
ch2_ohr_ncp_20240425T1406019344_d_img_d18_x00640_y87040.png,0.2386,315.78,39.55,324.68,49.46
ch2_ohr_ncp_20240425T1406019344_d_img_d18_x00640_y87040.png,0.2318,460.39,302.86,465.13,307.7
ch2_ohr_ncp_20240425T1406019344_d_img_d18_x00640_y88320.png,0.4076,589.43,317.79,595.74,324.96
ch2_ohr_ncp_20240425T1406019344_d_img_d18_x00640_y88960.png,0.2961,245.36,262.2,251.13,268.65
ch2_ohr_ncp_20240425T1406019344_d_img_d18_x00640_y88960.png,0.282,60.19,477.81,66.9,485.68
ch2_ohr_ncp_20240425T1406019344_d_img_d18_x00640_y88960.png,0.2256,365.68,230.34,393.7,269.25
ch2_ohr_ncp_20240425T1406019344_d_img_d18_x00640_y89600.png,0.397,290.39,445.77,306.82,468.87
ch2_ohr_ncp_20240425T1406019344_d_img_d18_x00640_y89600.png,0.3838,375.07,632.98,385.83,639.99
ch2_ohr_ncp_20240425T1406019344_d_img_d18_x00640_y89600.png,0.3457,179.22,324.56,187.12,333.32
ch2_ohr_ncp_20240425T1406019344_d_img_d18_x00640_y89600.png,0.2913,229.77,315.5,235.92,323.13
ch2_ohr_ncp_20240425T1406019344_d_img_d18_x00640_y89600.png,0.2877,139.22,495.61,146.07,503.65
ch2_ohr_ncp_20240425T1406019344_d_img_d18_x00640_y89600.png,0.2749,550.6,403.08,560.41,416.61
ch2_ohr_ncp_20240425T1406019344_d_img_d18_x00640_y89600.png,0.2402,350.9,524.48,359.84,533.48
ch2_ohr_ncp_20240425T1406019344_d_img_d18_x00640_y89600.png,0.2266,214.38,600.48,254.29,633.27
ch2_ohr_ncp_20240425T1406019344_d_img_d18_x00640_y89600.png,0.2226,172.65,471.92,186.38,488.5
ch2_ohr_ncp_20240425T1406019344_d_img_d18_x00640_y89600.png,0.2194,193.47,470.71,202.47,479.64
ch2_ohr_ncp_20240425T1406019344_d_img_d18_x00640_y89600.png,0.2147,376.65,267.09,385.47,276.65
ch2_ohr_ncp_20240425T1406019344_d_img_d18_x00640_y89600.png,0.2109,412.78,507.52,418.91,514.87
ch2_ohr_ncp_20240425T1406019344_d_img_d18_x00640_y89600.png,0.2082,518.5,552.86,530.34,564.76
ch2_ohr_ncp_20240425T1406019344_d_img_d18_x00640_y89600.png,0.2066,533.4,410.72,540.75,421.17
ch2_ohr_ncp_20240425T1406019344_d_img_d18_x00640_y89600.png,0.2034,478.33,494.71,485.3,501.88
ch2_ohr_ncp_20240425T1406019344_d_img_d18_x00640_y89600.png,0.2006,181.75,559.64,191.91,572.51
ch2_ohr_ncp_20240425T1406019344_d_img_d18_x00640_y90240.png,0.2111,40.55,207.47,45.21,212.0
ch2_ohr_ncp_20240425T1406019344_d_img_d18_x00640_y90240.png,0.2069,27.72,149.89,33.03,155.37
ch2_ohr_ncp_20240425T1406019344_d_img_d18_x00640_y93440.png,0.3342,461.96,0.0,497.43,19.58
ch2_ohr_ncp_20240425T1406019344_d_img_d18_x00640_y93440.png,0.2739,269.15,29.48,276.19,37.42
ch2_ohr_ncp_20240425T1406019344_d_img_d18_x00640_y93440.png,0.2211,212.03,21.34,218.91,29.92
ch2_ohr_ncp_20240425T1406019344_d_img_d18_x00640_y93440.png,0.2161,147.99,87.14,154.19,93.65
ch2_ohr_ncp_20240425T1406019344_d_img_d18_x00640_y93440.png,0.2154,215.86,0.19,222.75,6.91
ch2_ohr_ncp_20240425T1406019344_d_img_d18_x00640_y93440.png,0.2132,441.48,0.86,455.45,17.41
ch2_ohr_ncp_20240425T1406019344_d_img_d18_x00640_y93440.png,0.2086,356.84,171.69,363.47,179.98
ch2_ohr_ncp_20240425T1406019344_d_img_d18_x01280_y01280.png,0.3107,120.36,385.53,130.7,401.09
ch2_ohr_ncp_20240425T1406019344_d_img_d18_x01280_y02560.png,0.202,372.83,0.0,413.53,25.48
ch2_ohr_ncp_20240425T1406019344_d_img_d18_x01280_y05760.png,0.2182,627.06,40.39,633.87,49.38
ch2_ohr_ncp_20240425T1406019344_d_img_d18_x01280_y16000.png,0.263,155.23,631.05,169.45,640.0
ch2_ohr_ncp_20240425T1406019344_d_img_d18_x01280_y16000.png,0.2401,57.4,419.36,65.2,431.05
ch2_ohr_ncp_20240425T1406019344_d_img_d18_x01280_y16000.png,0.2147,625.25,618.16,635.38,632.27
ch2_ohr_ncp_20240425T1406019344_d_img_d18_x01280_y16640.png,0.2193,140.35,167.07,163.8,191.77
ch2_ohr_ncp_20240425T1406019344_d_img_d18_x01280_y17920.png,0.2641,510.35,300.86,519.12,310.68
ch2_ohr_ncp_20240425T1406019344_d_img_d18_x01280_y18560.png,0.2001,363.2,626.28,369.14,633.76
ch2_ohr_ncp_20240425T1406019344_d_img_d18_x01280_y21120.png,0.2447,135.22,402.55,144.87,415.34
ch2_ohr_ncp_20240425T1406019344_d_img_d18_x01280_y21120.png,0.2311,484.77,630.53,495.48,639.97
ch2_ohr_ncp_20240425T1406019344_d_img_d18_x01280_y21760.png,0.2048,390.99,138.61,397.6,146.42
ch2_ohr_ncp_20240425T1406019344_d_img_d18_x01280_y23680.png,0.4362,149.52,371.49,165.77,384.59
ch2_ohr_ncp_20240425T1406019344_d_img_d18_x01280_y23680.png,0.3659,149.17,369.31,168.81,385.04
ch2_ohr_ncp_20240425T1406019344_d_img_d18_x01280_y23680.png,0.2739,496.47,631.47,504.03,639.54
ch2_ohr_ncp_20240425T1406019344_d_img_d18_x01280_y23680.png,0.2425,132.15,631.21,143.47,639.53
ch2_ohr_ncp_20240425T1406019344_d_img_d18_x01280_y23680.png,0.2351,333.47,346.47,344.95,357.95
ch2_ohr_ncp_20240425T1406019344_d_img_d18_x01280_y23680.png,0.2265,136.66,366.87,145.17,379.36
ch2_ohr_ncp_20240425T1406019344_d_img_d18_x01280_y23680.png,0.22,543.72,620.58,556.98,632.43
ch2_ohr_ncp_20240425T1406019344_d_img_d18_x01280_y23680.png,0.2175,221.93,420.25,229.25,429.32
ch2_ohr_ncp_20240425T1406019344_d_img_d18_x01280_y23680.png,0.2134,422.44,448.44,429.15,458.72
ch2_ohr_ncp_20240425T1406019344_d_img_d18_x01280_y23680.png,0.2129,91.95,344.65,105.68,360.57
ch2_ohr_ncp_20240425T1406019344_d_img_d18_x01280_y23680.png,0.2108,625.38,571.21,632.99,581.62
ch2_ohr_ncp_20240425T1406019344_d_img_d18_x01280_y24320.png,0.4388,213.43,122.56,224.36,137.37
ch2_ohr_ncp_20240425T1406019344_d_img_d18_x01280_y24320.png,0.3469,482.55,332.33,489.79,340.65
ch2_ohr_ncp_20240425T1406019344_d_img_d18_x01280_y24320.png,0.2936,147.19,312.43,154.31,320.94
ch2_ohr_ncp_20240425T1406019344_d_img_d18_x01280_y24320.png,0.287,338.79,505.49,346.27,513.73
ch2_ohr_ncp_20240425T1406019344_d_img_d18_x01280_y24320.png,0.261,120.62,261.81,127.23,270.27
ch2_ohr_ncp_20240425T1406019344_d_img_d18_x01280_y24320.png,0.2532,553.88,630.77,564.62,638.6
ch2_ohr_ncp_20240425T1406019344_d_img_d18_x01280_y24320.png,0.2422,93.71,235.22,99.52,243.77
ch2_ohr_ncp_20240425T1406019344_d_img_d18_x01280_y24320.png,0.2334,355.99,485.86,363.3,492.55
ch2_ohr_ncp_20240425T1406019344_d_img_d18_x01280_y24320.png,0.2202,195.51,413.3,202.33,421.98
ch2_ohr_ncp_20240425T1406019344_d_img_d18_x01280_y24320.png,0.2157,54.56,319.63,60.55,326.61
ch2_ohr_ncp_20240425T1406019344_d_img_d18_x01280_y24320.png,0.2004,133.31,119.22,139.64,127.03
ch2_ohr_ncp_20240425T1406019344_d_img_d18_x01280_y25600.png,0.344,141.54,526.33,147.93,533.86
ch2_ohr_ncp_20240425T1406019344_d_img_d18_x01280_y25600.png,0.2985,434.98,366.18,451.42,389.71
ch2_ohr_ncp_20240425T1406019344_d_img_d18_x01280_y25600.png,0.2672,106.91,593.74,111.72,599.23
ch2_ohr_ncp_20240425T1406019344_d_img_d18_x01280_y25600.png,0.2471,602.96,480.41,608.37,486.4
ch2_ohr_ncp_20240425T1406019344_d_img_d18_x01280_y25600.png,0.2371,494.16,20.54,503.38,30.35
ch2_ohr_ncp_20240425T1406019344_d_img_d18_x01280_y25600.png,0.2027,220.18,367.04,224.94,371.81
ch2_ohr_ncp_20240425T1406019344_d_img_d18_x01280_y26240.png,0.3011,390.97,147.77,398.83,156.87
ch2_ohr_ncp_20240425T1406019344_d_img_d18_x01280_y26240.png,0.2927,315.93,103.99,329.55,122.68
ch2_ohr_ncp_20240425T1406019344_d_img_d18_x01280_y26240.png,0.2623,101.64,257.94,110.39,268.34
ch2_ohr_ncp_20240425T1406019344_d_img_d18_x01280_y26240.png,0.2304,539.51,160.25,558.18,180.03
ch2_ohr_ncp_20240425T1406019344_d_img_d18_x01280_y26240.png,0.2047,434.54,435.51,451.5,455.99
ch2_ohr_ncp_20240425T1406019344_d_img_d18_x01280_y27520.png,0.4832,101.27,324.07,113.39,336.89
ch2_ohr_ncp_20240425T1406019344_d_img_d18_x01280_y27520.png,0.3511,554.34,617.94,569.21,634.12
ch2_ohr_ncp_20240425T1406019344_d_img_d18_x01280_y27520.png,0.3508,468.6,113.77,483.85,128.9
ch2_ohr_ncp_20240425T1406019344_d_img_d18_x01280_y27520.png,0.2634,285.03,272.0,291.14,277.83
ch2_ohr_ncp_20240425T1406019344_d_img_d18_x01280_y27520.png,0.2286,427.34,38.2,443.31,61.28
ch2_ohr_ncp_20240425T1406019344_d_img_d18_x01280_y27520.png,0.2127,127.74,14.38,134.3,22.43
ch2_ohr_ncp_20240425T1406019344_d_img_d18_x01280_y27520.png,0.2107,391.06,12.14,410.61,32.46
ch2_ohr_ncp_20240425T1406019344_d_img_d18_x01280_y27520.png,0.2095,169.07,478.43,201.99,509.92
ch2_ohr_ncp_20240425T1406019344_d_img_d18_x01280_y27520.png,0.2061,70.31,68.97,79.89,78.53
ch2_ohr_ncp_20240425T1406019344_d_img_d18_x01280_y27520.png,0.2055,484.73,509.46,494.78,520.22
ch2_ohr_ncp_20240425T1406019344_d_img_d18_x01280_y27520.png,0.205,287.24,371.51,297.46,383.35
ch2_ohr_ncp_20240425T1406019344_d_img_d18_x01280_y27520.png,0.2026,230.2,495.98,235.48,500.72
ch2_ohr_ncp_20240425T1406019344_d_img_d18_x01280_y28160.png,0.3687,412.17,396.57,420.54,407.13
ch2_ohr_ncp_20240425T1406019344_d_img_d18_x01280_y28160.png,0.3546,391.21,205.79,399.56,214.32
ch2_ohr_ncp_20240425T1406019344_d_img_d18_x01280_y28160.png,0.2871,382.99,523.61,389.56,532.14
ch2_ohr_ncp_20240425T1406019344_d_img_d18_x01280_y28160.png,0.267,410.64,347.95,417.37,356.92
ch2_ohr_ncp_20240425T1406019344_d_img_d18_x01280_y28160.png,0.2572,563.6,444.57,571.97,452.82
ch2_ohr_ncp_20240425T1406019344_d_img_d18_x01280_y28160.png,0.2411,380.41,580.6,386.55,588.31
ch2_ohr_ncp_20240425T1406019344_d_img_d18_x01280_y28160.png,0.2393,445.87,496.36,453.3,504.33
ch2_ohr_ncp_20240425T1406019344_d_img_d18_x01280_y28160.png,0.2392,109.11,607.34,121.27,624.08
ch2_ohr_ncp_20240425T1406019344_d_img_d18_x01280_y28160.png,0.2386,132.87,46.46,138.88,53.75
ch2_ohr_ncp_20240425T1406019344_d_img_d18_x01280_y28160.png,0.2354,526.39,105.14,535.6,117.2
ch2_ohr_ncp_20240425T1406019344_d_img_d18_x01280_y28160.png,0.234,477.36,523.59,482.81,528.59
ch2_ohr_ncp_20240425T1406019344_d_img_d18_x01280_y28160.png,0.2166,230.59,244.06,240.28,255.51
ch2_ohr_ncp_20240425T1406019344_d_img_d18_x01280_y28160.png,0.2036,540.65,327.89,552.13,346.27
ch2_ohr_ncp_20240425T1406019344_d_img_d18_x01280_y28160.png,0.2007,365.05,198.29,376.82,213.43
ch2_ohr_ncp_20240425T1406019344_d_img_d18_x01280_y29440.png,0.2275,108.56,437.19,113.65,443.47
ch2_ohr_ncp_20240425T1406019344_d_img_d18_x01280_y29440.png,0.2194,141.79,632.36,150.8,639.5
ch2_ohr_ncp_20240425T1406019344_d_img_d18_x01280_y29440.png,0.2014,379.49,576.29,384.65,582.8
ch2_ohr_ncp_20240425T1406019344_d_img_d18_x01280_y29440.png,0.2001,64.01,446.64,70.67,454.17
ch2_ohr_ncp_20240425T1406019344_d_img_d18_x01280_y30080.png,0.3107,628.87,113.99,637.44,123.7
ch2_ohr_ncp_20240425T1406019344_d_img_d18_x01280_y30080.png,0.2687,621.92,126.52,635.98,138.91
ch2_ohr_ncp_20240425T1406019344_d_img_d18_x01280_y30080.png,0.2682,590.48,300.01,598.31,309.71
ch2_ohr_ncp_20240425T1406019344_d_img_d18_x01280_y30080.png,0.2647,211.14,111.8,221.72,127.42
ch2_ohr_ncp_20240425T1406019344_d_img_d18_x01280_y30080.png,0.2521,592.03,11.22,599.42,18.47
ch2_ohr_ncp_20240425T1406019344_d_img_d18_x01280_y30080.png,0.2404,520.91,265.73,526.75,272.37
ch2_ohr_ncp_20240425T1406019344_d_img_d18_x01280_y30080.png,0.2283,625.57,312.71,632.82,319.74
ch2_ohr_ncp_20240425T1406019344_d_img_d18_x01280_y30080.png,0.2158,453.67,98.72,463.12,108.53
ch2_ohr_ncp_20240425T1406019344_d_img_d18_x01280_y30720.png,0.3752,163.84,75.31,170.57,84.52
ch2_ohr_ncp_20240425T1406019344_d_img_d18_x01280_y30720.png,0.3697,575.4,0.0,584.77,5.71
ch2_ohr_ncp_20240425T1406019344_d_img_d18_x01280_y30720.png,0.3622,568.76,76.52,585.31,94.49
ch2_ohr_ncp_20240425T1406019344_d_img_d18_x01280_y30720.png,0.3107,558.13,378.09,570.64,392.1
ch2_ohr_ncp_20240425T1406019344_d_img_d18_x01280_y30720.png,0.3092,500.53,506.41,509.94,516.01
ch2_ohr_ncp_20240425T1406019344_d_img_d18_x01280_y30720.png,0.3069,358.59,589.11,368.28,598.11
ch2_ohr_ncp_20240425T1406019344_d_img_d18_x01280_y30720.png,0.2822,420.45,568.04,435.06,586.19
ch2_ohr_ncp_20240425T1406019344_d_img_d18_x01280_y30720.png,0.2687,566.69,356.4,572.88,363.2
ch2_ohr_ncp_20240425T1406019344_d_img_d18_x01280_y30720.png,0.2672,612.22,11.52,622.76,22.63
ch2_ohr_ncp_20240425T1406019344_d_img_d18_x01280_y30720.png,0.2609,500.04,109.03,507.94,117.64
ch2_ohr_ncp_20240425T1406019344_d_img_d18_x01280_y30720.png,0.2497,520.51,304.4,526.36,309.93
ch2_ohr_ncp_20240425T1406019344_d_img_d18_x01280_y30720.png,0.2178,598.82,7.34,605.65,13.55
ch2_ohr_ncp_20240425T1406019344_d_img_d18_x01280_y30720.png,0.2044,635.19,126.48,640.0,135.14
ch2_ohr_ncp_20240425T1406019344_d_img_d18_x01280_y30720.png,0.2043,155.6,68.2,163.64,78.02
ch2_ohr_ncp_20240425T1406019344_d_img_d18_x01280_y30720.png,0.2033,528.23,478.19,539.57,492.89
ch2_ohr_ncp_20240425T1406019344_d_img_d18_x01280_y32000.png,0.3449,581.53,621.37,588.26,629.58
ch2_ohr_ncp_20240425T1406019344_d_img_d18_x01280_y32000.png,0.3407,435.54,6.14,450.42,27.2
ch2_ohr_ncp_20240425T1406019344_d_img_d18_x01280_y32000.png,0.2793,435.95,570.26,447.66,584.81
ch2_ohr_ncp_20240425T1406019344_d_img_d18_x01280_y32000.png,0.2675,624.62,545.7,635.22,563.2
ch2_ohr_ncp_20240425T1406019344_d_img_d18_x01280_y32000.png,0.2583,433.1,619.24,452.71,638.13
ch2_ohr_ncp_20240425T1406019344_d_img_d18_x01280_y32000.png,0.2301,348.33,413.05,354.62,421.8
ch2_ohr_ncp_20240425T1406019344_d_img_d18_x01280_y32000.png,0.2121,0.0,134.37,27.24,191.77
ch2_ohr_ncp_20240425T1406019344_d_img_d18_x01280_y32640.png,0.2025,36.96,628.31,43.07,635.69
ch2_ohr_ncp_20240425T1406019344_d_img_d18_x01280_y33280.png,0.2109,221.2,539.68,247.03,565.12
ch2_ohr_ncp_20240425T1406019344_d_img_d18_x01280_y33920.png,0.3456,406.66,564.42,416.51,575.42
ch2_ohr_ncp_20240425T1406019344_d_img_d18_x01280_y33920.png,0.3345,99.74,166.54,106.17,173.9
ch2_ohr_ncp_20240425T1406019344_d_img_d18_x01280_y33920.png,0.2901,303.74,348.33,316.63,362.92
ch2_ohr_ncp_20240425T1406019344_d_img_d18_x01280_y33920.png,0.2774,5.99,208.84,23.77,232.57
ch2_ohr_ncp_20240425T1406019344_d_img_d18_x01280_y33920.png,0.2756,206.52,430.11,215.14,440.12
ch2_ohr_ncp_20240425T1406019344_d_img_d18_x01280_y33920.png,0.2573,91.07,104.36,96.85,110.18
ch2_ohr_ncp_20240425T1406019344_d_img_d18_x01280_y33920.png,0.2568,499.71,501.31,505.75,508.76
ch2_ohr_ncp_20240425T1406019344_d_img_d18_x01280_y33920.png,0.247,2.81,498.36,22.05,519.55
ch2_ohr_ncp_20240425T1406019344_d_img_d18_x01280_y33920.png,0.245,118.44,172.76,127.06,180.53
ch2_ohr_ncp_20240425T1406019344_d_img_d18_x01280_y33920.png,0.2307,465.51,258.9,475.83,268.62
ch2_ohr_ncp_20240425T1406019344_d_img_d18_x01280_y33920.png,0.2215,120.07,240.4,148.06,268.94
ch2_ohr_ncp_20240425T1406019344_d_img_d18_x01280_y33920.png,0.2177,71.03,332.37,79.7,341.74
ch2_ohr_ncp_20240425T1406019344_d_img_d18_x01280_y33920.png,0.2162,136.34,207.32,140.64,212.45
ch2_ohr_ncp_20240425T1406019344_d_img_d18_x01280_y33920.png,0.2149,98.12,194.38,105.06,204.3
ch2_ohr_ncp_20240425T1406019344_d_img_d18_x01280_y33920.png,0.2083,411.51,265.57,418.1,272.47
ch2_ohr_ncp_20240425T1406019344_d_img_d18_x01280_y33920.png,0.2005,420.45,581.98,426.44,589.06
ch2_ohr_ncp_20240425T1406019344_d_img_d18_x01280_y34560.png,0.2156,191.3,382.16,199.66,394.48
ch2_ohr_ncp_20240425T1406019344_d_img_d18_x01280_y35840.png,0.254,65.07,632.97,72.28,639.35
ch2_ohr_ncp_20240425T1406019344_d_img_d18_x01280_y35840.png,0.2315,450.31,324.67,458.23,333.15
ch2_ohr_ncp_20240425T1406019344_d_img_d18_x01280_y35840.png,0.2154,115.92,501.37,127.34,511.86
ch2_ohr_ncp_20240425T1406019344_d_img_d18_x01280_y35840.png,0.212,349.46,302.6,355.51,308.73
ch2_ohr_ncp_20240425T1406019344_d_img_d18_x01280_y36480.png,0.2176,627.45,615.33,635.91,626.36
ch2_ohr_ncp_20240425T1406019344_d_img_d18_x01280_y36480.png,0.2021,246.5,259.42,256.21,273.43
ch2_ohr_ncp_20240425T1406019344_d_img_d18_x01280_y37120.png,0.3508,149.4,436.98,155.13,443.4
ch2_ohr_ncp_20240425T1406019344_d_img_d18_x01280_y37120.png,0.2594,157.85,309.63,164.68,316.83
ch2_ohr_ncp_20240425T1406019344_d_img_d18_x01280_y37120.png,0.2564,176.62,131.13,183.25,138.35
ch2_ohr_ncp_20240425T1406019344_d_img_d18_x01280_y37120.png,0.2373,538.3,489.39,549.32,503.6
ch2_ohr_ncp_20240425T1406019344_d_img_d18_x01280_y37120.png,0.2213,117.1,412.02,123.3,419.98
ch2_ohr_ncp_20240425T1406019344_d_img_d18_x01280_y37120.png,0.2118,515.95,274.05,523.28,281.58
ch2_ohr_ncp_20240425T1406019344_d_img_d18_x01280_y37120.png,0.2028,293.49,302.05,299.56,308.25
ch2_ohr_ncp_20240425T1406019344_d_img_d18_x01280_y37120.png,0.2015,207.02,443.82,213.53,451.42
ch2_ohr_ncp_20240425T1406019344_d_img_d18_x01280_y37760.png,0.2082,627.23,44.72,634.68,51.64
ch2_ohr_ncp_20240425T1406019344_d_img_d18_x01280_y37760.png,0.2069,347.68,231.82,363.05,249.94
ch2_ohr_ncp_20240425T1406019344_d_img_d18_x01280_y38400.png,0.3737,150.27,327.86,159.34,339.01
ch2_ohr_ncp_20240425T1406019344_d_img_d18_x01280_y39680.png,0.3127,483.38,120.25,497.22,139.66
ch2_ohr_ncp_20240425T1406019344_d_img_d18_x01280_y39680.png,0.2843,196.67,105.41,203.73,115.47
ch2_ohr_ncp_20240425T1406019344_d_img_d18_x01280_y39680.png,0.2361,325.29,572.78,347.02,599.99
ch2_ohr_ncp_20240425T1406019344_d_img_d18_x01280_y39680.png,0.2281,258.66,113.66,265.98,123.91
ch2_ohr_ncp_20240425T1406019344_d_img_d18_x01280_y39680.png,0.2217,361.4,52.67,371.19,65.85
ch2_ohr_ncp_20240425T1406019344_d_img_d18_x01280_y39680.png,0.2107,284.66,77.65,291.59,85.55
ch2_ohr_ncp_20240425T1406019344_d_img_d18_x01280_y39680.png,0.2051,0.93,152.45,7.33,163.21
ch2_ohr_ncp_20240425T1406019344_d_img_d18_x01280_y40960.png,0.3322,252.97,467.16,259.74,477.26
ch2_ohr_ncp_20240425T1406019344_d_img_d18_x01280_y40960.png,0.2995,353.0,99.45,361.38,109.15
ch2_ohr_ncp_20240425T1406019344_d_img_d18_x01280_y40960.png,0.2944,627.74,366.51,633.25,373.75
ch2_ohr_ncp_20240425T1406019344_d_img_d18_x01280_y41600.png,0.2746,236.43,233.54,247.12,245.94
ch2_ohr_ncp_20240425T1406019344_d_img_d18_x01280_y41600.png,0.2494,220.46,132.71,227.01,141.34
ch2_ohr_ncp_20240425T1406019344_d_img_d18_x01280_y41600.png,0.2305,522.62,44.92,530.78,53.22
ch2_ohr_ncp_20240425T1406019344_d_img_d18_x01280_y41600.png,0.2216,629.58,29.98,639.66,47.99
ch2_ohr_ncp_20240425T1406019344_d_img_d18_x01280_y41600.png,0.2206,509.85,110.49,523.08,129.74
ch2_ohr_ncp_20240425T1406019344_d_img_d18_x01280_y42240.png,0.3094,245.65,518.07,268.84,543.21
ch2_ohr_ncp_20240425T1406019344_d_img_d18_x01280_y42240.png,0.2195,429.22,123.1,436.84,133.47
ch2_ohr_ncp_20240425T1406019344_d_img_d18_x01280_y42240.png,0.2176,133.37,2.51,150.17,20.31
ch2_ohr_ncp_20240425T1406019344_d_img_d18_x01280_y42240.png,0.2039,180.16,326.53,187.87,334.19
ch2_ohr_ncp_20240425T1406019344_d_img_d18_x01280_y42880.png,0.2857,254.7,283.39,262.08,292.01
ch2_ohr_ncp_20240425T1406019344_d_img_d18_x01280_y42880.png,0.2724,516.65,431.26,535.78,452.29
ch2_ohr_ncp_20240425T1406019344_d_img_d18_x01280_y42880.png,0.272,327.35,205.34,333.68,212.22
ch2_ohr_ncp_20240425T1406019344_d_img_d18_x01280_y42880.png,0.2594,357.82,375.29,371.93,393.59
ch2_ohr_ncp_20240425T1406019344_d_img_d18_x01280_y42880.png,0.2583,622.66,628.96,633.54,639.73
ch2_ohr_ncp_20240425T1406019344_d_img_d18_x01280_y42880.png,0.2438,524.65,143.31,531.08,150.6
ch2_ohr_ncp_20240425T1406019344_d_img_d18_x01280_y42880.png,0.2436,30.39,0.22,40.34,13.41
ch2_ohr_ncp_20240425T1406019344_d_img_d18_x01280_y42880.png,0.2273,393.36,371.8,401.05,381.52
ch2_ohr_ncp_20240425T1406019344_d_img_d18_x01280_y42880.png,0.2194,307.82,551.74,313.4,558.61
ch2_ohr_ncp_20240425T1406019344_d_img_d18_x01280_y42880.png,0.2188,335.24,484.69,343.12,494.77
ch2_ohr_ncp_20240425T1406019344_d_img_d18_x01280_y42880.png,0.2184,392.16,491.25,414.72,517.32
ch2_ohr_ncp_20240425T1406019344_d_img_d18_x01280_y42880.png,0.2184,381.16,292.51,387.23,300.66
ch2_ohr_ncp_20240425T1406019344_d_img_d18_x01280_y42880.png,0.2167,542.74,91.16,560.0,112.88
ch2_ohr_ncp_20240425T1406019344_d_img_d18_x01280_y42880.png,0.2166,367.49,524.51,386.44,543.7
ch2_ohr_ncp_20240425T1406019344_d_img_d18_x01280_y42880.png,0.2035,138.67,491.43,145.3,499.46
ch2_ohr_ncp_20240425T1406019344_d_img_d18_x01280_y42880.png,0.2018,558.22,59.63,564.57,65.38
ch2_ohr_ncp_20240425T1406019344_d_img_d18_x01280_y43520.png,0.2225,205.63,58.21,211.3,64.72
ch2_ohr_ncp_20240425T1406019344_d_img_d18_x01280_y44160.png,0.242,153.7,266.64,162.07,277.46
ch2_ohr_ncp_20240425T1406019344_d_img_d18_x01280_y44160.png,0.2123,196.66,145.06,210.22,161.14
ch2_ohr_ncp_20240425T1406019344_d_img_d18_x01280_y44800.png,0.2649,452.6,633.77,459.97,639.81
ch2_ohr_ncp_20240425T1406019344_d_img_d18_x01280_y45440.png,0.331,443.55,196.4,450.98,206.35
ch2_ohr_ncp_20240425T1406019344_d_img_d18_x01280_y45440.png,0.3294,295.18,43.92,303.36,55.22
ch2_ohr_ncp_20240425T1406019344_d_img_d18_x01280_y45440.png,0.3106,5.57,110.31,15.44,124.08
ch2_ohr_ncp_20240425T1406019344_d_img_d18_x01280_y45440.png,0.3039,365.89,511.43,371.61,516.97
ch2_ohr_ncp_20240425T1406019344_d_img_d18_x01280_y45440.png,0.3012,518.51,555.65,525.52,565.8
ch2_ohr_ncp_20240425T1406019344_d_img_d18_x01280_y45440.png,0.2895,437.3,373.02,446.86,383.05
ch2_ohr_ncp_20240425T1406019344_d_img_d18_x01280_y45440.png,0.2792,623.91,406.97,637.42,428.66
ch2_ohr_ncp_20240425T1406019344_d_img_d18_x01280_y45440.png,0.2616,627.04,112.88,633.35,119.0
ch2_ohr_ncp_20240425T1406019344_d_img_d18_x01280_y45440.png,0.2534,396.45,332.85,402.15,339.73
ch2_ohr_ncp_20240425T1406019344_d_img_d18_x01280_y45440.png,0.2468,133.3,526.63,138.38,533.35
ch2_ohr_ncp_20240425T1406019344_d_img_d18_x01280_y45440.png,0.2405,54.28,324.45,59.96,330.73
ch2_ohr_ncp_20240425T1406019344_d_img_d18_x01280_y45440.png,0.2269,565.24,204.99,572.74,213.53
ch2_ohr_ncp_20240425T1406019344_d_img_d18_x01280_y45440.png,0.2261,40.53,343.67,50.33,356.27
ch2_ohr_ncp_20240425T1406019344_d_img_d18_x01280_y45440.png,0.2245,323.72,512.14,328.83,519.08
ch2_ohr_ncp_20240425T1406019344_d_img_d18_x01280_y45440.png,0.2201,417.45,329.58,431.52,344.63
ch2_ohr_ncp_20240425T1406019344_d_img_d18_x01280_y45440.png,0.2164,318.77,171.7,325.6,179.1
ch2_ohr_ncp_20240425T1406019344_d_img_d18_x01280_y45440.png,0.2039,395.81,333.34,400.98,339.8
ch2_ohr_ncp_20240425T1406019344_d_img_d18_x01280_y45440.png,0.2035,214.82,157.76,223.63,168.48
ch2_ohr_ncp_20240425T1406019344_d_img_d18_x01280_y45440.png,0.2027,312.89,477.36,344.33,511.33
ch2_ohr_ncp_20240425T1406019344_d_img_d18_x01280_y47360.png,0.2531,471.88,0.0,498.25,19.18
ch2_ohr_ncp_20240425T1406019344_d_img_d18_x01280_y47360.png,0.2026,116.23,428.36,123.42,437.96
ch2_ohr_ncp_20240425T1406019344_d_img_d18_x01280_y51200.png,0.2522,341.31,101.17,346.42,107.19
ch2_ohr_ncp_20240425T1406019344_d_img_d18_x01280_y51840.png,0.2098,629.13,477.0,635.13,484.79
ch2_ohr_ncp_20240425T1406019344_d_img_d18_x01280_y53120.png,0.204,631.34,561.13,638.35,569.57
ch2_ohr_ncp_20240425T1406019344_d_img_d18_x01280_y53760.png,0.2095,542.25,82.66,550.87,93.96
ch2_ohr_ncp_20240425T1406019344_d_img_d18_x01280_y57600.png,0.2525,41.96,626.75,50.75,637.53
ch2_ohr_ncp_20240425T1406019344_d_img_d18_x01280_y57600.png,0.2485,58.29,631.73,64.31,639.09
ch2_ohr_ncp_20240425T1406019344_d_img_d18_x01280_y57600.png,0.2437,381.05,297.67,394.69,322.08
ch2_ohr_ncp_20240425T1406019344_d_img_d18_x01280_y58240.png,0.2609,625.99,450.87,635.18,462.33
ch2_ohr_ncp_20240425T1406019344_d_img_d18_x01280_y65280.png,0.4147,205.59,407.97,212.32,415.68
ch2_ohr_ncp_20240425T1406019344_d_img_d18_x01280_y65280.png,0.3164,102.63,445.32,109.31,452.99
ch2_ohr_ncp_20240425T1406019344_d_img_d18_x01280_y65280.png,0.2652,194.6,396.78,202.11,404.85
ch2_ohr_ncp_20240425T1406019344_d_img_d18_x01280_y65280.png,0.2384,436.78,619.43,442.71,625.21
ch2_ohr_ncp_20240425T1406019344_d_img_d18_x01280_y65280.png,0.2379,518.19,497.95,527.88,511.69
ch2_ohr_ncp_20240425T1406019344_d_img_d18_x01280_y65280.png,0.2304,421.82,630.54,426.56,635.9
ch2_ohr_ncp_20240425T1406019344_d_img_d18_x01280_y65280.png,0.2175,253.01,343.24,258.34,348.54
ch2_ohr_ncp_20240425T1406019344_d_img_d18_x01280_y65280.png,0.2068,371.09,348.06,378.72,356.21
ch2_ohr_ncp_20240425T1406019344_d_img_d18_x01280_y70400.png,0.2648,546.04,324.16,560.32,336.17
ch2_ohr_ncp_20240425T1406019344_d_img_d18_x01280_y71680.png,0.4064,626.02,13.07,634.78,23.11
ch2_ohr_ncp_20240425T1406019344_d_img_d18_x01280_y71680.png,0.3114,132.2,76.95,138.64,84.89
ch2_ohr_ncp_20240425T1406019344_d_img_d18_x01280_y71680.png,0.2724,149.77,87.1,160.1,100.81
ch2_ohr_ncp_20240425T1406019344_d_img_d18_x01280_y71680.png,0.2446,477.48,165.79,483.82,172.42
ch2_ohr_ncp_20240425T1406019344_d_img_d18_x01280_y71680.png,0.2333,384.15,248.9,389.08,254.31
ch2_ohr_ncp_20240425T1406019344_d_img_d18_x01280_y71680.png,0.2255,431.64,76.02,436.99,82.17
ch2_ohr_ncp_20240425T1406019344_d_img_d18_x01280_y71680.png,0.2041,502.34,162.66,507.7,168.65
ch2_ohr_ncp_20240425T1406019344_d_img_d18_x01280_y73600.png,0.2906,296.59,627.53,307.51,639.12
ch2_ohr_ncp_20240425T1406019344_d_img_d18_x01280_y73600.png,0.2227,499.09,629.16,505.05,639.04
ch2_ohr_ncp_20240425T1406019344_d_img_d18_x01280_y73600.png,0.2053,285.98,624.78,292.64,636.02
ch2_ohr_ncp_20240425T1406019344_d_img_d18_x01280_y74880.png,0.3805,517.55,205.0,523.68,213.04
ch2_ohr_ncp_20240425T1406019344_d_img_d18_x01280_y74880.png,0.2219,406.91,320.24,418.12,332.92
ch2_ohr_ncp_20240425T1406019344_d_img_d18_x01280_y74880.png,0.217,469.23,283.02,475.99,290.58
ch2_ohr_ncp_20240425T1406019344_d_img_d18_x01280_y76160.png,0.3322,385.68,483.15,395.25,497.71
ch2_ohr_ncp_20240425T1406019344_d_img_d18_x01280_y76160.png,0.2552,14.84,624.5,21.83,632.22
ch2_ohr_ncp_20240425T1406019344_d_img_d18_x01280_y76160.png,0.2484,499.33,634.5,504.9,639.91
ch2_ohr_ncp_20240425T1406019344_d_img_d18_x01280_y76160.png,0.2471,439.21,472.35,446.45,482.38
ch2_ohr_ncp_20240425T1406019344_d_img_d18_x01280_y76160.png,0.2377,631.71,493.5,639.16,502.78
ch2_ohr_ncp_20240425T1406019344_d_img_d18_x01280_y76160.png,0.2335,529.21,256.12,537.18,269.13
ch2_ohr_ncp_20240425T1406019344_d_img_d18_x01280_y76160.png,0.2254,37.13,624.58,42.92,632.35
ch2_ohr_ncp_20240425T1406019344_d_img_d18_x01280_y76160.png,0.206,213.51,343.44,218.99,350.98
ch2_ohr_ncp_20240425T1406019344_d_img_d18_x01280_y76800.png,0.2068,381.89,14.9,388.2,22.51
ch2_ohr_ncp_20240425T1406019344_d_img_d18_x01280_y77440.png,0.2682,65.22,425.9,71.86,433.66
ch2_ohr_ncp_20240425T1406019344_d_img_d18_x01280_y77440.png,0.2579,334.17,578.23,345.61,590.21
ch2_ohr_ncp_20240425T1406019344_d_img_d18_x01280_y77440.png,0.2398,29.56,468.2,42.24,488.54
ch2_ohr_ncp_20240425T1406019344_d_img_d18_x01280_y77440.png,0.2347,548.46,240.55,559.43,256.92
ch2_ohr_ncp_20240425T1406019344_d_img_d18_x01280_y77440.png,0.2291,544.47,240.95,559.98,261.88
ch2_ohr_ncp_20240425T1406019344_d_img_d18_x01280_y77440.png,0.2276,227.8,395.47,235.28,405.77
ch2_ohr_ncp_20240425T1406019344_d_img_d18_x01280_y77440.png,0.2028,182.91,629.65,192.7,639.6
ch2_ohr_ncp_20240425T1406019344_d_img_d18_x01280_y79360.png,0.2739,574.36,248.6,583.23,258.81
ch2_ohr_ncp_20240425T1406019344_d_img_d18_x01280_y79360.png,0.2628,626.89,372.54,635.46,383.64
ch2_ohr_ncp_20240425T1406019344_d_img_d18_x01280_y79360.png,0.2291,265.43,629.27,280.43,639.41
ch2_ohr_ncp_20240425T1406019344_d_img_d18_x01280_y79360.png,0.2279,324.68,256.73,337.88,273.35
ch2_ohr_ncp_20240425T1406019344_d_img_d18_x01280_y79360.png,0.217,246.13,633.07,254.27,638.91
ch2_ohr_ncp_20240425T1406019344_d_img_d18_x01280_y79360.png,0.2031,376.35,35.43,383.46,45.43
ch2_ohr_ncp_20240425T1406019344_d_img_d18_x01280_y80640.png,0.2779,60.4,326.55,66.34,333.62
ch2_ohr_ncp_20240425T1406019344_d_img_d18_x01280_y81280.png,0.4012,5.12,144.3,9.51,150.13
ch2_ohr_ncp_20240425T1406019344_d_img_d18_x01280_y81280.png,0.4012,123.78,176.18,128.81,182.53
ch2_ohr_ncp_20240425T1406019344_d_img_d18_x01280_y81280.png,0.3609,539.44,27.76,546.7,37.2
ch2_ohr_ncp_20240425T1406019344_d_img_d18_x01280_y81280.png,0.2981,123.68,175.02,128.38,181.86
ch2_ohr_ncp_20240425T1406019344_d_img_d18_x01280_y81280.png,0.297,35.09,294.05,42.32,304.42
ch2_ohr_ncp_20240425T1406019344_d_img_d18_x01280_y81280.png,0.2924,166.08,123.0,176.15,135.95
ch2_ohr_ncp_20240425T1406019344_d_img_d18_x01280_y81280.png,0.2742,8.16,34.56,15.23,41.47
ch2_ohr_ncp_20240425T1406019344_d_img_d18_x01280_y81280.png,0.2645,65.05,317.74,75.18,330.05
ch2_ohr_ncp_20240425T1406019344_d_img_d18_x01280_y81280.png,0.2592,89.32,628.82,97.6,638.66
ch2_ohr_ncp_20240425T1406019344_d_img_d18_x01280_y81280.png,0.2572,188.73,289.81,203.26,305.2
ch2_ohr_ncp_20240425T1406019344_d_img_d18_x01280_y81280.png,0.2528,206.44,428.37,214.79,438.35
ch2_ohr_ncp_20240425T1406019344_d_img_d18_x01280_y81280.png,0.2508,181.6,359.79,193.56,370.26
ch2_ohr_ncp_20240425T1406019344_d_img_d18_x01280_y81280.png,0.2504,3.11,285.09,10.09,295.96
ch2_ohr_ncp_20240425T1406019344_d_img_d18_x01280_y81280.png,0.2493,99.53,311.79,105.31,318.13
ch2_ohr_ncp_20240425T1406019344_d_img_d18_x01280_y81280.png,0.2492,339.65,436.65,349.1,446.07
ch2_ohr_ncp_20240425T1406019344_d_img_d18_x01280_y81280.png,0.247,326.93,453.13,336.8,464.81
ch2_ohr_ncp_20240425T1406019344_d_img_d18_x01280_y81280.png,0.2408,374.23,471.48,383.54,480.82
ch2_ohr_ncp_20240425T1406019344_d_img_d18_x01280_y81280.png,0.2379,27.1,101.3,33.13,109.65
ch2_ohr_ncp_20240425T1406019344_d_img_d18_x01280_y81280.png,0.2321,403.77,504.67,408.98,511.79
ch2_ohr_ncp_20240425T1406019344_d_img_d18_x01280_y81280.png,0.2313,55.34,215.32,63.32,222.58
ch2_ohr_ncp_20240425T1406019344_d_img_d18_x01280_y81280.png,0.2234,454.74,46.54,463.12,55.11
ch2_ohr_ncp_20240425T1406019344_d_img_d18_x01280_y81280.png,0.2217,35.11,64.59,46.25,78.79
ch2_ohr_ncp_20240425T1406019344_d_img_d18_x01280_y81280.png,0.2199,91.08,292.34,100.13,302.97
ch2_ohr_ncp_20240425T1406019344_d_img_d18_x01280_y81280.png,0.2193,406.58,323.22,422.07,341.93
ch2_ohr_ncp_20240425T1406019344_d_img_d18_x01280_y81280.png,0.2077,0.0,0.0,21.8,33.0
ch2_ohr_ncp_20240425T1406019344_d_img_d18_x01280_y81280.png,0.2046,51.9,135.44,58.36,142.26
ch2_ohr_ncp_20240425T1406019344_d_img_d18_x01280_y81280.png,0.2007,26.01,387.92,32.05,394.55
ch2_ohr_ncp_20240425T1406019344_d_img_d18_x01280_y83840.png,0.3972,373.29,630.89,378.96,637.92
ch2_ohr_ncp_20240425T1406019344_d_img_d18_x01280_y83840.png,0.3066,571.57,633.25,577.09,639.18
ch2_ohr_ncp_20240425T1406019344_d_img_d18_x01280_y83840.png,0.2922,418.04,630.46,425.82,638.5
ch2_ohr_ncp_20240425T1406019344_d_img_d18_x01280_y83840.png,0.2835,468.43,619.65,475.53,627.62
ch2_ohr_ncp_20240425T1406019344_d_img_d18_x01280_y83840.png,0.2604,427.46,577.47,432.23,583.55
ch2_ohr_ncp_20240425T1406019344_d_img_d18_x01280_y83840.png,0.2512,487.67,430.73,492.87,436.93
ch2_ohr_ncp_20240425T1406019344_d_img_d18_x01280_y83840.png,0.2417,589.96,184.74,598.55,196.06
ch2_ohr_ncp_20240425T1406019344_d_img_d18_x01280_y83840.png,0.2409,510.11,503.38,516.8,513.03
ch2_ohr_ncp_20240425T1406019344_d_img_d18_x01280_y83840.png,0.2355,85.43,397.57,90.13,403.3
ch2_ohr_ncp_20240425T1406019344_d_img_d18_x01280_y83840.png,0.2355,536.47,496.46,542.22,502.75
ch2_ohr_ncp_20240425T1406019344_d_img_d18_x01280_y83840.png,0.224,189.01,6.8,193.99,12.14
ch2_ohr_ncp_20240425T1406019344_d_img_d18_x01280_y83840.png,0.2155,455.64,619.44,461.73,625.56
ch2_ohr_ncp_20240425T1406019344_d_img_d18_x01280_y83840.png,0.2154,44.62,385.42,48.61,389.54
ch2_ohr_ncp_20240425T1406019344_d_img_d18_x01280_y83840.png,0.2145,512.69,614.72,518.12,620.87
ch2_ohr_ncp_20240425T1406019344_d_img_d18_x01280_y83840.png,0.2144,285.23,30.09,290.84,36.08
ch2_ohr_ncp_20240425T1406019344_d_img_d18_x01280_y83840.png,0.2138,117.84,216.17,124.1,222.44
ch2_ohr_ncp_20240425T1406019344_d_img_d18_x01280_y83840.png,0.2133,383.6,276.16,389.76,282.44
ch2_ohr_ncp_20240425T1406019344_d_img_d18_x01280_y83840.png,0.2072,496.01,386.17,501.42,392.46
ch2_ohr_ncp_20240425T1406019344_d_img_d18_x01280_y83840.png,0.2036,614.3,518.03,628.83,535.16
ch2_ohr_ncp_20240425T1406019344_d_img_d18_x01280_y83840.png,0.2028,518.03,356.37,525.22,364.54
ch2_ohr_ncp_20240425T1406019344_d_img_d18_x01280_y84480.png,0.3007,509.04,112.62,514.64,119.12
ch2_ohr_ncp_20240425T1406019344_d_img_d18_x01280_y84480.png,0.2902,38.82,79.46,50.88,89.09
ch2_ohr_ncp_20240425T1406019344_d_img_d18_x01280_y84480.png,0.2789,347.27,347.67,354.41,355.21
ch2_ohr_ncp_20240425T1406019344_d_img_d18_x01280_y84480.png,0.2762,60.95,551.97,72.55,568.07
ch2_ohr_ncp_20240425T1406019344_d_img_d18_x01280_y84480.png,0.2498,510.07,76.59,514.91,81.97
ch2_ohr_ncp_20240425T1406019344_d_img_d18_x01280_y84480.png,0.2066,183.11,105.69,187.94,110.22
ch2_ohr_ncp_20240425T1406019344_d_img_d18_x01280_y85120.png,0.2451,294.46,403.09,304.85,413.89
ch2_ohr_ncp_20240425T1406019344_d_img_d18_x01280_y85120.png,0.2372,0.0,0.0,22.77,28.34
ch2_ohr_ncp_20240425T1406019344_d_img_d18_x01280_y85120.png,0.2079,284.14,394.94,291.28,403.23
ch2_ohr_ncp_20240425T1406019344_d_img_d18_x01280_y85760.png,0.3681,365.5,77.86,371.13,84.83
ch2_ohr_ncp_20240425T1406019344_d_img_d18_x01280_y85760.png,0.2298,551.32,0.37,572.12,16.83
ch2_ohr_ncp_20240425T1406019344_d_img_d18_x01280_y85760.png,0.2073,610.68,336.12,615.99,343.75
ch2_ohr_ncp_20240425T1406019344_d_img_d18_x01280_y85760.png,0.2058,214.51,35.25,220.79,43.23
ch2_ohr_ncp_20240425T1406019344_d_img_d18_x01280_y86400.png,0.2548,176.53,190.45,185.18,198.3
ch2_ohr_ncp_20240425T1406019344_d_img_d18_x01280_y86400.png,0.2282,204.51,175.36,208.53,180.07
ch2_ohr_ncp_20240425T1406019344_d_img_d18_x01280_y87040.png,0.2421,434.73,422.27,443.16,429.71
ch2_ohr_ncp_20240425T1406019344_d_img_d18_x01280_y87040.png,0.2062,180.06,634.44,186.19,639.65
ch2_ohr_ncp_20240425T1406019344_d_img_d18_x01280_y87680.png,0.2182,629.9,317.26,635.83,324.9
ch2_ohr_ncp_20240425T1406019344_d_img_d18_x01280_y90240.png,0.3798,444.24,296.43,457.44,315.98
ch2_ohr_ncp_20240425T1406019344_d_img_d18_x01280_y90240.png,0.377,196.97,90.76,211.06,105.83
ch2_ohr_ncp_20240425T1406019344_d_img_d18_x01280_y90240.png,0.3685,309.95,53.54,329.6,75.81
ch2_ohr_ncp_20240425T1406019344_d_img_d18_x01280_y90240.png,0.3592,628.16,42.85,635.51,51.0
ch2_ohr_ncp_20240425T1406019344_d_img_d18_x01280_y90240.png,0.3293,267.0,84.07,280.26,96.37
ch2_ohr_ncp_20240425T1406019344_d_img_d18_x01280_y90240.png,0.3113,413.96,0.0,431.52,19.27
ch2_ohr_ncp_20240425T1406019344_d_img_d18_x01280_y90240.png,0.3022,245.73,42.29,251.54,49.82
ch2_ohr_ncp_20240425T1406019344_d_img_d18_x01280_y90240.png,0.2968,35.15,204.99,42.3,213.93
ch2_ohr_ncp_20240425T1406019344_d_img_d18_x01280_y90240.png,0.2887,126.31,349.26,134.06,358.22
ch2_ohr_ncp_20240425T1406019344_d_img_d18_x01280_y90240.png,0.2698,628.86,622.54,635.87,631.14
ch2_ohr_ncp_20240425T1406019344_d_img_d18_x01280_y90240.png,0.2615,110.51,83.51,120.16,93.3
ch2_ohr_ncp_20240425T1406019344_d_img_d18_x01280_y90240.png,0.2575,195.4,405.85,212.66,426.97
ch2_ohr_ncp_20240425T1406019344_d_img_d18_x01280_y90240.png,0.2546,204.55,70.39,210.65,75.81
ch2_ohr_ncp_20240425T1406019344_d_img_d18_x01280_y90240.png,0.2417,182.47,148.05,192.2,160.06
ch2_ohr_ncp_20240425T1406019344_d_img_d18_x01280_y90240.png,0.2377,523.86,619.74,539.31,639.84
ch2_ohr_ncp_20240425T1406019344_d_img_d18_x01280_y90240.png,0.2248,357.2,41.92,364.22,51.27
ch2_ohr_ncp_20240425T1406019344_d_img_d18_x01280_y90240.png,0.2199,251.44,50.74,258.74,58.16
ch2_ohr_ncp_20240425T1406019344_d_img_d18_x01280_y90240.png,0.2159,257.83,73.91,266.71,84.54
ch2_ohr_ncp_20240425T1406019344_d_img_d18_x01280_y90240.png,0.2142,352.8,485.41,358.76,492.29
ch2_ohr_ncp_20240425T1406019344_d_img_d18_x01280_y90240.png,0.2111,293.11,28.82,299.12,34.96
ch2_ohr_ncp_20240425T1406019344_d_img_d18_x01280_y90240.png,0.2099,245.82,41.36,251.36,48.24
ch2_ohr_ncp_20240425T1406019344_d_img_d18_x01280_y90240.png,0.2069,416.42,0.27,431.19,17.01
ch2_ohr_ncp_20240425T1406019344_d_img_d18_x01280_y90880.png,0.4516,505.53,0.0,534.79,26.96
ch2_ohr_ncp_20240425T1406019344_d_img_d18_x01280_y90880.png,0.4278,222.07,92.43,230.22,102.28
ch2_ohr_ncp_20240425T1406019344_d_img_d18_x01280_y90880.png,0.3862,18.47,52.1,25.91,62.78
ch2_ohr_ncp_20240425T1406019344_d_img_d18_x01280_y90880.png,0.3858,153.73,113.88,176.75,138.23
ch2_ohr_ncp_20240425T1406019344_d_img_d18_x01280_y90880.png,0.3461,105.24,62.29,123.67,79.54
ch2_ohr_ncp_20240425T1406019344_d_img_d18_x01280_y90880.png,0.3367,406.39,191.18,411.86,196.54
ch2_ohr_ncp_20240425T1406019344_d_img_d18_x01280_y90880.png,0.3165,451.84,215.86,482.56,243.98
ch2_ohr_ncp_20240425T1406019344_d_img_d18_x01280_y90880.png,0.3058,406.21,191.96,411.98,197.68
ch2_ohr_ncp_20240425T1406019344_d_img_d18_x01280_y90880.png,0.2887,507.7,286.5,515.33,293.93
ch2_ohr_ncp_20240425T1406019344_d_img_d18_x01280_y90880.png,0.2877,91.53,48.25,98.0,54.4
ch2_ohr_ncp_20240425T1406019344_d_img_d18_x01280_y90880.png,0.2811,431.46,76.84,439.94,85.79
ch2_ohr_ncp_20240425T1406019344_d_img_d18_x01280_y90880.png,0.2782,483.69,230.69,500.66,249.61
ch2_ohr_ncp_20240425T1406019344_d_img_d18_x01280_y90880.png,0.2771,447.14,165.33,452.12,171.3
ch2_ohr_ncp_20240425T1406019344_d_img_d18_x01280_y90880.png,0.2746,404.98,190.59,410.62,196.35
ch2_ohr_ncp_20240425T1406019344_d_img_d18_x01280_y90880.png,0.2691,388.1,171.96,397.32,182.88
ch2_ohr_ncp_20240425T1406019344_d_img_d18_x01280_y90880.png,0.2498,525.22,91.73,530.59,97.25
ch2_ohr_ncp_20240425T1406019344_d_img_d18_x01280_y90880.png,0.2422,60.95,23.22,67.78,31.23
ch2_ohr_ncp_20240425T1406019344_d_img_d18_x01280_y90880.png,0.2416,207.09,114.65,215.23,124.88
ch2_ohr_ncp_20240425T1406019344_d_img_d18_x01280_y90880.png,0.2389,18.73,118.84,25.2,127.05
ch2_ohr_ncp_20240425T1406019344_d_img_d18_x01280_y90880.png,0.2328,46.78,255.94,52.07,261.96
ch2_ohr_ncp_20240425T1406019344_d_img_d18_x01280_y90880.png,0.2276,124.02,119.0,131.83,127.46
ch2_ohr_ncp_20240425T1406019344_d_img_d18_x01280_y90880.png,0.2263,54.99,70.56,62.45,79.25
ch2_ohr_ncp_20240425T1406019344_d_img_d18_x01280_y90880.png,0.2255,148.36,143.11,153.02,148.54
ch2_ohr_ncp_20240425T1406019344_d_img_d18_x01280_y90880.png,0.2229,481.65,6.37,490.81,17.4
ch2_ohr_ncp_20240425T1406019344_d_img_d18_x01280_y90880.png,0.217,444.98,633.59,451.13,639.01
ch2_ohr_ncp_20240425T1406019344_d_img_d18_x01280_y90880.png,0.2081,607.7,196.29,614.27,204.91
ch2_ohr_ncp_20240425T1406019344_d_img_d18_x01280_y91520.png,0.2172,174.44,630.26,185.74,638.55
ch2_ohr_ncp_20240425T1406019344_d_img_d18_x01280_y92160.png,0.3052,628.74,549.81,635.92,557.89
ch2_ohr_ncp_20240425T1406019344_d_img_d18_x01280_y92160.png,0.2882,325.43,630.59,337.48,639.27
ch2_ohr_ncp_20240425T1406019344_d_img_d18_x01280_y92160.png,0.2816,347.96,59.48,361.01,72.03
ch2_ohr_ncp_20240425T1406019344_d_img_d18_x01280_y92160.png,0.2409,535.01,436.49,541.16,443.31
ch2_ohr_ncp_20240425T1406019344_d_img_d18_x01280_y92160.png,0.2301,311.19,455.17,329.9,479.94
ch2_ohr_ncp_20240425T1406019344_d_img_d18_x01280_y92160.png,0.2171,267.88,316.5,284.73,341.41
ch2_ohr_ncp_20240425T1406019344_d_img_d18_x01280_y92160.png,0.2048,363.79,144.45,369.15,150.93
ch2_ohr_ncp_20240425T1406019344_d_img_d18_x01280_y92160.png,0.2044,622.08,495.98,634.66,509.23
ch2_ohr_ncp_20240425T1406019344_d_img_d18_x01280_y92160.png,0.2021,566.13,68.72,573.02,76.68
ch2_ohr_ncp_20240425T1406019344_d_img_d18_x01280_y92160.png,0.2006,338.57,47.95,345.54,55.78
ch2_ohr_ncp_20240425T1406019344_d_img_d18_x01280_y92800.png,0.3086,381.0,281.9,391.26,296.04
ch2_ohr_ncp_20240425T1406019344_d_img_d18_x01280_y92800.png,0.2132,485.55,354.99,498.66,377.19
ch2_ohr_ncp_20240425T1406019344_d_img_d18_x01280_y92800.png,0.2053,523.77,113.97,529.63,120.88
ch2_ohr_ncp_20240425T1406019344_d_img_d18_x01280_y92800.png,0.2017,630.53,271.99,639.27,283.21
ch2_ohr_ncp_20240425T1406019344_d_img_d18_x01280_y93440.png,0.5709,483.08,145.28,497.74,162.16
ch2_ohr_ncp_20240425T1406019344_d_img_d18_x01280_y93440.png,0.4588,115.39,203.98,121.49,212.19
ch2_ohr_ncp_20240425T1406019344_d_img_d18_x01280_y93440.png,0.4535,481.31,116.49,487.54,125.53
ch2_ohr_ncp_20240425T1406019344_d_img_d18_x01280_y93440.png,0.407,590.45,88.7,598.31,97.27
ch2_ohr_ncp_20240425T1406019344_d_img_d18_x01280_y93440.png,0.369,228.67,112.55,242.32,130.48
ch2_ohr_ncp_20240425T1406019344_d_img_d18_x01280_y93440.png,0.3265,631.08,56.03,638.45,64.36
ch2_ohr_ncp_20240425T1406019344_d_img_d18_x01280_y93440.png,0.3203,38.9,72.92,82.44,124.75
ch2_ohr_ncp_20240425T1406019344_d_img_d18_x01280_y93440.png,0.3136,47.13,213.22,56.59,222.9
ch2_ohr_ncp_20240425T1406019344_d_img_d18_x01280_y93440.png,0.305,565.9,231.42,576.02,245.66
ch2_ohr_ncp_20240425T1406019344_d_img_d18_x01280_y93440.png,0.2938,364.96,220.08,371.27,229.13
ch2_ohr_ncp_20240425T1406019344_d_img_d18_x01280_y93440.png,0.2928,328.82,54.9,336.8,65.67
ch2_ohr_ncp_20240425T1406019344_d_img_d18_x01280_y93440.png,0.2629,81.62,29.93,90.37,40.58
ch2_ohr_ncp_20240425T1406019344_d_img_d18_x01280_y93440.png,0.2547,457.55,179.23,465.88,189.49
ch2_ohr_ncp_20240425T1406019344_d_img_d18_x01280_y93440.png,0.2483,83.71,0.52,91.87,6.36
ch2_ohr_ncp_20240425T1406019344_d_img_d18_x01280_y93440.png,0.248,190.02,146.29,196.82,152.79
ch2_ohr_ncp_20240425T1406019344_d_img_d18_x01280_y93440.png,0.2352,428.49,133.64,449.26,157.55
ch2_ohr_ncp_20240425T1406019344_d_img_d18_x01280_y93440.png,0.2326,245.55,124.03,256.92,136.75
ch2_ohr_ncp_20240425T1406019344_d_img_d18_x01280_y93440.png,0.2147,250.73,91.6,260.8,100.47
ch2_ohr_ncp_20240425T1406019344_d_img_d18_x01280_y93440.png,0.2109,105.71,203.08,112.57,211.47
ch2_ohr_ncp_20240425T1406019344_d_img_d18_x01280_y93440.png,0.2108,135.23,51.67,142.44,59.53
ch2_ohr_ncp_20240425T1406019344_d_img_d18_x01280_y93440.png,0.2068,136.62,63.4,149.44,77.73
ch2_ohr_ncp_20240425T1406019344_d_img_d18_x01920_y00000.png,0.218,627.94,522.43,635.25,533.86
ch2_ohr_ncp_20240425T1406019344_d_img_d18_x01920_y00000.png,0.2087,371.59,633.35,378.87,639.93
ch2_ohr_ncp_20240425T1406019344_d_img_d18_x01920_y01280.png,0.2766,548.01,171.32,555.57,179.47
ch2_ohr_ncp_20240425T1406019344_d_img_d18_x01920_y01280.png,0.2334,542.48,392.58,553.05,403.94
ch2_ohr_ncp_20240425T1406019344_d_img_d18_x01920_y02560.png,0.2607,347.69,626.63,352.45,633.02
ch2_ohr_ncp_20240425T1406019344_d_img_d18_x01920_y03200.png,0.3783,262.32,123.91,269.0,132.35
ch2_ohr_ncp_20240425T1406019344_d_img_d18_x01920_y03200.png,0.3065,368.77,83.75,378.76,94.86
ch2_ohr_ncp_20240425T1406019344_d_img_d18_x01920_y03200.png,0.2436,190.58,239.48,199.68,247.84
ch2_ohr_ncp_20240425T1406019344_d_img_d18_x01920_y03200.png,0.2205,348.97,627.1,354.7,634.05
ch2_ohr_ncp_20240425T1406019344_d_img_d18_x01920_y03200.png,0.22,509.41,236.28,528.12,258.83
ch2_ohr_ncp_20240425T1406019344_d_img_d18_x01920_y05120.png,0.3487,294.39,125.05,300.29,131.55
ch2_ohr_ncp_20240425T1406019344_d_img_d18_x01920_y05120.png,0.2922,44.94,476.66,50.92,484.58
ch2_ohr_ncp_20240425T1406019344_d_img_d18_x01920_y05120.png,0.2825,296.08,112.4,303.3,119.96
ch2_ohr_ncp_20240425T1406019344_d_img_d18_x01920_y05120.png,0.223,384.9,585.17,401.32,604.17
ch2_ohr_ncp_20240425T1406019344_d_img_d18_x01920_y07680.png,0.2024,307.21,631.99,312.87,638.84
ch2_ohr_ncp_20240425T1406019344_d_img_d18_x01920_y13440.png,0.236,435.53,250.9,442.05,260.35
ch2_ohr_ncp_20240425T1406019344_d_img_d18_x01920_y17280.png,0.2433,605.35,45.53,611.52,52.61
ch2_ohr_ncp_20240425T1406019344_d_img_d18_x01920_y17920.png,0.2164,544.43,36.74,555.47,50.39
ch2_ohr_ncp_20240425T1406019344_d_img_d18_x01920_y18560.png,0.2955,531.32,0.0,561.73,25.66
ch2_ohr_ncp_20240425T1406019344_d_img_d18_x01920_y18560.png,0.2267,284.14,619.44,290.08,624.95
ch2_ohr_ncp_20240425T1406019344_d_img_d18_x01920_y18560.png,0.2223,567.57,427.73,582.72,449.98
ch2_ohr_ncp_20240425T1406019344_d_img_d18_x01920_y18560.png,0.2211,469.7,624.7,475.78,632.26
ch2_ohr_ncp_20240425T1406019344_d_img_d18_x01920_y19200.png,0.3923,154.1,0.0,193.28,27.17
ch2_ohr_ncp_20240425T1406019344_d_img_d18_x01920_y19200.png,0.2445,318.96,618.42,339.74,637.54
ch2_ohr_ncp_20240425T1406019344_d_img_d18_x01920_y19200.png,0.2297,351.36,525.28,359.67,534.65
ch2_ohr_ncp_20240425T1406019344_d_img_d18_x01920_y19200.png,0.2062,468.28,487.12,475.03,493.19
ch2_ohr_ncp_20240425T1406019344_d_img_d18_x01920_y19840.png,0.3861,258.47,402.81,286.13,430.02
ch2_ohr_ncp_20240425T1406019344_d_img_d18_x01920_y19840.png,0.2978,342.83,158.74,349.51,169.76
ch2_ohr_ncp_20240425T1406019344_d_img_d18_x01920_y19840.png,0.2158,115.32,78.91,122.14,86.12
ch2_ohr_ncp_20240425T1406019344_d_img_d18_x01920_y19840.png,0.2023,405.93,133.73,417.49,148.08
ch2_ohr_ncp_20240425T1406019344_d_img_d18_x01920_y23680.png,0.2954,196.84,632.96,201.88,639.23
ch2_ohr_ncp_20240425T1406019344_d_img_d18_x01920_y23680.png,0.2474,513.27,630.5,526.12,640.0
ch2_ohr_ncp_20240425T1406019344_d_img_d18_x01920_y23680.png,0.2281,435.78,88.13,453.98,117.16
ch2_ohr_ncp_20240425T1406019344_d_img_d18_x01920_y23680.png,0.2256,260.55,319.0,265.69,324.84
ch2_ohr_ncp_20240425T1406019344_d_img_d18_x01920_y24320.png,0.3185,137.65,74.88,146.05,85.6
ch2_ohr_ncp_20240425T1406019344_d_img_d18_x01920_y24320.png,0.2983,549.29,349.51,559.77,363.43
ch2_ohr_ncp_20240425T1406019344_d_img_d18_x01920_y24320.png,0.2723,267.73,36.81,287.98,65.32
ch2_ohr_ncp_20240425T1406019344_d_img_d18_x01920_y24320.png,0.256,83.77,110.0,90.62,117.12
ch2_ohr_ncp_20240425T1406019344_d_img_d18_x01920_y24320.png,0.2369,59.48,101.47,66.77,110.95
ch2_ohr_ncp_20240425T1406019344_d_img_d18_x01920_y24320.png,0.2013,472.33,37.65,478.05,44.14
ch2_ohr_ncp_20240425T1406019344_d_img_d18_x01920_y24960.png,0.4294,338.18,616.95,352.67,629.93
ch2_ohr_ncp_20240425T1406019344_d_img_d18_x01920_y24960.png,0.3667,555.0,500.34,561.2,506.89
ch2_ohr_ncp_20240425T1406019344_d_img_d18_x01920_y24960.png,0.3075,629.19,517.86,634.25,523.15
ch2_ohr_ncp_20240425T1406019344_d_img_d18_x01920_y24960.png,0.2735,10.78,621.47,19.43,631.13
ch2_ohr_ncp_20240425T1406019344_d_img_d18_x01920_y24960.png,0.2666,629.82,632.41,636.28,639.19
ch2_ohr_ncp_20240425T1406019344_d_img_d18_x01920_y24960.png,0.2473,344.69,596.49,356.67,608.17
ch2_ohr_ncp_20240425T1406019344_d_img_d18_x01920_y24960.png,0.2462,542.91,509.89,549.92,519.32
ch2_ohr_ncp_20240425T1406019344_d_img_d18_x01920_y24960.png,0.2409,566.69,526.53,577.75,539.09
ch2_ohr_ncp_20240425T1406019344_d_img_d18_x01920_y24960.png,0.2338,540.77,515.04,548.36,524.89
ch2_ohr_ncp_20240425T1406019344_d_img_d18_x01920_y24960.png,0.2334,260.41,527.54,271.7,541.26
ch2_ohr_ncp_20240425T1406019344_d_img_d18_x01920_y24960.png,0.2236,630.11,517.26,635.12,523.13
ch2_ohr_ncp_20240425T1406019344_d_img_d18_x01920_y24960.png,0.2124,619.86,608.25,625.25,615.82
ch2_ohr_ncp_20240425T1406019344_d_img_d18_x01920_y24960.png,0.2115,291.86,495.76,297.39,501.1
ch2_ohr_ncp_20240425T1406019344_d_img_d18_x01920_y24960.png,0.2064,117.47,4.6,124.17,12.22
ch2_ohr_ncp_20240425T1406019344_d_img_d18_x01920_y25600.png,0.3685,454.29,223.97,463.35,233.37
ch2_ohr_ncp_20240425T1406019344_d_img_d18_x01920_y25600.png,0.3501,619.99,131.94,637.14,153.21
ch2_ohr_ncp_20240425T1406019344_d_img_d18_x01920_y25600.png,0.3372,549.45,136.43,554.12,142.33
ch2_ohr_ncp_20240425T1406019344_d_img_d18_x01920_y25600.png,0.2904,246.29,290.2,273.2,326.49
ch2_ohr_ncp_20240425T1406019344_d_img_d18_x01920_y25600.png,0.2775,313.06,206.14,321.67,213.61
ch2_ohr_ncp_20240425T1406019344_d_img_d18_x01920_y25600.png,0.2734,630.04,158.16,637.93,168.63
ch2_ohr_ncp_20240425T1406019344_d_img_d18_x01920_y25600.png,0.2588,139.53,0.0,162.13,23.45
ch2_ohr_ncp_20240425T1406019344_d_img_d18_x01920_y25600.png,0.2573,140.77,240.4,156.48,258.48
ch2_ohr_ncp_20240425T1406019344_d_img_d18_x01920_y25600.png,0.2504,275.32,631.95,280.94,638.54
ch2_ohr_ncp_20240425T1406019344_d_img_d18_x01920_y25600.png,0.2339,562.1,439.56,568.78,447.31
ch2_ohr_ncp_20240425T1406019344_d_img_d18_x01920_y25600.png,0.2315,429.42,117.99,451.25,145.31
ch2_ohr_ncp_20240425T1406019344_d_img_d18_x01920_y25600.png,0.2154,567.8,161.68,576.63,170.15
ch2_ohr_ncp_20240425T1406019344_d_img_d18_x01920_y25600.png,0.212,118.23,380.18,126.22,389.98
ch2_ohr_ncp_20240425T1406019344_d_img_d18_x01920_y25600.png,0.2071,175.14,64.21,188.99,78.08
ch2_ohr_ncp_20240425T1406019344_d_img_d18_x01920_y25600.png,0.2063,529.38,154.68,534.93,161.35
ch2_ohr_ncp_20240425T1406019344_d_img_d18_x01920_y26240.png,0.3329,621.65,622.82,635.14,635.97
ch2_ohr_ncp_20240425T1406019344_d_img_d18_x01920_y26240.png,0.324,148.43,543.27,155.14,549.97
ch2_ohr_ncp_20240425T1406019344_d_img_d18_x01920_y26240.png,0.2618,203.78,571.48,212.37,582.62
ch2_ohr_ncp_20240425T1406019344_d_img_d18_x01920_y26240.png,0.2334,316.67,211.47,323.15,218.13
ch2_ohr_ncp_20240425T1406019344_d_img_d18_x01920_y26240.png,0.2206,181.84,405.16,195.22,422.41
ch2_ohr_ncp_20240425T1406019344_d_img_d18_x01920_y26240.png,0.2161,181.51,327.5,192.65,344.93
ch2_ohr_ncp_20240425T1406019344_d_img_d18_x01920_y26240.png,0.2051,298.48,182.23,303.26,190.25
ch2_ohr_ncp_20240425T1406019344_d_img_d18_x01920_y26240.png,0.2046,351.98,300.14,357.93,310.02
ch2_ohr_ncp_20240425T1406019344_d_img_d18_x01920_y26880.png,0.2132,366.34,124.11,371.88,131.61
ch2_ohr_ncp_20240425T1406019344_d_img_d18_x01920_y27520.png,0.4727,415.34,418.84,423.09,428.54
ch2_ohr_ncp_20240425T1406019344_d_img_d18_x01920_y27520.png,0.4585,54.98,52.12,78.65,77.62
ch2_ohr_ncp_20240425T1406019344_d_img_d18_x01920_y27520.png,0.4177,548.58,209.45,554.36,216.61
ch2_ohr_ncp_20240425T1406019344_d_img_d18_x01920_y27520.png,0.3946,100.17,591.33,113.1,609.62
ch2_ohr_ncp_20240425T1406019344_d_img_d18_x01920_y27520.png,0.3903,416.9,429.22,438.73,452.01
ch2_ohr_ncp_20240425T1406019344_d_img_d18_x01920_y27520.png,0.3771,242.14,492.97,249.7,502.22
ch2_ohr_ncp_20240425T1406019344_d_img_d18_x01920_y27520.png,0.3441,293.29,238.53,298.7,244.27
ch2_ohr_ncp_20240425T1406019344_d_img_d18_x01920_y27520.png,0.3333,357.68,631.42,366.81,639.28
ch2_ohr_ncp_20240425T1406019344_d_img_d18_x01920_y27520.png,0.3297,402.04,63.67,407.75,70.07
ch2_ohr_ncp_20240425T1406019344_d_img_d18_x01920_y27520.png,0.3203,574.8,555.47,608.59,583.64
ch2_ohr_ncp_20240425T1406019344_d_img_d18_x01920_y27520.png,0.3189,85.63,507.56,98.54,520.93
ch2_ohr_ncp_20240425T1406019344_d_img_d18_x01920_y27520.png,0.3125,555.48,211.51,568.57,226.34
ch2_ohr_ncp_20240425T1406019344_d_img_d18_x01920_y27520.png,0.3056,5.8,133.46,12.09,140.51
ch2_ohr_ncp_20240425T1406019344_d_img_d18_x01920_y27520.png,0.2766,351.39,478.05,357.57,485.87
ch2_ohr_ncp_20240425T1406019344_d_img_d18_x01920_y27520.png,0.2751,339.54,138.79,347.52,146.32
ch2_ohr_ncp_20240425T1406019344_d_img_d18_x01920_y27520.png,0.2599,622.1,188.89,631.23,201.91
ch2_ohr_ncp_20240425T1406019344_d_img_d18_x01920_y27520.png,0.2599,232.36,60.76,241.05,71.15
ch2_ohr_ncp_20240425T1406019344_d_img_d18_x01920_y27520.png,0.259,222.21,53.39,228.96,59.6
ch2_ohr_ncp_20240425T1406019344_d_img_d18_x01920_y27520.png,0.2587,582.73,80.39,590.11,88.74
ch2_ohr_ncp_20240425T1406019344_d_img_d18_x01920_y27520.png,0.2519,548.89,138.0,556.71,146.65
ch2_ohr_ncp_20240425T1406019344_d_img_d18_x01920_y27520.png,0.2516,459.67,276.85,464.8,282.24
ch2_ohr_ncp_20240425T1406019344_d_img_d18_x01920_y27520.png,0.2468,325.3,442.61,329.97,448.1
ch2_ohr_ncp_20240425T1406019344_d_img_d18_x01920_y27520.png,0.2439,28.3,102.98,36.66,110.44
ch2_ohr_ncp_20240425T1406019344_d_img_d18_x01920_y27520.png,0.2421,493.26,235.43,501.77,244.02
ch2_ohr_ncp_20240425T1406019344_d_img_d18_x01920_y27520.png,0.2364,76.16,33.76,82.24,40.64
ch2_ohr_ncp_20240425T1406019344_d_img_d18_x01920_y27520.png,0.2361,181.27,30.1,187.21,35.19
ch2_ohr_ncp_20240425T1406019344_d_img_d18_x01920_y27520.png,0.2258,447.86,168.02,454.6,174.9
ch2_ohr_ncp_20240425T1406019344_d_img_d18_x01920_y27520.png,0.2242,238.09,526.64,249.4,543.95
ch2_ohr_ncp_20240425T1406019344_d_img_d18_x01920_y27520.png,0.2173,114.9,12.07,122.61,17.56
ch2_ohr_ncp_20240425T1406019344_d_img_d18_x01920_y27520.png,0.2161,354.72,352.09,364.33,363.58
ch2_ohr_ncp_20240425T1406019344_d_img_d18_x01920_y27520.png,0.2127,383.99,280.86,399.76,298.1
ch2_ohr_ncp_20240425T1406019344_d_img_d18_x01920_y27520.png,0.2091,340.72,62.41,355.12,78.37
ch2_ohr_ncp_20240425T1406019344_d_img_d18_x01920_y27520.png,0.2071,477.09,264.85,482.28,270.86
ch2_ohr_ncp_20240425T1406019344_d_img_d18_x01920_y27520.png,0.2063,89.12,38.2,93.91,44.47
ch2_ohr_ncp_20240425T1406019344_d_img_d18_x01920_y27520.png,0.2062,364.86,363.6,375.3,373.42
ch2_ohr_ncp_20240425T1406019344_d_img_d18_x01920_y27520.png,0.2032,309.79,329.3,316.16,336.84
ch2_ohr_ncp_20240425T1406019344_d_img_d18_x01920_y27520.png,0.2017,524.72,191.37,529.04,195.83
ch2_ohr_ncp_20240425T1406019344_d_img_d18_x01920_y27520.png,0.2,478.29,127.88,485.88,135.62
ch2_ohr_ncp_20240425T1406019344_d_img_d18_x01920_y28160.png,0.3709,141.99,447.26,150.82,456.57
ch2_ohr_ncp_20240425T1406019344_d_img_d18_x01920_y28160.png,0.3337,336.82,620.38,344.99,630.79
ch2_ohr_ncp_20240425T1406019344_d_img_d18_x01920_y28160.png,0.2761,389.3,560.14,400.76,576.95
ch2_ohr_ncp_20240425T1406019344_d_img_d18_x01920_y28160.png,0.2264,187.04,548.34,196.4,559.75
ch2_ohr_ncp_20240425T1406019344_d_img_d18_x01920_y28160.png,0.2217,132.91,516.5,138.77,522.55
ch2_ohr_ncp_20240425T1406019344_d_img_d18_x01920_y28160.png,0.2123,373.21,445.95,380.42,453.86
ch2_ohr_ncp_20240425T1406019344_d_img_d18_x01920_y28160.png,0.2046,439.98,570.66,447.44,581.09
ch2_ohr_ncp_20240425T1406019344_d_img_d18_x01920_y29440.png,0.2181,633.08,179.94,639.17,187.05
ch2_ohr_ncp_20240425T1406019344_d_img_d18_x01920_y30080.png,0.5405,180.2,397.29,187.19,405.51
ch2_ohr_ncp_20240425T1406019344_d_img_d18_x01920_y30080.png,0.4489,22.63,68.29,31.84,77.83
ch2_ohr_ncp_20240425T1406019344_d_img_d18_x01920_y30080.png,0.4303,71.17,412.23,78.4,420.89
ch2_ohr_ncp_20240425T1406019344_d_img_d18_x01920_y30080.png,0.4179,75.51,0.0,98.13,22.16
ch2_ohr_ncp_20240425T1406019344_d_img_d18_x01920_y30080.png,0.3962,545.82,0.0,573.51,25.55
ch2_ohr_ncp_20240425T1406019344_d_img_d18_x01920_y30080.png,0.3583,533.83,123.12,541.65,132.36
ch2_ohr_ncp_20240425T1406019344_d_img_d18_x01920_y30080.png,0.3575,62.83,17.41,72.17,30.2
ch2_ohr_ncp_20240425T1406019344_d_img_d18_x01920_y30080.png,0.3207,0.0,338.06,24.12,383.92
ch2_ohr_ncp_20240425T1406019344_d_img_d18_x01920_y30080.png,0.3085,0.0,205.35,7.85,229.55
ch2_ohr_ncp_20240425T1406019344_d_img_d18_x01920_y30080.png,0.3031,12.21,60.29,21.49,69.61
ch2_ohr_ncp_20240425T1406019344_d_img_d18_x01920_y30080.png,0.303,143.1,496.59,153.44,505.89
ch2_ohr_ncp_20240425T1406019344_d_img_d18_x01920_y30080.png,0.2999,108.33,528.04,113.62,535.09
ch2_ohr_ncp_20240425T1406019344_d_img_d18_x01920_y30080.png,0.294,385.79,198.73,393.1,207.64
ch2_ohr_ncp_20240425T1406019344_d_img_d18_x01920_y30080.png,0.2936,211.52,394.89,217.84,403.02
ch2_ohr_ncp_20240425T1406019344_d_img_d18_x01920_y30080.png,0.28,318.55,385.23,344.97,403.93
ch2_ohr_ncp_20240425T1406019344_d_img_d18_x01920_y30080.png,0.2682,375.34,417.12,384.3,426.88
ch2_ohr_ncp_20240425T1406019344_d_img_d18_x01920_y30080.png,0.2679,66.93,90.89,73.61,99.64
ch2_ohr_ncp_20240425T1406019344_d_img_d18_x01920_y30080.png,0.2679,196.1,40.35,209.9,56.31
ch2_ohr_ncp_20240425T1406019344_d_img_d18_x01920_y30080.png,0.2676,329.76,444.98,336.2,451.73
ch2_ohr_ncp_20240425T1406019344_d_img_d18_x01920_y30080.png,0.2569,155.23,437.9,160.96,443.43
ch2_ohr_ncp_20240425T1406019344_d_img_d18_x01920_y30080.png,0.2557,67.14,147.47,76.38,158.58
ch2_ohr_ncp_20240425T1406019344_d_img_d18_x01920_y30080.png,0.2514,290.81,208.8,302.35,224.02
ch2_ohr_ncp_20240425T1406019344_d_img_d18_x01920_y30080.png,0.2481,190.7,146.94,198.1,156.45
ch2_ohr_ncp_20240425T1406019344_d_img_d18_x01920_y30080.png,0.2472,337.69,51.01,346.46,62.25
ch2_ohr_ncp_20240425T1406019344_d_img_d18_x01920_y30080.png,0.2467,579.7,223.72,587.04,233.61
ch2_ohr_ncp_20240425T1406019344_d_img_d18_x01920_y30080.png,0.2431,610.27,111.85,630.29,140.64
ch2_ohr_ncp_20240425T1406019344_d_img_d18_x01920_y30080.png,0.2398,77.89,93.92,84.73,101.2
ch2_ohr_ncp_20240425T1406019344_d_img_d18_x01920_y30080.png,0.2336,163.39,414.53,170.23,421.0
ch2_ohr_ncp_20240425T1406019344_d_img_d18_x01920_y30080.png,0.2319,319.9,182.88,328.24,190.57
ch2_ohr_ncp_20240425T1406019344_d_img_d18_x01920_y30080.png,0.2305,27.67,172.86,33.93,180.26
ch2_ohr_ncp_20240425T1406019344_d_img_d18_x01920_y30080.png,0.23,581.47,119.73,588.83,128.4
ch2_ohr_ncp_20240425T1406019344_d_img_d18_x01920_y30080.png,0.2281,437.71,30.37,446.77,39.88
ch2_ohr_ncp_20240425T1406019344_d_img_d18_x01920_y30080.png,0.2278,237.19,527.05,243.78,532.5
ch2_ohr_ncp_20240425T1406019344_d_img_d18_x01920_y30080.png,0.226,167.12,465.65,176.19,473.7
ch2_ohr_ncp_20240425T1406019344_d_img_d18_x01920_y30080.png,0.2259,469.54,200.93,477.85,208.74
ch2_ohr_ncp_20240425T1406019344_d_img_d18_x01920_y30080.png,0.2236,317.94,210.45,327.65,221.27
ch2_ohr_ncp_20240425T1406019344_d_img_d18_x01920_y30080.png,0.2233,131.53,265.12,139.57,273.95
ch2_ohr_ncp_20240425T1406019344_d_img_d18_x01920_y30080.png,0.2224,35.61,138.12,39.59,143.16
ch2_ohr_ncp_20240425T1406019344_d_img_d18_x01920_y30080.png,0.2147,31.92,404.81,39.85,414.74
ch2_ohr_ncp_20240425T1406019344_d_img_d18_x01920_y30080.png,0.2138,421.32,73.02,429.43,83.93
ch2_ohr_ncp_20240425T1406019344_d_img_d18_x01920_y30080.png,0.2134,373.2,625.09,385.35,638.63
ch2_ohr_ncp_20240425T1406019344_d_img_d18_x01920_y30080.png,0.2101,224.84,397.31,234.09,407.1
ch2_ohr_ncp_20240425T1406019344_d_img_d18_x01920_y30080.png,0.2091,157.16,456.78,165.11,467.58
ch2_ohr_ncp_20240425T1406019344_d_img_d18_x01920_y30080.png,0.2049,28.05,45.68,35.53,54.67
ch2_ohr_ncp_20240425T1406019344_d_img_d18_x01920_y30080.png,0.2037,572.88,200.22,578.69,205.75
ch2_ohr_ncp_20240425T1406019344_d_img_d18_x01920_y30080.png,0.2,578.73,426.34,596.52,446.3
ch2_ohr_ncp_20240425T1406019344_d_img_d18_x01920_y30720.png,0.3623,196.34,144.83,209.06,162.09
ch2_ohr_ncp_20240425T1406019344_d_img_d18_x01920_y30720.png,0.2394,579.66,362.17,602.84,387.82
ch2_ohr_ncp_20240425T1406019344_d_img_d18_x01920_y30720.png,0.2069,494.11,318.38,498.48,323.91
ch2_ohr_ncp_20240425T1406019344_d_img_d18_x01920_y31360.png,0.2568,500.96,140.4,507.07,146.82
ch2_ohr_ncp_20240425T1406019344_d_img_d18_x01920_y31360.png,0.2462,612.02,0.0,635.42,22.85
ch2_ohr_ncp_20240425T1406019344_d_img_d18_x01920_y31360.png,0.2184,518.44,114.51,529.77,129.16
ch2_ohr_ncp_20240425T1406019344_d_img_d18_x01920_y31360.png,0.2023,622.69,37.75,637.85,57.52
ch2_ohr_ncp_20240425T1406019344_d_img_d18_x01920_y32000.png,0.3947,84.16,616.95,99.32,635.1
ch2_ohr_ncp_20240425T1406019344_d_img_d18_x01920_y32000.png,0.3138,596.62,110.9,602.44,116.7
ch2_ohr_ncp_20240425T1406019344_d_img_d18_x01920_y32000.png,0.3068,622.96,88.9,632.22,100.17
ch2_ohr_ncp_20240425T1406019344_d_img_d18_x01920_y32000.png,0.2959,571.33,93.58,582.6,105.47
ch2_ohr_ncp_20240425T1406019344_d_img_d18_x01920_y32000.png,0.2721,549.1,633.07,554.65,639.29
ch2_ohr_ncp_20240425T1406019344_d_img_d18_x01920_y32000.png,0.2544,469.28,425.93,482.56,440.45
ch2_ohr_ncp_20240425T1406019344_d_img_d18_x01920_y32000.png,0.2466,196.46,282.91,209.23,298.19
ch2_ohr_ncp_20240425T1406019344_d_img_d18_x01920_y32000.png,0.2276,225.99,583.39,231.35,588.56
ch2_ohr_ncp_20240425T1406019344_d_img_d18_x01920_y32000.png,0.2266,23.97,198.98,29.65,206.11
ch2_ohr_ncp_20240425T1406019344_d_img_d18_x01920_y32000.png,0.2255,236.59,267.71,257.99,292.64
ch2_ohr_ncp_20240425T1406019344_d_img_d18_x01920_y32000.png,0.2168,518.55,354.21,526.99,363.71
ch2_ohr_ncp_20240425T1406019344_d_img_d18_x01920_y32000.png,0.2132,220.42,568.06,224.28,572.64
ch2_ohr_ncp_20240425T1406019344_d_img_d18_x01920_y32000.png,0.2113,453.51,32.92,462.93,45.4
ch2_ohr_ncp_20240425T1406019344_d_img_d18_x01920_y32000.png,0.2042,616.72,1.35,637.43,25.48
ch2_ohr_ncp_20240425T1406019344_d_img_d18_x01920_y32000.png,0.2006,530.62,264.73,537.02,274.05
ch2_ohr_ncp_20240425T1406019344_d_img_d18_x01920_y32000.png,0.2002,406.25,157.43,414.98,169.06
ch2_ohr_ncp_20240425T1406019344_d_img_d18_x01920_y32640.png,0.362,308.82,228.76,327.53,250.19
ch2_ohr_ncp_20240425T1406019344_d_img_d18_x01920_y32640.png,0.3249,523.37,48.05,529.1,53.67
ch2_ohr_ncp_20240425T1406019344_d_img_d18_x01920_y32640.png,0.2999,87.38,107.05,105.06,129.4
ch2_ohr_ncp_20240425T1406019344_d_img_d18_x01920_y32640.png,0.2653,627.79,100.42,638.63,115.43
ch2_ohr_ncp_20240425T1406019344_d_img_d18_x01920_y32640.png,0.2498,198.59,68.6,206.94,77.11
ch2_ohr_ncp_20240425T1406019344_d_img_d18_x01920_y32640.png,0.2381,84.49,189.55,92.32,197.47
ch2_ohr_ncp_20240425T1406019344_d_img_d18_x01920_y32640.png,0.2367,585.67,158.8,591.09,164.84
ch2_ohr_ncp_20240425T1406019344_d_img_d18_x01920_y32640.png,0.2275,493.01,433.64,506.08,456.54
ch2_ohr_ncp_20240425T1406019344_d_img_d18_x01920_y32640.png,0.2071,213.02,117.69,238.11,148.6
ch2_ohr_ncp_20240425T1406019344_d_img_d18_x01920_y32640.png,0.2061,414.44,492.44,421.67,500.47
ch2_ohr_ncp_20240425T1406019344_d_img_d18_x01920_y33280.png,0.2864,406.78,449.85,416.09,461.98
ch2_ohr_ncp_20240425T1406019344_d_img_d18_x01920_y33280.png,0.2675,266.22,498.33,281.69,525.94
ch2_ohr_ncp_20240425T1406019344_d_img_d18_x01920_y33920.png,0.3296,420.08,189.96,435.57,210.13
ch2_ohr_ncp_20240425T1406019344_d_img_d18_x01920_y33920.png,0.2954,611.25,461.87,616.3,468.0
ch2_ohr_ncp_20240425T1406019344_d_img_d18_x01920_y33920.png,0.2841,611.84,462.38,616.91,468.4
ch2_ohr_ncp_20240425T1406019344_d_img_d18_x01920_y33920.png,0.2743,497.34,84.57,505.72,92.82
ch2_ohr_ncp_20240425T1406019344_d_img_d18_x01920_y33920.png,0.2733,628.62,390.32,635.03,398.51
ch2_ohr_ncp_20240425T1406019344_d_img_d18_x01920_y33920.png,0.2401,280.87,628.5,287.94,638.9
ch2_ohr_ncp_20240425T1406019344_d_img_d18_x01920_y33920.png,0.2173,589.59,448.89,595.55,454.79
ch2_ohr_ncp_20240425T1406019344_d_img_d18_x01920_y33920.png,0.2125,506.5,73.15,512.74,79.56
ch2_ohr_ncp_20240425T1406019344_d_img_d18_x01920_y33920.png,0.2113,525.61,240.38,536.24,251.59
ch2_ohr_ncp_20240425T1406019344_d_img_d18_x01920_y33920.png,0.2058,627.41,424.15,633.56,432.57
ch2_ohr_ncp_20240425T1406019344_d_img_d18_x01920_y33920.png,0.2017,247.03,124.16,252.51,130.27
ch2_ohr_ncp_20240425T1406019344_d_img_d18_x01920_y33920.png,0.2005,368.81,23.75,374.41,30.73
ch2_ohr_ncp_20240425T1406019344_d_img_d18_x01920_y34560.png,0.2268,545.74,397.78,570.07,423.31
ch2_ohr_ncp_20240425T1406019344_d_img_d18_x01920_y35200.png,0.266,454.15,184.05,465.06,199.68
ch2_ohr_ncp_20240425T1406019344_d_img_d18_x01920_y35840.png,0.2016,341.93,347.28,351.53,357.31
ch2_ohr_ncp_20240425T1406019344_d_img_d18_x01920_y36480.png,0.2978,298.99,632.84,305.69,639.13
ch2_ohr_ncp_20240425T1406019344_d_img_d18_x01920_y36480.png,0.2337,608.83,117.93,616.26,125.8
ch2_ohr_ncp_20240425T1406019344_d_img_d18_x01920_y36480.png,0.2206,36.04,208.63,42.95,219.91
ch2_ohr_ncp_20240425T1406019344_d_img_d18_x01920_y37120.png,0.2898,323.96,61.2,330.82,69.72
ch2_ohr_ncp_20240425T1406019344_d_img_d18_x01920_y37120.png,0.2579,438.11,30.03,447.79,41.28
ch2_ohr_ncp_20240425T1406019344_d_img_d18_x01920_y37120.png,0.239,307.49,634.32,313.89,639.39
ch2_ohr_ncp_20240425T1406019344_d_img_d18_x01920_y37120.png,0.2232,468.87,23.49,475.62,30.43
ch2_ohr_ncp_20240425T1406019344_d_img_d18_x01920_y37120.png,0.2056,65.88,630.25,74.34,639.82
ch2_ohr_ncp_20240425T1406019344_d_img_d18_x01920_y38400.png,0.453,307.81,627.89,322.66,640.0
ch2_ohr_ncp_20240425T1406019344_d_img_d18_x01920_y38400.png,0.2295,419.41,430.3,426.54,438.43
ch2_ohr_ncp_20240425T1406019344_d_img_d18_x01920_y38400.png,0.2068,593.16,156.4,600.04,165.2
ch2_ohr_ncp_20240425T1406019344_d_img_d18_x01920_y38400.png,0.2003,539.32,166.66,547.04,176.58
ch2_ohr_ncp_20240425T1406019344_d_img_d18_x01920_y40960.png,0.2926,76.42,174.65,105.73,208.56
ch2_ohr_ncp_20240425T1406019344_d_img_d18_x01920_y40960.png,0.2109,36.75,307.42,44.36,317.87
ch2_ohr_ncp_20240425T1406019344_d_img_d18_x01920_y41600.png,0.4487,166.16,241.77,176.01,255.98
ch2_ohr_ncp_20240425T1406019344_d_img_d18_x01920_y41600.png,0.3756,351.15,109.83,362.39,125.02
ch2_ohr_ncp_20240425T1406019344_d_img_d18_x01920_y41600.png,0.3271,428.07,166.59,434.64,174.44
ch2_ohr_ncp_20240425T1406019344_d_img_d18_x01920_y41600.png,0.2965,349.18,137.6,362.42,155.58
ch2_ohr_ncp_20240425T1406019344_d_img_d18_x01920_y41600.png,0.2793,142.46,36.36,150.57,45.7
ch2_ohr_ncp_20240425T1406019344_d_img_d18_x01920_y41600.png,0.2729,633.75,60.76,639.59,66.93
ch2_ohr_ncp_20240425T1406019344_d_img_d18_x01920_y41600.png,0.2643,357.28,197.69,364.38,207.94
ch2_ohr_ncp_20240425T1406019344_d_img_d18_x01920_y41600.png,0.2547,362.79,81.89,370.03,90.36
ch2_ohr_ncp_20240425T1406019344_d_img_d18_x01920_y41600.png,0.249,181.99,263.21,187.71,269.93
ch2_ohr_ncp_20240425T1406019344_d_img_d18_x01920_y41600.png,0.2276,317.44,139.52,323.73,146.62
ch2_ohr_ncp_20240425T1406019344_d_img_d18_x01920_y41600.png,0.2225,248.69,66.47,258.24,79.98
ch2_ohr_ncp_20240425T1406019344_d_img_d18_x01920_y41600.png,0.2185,90.68,281.65,118.27,324.7
ch2_ohr_ncp_20240425T1406019344_d_img_d18_x01920_y41600.png,0.2163,458.05,583.91,465.77,591.65
ch2_ohr_ncp_20240425T1406019344_d_img_d18_x01920_y41600.png,0.2068,316.66,139.82,322.25,146.2
ch2_ohr_ncp_20240425T1406019344_d_img_d18_x01920_y41600.png,0.2067,360.09,28.36,366.96,37.34
ch2_ohr_ncp_20240425T1406019344_d_img_d18_x01920_y41600.png,0.201,382.67,195.75,388.37,203.18
ch2_ohr_ncp_20240425T1406019344_d_img_d18_x01920_y41600.png,0.2005,416.16,175.4,422.67,184.53
ch2_ohr_ncp_20240425T1406019344_d_img_d18_x01920_y42240.png,0.2578,431.07,629.82,436.05,636.76
ch2_ohr_ncp_20240425T1406019344_d_img_d18_x01920_y42240.png,0.2313,354.14,581.68,379.31,603.54
ch2_ohr_ncp_20240425T1406019344_d_img_d18_x01920_y42240.png,0.2283,190.61,371.79,199.09,381.76
ch2_ohr_ncp_20240425T1406019344_d_img_d18_x01920_y42240.png,0.2102,41.39,313.35,46.62,319.72
ch2_ohr_ncp_20240425T1406019344_d_img_d18_x01920_y42240.png,0.2081,381.76,10.08,389.43,22.06
ch2_ohr_ncp_20240425T1406019344_d_img_d18_x01920_y42240.png,0.2057,469.83,246.68,475.57,253.43
ch2_ohr_ncp_20240425T1406019344_d_img_d18_x01920_y46720.png,0.2874,93.73,458.36,109.51,482.93
ch2_ohr_ncp_20240425T1406019344_d_img_d18_x01920_y47360.png,0.418,534.68,621.94,543.59,633.3
ch2_ohr_ncp_20240425T1406019344_d_img_d18_x01920_y47360.png,0.2572,359.77,123.9,367.34,134.65
ch2_ohr_ncp_20240425T1406019344_d_img_d18_x01920_y48640.png,0.2031,7.13,627.09,18.3,639.79
ch2_ohr_ncp_20240425T1406019344_d_img_d18_x01920_y49280.png,0.2352,339.37,339.47,354.24,358.08
ch2_ohr_ncp_20240425T1406019344_d_img_d18_x01920_y49280.png,0.2294,101.46,626.79,111.62,637.72
ch2_ohr_ncp_20240425T1406019344_d_img_d18_x01920_y49280.png,0.2125,631.79,231.71,639.59,248.64
ch2_ohr_ncp_20240425T1406019344_d_img_d18_x01920_y49280.png,0.2095,479.14,406.92,486.51,418.06
ch2_ohr_ncp_20240425T1406019344_d_img_d18_x01920_y49280.png,0.2053,445.54,615.65,465.02,638.57
ch2_ohr_ncp_20240425T1406019344_d_img_d18_x01920_y49920.png,0.2055,20.02,60.28,39.58,85.44
ch2_ohr_ncp_20240425T1406019344_d_img_d18_x01920_y50560.png,0.237,626.18,315.26,634.59,324.59
ch2_ohr_ncp_20240425T1406019344_d_img_d18_x01920_y51200.png,0.3865,118.14,320.89,128.57,337.8
ch2_ohr_ncp_20240425T1406019344_d_img_d18_x01920_y51200.png,0.3123,254.81,374.39,266.78,393.09
ch2_ohr_ncp_20240425T1406019344_d_img_d18_x01920_y51200.png,0.2955,35.13,619.91,42.11,629.09
ch2_ohr_ncp_20240425T1406019344_d_img_d18_x01920_y51200.png,0.2879,414.37,396.24,426.78,408.38
ch2_ohr_ncp_20240425T1406019344_d_img_d18_x01920_y51200.png,0.2227,271.76,343.6,282.46,355.02
ch2_ohr_ncp_20240425T1406019344_d_img_d18_x01920_y51200.png,0.2212,329.52,407.05,335.03,415.02
ch2_ohr_ncp_20240425T1406019344_d_img_d18_x01920_y51200.png,0.2171,166.72,429.68,175.54,438.08
ch2_ohr_ncp_20240425T1406019344_d_img_d18_x01920_y51200.png,0.2142,376.03,621.13,384.44,634.07
ch2_ohr_ncp_20240425T1406019344_d_img_d18_x01920_y51200.png,0.2126,0.03,360.67,5.73,376.13
ch2_ohr_ncp_20240425T1406019344_d_img_d18_x01920_y51200.png,0.206,341.1,414.82,345.32,422.8
ch2_ohr_ncp_20240425T1406019344_d_img_d18_x01920_y51200.png,0.2045,460.35,412.87,466.3,419.42
ch2_ohr_ncp_20240425T1406019344_d_img_d18_x01920_y51200.png,0.2034,459.54,336.28,466.75,344.4
ch2_ohr_ncp_20240425T1406019344_d_img_d18_x01920_y53120.png,0.2351,284.6,251.24,291.6,259.6
ch2_ohr_ncp_20240425T1406019344_d_img_d18_x01920_y55040.png,0.3243,267.51,632.03,275.02,639.3
ch2_ohr_ncp_20240425T1406019344_d_img_d18_x01920_y56960.png,0.2132,626.74,427.0,635.33,438.39
ch2_ohr_ncp_20240425T1406019344_d_img_d18_x01920_y57600.png,0.3568,299.41,567.76,320.15,591.26
ch2_ohr_ncp_20240425T1406019344_d_img_d18_x01920_y57600.png,0.3468,470.77,309.96,480.13,320.78
ch2_ohr_ncp_20240425T1406019344_d_img_d18_x01920_y57600.png,0.2654,309.43,173.02,316.15,181.47
ch2_ohr_ncp_20240425T1406019344_d_img_d18_x01920_y57600.png,0.206,99.94,545.54,114.82,559.59
ch2_ohr_ncp_20240425T1406019344_d_img_d18_x01920_y58240.png,0.303,547.76,486.48,553.28,493.17
ch2_ohr_ncp_20240425T1406019344_d_img_d18_x01920_y58240.png,0.2673,534.21,443.43,541.45,452.79
ch2_ohr_ncp_20240425T1406019344_d_img_d18_x01920_y58240.png,0.2436,633.54,485.53,639.52,492.18
ch2_ohr_ncp_20240425T1406019344_d_img_d18_x01920_y58240.png,0.2397,116.0,107.79,124.22,117.94
ch2_ohr_ncp_20240425T1406019344_d_img_d18_x01920_y58240.png,0.2276,540.98,631.64,547.04,638.57
ch2_ohr_ncp_20240425T1406019344_d_img_d18_x01920_y58240.png,0.2204,0.0,460.76,23.33,500.72
ch2_ohr_ncp_20240425T1406019344_d_img_d18_x01920_y58240.png,0.2203,439.23,74.07,445.94,80.74
ch2_ohr_ncp_20240425T1406019344_d_img_d18_x01920_y58240.png,0.2167,525.09,633.39,532.81,639.82
ch2_ohr_ncp_20240425T1406019344_d_img_d18_x01920_y58240.png,0.2041,387.08,1.3,394.88,11.41
ch2_ohr_ncp_20240425T1406019344_d_img_d18_x01920_y64000.png,0.2345,605.44,220.54,612.58,229.8
ch2_ohr_ncp_20240425T1406019344_d_img_d18_x01920_y69760.png,0.2393,312.91,314.04,321.42,326.31
ch2_ohr_ncp_20240425T1406019344_d_img_d18_x01920_y69760.png,0.2256,589.61,460.01,597.68,468.31
ch2_ohr_ncp_20240425T1406019344_d_img_d18_x01920_y74240.png,0.273,369.88,447.87,375.9,453.72
ch2_ohr_ncp_20240425T1406019344_d_img_d18_x01920_y74880.png,0.2569,59.82,623.15,77.52,637.54
ch2_ohr_ncp_20240425T1406019344_d_img_d18_x01920_y74880.png,0.2238,48.26,629.82,56.03,637.81
ch2_ohr_ncp_20240425T1406019344_d_img_d18_x01920_y75520.png,0.5274,330.87,300.64,347.33,318.5
ch2_ohr_ncp_20240425T1406019344_d_img_d18_x01920_y75520.png,0.493,158.64,99.66,166.94,109.91
ch2_ohr_ncp_20240425T1406019344_d_img_d18_x01920_y75520.png,0.4137,115.42,87.81,124.41,96.94
ch2_ohr_ncp_20240425T1406019344_d_img_d18_x01920_y75520.png,0.371,149.39,79.24,156.03,86.34
ch2_ohr_ncp_20240425T1406019344_d_img_d18_x01920_y75520.png,0.3491,405.33,31.24,411.37,37.09
ch2_ohr_ncp_20240425T1406019344_d_img_d18_x01920_y75520.png,0.3458,114.7,30.98,121.65,39.94
ch2_ohr_ncp_20240425T1406019344_d_img_d18_x01920_y75520.png,0.3226,367.5,312.19,374.67,319.23
ch2_ohr_ncp_20240425T1406019344_d_img_d18_x01920_y75520.png,0.3137,325.78,44.91,335.19,57.05
ch2_ohr_ncp_20240425T1406019344_d_img_d18_x01920_y75520.png,0.2822,479.85,123.93,485.58,130.94
ch2_ohr_ncp_20240425T1406019344_d_img_d18_x01920_y75520.png,0.266,573.41,143.8,593.12,166.12
ch2_ohr_ncp_20240425T1406019344_d_img_d18_x01920_y75520.png,0.2573,373.97,459.24,385.34,475.34
ch2_ohr_ncp_20240425T1406019344_d_img_d18_x01920_y75520.png,0.2558,258.8,420.7,275.71,441.03
ch2_ohr_ncp_20240425T1406019344_d_img_d18_x01920_y75520.png,0.2513,118.79,20.48,124.86,27.06
ch2_ohr_ncp_20240425T1406019344_d_img_d18_x01920_y75520.png,0.2477,81.15,0.0,115.87,31.58
ch2_ohr_ncp_20240425T1406019344_d_img_d18_x01920_y75520.png,0.242,303.73,492.62,318.48,510.69
ch2_ohr_ncp_20240425T1406019344_d_img_d18_x01920_y75520.png,0.2403,197.92,113.36,203.57,122.37
ch2_ohr_ncp_20240425T1406019344_d_img_d18_x01920_y75520.png,0.2283,481.98,557.13,493.57,569.9
ch2_ohr_ncp_20240425T1406019344_d_img_d18_x01920_y75520.png,0.227,628.08,493.22,639.38,511.12
ch2_ohr_ncp_20240425T1406019344_d_img_d18_x01920_y75520.png,0.22,117.29,100.63,123.77,110.95
ch2_ohr_ncp_20240425T1406019344_d_img_d18_x01920_y75520.png,0.2193,457.87,266.51,475.95,297.22
ch2_ohr_ncp_20240425T1406019344_d_img_d18_x01920_y75520.png,0.2144,60.06,530.47,75.72,549.52
ch2_ohr_ncp_20240425T1406019344_d_img_d18_x01920_y75520.png,0.2117,511.26,516.13,517.39,523.07
ch2_ohr_ncp_20240425T1406019344_d_img_d18_x01920_y75520.png,0.2096,420.03,411.3,443.2,437.76
ch2_ohr_ncp_20240425T1406019344_d_img_d18_x01920_y75520.png,0.2073,427.57,590.59,434.51,596.78
ch2_ohr_ncp_20240425T1406019344_d_img_d18_x01920_y75520.png,0.2029,543.16,202.38,568.59,219.1
ch2_ohr_ncp_20240425T1406019344_d_img_d18_x01920_y75520.png,0.2023,408.49,412.72,417.21,424.28
ch2_ohr_ncp_20240425T1406019344_d_img_d18_x01920_y76160.png,0.2542,229.25,81.07,234.68,86.95
ch2_ohr_ncp_20240425T1406019344_d_img_d18_x01920_y76160.png,0.2237,83.96,119.25,89.69,125.54
ch2_ohr_ncp_20240425T1406019344_d_img_d18_x01920_y76800.png,0.2806,285.79,165.73,290.58,170.96
ch2_ohr_ncp_20240425T1406019344_d_img_d18_x01920_y76800.png,0.2661,253.53,158.43,260.56,166.88
ch2_ohr_ncp_20240425T1406019344_d_img_d18_x01920_y76800.png,0.2356,348.18,3.71,352.66,9.56
ch2_ohr_ncp_20240425T1406019344_d_img_d18_x01920_y76800.png,0.23,362.48,40.68,367.82,46.3
ch2_ohr_ncp_20240425T1406019344_d_img_d18_x01920_y77440.png,0.4226,181.49,625.9,191.76,636.48
ch2_ohr_ncp_20240425T1406019344_d_img_d18_x01920_y77440.png,0.3011,618.92,633.22,626.57,639.56
ch2_ohr_ncp_20240425T1406019344_d_img_d18_x01920_y77440.png,0.2655,228.06,619.46,243.8,638.45
ch2_ohr_ncp_20240425T1406019344_d_img_d18_x01920_y77440.png,0.2629,481.44,499.16,507.11,531.18
ch2_ohr_ncp_20240425T1406019344_d_img_d18_x01920_y77440.png,0.2515,461.51,386.93,476.09,402.65
ch2_ohr_ncp_20240425T1406019344_d_img_d18_x01920_y77440.png,0.2401,374.02,239.59,384.04,253.82
ch2_ohr_ncp_20240425T1406019344_d_img_d18_x01920_y77440.png,0.2354,264.02,368.08,289.61,400.01
ch2_ohr_ncp_20240425T1406019344_d_img_d18_x01920_y77440.png,0.2292,557.11,594.63,569.19,607.07
ch2_ohr_ncp_20240425T1406019344_d_img_d18_x01920_y77440.png,0.2226,588.64,589.15,594.25,595.16
ch2_ohr_ncp_20240425T1406019344_d_img_d18_x01920_y77440.png,0.2143,549.45,242.56,555.74,248.12
ch2_ohr_ncp_20240425T1406019344_d_img_d18_x01920_y77440.png,0.2122,326.27,262.78,332.38,269.63
ch2_ohr_ncp_20240425T1406019344_d_img_d18_x01920_y77440.png,0.2017,246.47,581.93,251.74,589.14
ch2_ohr_ncp_20240425T1406019344_d_img_d18_x01920_y78080.png,0.2237,302.78,631.44,310.69,639.43
ch2_ohr_ncp_20240425T1406019344_d_img_d18_x01920_y78720.png,0.3351,628.07,72.82,634.64,79.77
ch2_ohr_ncp_20240425T1406019344_d_img_d18_x01920_y78720.png,0.3209,453.86,201.86,459.85,209.64
ch2_ohr_ncp_20240425T1406019344_d_img_d18_x01920_y78720.png,0.2939,419.3,218.33,425.23,226.89
ch2_ohr_ncp_20240425T1406019344_d_img_d18_x01920_y78720.png,0.2643,369.18,0.0,413.11,34.15
ch2_ohr_ncp_20240425T1406019344_d_img_d18_x01920_y78720.png,0.2443,454.76,256.66,466.45,269.83
ch2_ohr_ncp_20240425T1406019344_d_img_d18_x01920_y78720.png,0.2399,213.54,79.41,219.27,86.0
ch2_ohr_ncp_20240425T1406019344_d_img_d18_x01920_y78720.png,0.2337,350.47,93.04,358.42,101.9
ch2_ohr_ncp_20240425T1406019344_d_img_d18_x01920_y78720.png,0.204,95.04,417.24,105.84,428.93
ch2_ohr_ncp_20240425T1406019344_d_img_d18_x01920_y80000.png,0.4666,109.48,34.15,114.85,40.75
ch2_ohr_ncp_20240425T1406019344_d_img_d18_x01920_y80000.png,0.3563,94.25,93.01,99.78,99.74
ch2_ohr_ncp_20240425T1406019344_d_img_d18_x01920_y80000.png,0.3353,108.79,34.1,113.98,40.38
ch2_ohr_ncp_20240425T1406019344_d_img_d18_x01920_y80000.png,0.3269,124.41,48.13,130.25,54.58
ch2_ohr_ncp_20240425T1406019344_d_img_d18_x01920_y80000.png,0.3095,75.64,47.64,84.23,57.15
ch2_ohr_ncp_20240425T1406019344_d_img_d18_x01920_y80000.png,0.301,146.16,74.07,164.84,96.36
ch2_ohr_ncp_20240425T1406019344_d_img_d18_x01920_y80000.png,0.2456,332.48,37.1,346.66,55.81
ch2_ohr_ncp_20240425T1406019344_d_img_d18_x01920_y80000.png,0.2383,41.96,0.0,63.7,22.73
ch2_ohr_ncp_20240425T1406019344_d_img_d18_x01920_y80000.png,0.2227,25.89,76.65,36.86,87.29
ch2_ohr_ncp_20240425T1406019344_d_img_d18_x01920_y80000.png,0.2224,142.5,472.8,153.75,489.0
ch2_ohr_ncp_20240425T1406019344_d_img_d18_x01920_y80000.png,0.2215,114.56,166.41,120.44,173.17
ch2_ohr_ncp_20240425T1406019344_d_img_d18_x01920_y80000.png,0.2169,102.15,57.09,107.11,63.28
ch2_ohr_ncp_20240425T1406019344_d_img_d18_x01920_y80000.png,0.2103,106.57,103.41,111.16,108.43
ch2_ohr_ncp_20240425T1406019344_d_img_d18_x01920_y80000.png,0.2095,624.62,188.56,636.7,197.41
ch2_ohr_ncp_20240425T1406019344_d_img_d18_x01920_y80000.png,0.2069,339.06,113.67,345.2,121.17
ch2_ohr_ncp_20240425T1406019344_d_img_d18_x01920_y80000.png,0.2058,290.66,1.35,312.13,29.85
ch2_ohr_ncp_20240425T1406019344_d_img_d18_x01920_y80000.png,0.2,41.75,151.56,53.12,161.97
ch2_ohr_ncp_20240425T1406019344_d_img_d18_x01920_y80640.png,0.4002,575.52,96.31,581.82,102.74
ch2_ohr_ncp_20240425T1406019344_d_img_d18_x01920_y80640.png,0.2897,475.86,541.33,492.13,561.2
ch2_ohr_ncp_20240425T1406019344_d_img_d18_x01920_y80640.png,0.272,572.81,197.61,578.69,203.8
ch2_ohr_ncp_20240425T1406019344_d_img_d18_x01920_y80640.png,0.2703,469.8,320.68,482.37,334.85
ch2_ohr_ncp_20240425T1406019344_d_img_d18_x01920_y80640.png,0.2688,268.34,383.63,274.79,389.18
ch2_ohr_ncp_20240425T1406019344_d_img_d18_x01920_y80640.png,0.2652,575.95,95.43,581.44,102.07
ch2_ohr_ncp_20240425T1406019344_d_img_d18_x01920_y80640.png,0.2595,260.64,189.21,269.76,199.57
ch2_ohr_ncp_20240425T1406019344_d_img_d18_x01920_y80640.png,0.2579,181.73,446.8,194.03,460.01
ch2_ohr_ncp_20240425T1406019344_d_img_d18_x01920_y80640.png,0.2547,422.22,313.81,436.37,332.19
ch2_ohr_ncp_20240425T1406019344_d_img_d18_x01920_y80640.png,0.2498,284.31,363.61,299.46,379.27
ch2_ohr_ncp_20240425T1406019344_d_img_d18_x01920_y80640.png,0.2436,370.55,115.62,379.0,124.38
ch2_ohr_ncp_20240425T1406019344_d_img_d18_x01920_y80640.png,0.2436,510.38,523.65,517.23,531.42
ch2_ohr_ncp_20240425T1406019344_d_img_d18_x01920_y80640.png,0.243,572.63,196.6,579.23,203.22
ch2_ohr_ncp_20240425T1406019344_d_img_d18_x01920_y80640.png,0.2373,627.42,468.3,632.95,476.46
ch2_ohr_ncp_20240425T1406019344_d_img_d18_x01920_y80640.png,0.2344,459.23,104.04,477.9,125.83
ch2_ohr_ncp_20240425T1406019344_d_img_d18_x01920_y80640.png,0.2252,141.79,632.34,153.86,640.0
ch2_ohr_ncp_20240425T1406019344_d_img_d18_x01920_y80640.png,0.2174,385.92,103.34,393.88,110.19
ch2_ohr_ncp_20240425T1406019344_d_img_d18_x01920_y80640.png,0.2171,605.92,127.42,612.32,135.95
ch2_ohr_ncp_20240425T1406019344_d_img_d18_x01920_y80640.png,0.2171,561.15,280.77,569.63,290.08
ch2_ohr_ncp_20240425T1406019344_d_img_d18_x01920_y80640.png,0.2166,419.55,161.96,432.46,177.38
ch2_ohr_ncp_20240425T1406019344_d_img_d18_x01920_y80640.png,0.2013,255.43,166.32,262.89,173.2
ch2_ohr_ncp_20240425T1406019344_d_img_d18_x01920_y81280.png,0.3412,549.49,622.87,560.05,638.34
ch2_ohr_ncp_20240425T1406019344_d_img_d18_x01920_y81920.png,0.3388,364.99,338.89,370.95,344.86
ch2_ohr_ncp_20240425T1406019344_d_img_d18_x01920_y81920.png,0.3322,468.85,70.28,475.93,79.97
ch2_ohr_ncp_20240425T1406019344_d_img_d18_x01920_y81920.png,0.2942,416.11,386.4,425.3,395.98
ch2_ohr_ncp_20240425T1406019344_d_img_d18_x01920_y81920.png,0.2744,492.8,493.39,499.14,500.69
ch2_ohr_ncp_20240425T1406019344_d_img_d18_x01920_y81920.png,0.2565,371.71,476.81,383.73,492.09
ch2_ohr_ncp_20240425T1406019344_d_img_d18_x01920_y81920.png,0.2562,340.38,344.2,346.51,351.43
ch2_ohr_ncp_20240425T1406019344_d_img_d18_x01920_y81920.png,0.2534,479.41,553.71,502.83,587.64
ch2_ohr_ncp_20240425T1406019344_d_img_d18_x01920_y81920.png,0.2512,380.93,414.39,387.7,420.13
ch2_ohr_ncp_20240425T1406019344_d_img_d18_x01920_y81920.png,0.248,340.79,345.31,346.71,350.55
ch2_ohr_ncp_20240425T1406019344_d_img_d18_x01920_y81920.png,0.2445,624.86,589.46,630.75,596.17
ch2_ohr_ncp_20240425T1406019344_d_img_d18_x01920_y81920.png,0.2442,200.9,516.04,215.98,527.82
ch2_ohr_ncp_20240425T1406019344_d_img_d18_x01920_y81920.png,0.2418,632.61,267.81,638.36,274.15
ch2_ohr_ncp_20240425T1406019344_d_img_d18_x01920_y81920.png,0.235,428.04,546.88,434.97,554.23
ch2_ohr_ncp_20240425T1406019344_d_img_d18_x01920_y81920.png,0.2332,604.56,169.3,616.47,185.59
ch2_ohr_ncp_20240425T1406019344_d_img_d18_x01920_y81920.png,0.2326,390.4,632.12,398.08,638.97
ch2_ohr_ncp_20240425T1406019344_d_img_d18_x01920_y81920.png,0.2262,405.2,629.35,411.53,637.54
ch2_ohr_ncp_20240425T1406019344_d_img_d18_x01920_y81920.png,0.2248,391.56,177.35,401.73,189.32
ch2_ohr_ncp_20240425T1406019344_d_img_d18_x01920_y81920.png,0.2246,444.57,128.75,452.75,139.0
ch2_ohr_ncp_20240425T1406019344_d_img_d18_x01920_y81920.png,0.2195,582.01,565.18,587.5,570.42
ch2_ohr_ncp_20240425T1406019344_d_img_d18_x01920_y81920.png,0.2194,511.66,553.89,546.62,602.48
ch2_ohr_ncp_20240425T1406019344_d_img_d18_x01920_y81920.png,0.2163,444.44,118.41,449.88,124.79
ch2_ohr_ncp_20240425T1406019344_d_img_d18_x01920_y81920.png,0.2154,354.94,280.62,371.1,312.08
ch2_ohr_ncp_20240425T1406019344_d_img_d18_x01920_y81920.png,0.2138,551.4,596.09,557.18,601.51
ch2_ohr_ncp_20240425T1406019344_d_img_d18_x01920_y81920.png,0.2128,219.29,525.01,232.21,536.88
ch2_ohr_ncp_20240425T1406019344_d_img_d18_x01920_y81920.png,0.206,199.34,516.9,209.64,526.2
ch2_ohr_ncp_20240425T1406019344_d_img_d18_x01920_y81920.png,0.2055,409.88,102.71,416.52,108.72
ch2_ohr_ncp_20240425T1406019344_d_img_d18_x01920_y81920.png,0.2053,390.09,438.69,397.86,446.27
ch2_ohr_ncp_20240425T1406019344_d_img_d18_x01920_y81920.png,0.2027,536.32,551.9,545.73,562.05
ch2_ohr_ncp_20240425T1406019344_d_img_d18_x01920_y81920.png,0.201,444.15,118.48,448.89,123.58
ch2_ohr_ncp_20240425T1406019344_d_img_d18_x01920_y81920.png,0.201,404.48,627.6,411.44,636.82
ch2_ohr_ncp_20240425T1406019344_d_img_d18_x01920_y83840.png,0.2875,369.16,364.09,386.51,386.25
ch2_ohr_ncp_20240425T1406019344_d_img_d18_x01920_y83840.png,0.2415,396.52,405.28,404.76,412.82
ch2_ohr_ncp_20240425T1406019344_d_img_d18_x01920_y84480.png,0.3496,358.39,256.16,370.42,272.91
ch2_ohr_ncp_20240425T1406019344_d_img_d18_x01920_y84480.png,0.2798,276.49,98.5,282.95,107.33
ch2_ohr_ncp_20240425T1406019344_d_img_d18_x01920_y84480.png,0.2506,482.73,460.75,492.83,472.41
ch2_ohr_ncp_20240425T1406019344_d_img_d18_x01920_y84480.png,0.2479,422.64,262.1,431.49,272.88
ch2_ohr_ncp_20240425T1406019344_d_img_d18_x01920_y84480.png,0.2367,282.91,210.77,289.41,218.03
ch2_ohr_ncp_20240425T1406019344_d_img_d18_x01920_y84480.png,0.2166,277.25,98.03,282.75,105.68
ch2_ohr_ncp_20240425T1406019344_d_img_d18_x01920_y84480.png,0.2053,164.4,343.36,171.27,350.59
ch2_ohr_ncp_20240425T1406019344_d_img_d18_x01920_y84480.png,0.2037,283.61,254.46,291.4,262.19
ch2_ohr_ncp_20240425T1406019344_d_img_d18_x01920_y85120.png,0.2601,470.95,575.69,479.7,585.38
ch2_ohr_ncp_20240425T1406019344_d_img_d18_x01920_y85120.png,0.2224,514.54,619.23,529.61,631.72
ch2_ohr_ncp_20240425T1406019344_d_img_d18_x01920_y85120.png,0.2068,341.55,449.61,348.13,457.4
ch2_ohr_ncp_20240425T1406019344_d_img_d18_x01920_y85760.png,0.2024,93.52,632.57,102.88,639.83
ch2_ohr_ncp_20240425T1406019344_d_img_d18_x01920_y86400.png,0.2003,566.63,368.6,577.42,384.66
ch2_ohr_ncp_20240425T1406019344_d_img_d18_x01920_y87040.png,0.3698,133.57,465.45,144.68,482.61
ch2_ohr_ncp_20240425T1406019344_d_img_d18_x01920_y87040.png,0.2013,627.23,232.98,632.77,238.76
ch2_ohr_ncp_20240425T1406019344_d_img_d18_x01920_y87680.png,0.208,535.19,74.67,543.73,85.48
ch2_ohr_ncp_20240425T1406019344_d_img_d18_x01920_y88320.png,0.2924,22.34,620.74,36.16,637.52
ch2_ohr_ncp_20240425T1406019344_d_img_d18_x01920_y88320.png,0.2459,564.1,101.76,579.14,118.73
ch2_ohr_ncp_20240425T1406019344_d_img_d18_x01920_y89600.png,0.37,83.67,630.56,91.24,638.53
ch2_ohr_ncp_20240425T1406019344_d_img_d18_x01920_y89600.png,0.324,21.66,629.46,30.13,637.94
ch2_ohr_ncp_20240425T1406019344_d_img_d18_x01920_y89600.png,0.2728,499.8,231.94,506.42,240.24
ch2_ohr_ncp_20240425T1406019344_d_img_d18_x01920_y89600.png,0.2722,83.17,628.54,93.22,638.08
ch2_ohr_ncp_20240425T1406019344_d_img_d18_x01920_y89600.png,0.2655,502.98,131.51,509.91,141.29
ch2_ohr_ncp_20240425T1406019344_d_img_d18_x01920_y89600.png,0.2653,284.15,550.05,290.24,557.1
ch2_ohr_ncp_20240425T1406019344_d_img_d18_x01920_y89600.png,0.252,40.28,507.48,48.37,516.61
ch2_ohr_ncp_20240425T1406019344_d_img_d18_x01920_y89600.png,0.2513,251.1,630.84,257.03,638.97
ch2_ohr_ncp_20240425T1406019344_d_img_d18_x01920_y89600.png,0.2457,194.12,632.91,200.31,639.5
ch2_ohr_ncp_20240425T1406019344_d_img_d18_x01920_y89600.png,0.2435,517.9,252.84,523.26,259.1
ch2_ohr_ncp_20240425T1406019344_d_img_d18_x01920_y89600.png,0.2415,21.77,383.19,34.63,400.42
ch2_ohr_ncp_20240425T1406019344_d_img_d18_x01920_y89600.png,0.2414,436.99,564.67,456.76,596.37
ch2_ohr_ncp_20240425T1406019344_d_img_d18_x01920_y89600.png,0.2071,317.52,505.52,327.05,518.56
ch2_ohr_ncp_20240425T1406019344_d_img_d18_x01920_y90240.png,0.3025,627.45,11.37,633.08,17.67
ch2_ohr_ncp_20240425T1406019344_d_img_d18_x01920_y90240.png,0.2877,173.13,68.41,180.64,77.43
ch2_ohr_ncp_20240425T1406019344_d_img_d18_x01920_y90240.png,0.2843,277.58,359.19,289.76,369.76
ch2_ohr_ncp_20240425T1406019344_d_img_d18_x01920_y90240.png,0.2614,504.68,396.66,512.5,406.08
ch2_ohr_ncp_20240425T1406019344_d_img_d18_x01920_y90240.png,0.2507,627.33,497.2,632.39,502.83
ch2_ohr_ncp_20240425T1406019344_d_img_d18_x01920_y90240.png,0.2187,630.82,593.17,639.23,605.9
ch2_ohr_ncp_20240425T1406019344_d_img_d18_x01920_y90240.png,0.2063,470.66,505.54,476.01,514.1
ch2_ohr_ncp_20240425T1406019344_d_img_d18_x01920_y90880.png,0.2509,245.09,624.81,257.46,638.47
ch2_ohr_ncp_20240425T1406019344_d_img_d18_x01920_y90880.png,0.2196,549.96,358.97,556.23,366.43
ch2_ohr_ncp_20240425T1406019344_d_img_d18_x01920_y90880.png,0.2061,482.28,633.35,491.53,639.85
ch2_ohr_ncp_20240425T1406019344_d_img_d18_x01920_y90880.png,0.2039,172.42,500.34,180.45,509.64
ch2_ohr_ncp_20240425T1406019344_d_img_d18_x01920_y90880.png,0.2029,596.23,458.33,603.08,467.48
ch2_ohr_ncp_20240425T1406019344_d_img_d18_x01920_y91520.png,0.2044,0.1,222.12,3.55,234.99
ch2_ohr_ncp_20240425T1406019344_d_img_d18_x01920_y92800.png,0.4265,318.98,464.86,330.27,480.83
ch2_ohr_ncp_20240425T1406019344_d_img_d18_x01920_y92800.png,0.2848,198.1,612.34,208.85,624.71
ch2_ohr_ncp_20240425T1406019344_d_img_d18_x01920_y92800.png,0.2177,471.93,502.92,480.43,517.26
ch2_ohr_ncp_20240425T1406019344_d_img_d18_x01920_y92800.png,0.2014,603.46,507.34,618.64,535.86
ch2_ohr_ncp_20240425T1406019344_d_img_d18_x01920_y92800.png,0.2014,633.66,620.51,639.74,627.62
ch2_ohr_ncp_20240425T1406019344_d_img_d18_x01920_y93440.png,0.6306,534.87,70.34,547.23,86.94
ch2_ohr_ncp_20240425T1406019344_d_img_d18_x01920_y93440.png,0.5367,52.29,125.18,59.82,133.81
ch2_ohr_ncp_20240425T1406019344_d_img_d18_x01920_y93440.png,0.527,90.5,48.86,98.44,60.13
ch2_ohr_ncp_20240425T1406019344_d_img_d18_x01920_y93440.png,0.4731,196.11,20.8,220.7,49.29
ch2_ohr_ncp_20240425T1406019344_d_img_d18_x01920_y93440.png,0.4714,36.7,37.56,46.42,50.31
ch2_ohr_ncp_20240425T1406019344_d_img_d18_x01920_y93440.png,0.4678,506.6,9.53,535.57,36.95
ch2_ohr_ncp_20240425T1406019344_d_img_d18_x01920_y93440.png,0.4411,376.42,91.98,385.33,102.68
ch2_ohr_ncp_20240425T1406019344_d_img_d18_x01920_y93440.png,0.4371,195.86,77.33,204.75,89.18
ch2_ohr_ncp_20240425T1406019344_d_img_d18_x01920_y93440.png,0.4336,77.5,235.31,85.71,246.15
ch2_ohr_ncp_20240425T1406019344_d_img_d18_x01920_y93440.png,0.4031,333.79,133.66,342.08,141.42
ch2_ohr_ncp_20240425T1406019344_d_img_d18_x01920_y93440.png,0.3958,47.55,69.16,55.08,77.4
ch2_ohr_ncp_20240425T1406019344_d_img_d18_x01920_y93440.png,0.3833,449.25,220.91,466.62,241.66
ch2_ohr_ncp_20240425T1406019344_d_img_d18_x01920_y93440.png,0.3772,135.45,78.77,144.11,87.33
ch2_ohr_ncp_20240425T1406019344_d_img_d18_x01920_y93440.png,0.363,356.46,150.22,363.95,160.32
ch2_ohr_ncp_20240425T1406019344_d_img_d18_x01920_y93440.png,0.3591,92.66,49.19,99.49,58.97
ch2_ohr_ncp_20240425T1406019344_d_img_d18_x01920_y93440.png,0.349,389.79,73.98,398.16,83.4
ch2_ohr_ncp_20240425T1406019344_d_img_d18_x01920_y93440.png,0.3469,283.7,34.59,317.57,69.47
ch2_ohr_ncp_20240425T1406019344_d_img_d18_x01920_y93440.png,0.3357,119.34,3.11,126.96,12.8
ch2_ohr_ncp_20240425T1406019344_d_img_d18_x01920_y93440.png,0.3349,217.32,51.62,224.73,60.47
ch2_ohr_ncp_20240425T1406019344_d_img_d18_x01920_y93440.png,0.3314,43.26,54.7,49.2,62.48
ch2_ohr_ncp_20240425T1406019344_d_img_d18_x01920_y93440.png,0.3281,343.02,147.34,351.38,155.21
ch2_ohr_ncp_20240425T1406019344_d_img_d18_x01920_y93440.png,0.3241,400.01,235.15,405.49,244.23
ch2_ohr_ncp_20240425T1406019344_d_img_d18_x01920_y93440.png,0.3035,313.5,200.37,331.68,220.82
ch2_ohr_ncp_20240425T1406019344_d_img_d18_x01920_y93440.png,0.3026,209.63,64.94,215.87,72.0
ch2_ohr_ncp_20240425T1406019344_d_img_d18_x01920_y93440.png,0.275,391.1,73.38,398.99,81.82
ch2_ohr_ncp_20240425T1406019344_d_img_d18_x01920_y93440.png,0.2722,180.41,42.48,187.49,50.58
ch2_ohr_ncp_20240425T1406019344_d_img_d18_x01920_y93440.png,0.2721,202.77,119.44,217.5,138.82
ch2_ohr_ncp_20240425T1406019344_d_img_d18_x01920_y93440.png,0.2698,244.72,30.17,259.49,43.4
ch2_ohr_ncp_20240425T1406019344_d_img_d18_x01920_y93440.png,0.2684,461.27,142.23,466.57,147.92
ch2_ohr_ncp_20240425T1406019344_d_img_d18_x01920_y93440.png,0.2665,524.66,7.85,535.76,20.29
ch2_ohr_ncp_20240425T1406019344_d_img_d18_x01920_y93440.png,0.2617,104.03,84.57,114.6,97.06
ch2_ohr_ncp_20240425T1406019344_d_img_d18_x01920_y93440.png,0.2611,37.36,157.61,45.34,165.03
ch2_ohr_ncp_20240425T1406019344_d_img_d18_x01920_y93440.png,0.2505,524.04,189.14,529.38,195.95
ch2_ohr_ncp_20240425T1406019344_d_img_d18_x01920_y93440.png,0.2494,499.84,32.33,506.08,38.52
ch2_ohr_ncp_20240425T1406019344_d_img_d18_x01920_y93440.png,0.247,65.43,233.47,73.32,242.71
ch2_ohr_ncp_20240425T1406019344_d_img_d18_x01920_y93440.png,0.245,69.07,70.06,77.73,77.49
ch2_ohr_ncp_20240425T1406019344_d_img_d18_x01920_y93440.png,0.243,435.26,132.83,442.5,139.84
ch2_ohr_ncp_20240425T1406019344_d_img_d18_x01920_y93440.png,0.2414,232.24,0.21,246.3,15.36
ch2_ohr_ncp_20240425T1406019344_d_img_d18_x01920_y93440.png,0.2414,547.68,175.74,553.57,182.05
ch2_ohr_ncp_20240425T1406019344_d_img_d18_x01920_y93440.png,0.2401,82.92,69.7,102.94,92.18
ch2_ohr_ncp_20240425T1406019344_d_img_d18_x01920_y93440.png,0.2375,594.65,185.65,599.72,191.4
ch2_ohr_ncp_20240425T1406019344_d_img_d18_x01920_y93440.png,0.2305,105.31,67.58,110.61,72.91
ch2_ohr_ncp_20240425T1406019344_d_img_d18_x01920_y93440.png,0.2263,0.35,46.54,8.72,59.36
ch2_ohr_ncp_20240425T1406019344_d_img_d18_x01920_y93440.png,0.2239,232.78,0.0,244.66,12.04
ch2_ohr_ncp_20240425T1406019344_d_img_d18_x01920_y93440.png,0.2216,37.59,155.27,46.13,164.87
ch2_ohr_ncp_20240425T1406019344_d_img_d18_x01920_y93440.png,0.2185,198.68,18.77,219.58,41.83
ch2_ohr_ncp_20240425T1406019344_d_img_d18_x01920_y93440.png,0.2178,69.2,100.63,79.64,112.07
ch2_ohr_ncp_20240425T1406019344_d_img_d18_x01920_y93440.png,0.2125,245.72,61.23,263.83,81.25
ch2_ohr_ncp_20240425T1406019344_d_img_d18_x01920_y93440.png,0.2092,536.83,16.38,570.44,63.33
ch2_ohr_ncp_20240425T1406019344_d_img_d18_x02560_y05120.png,0.2215,634.61,268.86,639.92,278.5
ch2_ohr_ncp_20240425T1406019344_d_img_d18_x02560_y07680.png,0.203,130.46,504.06,137.34,512.92
ch2_ohr_ncp_20240425T1406019344_d_img_d18_x02560_y17920.png,0.2223,627.53,53.26,639.47,69.58
ch2_ohr_ncp_20240425T1406019344_d_img_d18_x02560_y20480.png,0.4074,542.71,131.97,551.9,141.45
ch2_ohr_ncp_20240425T1406019344_d_img_d18_x02560_y20480.png,0.2319,487.53,133.92,497.7,145.7
ch2_ohr_ncp_20240425T1406019344_d_img_d18_x02560_y25600.png,0.3288,119.71,238.1,133.29,258.59
ch2_ohr_ncp_20240425T1406019344_d_img_d18_x02560_y25600.png,0.2974,486.51,124.91,495.93,135.66
ch2_ohr_ncp_20240425T1406019344_d_img_d18_x02560_y25600.png,0.221,630.28,559.07,639.23,573.62
ch2_ohr_ncp_20240425T1406019344_d_img_d18_x02560_y25600.png,0.2067,617.67,632.9,625.73,639.79
ch2_ohr_ncp_20240425T1406019344_d_img_d18_x02560_y26240.png,0.2502,581.79,624.88,594.02,637.19
ch2_ohr_ncp_20240425T1406019344_d_img_d18_x02560_y26240.png,0.2444,133.53,0.76,144.29,10.5
ch2_ohr_ncp_20240425T1406019344_d_img_d18_x02560_y26240.png,0.2036,0.19,67.23,6.68,83.72
ch2_ohr_ncp_20240425T1406019344_d_img_d18_x02560_y26240.png,0.2021,414.58,171.43,430.7,197.11
ch2_ohr_ncp_20240425T1406019344_d_img_d18_x02560_y27520.png,0.2924,435.03,632.89,440.99,639.27
ch2_ohr_ncp_20240425T1406019344_d_img_d18_x02560_y27520.png,0.2609,404.72,279.46,417.07,295.46
ch2_ohr_ncp_20240425T1406019344_d_img_d18_x02560_y27520.png,0.2338,548.79,142.91,553.93,148.4
ch2_ohr_ncp_20240425T1406019344_d_img_d18_x02560_y27520.png,0.2021,556.79,203.72,564.51,213.26
ch2_ohr_ncp_20240425T1406019344_d_img_d18_x02560_y28800.png,0.2074,328.27,233.53,346.99,260.63
ch2_ohr_ncp_20240425T1406019344_d_img_d18_x02560_y31360.png,0.2759,445.17,631.16,453.27,638.4
ch2_ohr_ncp_20240425T1406019344_d_img_d18_x02560_y31360.png,0.2297,160.42,452.17,166.78,460.36
ch2_ohr_ncp_20240425T1406019344_d_img_d18_x02560_y32640.png,0.2847,430.38,410.61,436.99,417.88
ch2_ohr_ncp_20240425T1406019344_d_img_d18_x02560_y34560.png,0.3061,67.39,177.17,83.78,204.12
ch2_ohr_ncp_20240425T1406019344_d_img_d18_x02560_y35200.png,0.2223,601.37,0.0,635.37,47.77
ch2_ohr_ncp_20240425T1406019344_d_img_d18_x02560_y35840.png,0.2169,338.84,633.71,346.12,639.82
ch2_ohr_ncp_20240425T1406019344_d_img_d18_x02560_y41600.png,0.2634,450.03,28.49,464.15,42.43
ch2_ohr_ncp_20240425T1406019344_d_img_d18_x02560_y42240.png,0.2453,594.57,618.47,611.76,638.45
ch2_ohr_ncp_20240425T1406019344_d_img_d18_x02560_y43520.png,0.2046,372.6,111.35,378.63,117.28
ch2_ohr_ncp_20240425T1406019344_d_img_d18_x02560_y43520.png,0.2015,244.87,130.58,255.06,141.91
ch2_ohr_ncp_20240425T1406019344_d_img_d18_x02560_y44160.png,0.2054,9.37,631.41,17.34,639.03
ch2_ohr_ncp_20240425T1406019344_d_img_d18_x02560_y44800.png,0.2107,458.67,631.7,464.56,638.53
ch2_ohr_ncp_20240425T1406019344_d_img_d18_x02560_y44800.png,0.2037,86.19,235.92,91.51,242.58
ch2_ohr_ncp_20240425T1406019344_d_img_d18_x02560_y50560.png,0.2731,531.11,630.75,546.37,640.0
ch2_ohr_ncp_20240425T1406019344_d_img_d18_x02560_y50560.png,0.2658,350.47,354.79,365.76,375.09
ch2_ohr_ncp_20240425T1406019344_d_img_d18_x02560_y50560.png,0.2472,461.79,135.34,479.59,161.62
ch2_ohr_ncp_20240425T1406019344_d_img_d18_x02560_y50560.png,0.2389,547.88,504.72,553.38,511.4
ch2_ohr_ncp_20240425T1406019344_d_img_d18_x02560_y50560.png,0.2322,271.25,620.05,278.68,627.81
ch2_ohr_ncp_20240425T1406019344_d_img_d18_x02560_y50560.png,0.2268,554.64,630.37,569.95,640.0
ch2_ohr_ncp_20240425T1406019344_d_img_d18_x02560_y50560.png,0.2066,99.87,383.25,106.29,389.98
ch2_ohr_ncp_20240425T1406019344_d_img_d18_x02560_y50560.png,0.2023,358.93,436.98,370.15,449.7
ch2_ohr_ncp_20240425T1406019344_d_img_d18_x02560_y50560.png,0.2006,566.39,508.71,571.98,515.54
ch2_ohr_ncp_20240425T1406019344_d_img_d18_x02560_y50560.png,0.2003,301.15,573.43,307.25,581.16
ch2_ohr_ncp_20240425T1406019344_d_img_d18_x02560_y51200.png,0.4986,302.88,309.38,316.02,323.34
ch2_ohr_ncp_20240425T1406019344_d_img_d18_x02560_y51200.png,0.4603,502.98,326.87,513.98,338.94
ch2_ohr_ncp_20240425T1406019344_d_img_d18_x02560_y51200.png,0.416,302.02,75.1,312.5,88.89
ch2_ohr_ncp_20240425T1406019344_d_img_d18_x02560_y51200.png,0.4106,575.29,308.29,584.8,318.18
ch2_ohr_ncp_20240425T1406019344_d_img_d18_x02560_y51200.png,0.4054,447.31,196.51,457.17,205.5
ch2_ohr_ncp_20240425T1406019344_d_img_d18_x02560_y51200.png,0.3707,299.67,433.88,305.08,439.91
ch2_ohr_ncp_20240425T1406019344_d_img_d18_x02560_y51200.png,0.368,229.13,103.28,242.57,120.27
ch2_ohr_ncp_20240425T1406019344_d_img_d18_x02560_y51200.png,0.3634,509.65,598.93,515.57,605.65
ch2_ohr_ncp_20240425T1406019344_d_img_d18_x02560_y51200.png,0.3282,45.63,521.85,49.83,527.46
ch2_ohr_ncp_20240425T1406019344_d_img_d18_x02560_y51200.png,0.318,485.38,632.96,492.5,639.65
ch2_ohr_ncp_20240425T1406019344_d_img_d18_x02560_y51200.png,0.311,315.49,232.16,320.63,238.41
ch2_ohr_ncp_20240425T1406019344_d_img_d18_x02560_y51200.png,0.2983,515.76,304.31,525.59,315.95
ch2_ohr_ncp_20240425T1406019344_d_img_d18_x02560_y51200.png,0.2981,281.8,227.31,290.2,235.18
ch2_ohr_ncp_20240425T1406019344_d_img_d18_x02560_y51200.png,0.2981,477.96,588.24,483.41,593.49
ch2_ohr_ncp_20240425T1406019344_d_img_d18_x02560_y51200.png,0.2961,551.32,201.16,621.69,290.36
ch2_ohr_ncp_20240425T1406019344_d_img_d18_x02560_y51200.png,0.2939,589.04,490.41,594.03,496.9
ch2_ohr_ncp_20240425T1406019344_d_img_d18_x02560_y51200.png,0.2912,556.76,602.61,562.65,608.87
ch2_ohr_ncp_20240425T1406019344_d_img_d18_x02560_y51200.png,0.284,300.32,203.77,306.16,208.8
ch2_ohr_ncp_20240425T1406019344_d_img_d18_x02560_y51200.png,0.2792,27.57,329.99,43.86,345.63
ch2_ohr_ncp_20240425T1406019344_d_img_d18_x02560_y51200.png,0.2768,618.5,462.55,624.49,469.53
ch2_ohr_ncp_20240425T1406019344_d_img_d18_x02560_y51200.png,0.2732,413.45,316.19,419.17,322.13
ch2_ohr_ncp_20240425T1406019344_d_img_d18_x02560_y51200.png,0.273,372.5,242.69,377.78,248.46
ch2_ohr_ncp_20240425T1406019344_d_img_d18_x02560_y51200.png,0.2685,502.41,168.42,507.12,174.01
ch2_ohr_ncp_20240425T1406019344_d_img_d18_x02560_y51200.png,0.2654,477.12,588.23,482.57,593.87
ch2_ohr_ncp_20240425T1406019344_d_img_d18_x02560_y51200.png,0.2635,370.19,432.39,389.63,452.52
ch2_ohr_ncp_20240425T1406019344_d_img_d18_x02560_y51200.png,0.2619,427.32,607.29,434.15,614.12
ch2_ohr_ncp_20240425T1406019344_d_img_d18_x02560_y51200.png,0.2599,297.4,360.0,303.16,367.07
ch2_ohr_ncp_20240425T1406019344_d_img_d18_x02560_y51200.png,0.2598,124.88,455.21,132.13,462.4
ch2_ohr_ncp_20240425T1406019344_d_img_d18_x02560_y51200.png,0.2598,85.27,403.72,93.18,413.81
ch2_ohr_ncp_20240425T1406019344_d_img_d18_x02560_y51200.png,0.2544,614.49,554.44,620.5,562.16
ch2_ohr_ncp_20240425T1406019344_d_img_d18_x02560_y51200.png,0.2484,47.24,630.73,52.96,637.39
ch2_ohr_ncp_20240425T1406019344_d_img_d18_x02560_y51200.png,0.2446,609.34,527.85,620.2,545.56
ch2_ohr_ncp_20240425T1406019344_d_img_d18_x02560_y51200.png,0.2416,477.9,589.05,483.22,594.48
ch2_ohr_ncp_20240425T1406019344_d_img_d18_x02560_y51200.png,0.2404,45.82,630.26,52.5,636.99
ch2_ohr_ncp_20240425T1406019344_d_img_d18_x02560_y51200.png,0.24,382.71,606.84,394.27,619.84
ch2_ohr_ncp_20240425T1406019344_d_img_d18_x02560_y51200.png,0.2388,460.9,127.88,465.6,132.3
ch2_ohr_ncp_20240425T1406019344_d_img_d18_x02560_y51200.png,0.2367,308.05,184.25,314.1,190.44
ch2_ohr_ncp_20240425T1406019344_d_img_d18_x02560_y51200.png,0.2358,480.74,605.51,486.62,610.2
ch2_ohr_ncp_20240425T1406019344_d_img_d18_x02560_y51200.png,0.2356,417.33,481.24,424.78,489.18
ch2_ohr_ncp_20240425T1406019344_d_img_d18_x02560_y51200.png,0.2277,537.88,182.11,544.25,189.35
ch2_ohr_ncp_20240425T1406019344_d_img_d18_x02560_y51200.png,0.2247,428.35,470.95,435.28,477.89
ch2_ohr_ncp_20240425T1406019344_d_img_d18_x02560_y51200.png,0.2244,371.86,199.27,376.96,204.81
ch2_ohr_ncp_20240425T1406019344_d_img_d18_x02560_y51200.png,0.2244,428.74,365.16,436.54,373.43
ch2_ohr_ncp_20240425T1406019344_d_img_d18_x02560_y51200.png,0.2243,325.19,631.6,335.53,639.42
ch2_ohr_ncp_20240425T1406019344_d_img_d18_x02560_y51200.png,0.2236,376.87,69.27,381.95,78.08
ch2_ohr_ncp_20240425T1406019344_d_img_d18_x02560_y51200.png,0.2236,289.56,303.36,296.16,311.97
ch2_ohr_ncp_20240425T1406019344_d_img_d18_x02560_y51200.png,0.2207,8.15,421.64,14.28,429.3
ch2_ohr_ncp_20240425T1406019344_d_img_d18_x02560_y51200.png,0.2203,140.45,477.7,148.65,486.13
ch2_ohr_ncp_20240425T1406019344_d_img_d18_x02560_y51200.png,0.2188,119.6,441.49,127.13,449.89
ch2_ohr_ncp_20240425T1406019344_d_img_d18_x02560_y51200.png,0.2171,519.71,590.91,523.98,595.77
ch2_ohr_ncp_20240425T1406019344_d_img_d18_x02560_y51200.png,0.2124,1.39,555.19,24.79,578.82
ch2_ohr_ncp_20240425T1406019344_d_img_d18_x02560_y51200.png,0.2116,329.85,431.8,336.94,439.07
ch2_ohr_ncp_20240425T1406019344_d_img_d18_x02560_y51200.png,0.2112,440.3,102.55,447.29,110.48
ch2_ohr_ncp_20240425T1406019344_d_img_d18_x02560_y51200.png,0.2094,107.8,16.17,116.92,23.47
ch2_ohr_ncp_20240425T1406019344_d_img_d18_x02560_y51200.png,0.208,500.0,548.8,506.69,555.13
ch2_ohr_ncp_20240425T1406019344_d_img_d18_x02560_y51200.png,0.2073,473.86,615.57,479.11,621.88
ch2_ohr_ncp_20240425T1406019344_d_img_d18_x02560_y51200.png,0.2052,87.5,567.73,92.29,572.77
ch2_ohr_ncp_20240425T1406019344_d_img_d18_x02560_y51200.png,0.2019,529.46,477.25,533.86,481.71
ch2_ohr_ncp_20240425T1406019344_d_img_d18_x02560_y51200.png,0.2011,407.26,365.06,413.21,371.59
ch2_ohr_ncp_20240425T1406019344_d_img_d18_x02560_y51840.png,0.3314,117.89,619.91,128.13,637.82
ch2_ohr_ncp_20240425T1406019344_d_img_d18_x02560_y51840.png,0.2598,439.56,125.08,448.04,134.33
ch2_ohr_ncp_20240425T1406019344_d_img_d18_x02560_y51840.png,0.2568,325.08,267.13,332.96,277.09
ch2_ohr_ncp_20240425T1406019344_d_img_d18_x02560_y54400.png,0.2845,619.89,554.53,626.49,565.73
ch2_ohr_ncp_20240425T1406019344_d_img_d18_x02560_y55680.png,0.2418,629.29,12.85,635.67,20.29
ch2_ohr_ncp_20240425T1406019344_d_img_d18_x02560_y56960.png,0.2295,290.91,483.45,299.93,493.71
ch2_ohr_ncp_20240425T1406019344_d_img_d18_x02560_y56960.png,0.2023,134.31,484.7,144.6,495.69
ch2_ohr_ncp_20240425T1406019344_d_img_d18_x02560_y57600.png,0.2185,253.05,75.5,259.75,83.01
ch2_ohr_ncp_20240425T1406019344_d_img_d18_x02560_y77440.png,0.2182,427.65,511.07,432.72,516.67
ch2_ohr_ncp_20240425T1406019344_d_img_d18_x02560_y77440.png,0.2005,630.3,483.1,635.72,490.09
ch2_ohr_ncp_20240425T1406019344_d_img_d18_x02560_y78080.png,0.227,16.31,47.74,42.5,81.96
ch2_ohr_ncp_20240425T1406019344_d_img_d18_x02560_y78720.png,0.2453,251.69,476.41,267.17,493.29
ch2_ohr_ncp_20240425T1406019344_d_img_d18_x02560_y78720.png,0.2375,224.25,506.62,235.35,519.05
ch2_ohr_ncp_20240425T1406019344_d_img_d18_x02560_y78720.png,0.2151,395.02,462.88,400.56,468.95
ch2_ohr_ncp_20240425T1406019344_d_img_d18_x02560_y78720.png,0.2127,195.69,124.57,203.34,133.56
ch2_ohr_ncp_20240425T1406019344_d_img_d18_x02560_y78720.png,0.2071,344.33,534.65,351.72,542.77
ch2_ohr_ncp_20240425T1406019344_d_img_d18_x02560_y81280.png,0.2366,189.01,461.92,195.35,468.89
ch2_ohr_ncp_20240425T1406019344_d_img_d18_x02560_y81280.png,0.2202,59.3,633.02,65.51,639.49
ch2_ohr_ncp_20240425T1406019344_d_img_d18_x02560_y81920.png,0.244,534.13,81.96,544.03,97.29
ch2_ohr_ncp_20240425T1406019344_d_img_d18_x02560_y82560.png,0.2999,591.63,149.42,599.92,157.72
ch2_ohr_ncp_20240425T1406019344_d_img_d18_x02560_y82560.png,0.2349,515.99,223.64,521.14,230.41
ch2_ohr_ncp_20240425T1406019344_d_img_d18_x02560_y84480.png,0.2681,293.89,68.86,300.29,75.66
ch2_ohr_ncp_20240425T1406019344_d_img_d18_x02560_y84480.png,0.2557,387.66,8.05,398.67,22.9
ch2_ohr_ncp_20240425T1406019344_d_img_d18_x02560_y84480.png,0.2403,371.23,45.9,378.19,54.37
ch2_ohr_ncp_20240425T1406019344_d_img_d18_x02560_y84480.png,0.2215,51.39,131.63,59.58,141.51
ch2_ohr_ncp_20240425T1406019344_d_img_d18_x02560_y85120.png,0.3073,532.04,463.93,537.31,469.8
ch2_ohr_ncp_20240425T1406019344_d_img_d18_x02560_y87040.png,0.2467,629.2,53.56,637.31,62.52
ch2_ohr_ncp_20240425T1406019344_d_img_d18_x02560_y87680.png,0.2575,189.24,512.42,200.4,523.91
ch2_ohr_ncp_20240425T1406019344_d_img_d18_x02560_y88320.png,0.3637,269.95,296.37,281.47,306.1
ch2_ohr_ncp_20240425T1406019344_d_img_d18_x02560_y88320.png,0.2238,238.65,616.96,251.48,640.0
ch2_ohr_ncp_20240425T1406019344_d_img_d18_x02560_y88320.png,0.2223,277.03,417.56,284.48,429.5
ch2_ohr_ncp_20240425T1406019344_d_img_d18_x02560_y88320.png,0.2145,339.49,403.21,346.89,413.38
ch2_ohr_ncp_20240425T1406019344_d_img_d18_x02560_y88320.png,0.2013,19.15,0.53,26.8,6.26
ch2_ohr_ncp_20240425T1406019344_d_img_d18_x02560_y89600.png,0.2732,630.15,92.6,636.12,100.54
ch2_ohr_ncp_20240425T1406019344_d_img_d18_x02560_y89600.png,0.2422,502.36,189.57,507.95,196.58
ch2_ohr_ncp_20240425T1406019344_d_img_d18_x02560_y89600.png,0.2256,324.87,208.88,349.07,238.77
ch2_ohr_ncp_20240425T1406019344_d_img_d18_x02560_y89600.png,0.2046,527.58,512.19,537.81,526.91
ch2_ohr_ncp_20240425T1406019344_d_img_d18_x02560_y90880.png,0.2461,560.45,255.13,582.77,287.56
ch2_ohr_ncp_20240425T1406019344_d_img_d18_x02560_y90880.png,0.2432,163.39,547.86,171.44,556.5
ch2_ohr_ncp_20240425T1406019344_d_img_d18_x02560_y90880.png,0.2078,334.71,627.89,345.17,637.56
ch2_ohr_ncp_20240425T1406019344_d_img_d18_x02560_y92800.png,0.2705,289.7,632.41,298.17,639.48
ch2_ohr_ncp_20240425T1406019344_d_img_d18_x02560_y92800.png,0.2269,628.93,526.11,636.12,534.19
ch2_ohr_ncp_20240425T1406019344_d_img_d18_x02560_y92800.png,0.2215,310.82,260.91,320.82,273.47
ch2_ohr_ncp_20240425T1406019344_d_img_d18_x02560_y92800.png,0.209,77.7,632.23,82.87,638.83
ch2_ohr_ncp_20240425T1406019344_d_img_d18_x02560_y93440.png,0.3064,273.84,146.7,289.78,162.32
ch2_ohr_ncp_20240425T1406019344_d_img_d18_x02560_y93440.png,0.2843,107.1,105.71,114.73,117.56
ch2_ohr_ncp_20240425T1406019344_d_img_d18_x02560_y93440.png,0.2636,101.52,150.59,108.16,156.58
ch2_ohr_ncp_20240425T1406019344_d_img_d18_x02560_y93440.png,0.2472,256.92,238.54,271.83,251.8
ch2_ohr_ncp_20240425T1406019344_d_img_d18_x02560_y93440.png,0.2447,350.89,90.73,360.12,106.6
ch2_ohr_ncp_20240425T1406019344_d_img_d18_x02560_y93440.png,0.2378,147.16,231.26,155.33,239.09
ch2_ohr_ncp_20240425T1406019344_d_img_d18_x02560_y93440.png,0.2279,332.98,231.79,344.31,243.71
ch2_ohr_ncp_20240425T1406019344_d_img_d18_x02560_y93440.png,0.2246,56.46,209.91,74.84,240.95
ch2_ohr_ncp_20240425T1406019344_d_img_d18_x02560_y93440.png,0.223,343.5,44.81,350.69,51.78
ch2_ohr_ncp_20240425T1406019344_d_img_d18_x02560_y93440.png,0.2153,137.31,99.07,145.34,107.82
ch2_ohr_ncp_20240425T1406019344_d_img_d18_x02560_y93440.png,0.2042,0.0,144.45,5.29,152.06
ch2_ohr_ncp_20240425T1406019344_d_img_d18_x03200_y01280.png,0.2523,605.55,5.26,610.36,10.86
ch2_ohr_ncp_20240425T1406019344_d_img_d18_x03200_y01280.png,0.2035,570.31,0.11,575.04,3.22
ch2_ohr_ncp_20240425T1406019344_d_img_d18_x03200_y01920.png,0.2572,349.95,538.99,357.38,548.92
ch2_ohr_ncp_20240425T1406019344_d_img_d18_x03200_y01920.png,0.2388,371.98,632.8,376.97,639.24
ch2_ohr_ncp_20240425T1406019344_d_img_d18_x03200_y01920.png,0.2237,446.93,556.7,454.7,565.45
ch2_ohr_ncp_20240425T1406019344_d_img_d18_x03200_y10240.png,0.2585,577.4,632.83,585.8,639.48
ch2_ohr_ncp_20240425T1406019344_d_img_d18_x03200_y12160.png,0.3237,372.7,612.0,396.61,640.0
ch2_ohr_ncp_20240425T1406019344_d_img_d18_x03200_y14720.png,0.2164,533.83,546.49,540.77,557.26
ch2_ohr_ncp_20240425T1406019344_d_img_d18_x03200_y17920.png,0.3432,626.79,466.92,633.61,475.24
ch2_ohr_ncp_20240425T1406019344_d_img_d18_x03200_y17920.png,0.3142,152.91,616.24,167.02,637.12
ch2_ohr_ncp_20240425T1406019344_d_img_d18_x03200_y17920.png,0.3115,406.15,499.98,411.78,507.16
ch2_ohr_ncp_20240425T1406019344_d_img_d18_x03200_y17920.png,0.2715,501.86,621.46,513.07,633.03
ch2_ohr_ncp_20240425T1406019344_d_img_d18_x03200_y17920.png,0.2385,150.21,618.95,166.41,637.94
ch2_ohr_ncp_20240425T1406019344_d_img_d18_x03200_y17920.png,0.2343,180.66,341.78,185.79,347.81
ch2_ohr_ncp_20240425T1406019344_d_img_d18_x03200_y17920.png,0.2189,419.82,633.95,425.49,639.42
ch2_ohr_ncp_20240425T1406019344_d_img_d18_x03200_y17920.png,0.2179,147.27,612.76,169.0,640.0
ch2_ohr_ncp_20240425T1406019344_d_img_d18_x03200_y17920.png,0.2139,635.0,519.35,639.4,524.32
ch2_ohr_ncp_20240425T1406019344_d_img_d18_x03200_y19200.png,0.3415,6.19,629.86,16.0,639.52
ch2_ohr_ncp_20240425T1406019344_d_img_d18_x03200_y19200.png,0.2566,627.42,525.92,633.75,535.41
ch2_ohr_ncp_20240425T1406019344_d_img_d18_x03200_y19200.png,0.2148,135.23,630.4,140.08,637.56
ch2_ohr_ncp_20240425T1406019344_d_img_d18_x03200_y21760.png,0.2524,471.58,330.96,480.39,340.35
ch2_ohr_ncp_20240425T1406019344_d_img_d18_x03200_y21760.png,0.221,293.47,162.15,302.45,171.81
ch2_ohr_ncp_20240425T1406019344_d_img_d18_x03200_y21760.png,0.2158,294.48,175.35,301.34,181.06
ch2_ohr_ncp_20240425T1406019344_d_img_d18_x03200_y23680.png,0.2286,182.82,633.49,191.18,639.95
ch2_ohr_ncp_20240425T1406019344_d_img_d18_x03200_y23680.png,0.2095,173.45,633.25,179.54,639.63
ch2_ohr_ncp_20240425T1406019344_d_img_d18_x03200_y26240.png,0.3328,517.56,105.58,528.18,119.5
ch2_ohr_ncp_20240425T1406019344_d_img_d18_x03200_y27520.png,0.2483,210.66,2.45,219.96,14.89
ch2_ohr_ncp_20240425T1406019344_d_img_d18_x03200_y31360.png,0.2872,250.98,632.67,257.98,639.84
ch2_ohr_ncp_20240425T1406019344_d_img_d18_x03200_y31360.png,0.2377,627.9,175.0,632.98,180.71
ch2_ohr_ncp_20240425T1406019344_d_img_d18_x03200_y32640.png,0.3182,242.54,631.89,250.01,639.57
ch2_ohr_ncp_20240425T1406019344_d_img_d18_x03200_y32640.png,0.2198,512.8,46.36,517.88,54.18
ch2_ohr_ncp_20240425T1406019344_d_img_d18_x03200_y32640.png,0.2064,243.1,239.63,248.82,246.82
ch2_ohr_ncp_20240425T1406019344_d_img_d18_x03200_y32640.png,0.2054,166.58,455.34,174.99,464.43
ch2_ohr_ncp_20240425T1406019344_d_img_d18_x03200_y41600.png,0.2564,343.42,53.49,351.03,62.26
ch2_ohr_ncp_20240425T1406019344_d_img_d18_x03200_y41600.png,0.2414,118.5,309.38,125.3,317.56
ch2_ohr_ncp_20240425T1406019344_d_img_d18_x03200_y41600.png,0.2279,566.05,630.06,578.11,639.41
ch2_ohr_ncp_20240425T1406019344_d_img_d18_x03200_y42880.png,0.213,581.01,633.05,586.63,639.15
ch2_ohr_ncp_20240425T1406019344_d_img_d18_x03200_y42880.png,0.2006,403.19,622.7,421.1,638.44
ch2_ohr_ncp_20240425T1406019344_d_img_d18_x03200_y43520.png,0.3002,283.78,138.99,304.25,169.52
ch2_ohr_ncp_20240425T1406019344_d_img_d18_x03200_y43520.png,0.2802,489.84,626.95,507.38,638.43
ch2_ohr_ncp_20240425T1406019344_d_img_d18_x03200_y43520.png,0.2587,70.09,100.76,78.9,109.83
ch2_ohr_ncp_20240425T1406019344_d_img_d18_x03200_y43520.png,0.2561,244.65,300.61,263.57,324.42
ch2_ohr_ncp_20240425T1406019344_d_img_d18_x03200_y44160.png,0.2011,627.74,90.03,633.43,95.49
ch2_ohr_ncp_20240425T1406019344_d_img_d18_x03200_y49920.png,0.4024,470.98,129.29,481.55,142.46
ch2_ohr_ncp_20240425T1406019344_d_img_d18_x03200_y49920.png,0.3332,380.69,307.14,388.28,316.62
ch2_ohr_ncp_20240425T1406019344_d_img_d18_x03200_y49920.png,0.284,220.61,132.88,235.67,154.92
ch2_ohr_ncp_20240425T1406019344_d_img_d18_x03200_y49920.png,0.2155,494.65,83.43,503.64,97.57
ch2_ohr_ncp_20240425T1406019344_d_img_d18_x03200_y49920.png,0.2076,141.02,236.22,148.24,245.7
ch2_ohr_ncp_20240425T1406019344_d_img_d18_x03200_y53120.png,0.2198,316.33,92.73,322.98,101.8
ch2_ohr_ncp_20240425T1406019344_d_img_d18_x03200_y55040.png,0.2197,266.45,487.61,272.82,497.32
ch2_ohr_ncp_20240425T1406019344_d_img_d18_x03200_y56960.png,0.2305,123.94,140.93,129.95,147.79
ch2_ohr_ncp_20240425T1406019344_d_img_d18_x03200_y56960.png,0.2196,70.93,135.86,76.8,148.08
ch2_ohr_ncp_20240425T1406019344_d_img_d18_x03200_y63360.png,0.2008,623.29,617.58,636.55,637.84
ch2_ohr_ncp_20240425T1406019344_d_img_d18_x03200_y73600.png,0.2386,298.64,632.45,304.21,639.09
ch2_ohr_ncp_20240425T1406019344_d_img_d18_x03200_y78080.png,0.2891,248.34,585.01,254.98,593.45
ch2_ohr_ncp_20240425T1406019344_d_img_d18_x03200_y78080.png,0.2245,247.63,584.04,254.42,592.36
ch2_ohr_ncp_20240425T1406019344_d_img_d18_x03200_y78080.png,0.2066,253.85,570.98,260.9,578.24
ch2_ohr_ncp_20240425T1406019344_d_img_d18_x03200_y80640.png,0.2731,3.92,628.97,10.83,637.88
ch2_ohr_ncp_20240425T1406019344_d_img_d18_x03200_y81280.png,0.2553,469.99,633.08,478.23,639.59
ch2_ohr_ncp_20240425T1406019344_d_img_d18_x03200_y82560.png,0.2438,283.8,295.95,299.18,311.47
ch2_ohr_ncp_20240425T1406019344_d_img_d18_x03200_y87040.png,0.2093,524.24,632.87,529.16,638.41
ch2_ohr_ncp_20240425T1406019344_d_img_d18_x03200_y90240.png,0.3807,617.32,629.47,634.27,640.0
ch2_ohr_ncp_20240425T1406019344_d_img_d18_x03200_y90240.png,0.34,286.45,627.43,294.06,636.28
ch2_ohr_ncp_20240425T1406019344_d_img_d18_x03200_y90240.png,0.2913,323.29,625.01,330.9,634.71
ch2_ohr_ncp_20240425T1406019344_d_img_d18_x03200_y90240.png,0.291,616.06,631.6,625.22,639.92
ch2_ohr_ncp_20240425T1406019344_d_img_d18_x03200_y90240.png,0.2466,299.84,634.35,307.02,639.77
ch2_ohr_ncp_20240425T1406019344_d_img_d18_x03200_y90240.png,0.2063,632.04,5.42,638.9,14.64
ch2_ohr_ncp_20240425T1406019344_d_img_d18_x03840_y05120.png,0.2318,232.28,632.56,240.31,639.87
ch2_ohr_ncp_20240425T1406019344_d_img_d18_x03840_y05120.png,0.2051,219.43,633.41,226.77,639.83
ch2_ohr_ncp_20240425T1406019344_d_img_d18_x03840_y28160.png,0.2631,251.78,613.01,266.91,627.75
ch2_ohr_ncp_20240425T1406019344_d_img_d18_x03840_y29440.png,0.2201,307.62,242.63,319.66,255.45
ch2_ohr_ncp_20240425T1406019344_d_img_d18_x03840_y35840.png,0.2268,172.15,633.24,178.1,639.3
ch2_ohr_ncp_20240425T1406019344_d_img_d18_x03840_y35840.png,0.2144,563.46,632.65,571.93,639.68
ch2_ohr_ncp_20240425T1406019344_d_img_d18_x03840_y37760.png,0.2186,118.03,56.57,129.43,74.21
ch2_ohr_ncp_20240425T1406019344_d_img_d18_x03840_y40320.png,0.2213,338.66,466.94,346.0,476.95
ch2_ohr_ncp_20240425T1406019344_d_img_d18_x03840_y42240.png,0.3417,534.03,439.48,548.8,455.81
ch2_ohr_ncp_20240425T1406019344_d_img_d18_x03840_y42240.png,0.2235,528.32,275.94,555.0,308.67
ch2_ohr_ncp_20240425T1406019344_d_img_d18_x03840_y44160.png,0.3225,414.64,626.01,426.0,638.81
ch2_ohr_ncp_20240425T1406019344_d_img_d18_x03840_y44160.png,0.2087,413.05,623.19,425.45,637.82
ch2_ohr_ncp_20240425T1406019344_d_img_d18_x03840_y49920.png,0.2737,471.28,541.43,475.64,547.36
ch2_ohr_ncp_20240425T1406019344_d_img_d18_x03840_y49920.png,0.2495,550.4,628.31,558.71,636.97
ch2_ohr_ncp_20240425T1406019344_d_img_d18_x03840_y49920.png,0.2474,516.91,265.08,523.3,271.74
ch2_ohr_ncp_20240425T1406019344_d_img_d18_x03840_y49920.png,0.2327,308.04,591.49,314.53,599.04
ch2_ohr_ncp_20240425T1406019344_d_img_d18_x03840_y49920.png,0.2189,569.21,622.97,574.38,628.38
ch2_ohr_ncp_20240425T1406019344_d_img_d18_x03840_y49920.png,0.2131,122.87,630.71,129.93,638.87
ch2_ohr_ncp_20240425T1406019344_d_img_d18_x03840_y49920.png,0.2017,196.21,586.18,210.89,603.75
ch2_ohr_ncp_20240425T1406019344_d_img_d18_x03840_y57600.png,0.2539,388.61,67.41,395.7,77.74
ch2_ohr_ncp_20240425T1406019344_d_img_d18_x03840_y77440.png,0.2115,265.16,405.91,271.15,413.88
ch2_ohr_ncp_20240425T1406019344_d_img_d18_x04480_y05760.png,0.2011,249.09,632.59,255.31,639.56
ch2_ohr_ncp_20240425T1406019344_d_img_d18_x04480_y17280.png,0.2324,123.91,263.62,129.21,270.56
ch2_ohr_ncp_20240425T1406019344_d_img_d18_x04480_y19840.png,0.2085,628.25,20.15,634.65,29.51
ch2_ohr_ncp_20240425T1406019344_d_img_d18_x04480_y25600.png,0.2904,304.31,607.86,331.9,639.72
ch2_ohr_ncp_20240425T1406019344_d_img_d18_x04480_y26880.png,0.2336,629.98,260.61,638.86,275.49
ch2_ohr_ncp_20240425T1406019344_d_img_d18_x04480_y28160.png,0.2188,514.95,8.58,520.41,14.83
ch2_ohr_ncp_20240425T1406019344_d_img_d18_x04480_y28800.png,0.2143,179.25,63.4,193.69,84.63
ch2_ohr_ncp_20240425T1406019344_d_img_d18_x04480_y28800.png,0.2053,562.58,613.71,604.15,640.0
ch2_ohr_ncp_20240425T1406019344_d_img_d18_x04480_y32000.png,0.256,0.0,131.15,5.03,140.27
ch2_ohr_ncp_20240425T1406019344_d_img_d18_x04480_y32000.png,0.2054,228.24,110.66,234.55,115.82
ch2_ohr_ncp_20240425T1406019344_d_img_d18_x04480_y32000.png,0.2028,7.0,141.97,15.22,151.36
ch2_ohr_ncp_20240425T1406019344_d_img_d18_x04480_y39680.png,0.2128,2.16,624.95,15.9,639.18
ch2_ohr_ncp_20240425T1406019344_d_img_d18_x04480_y41600.png,0.2683,466.77,191.81,482.17,211.77
ch2_ohr_ncp_20240425T1406019344_d_img_d18_x04480_y41600.png,0.2191,263.79,483.35,273.64,497.07
ch2_ohr_ncp_20240425T1406019344_d_img_d18_x04480_y44160.png,0.2295,94.57,27.48,103.58,37.72
ch2_ohr_ncp_20240425T1406019344_d_img_d18_x04480_y44160.png,0.2218,245.54,632.85,254.56,639.71
ch2_ohr_ncp_20240425T1406019344_d_img_d18_x04480_y44800.png,0.3746,351.03,0.81,361.39,12.61
ch2_ohr_ncp_20240425T1406019344_d_img_d18_x04480_y44800.png,0.3027,319.33,323.82,343.25,352.67
ch2_ohr_ncp_20240425T1406019344_d_img_d18_x04480_y44800.png,0.2735,341.11,110.17,348.75,118.79
ch2_ohr_ncp_20240425T1406019344_d_img_d18_x04480_y44800.png,0.2612,355.76,372.89,363.58,381.89
ch2_ohr_ncp_20240425T1406019344_d_img_d18_x04480_y44800.png,0.202,70.15,16.92,76.42,24.3
ch2_ohr_ncp_20240425T1406019344_d_img_d18_x04480_y50560.png,0.3128,630.99,620.96,639.01,633.17
ch2_ohr_ncp_20240425T1406019344_d_img_d18_x04480_y50560.png,0.2898,405.05,632.92,415.66,640.0
ch2_ohr_ncp_20240425T1406019344_d_img_d18_x04480_y50560.png,0.2781,98.86,325.02,115.16,346.14
ch2_ohr_ncp_20240425T1406019344_d_img_d18_x04480_y50560.png,0.2586,87.31,148.08,95.85,159.97
ch2_ohr_ncp_20240425T1406019344_d_img_d18_x04480_y50560.png,0.2338,631.33,100.19,639.46,110.57
ch2_ohr_ncp_20240425T1406019344_d_img_d18_x04480_y76160.png,0.2062,323.14,633.23,328.85,639.36
ch2_ohr_ncp_20240425T1406019344_d_img_d18_x04480_y81280.png,0.2656,302.9,614.28,308.51,618.53
ch2_ohr_ncp_20240425T1406019344_d_img_d18_x04480_y81280.png,0.2413,330.74,567.54,338.47,576.6
ch2_ohr_ncp_20240425T1406019344_d_img_d18_x04480_y92160.png,0.2598,109.36,40.04,114.55,45.88
ch2_ohr_ncp_20240425T1406019344_d_img_d18_x04480_y92800.png,0.2531,69.76,631.17,78.81,638.77
ch2_ohr_ncp_20240425T1406019344_d_img_d18_x04480_y93440.png,0.3986,586.83,175.56,594.29,183.2
ch2_ohr_ncp_20240425T1406019344_d_img_d18_x04480_y93440.png,0.3386,391.41,126.58,401.53,140.25
ch2_ohr_ncp_20240425T1406019344_d_img_d18_x04480_y93440.png,0.2854,349.33,96.12,363.04,114.23
ch2_ohr_ncp_20240425T1406019344_d_img_d18_x04480_y93440.png,0.2782,320.06,60.84,330.84,76.49
ch2_ohr_ncp_20240425T1406019344_d_img_d18_x04480_y93440.png,0.2654,21.44,59.2,31.47,68.54
ch2_ohr_ncp_20240425T1406019344_d_img_d18_x04480_y93440.png,0.2565,196.88,72.01,202.44,76.87
ch2_ohr_ncp_20240425T1406019344_d_img_d18_x04480_y93440.png,0.2475,46.0,223.17,54.47,233.36
ch2_ohr_ncp_20240425T1406019344_d_img_d18_x04480_y93440.png,0.2352,620.39,49.02,635.08,64.24
ch2_ohr_ncp_20240425T1406019344_d_img_d18_x04480_y93440.png,0.2228,46.75,178.04,58.54,189.93
ch2_ohr_ncp_20240425T1406019344_d_img_d18_x04480_y93440.png,0.2135,550.67,158.76,558.12,167.95
ch2_ohr_ncp_20240425T1406019344_d_img_d18_x05120_y35200.png,0.225,219.47,25.52,224.2,32.93
ch2_ohr_ncp_20240425T1406019344_d_img_d18_x05120_y38400.png,0.2127,0.77,611.53,10.74,638.0
ch2_ohr_ncp_20240425T1406019344_d_img_d18_x05120_y46080.png,0.202,101.6,159.38,106.65,164.72
ch2_ohr_ncp_20240425T1406019344_d_img_d18_x05120_y51200.png,0.2754,221.82,222.82,232.28,232.45
ch2_ohr_ncp_20240425T1406019344_d_img_d18_x05120_y51200.png,0.2306,68.97,60.53,81.63,81.02
ch2_ohr_ncp_20240425T1406019344_d_img_d18_x05120_y54400.png,0.2005,620.0,60.0,638.57,88.81
ch2_ohr_ncp_20240425T1406019344_d_img_d18_x05120_y69120.png,0.2117,604.25,632.28,613.86,639.47
ch2_ohr_ncp_20240425T1406019344_d_img_d18_x05120_y74240.png,0.3202,504.15,61.92,510.39,68.73
ch2_ohr_ncp_20240425T1406019344_d_img_d18_x05120_y74240.png,0.3126,554.42,125.07,561.18,131.54
ch2_ohr_ncp_20240425T1406019344_d_img_d18_x05120_y74240.png,0.2786,538.34,78.89,545.01,86.06
ch2_ohr_ncp_20240425T1406019344_d_img_d18_x05120_y74240.png,0.2554,613.92,43.19,620.61,51.2
ch2_ohr_ncp_20240425T1406019344_d_img_d18_x05120_y74240.png,0.2328,583.15,124.97,590.89,132.25
ch2_ohr_ncp_20240425T1406019344_d_img_d18_x05120_y80000.png,0.3816,542.7,398.76,550.4,406.5
ch2_ohr_ncp_20240425T1406019344_d_img_d18_x05120_y80000.png,0.2098,624.94,5.41,634.51,17.63
ch2_ohr_ncp_20240425T1406019344_d_img_d18_x05760_y28160.png,0.3433,595.28,543.25,609.6,561.2
ch2_ohr_ncp_20240425T1406019344_d_img_d18_x05760_y42240.png,0.2111,631.15,76.56,638.92,89.62
ch2_ohr_ncp_20240425T1406019344_d_img_d18_x05760_y73600.png,0.2804,151.29,278.2,168.78,301.03
ch2_ohr_ncp_20240425T1406019344_d_img_d18_x05760_y73600.png,0.2307,317.9,24.51,328.01,38.78
ch2_ohr_ncp_20240425T1406019344_d_img_d18_x05760_y73600.png,0.2121,503.41,52.77,512.94,62.4
ch2_ohr_ncp_20240425T1406019344_d_img_d18_x05760_y81920.png,0.2714,546.25,5.1,553.42,14.35
ch2_ohr_ncp_20240425T1406019344_d_img_d18_x05760_y81920.png,0.2224,605.29,602.77,633.65,635.82
ch2_ohr_ncp_20240425T1406019344_d_img_d18_x05760_y81920.png,0.2007,213.13,99.12,218.8,106.1
ch2_ohr_ncp_20240425T1406019344_d_img_d18_x05760_y92160.png,0.2837,276.64,373.5,282.3,379.55
ch2_ohr_ncp_20240425T1406019344_d_img_d18_x05760_y92160.png,0.2612,620.06,473.87,625.44,479.81
ch2_ohr_ncp_20240425T1406019344_d_img_d18_x05760_y92160.png,0.26,292.3,211.78,297.91,216.74
ch2_ohr_ncp_20240425T1406019344_d_img_d18_x05760_y92160.png,0.26,549.88,49.53,556.44,58.66
ch2_ohr_ncp_20240425T1406019344_d_img_d18_x05760_y92160.png,0.245,317.38,162.04,323.81,167.96
ch2_ohr_ncp_20240425T1406019344_d_img_d18_x05760_y92160.png,0.2275,592.64,109.75,604.54,123.03
ch2_ohr_ncp_20240425T1406019344_d_img_d18_x05760_y92160.png,0.2241,603.83,39.0,620.93,63.53
ch2_ohr_ncp_20240425T1406019344_d_img_d18_x05760_y92160.png,0.2219,632.38,68.24,639.46,76.88
ch2_ohr_ncp_20240425T1406019344_d_img_d18_x05760_y92160.png,0.2181,633.56,284.06,639.99,291.48
ch2_ohr_ncp_20240425T1406019344_d_img_d18_x05760_y92160.png,0.2082,618.93,266.67,625.63,273.91
ch2_ohr_ncp_20240425T1406019344_d_img_d18_x05760_y92160.png,0.2078,274.77,194.24,280.0,199.77
ch2_ohr_ncp_20240425T1406019344_d_img_d18_x05760_y92160.png,0.2068,415.61,149.84,429.77,168.67
ch2_ohr_ncp_20240425T1406019344_d_img_d18_x05760_y92160.png,0.2051,11.55,521.0,16.2,526.05
ch2_ohr_ncp_20240425T1406019344_d_img_d18_x05760_y92160.png,0.2017,452.83,117.45,472.37,137.92
ch2_ohr_ncp_20240425T1406019344_d_img_d18_x06400_y33280.png,0.2253,343.22,629.88,352.3,639.54
ch2_ohr_ncp_20240425T1406019344_d_img_d18_x06400_y36480.png,0.2125,7.77,584.24,26.53,610.94
ch2_ohr_ncp_20240425T1406019344_d_img_d18_x06400_y48000.png,0.3748,260.24,0.0,287.07,17.74
ch2_ohr_ncp_20240425T1406019344_d_img_d18_x06400_y48640.png,0.2534,509.04,356.85,528.94,381.54
ch2_ohr_ncp_20240425T1406019344_d_img_d18_x06400_y51840.png,0.2559,600.67,632.01,607.72,639.15
ch2_ohr_ncp_20240425T1406019344_d_img_d18_x06400_y56960.png,0.2607,478.56,221.73,487.18,231.59
ch2_ohr_ncp_20240425T1406019344_d_img_d18_x06400_y56960.png,0.2553,550.31,5.62,559.5,16.48
ch2_ohr_ncp_20240425T1406019344_d_img_d18_x06400_y56960.png,0.2393,244.03,14.67,249.14,20.78
ch2_ohr_ncp_20240425T1406019344_d_img_d18_x06400_y56960.png,0.2017,240.18,0.06,252.38,9.94
ch2_ohr_ncp_20240425T1406019344_d_img_d18_x06400_y58880.png,0.2611,41.94,627.14,50.04,636.15
ch2_ohr_ncp_20240425T1406019344_d_img_d18_x06400_y58880.png,0.2323,634.26,537.89,638.83,543.29
ch2_ohr_ncp_20240425T1406019344_d_img_d18_x06400_y64000.png,0.2045,627.93,426.27,633.35,433.44
ch2_ohr_ncp_20240425T1406019344_d_img_d18_x06400_y78080.png,0.2366,388.94,387.37,418.28,423.12
ch2_ohr_ncp_20240425T1406019344_d_img_d18_x06400_y78720.png,0.2125,202.49,633.05,209.58,638.93
ch2_ohr_ncp_20240425T1406019344_d_img_d18_x06400_y93440.png,0.2574,543.54,0.0,557.31,11.63
ch2_ohr_ncp_20240425T1406019344_d_img_d18_x06400_y93440.png,0.2567,502.34,151.47,508.09,157.43
ch2_ohr_ncp_20240425T1406019344_d_img_d18_x06400_y93440.png,0.2185,519.02,0.05,529.49,6.34
ch2_ohr_ncp_20240425T1406019344_d_img_d18_x06400_y93440.png,0.2019,563.36,59.41,572.19,69.25
ch2_ohr_ncp_20240425T1406019344_d_img_d18_x07040_y03840.png,0.2669,35.57,75.25,41.82,81.36
ch2_ohr_ncp_20240425T1406019344_d_img_d18_x07040_y88960.png,0.2202,347.71,632.44,353.95,639.21
ch2_ohr_ncp_20240425T1406019344_d_img_d18_x07040_y92800.png,0.2001,397.87,627.4,409.18,638.62
ch2_ohr_ncp_20240425T1406019344_d_img_d18_x07040_y93440.png,0.249,469.04,13.76,539.1,94.46
ch2_ohr_ncp_20240425T1406019344_d_img_d18_x07040_y93440.png,0.2267,516.53,220.37,523.86,229.84
ch2_ohr_ncp_20240425T1406019344_d_img_d18_x07680_y20480.png,0.3586,522.17,326.86,544.16,352.33
ch2_ohr_ncp_20240425T1406019344_d_img_d18_x07680_y20480.png,0.3461,572.6,631.77,577.36,636.84
ch2_ohr_ncp_20240425T1406019344_d_img_d18_x07680_y20480.png,0.2348,101.07,551.44,107.88,558.62
ch2_ohr_ncp_20240425T1406019344_d_img_d18_x07680_y20480.png,0.2315,595.6,598.1,603.71,610.84
ch2_ohr_ncp_20240425T1406019344_d_img_d18_x07680_y20480.png,0.2094,468.71,630.35,475.92,637.74
ch2_ohr_ncp_20240425T1406019344_d_img_d18_x07680_y24960.png,0.2071,629.46,106.89,637.09,114.82
ch2_ohr_ncp_20240425T1406019344_d_img_d18_x07680_y35200.png,0.201,627.46,124.33,638.32,134.02
ch2_ohr_ncp_20240425T1406019344_d_img_d18_x07680_y48640.png,0.219,517.54,130.36,530.81,144.98
ch2_ohr_ncp_20240425T1406019344_d_img_d18_x07680_y80000.png,0.2055,69.05,633.08,75.5,639.58
ch2_ohr_ncp_20240425T1406019344_d_img_d18_x07680_y82560.png,0.259,222.92,300.11,230.88,309.37
ch2_ohr_ncp_20240425T1406019344_d_img_d18_x07680_y92160.png,0.3295,305.48,189.55,323.24,208.9
ch2_ohr_ncp_20240425T1406019344_d_img_d18_x07680_y93440.png,0.2448,72.69,0.0,124.97,74.78
ch2_ohr_ncp_20240425T1406019344_d_img_d18_x08320_y05120.png,0.2062,45.19,628.16,56.95,637.59
ch2_ohr_ncp_20240425T1406019344_d_img_d18_x08320_y26880.png,0.2664,220.18,293.77,242.67,314.67
ch2_ohr_ncp_20240425T1406019344_d_img_d18_x08320_y27520.png,0.2683,486.22,515.94,495.14,524.87
ch2_ohr_ncp_20240425T1406019344_d_img_d18_x08320_y27520.png,0.2514,476.71,570.52,485.3,579.67
ch2_ohr_ncp_20240425T1406019344_d_img_d18_x08320_y30080.png,0.2223,625.5,127.68,633.64,137.86
ch2_ohr_ncp_20240425T1406019344_d_img_d18_x08320_y30720.png,0.2438,635.18,491.77,640.0,499.41
ch2_ohr_ncp_20240425T1406019344_d_img_d18_x08320_y44800.png,0.3277,631.29,293.31,638.81,304.77
ch2_ohr_ncp_20240425T1406019344_d_img_d18_x08320_y44800.png,0.2209,627.01,278.99,634.93,290.9
ch2_ohr_ncp_20240425T1406019344_d_img_d18_x08320_y46080.png,0.2949,291.3,98.51,306.19,111.98
ch2_ohr_ncp_20240425T1406019344_d_img_d18_x08320_y46080.png,0.2453,286.85,268.68,296.55,280.2
ch2_ohr_ncp_20240425T1406019344_d_img_d18_x08320_y46080.png,0.2102,355.32,439.76,372.08,456.08
ch2_ohr_ncp_20240425T1406019344_d_img_d18_x08320_y46080.png,0.2019,119.68,485.52,128.27,495.71
ch2_ohr_ncp_20240425T1406019344_d_img_d18_x08320_y55040.png,0.2234,306.82,630.15,315.43,638.81
ch2_ohr_ncp_20240425T1406019344_d_img_d18_x08320_y56320.png,0.2021,222.8,633.0,231.12,639.79
ch2_ohr_ncp_20240425T1406019344_d_img_d18_x08320_y65280.png,0.208,236.86,10.68,252.75,28.64
ch2_ohr_ncp_20240425T1406019344_d_img_d18_x08320_y78080.png,0.2527,390.65,0.0,430.12,22.58
ch2_ohr_ncp_20240425T1406019344_d_img_d18_x08320_y81280.png,0.2009,499.27,467.4,506.86,475.08
ch2_ohr_ncp_20240425T1406019344_d_img_d18_x08320_y81920.png,0.2671,617.28,522.94,639.42,551.08
ch2_ohr_ncp_20240425T1406019344_d_img_d18_x08320_y81920.png,0.2376,469.84,98.54,482.0,112.1
ch2_ohr_ncp_20240425T1406019344_d_img_d18_x08320_y82560.png,0.2413,291.25,415.62,295.94,421.56
ch2_ohr_ncp_20240425T1406019344_d_img_d18_x08320_y85120.png,0.2499,420.96,60.12,432.8,73.57
ch2_ohr_ncp_20240425T1406019344_d_img_d18_x08320_y85120.png,0.2138,0.0,128.88,4.8,141.78
ch2_ohr_ncp_20240425T1406019344_d_img_d18_x08320_y88960.png,0.2422,254.49,356.16,261.02,365.37
ch2_ohr_ncp_20240425T1406019344_d_img_d18_x08320_y88960.png,0.22,6.74,232.4,13.07,241.1
ch2_ohr_ncp_20240425T1406019344_d_img_d18_x08320_y89600.png,0.3215,606.6,109.32,616.03,119.66
ch2_ohr_ncp_20240425T1406019344_d_img_d18_x08320_y89600.png,0.2181,287.05,208.26,293.37,216.16
ch2_ohr_ncp_20240425T1406019344_d_img_d18_x08320_y89600.png,0.2132,112.6,164.09,123.05,176.89
ch2_ohr_ncp_20240425T1406019344_d_img_d18_x08320_y90240.png,0.2654,197.23,62.92,204.65,70.26
ch2_ohr_ncp_20240425T1406019344_d_img_d18_x08320_y93440.png,0.3899,79.78,11.72,86.56,18.85
ch2_ohr_ncp_20240425T1406019344_d_img_d18_x08320_y93440.png,0.3197,166.29,151.73,180.67,165.43
ch2_ohr_ncp_20240425T1406019344_d_img_d18_x08320_y93440.png,0.294,559.5,23.96,566.76,32.43
ch2_ohr_ncp_20240425T1406019344_d_img_d18_x08320_y93440.png,0.2094,573.05,4.67,579.26,11.67
ch2_ohr_ncp_20240425T1406019344_d_img_d18_x08960_y17920.png,0.2696,294.72,371.62,304.16,381.89
ch2_ohr_ncp_20240425T1406019344_d_img_d18_x08960_y19840.png,0.2047,145.12,78.38,149.84,84.27
ch2_ohr_ncp_20240425T1406019344_d_img_d18_x08960_y21120.png,0.2018,79.31,633.27,86.84,639.62
ch2_ohr_ncp_20240425T1406019344_d_img_d18_x08960_y33280.png,0.2257,82.1,74.94,110.18,104.5
ch2_ohr_ncp_20240425T1406019344_d_img_d18_x08960_y36480.png,0.2149,296.42,627.44,306.7,638.93
ch2_ohr_ncp_20240425T1406019344_d_img_d18_x08960_y38400.png,0.2053,320.6,632.05,327.97,639.91
ch2_ohr_ncp_20240425T1406019344_d_img_d18_x08960_y48000.png,0.3581,437.8,367.19,448.31,384.28
ch2_ohr_ncp_20240425T1406019344_d_img_d18_x08960_y50560.png,0.2581,195.75,59.76,202.63,70.69
ch2_ohr_ncp_20240425T1406019344_d_img_d18_x08960_y58240.png,0.2809,483.6,189.73,491.36,197.27
ch2_ohr_ncp_20240425T1406019344_d_img_d18_x08960_y58240.png,0.2506,114.91,204.98,123.05,213.75
ch2_ohr_ncp_20240425T1406019344_d_img_d18_x08960_y76800.png,0.2213,155.39,610.44,186.09,639.97
ch2_ohr_ncp_20240425T1406019344_d_img_d18_x08960_y76800.png,0.218,222.73,599.93,236.79,617.68
ch2_ohr_ncp_20240425T1406019344_d_img_d18_x08960_y76800.png,0.2012,149.86,0.49,158.88,8.98
ch2_ohr_ncp_20240425T1406019344_d_img_d18_x08960_y82560.png,0.2584,100.4,46.47,106.34,53.53
ch2_ohr_ncp_20240425T1406019344_d_img_d18_x08960_y82560.png,0.2539,333.01,622.12,339.67,629.85
ch2_ohr_ncp_20240425T1406019344_d_img_d18_x08960_y85760.png,0.2538,468.91,173.89,475.27,181.48
ch2_ohr_ncp_20240425T1406019344_d_img_d18_x08960_y85760.png,0.2157,467.51,633.4,472.17,638.77
ch2_ohr_ncp_20240425T1406019344_d_img_d18_x08960_y85760.png,0.2099,499.43,28.78,507.53,37.82
ch2_ohr_ncp_20240425T1406019344_d_img_d18_x08960_y90880.png,0.2428,627.28,24.45,632.28,31.0
ch2_ohr_ncp_20240425T1406019344_d_img_d18_x08960_y90880.png,0.2314,85.0,629.26,96.91,638.18
ch2_ohr_ncp_20240425T1406019344_d_img_d18_x08960_y93440.png,0.3615,276.43,110.39,293.08,128.06
ch2_ohr_ncp_20240425T1406019344_d_img_d18_x08960_y93440.png,0.2548,364.5,98.85,392.62,130.09
ch2_ohr_ncp_20240425T1406019344_d_img_d18_x08960_y93440.png,0.2079,187.02,57.27,208.14,85.44
ch2_ohr_ncp_20240425T1406019344_d_img_d18_x09600_y11520.png,0.2911,155.16,631.39,171.1,640.0
ch2_ohr_ncp_20240425T1406019344_d_img_d18_x09600_y11520.png,0.2136,626.63,179.44,633.63,189.11
ch2_ohr_ncp_20240425T1406019344_d_img_d18_x09600_y19200.png,0.2012,585.76,465.85,590.8,472.43
ch2_ohr_ncp_20240425T1406019344_d_img_d18_x09600_y19840.png,0.2046,237.53,186.31,243.76,194.22
ch2_ohr_ncp_20240425T1406019344_d_img_d18_x09600_y27520.png,0.2529,419.15,632.28,426.05,639.76
ch2_ohr_ncp_20240425T1406019344_d_img_d18_x09600_y29440.png,0.3064,483.53,55.42,490.36,63.59
ch2_ohr_ncp_20240425T1406019344_d_img_d18_x09600_y61440.png,0.3449,630.41,95.8,639.44,109.64
ch2_ohr_ncp_20240425T1406019344_d_img_d18_x09600_y65280.png,0.2807,512.3,632.45,523.6,639.84
ch2_ohr_ncp_20240425T1406019344_d_img_d18_x09600_y65280.png,0.2306,527.44,632.06,535.37,639.45
ch2_ohr_ncp_20240425T1406019344_d_img_d18_x09600_y65280.png,0.2137,217.32,0.0,264.09,28.09
ch2_ohr_ncp_20240425T1406019344_d_img_d18_x09600_y65920.png,0.4546,277.04,619.27,288.46,631.12
ch2_ohr_ncp_20240425T1406019344_d_img_d18_x09600_y65920.png,0.368,59.04,609.63,64.03,615.74
ch2_ohr_ncp_20240425T1406019344_d_img_d18_x09600_y65920.png,0.3483,510.13,204.09,518.84,213.49
ch2_ohr_ncp_20240425T1406019344_d_img_d18_x09600_y65920.png,0.2901,266.43,0.94,275.19,10.89
ch2_ohr_ncp_20240425T1406019344_d_img_d18_x09600_y65920.png,0.287,171.82,61.47,177.43,68.62
ch2_ohr_ncp_20240425T1406019344_d_img_d18_x09600_y65920.png,0.2561,230.18,569.91,237.09,579.36
ch2_ohr_ncp_20240425T1406019344_d_img_d18_x09600_y65920.png,0.2422,41.14,526.04,45.96,530.55
ch2_ohr_ncp_20240425T1406019344_d_img_d18_x09600_y65920.png,0.2212,173.16,634.24,177.47,638.62
ch2_ohr_ncp_20240425T1406019344_d_img_d18_x09600_y65920.png,0.2177,173.71,634.27,178.63,638.85
ch2_ohr_ncp_20240425T1406019344_d_img_d18_x09600_y65920.png,0.2133,21.67,629.14,29.95,637.02
ch2_ohr_ncp_20240425T1406019344_d_img_d18_x09600_y65920.png,0.2129,76.49,622.83,81.84,628.96
ch2_ohr_ncp_20240425T1406019344_d_img_d18_x09600_y65920.png,0.21,390.8,303.73,396.49,311.2
ch2_ohr_ncp_20240425T1406019344_d_img_d18_x09600_y65920.png,0.209,116.78,634.31,122.29,639.01
ch2_ohr_ncp_20240425T1406019344_d_img_d18_x09600_y65920.png,0.2036,279.62,15.76,290.47,30.0
ch2_ohr_ncp_20240425T1406019344_d_img_d18_x09600_y66560.png,0.2337,161.96,130.49,169.89,141.85
ch2_ohr_ncp_20240425T1406019344_d_img_d18_x09600_y68480.png,0.2205,533.19,522.29,539.7,530.42
ch2_ohr_ncp_20240425T1406019344_d_img_d18_x09600_y88320.png,0.2105,631.14,372.25,638.28,381.06
ch2_ohr_ncp_20240425T1406019344_d_img_d18_x09600_y88320.png,0.2046,431.1,462.09,437.57,469.9
ch2_ohr_ncp_20240425T1406019344_d_img_d18_x09600_y88320.png,0.2042,262.28,627.06,271.99,638.6
ch2_ohr_ncp_20240425T1406019344_d_img_d18_x09600_y90240.png,0.2041,501.61,557.14,509.68,566.78
ch2_ohr_ncp_20240425T1406019344_d_img_d18_x09600_y90240.png,0.2022,211.21,399.81,227.75,414.71
ch2_ohr_ncp_20240425T1406019344_d_img_d18_x10240_y14720.png,0.2635,628.14,140.78,635.91,151.2
ch2_ohr_ncp_20240425T1406019344_d_img_d18_x10240_y21120.png,0.2062,593.35,511.56,603.98,524.05
ch2_ohr_ncp_20240425T1406019344_d_img_d18_x10240_y46720.png,0.2077,628.58,79.94,636.34,87.14
ch2_ohr_ncp_20240425T1406019344_d_img_d18_x10240_y67200.png,0.2336,629.74,178.98,635.72,188.3
ch2_ohr_ncp_20240425T1406019344_d_img_d18_x10240_y67840.png,0.392,486.92,69.18,495.56,79.12
ch2_ohr_ncp_20240425T1406019344_d_img_d18_x10240_y67840.png,0.2248,365.78,59.07,375.04,70.94
ch2_ohr_ncp_20240425T1406019344_d_img_d18_x10880_y08320.png,0.2375,390.1,420.1,401.17,435.04
ch2_ohr_ncp_20240425T1406019344_d_img_d18_x11520_y16000.png,0.2096,448.64,623.14,457.47,633.97
ch2_ohr_ncp_20240425T1406019344_d_img_d18_x11520_y16000.png,0.2068,427.72,617.94,443.65,635.95
ch2_ohr_ncp_20240425T1406019344_d_img_d18_x11520_y16640.png,0.2231,196.56,43.24,203.48,53.52
ch2_ohr_ncp_20240425T1406019344_d_img_d18_x11520_y26240.png,0.306,457.09,630.21,467.55,639.75
ch2_ohr_ncp_20240425T1406019344_d_img_d18_x11520_y26240.png,0.2467,469.28,619.27,479.57,633.53
ch2_ohr_ncp_20240425T1406019344_d_img_d18_x11520_y40960.png,0.2032,261.86,633.95,266.25,639.23
ch2_ohr_ncp_20240425T1406019344_d_img_d18_x11520_y42880.png,0.2875,181.14,140.87,198.11,161.98
ch2_ohr_ncp_20240425T1406019344_d_img_d18_x11520_y56320.png,0.2648,52.25,77.38,59.33,86.08
ch2_ohr_ncp_20240425T1406019344_d_img_d18_x11520_y56960.png,0.3314,461.98,524.19,470.38,533.07
ch2_ohr_ncp_20240425T1406019344_d_img_d18_x11520_y62080.png,0.2436,376.67,265.57,399.78,294.04
ch2_ohr_ncp_20240425T1406019344_d_img_d18_x11520_y62720.png,0.2621,233.72,58.86,250.34,83.25
ch2_ohr_ncp_20240425T1406019344_d_img_d18_x11520_y85120.png,0.2078,83.75,606.66,97.86,624.75
ch2_ohr_ncp_20240425T1603031918_d_img_d18_x00000_y39040.png,0.2096,485.07,628.55,495.91,638.16
ch2_ohr_ncp_20240425T1603031918_d_img_d18_x00000_y82560.png,0.2401,178.87,19.51,185.93,24.7
ch2_ohr_ncp_20240425T1603031918_d_img_d18_x00000_y82560.png,0.2148,335.14,83.26,339.72,87.7
ch2_ohr_ncp_20240425T1603031918_d_img_d18_x00000_y82560.png,0.2117,376.94,80.2,381.71,85.42
ch2_ohr_ncp_20240425T1603031918_d_img_d18_x00000_y89600.png,0.4272,436.95,88.02,460.63,115.33
ch2_ohr_ncp_20240425T1603031918_d_img_d18_x00640_y13440.png,0.2136,42.93,382.35,48.44,390.47
ch2_ohr_ncp_20240425T1603031918_d_img_d18_x00640_y23680.png,0.278,519.4,430.63,533.11,449.41
ch2_ohr_ncp_20240425T1603031918_d_img_d18_x00640_y23680.png,0.2016,191.05,365.86,196.65,373.01
ch2_ohr_ncp_20240425T1603031918_d_img_d18_x00640_y26240.png,0.2744,308.9,446.08,315.63,455.17
ch2_ohr_ncp_20240425T1603031918_d_img_d18_x00640_y26240.png,0.2661,411.67,525.39,417.65,532.43
ch2_ohr_ncp_20240425T1603031918_d_img_d18_x00640_y26240.png,0.2034,318.55,633.79,327.27,639.69
ch2_ohr_ncp_20240425T1603031918_d_img_d18_x00640_y26880.png,0.239,300.66,79.28,305.86,84.87
ch2_ohr_ncp_20240425T1603031918_d_img_d18_x00640_y30720.png,0.2312,261.98,287.51,270.92,296.23
ch2_ohr_ncp_20240425T1603031918_d_img_d18_x00640_y32640.png,0.212,626.08,36.55,634.72,48.16
ch2_ohr_ncp_20240425T1603031918_d_img_d18_x00640_y33280.png,0.2617,326.69,628.38,339.53,639.21
ch2_ohr_ncp_20240425T1603031918_d_img_d18_x00640_y33920.png,0.233,388.01,620.81,405.48,639.86
ch2_ohr_ncp_20240425T1603031918_d_img_d18_x00640_y34560.png,0.2411,524.52,84.93,530.6,93.75
ch2_ohr_ncp_20240425T1603031918_d_img_d18_x00640_y34560.png,0.2296,595.07,630.3,600.33,639.56
ch2_ohr_ncp_20240425T1603031918_d_img_d18_x00640_y34560.png,0.2074,534.76,588.02,542.87,598.2
ch2_ohr_ncp_20240425T1603031918_d_img_d18_x00640_y42880.png,0.2915,485.5,106.73,491.16,112.82
ch2_ohr_ncp_20240425T1603031918_d_img_d18_x00640_y42880.png,0.2888,626.38,23.23,632.9,30.37
ch2_ohr_ncp_20240425T1603031918_d_img_d18_x00640_y42880.png,0.2364,631.21,627.87,639.47,636.33
ch2_ohr_ncp_20240425T1603031918_d_img_d18_x00640_y42880.png,0.2261,343.88,116.68,353.19,125.77
ch2_ohr_ncp_20240425T1603031918_d_img_d18_x00640_y42880.png,0.2162,242.47,372.72,253.49,386.25
ch2_ohr_ncp_20240425T1603031918_d_img_d18_x00640_y42880.png,0.2064,630.37,319.96,638.21,327.56
ch2_ohr_ncp_20240425T1603031918_d_img_d18_x00640_y46720.png,0.2107,431.63,622.29,447.24,638.36
ch2_ohr_ncp_20240425T1603031918_d_img_d18_x00640_y53120.png,0.39,291.1,160.14,296.55,167.13
ch2_ohr_ncp_20240425T1603031918_d_img_d18_x00640_y53120.png,0.2347,246.63,363.71,265.93,385.99
ch2_ohr_ncp_20240425T1603031918_d_img_d18_x00640_y53120.png,0.2315,419.81,596.65,426.89,605.64
ch2_ohr_ncp_20240425T1603031918_d_img_d18_x00640_y53120.png,0.2257,629.9,593.24,638.97,605.26
ch2_ohr_ncp_20240425T1603031918_d_img_d18_x00640_y53120.png,0.2116,510.03,154.85,519.95,168.15
ch2_ohr_ncp_20240425T1603031918_d_img_d18_x00640_y59520.png,0.2778,625.38,625.97,633.4,636.56
ch2_ohr_ncp_20240425T1603031918_d_img_d18_x00640_y63360.png,0.3186,628.49,19.44,634.72,26.13
ch2_ohr_ncp_20240425T1603031918_d_img_d18_x00640_y63360.png,0.238,586.71,361.28,591.39,366.34
ch2_ohr_ncp_20240425T1603031918_d_img_d18_x00640_y80000.png,0.2966,533.35,1.14,556.01,18.9
ch2_ohr_ncp_20240425T1603031918_d_img_d18_x00640_y80000.png,0.2759,534.68,629.76,540.55,636.87
ch2_ohr_ncp_20240425T1603031918_d_img_d18_x00640_y80000.png,0.2283,503.12,164.36,517.84,186.11
ch2_ohr_ncp_20240425T1603031918_d_img_d18_x00640_y87040.png,0.2681,347.78,42.91,354.08,53.55
ch2_ohr_ncp_20240425T1603031918_d_img_d18_x00640_y87680.png,0.2183,631.87,563.34,639.47,575.85
ch2_ohr_ncp_20240425T1603031918_d_img_d18_x00640_y88960.png,0.2555,0.0,187.84,26.4,214.69
ch2_ohr_ncp_20240425T1603031918_d_img_d18_x00640_y89600.png,0.2724,557.84,70.55,564.01,77.22
ch2_ohr_ncp_20240425T1603031918_d_img_d18_x00640_y89600.png,0.2289,518.12,110.2,534.47,126.84
ch2_ohr_ncp_20240425T1603031918_d_img_d18_x00640_y89600.png,0.2258,251.11,310.38,258.61,317.37
ch2_ohr_ncp_20240425T1603031918_d_img_d18_x00640_y89600.png,0.223,483.97,50.33,496.31,73.4
ch2_ohr_ncp_20240425T1603031918_d_img_d18_x00640_y89600.png,0.2202,322.85,1.17,328.31,6.85
ch2_ohr_ncp_20240425T1603031918_d_img_d18_x00640_y89600.png,0.2116,143.73,339.93,150.47,347.65
ch2_ohr_ncp_20240425T1603031918_d_img_d18_x01280_y01280.png,0.2952,4.6,631.96,16.4,639.56
ch2_ohr_ncp_20240425T1603031918_d_img_d18_x01280_y01280.png,0.2314,73.44,617.31,92.87,638.1
ch2_ohr_ncp_20240425T1603031918_d_img_d18_x01280_y01280.png,0.2179,70.44,616.04,95.55,639.06
ch2_ohr_ncp_20240425T1603031918_d_img_d18_x01280_y02560.png,0.2739,182.29,349.84,186.93,356.05
ch2_ohr_ncp_20240425T1603031918_d_img_d18_x01280_y02560.png,0.2514,566.3,77.41,573.01,85.37
ch2_ohr_ncp_20240425T1603031918_d_img_d18_x01280_y02560.png,0.2118,483.52,120.68,490.71,129.54
ch2_ohr_ncp_20240425T1603031918_d_img_d18_x01280_y15360.png,0.2686,420.69,627.53,429.13,637.8
ch2_ohr_ncp_20240425T1603031918_d_img_d18_x01280_y23680.png,0.2239,620.07,548.33,637.75,584.03
ch2_ohr_ncp_20240425T1603031918_d_img_d18_x01280_y25600.png,0.2022,457.98,361.2,465.89,371.27
ch2_ohr_ncp_20240425T1603031918_d_img_d18_x01280_y26880.png,0.339,149.05,333.76,155.19,340.61
ch2_ohr_ncp_20240425T1603031918_d_img_d18_x01280_y26880.png,0.294,437.6,367.19,449.24,380.61
ch2_ohr_ncp_20240425T1603031918_d_img_d18_x01280_y26880.png,0.273,358.4,633.34,366.93,640.0
ch2_ohr_ncp_20240425T1603031918_d_img_d18_x01280_y26880.png,0.2102,484.3,119.32,492.23,128.87
ch2_ohr_ncp_20240425T1603031918_d_img_d18_x01280_y27520.png,0.3135,411.86,535.58,418.51,543.95
ch2_ohr_ncp_20240425T1603031918_d_img_d18_x01280_y27520.png,0.2741,496.4,62.86,506.01,72.62
ch2_ohr_ncp_20240425T1603031918_d_img_d18_x01280_y27520.png,0.2661,461.79,520.67,468.28,526.49
ch2_ohr_ncp_20240425T1603031918_d_img_d18_x01280_y27520.png,0.2159,476.21,376.15,481.13,381.36
ch2_ohr_ncp_20240425T1603031918_d_img_d18_x01280_y27520.png,0.2134,112.99,0.13,131.54,11.8
ch2_ohr_ncp_20240425T1603031918_d_img_d18_x01280_y33280.png,0.2273,211.55,631.54,218.78,639.1
ch2_ohr_ncp_20240425T1603031918_d_img_d18_x01280_y33920.png,0.2085,118.4,630.73,127.96,638.53
ch2_ohr_ncp_20240425T1603031918_d_img_d18_x01280_y35200.png,0.2131,323.45,0.0,364.81,24.28
ch2_ohr_ncp_20240425T1603031918_d_img_d18_x01280_y35200.png,0.2103,54.01,634.92,58.62,639.8
ch2_ohr_ncp_20240425T1603031918_d_img_d18_x01280_y36480.png,0.3392,255.27,164.53,263.31,173.43
ch2_ohr_ncp_20240425T1603031918_d_img_d18_x01280_y36480.png,0.2895,544.27,246.08,548.69,251.76
ch2_ohr_ncp_20240425T1603031918_d_img_d18_x01280_y36480.png,0.2845,301.82,431.37,307.87,436.72
ch2_ohr_ncp_20240425T1603031918_d_img_d18_x01280_y36480.png,0.2745,555.42,251.65,560.74,257.31
ch2_ohr_ncp_20240425T1603031918_d_img_d18_x01280_y36480.png,0.2612,347.8,482.75,382.85,508.57
ch2_ohr_ncp_20240425T1603031918_d_img_d18_x01280_y36480.png,0.2532,147.67,128.15,153.72,136.12
ch2_ohr_ncp_20240425T1603031918_d_img_d18_x01280_y36480.png,0.2513,556.83,251.57,561.62,257.67
ch2_ohr_ncp_20240425T1603031918_d_img_d18_x01280_y36480.png,0.2484,55.62,33.52,65.14,41.28
ch2_ohr_ncp_20240425T1603031918_d_img_d18_x01280_y36480.png,0.2367,437.62,518.49,453.78,540.3
ch2_ohr_ncp_20240425T1603031918_d_img_d18_x01280_y36480.png,0.2357,128.16,407.18,133.91,413.1
ch2_ohr_ncp_20240425T1603031918_d_img_d18_x01280_y36480.png,0.2341,246.85,471.56,252.97,477.41
ch2_ohr_ncp_20240425T1603031918_d_img_d18_x01280_y36480.png,0.2314,165.64,62.44,172.56,68.85
ch2_ohr_ncp_20240425T1603031918_d_img_d18_x01280_y36480.png,0.229,149.76,415.22,155.82,421.38
ch2_ohr_ncp_20240425T1603031918_d_img_d18_x01280_y36480.png,0.228,397.95,55.95,403.87,61.19
ch2_ohr_ncp_20240425T1603031918_d_img_d18_x01280_y36480.png,0.2262,629.85,368.34,635.73,374.92
ch2_ohr_ncp_20240425T1603031918_d_img_d18_x01280_y36480.png,0.2249,493.81,79.31,499.11,85.93
ch2_ohr_ncp_20240425T1603031918_d_img_d18_x01280_y36480.png,0.2219,442.24,632.79,451.17,639.45
ch2_ohr_ncp_20240425T1603031918_d_img_d18_x01280_y36480.png,0.2126,628.33,54.5,636.58,64.61
ch2_ohr_ncp_20240425T1603031918_d_img_d18_x01280_y36480.png,0.2065,284.09,556.17,289.99,563.57
ch2_ohr_ncp_20240425T1603031918_d_img_d18_x01280_y36480.png,0.2054,622.99,179.81,630.68,189.07
ch2_ohr_ncp_20240425T1603031918_d_img_d18_x01280_y36480.png,0.203,283.96,554.75,289.91,562.39
ch2_ohr_ncp_20240425T1603031918_d_img_d18_x01280_y36480.png,0.2002,585.69,432.49,593.1,438.95
ch2_ohr_ncp_20240425T1603031918_d_img_d18_x01280_y38400.png,0.2524,372.49,207.27,378.22,213.92
ch2_ohr_ncp_20240425T1603031918_d_img_d18_x01280_y38400.png,0.2283,420.82,460.96,427.35,468.87
ch2_ohr_ncp_20240425T1603031918_d_img_d18_x01280_y39680.png,0.2244,149.14,57.67,155.02,63.06
ch2_ohr_ncp_20240425T1603031918_d_img_d18_x01280_y39680.png,0.2161,245.86,390.33,255.85,405.24
ch2_ohr_ncp_20240425T1603031918_d_img_d18_x01280_y40320.png,0.2965,331.78,633.85,339.22,639.56
ch2_ohr_ncp_20240425T1603031918_d_img_d18_x01280_y40320.png,0.2389,346.27,468.94,355.42,482.87
ch2_ohr_ncp_20240425T1603031918_d_img_d18_x01280_y41600.png,0.3102,355.49,307.72,361.89,315.72
ch2_ohr_ncp_20240425T1603031918_d_img_d18_x01280_y41600.png,0.237,558.32,111.93,566.1,121.32
ch2_ohr_ncp_20240425T1603031918_d_img_d18_x01280_y41600.png,0.2044,236.06,43.76,243.94,53.57
ch2_ohr_ncp_20240425T1603031918_d_img_d18_x01280_y44160.png,0.2682,261.74,493.07,267.65,498.68
ch2_ohr_ncp_20240425T1603031918_d_img_d18_x01280_y44160.png,0.243,580.46,77.36,587.9,85.68
ch2_ohr_ncp_20240425T1603031918_d_img_d18_x01280_y44160.png,0.2375,420.86,326.28,427.1,334.53
ch2_ohr_ncp_20240425T1603031918_d_img_d18_x01280_y44160.png,0.2045,402.81,623.1,427.76,639.59
ch2_ohr_ncp_20240425T1603031918_d_img_d18_x01280_y51200.png,0.2266,461.41,634.02,466.34,639.01
ch2_ohr_ncp_20240425T1603031918_d_img_d18_x01280_y51840.png,0.2992,626.85,394.93,634.52,404.41
ch2_ohr_ncp_20240425T1603031918_d_img_d18_x01280_y62720.png,0.2217,614.43,131.55,635.24,150.54
ch2_ohr_ncp_20240425T1603031918_d_img_d18_x01280_y73600.png,0.2416,365.02,619.89,370.91,626.48
ch2_ohr_ncp_20240425T1603031918_d_img_d18_x01280_y78080.png,0.2721,267.64,309.66,275.75,318.2
ch2_ohr_ncp_20240425T1603031918_d_img_d18_x01280_y78080.png,0.2363,627.8,477.3,633.14,483.64
ch2_ohr_ncp_20240425T1603031918_d_img_d18_x01280_y78080.png,0.2123,514.95,633.46,521.82,639.28
ch2_ohr_ncp_20240425T1603031918_d_img_d18_x01280_y78080.png,0.2048,619.43,1.2,639.73,23.46
ch2_ohr_ncp_20240425T1603031918_d_img_d18_x01280_y78080.png,0.2045,613.39,5.38,623.97,19.96
ch2_ohr_ncp_20240425T1603031918_d_img_d18_x01280_y78720.png,0.3442,525.86,27.69,535.46,38.64
ch2_ohr_ncp_20240425T1603031918_d_img_d18_x01280_y78720.png,0.3375,563.9,66.76,569.76,72.71
ch2_ohr_ncp_20240425T1603031918_d_img_d18_x01280_y78720.png,0.2376,629.84,262.62,635.41,269.58
ch2_ohr_ncp_20240425T1603031918_d_img_d18_x01280_y78720.png,0.2323,597.49,341.24,605.2,350.92
ch2_ohr_ncp_20240425T1603031918_d_img_d18_x01280_y78720.png,0.2046,277.7,57.48,283.43,64.34
ch2_ohr_ncp_20240425T1603031918_d_img_d18_x01280_y84480.png,0.206,629.5,630.98,636.94,637.69
ch2_ohr_ncp_20240425T1603031918_d_img_d18_x01280_y86400.png,0.2124,309.38,405.22,315.31,411.56
ch2_ohr_ncp_20240425T1603031918_d_img_d18_x01280_y87680.png,0.2413,59.98,631.77,64.88,638.7
ch2_ohr_ncp_20240425T1603031918_d_img_d18_x01280_y87680.png,0.2084,165.08,125.94,172.7,135.07
ch2_ohr_ncp_20240425T1603031918_d_img_d18_x01280_y89600.png,0.3953,294.23,196.71,304.94,208.78
ch2_ohr_ncp_20240425T1603031918_d_img_d18_x01280_y89600.png,0.3858,566.04,252.03,582.3,277.63
ch2_ohr_ncp_20240425T1603031918_d_img_d18_x01280_y89600.png,0.3451,618.14,333.61,636.15,350.52
ch2_ohr_ncp_20240425T1603031918_d_img_d18_x01280_y89600.png,0.251,36.05,456.08,43.6,462.86
ch2_ohr_ncp_20240425T1603031918_d_img_d18_x01280_y89600.png,0.2135,179.28,321.4,188.67,335.0
ch2_ohr_ncp_20240425T1603031918_d_img_d18_x01920_y01280.png,0.224,337.07,628.6,347.51,639.11
ch2_ohr_ncp_20240425T1603031918_d_img_d18_x01920_y01920.png,0.2394,626.68,56.1,633.94,64.73
ch2_ohr_ncp_20240425T1603031918_d_img_d18_x01920_y16640.png,0.2547,630.12,452.38,639.44,464.04
ch2_ohr_ncp_20240425T1603031918_d_img_d18_x01920_y17280.png,0.2348,505.55,627.65,512.54,636.63
ch2_ohr_ncp_20240425T1603031918_d_img_d18_x01920_y23680.png,0.2802,626.7,421.45,639.51,444.96
ch2_ohr_ncp_20240425T1603031918_d_img_d18_x01920_y23680.png,0.2398,627.34,405.95,634.53,415.16
ch2_ohr_ncp_20240425T1603031918_d_img_d18_x01920_y24960.png,0.2147,459.81,119.96,464.45,128.59
ch2_ohr_ncp_20240425T1603031918_d_img_d18_x01920_y25600.png,0.2997,588.87,0.0,602.64,13.1
ch2_ohr_ncp_20240425T1603031918_d_img_d18_x01920_y25600.png,0.2846,626.32,88.15,633.06,95.93
ch2_ohr_ncp_20240425T1603031918_d_img_d18_x01920_y25600.png,0.2633,67.43,633.66,73.39,639.32
ch2_ohr_ncp_20240425T1603031918_d_img_d18_x01920_y26240.png,0.4215,309.44,574.73,319.89,585.02
ch2_ohr_ncp_20240425T1603031918_d_img_d18_x01920_y26240.png,0.2643,5.4,163.45,14.31,173.31
ch2_ohr_ncp_20240425T1603031918_d_img_d18_x01920_y26240.png,0.2458,500.73,417.49,508.42,423.98
ch2_ohr_ncp_20240425T1603031918_d_img_d18_x01920_y26240.png,0.2142,527.12,69.57,534.11,78.65
ch2_ohr_ncp_20240425T1603031918_d_img_d18_x01920_y26880.png,0.4654,83.24,86.41,100.01,105.14
ch2_ohr_ncp_20240425T1603031918_d_img_d18_x01920_y26880.png,0.308,545.23,580.87,552.28,589.06
ch2_ohr_ncp_20240425T1603031918_d_img_d18_x01920_y26880.png,0.3062,418.11,48.05,423.35,54.58
ch2_ohr_ncp_20240425T1603031918_d_img_d18_x01920_y26880.png,0.2879,342.5,79.39,354.24,98.61
ch2_ohr_ncp_20240425T1603031918_d_img_d18_x01920_y26880.png,0.2838,492.12,80.04,500.31,88.14
ch2_ohr_ncp_20240425T1603031918_d_img_d18_x01920_y26880.png,0.2761,370.98,149.09,393.13,172.2
ch2_ohr_ncp_20240425T1603031918_d_img_d18_x01920_y26880.png,0.2142,628.37,80.39,633.83,86.63
ch2_ohr_ncp_20240425T1603031918_d_img_d18_x01920_y26880.png,0.2056,491.69,137.45,497.2,142.94
ch2_ohr_ncp_20240425T1603031918_d_img_d18_x01920_y26880.png,0.2033,508.6,150.46,514.55,156.86
ch2_ohr_ncp_20240425T1603031918_d_img_d18_x01920_y26880.png,0.2022,399.8,56.03,407.3,65.8
ch2_ohr_ncp_20240425T1603031918_d_img_d18_x01920_y28160.png,0.3764,94.76,258.39,104.26,270.2
ch2_ohr_ncp_20240425T1603031918_d_img_d18_x01920_y28800.png,0.2867,547.75,166.72,552.82,172.86
ch2_ohr_ncp_20240425T1603031918_d_img_d18_x01920_y28800.png,0.231,297.66,627.94,307.27,638.34
ch2_ohr_ncp_20240425T1603031918_d_img_d18_x01920_y29440.png,0.2409,294.74,621.35,307.38,638.34
ch2_ohr_ncp_20240425T1603031918_d_img_d18_x01920_y30080.png,0.2268,203.31,272.37,208.89,278.88
ch2_ohr_ncp_20240425T1603031918_d_img_d18_x01920_y31360.png,0.2287,155.57,553.87,160.48,560.84
ch2_ohr_ncp_20240425T1603031918_d_img_d18_x01920_y31360.png,0.2011,414.51,330.81,420.72,337.39
ch2_ohr_ncp_20240425T1603031918_d_img_d18_x01920_y32000.png,0.287,446.04,0.0,472.9,23.54
ch2_ohr_ncp_20240425T1603031918_d_img_d18_x01920_y32000.png,0.2349,630.32,437.44,638.55,446.08
ch2_ohr_ncp_20240425T1603031918_d_img_d18_x01920_y32640.png,0.2143,630.61,50.2,638.67,62.1
ch2_ohr_ncp_20240425T1603031918_d_img_d18_x01920_y33920.png,0.3197,348.87,628.43,357.51,637.68
ch2_ohr_ncp_20240425T1603031918_d_img_d18_x01920_y33920.png,0.2083,360.44,629.18,369.83,638.41
ch2_ohr_ncp_20240425T1603031918_d_img_d18_x01920_y35200.png,0.248,311.2,51.87,320.07,63.91
ch2_ohr_ncp_20240425T1603031918_d_img_d18_x01920_y35200.png,0.2296,488.48,632.29,493.17,638.32
ch2_ohr_ncp_20240425T1603031918_d_img_d18_x01920_y35840.png,0.2915,35.28,459.46,43.48,468.15
ch2_ohr_ncp_20240425T1603031918_d_img_d18_x01920_y39680.png,0.366,97.78,0.0,125.59,22.63
ch2_ohr_ncp_20240425T1603031918_d_img_d18_x01920_y40320.png,0.2615,438.21,268.75,448.59,284.19
ch2_ohr_ncp_20240425T1603031918_d_img_d18_x01920_y40320.png,0.2266,351.31,630.49,361.04,639.98
ch2_ohr_ncp_20240425T1603031918_d_img_d18_x01920_y40960.png,0.3542,358.39,376.07,372.48,403.17
ch2_ohr_ncp_20240425T1603031918_d_img_d18_x01920_y40960.png,0.2661,595.87,629.22,604.24,639.55
ch2_ohr_ncp_20240425T1603031918_d_img_d18_x01920_y40960.png,0.2658,320.95,131.98,330.7,141.84
ch2_ohr_ncp_20240425T1603031918_d_img_d18_x01920_y40960.png,0.2159,212.5,339.18,219.18,346.21
ch2_ohr_ncp_20240425T1603031918_d_img_d18_x01920_y45440.png,0.2816,358.1,628.37,368.61,638.3
ch2_ohr_ncp_20240425T1603031918_d_img_d18_x01920_y46720.png,0.2154,627.49,429.64,633.74,436.95
ch2_ohr_ncp_20240425T1603031918_d_img_d18_x01920_y48640.png,0.231,198.57,204.4,207.55,217.08
ch2_ohr_ncp_20240425T1603031918_d_img_d18_x01920_y49920.png,0.4656,224.63,0.0,251.87,26.09
ch2_ohr_ncp_20240425T1603031918_d_img_d18_x01920_y49920.png,0.255,196.3,93.38,209.32,108.77
ch2_ohr_ncp_20240425T1603031918_d_img_d18_x01920_y49920.png,0.2055,405.05,80.2,419.85,95.99
ch2_ohr_ncp_20240425T1603031918_d_img_d18_x01920_y51200.png,0.2453,40.37,625.7,49.37,638.87
ch2_ohr_ncp_20240425T1603031918_d_img_d18_x01920_y51200.png,0.2163,398.24,632.81,403.39,638.23
ch2_ohr_ncp_20240425T1603031918_d_img_d18_x01920_y55680.png,0.289,622.45,584.06,632.38,594.81
ch2_ohr_ncp_20240425T1603031918_d_img_d18_x01920_y55680.png,0.2752,470.76,629.9,485.29,639.35
ch2_ohr_ncp_20240425T1603031918_d_img_d18_x01920_y56320.png,0.2007,145.02,633.12,152.28,639.78
ch2_ohr_ncp_20240425T1603031918_d_img_d18_x01920_y74880.png,0.4499,194.78,516.02,218.91,543.45
ch2_ohr_ncp_20240425T1603031918_d_img_d18_x01920_y74880.png,0.2091,548.17,378.98,555.65,387.6
ch2_ohr_ncp_20240425T1603031918_d_img_d18_x01920_y74880.png,0.2088,64.91,477.21,72.07,485.23
ch2_ohr_ncp_20240425T1603031918_d_img_d18_x01920_y78720.png,0.2482,0.03,265.66,6.32,275.41
ch2_ohr_ncp_20240425T1603031918_d_img_d18_x01920_y78720.png,0.2274,625.95,476.82,633.32,483.73
ch2_ohr_ncp_20240425T1603031918_d_img_d18_x01920_y78720.png,0.2191,260.39,187.16,276.52,207.46
ch2_ohr_ncp_20240425T1603031918_d_img_d18_x01920_y78720.png,0.2177,285.65,434.65,293.29,444.46
ch2_ohr_ncp_20240425T1603031918_d_img_d18_x01920_y80000.png,0.255,532.88,623.61,544.25,637.56
ch2_ohr_ncp_20240425T1603031918_d_img_d18_x01920_y80000.png,0.2446,380.05,595.42,387.19,600.99
ch2_ohr_ncp_20240425T1603031918_d_img_d18_x01920_y80000.png,0.2118,190.5,226.05,200.73,238.64
ch2_ohr_ncp_20240425T1603031918_d_img_d18_x01920_y81280.png,0.2657,518.87,174.68,523.96,181.04
ch2_ohr_ncp_20240425T1603031918_d_img_d18_x01920_y83200.png,0.2335,118.82,93.64,126.7,102.92
ch2_ohr_ncp_20240425T1603031918_d_img_d18_x01920_y84480.png,0.2358,467.19,189.05,480.89,204.61
ch2_ohr_ncp_20240425T1603031918_d_img_d18_x01920_y85120.png,0.2564,56.67,478.78,62.55,485.36
ch2_ohr_ncp_20240425T1603031918_d_img_d18_x01920_y86400.png,0.2044,31.86,111.45,39.16,118.99
ch2_ohr_ncp_20240425T1603031918_d_img_d18_x01920_y87680.png,0.2367,148.04,389.69,155.72,397.62
ch2_ohr_ncp_20240425T1603031918_d_img_d18_x01920_y87680.png,0.2101,583.55,628.53,592.91,639.51
ch2_ohr_ncp_20240425T1603031918_d_img_d18_x01920_y89600.png,0.3731,529.79,120.28,555.99,153.25
ch2_ohr_ncp_20240425T1603031918_d_img_d18_x01920_y89600.png,0.3196,165.71,387.37,172.56,394.89
ch2_ohr_ncp_20240425T1603031918_d_img_d18_x01920_y89600.png,0.3147,44.43,388.08,58.42,403.68
ch2_ohr_ncp_20240425T1603031918_d_img_d18_x01920_y89600.png,0.2973,613.07,233.62,627.76,254.95
ch2_ohr_ncp_20240425T1603031918_d_img_d18_x01920_y89600.png,0.2802,33.22,382.48,38.75,389.27
ch2_ohr_ncp_20240425T1603031918_d_img_d18_x01920_y89600.png,0.2754,508.94,319.79,514.48,325.3
ch2_ohr_ncp_20240425T1603031918_d_img_d18_x01920_y89600.png,0.2548,471.12,80.12,476.73,86.93
ch2_ohr_ncp_20240425T1603031918_d_img_d18_x01920_y89600.png,0.2542,628.6,40.19,635.7,48.75
ch2_ohr_ncp_20240425T1603031918_d_img_d18_x01920_y89600.png,0.2479,272.67,245.13,281.91,254.43
ch2_ohr_ncp_20240425T1603031918_d_img_d18_x01920_y89600.png,0.2465,325.56,346.78,336.9,359.87
ch2_ohr_ncp_20240425T1603031918_d_img_d18_x01920_y89600.png,0.2461,357.34,163.96,365.95,179.35
ch2_ohr_ncp_20240425T1603031918_d_img_d18_x01920_y89600.png,0.2277,508.21,130.0,523.03,141.57
ch2_ohr_ncp_20240425T1603031918_d_img_d18_x01920_y89600.png,0.2249,507.12,110.8,522.22,127.63
ch2_ohr_ncp_20240425T1603031918_d_img_d18_x01920_y89600.png,0.2245,230.88,257.78,240.21,272.24
ch2_ohr_ncp_20240425T1603031918_d_img_d18_x01920_y89600.png,0.21,534.67,212.07,545.99,219.75
ch2_ohr_ncp_20240425T1603031918_d_img_d18_x01920_y89600.png,0.2086,452.85,239.49,461.63,248.1
ch2_ohr_ncp_20240425T1603031918_d_img_d18_x01920_y89600.png,0.2023,356.12,136.77,361.03,142.09
ch2_ohr_ncp_20240425T1603031918_d_img_d18_x02560_y21760.png,0.2403,155.39,629.52,163.52,637.3
ch2_ohr_ncp_20240425T1603031918_d_img_d18_x02560_y24960.png,0.3046,177.01,631.44,184.2,638.45
ch2_ohr_ncp_20240425T1603031918_d_img_d18_x02560_y24960.png,0.2513,161.0,632.63,171.94,640.0
ch2_ohr_ncp_20240425T1603031918_d_img_d18_x02560_y26240.png,0.3189,362.89,631.69,370.12,639.26
ch2_ohr_ncp_20240425T1603031918_d_img_d18_x02560_y26880.png,0.2555,71.65,525.2,79.61,535.62
ch2_ohr_ncp_20240425T1603031918_d_img_d18_x02560_y27520.png,0.22,624.99,628.88,634.97,638.95
ch2_ohr_ncp_20240425T1603031918_d_img_d18_x02560_y28160.png,0.2515,133.69,626.51,141.73,637.13
ch2_ohr_ncp_20240425T1603031918_d_img_d18_x02560_y33920.png,0.3367,251.04,0.0,267.18,19.26
ch2_ohr_ncp_20240425T1603031918_d_img_d18_x02560_y49280.png,0.2028,500.93,52.99,507.88,61.61
ch2_ohr_ncp_20240425T1603031918_d_img_d18_x02560_y49920.png,0.299,502.82,596.13,511.16,607.03
ch2_ohr_ncp_20240425T1603031918_d_img_d18_x02560_y49920.png,0.2248,588.55,573.12,595.66,580.57
ch2_ohr_ncp_20240425T1603031918_d_img_d18_x02560_y55040.png,0.2548,246.46,628.28,252.54,636.22
ch2_ohr_ncp_20240425T1603031918_d_img_d18_x02560_y72320.png,0.2174,356.34,99.61,364.34,109.4
ch2_ohr_ncp_20240425T1603031918_d_img_d18_x02560_y75520.png,0.2347,103.28,29.24,109.81,39.35
ch2_ohr_ncp_20240425T1603031918_d_img_d18_x02560_y81920.png,0.2654,549.72,525.96,556.01,533.33
ch2_ohr_ncp_20240425T1603031918_d_img_d18_x02560_y81920.png,0.2349,388.7,151.37,394.98,158.22
ch2_ohr_ncp_20240425T1603031918_d_img_d18_x02560_y81920.png,0.2218,170.78,149.16,177.7,156.85
ch2_ohr_ncp_20240425T1603031918_d_img_d18_x02560_y81920.png,0.207,86.75,572.72,91.61,578.48
ch2_ohr_ncp_20240425T1603031918_d_img_d18_x02560_y82560.png,0.2275,627.05,168.93,632.49,175.29
ch2_ohr_ncp_20240425T1603031918_d_img_d18_x02560_y86400.png,0.2274,119.58,621.07,125.96,628.38
ch2_ohr_ncp_20240425T1603031918_d_img_d18_x03200_y00640.png,0.2169,377.47,627.75,390.94,639.93
ch2_ohr_ncp_20240425T1603031918_d_img_d18_x03200_y01280.png,0.2094,70.73,628.92,76.91,636.54
ch2_ohr_ncp_20240425T1603031918_d_img_d18_x03200_y31360.png,0.2008,629.05,29.69,637.74,42.61
ch2_ohr_ncp_20240425T1603031918_d_img_d18_x03200_y42240.png,0.3474,422.09,444.3,432.83,454.8
ch2_ohr_ncp_20240425T1603031918_d_img_d18_x03200_y55680.png,0.2225,138.55,632.31,144.12,639.37
ch2_ohr_ncp_20240425T1603031918_d_img_d18_x03200_y55680.png,0.2005,149.88,271.3,161.73,285.4
ch2_ohr_ncp_20240425T1603031918_d_img_d18_x03200_y71040.png,0.3304,301.46,187.37,319.21,211.98
ch2_ohr_ncp_20240425T1603031918_d_img_d18_x03200_y71040.png,0.2006,421.67,626.84,427.22,632.86
ch2_ohr_ncp_20240425T1603031918_d_img_d18_x03200_y73600.png,0.2051,156.29,0.0,178.24,9.87
ch2_ohr_ncp_20240425T1603031918_d_img_d18_x03200_y76800.png,0.2478,628.36,85.8,634.27,94.07
ch2_ohr_ncp_20240425T1603031918_d_img_d18_x03200_y80000.png,0.2712,381.05,395.57,394.16,410.27
ch2_ohr_ncp_20240425T1603031918_d_img_d18_x03200_y87040.png,0.2098,398.52,631.38,406.54,639.24
ch2_ohr_ncp_20240425T1603031918_d_img_d18_x03840_y08960.png,0.2354,189.28,0.0,232.83,28.44
ch2_ohr_ncp_20240425T1603031918_d_img_d18_x03840_y23040.png,0.2556,45.3,632.43,50.42,638.47
ch2_ohr_ncp_20240425T1603031918_d_img_d18_x03840_y23040.png,0.2172,61.35,634.41,67.68,639.43
ch2_ohr_ncp_20240425T1603031918_d_img_d18_x03840_y40960.png,0.2575,238.01,3.28,247.05,16.73
ch2_ohr_ncp_20240425T1603031918_d_img_d18_x03840_y40960.png,0.2462,331.87,0.0,365.21,22.62
ch2_ohr_ncp_20240425T1603031918_d_img_d18_x04480_y28160.png,0.2003,551.36,629.71,559.28,638.77
ch2_ohr_ncp_20240425T1603031918_d_img_d18_x04480_y56320.png,0.2066,220.86,111.66,226.72,118.28
ch2_ohr_ncp_20240425T1603031918_d_img_d18_x04480_y81280.png,0.2247,539.4,0.04,543.96,2.66
ch2_ohr_ncp_20240425T1603031918_d_img_d18_x05120_y40320.png,0.2109,150.12,630.22,161.32,639.25
ch2_ohr_ncp_20240425T1603031918_d_img_d18_x06400_y38400.png,0.3528,226.89,0.0,264.0,20.15
ch2_ohr_ncp_20240425T1603031918_d_img_d18_x07040_y41600.png,0.2447,612.35,631.1,620.76,639.67
ch2_ohr_ncp_20240425T1603031918_d_img_d18_x07680_y22400.png,0.2025,198.43,0.0,221.85,30.22
ch2_ohr_ncp_20240425T1603031918_d_img_d18_x07680_y29440.png,0.224,29.87,632.74,35.53,639.16
ch2_ohr_ncp_20240425T1603031918_d_img_d18_x08320_y27520.png,0.2629,123.88,68.02,132.5,80.04
ch2_ohr_ncp_20240425T1603031918_d_img_d18_x08320_y27520.png,0.2344,92.95,51.38,98.16,56.84
ch2_ohr_ncp_20240425T1603031918_d_img_d18_x08960_y28800.png,0.2278,390.08,549.45,401.01,563.73
ch2_ohr_ncp_20240425T1603031918_d_img_d18_x09600_y72320.png,0.2078,0.0,367.18,6.62,378.18
ch2_ohr_ncp_20240425T1603031918_d_img_d18_x10240_y40960.png,0.2307,412.75,140.67,419.28,148.64
ch2_ohr_ncp_20240425T1603031918_d_img_d18_x10240_y78080.png,0.2171,372.95,110.17,378.97,117.33
ch2_ohr_ncp_20240425T1603031918_d_img_d18_x11520_y10880.png,0.2116,463.49,617.94,480.22,639.69
ch2_ohr_ncp_20240425T1603031918_d_img_d18_x11520_y85760.png,0.2057,0.0,247.96,7.5,258.18
ch2_ohr_ncp_20250516T0948068899_d_img_d18_x00000_y12160.png,0.3258,373.67,201.02,384.18,214.93
ch2_ohr_ncp_20250516T0948068899_d_img_d18_x00000_y46080.png,0.249,98.21,26.42,107.2,37.54
ch2_ohr_ncp_20250516T0948068899_d_img_d18_x00000_y58240.png,0.3105,630.79,547.17,638.54,555.62
ch2_ohr_ncp_20250516T0948068899_d_img_d18_x00000_y59520.png,0.231,219.11,229.53,226.22,238.09
ch2_ohr_ncp_20250516T0948068899_d_img_d18_x00000_y59520.png,0.2093,623.62,366.25,640.0,390.04
ch2_ohr_ncp_20250516T0948068899_d_img_d18_x00000_y80640.png,0.2665,195.27,171.69,203.24,182.35
ch2_ohr_ncp_20250516T0948068899_d_img_d18_x00000_y83840.png,0.2322,0.46,135.68,11.93,150.43
ch2_ohr_ncp_20250516T0948068899_d_img_d18_x00640_y02560.png,0.3932,626.16,62.01,639.14,78.08
ch2_ohr_ncp_20250516T0948068899_d_img_d18_x00640_y14080.png,0.2031,0.42,0.0,35.7,24.59
ch2_ohr_ncp_20250516T0948068899_d_img_d18_x00640_y46720.png,0.2456,6.09,556.64,13.33,565.0
ch2_ohr_ncp_20250516T0948068899_d_img_d18_x00640_y46720.png,0.2296,178.05,443.48,185.92,455.17
ch2_ohr_ncp_20250516T0948068899_d_img_d18_x00640_y60160.png,0.3436,474.75,107.21,484.66,120.06
ch2_ohr_ncp_20250516T0948068899_d_img_d18_x00640_y60160.png,0.3375,115.66,250.66,127.48,262.78
ch2_ohr_ncp_20250516T0948068899_d_img_d18_x00640_y67200.png,0.3063,467.76,629.33,477.86,638.62
ch2_ohr_ncp_20250516T0948068899_d_img_d18_x00640_y67200.png,0.2591,3.89,409.96,16.19,422.78
ch2_ohr_ncp_20250516T0948068899_d_img_d18_x01280_y44160.png,0.2316,627.14,331.71,638.83,348.0
ch2_ohr_ncp_20250516T0948068899_d_img_d18_x01280_y45440.png,0.3173,625.85,398.48,638.15,415.16
ch2_ohr_ncp_20250516T0948068899_d_img_d18_x01280_y46720.png,0.3294,467.17,414.46,474.23,422.66
ch2_ohr_ncp_20250516T0948068899_d_img_d18_x01280_y46720.png,0.229,354.55,334.31,371.39,352.2
ch2_ohr_ncp_20250516T0948068899_d_img_d18_x01280_y60800.png,0.2324,390.43,331.67,396.99,340.09
ch2_ohr_ncp_20250516T0948068899_d_img_d18_x01280_y68480.png,0.2484,188.29,350.24,193.76,358.06
ch2_ohr_ncp_20250516T0948068899_d_img_d18_x01280_y79360.png,0.2178,565.43,626.46,571.92,635.78
ch2_ohr_ncp_20250516T0948068899_d_img_d18_x01280_y85760.png,0.254,229.47,196.07,236.56,204.17
ch2_ohr_ncp_20250516T0948068899_d_img_d18_x01280_y86400.png,0.281,244.73,183.03,258.14,197.38
ch2_ohr_ncp_20250516T0948068899_d_img_d18_x01920_y03840.png,0.2821,626.51,271.03,638.32,288.1
ch2_ohr_ncp_20250516T0948068899_d_img_d18_x01920_y03840.png,0.2147,3.83,87.94,21.13,109.09
ch2_ohr_ncp_20250516T0948068899_d_img_d18_x01920_y35840.png,0.2019,292.73,410.22,305.24,423.23
ch2_ohr_ncp_20250516T0948068899_d_img_d18_x01920_y38400.png,0.251,626.14,26.54,634.52,36.05
ch2_ohr_ncp_20250516T0948068899_d_img_d18_x01920_y62080.png,0.2154,626.09,55.54,639.72,75.14
ch2_ohr_ncp_20250516T0948068899_d_img_d18_x01920_y66560.png,0.2162,559.58,332.9,568.65,343.77
ch2_ohr_ncp_20250516T0948068899_d_img_d18_x01920_y68480.png,0.2599,628.2,527.81,634.29,535.98
ch2_ohr_ncp_20250516T0948068899_d_img_d18_x01920_y75520.png,0.2451,622.29,615.73,637.81,635.63
ch2_ohr_ncp_20250516T0948068899_d_img_d18_x01920_y80000.png,0.3332,0.14,10.82,8.13,23.11
ch2_ohr_ncp_20250516T0948068899_d_img_d18_x01920_y83840.png,0.2285,626.79,256.92,639.48,271.95
ch2_ohr_ncp_20250516T0948068899_d_img_d18_x01920_y87680.png,0.2024,155.9,350.13,168.29,362.38
ch2_ohr_ncp_20250516T0948068899_d_img_d18_x02560_y26880.png,0.2909,218.82,30.78,226.4,39.5
ch2_ohr_ncp_20250516T0948068899_d_img_d18_x02560_y38400.png,0.2432,207.79,323.73,234.04,352.5
ch2_ohr_ncp_20250516T0948068899_d_img_d18_x02560_y72960.png,0.2391,5.69,171.57,15.32,183.67
ch2_ohr_ncp_20250516T0948068899_d_img_d18_x02560_y88320.png,0.2082,626.3,577.56,639.32,594.17
ch2_ohr_ncp_20250516T0948068899_d_img_d18_x03200_y03200.png,0.2065,621.95,266.82,632.53,279.87
ch2_ohr_ncp_20250516T0948068899_d_img_d18_x03200_y42240.png,0.2062,627.41,10.26,638.08,21.86
ch2_ohr_ncp_20250516T0948068899_d_img_d18_x03200_y44800.png,0.2176,292.61,43.7,305.62,57.3
ch2_ohr_ncp_20250516T0948068899_d_img_d18_x03200_y56960.png,0.2387,630.23,270.62,639.31,282.96
ch2_ohr_ncp_20250516T0948068899_d_img_d18_x03200_y75520.png,0.2097,549.6,628.1,556.95,636.7
ch2_ohr_ncp_20250516T0948068899_d_img_d18_x03840_y69760.png,0.2992,275.29,108.61,283.52,118.45
ch2_ohr_ncp_20250516T0948068899_d_img_d18_x03840_y72320.png,0.3408,402.38,297.27,412.23,310.27
ch2_ohr_ncp_20250516T0948068899_d_img_d18_x04480_y10880.png,0.2385,629.23,101.58,639.29,116.5
ch2_ohr_ncp_20250516T0948068899_d_img_d18_x04480_y24320.png,0.2129,629.46,80.68,638.7,91.15
ch2_ohr_ncp_20250516T0948068899_d_img_d18_x04480_y43520.png,0.2088,629.62,224.83,637.46,236.95
ch2_ohr_ncp_20250516T0948068899_d_img_d18_x04480_y48000.png,0.208,252.82,465.38,273.82,490.47
ch2_ohr_ncp_20250516T0948068899_d_img_d18_x04480_y65280.png,0.2607,624.39,54.68,637.57,72.41
ch2_ohr_ncp_20250516T0948068899_d_img_d18_x04480_y66560.png,0.216,54.22,628.2,68.71,639.59
ch2_ohr_ncp_20250516T0948068899_d_img_d18_x04480_y79360.png,0.2067,379.64,332.84,385.93,340.69
ch2_ohr_ncp_20250516T0948068899_d_img_d18_x04480_y82560.png,0.2006,325.32,83.57,337.07,94.85
ch2_ohr_ncp_20250516T0948068899_d_img_d18_x04480_y85120.png,0.2623,626.63,58.63,638.83,76.65
ch2_ohr_ncp_20250516T0948068899_d_img_d18_x05120_y55680.png,0.2082,625.72,451.88,634.76,464.19
ch2_ohr_ncp_20250516T0948068899_d_img_d18_x05120_y69120.png,0.2151,0.11,162.84,26.24,183.9
ch2_ohr_ncp_20250516T0948068899_d_img_d18_x05120_y72320.png,0.2425,630.72,409.97,639.4,419.41
ch2_ohr_ncp_20250516T0948068899_d_img_d18_x06400_y10240.png,0.2035,615.01,0.44,634.85,24.24
ch2_ohr_ncp_20250516T0948068899_d_img_d18_x06400_y80000.png,0.2006,5.24,515.96,11.32,525.18
ch2_ohr_ncp_20250516T0948068899_d_img_d18_x07040_y58240.png,0.2517,626.74,374.77,639.82,395.34
ch2_ohr_ncp_20250516T0948068899_d_img_d18_x07040_y80000.png,0.2415,624.84,375.17,637.42,390.1
ch2_ohr_ncp_20250516T0948068899_d_img_d18_x08960_y04480.png,0.2226,628.41,345.29,637.28,355.99
ch2_ohr_ncp_20250516T0948068899_d_img_d18_x08960_y09600.png,0.2013,627.44,14.93,632.84,23.12
ch2_ohr_ncp_20250516T0948068899_d_img_d18_x08960_y12800.png,0.4035,626.62,54.52,638.65,69.59
ch2_ohr_ncp_20250516T0948068899_d_img_d18_x08960_y32640.png,0.2012,625.99,575.65,636.34,588.33
ch2_ohr_ncp_20250516T0948068899_d_img_d18_x08960_y39040.png,0.2005,628.3,17.87,637.77,29.55
ch2_ohr_ncp_20250516T0948068899_d_img_d18_x08960_y46720.png,0.2078,270.88,548.49,283.94,559.8
ch2_ohr_ncp_20250516T0948068899_d_img_d18_x08960_y60160.png,0.2125,1.52,429.66,7.62,439.94
ch2_ohr_ncp_20250516T0948068899_d_img_d18_x08960_y68480.png,0.2572,627.92,305.88,639.53,320.43
ch2_ohr_ncp_20250516T0948068899_d_img_d18_x09600_y22400.png,0.2056,630.51,582.94,638.42,591.46
ch2_ohr_ncp_20250516T0948068899_d_img_d18_x10240_y25600.png,0.2482,627.85,4.12,634.69,15.48
ch2_ohr_ncp_20250516T0948068899_d_img_d18_x10240_y35200.png,0.239,628.31,139.41,634.94,148.75
ch2_ohr_ncp_20250516T0948068899_d_img_d18_x10240_y72960.png,0.2277,343.78,627.36,352.04,638.05
ch2_ohr_ncp_20250516T0948068899_d_img_d18_x10240_y80640.png,0.2138,331.25,175.06,337.63,182.37
ch2_ohr_ncp_20250516T0948068899_d_img_d18_x10880_y19200.png,0.219,473.8,145.65,482.3,157.08
ch2_ohr_ncp_20250516T0948068899_d_img_d18_x10880_y39040.png,0.2068,292.94,126.41,299.81,136.15
ch2_ohr_ncp_20250516T0948068899_d_img_d18_x10880_y44800.png,0.2455,284.23,571.71,291.18,581.22
ch2_ohr_ncp_20250516T0948068899_d_img_d18_x10880_y48640.png,0.2785,292.02,476.01,300.17,486.84
ch2_ohr_ncp_20250516T0948068899_d_img_d18_x10880_y53760.png,0.2001,625.92,625.63,632.08,632.81
ch2_ohr_ncp_20250516T0948068899_d_img_d18_x10880_y64640.png,0.3844,288.61,98.74,298.92,111.04
ch2_ohr_ncp_20250516T0948068899_d_img_d18_x11520_y00640.png,0.256,472.15,630.67,479.12,637.87
ch2_ohr_ncp_20250516T0948068899_d_img_d18_x11520_y01920.png,0.2187,375.59,236.86,382.11,243.04
ch2_ohr_ncp_20250516T0948068899_d_img_d18_x11520_y03840.png,0.2493,474.79,78.78,479.36,84.19
ch2_ohr_ncp_20250516T0948068899_d_img_d18_x11520_y21760.png,0.2158,471.1,631.39,478.77,638.34
ch2_ohr_ncp_20250516T0948068899_d_img_d18_x11520_y34560.png,0.2122,473.69,572.48,479.06,578.77
ch2_ohr_ncp_20250516T0948068899_d_img_d18_x11520_y42240.png,0.2522,464.25,594.13,471.48,601.14
ch2_ohr_ncp_20250516T0948068899_d_img_d18_x11520_y42880.png,0.2953,472.84,284.96,479.45,293.69
ch2_ohr_ncp_20250516T0948068899_d_img_d18_x11520_y51840.png,0.2573,471.48,540.95,479.1,550.47
ch2_ohr_ncp_20250516T0948068899_d_img_d18_x11520_y53120.png,0.2627,469.27,524.51,476.85,531.98
ch2_ohr_ncp_20250516T0948068899_d_img_d18_x11520_y53120.png,0.2203,16.64,124.13,22.46,129.47
ch2_ohr_ncp_20250516T0948068899_d_img_d18_x11520_y60160.png,0.2016,474.18,630.86,479.33,637.28
ch2_ohr_ncp_20250516T0948068899_d_img_d18_x11520_y62080.png,0.2128,470.47,366.92,479.0,379.01
ch2_ohr_ncp_20250516T0948068899_d_img_d18_x11520_y65920.png,0.2102,470.27,525.0,475.95,531.22
ch2_ohr_ncp_20250516T0948068899_d_img_d18_x11520_y88960.png,0.2195,451.55,631.97,464.56,639.93
ch2_ohr_ncp_20250516T1145499313_d_img_d18_x00000_y44800.png,0.2091,398.85,387.13,409.01,398.45
ch2_ohr_ncp_20250516T1145499313_d_img_d18_x00000_y85120.png,0.2446,450.93,549.49,457.46,558.66
ch2_ohr_ncp_20250516T1145499313_d_img_d18_x00640_y20480.png,0.2019,193.83,291.86,200.93,298.1
ch2_ohr_ncp_20250516T1145499313_d_img_d18_x00640_y46720.png,0.2737,195.35,310.85,202.47,318.82
ch2_ohr_ncp_20250516T1145499313_d_img_d18_x00640_y66560.png,0.2033,441.12,74.34,451.21,87.44
ch2_ohr_ncp_20250516T1145499313_d_img_d18_x00640_y70400.png,0.2063,229.73,186.67,238.49,195.83
ch2_ohr_ncp_20250516T1145499313_d_img_d18_x00640_y83200.png,0.2083,0.0,236.2,14.59,262.28
ch2_ohr_ncp_20250516T1145499313_d_img_d18_x01280_y09600.png,0.2251,629.13,327.04,639.47,341.59
ch2_ohr_ncp_20250516T1145499313_d_img_d18_x01280_y88960.png,0.2594,623.27,306.8,639.33,328.97
ch2_ohr_ncp_20250516T1145499313_d_img_d18_x01920_y88960.png,0.2276,123.4,92.28,130.46,101.5
ch2_ohr_ncp_20250516T1145499313_d_img_d18_x02560_y47360.png,0.2008,526.41,627.34,537.68,639.19
ch2_ohr_ncp_20250516T1145499313_d_img_d18_x02560_y64640.png,0.2097,613.27,143.91,639.23,170.23
ch2_ohr_ncp_20250516T1145499313_d_img_d18_x02560_y70400.png,0.2933,187.32,105.47,200.35,119.04
ch2_ohr_ncp_20250516T1145499313_d_img_d18_x03200_y37760.png,0.2309,284.12,241.92,297.09,253.86
ch2_ohr_ncp_20250516T1145499313_d_img_d18_x03200_y62720.png,0.2092,625.0,234.71,639.46,256.21
ch2_ohr_ncp_20250516T1145499313_d_img_d18_x03200_y77440.png,0.2306,65.57,628.1,75.21,638.38
ch2_ohr_ncp_20250516T1145499313_d_img_d18_x03200_y81920.png,0.2637,276.93,71.44,289.75,86.06
ch2_ohr_ncp_20250516T1145499313_d_img_d18_x03840_y22400.png,0.2651,627.82,246.94,638.68,261.06
ch2_ohr_ncp_20250516T1145499313_d_img_d18_x03840_y37120.png,0.2657,622.99,612.48,639.06,632.35
ch2_ohr_ncp_20250516T1145499313_d_img_d18_x03840_y58240.png,0.2002,629.33,222.47,638.87,237.13
ch2_ohr_ncp_20250516T1145499313_d_img_d18_x03840_y85760.png,0.3075,628.68,207.87,639.44,222.81
ch2_ohr_ncp_20250516T1145499313_d_img_d18_x04480_y25600.png,0.2187,626.9,272.51,639.05,288.45
ch2_ohr_ncp_20250516T1145499313_d_img_d18_x04480_y32640.png,0.208,0.12,123.03,7.72,136.3
ch2_ohr_ncp_20250516T1145499313_d_img_d18_x04480_y81280.png,0.2007,76.96,411.62,84.39,420.56
ch2_ohr_ncp_20250516T1145499313_d_img_d18_x05120_y73600.png,0.2494,452.15,632.87,458.05,638.58
ch2_ohr_ncp_20250516T1145499313_d_img_d18_x06400_y64000.png,0.2234,617.7,412.0,638.96,442.29
ch2_ohr_ncp_20250516T1145499313_d_img_d18_x07040_y41600.png,0.2282,613.21,295.93,640.0,334.38
ch2_ohr_ncp_20250516T1145499313_d_img_d18_x07040_y71040.png,0.2124,626.23,430.9,639.78,449.49
ch2_ohr_ncp_20250516T1145499313_d_img_d18_x07680_y17280.png,0.3022,622.55,292.68,631.79,303.09
ch2_ohr_ncp_20250516T1145499313_d_img_d18_x08320_y39680.png,0.2046,632.45,405.33,639.83,415.34
ch2_ohr_ncp_20250516T1145499313_d_img_d18_x08320_y44160.png,0.2104,618.33,158.14,637.63,184.43
ch2_ohr_ncp_20250516T1145499313_d_img_d18_x08320_y59520.png,0.2135,624.96,53.92,638.84,72.31
ch2_ohr_ncp_20250516T1145499313_d_img_d18_x08320_y82560.png,0.2356,298.81,362.74,310.25,375.75
ch2_ohr_ncp_20250516T1145499313_d_img_d18_x09600_y58240.png,0.3512,618.31,496.39,635.58,518.87
ch2_ohr_ncp_20250516T1145499313_d_img_d18_x10240_y52480.png,0.2831,626.93,109.46,638.79,126.79
ch2_ohr_ncp_20250516T1145499313_d_img_d18_x10240_y68480.png,0.219,476.32,506.25,486.83,516.67
ch2_ohr_ncp_20250516T1145499313_d_img_d18_x10240_y74240.png,0.3412,350.01,627.84,362.96,639.42
ch2_ohr_ncp_20250516T1145499313_d_img_d18_x10240_y83840.png,0.2586,324.39,211.66,358.43,247.27
ch2_ohr_ncp_20250516T1145499313_d_img_d18_x10880_y46720.png,0.2137,433.56,107.93,444.33,119.6
ch2_ohr_ncp_20250516T1145499313_d_img_d18_x10880_y65920.png,0.2225,0.44,83.55,8.35,95.47
ch2_ohr_ncp_20250516T1145499313_d_img_d18_x10880_y68480.png,0.2307,487.09,627.33,493.1,635.83
ch2_ohr_ncp_20250516T1145499313_d_img_d18_x11520_y00640.png,0.2118,471.96,626.24,479.46,637.09
ch2_ohr_ncp_20250516T1145499313_d_img_d18_x11520_y10240.png,0.2122,461.84,28.33,468.64,35.13
ch2_ohr_ncp_20250516T1145499313_d_img_d18_x11520_y19200.png,0.2003,471.57,599.09,477.35,604.76
ch2_ohr_ncp_20250516T1145499313_d_img_d18_x11520_y21120.png,0.2171,462.06,617.04,469.84,624.14
ch2_ohr_ncp_20250516T1145499313_d_img_d18_x11520_y26880.png,0.3491,472.18,614.46,478.8,621.46
ch2_ohr_ncp_20250516T1145499313_d_img_d18_x11520_y30720.png,0.2334,471.26,595.67,478.61,605.42
ch2_ohr_ncp_20250516T1145499313_d_img_d18_x11520_y32640.png,0.2005,472.47,96.42,479.88,108.39
ch2_ohr_ncp_20250516T1145499313_d_img_d18_x11520_y53760.png,0.2968,473.55,628.63,478.95,636.04
ch2_ohr_ncp_20250516T1145499313_d_img_d18_x11520_y66560.png,0.2264,467.16,631.23,476.79,639.42
ch2_ohr_ncp_20250516T1145499313_d_img_d18_x11520_y70400.png,0.2378,471.63,597.56,478.86,605.8
ch2_ohr_ncp_20250516T1145499313_d_img_d18_x11520_y71040.png,0.2383,470.56,173.47,478.56,182.63
ch2_ohr_ncp_20250516T1145499313_d_img_d18_x11520_y76160.png,0.2475,470.78,620.39,478.17,627.94
ch2_ohr_ncp_20250516T1145499313_d_img_d18_x11520_y83840.png,0.3254,348.43,621.88,363.54,638.22
ch2_ohr_ncp_20250516T1145499313_d_img_d18_x11520_y88320.png,0.2685,474.28,580.33,479.46,587.71
ch2_ohr_ncp_20250516T1145499313_d_img_d18_x11520_y88320.png,0.2249,468.85,607.99,474.32,613.84
ch2_ohr_ncp_20250516T1145499313_d_img_d18_x11520_y88960.png,0.2647,474.6,478.88,479.58,485.34
ch2_ohr_ncp_20250516T1342347288_d_img_d18_x00000_y07040.png,0.2319,624.94,350.5,638.35,365.98
ch2_ohr_ncp_20250516T1342347288_d_img_d18_x00000_y27520.png,0.2559,405.07,632.4,411.41,639.18
ch2_ohr_ncp_20250516T1342347288_d_img_d18_x00000_y58240.png,0.2527,578.42,633.05,585.49,639.15
ch2_ohr_ncp_20250516T1342347288_d_img_d18_x00000_y68480.png,0.2138,625.7,70.05,638.74,88.26
ch2_ohr_ncp_20250516T1342347288_d_img_d18_x00000_y70400.png,0.214,0.06,379.68,7.67,395.8
ch2_ohr_ncp_20250516T1342347288_d_img_d18_x00000_y80000.png,0.2065,626.71,13.94,639.89,35.7
ch2_ohr_ncp_20250516T1342347288_d_img_d18_x00000_y81920.png,0.2082,628.06,510.08,639.09,522.49
ch2_ohr_ncp_20250516T1342347288_d_img_d18_x00000_y83200.png,0.2008,203.05,475.31,212.07,487.11
ch2_ohr_ncp_20250516T1342347288_d_img_d18_x00640_y18560.png,0.2031,58.66,630.19,66.23,637.81
ch2_ohr_ncp_20250516T1342347288_d_img_d18_x00640_y55040.png,0.2656,290.99,322.87,299.2,331.07
ch2_ohr_ncp_20250516T1342347288_d_img_d18_x00640_y55040.png,0.2372,628.32,58.78,638.42,70.19
ch2_ohr_ncp_20250516T1342347288_d_img_d18_x00640_y74240.png,0.2562,0.0,347.35,6.96,359.4
ch2_ohr_ncp_20250516T1342347288_d_img_d18_x00640_y80640.png,0.21,4.05,541.23,11.37,550.93
ch2_ohr_ncp_20250516T1342347288_d_img_d18_x01280_y18560.png,0.2431,0.0,123.0,6.97,134.26
ch2_ohr_ncp_20250516T1342347288_d_img_d18_x01280_y18560.png,0.2075,202.91,167.79,211.62,182.14
ch2_ohr_ncp_20250516T1342347288_d_img_d18_x01280_y18560.png,0.2015,0.24,311.78,8.02,321.41
ch2_ohr_ncp_20250516T1342347288_d_img_d18_x01280_y44800.png,0.2097,0.17,447.2,7.86,458.42
ch2_ohr_ncp_20250516T1342347288_d_img_d18_x01280_y47360.png,0.2453,0.0,343.26,19.14,368.47
ch2_ohr_ncp_20250516T1342347288_d_img_d18_x01280_y50560.png,0.3094,0.82,629.41,11.87,639.81
ch2_ohr_ncp_20250516T1342347288_d_img_d18_x01280_y86400.png,0.2385,226.93,381.67,255.27,405.21
ch2_ohr_ncp_20250516T1342347288_d_img_d18_x01920_y16000.png,0.2345,622.05,148.08,636.98,166.59
ch2_ohr_ncp_20250516T1342347288_d_img_d18_x01920_y32640.png,0.2324,0.66,553.27,9.01,566.78
ch2_ohr_ncp_20250516T1342347288_d_img_d18_x01920_y51200.png,0.2125,626.71,606.05,633.88,615.3
ch2_ohr_ncp_20250516T1342347288_d_img_d18_x01920_y56960.png,0.2721,0.0,302.54,7.22,316.62
ch2_ohr_ncp_20250516T1342347288_d_img_d18_x01920_y56960.png,0.2217,267.53,359.57,291.89,387.99
ch2_ohr_ncp_20250516T1342347288_d_img_d18_x01920_y58880.png,0.243,628.88,454.08,638.87,467.3
ch2_ohr_ncp_20250516T1342347288_d_img_d18_x01920_y80000.png,0.2626,0.26,71.31,12.81,89.14
ch2_ohr_ncp_20250516T1342347288_d_img_d18_x01920_y82560.png,0.2497,5.46,233.37,15.94,244.67
ch2_ohr_ncp_20250516T1342347288_d_img_d18_x01920_y88320.png,0.2576,0.0,575.04,11.58,604.92
ch2_ohr_ncp_20250516T1342347288_d_img_d18_x02560_y33280.png,0.2532,194.0,313.93,202.46,324.04
ch2_ohr_ncp_20250516T1342347288_d_img_d18_x02560_y37760.png,0.256,497.39,626.34,508.61,638.08
ch2_ohr_ncp_20250516T1342347288_d_img_d18_x02560_y47360.png,0.2017,629.44,10.26,638.11,19.4
ch2_ohr_ncp_20250516T1342347288_d_img_d18_x02560_y85120.png,0.2235,300.34,485.76,315.61,502.88
ch2_ohr_ncp_20250516T1342347288_d_img_d18_x03200_y44160.png,0.2167,629.11,362.33,638.47,372.91
ch2_ohr_ncp_20250516T1342347288_d_img_d18_x03200_y60160.png,0.2629,191.01,69.99,226.22,101.94
ch2_ohr_ncp_20250516T1342347288_d_img_d18_x03200_y76800.png,0.2447,627.51,191.87,638.53,206.53
ch2_ohr_ncp_20250516T1342347288_d_img_d18_x03200_y87040.png,0.2094,522.83,475.86,529.78,484.8
ch2_ohr_ncp_20250516T1342347288_d_img_d18_x03840_y39680.png,0.2046,187.97,570.12,197.24,578.47
ch2_ohr_ncp_20250516T1342347288_d_img_d18_x03840_y40960.png,0.2481,246.91,119.41,255.08,129.38
ch2_ohr_ncp_20250516T1342347288_d_img_d18_x03840_y63360.png,0.204,627.12,600.83,637.81,611.19
ch2_ohr_ncp_20250516T1342347288_d_img_d18_x03840_y72960.png,0.2269,629.17,31.58,638.87,44.63
ch2_ohr_ncp_20250516T1342347288_d_img_d18_x03840_y78080.png,0.2385,140.68,214.35,180.82,246.97
ch2_ohr_ncp_20250516T1342347288_d_img_d18_x03840_y83840.png,0.2136,628.97,554.72,637.49,565.08
ch2_ohr_ncp_20250516T1342347288_d_img_d18_x03840_y87680.png,0.2038,0.0,152.66,9.7,165.11
ch2_ohr_ncp_20250516T1342347288_d_img_d18_x03840_y88320.png,0.2105,628.99,132.99,639.01,149.59
ch2_ohr_ncp_20250516T1342347288_d_img_d18_x04480_y42240.png,0.2156,5.46,618.26,12.07,627.85
ch2_ohr_ncp_20250516T1342347288_d_img_d18_x04480_y55040.png,0.2658,396.08,628.74,403.11,638.34
ch2_ohr_ncp_20250516T1342347288_d_img_d18_x04480_y60160.png,0.3133,620.5,72.67,638.99,94.92
ch2_ohr_ncp_20250516T1342347288_d_img_d18_x05120_y63360.png,0.2002,622.86,454.57,639.39,474.55
ch2_ohr_ncp_20250516T1342347288_d_img_d18_x05120_y80640.png,0.2005,4.78,82.84,13.65,95.16
ch2_ohr_ncp_20250516T1342347288_d_img_d18_x05760_y38400.png,0.2218,0.15,62.15,11.27,76.41
ch2_ohr_ncp_20250516T1342347288_d_img_d18_x05760_y83840.png,0.228,405.82,627.44,417.4,638.69
ch2_ohr_ncp_20250516T1342347288_d_img_d18_x06400_y23040.png,0.2657,629.17,279.47,638.92,291.67
ch2_ohr_ncp_20250516T1342347288_d_img_d18_x06400_y30720.png,0.2032,626.79,367.16,639.01,379.81
ch2_ohr_ncp_20250516T1342347288_d_img_d18_x06400_y65920.png,0.2447,627.24,105.27,639.25,120.13
ch2_ohr_ncp_20250516T1342347288_d_img_d18_x07040_y53760.png,0.21,622.13,346.58,640.0,375.57
ch2_ohr_ncp_20250516T1342347288_d_img_d18_x07040_y68480.png,0.224,625.91,77.53,640.0,98.84
ch2_ohr_ncp_20250516T1342347288_d_img_d18_x07680_y01920.png,0.4109,624.9,116.69,639.26,131.71
ch2_ohr_ncp_20250516T1342347288_d_img_d18_x07680_y51200.png,0.2166,627.88,282.01,638.26,297.51
ch2_ohr_ncp_20250516T1342347288_d_img_d18_x08320_y66560.png,0.2365,627.93,211.38,639.24,228.43
ch2_ohr_ncp_20250516T1342347288_d_img_d18_x08960_y59520.png,0.2497,340.83,499.07,352.13,510.56
ch2_ohr_ncp_20250516T1342347288_d_img_d18_x08960_y71040.png,0.2001,438.88,60.73,448.36,71.21
ch2_ohr_ncp_20250516T1342347288_d_img_d18_x08960_y85120.png,0.2353,408.5,425.44,417.54,436.3
ch2_ohr_ncp_20250516T1342347288_d_img_d18_x09600_y01280.png,0.2469,306.8,219.49,315.74,230.33
ch2_ohr_ncp_20250516T1342347288_d_img_d18_x09600_y14080.png,0.2041,404.32,542.4,411.55,550.73
ch2_ohr_ncp_20250516T1342347288_d_img_d18_x09600_y15360.png,0.4565,418.12,444.07,426.15,453.76
ch2_ohr_ncp_20250516T1342347288_d_img_d18_x09600_y42240.png,0.2204,4.76,457.99,15.69,470.53
ch2_ohr_ncp_20250516T1342347288_d_img_d18_x09600_y64000.png,0.2031,0.16,154.25,7.77,166.83
ch2_ohr_ncp_20250516T1342347288_d_img_d18_x09600_y79360.png,0.255,625.03,19.69,635.59,31.45
ch2_ohr_ncp_20250516T1342347288_d_img_d18_x09600_y80000.png,0.2829,625.08,314.45,639.0,333.28
ch2_ohr_ncp_20250516T1342347288_d_img_d18_x10240_y20480.png,0.2785,468.76,122.93,480.29,135.2
ch2_ohr_ncp_20250516T1342347288_d_img_d18_x10240_y33920.png,0.2071,403.96,426.21,417.42,443.57
ch2_ohr_ncp_20250516T1342347288_d_img_d18_x10240_y44800.png,0.2504,179.18,631.59,186.82,638.22
ch2_ohr_ncp_20250516T1342347288_d_img_d18_x10240_y55040.png,0.206,598.65,0.0,639.66,34.76
ch2_ohr_ncp_20250516T1342347288_d_img_d18_x10240_y76800.png,0.3351,626.61,622.71,633.14,631.51
ch2_ohr_ncp_20250516T1342347288_d_img_d18_x10240_y87040.png,0.3077,497.65,554.84,506.88,565.29
ch2_ohr_ncp_20250516T1342347288_d_img_d18_x10880_y15360.png,0.2184,475.67,627.2,491.64,639.83
ch2_ohr_ncp_20250516T1342347288_d_img_d18_x10880_y20480.png,0.2226,325.64,222.16,331.15,228.32
ch2_ohr_ncp_20250516T1342347288_d_img_d18_x10880_y21760.png,0.2088,57.62,627.28,67.17,637.54
ch2_ohr_ncp_20250516T1342347288_d_img_d18_x10880_y67200.png,0.2606,195.81,176.32,208.89,190.21
ch2_ohr_ncp_20250516T1342347288_d_img_d18_x10880_y71040.png,0.2356,164.87,172.09,172.01,179.74
ch2_ohr_ncp_20250516T1342347288_d_img_d18_x10880_y77440.png,0.2204,620.82,378.78,632.01,391.51
ch2_ohr_ncp_20250516T1342347288_d_img_d18_x10880_y88320.png,0.2003,628.14,398.82,634.33,406.98
ch2_ohr_ncp_20250516T1342347288_d_img_d18_x11520_y14080.png,0.2431,474.22,286.4,479.43,292.67
ch2_ohr_ncp_20250516T1342347288_d_img_d18_x11520_y17280.png,0.2071,472.87,500.84,478.82,508.31
ch2_ohr_ncp_20250516T1342347288_d_img_d18_x11520_y24320.png,0.2379,471.15,631.56,478.65,638.65
ch2_ohr_ncp_20250516T1342347288_d_img_d18_x11520_y24320.png,0.2058,474.57,597.2,479.34,603.68
ch2_ohr_ncp_20250516T1342347288_d_img_d18_x11520_y28160.png,0.2053,472.86,615.92,478.95,622.13
ch2_ohr_ncp_20250516T1342347288_d_img_d18_x11520_y31360.png,0.2004,471.16,496.81,479.19,509.51
ch2_ohr_ncp_20250516T1342347288_d_img_d18_x11520_y32640.png,0.2373,473.14,276.02,479.18,283.16
ch2_ohr_ncp_20250516T1342347288_d_img_d18_x11520_y33280.png,0.3142,472.84,564.19,479.09,571.47
ch2_ohr_ncp_20250516T1342347288_d_img_d18_x11520_y36480.png,0.357,469.56,534.2,478.79,544.01
ch2_ohr_ncp_20250516T1342347288_d_img_d18_x11520_y36480.png,0.2178,243.38,550.15,250.21,555.95
ch2_ohr_ncp_20250516T1342347288_d_img_d18_x11520_y38400.png,0.2218,475.49,621.01,479.63,627.57
ch2_ohr_ncp_20250516T1342347288_d_img_d18_x11520_y44800.png,0.3521,472.85,614.35,479.13,622.11
ch2_ohr_ncp_20250516T1342347288_d_img_d18_x11520_y61440.png,0.2153,470.24,301.18,477.29,307.56
ch2_ohr_ncp_20250516T1540191774_d_img_d18_x00000_y14080.png,0.2233,624.05,141.79,638.93,159.88
ch2_ohr_ncp_20250516T1540191774_d_img_d18_x00000_y43520.png,0.3504,627.12,557.4,639.21,575.37
ch2_ohr_ncp_20250516T1540191774_d_img_d18_x00000_y87680.png,0.21,626.82,65.16,638.84,81.41
ch2_ohr_ncp_20250516T1540191774_d_img_d18_x00640_y12800.png,0.2033,451.59,187.59,461.02,199.67
ch2_ohr_ncp_20250516T1540191774_d_img_d18_x00640_y71040.png,0.2186,625.22,78.58,639.81,97.13
ch2_ohr_ncp_20250516T1540191774_d_img_d18_x00640_y81280.png,0.2156,1.26,89.94,10.31,102.76
ch2_ohr_ncp_20250516T1540191774_d_img_d18_x00640_y88960.png,0.2415,419.68,98.93,433.7,111.19
ch2_ohr_ncp_20250516T1540191774_d_img_d18_x01280_y17920.png,0.2561,239.9,99.61,250.8,110.57
ch2_ohr_ncp_20250516T1540191774_d_img_d18_x01280_y18560.png,0.322,4.26,546.28,14.11,557.01
ch2_ohr_ncp_20250516T1540191774_d_img_d18_x01280_y52480.png,0.2349,0.06,285.21,9.0,299.31
ch2_ohr_ncp_20250516T1540191774_d_img_d18_x01920_y42880.png,0.2547,626.55,267.09,634.67,277.74
ch2_ohr_ncp_20250516T1540191774_d_img_d18_x01920_y50560.png,0.3743,619.82,358.17,640.0,390.59
ch2_ohr_ncp_20250516T1540191774_d_img_d18_x01920_y50560.png,0.2059,5.43,629.61,15.53,639.03
ch2_ohr_ncp_20250516T1540191774_d_img_d18_x01920_y53120.png,0.2867,626.0,102.99,639.58,121.38
ch2_ohr_ncp_20250516T1540191774_d_img_d18_x01920_y62720.png,0.2329,120.58,266.08,150.39,293.44
ch2_ohr_ncp_20250516T1540191774_d_img_d18_x02560_y27520.png,0.2939,543.68,286.67,575.25,318.4
ch2_ohr_ncp_20250516T1540191774_d_img_d18_x02560_y29440.png,0.2426,618.78,0.0,639.27,20.72
ch2_ohr_ncp_20250516T1540191774_d_img_d18_x02560_y53760.png,0.2205,627.36,213.96,638.92,230.87
ch2_ohr_ncp_20250516T1540191774_d_img_d18_x02560_y57600.png,0.2675,493.87,315.5,518.74,337.94
ch2_ohr_ncp_20250516T1540191774_d_img_d18_x02560_y58240.png,0.2093,626.62,6.75,639.17,24.66
ch2_ohr_ncp_20250516T1540191774_d_img_d18_x02560_y64000.png,0.2095,629.38,214.49,639.0,226.44
ch2_ohr_ncp_20250516T1540191774_d_img_d18_x02560_y66560.png,0.2198,470.01,201.61,480.08,211.91
ch2_ohr_ncp_20250516T1540191774_d_img_d18_x03200_y12800.png,0.245,5.2,594.15,14.53,606.19
ch2_ohr_ncp_20250516T1540191774_d_img_d18_x03200_y49280.png,0.2175,20.35,135.45,49.23,162.47
ch2_ohr_ncp_20250516T1540191774_d_img_d18_x03200_y56320.png,0.2697,629.16,214.19,639.02,229.29
ch2_ohr_ncp_20250516T1540191774_d_img_d18_x03200_y67840.png,0.2004,628.48,57.59,638.06,68.83
ch2_ohr_ncp_20250516T1540191774_d_img_d18_x03200_y71680.png,0.2137,627.25,62.6,637.16,74.45
ch2_ohr_ncp_20250516T1540191774_d_img_d18_x03200_y79360.png,0.2038,626.51,72.31,640.0,93.74
ch2_ohr_ncp_20250516T1540191774_d_img_d18_x03200_y79360.png,0.2021,578.43,624.08,599.52,639.55
ch2_ohr_ncp_20250516T1540191774_d_img_d18_x03200_y84480.png,0.2013,235.86,103.92,254.02,120.5
ch2_ohr_ncp_20250516T1540191774_d_img_d18_x03840_y28160.png,0.2445,628.26,86.55,638.13,101.01
ch2_ohr_ncp_20250516T1540191774_d_img_d18_x03840_y84480.png,0.307,236.98,206.69,251.55,221.08
ch2_ohr_ncp_20250516T1540191774_d_img_d18_x04480_y35200.png,0.247,627.54,6.77,639.63,23.89
ch2_ohr_ncp_20250516T1540191774_d_img_d18_x04480_y65920.png,0.2094,611.47,46.06,635.11,70.65
ch2_ohr_ncp_20250516T1540191774_d_img_d18_x04480_y66560.png,0.2103,627.0,251.01,639.21,266.56
ch2_ohr_ncp_20250516T1540191774_d_img_d18_x04480_y68480.png,0.2386,628.98,253.99,638.63,267.81
ch2_ohr_ncp_20250516T1540191774_d_img_d18_x05120_y58880.png,0.2007,629.52,109.47,638.85,124.41
ch2_ohr_ncp_20250516T1540191774_d_img_d18_x05120_y64640.png,0.3001,626.49,91.15,636.26,102.76
ch2_ohr_ncp_20250516T1540191774_d_img_d18_x05120_y81920.png,0.2712,373.4,50.42,385.47,63.04
ch2_ohr_ncp_20250516T1540191774_d_img_d18_x05120_y88320.png,0.2748,612.17,106.8,637.72,136.21
ch2_ohr_ncp_20250516T1540191774_d_img_d18_x06400_y65280.png,0.2071,626.29,231.73,638.26,244.47
ch2_ohr_ncp_20250516T1540191774_d_img_d18_x07040_y26240.png,0.257,629.09,271.27,638.83,284.66
ch2_ohr_ncp_20250516T1540191774_d_img_d18_x07680_y47360.png,0.2307,0.0,375.83,7.66,390.05
ch2_ohr_ncp_20250516T1540191774_d_img_d18_x07680_y60160.png,0.2459,618.52,583.68,636.63,603.36
ch2_ohr_ncp_20250516T1540191774_d_img_d18_x07680_y80640.png,0.2474,252.47,403.29,263.8,414.71
ch2_ohr_ncp_20250516T1540191774_d_img_d18_x08320_y80000.png,0.2021,413.56,34.48,426.4,47.11
ch2_ohr_ncp_20250516T1540191774_d_img_d18_x08960_y69760.png,0.277,612.23,202.51,640.0,239.26
ch2_ohr_ncp_20250516T1540191774_d_img_d18_x09600_y74880.png,0.2224,269.95,76.56,278.35,85.08
ch2_ohr_ncp_20250516T1540191774_d_img_d18_x09600_y78720.png,0.2094,4.69,210.26,14.05,221.73
ch2_ohr_ncp_20250516T1540191774_d_img_d18_x09600_y79360.png,0.2673,244.15,59.73,251.77,71.31
ch2_ohr_ncp_20250516T1540191774_d_img_d18_x09600_y80640.png,0.2328,501.56,43.25,512.17,54.98
ch2_ohr_ncp_20250516T1540191774_d_img_d18_x09600_y81280.png,0.2074,170.76,250.54,179.38,262.27
ch2_ohr_ncp_20250516T1540191774_d_img_d18_x09600_y83200.png,0.2365,260.8,536.14,272.72,550.12
ch2_ohr_ncp_20250516T1540191774_d_img_d18_x10240_y26240.png,0.2678,627.05,143.51,639.95,163.38
ch2_ohr_ncp_20250516T1540191774_d_img_d18_x10240_y47360.png,0.2215,67.56,106.86,81.0,119.37
ch2_ohr_ncp_20250516T1540191774_d_img_d18_x10240_y47360.png,0.2046,629.7,87.9,638.35,100.54
ch2_ohr_ncp_20250516T1540191774_d_img_d18_x10240_y48000.png,0.2394,98.53,630.36,106.18,639.03
ch2_ohr_ncp_20250516T1540191774_d_img_d18_x10240_y74240.png,0.2529,626.95,197.25,638.91,212.44
ch2_ohr_ncp_20250516T1540191774_d_img_d18_x10240_y74880.png,0.2072,626.02,279.27,639.28,295.7
ch2_ohr_ncp_20250516T1540191774_d_img_d18_x10240_y78080.png,0.2178,624.77,68.16,639.65,89.33
ch2_ohr_ncp_20250516T1540191774_d_img_d18_x10240_y81280.png,0.2205,155.03,395.87,163.58,405.93
ch2_ohr_ncp_20250516T1540191774_d_img_d18_x10240_y81280.png,0.2059,627.67,159.72,637.9,173.22
ch2_ohr_ncp_20250516T1540191774_d_img_d18_x10880_y26240.png,0.2208,620.17,473.13,635.86,491.38
ch2_ohr_ncp_20250516T1540191774_d_img_d18_x10880_y39680.png,0.219,590.17,628.99,600.23,638.86
ch2_ohr_ncp_20250516T1540191774_d_img_d18_x10880_y39680.png,0.2071,148.29,633.1,153.52,639.1
ch2_ohr_ncp_20250516T1540191774_d_img_d18_x10880_y76160.png,0.2007,627.13,95.69,640.0,115.54
ch2_ohr_ncp_20250516T1540191774_d_img_d18_x10880_y85760.png,0.2843,333.78,262.4,339.27,269.95
ch2_ohr_ncp_20250516T1540191774_d_img_d18_x10880_y85760.png,0.2531,339.45,165.41,345.32,170.42
ch2_ohr_ncp_20250516T1540191774_d_img_d18_x10880_y85760.png,0.2324,131.07,128.25,138.91,134.31
ch2_ohr_ncp_20250516T1540191774_d_img_d18_x10880_y89600.png,0.233,595.22,107.87,601.31,113.75
ch2_ohr_ncp_20250516T1540191774_d_img_d18_x11520_y05760.png,0.2462,470.93,487.58,477.7,494.18
ch2_ohr_ncp_20250516T1540191774_d_img_d18_x11520_y12160.png,0.2169,474.68,300.3,478.95,306.37
ch2_ohr_ncp_20250516T1540191774_d_img_d18_x11520_y16000.png,0.2158,473.01,631.73,479.37,638.35
ch2_ohr_ncp_20250516T1540191774_d_img_d18_x11520_y18560.png,0.2605,473.31,628.59,479.01,636.07
ch2_ohr_ncp_20250516T1540191774_d_img_d18_x11520_y19200.png,0.3297,470.88,625.99,478.35,633.74
ch2_ohr_ncp_20250516T1540191774_d_img_d18_x11520_y19200.png,0.2442,472.73,286.29,479.11,295.02
ch2_ohr_ncp_20250516T1540191774_d_img_d18_x11520_y25600.png,0.2672,223.99,523.87,230.88,532.83
ch2_ohr_ncp_20250516T1540191774_d_img_d18_x11520_y26880.png,0.2275,474.03,423.93,479.25,430.34
ch2_ohr_ncp_20250516T1540191774_d_img_d18_x11520_y29440.png,0.216,470.93,252.02,477.25,258.78
ch2_ohr_ncp_20250516T1540191774_d_img_d18_x11520_y32640.png,0.2124,461.86,627.2,467.62,633.09
ch2_ohr_ncp_20250516T1540191774_d_img_d18_x11520_y33920.png,0.2021,473.48,615.48,479.39,624.4
ch2_ohr_ncp_20250516T1540191774_d_img_d18_x11520_y47360.png,0.2232,470.99,621.94,478.92,630.32
ch2_ohr_ncp_20250516T1540191774_d_img_d18_x11520_y60800.png,0.2857,473.89,628.57,479.48,636.5
ch2_ohr_ncp_20250516T1540191774_d_img_d18_x11520_y62080.png,0.2631,473.28,549.26,478.72,555.93
ch2_ohr_ncp_20250516T1540191774_d_img_d18_x11520_y69760.png,0.2371,474.48,534.3,479.32,540.7
ch2_ohr_ncp_20250516T1540191774_d_img_d18_x11520_y70400.png,0.3097,98.88,293.16,106.01,303.55
ch2_ohr_ncp_20250516T1540191774_d_img_d18_x11520_y70400.png,0.296,368.18,565.11,379.33,575.46
ch2_ohr_ncp_20250516T1540191774_d_img_d18_x11520_y70400.png,0.2619,161.6,422.22,168.09,427.26
ch2_ohr_ncp_20250516T1540191774_d_img_d18_x11520_y74880.png,0.2238,473.59,519.12,479.09,525.44
ch2_ohr_ncp_20250516T1540191774_d_img_d18_x11520_y75520.png,0.2435,211.62,172.88,217.16,178.54
ch2_ohr_ncp_20250516T1540191774_d_img_d18_x11520_y76160.png,0.221,452.45,628.77,459.7,636.14
ch2_ohr_ncp_20250516T1540191774_d_img_d18_x11520_y76800.png,0.2513,473.35,623.31,479.11,629.41
ch2_ohr_ncp_20250612T2031048828_d_img_d18_x00000_y24960.png,0.2445,501.04,94.38,514.6,107.0
ch2_ohr_ncp_20250612T2031048828_d_img_d18_x00000_y25600.png,0.2062,114.31,624.49,130.92,639.29
ch2_ohr_ncp_20250612T2031048828_d_img_d18_x00000_y30080.png,0.2173,625.31,115.02,634.45,124.46
ch2_ohr_ncp_20250612T2031048828_d_img_d18_x00000_y30720.png,0.4342,627.08,351.23,638.69,364.44
ch2_ohr_ncp_20250612T2031048828_d_img_d18_x00000_y30720.png,0.2521,625.2,325.16,638.19,339.57
ch2_ohr_ncp_20250612T2031048828_d_img_d18_x00000_y32640.png,0.2231,0.0,297.37,10.03,308.81
ch2_ohr_ncp_20250612T2031048828_d_img_d18_x00000_y37120.png,0.3345,624.94,151.06,638.17,164.32
ch2_ohr_ncp_20250612T2031048828_d_img_d18_x00000_y40320.png,0.2075,0.0,42.16,39.8,79.01
ch2_ohr_ncp_20250612T2031048828_d_img_d18_x00000_y46080.png,0.2311,173.36,300.66,194.92,316.04
ch2_ohr_ncp_20250612T2031048828_d_img_d18_x00000_y48000.png,0.212,315.81,481.09,322.14,488.94
ch2_ohr_ncp_20250612T2031048828_d_img_d18_x00000_y55040.png,0.2625,626.04,37.78,639.15,55.97
ch2_ohr_ncp_20250612T2031048828_d_img_d18_x00000_y56960.png,0.2483,234.15,580.38,241.84,590.67
ch2_ohr_ncp_20250612T2031048828_d_img_d18_x00000_y61440.png,0.234,4.57,618.65,19.99,635.39
ch2_ohr_ncp_20250612T2031048828_d_img_d18_x00000_y62080.png,0.2297,403.15,479.37,410.19,486.74
ch2_ohr_ncp_20250612T2031048828_d_img_d18_x00640_y10880.png,0.3752,230.74,621.21,253.39,638.15
ch2_ohr_ncp_20250612T2031048828_d_img_d18_x00640_y12160.png,0.3061,438.09,142.96,448.9,154.68
ch2_ohr_ncp_20250612T2031048828_d_img_d18_x00640_y21760.png,0.2388,245.77,625.98,263.53,638.14
ch2_ohr_ncp_20250612T2031048828_d_img_d18_x00640_y21760.png,0.2036,569.86,0.87,580.83,11.92
ch2_ohr_ncp_20250612T2031048828_d_img_d18_x00640_y35840.png,0.2192,0.0,452.95,26.77,475.9
ch2_ohr_ncp_20250612T2031048828_d_img_d18_x00640_y38400.png,0.2422,618.77,318.28,636.75,334.31
ch2_ohr_ncp_20250612T2031048828_d_img_d18_x00640_y39680.png,0.2078,614.48,204.47,639.87,228.34
ch2_ohr_ncp_20250612T2031048828_d_img_d18_x00640_y42880.png,0.2113,1.71,509.43,23.22,524.27
ch2_ohr_ncp_20250612T2031048828_d_img_d18_x00640_y46720.png,0.274,147.66,426.85,156.67,435.5
ch2_ohr_ncp_20250612T2031048828_d_img_d18_x00640_y49280.png,0.223,627.88,314.79,638.41,324.79
ch2_ohr_ncp_20250612T2031048828_d_img_d18_x00640_y50560.png,0.2035,0.3,116.12,8.9,132.85
ch2_ohr_ncp_20250612T2031048828_d_img_d18_x00640_y53120.png,0.2969,353.93,415.27,371.45,429.63
ch2_ohr_ncp_20250612T2031048828_d_img_d18_x00640_y62080.png,0.2137,517.5,571.21,523.6,578.59
ch2_ohr_ncp_20250612T2031048828_d_img_d18_x00640_y62720.png,0.2236,424.7,414.48,434.61,422.14
ch2_ohr_ncp_20250612T2031048828_d_img_d18_x00640_y64640.png,0.2168,0.12,328.46,8.32,338.07
ch2_ohr_ncp_20250612T2031048828_d_img_d18_x00640_y65280.png,0.2268,277.96,519.46,288.18,529.48
ch2_ohr_ncp_20250612T2031048828_d_img_d18_x00640_y71680.png,0.296,626.64,5.27,639.04,19.8
ch2_ohr_ncp_20250612T2031048828_d_img_d18_x01280_y07040.png,0.2544,622.77,6.53,637.96,21.17
ch2_ohr_ncp_20250612T2031048828_d_img_d18_x01280_y07680.png,0.4268,627.26,257.48,638.56,269.61
ch2_ohr_ncp_20250612T2031048828_d_img_d18_x01280_y17280.png,0.2533,556.45,626.88,564.72,636.21
ch2_ohr_ncp_20250612T2031048828_d_img_d18_x01280_y35840.png,0.2209,626.98,286.28,638.51,299.56
ch2_ohr_ncp_20250612T2031048828_d_img_d18_x01280_y40320.png,0.2043,532.58,596.8,540.6,604.98
ch2_ohr_ncp_20250612T2031048828_d_img_d18_x01280_y41600.png,0.213,1.01,608.34,10.86,618.96
ch2_ohr_ncp_20250612T2031048828_d_img_d18_x01280_y41600.png,0.2061,459.76,246.55,473.86,259.71
ch2_ohr_ncp_20250612T2031048828_d_img_d18_x01280_y46720.png,0.2096,618.71,151.4,636.32,166.21
ch2_ohr_ncp_20250612T2031048828_d_img_d18_x01280_y49280.png,0.3221,626.6,623.81,637.96,636.37
ch2_ohr_ncp_20250612T2031048828_d_img_d18_x01280_y53120.png,0.2874,450.8,587.36,460.7,597.0
ch2_ohr_ncp_20250612T2031048828_d_img_d18_x01280_y54400.png,0.263,0.0,250.14,8.16,262.22
ch2_ohr_ncp_20250612T2031048828_d_img_d18_x01280_y56320.png,0.2763,603.86,1.21,640.0,24.22
ch2_ohr_ncp_20250612T2031048828_d_img_d18_x01280_y60800.png,0.2151,95.33,400.61,112.57,415.31
ch2_ohr_ncp_20250612T2031048828_d_img_d18_x01280_y65280.png,0.2181,628.43,66.81,637.76,76.89
ch2_ohr_ncp_20250612T2031048828_d_img_d18_x01280_y66560.png,0.205,490.98,178.57,501.48,189.98
ch2_ohr_ncp_20250612T2031048828_d_img_d18_x01280_y67840.png,0.2456,388.05,627.55,397.89,635.68
ch2_ohr_ncp_20250612T2031048828_d_img_d18_x01280_y73600.png,0.2089,624.7,7.81,639.16,27.69
ch2_ohr_ncp_20250612T2031048828_d_img_d18_x01280_y75520.png,0.2076,448.95,159.29,467.65,174.6
ch2_ohr_ncp_20250612T2031048828_d_img_d18_x01280_y78080.png,0.2588,0.64,348.97,7.35,359.67
ch2_ohr_ncp_20250612T2031048828_d_img_d18_x01920_y04480.png,0.201,371.23,0.61,382.47,11.07
ch2_ohr_ncp_20250612T2031048828_d_img_d18_x01920_y08320.png,0.21,47.36,333.56,56.6,342.34
ch2_ohr_ncp_20250612T2031048828_d_img_d18_x01920_y14080.png,0.2221,240.8,486.25,263.56,504.26
ch2_ohr_ncp_20250612T2031048828_d_img_d18_x01920_y26880.png,0.2275,0.54,630.68,19.58,640.0
ch2_ohr_ncp_20250612T2031048828_d_img_d18_x01920_y28160.png,0.2084,627.89,208.18,633.31,214.65
ch2_ohr_ncp_20250612T2031048828_d_img_d18_x01920_y30720.png,0.2075,628.56,513.01,639.1,525.05
ch2_ohr_ncp_20250612T2031048828_d_img_d18_x01920_y32000.png,0.203,241.09,262.36,259.55,277.4
ch2_ohr_ncp_20250612T2031048828_d_img_d18_x01920_y33920.png,0.2993,0.67,530.9,10.61,543.73
ch2_ohr_ncp_20250612T2031048828_d_img_d18_x01920_y33920.png,0.2223,256.94,201.72,267.84,211.71
ch2_ohr_ncp_20250612T2031048828_d_img_d18_x01920_y39680.png,0.2347,616.98,236.02,627.52,246.88
ch2_ohr_ncp_20250612T2031048828_d_img_d18_x01920_y40320.png,0.2607,627.36,231.09,638.79,245.93
ch2_ohr_ncp_20250612T2031048828_d_img_d18_x01920_y41600.png,0.2498,1.65,542.21,9.52,550.75
ch2_ohr_ncp_20250612T2031048828_d_img_d18_x01920_y41600.png,0.2421,627.69,356.95,639.64,371.34
ch2_ohr_ncp_20250612T2031048828_d_img_d18_x01920_y41600.png,0.2296,625.0,339.88,637.59,350.07
ch2_ohr_ncp_20250612T2031048828_d_img_d18_x01920_y42880.png,0.2255,43.34,170.99,57.35,183.25
ch2_ohr_ncp_20250612T2031048828_d_img_d18_x01920_y46080.png,0.2115,622.87,244.95,638.65,261.72
ch2_ohr_ncp_20250612T2031048828_d_img_d18_x01920_y47360.png,0.2471,163.65,491.67,171.33,500.57
ch2_ohr_ncp_20250612T2031048828_d_img_d18_x01920_y50560.png,0.2485,626.61,118.55,637.96,131.2
ch2_ohr_ncp_20250612T2031048828_d_img_d18_x01920_y55680.png,0.2188,370.34,370.37,380.83,380.91
ch2_ohr_ncp_20250612T2031048828_d_img_d18_x01920_y56320.png,0.3213,0.15,216.55,10.61,228.06
ch2_ohr_ncp_20250612T2031048828_d_img_d18_x01920_y56960.png,0.2169,628.84,390.88,638.3,402.95
ch2_ohr_ncp_20250612T2031048828_d_img_d18_x01920_y58240.png,0.2194,627.67,294.59,639.04,309.61
ch2_ohr_ncp_20250612T2031048828_d_img_d18_x01920_y58240.png,0.2003,610.29,307.96,636.79,330.22
ch2_ohr_ncp_20250612T2031048828_d_img_d18_x01920_y60800.png,0.2939,534.08,274.93,547.91,286.81
ch2_ohr_ncp_20250612T2031048828_d_img_d18_x01920_y62080.png,0.2339,0.04,208.34,13.7,219.58
ch2_ohr_ncp_20250612T2031048828_d_img_d18_x01920_y62720.png,0.2992,0.22,68.27,9.13,79.63
ch2_ohr_ncp_20250612T2031048828_d_img_d18_x01920_y62720.png,0.2144,0.0,421.45,32.68,453.93
ch2_ohr_ncp_20250612T2031048828_d_img_d18_x01920_y64000.png,0.3213,625.14,381.98,638.26,395.87
ch2_ohr_ncp_20250612T2031048828_d_img_d18_x01920_y64640.png,0.2031,354.89,200.68,362.65,211.57
ch2_ohr_ncp_20250612T2031048828_d_img_d18_x01920_y67200.png,0.2102,114.07,378.88,123.31,387.53
ch2_ohr_ncp_20250612T2031048828_d_img_d18_x01920_y70400.png,0.3058,375.27,223.05,386.94,234.58
ch2_ohr_ncp_20250612T2031048828_d_img_d18_x01920_y70400.png,0.2012,405.24,378.09,415.67,387.41
ch2_ohr_ncp_20250612T2031048828_d_img_d18_x01920_y73600.png,0.2297,250.11,514.96,262.9,524.87
ch2_ohr_ncp_20250612T2031048828_d_img_d18_x01920_y78720.png,0.2863,626.23,391.33,637.59,404.1
ch2_ohr_ncp_20250612T2031048828_d_img_d18_x02560_y00640.png,0.2018,624.99,319.77,636.78,332.78
ch2_ohr_ncp_20250612T2031048828_d_img_d18_x02560_y06400.png,0.2216,623.55,387.98,638.59,403.26
ch2_ohr_ncp_20250612T2031048828_d_img_d18_x02560_y12160.png,0.2261,441.32,404.83,486.94,436.21
ch2_ohr_ncp_20250612T2031048828_d_img_d18_x02560_y28800.png,0.206,328.41,565.11,344.51,579.95
ch2_ohr_ncp_20250612T2031048828_d_img_d18_x02560_y37760.png,0.3316,482.58,382.83,498.48,395.82
ch2_ohr_ncp_20250612T2031048828_d_img_d18_x02560_y40320.png,0.2166,88.89,46.9,108.58,62.15
ch2_ohr_ncp_20250612T2031048828_d_img_d18_x02560_y44160.png,0.3094,627.69,543.02,638.81,556.69
ch2_ohr_ncp_20250612T2031048828_d_img_d18_x02560_y48640.png,0.2393,0.0,474.99,6.27,485.46
ch2_ohr_ncp_20250612T2031048828_d_img_d18_x02560_y48640.png,0.2088,322.56,331.07,329.74,340.22
ch2_ohr_ncp_20250612T2031048828_d_img_d18_x02560_y49280.png,0.2248,283.08,425.47,292.39,436.72
ch2_ohr_ncp_20250612T2031048828_d_img_d18_x02560_y58240.png,0.2513,0.26,255.46,7.72,266.09
ch2_ohr_ncp_20250612T2031048828_d_img_d18_x02560_y60160.png,0.2213,225.85,218.12,233.54,229.0
ch2_ohr_ncp_20250612T2031048828_d_img_d18_x02560_y62720.png,0.2964,227.9,367.65,239.72,379.1
ch2_ohr_ncp_20250612T2031048828_d_img_d18_x02560_y65920.png,0.2036,0.0,353.82,14.27,374.88
ch2_ohr_ncp_20250612T2031048828_d_img_d18_x02560_y67200.png,0.3395,196.71,250.18,208.39,260.69
ch2_ohr_ncp_20250612T2031048828_d_img_d18_x02560_y72320.png,0.2064,286.47,337.88,297.35,348.73
ch2_ohr_ncp_20250612T2031048828_d_img_d18_x02560_y72320.png,0.2002,459.55,626.19,470.79,636.31
ch2_ohr_ncp_20250612T2031048828_d_img_d18_x02560_y74240.png,0.252,509.1,627.39,518.12,636.12
ch2_ohr_ncp_20250612T2031048828_d_img_d18_x03200_y02560.png,0.2967,395.93,628.48,405.02,636.8
ch2_ohr_ncp_20250612T2031048828_d_img_d18_x03200_y05120.png,0.202,329.64,269.43,342.35,283.32
ch2_ohr_ncp_20250612T2031048828_d_img_d18_x03200_y13440.png,0.2531,212.64,220.53,229.4,236.78
ch2_ohr_ncp_20250612T2031048828_d_img_d18_x03200_y21120.png,0.3197,0.0,258.72,36.17,292.34
ch2_ohr_ncp_20250612T2031048828_d_img_d18_x03200_y22400.png,0.2158,630.49,283.59,639.32,292.89
ch2_ohr_ncp_20250612T2031048828_d_img_d18_x03200_y24960.png,0.2327,444.01,231.07,456.88,243.64
ch2_ohr_ncp_20250612T2031048828_d_img_d18_x03200_y27520.png,0.2405,502.55,125.59,512.72,134.46
ch2_ohr_ncp_20250612T2031048828_d_img_d18_x03200_y32640.png,0.2024,50.89,363.16,58.38,371.0
ch2_ohr_ncp_20250612T2031048828_d_img_d18_x03200_y35200.png,0.2268,628.23,137.81,637.82,147.98
ch2_ohr_ncp_20250612T2031048828_d_img_d18_x03200_y36480.png,0.2081,631.31,62.35,639.82,72.66
ch2_ohr_ncp_20250612T2031048828_d_img_d18_x03200_y38400.png,0.2,626.63,553.94,637.76,563.68
ch2_ohr_ncp_20250612T2031048828_d_img_d18_x03200_y39040.png,0.2939,245.35,363.48,256.82,372.57
ch2_ohr_ncp_20250612T2031048828_d_img_d18_x03200_y39040.png,0.2716,471.01,235.12,480.43,244.15
ch2_ohr_ncp_20250612T2031048828_d_img_d18_x03200_y43520.png,0.2019,625.46,609.28,639.23,620.96
ch2_ohr_ncp_20250612T2031048828_d_img_d18_x03200_y51200.png,0.2625,1.14,31.14,24.95,55.79
ch2_ohr_ncp_20250612T2031048828_d_img_d18_x03200_y58240.png,0.4137,626.14,71.09,638.98,84.91
ch2_ohr_ncp_20250612T2031048828_d_img_d18_x03200_y60160.png,0.2428,0.0,330.14,36.49,364.48
ch2_ohr_ncp_20250612T2031048828_d_img_d18_x03200_y62080.png,0.2152,608.29,409.35,640.0,437.97
ch2_ohr_ncp_20250612T2031048828_d_img_d18_x03200_y62720.png,0.2453,338.49,48.22,356.91,61.74
ch2_ohr_ncp_20250612T2031048828_d_img_d18_x03200_y64000.png,0.2619,341.32,124.01,350.95,132.94
ch2_ohr_ncp_20250612T2031048828_d_img_d18_x03200_y67200.png,0.2501,626.29,414.11,637.69,427.71
ch2_ohr_ncp_20250612T2031048828_d_img_d18_x03200_y68480.png,0.2554,130.45,362.24,140.36,372.45
ch2_ohr_ncp_20250612T2031048828_d_img_d18_x03200_y69760.png,0.2431,618.58,404.14,636.2,418.62
ch2_ohr_ncp_20250612T2031048828_d_img_d18_x03200_y71040.png,0.3554,501.78,470.37,511.72,480.45
ch2_ohr_ncp_20250612T2031048828_d_img_d18_x03200_y71040.png,0.243,257.42,395.16,267.26,402.44
ch2_ohr_ncp_20250612T2031048828_d_img_d18_x03200_y71680.png,0.2921,431.84,238.43,452.55,252.61
ch2_ohr_ncp_20250612T2031048828_d_img_d18_x03200_y72320.png,0.2263,4.29,610.81,13.03,622.29
ch2_ohr_ncp_20250612T2031048828_d_img_d18_x03840_y05120.png,0.3009,192.76,554.47,203.71,564.73
ch2_ohr_ncp_20250612T2031048828_d_img_d18_x03840_y07040.png,0.2598,380.82,626.89,393.27,636.58
ch2_ohr_ncp_20250612T2031048828_d_img_d18_x03840_y08320.png,0.2306,624.35,150.9,638.94,165.37
ch2_ohr_ncp_20250612T2031048828_d_img_d18_x03840_y08320.png,0.2218,244.53,344.9,255.21,356.34
ch2_ohr_ncp_20250612T2031048828_d_img_d18_x03840_y09600.png,0.3212,623.51,149.04,637.98,163.79
ch2_ohr_ncp_20250612T2031048828_d_img_d18_x03840_y12160.png,0.2655,309.81,179.95,319.17,187.55
ch2_ohr_ncp_20250612T2031048828_d_img_d18_x03840_y16640.png,0.2582,626.61,350.67,638.05,361.49
ch2_ohr_ncp_20250612T2031048828_d_img_d18_x03840_y19200.png,0.2152,175.29,587.37,184.98,598.3
ch2_ohr_ncp_20250612T2031048828_d_img_d18_x03840_y37760.png,0.2077,627.13,97.61,638.72,108.25
ch2_ohr_ncp_20250612T2031048828_d_img_d18_x03840_y38400.png,0.2926,626.73,461.75,638.81,475.12
ch2_ohr_ncp_20250612T2031048828_d_img_d18_x03840_y38400.png,0.2375,354.54,251.49,363.27,260.22
ch2_ohr_ncp_20250612T2031048828_d_img_d18_x03840_y39680.png,0.2201,620.52,528.35,637.61,543.76
ch2_ohr_ncp_20250612T2031048828_d_img_d18_x03840_y41600.png,0.2375,628.41,257.58,638.36,268.24
ch2_ohr_ncp_20250612T2031048828_d_img_d18_x03840_y41600.png,0.2085,514.46,587.75,523.69,596.66
ch2_ohr_ncp_20250612T2031048828_d_img_d18_x03840_y44800.png,0.206,614.21,500.83,638.39,520.28
ch2_ohr_ncp_20250612T2031048828_d_img_d18_x03840_y50560.png,0.2657,1.5,155.45,12.51,166.02
ch2_ohr_ncp_20250612T2031048828_d_img_d18_x03840_y52480.png,0.2495,571.43,402.32,579.96,411.5
ch2_ohr_ncp_20250612T2031048828_d_img_d18_x03840_y52480.png,0.2385,136.87,147.01,146.42,157.03
ch2_ohr_ncp_20250612T2031048828_d_img_d18_x03840_y52480.png,0.2172,0.0,401.53,8.46,412.58
ch2_ohr_ncp_20250612T2031048828_d_img_d18_x03840_y53120.png,0.2323,0.0,119.4,6.19,131.36
ch2_ohr_ncp_20250612T2031048828_d_img_d18_x03840_y54400.png,0.2339,387.24,252.49,394.91,260.94
ch2_ohr_ncp_20250612T2031048828_d_img_d18_x03840_y56320.png,0.2585,0.55,362.81,12.15,375.57
ch2_ohr_ncp_20250612T2031048828_d_img_d18_x03840_y63360.png,0.2259,595.46,587.45,601.81,595.54
ch2_ohr_ncp_20250612T2031048828_d_img_d18_x03840_y65280.png,0.249,78.31,267.61,89.96,276.71
ch2_ohr_ncp_20250612T2031048828_d_img_d18_x03840_y73600.png,0.2524,622.76,622.12,636.62,634.37
ch2_ohr_ncp_20250612T2031048828_d_img_d18_x03840_y74880.png,0.239,238.81,496.51,253.83,507.41
ch2_ohr_ncp_20250612T2031048828_d_img_d18_x04480_y03840.png,0.4324,474.88,479.14,482.26,486.44
ch2_ohr_ncp_20250612T2031048828_d_img_d18_x04480_y03840.png,0.373,113.43,389.23,120.2,394.53
ch2_ohr_ncp_20250612T2031048828_d_img_d18_x04480_y03840.png,0.3124,141.03,367.63,149.44,375.44
ch2_ohr_ncp_20250612T2031048828_d_img_d18_x04480_y03840.png,0.279,29.08,293.13,36.45,298.01
ch2_ohr_ncp_20250612T2031048828_d_img_d18_x04480_y03840.png,0.2691,4.7,291.87,11.53,297.93
ch2_ohr_ncp_20250612T2031048828_d_img_d18_x04480_y03840.png,0.2687,103.24,366.96,109.73,372.69
ch2_ohr_ncp_20250612T2031048828_d_img_d18_x04480_y03840.png,0.2337,218.46,215.64,224.62,221.85
ch2_ohr_ncp_20250612T2031048828_d_img_d18_x04480_y03840.png,0.2316,81.59,440.46,87.29,444.08
ch2_ohr_ncp_20250612T2031048828_d_img_d18_x04480_y03840.png,0.2066,477.98,471.37,483.94,475.61
ch2_ohr_ncp_20250612T2031048828_d_img_d18_x04480_y07040.png,0.2354,0.0,132.27,20.44,155.54
ch2_ohr_ncp_20250612T2031048828_d_img_d18_x04480_y08960.png,0.2219,626.34,274.96,636.69,286.12
ch2_ohr_ncp_20250612T2031048828_d_img_d18_x04480_y08960.png,0.2091,555.21,237.67,571.15,253.21
ch2_ohr_ncp_20250612T2031048828_d_img_d18_x04480_y29440.png,0.2119,625.55,256.67,637.93,272.25
ch2_ohr_ncp_20250612T2031048828_d_img_d18_x04480_y40960.png,0.2092,625.86,148.12,639.13,164.4
ch2_ohr_ncp_20250612T2031048828_d_img_d18_x04480_y42880.png,0.2988,623.08,176.41,634.22,187.07
ch2_ohr_ncp_20250612T2031048828_d_img_d18_x04480_y43520.png,0.2304,207.72,625.25,220.34,636.19
ch2_ohr_ncp_20250612T2031048828_d_img_d18_x04480_y44160.png,0.2069,0.17,416.6,8.43,428.55
ch2_ohr_ncp_20250612T2031048828_d_img_d18_x04480_y46080.png,0.2488,458.77,315.24,467.52,324.86
ch2_ohr_ncp_20250612T2031048828_d_img_d18_x04480_y46080.png,0.2207,571.57,75.39,585.06,86.33
ch2_ohr_ncp_20250612T2031048828_d_img_d18_x04480_y48000.png,0.2143,301.36,594.36,308.46,603.27
ch2_ohr_ncp_20250612T2031048828_d_img_d18_x04480_y48640.png,0.234,244.55,482.5,255.25,491.64
ch2_ohr_ncp_20250612T2031048828_d_img_d18_x04480_y55680.png,0.3352,478.06,347.06,489.68,357.7
ch2_ohr_ncp_20250612T2031048828_d_img_d18_x04480_y58240.png,0.2,587.2,629.3,596.51,637.53
ch2_ohr_ncp_20250612T2031048828_d_img_d18_x04480_y61440.png,0.257,1.33,269.78,21.83,286.98
ch2_ohr_ncp_20250612T2031048828_d_img_d18_x04480_y61440.png,0.2549,1.92,271.28,17.51,286.31
ch2_ohr_ncp_20250612T2031048828_d_img_d18_x04480_y61440.png,0.2396,148.56,449.45,162.12,462.8
ch2_ohr_ncp_20250612T2031048828_d_img_d18_x04480_y62080.png,0.201,369.76,632.06,377.92,639.04
ch2_ohr_ncp_20250612T2031048828_d_img_d18_x04480_y64000.png,0.2152,628.5,207.18,639.01,220.07
ch2_ohr_ncp_20250612T2031048828_d_img_d18_x04480_y66560.png,0.2143,603.68,386.45,617.02,398.13
ch2_ohr_ncp_20250612T2031048828_d_img_d18_x04480_y69120.png,0.2057,70.25,259.63,83.77,272.34
ch2_ohr_ncp_20250612T2031048828_d_img_d18_x04480_y69760.png,0.253,620.85,342.07,636.51,356.35
ch2_ohr_ncp_20250612T2031048828_d_img_d18_x04480_y70400.png,0.2161,322.7,243.5,329.83,252.11
ch2_ohr_ncp_20250612T2031048828_d_img_d18_x04480_y75520.png,0.2367,0.06,43.52,7.06,53.01
ch2_ohr_ncp_20250612T2031048828_d_img_d18_x05120_y08320.png,0.2748,618.56,0.09,631.85,8.88
ch2_ohr_ncp_20250612T2031048828_d_img_d18_x05120_y09600.png,0.2853,626.08,367.36,637.56,379.98
ch2_ohr_ncp_20250612T2031048828_d_img_d18_x05120_y09600.png,0.2313,33.45,509.62,42.68,517.23
ch2_ohr_ncp_20250612T2031048828_d_img_d18_x05120_y23040.png,0.2102,624.22,591.54,633.32,602.14
ch2_ohr_ncp_20250612T2031048828_d_img_d18_x05120_y33920.png,0.2425,245.76,628.4,259.25,639.0
ch2_ohr_ncp_20250612T2031048828_d_img_d18_x05120_y37760.png,0.3553,625.84,110.95,639.04,125.9
ch2_ohr_ncp_20250612T2031048828_d_img_d18_x05120_y38400.png,0.3335,621.81,116.86,638.52,133.3
ch2_ohr_ncp_20250612T2031048828_d_img_d18_x05120_y39040.png,0.2285,103.01,26.53,112.38,35.69
ch2_ohr_ncp_20250612T2031048828_d_img_d18_x05120_y39680.png,0.2016,0.07,176.37,7.08,186.79
ch2_ohr_ncp_20250612T2031048828_d_img_d18_x05120_y43520.png,0.2328,0.0,170.58,7.22,180.63
ch2_ohr_ncp_20250612T2031048828_d_img_d18_x05120_y46720.png,0.3314,450.0,538.93,459.19,547.81
ch2_ohr_ncp_20250612T2031048828_d_img_d18_x05120_y48000.png,0.2086,628.4,368.05,638.98,380.0
ch2_ohr_ncp_20250612T2031048828_d_img_d18_x05120_y62720.png,0.2589,68.0,443.46,75.53,453.21
ch2_ohr_ncp_20250612T2031048828_d_img_d18_x05120_y64000.png,0.2277,0.09,543.6,8.63,555.57
ch2_ohr_ncp_20250612T2031048828_d_img_d18_x05120_y67200.png,0.2358,300.6,217.49,309.9,225.52
ch2_ohr_ncp_20250612T2031048828_d_img_d18_x05120_y68480.png,0.2426,624.38,81.57,635.21,93.44
ch2_ohr_ncp_20250612T2031048828_d_img_d18_x05120_y69760.png,0.3868,2.63,302.49,22.1,317.2
ch2_ohr_ncp_20250612T2031048828_d_img_d18_x05120_y71040.png,0.201,624.14,151.34,639.64,170.08
ch2_ohr_ncp_20250612T2031048828_d_img_d18_x05120_y76160.png,0.2676,465.98,459.4,474.19,467.29
ch2_ohr_ncp_20250612T2031048828_d_img_d18_x05120_y76160.png,0.2121,383.88,625.67,395.61,635.05
ch2_ohr_ncp_20250612T2031048828_d_img_d18_x05120_y76160.png,0.2037,283.07,322.62,289.77,331.41
ch2_ohr_ncp_20250612T2031048828_d_img_d18_x05760_y01920.png,0.2176,620.38,529.14,632.63,540.59
ch2_ohr_ncp_20250612T2031048828_d_img_d18_x05760_y05760.png,0.2229,450.74,38.69,457.3,45.28
ch2_ohr_ncp_20250612T2031048828_d_img_d18_x05760_y05760.png,0.2133,391.26,509.75,399.58,518.02
ch2_ohr_ncp_20250612T2031048828_d_img_d18_x05760_y09600.png,0.3005,252.53,319.11,265.96,330.81
ch2_ohr_ncp_20250612T2031048828_d_img_d18_x05760_y16000.png,0.2004,353.9,347.48,362.75,355.14
ch2_ohr_ncp_20250612T2031048828_d_img_d18_x05760_y52480.png,0.2165,0.0,465.41,6.14,475.29
ch2_ohr_ncp_20250612T2031048828_d_img_d18_x05760_y58880.png,0.2354,220.9,623.79,233.74,635.3
ch2_ohr_ncp_20250612T2031048828_d_img_d18_x05760_y59520.png,0.2396,625.57,306.05,636.26,317.42
ch2_ohr_ncp_20250612T2031048828_d_img_d18_x05760_y65280.png,0.4424,616.39,160.6,637.52,185.12
ch2_ohr_ncp_20250612T2031048828_d_img_d18_x05760_y75520.png,0.2034,624.95,167.29,638.68,180.94
ch2_ohr_ncp_20250612T2031048828_d_img_d18_x05760_y78720.png,0.3131,628.12,382.59,639.04,394.84
ch2_ohr_ncp_20250612T2031048828_d_img_d18_x05760_y78720.png,0.2409,134.85,625.8,146.21,636.76
ch2_ohr_ncp_20250612T2031048828_d_img_d18_x06400_y14080.png,0.276,0.01,405.48,18.83,420.2
ch2_ohr_ncp_20250612T2031048828_d_img_d18_x06400_y26880.png,0.212,0.0,314.04,8.71,324.66
ch2_ohr_ncp_20250612T2031048828_d_img_d18_x06400_y26880.png,0.2093,0.59,313.41,10.37,323.98
ch2_ohr_ncp_20250612T2031048828_d_img_d18_x06400_y29440.png,0.2194,626.66,311.1,638.54,324.85
ch2_ohr_ncp_20250612T2031048828_d_img_d18_x06400_y39040.png,0.2182,229.44,79.08,238.85,88.04
ch2_ohr_ncp_20250612T2031048828_d_img_d18_x06400_y44160.png,0.2692,377.67,138.48,386.66,148.38
ch2_ohr_ncp_20250612T2031048828_d_img_d18_x06400_y62080.png,0.2979,418.1,459.34,427.52,469.02
ch2_ohr_ncp_20250612T2031048828_d_img_d18_x06400_y62080.png,0.2561,300.93,321.15,316.5,335.06
ch2_ohr_ncp_20250612T2031048828_d_img_d18_x06400_y62720.png,0.2082,322.46,412.61,330.57,421.46
ch2_ohr_ncp_20250612T2031048828_d_img_d18_x06400_y65280.png,0.2006,464.02,411.3,475.58,420.54
ch2_ohr_ncp_20250612T2031048828_d_img_d18_x06400_y74240.png,0.3487,370.8,499.15,379.28,507.95
ch2_ohr_ncp_20250612T2031048828_d_img_d18_x07040_y06400.png,0.3415,1.34,360.82,10.95,371.39
ch2_ohr_ncp_20250612T2031048828_d_img_d18_x07040_y10880.png,0.2012,339.77,628.4,359.51,640.0
ch2_ohr_ncp_20250612T2031048828_d_img_d18_x07040_y11520.png,0.2705,627.36,272.03,637.87,284.3
ch2_ohr_ncp_20250612T2031048828_d_img_d18_x07040_y12160.png,0.3143,626.09,566.79,639.29,580.6
ch2_ohr_ncp_20250612T2031048828_d_img_d18_x07040_y25600.png,0.209,1.12,314.34,11.15,323.91
ch2_ohr_ncp_20250612T2031048828_d_img_d18_x07040_y30720.png,0.2394,624.96,627.01,635.56,636.93
ch2_ohr_ncp_20250612T2031048828_d_img_d18_x07040_y35200.png,0.3472,259.17,90.5,266.73,99.32
ch2_ohr_ncp_20250612T2031048828_d_img_d18_x07040_y35200.png,0.2699,286.95,99.32,300.07,110.08
ch2_ohr_ncp_20250612T2031048828_d_img_d18_x07040_y42240.png,0.2234,232.73,59.03,243.19,69.14
ch2_ohr_ncp_20250612T2031048828_d_img_d18_x07040_y42240.png,0.212,358.99,243.41,369.54,254.26
ch2_ohr_ncp_20250612T2031048828_d_img_d18_x07040_y42880.png,0.2026,157.5,626.48,166.0,634.94
ch2_ohr_ncp_20250612T2031048828_d_img_d18_x07040_y55040.png,0.2236,627.4,34.19,636.24,44.21
ch2_ohr_ncp_20250612T2031048828_d_img_d18_x07040_y56960.png,0.3883,240.28,0.74,248.74,10.27
ch2_ohr_ncp_20250612T2031048828_d_img_d18_x07040_y58240.png,0.2604,5.91,244.56,13.23,251.65
ch2_ohr_ncp_20250612T2031048828_d_img_d18_x07040_y60800.png,0.2303,620.41,587.05,632.4,597.21
ch2_ohr_ncp_20250612T2031048828_d_img_d18_x07040_y62720.png,0.2561,131.76,627.14,140.8,636.2
ch2_ohr_ncp_20250612T2031048828_d_img_d18_x07040_y69120.png,0.2179,155.01,58.89,162.87,67.37
ch2_ohr_ncp_20250612T2031048828_d_img_d18_x07040_y69120.png,0.2091,304.36,298.47,314.95,307.86
ch2_ohr_ncp_20250612T2031048828_d_img_d18_x07040_y71680.png,0.2551,626.56,135.72,638.08,148.42
ch2_ohr_ncp_20250612T2031048828_d_img_d18_x07680_y04480.png,0.3423,519.57,333.62,538.2,348.02
ch2_ohr_ncp_20250612T2031048828_d_img_d18_x07680_y16000.png,0.2095,620.72,176.52,632.05,186.29
ch2_ohr_ncp_20250612T2031048828_d_img_d18_x07680_y24960.png,0.2289,626.03,520.06,638.7,535.06
ch2_ohr_ncp_20250612T2031048828_d_img_d18_x07680_y42240.png,0.2748,627.55,282.42,635.5,291.72
ch2_ohr_ncp_20250612T2031048828_d_img_d18_x07680_y43520.png,0.2696,530.73,219.45,539.36,227.88
ch2_ohr_ncp_20250612T2031048828_d_img_d18_x07680_y47360.png,0.2122,99.33,330.58,107.89,340.17
ch2_ohr_ncp_20250612T2031048828_d_img_d18_x07680_y75520.png,0.2221,627.86,194.52,638.39,204.73
ch2_ohr_ncp_20250612T2031048828_d_img_d18_x07680_y78720.png,0.2199,629.08,334.53,637.98,345.35
ch2_ohr_ncp_20250612T2031048828_d_img_d18_x08320_y10240.png,0.2212,378.92,306.54,389.71,316.44
ch2_ohr_ncp_20250612T2031048828_d_img_d18_x08320_y10240.png,0.2176,623.67,478.3,638.44,492.6
ch2_ohr_ncp_20250612T2031048828_d_img_d18_x08320_y11520.png,0.2206,526.4,109.68,537.58,118.79
ch2_ohr_ncp_20250612T2031048828_d_img_d18_x08320_y34560.png,0.2463,289.51,465.3,299.12,475.43
ch2_ohr_ncp_20250612T2031048828_d_img_d18_x08320_y39680.png,0.228,71.26,624.05,88.91,637.1
ch2_ohr_ncp_20250612T2031048828_d_img_d18_x08320_y53120.png,0.2615,371.63,266.21,379.76,275.35
ch2_ohr_ncp_20250612T2031048828_d_img_d18_x08320_y53120.png,0.2232,4.44,346.21,13.08,356.4
ch2_ohr_ncp_20250612T2031048828_d_img_d18_x08320_y53760.png,0.2398,480.32,389.84,502.31,406.81
ch2_ohr_ncp_20250612T2031048828_d_img_d18_x08320_y66560.png,0.233,628.98,375.15,637.11,384.09
ch2_ohr_ncp_20250612T2031048828_d_img_d18_x08320_y66560.png,0.2135,628.19,104.92,639.12,116.7
ch2_ohr_ncp_20250612T2031048828_d_img_d18_x08320_y72320.png,0.2352,0.0,117.3,24.62,141.98
ch2_ohr_ncp_20250612T2031048828_d_img_d18_x08320_y77440.png,0.224,184.7,112.09,204.51,127.31
ch2_ohr_ncp_20250612T2031048828_d_img_d18_x08960_y10240.png,0.2914,626.75,111.01,638.18,124.26
ch2_ohr_ncp_20250612T2031048828_d_img_d18_x08960_y35840.png,0.2396,626.19,209.56,636.49,221.0
ch2_ohr_ncp_20250612T2031048828_d_img_d18_x08960_y42240.png,0.324,418.28,274.63,427.3,284.19
ch2_ohr_ncp_20250612T2031048828_d_img_d18_x08960_y46080.png,0.2635,42.56,276.57,51.27,285.52
ch2_ohr_ncp_20250612T2031048828_d_img_d18_x08960_y46720.png,0.216,628.62,624.96,638.02,636.05
ch2_ohr_ncp_20250612T2031048828_d_img_d18_x08960_y49280.png,0.2238,287.63,81.57,324.21,108.91
ch2_ohr_ncp_20250612T2031048828_d_img_d18_x08960_y49920.png,0.2419,185.84,51.26,195.11,60.34
ch2_ohr_ncp_20250612T2031048828_d_img_d18_x08960_y57600.png,0.2177,213.06,147.01,221.33,155.13
ch2_ohr_ncp_20250612T2031048828_d_img_d18_x08960_y68480.png,0.2167,615.63,129.7,637.81,152.23
ch2_ohr_ncp_20250612T2031048828_d_img_d18_x08960_y69120.png,0.2033,630.16,69.78,639.63,78.92
ch2_ohr_ncp_20250612T2031048828_d_img_d18_x08960_y71040.png,0.2449,507.61,558.3,522.54,571.69
ch2_ohr_ncp_20250612T2031048828_d_img_d18_x08960_y71040.png,0.2087,5.61,219.53,17.8,231.61
ch2_ohr_ncp_20250612T2031048828_d_img_d18_x08960_y71680.png,0.4413,625.3,54.36,639.62,72.1
ch2_ohr_ncp_20250612T2031048828_d_img_d18_x08960_y73600.png,0.2395,244.78,121.64,256.12,134.87
ch2_ohr_ncp_20250612T2031048828_d_img_d18_x08960_y73600.png,0.2251,122.3,178.93,132.03,189.11
ch2_ohr_ncp_20250612T2031048828_d_img_d18_x08960_y74880.png,0.215,0.0,423.18,15.2,439.02
ch2_ohr_ncp_20250612T2031048828_d_img_d18_x08960_y76160.png,0.2306,627.08,534.25,638.85,548.66
ch2_ohr_ncp_20250612T2031048828_d_img_d18_x08960_y76800.png,0.2363,578.33,347.3,588.34,356.8
ch2_ohr_ncp_20250612T2031048828_d_img_d18_x09600_y00000.png,0.214,628.5,103.16,636.47,111.86
ch2_ohr_ncp_20250612T2031048828_d_img_d18_x09600_y01280.png,0.2149,265.87,248.5,284.73,261.52
ch2_ohr_ncp_20250612T2031048828_d_img_d18_x09600_y03200.png,0.2748,625.49,326.67,639.28,340.04
ch2_ohr_ncp_20250612T2031048828_d_img_d18_x09600_y03200.png,0.2487,499.28,331.59,507.23,339.75
ch2_ohr_ncp_20250612T2031048828_d_img_d18_x09600_y03840.png,0.2122,244.59,484.08,252.66,492.79
ch2_ohr_ncp_20250612T2031048828_d_img_d18_x09600_y07040.png,0.2104,625.49,402.45,637.24,412.92
ch2_ohr_ncp_20250612T2031048828_d_img_d18_x09600_y12160.png,0.2342,2.01,343.67,15.54,357.64
ch2_ohr_ncp_20250612T2031048828_d_img_d18_x09600_y12160.png,0.234,243.1,41.37,255.87,52.97
ch2_ohr_ncp_20250612T2031048828_d_img_d18_x09600_y15360.png,0.234,180.22,542.27,186.01,549.25
ch2_ohr_ncp_20250612T2031048828_d_img_d18_x09600_y24960.png,0.2521,627.08,556.95,633.29,565.91
ch2_ohr_ncp_20250612T2031048828_d_img_d18_x09600_y24960.png,0.2023,0.2,158.66,16.56,173.8
ch2_ohr_ncp_20250612T2031048828_d_img_d18_x09600_y26880.png,0.2237,539.22,258.14,547.29,267.66
ch2_ohr_ncp_20250612T2031048828_d_img_d18_x09600_y30080.png,0.2107,404.7,441.89,417.75,453.19
ch2_ohr_ncp_20250612T2031048828_d_img_d18_x09600_y40320.png,0.2286,107.56,93.16,114.06,100.21
ch2_ohr_ncp_20250612T2031048828_d_img_d18_x09600_y42880.png,0.2348,419.75,570.44,433.59,582.65
ch2_ohr_ncp_20250612T2031048828_d_img_d18_x09600_y48000.png,0.2253,0.18,147.11,11.87,165.02
ch2_ohr_ncp_20250612T2031048828_d_img_d18_x09600_y49280.png,0.2253,0.01,208.03,7.35,218.24
ch2_ohr_ncp_20250612T2031048828_d_img_d18_x09600_y51840.png,0.2488,377.91,530.74,387.9,542.02
ch2_ohr_ncp_20250612T2031048828_d_img_d18_x09600_y52480.png,0.2311,48.13,266.88,61.39,277.49
ch2_ohr_ncp_20250612T2031048828_d_img_d18_x09600_y59520.png,0.2736,225.85,26.64,234.72,36.82
ch2_ohr_ncp_20250612T2031048828_d_img_d18_x09600_y61440.png,0.2626,380.88,235.29,389.54,244.52
ch2_ohr_ncp_20250612T2031048828_d_img_d18_x09600_y62080.png,0.2233,546.45,50.13,558.27,61.2
ch2_ohr_ncp_20250612T2031048828_d_img_d18_x09600_y64000.png,0.2811,58.96,35.01,66.24,42.54
ch2_ohr_ncp_20250612T2031048828_d_img_d18_x09600_y68480.png,0.2232,438.02,323.45,447.8,331.77
ch2_ohr_ncp_20250612T2031048828_d_img_d18_x09600_y69760.png,0.2411,146.24,219.02,156.35,228.68
ch2_ohr_ncp_20250612T2031048828_d_img_d18_x09600_y72960.png,0.2656,444.08,27.92,450.45,35.62
ch2_ohr_ncp_20250612T2031048828_d_img_d18_x09600_y74880.png,0.211,61.84,309.85,72.71,319.11
ch2_ohr_ncp_20250612T2031048828_d_img_d18_x09600_y74880.png,0.2002,509.04,230.96,522.03,242.2
ch2_ohr_ncp_20250612T2031048828_d_img_d18_x09600_y76800.png,0.2525,0.13,575.78,8.1,587.86
ch2_ohr_ncp_20250612T2031048828_d_img_d18_x09600_y76800.png,0.2492,626.46,305.54,639.05,318.88
ch2_ohr_ncp_20250612T2031048828_d_img_d18_x10240_y10240.png,0.2152,488.95,245.96,508.76,260.29
ch2_ohr_ncp_20250612T2031048828_d_img_d18_x10240_y20480.png,0.272,114.1,83.21,122.03,91.79
ch2_ohr_ncp_20250612T2031048828_d_img_d18_x10240_y22400.png,0.2107,625.97,626.08,635.86,635.23
ch2_ohr_ncp_20250612T2031048828_d_img_d18_x10240_y24320.png,0.2119,622.91,336.13,634.37,348.15
ch2_ohr_ncp_20250612T2031048828_d_img_d18_x10240_y29440.png,0.2285,1.29,562.63,10.5,573.57
ch2_ohr_ncp_20250612T2031048828_d_img_d18_x10240_y34560.png,0.2283,321.21,170.55,332.57,181.64
ch2_ohr_ncp_20250612T2031048828_d_img_d18_x10240_y43520.png,0.2252,628.24,147.03,638.39,156.68
ch2_ohr_ncp_20250612T2031048828_d_img_d18_x10240_y43520.png,0.2083,539.07,410.32,548.24,421.27
ch2_ohr_ncp_20250612T2031048828_d_img_d18_x10240_y46080.png,0.2112,600.3,329.24,640.0,366.03
ch2_ohr_ncp_20250612T2031048828_d_img_d18_x10240_y47360.png,0.3012,114.69,108.26,122.87,117.22
ch2_ohr_ncp_20250612T2031048828_d_img_d18_x10240_y53120.png,0.2304,627.31,591.7,633.48,598.2
ch2_ohr_ncp_20250612T2031048828_d_img_d18_x10240_y53120.png,0.2056,630.01,603.79,639.21,611.72
ch2_ohr_ncp_20250612T2031048828_d_img_d18_x10240_y60160.png,0.2869,581.82,203.1,591.7,213.74
ch2_ohr_ncp_20250612T2031048828_d_img_d18_x10240_y62080.png,0.2165,166.44,172.0,174.23,180.64
ch2_ohr_ncp_20250612T2031048828_d_img_d18_x10240_y67200.png,0.3242,625.46,293.94,638.99,308.99
ch2_ohr_ncp_20250612T2031048828_d_img_d18_x10240_y67200.png,0.2042,246.53,311.4,254.38,318.63
ch2_ohr_ncp_20250612T2031048828_d_img_d18_x10240_y68480.png,0.2314,347.63,139.23,355.52,147.58
ch2_ohr_ncp_20250612T2031048828_d_img_d18_x10240_y70400.png,0.2157,623.78,253.84,638.84,271.0
ch2_ohr_ncp_20250612T2031048828_d_img_d18_x10240_y73600.png,0.2035,19.36,282.92,26.79,290.94
ch2_ohr_ncp_20250612T2031048828_d_img_d18_x10240_y77440.png,0.2018,460.17,51.9,468.1,60.06
ch2_ohr_ncp_20250612T2031048828_d_img_d18_x10880_y03200.png,0.2386,267.86,627.24,279.58,636.89
ch2_ohr_ncp_20250612T2031048828_d_img_d18_x10880_y05760.png,0.2202,367.91,218.12,382.58,229.36
ch2_ohr_ncp_20250612T2031048828_d_img_d18_x10880_y24960.png,0.2218,29.18,2.57,41.52,14.33
ch2_ohr_ncp_20250612T2031048828_d_img_d18_x10880_y60800.png,0.226,44.39,625.08,52.5,636.09
ch2_ohr_ncp_20250612T2031048828_d_img_d18_x10880_y71040.png,0.3357,627.07,351.72,638.3,365.73
ch2_ohr_ncp_20250612T2031048828_d_img_d18_x10880_y73600.png,0.28,452.65,27.8,460.73,36.88
ch2_ohr_ncp_20250612T2031048828_d_img_d18_x10880_y74880.png,0.2201,515.47,313.51,523.82,323.73
ch2_ohr_ncp_20250612T2031048828_d_img_d18_x10880_y74880.png,0.2163,619.06,511.77,628.17,523.35
ch2_ohr_ncp_20250612T2229094979_d_img_d18_x00000_y07040.png,0.2218,486.68,323.67,494.01,331.74
ch2_ohr_ncp_20250612T2229094979_d_img_d18_x00000_y12160.png,0.2776,629.28,286.24,639.52,299.09
ch2_ohr_ncp_20250612T2229094979_d_img_d18_x00000_y16640.png,0.2309,618.5,10.88,637.06,30.23
ch2_ohr_ncp_20250612T2229094979_d_img_d18_x00000_y19840.png,0.2586,566.32,627.7,576.65,637.61
ch2_ohr_ncp_20250612T2229094979_d_img_d18_x00000_y20480.png,0.2017,122.47,626.96,131.01,635.75
ch2_ohr_ncp_20250612T2229094979_d_img_d18_x00000_y22400.png,0.2343,0.24,248.49,12.82,265.93
ch2_ohr_ncp_20250612T2229094979_d_img_d18_x00000_y33280.png,0.2343,177.42,465.67,188.9,476.27
ch2_ohr_ncp_20250612T2229094979_d_img_d18_x00000_y46720.png,0.3086,194.3,379.13,202.58,387.71
ch2_ohr_ncp_20250612T2229094979_d_img_d18_x00000_y46720.png,0.2291,257.6,269.98,267.5,278.7
ch2_ohr_ncp_20250612T2229094979_d_img_d18_x00000_y48000.png,0.246,617.74,200.12,640.0,234.87
ch2_ohr_ncp_20250612T2229094979_d_img_d18_x00000_y48640.png,0.3103,620.74,625.65,634.66,638.2
ch2_ohr_ncp_20250612T2229094979_d_img_d18_x00000_y48640.png,0.2251,259.84,40.64,274.32,54.11
ch2_ohr_ncp_20250612T2229094979_d_img_d18_x00000_y52480.png,0.2363,450.1,553.19,464.18,565.02
ch2_ohr_ncp_20250612T2229094979_d_img_d18_x00000_y53760.png,0.2102,4.45,346.64,10.24,354.37
ch2_ohr_ncp_20250612T2229094979_d_img_d18_x00000_y58240.png,0.2498,486.7,331.99,497.6,341.44
ch2_ohr_ncp_20250612T2229094979_d_img_d18_x00000_y61440.png,0.2493,203.57,454.99,221.62,468.8
ch2_ohr_ncp_20250612T2229094979_d_img_d18_x00000_y62080.png,0.2014,313.62,579.16,322.97,591.31
ch2_ohr_ncp_20250612T2229094979_d_img_d18_x00000_y63360.png,0.3803,187.16,438.57,203.85,452.59
ch2_ohr_ncp_20250612T2229094979_d_img_d18_x00000_y66560.png,0.2005,179.7,337.4,195.31,351.46
ch2_ohr_ncp_20250612T2229094979_d_img_d18_x00000_y68480.png,0.27,0.29,486.24,10.58,500.82
ch2_ohr_ncp_20250612T2229094979_d_img_d18_x00000_y69120.png,0.2209,168.12,571.0,177.88,581.2
ch2_ohr_ncp_20250612T2229094979_d_img_d18_x00000_y71040.png,0.2314,382.62,267.33,393.83,277.15
ch2_ohr_ncp_20250612T2229094979_d_img_d18_x00000_y72320.png,0.4329,418.32,454.88,433.99,470.33
ch2_ohr_ncp_20250612T2229094979_d_img_d18_x00640_y03200.png,0.2506,563.35,414.67,579.63,428.72
ch2_ohr_ncp_20250612T2229094979_d_img_d18_x00640_y07680.png,0.253,277.79,276.28,284.58,284.36
ch2_ohr_ncp_20250612T2229094979_d_img_d18_x00640_y13440.png,0.2458,288.97,316.15,307.47,332.26
ch2_ohr_ncp_20250612T2229094979_d_img_d18_x00640_y16000.png,0.2014,0.14,513.6,5.93,522.94
ch2_ohr_ncp_20250612T2229094979_d_img_d18_x00640_y16640.png,0.2117,342.5,354.89,353.4,365.1
ch2_ohr_ncp_20250612T2229094979_d_img_d18_x00640_y24960.png,0.203,539.92,547.97,552.56,557.69
ch2_ohr_ncp_20250612T2229094979_d_img_d18_x00640_y25600.png,0.216,354.04,261.58,363.82,270.04
ch2_ohr_ncp_20250612T2229094979_d_img_d18_x00640_y30720.png,0.2171,620.01,417.06,631.69,427.49
ch2_ohr_ncp_20250612T2229094979_d_img_d18_x00640_y31360.png,0.2194,619.53,627.73,632.49,638.74
ch2_ohr_ncp_20250612T2229094979_d_img_d18_x00640_y33280.png,0.2188,626.11,234.43,637.75,243.97
ch2_ohr_ncp_20250612T2229094979_d_img_d18_x00640_y33920.png,0.3354,625.25,420.72,639.24,438.1
ch2_ohr_ncp_20250612T2229094979_d_img_d18_x00640_y39040.png,0.2291,603.09,494.66,639.17,526.85
ch2_ohr_ncp_20250612T2229094979_d_img_d18_x00640_y59520.png,0.2065,390.15,511.13,399.57,519.95
ch2_ohr_ncp_20250612T2229094979_d_img_d18_x00640_y62080.png,0.2081,626.68,361.65,635.67,370.43
ch2_ohr_ncp_20250612T2229094979_d_img_d18_x00640_y66560.png,0.2627,628.44,615.9,639.32,627.2
ch2_ohr_ncp_20250612T2229094979_d_img_d18_x00640_y68480.png,0.2386,291.44,18.2,306.62,31.91
ch2_ohr_ncp_20250612T2229094979_d_img_d18_x00640_y70400.png,0.2494,364.22,117.81,382.03,131.95
ch2_ohr_ncp_20250612T2229094979_d_img_d18_x00640_y70400.png,0.2003,203.45,51.25,230.8,72.1
ch2_ohr_ncp_20250612T2229094979_d_img_d18_x00640_y71040.png,0.2213,373.2,416.34,389.56,433.33
ch2_ohr_ncp_20250612T2229094979_d_img_d18_x00640_y75520.png,0.2285,337.18,622.69,354.96,638.89
ch2_ohr_ncp_20250612T2229094979_d_img_d18_x00640_y77440.png,0.2089,626.43,392.72,636.87,402.94
ch2_ohr_ncp_20250612T2229094979_d_img_d18_x01280_y01920.png,0.2008,350.68,629.16,369.51,640.0
ch2_ohr_ncp_20250612T2229094979_d_img_d18_x01280_y10880.png,0.2643,192.91,104.46,208.76,118.17
ch2_ohr_ncp_20250612T2229094979_d_img_d18_x01280_y13440.png,0.2043,625.39,318.2,637.77,332.44
ch2_ohr_ncp_20250612T2229094979_d_img_d18_x01280_y22400.png,0.2071,338.2,526.16,357.34,540.73
ch2_ohr_ncp_20250612T2229094979_d_img_d18_x01280_y30080.png,0.2481,0.13,353.11,6.6,362.06
ch2_ohr_ncp_20250612T2229094979_d_img_d18_x01280_y30720.png,0.2443,2.06,165.32,26.73,189.11
ch2_ohr_ncp_20250612T2229094979_d_img_d18_x01280_y33920.png,0.2485,0.19,419.29,11.72,439.01
ch2_ohr_ncp_20250612T2229094979_d_img_d18_x01280_y37760.png,0.2162,141.49,276.44,152.7,286.13
ch2_ohr_ncp_20250612T2229094979_d_img_d18_x01280_y39040.png,0.2689,91.02,624.8,100.37,636.04
ch2_ohr_ncp_20250612T2229094979_d_img_d18_x01280_y42880.png,0.2392,628.13,558.68,638.86,569.62
ch2_ohr_ncp_20250612T2229094979_d_img_d18_x01280_y44800.png,0.2879,11.63,231.01,30.05,244.98
ch2_ohr_ncp_20250612T2229094979_d_img_d18_x01280_y44800.png,0.2865,491.87,156.09,505.16,166.22
ch2_ohr_ncp_20250612T2229094979_d_img_d18_x01280_y64000.png,0.2017,154.88,188.33,162.62,196.26
ch2_ohr_ncp_20250612T2229094979_d_img_d18_x01280_y65280.png,0.2018,250.02,333.99,273.86,350.54
ch2_ohr_ncp_20250612T2229094979_d_img_d18_x01280_y77440.png,0.2744,363.12,540.51,378.84,555.12
ch2_ohr_ncp_20250612T2229094979_d_img_d18_x01920_y03840.png,0.2178,629.07,366.86,639.45,379.97
ch2_ohr_ncp_20250612T2229094979_d_img_d18_x01920_y06400.png,0.2602,622.76,367.97,634.51,376.91
ch2_ohr_ncp_20250612T2229094979_d_img_d18_x01920_y06400.png,0.2575,501.25,453.11,512.23,461.99
ch2_ohr_ncp_20250612T2229094979_d_img_d18_x01920_y06400.png,0.2131,605.53,356.04,615.81,366.29
ch2_ohr_ncp_20250612T2229094979_d_img_d18_x01920_y06400.png,0.2033,380.61,620.3,399.63,637.18
ch2_ohr_ncp_20250612T2229094979_d_img_d18_x01920_y08320.png,0.2691,132.38,626.88,143.79,636.68
ch2_ohr_ncp_20250612T2229094979_d_img_d18_x01920_y08320.png,0.2368,123.83,628.27,131.64,637.53
ch2_ohr_ncp_20250612T2229094979_d_img_d18_x01920_y08320.png,0.2114,321.46,626.59,332.77,638.02
ch2_ohr_ncp_20250612T2229094979_d_img_d18_x01920_y08960.png,0.2023,173.66,109.01,183.74,116.84
ch2_ohr_ncp_20250612T2229094979_d_img_d18_x01920_y09600.png,0.2411,340.29,558.9,354.53,572.58
ch2_ohr_ncp_20250612T2229094979_d_img_d18_x01920_y14720.png,0.2894,0.04,138.65,8.04,149.7
ch2_ohr_ncp_20250612T2229094979_d_img_d18_x01920_y22400.png,0.2283,0.0,254.82,22.6,280.0
ch2_ohr_ncp_20250612T2229094979_d_img_d18_x01920_y23680.png,0.25,0.0,507.2,36.03,541.14
ch2_ohr_ncp_20250612T2229094979_d_img_d18_x01920_y24320.png,0.2294,370.87,429.58,379.04,438.87
ch2_ohr_ncp_20250612T2229094979_d_img_d18_x01920_y26880.png,0.2705,628.31,10.44,638.09,20.85
ch2_ohr_ncp_20250612T2229094979_d_img_d18_x01920_y27520.png,0.3005,282.08,395.14,290.03,404.03
ch2_ohr_ncp_20250612T2229094979_d_img_d18_x01920_y27520.png,0.2036,419.54,310.43,433.44,323.57
ch2_ohr_ncp_20250612T2229094979_d_img_d18_x01920_y28160.png,0.2004,505.52,170.54,513.32,178.77
ch2_ohr_ncp_20250612T2229094979_d_img_d18_x01920_y30720.png,0.2522,628.28,538.79,637.93,549.96
ch2_ohr_ncp_20250612T2229094979_d_img_d18_x01920_y37760.png,0.2138,282.36,317.31,296.39,330.11
ch2_ohr_ncp_20250612T2229094979_d_img_d18_x01920_y48640.png,0.2616,619.39,523.67,626.4,532.5
ch2_ohr_ncp_20250612T2229094979_d_img_d18_x01920_y53760.png,0.2063,191.32,395.48,200.11,406.16
ch2_ohr_ncp_20250612T2229094979_d_img_d18_x01920_y54400.png,0.2024,398.13,623.39,410.93,636.09
ch2_ohr_ncp_20250612T2229094979_d_img_d18_x01920_y56960.png,0.2269,518.07,284.34,528.1,294.36
ch2_ohr_ncp_20250612T2229094979_d_img_d18_x01920_y57600.png,0.2205,0.43,621.7,11.09,634.23
ch2_ohr_ncp_20250612T2229094979_d_img_d18_x01920_y57600.png,0.2055,461.36,453.58,482.09,468.02
ch2_ohr_ncp_20250612T2229094979_d_img_d18_x01920_y61440.png,0.2617,252.25,625.99,266.81,638.24
ch2_ohr_ncp_20250612T2229094979_d_img_d18_x01920_y63360.png,0.2247,171.84,235.04,179.93,244.21
ch2_ohr_ncp_20250612T2229094979_d_img_d18_x01920_y64000.png,0.2706,301.15,522.75,316.16,533.52
ch2_ohr_ncp_20250612T2229094979_d_img_d18_x01920_y64000.png,0.2655,167.77,563.61,179.21,575.4
ch2_ohr_ncp_20250612T2229094979_d_img_d18_x01920_y65280.png,0.2001,474.61,7.23,492.32,21.64
ch2_ohr_ncp_20250612T2229094979_d_img_d18_x01920_y66560.png,0.2228,499.63,97.19,508.31,107.16
ch2_ohr_ncp_20250612T2229094979_d_img_d18_x01920_y70400.png,0.2885,492.22,626.68,502.11,635.78
ch2_ohr_ncp_20250612T2229094979_d_img_d18_x01920_y71040.png,0.2018,491.12,388.44,499.24,397.71
ch2_ohr_ncp_20250612T2229094979_d_img_d18_x01920_y72320.png,0.256,619.35,64.52,638.16,85.4
ch2_ohr_ncp_20250612T2229094979_d_img_d18_x01920_y73600.png,0.2028,146.21,109.47,156.35,118.32
ch2_ohr_ncp_20250612T2229094979_d_img_d18_x01920_y74880.png,0.2487,498.34,171.68,506.69,179.51
ch2_ohr_ncp_20250612T2229094979_d_img_d18_x01920_y74880.png,0.2352,531.55,182.43,545.76,195.76
ch2_ohr_ncp_20250612T2229094979_d_img_d18_x01920_y74880.png,0.2024,529.03,155.93,537.35,164.73
ch2_ohr_ncp_20250612T2229094979_d_img_d18_x01920_y76160.png,0.3095,274.67,172.37,293.74,188.65
ch2_ohr_ncp_20250612T2229094979_d_img_d18_x01920_y76160.png,0.2378,443.96,624.03,454.89,634.77
ch2_ohr_ncp_20250612T2229094979_d_img_d18_x01920_y76160.png,0.2289,230.4,266.52,243.8,277.71
ch2_ohr_ncp_20250612T2229094979_d_img_d18_x02560_y00000.png,0.3277,262.06,626.34,272.14,636.29
ch2_ohr_ncp_20250612T2229094979_d_img_d18_x02560_y06400.png,0.2149,199.8,230.84,212.45,243.74
ch2_ohr_ncp_20250612T2229094979_d_img_d18_x02560_y07040.png,0.3222,626.35,0.32,639.67,13.75
ch2_ohr_ncp_20250612T2229094979_d_img_d18_x02560_y10880.png,0.227,97.5,497.92,106.79,505.55
ch2_ohr_ncp_20250612T2229094979_d_img_d18_x02560_y12160.png,0.209,236.91,270.8,252.11,284.72
ch2_ohr_ncp_20250612T2229094979_d_img_d18_x02560_y14080.png,0.2184,381.75,63.98,391.56,74.73
ch2_ohr_ncp_20250612T2229094979_d_img_d18_x02560_y17280.png,0.2082,140.41,394.1,153.75,406.68
ch2_ohr_ncp_20250612T2229094979_d_img_d18_x02560_y21760.png,0.2338,625.71,543.01,639.03,557.9
ch2_ohr_ncp_20250612T2229094979_d_img_d18_x02560_y26240.png,0.2032,610.59,285.87,640.0,317.31
ch2_ohr_ncp_20250612T2229094979_d_img_d18_x02560_y30720.png,0.2729,628.29,117.82,639.4,132.23
ch2_ohr_ncp_20250612T2229094979_d_img_d18_x02560_y32000.png,0.2371,0.0,129.17,22.04,153.81
ch2_ohr_ncp_20250612T2229094979_d_img_d18_x02560_y33920.png,0.2058,388.36,201.36,395.85,210.62
ch2_ohr_ncp_20250612T2229094979_d_img_d18_x02560_y35200.png,0.2257,96.29,0.0,134.84,24.5
ch2_ohr_ncp_20250612T2229094979_d_img_d18_x02560_y42880.png,0.2244,627.56,550.68,639.24,562.92
ch2_ohr_ncp_20250612T2229094979_d_img_d18_x02560_y46720.png,0.2324,515.34,218.86,521.69,227.59
ch2_ohr_ncp_20250612T2229094979_d_img_d18_x02560_y48000.png,0.2456,468.56,298.24,477.92,307.61
ch2_ohr_ncp_20250612T2229094979_d_img_d18_x02560_y55040.png,0.2051,627.42,17.56,639.26,30.07
ch2_ohr_ncp_20250612T2229094979_d_img_d18_x02560_y58240.png,0.2016,537.13,624.25,546.28,635.28
ch2_ohr_ncp_20250612T2229094979_d_img_d18_x02560_y58880.png,0.2033,0.0,601.13,10.5,613.08
ch2_ohr_ncp_20250612T2229094979_d_img_d18_x02560_y59520.png,0.2317,547.51,486.19,566.11,500.89
ch2_ohr_ncp_20250612T2229094979_d_img_d18_x02560_y60800.png,0.2201,460.01,542.69,475.83,556.92
ch2_ohr_ncp_20250612T2229094979_d_img_d18_x02560_y62080.png,0.2806,0.0,55.21,37.41,86.65
ch2_ohr_ncp_20250612T2229094979_d_img_d18_x02560_y64640.png,0.3503,108.08,200.91,123.73,214.21
ch2_ohr_ncp_20250612T2229094979_d_img_d18_x02560_y64640.png,0.2377,315.71,231.54,332.94,245.74
ch2_ohr_ncp_20250612T2229094979_d_img_d18_x02560_y67200.png,0.2243,626.21,260.87,638.49,278.22
ch2_ohr_ncp_20250612T2229094979_d_img_d18_x02560_y67840.png,0.2023,341.73,308.7,353.41,318.86
ch2_ohr_ncp_20250612T2229094979_d_img_d18_x02560_y69760.png,0.2199,321.77,249.86,334.79,261.51
ch2_ohr_ncp_20250612T2229094979_d_img_d18_x02560_y71040.png,0.23,58.71,413.88,75.77,427.86
ch2_ohr_ncp_20250612T2229094979_d_img_d18_x02560_y72960.png,0.251,355.61,624.83,365.87,636.22
ch2_ohr_ncp_20250612T2229094979_d_img_d18_x02560_y73600.png,0.2464,421.13,298.63,433.78,310.27
ch2_ohr_ncp_20250612T2229094979_d_img_d18_x02560_y73600.png,0.2093,627.54,508.26,639.36,521.31
ch2_ohr_ncp_20250612T2229094979_d_img_d18_x02560_y76160.png,0.2199,346.53,278.77,360.65,292.74
ch2_ohr_ncp_20250612T2229094979_d_img_d18_x02560_y76160.png,0.2067,621.33,245.19,638.54,259.68
ch2_ohr_ncp_20250612T2229094979_d_img_d18_x02560_y77440.png,0.2888,280.22,145.95,291.18,156.34
ch2_ohr_ncp_20250612T2229094979_d_img_d18_x02560_y78720.png,0.241,332.13,254.32,347.49,267.5
ch2_ohr_ncp_20250612T2229094979_d_img_d18_x03200_y07040.png,0.2037,0.06,28.87,8.67,37.87
ch2_ohr_ncp_20250612T2229094979_d_img_d18_x03200_y07680.png,0.2794,130.58,0.5,151.31,16.96
ch2_ohr_ncp_20250612T2229094979_d_img_d18_x03200_y36480.png,0.2673,0.24,163.76,23.78,182.7
ch2_ohr_ncp_20250612T2229094979_d_img_d18_x03200_y37760.png,0.2935,628.28,94.74,639.69,107.85
ch2_ohr_ncp_20250612T2229094979_d_img_d18_x03200_y37760.png,0.2853,176.18,0.0,219.35,25.41
ch2_ohr_ncp_20250612T2229094979_d_img_d18_x03200_y37760.png,0.2713,349.39,332.29,356.28,340.13
ch2_ohr_ncp_20250612T2229094979_d_img_d18_x03200_y37760.png,0.2337,461.28,483.17,471.02,492.05
ch2_ohr_ncp_20250612T2229094979_d_img_d18_x03200_y37760.png,0.2141,323.05,411.31,338.04,424.55
ch2_ohr_ncp_20250612T2229094979_d_img_d18_x03200_y39680.png,0.2291,313.16,403.34,323.58,413.84
ch2_ohr_ncp_20250612T2229094979_d_img_d18_x03200_y40960.png,0.215,628.49,56.85,638.31,66.97
ch2_ohr_ncp_20250612T2229094979_d_img_d18_x03200_y42240.png,0.2326,617.51,130.47,638.99,155.79
ch2_ohr_ncp_20250612T2229094979_d_img_d18_x03200_y42880.png,0.2638,626.61,374.97,639.86,392.98
ch2_ohr_ncp_20250612T2229094979_d_img_d18_x03200_y43520.png,0.226,161.07,123.52,169.39,132.86
ch2_ohr_ncp_20250612T2229094979_d_img_d18_x03200_y62720.png,0.2697,562.62,622.3,577.75,636.32
ch2_ohr_ncp_20250612T2229094979_d_img_d18_x03200_y63360.png,0.2568,627.42,380.11,639.59,396.0
ch2_ohr_ncp_20250612T2229094979_d_img_d18_x03200_y64000.png,0.2233,275.06,368.96,291.04,383.88
ch2_ohr_ncp_20250612T2229094979_d_img_d18_x03200_y64640.png,0.3715,312.99,622.76,334.34,637.68
ch2_ohr_ncp_20250612T2229094979_d_img_d18_x03200_y64640.png,0.2623,19.7,236.55,32.97,247.44
ch2_ohr_ncp_20250612T2229094979_d_img_d18_x03200_y65920.png,0.2103,622.6,454.75,639.56,470.82
ch2_ohr_ncp_20250612T2229094979_d_img_d18_x03200_y69120.png,0.3255,248.02,623.03,263.12,636.79
ch2_ohr_ncp_20250612T2229094979_d_img_d18_x03200_y69760.png,0.3052,466.7,355.11,479.84,366.57
ch2_ohr_ncp_20250612T2229094979_d_img_d18_x03200_y71040.png,0.2301,626.35,289.23,637.43,301.19
ch2_ohr_ncp_20250612T2229094979_d_img_d18_x03200_y71680.png,0.2536,317.25,227.27,331.5,240.42
ch2_ohr_ncp_20250612T2229094979_d_img_d18_x03200_y71680.png,0.2059,313.52,225.54,331.14,240.12
ch2_ohr_ncp_20250612T2229094979_d_img_d18_x03200_y74240.png,0.3484,0.21,203.84,11.17,220.3
ch2_ohr_ncp_20250612T2229094979_d_img_d18_x03200_y78080.png,0.3045,618.67,238.08,636.34,254.36
ch2_ohr_ncp_20250612T2229094979_d_img_d18_x03840_y10240.png,0.2757,187.8,88.35,205.41,105.1
ch2_ohr_ncp_20250612T2229094979_d_img_d18_x03840_y11520.png,0.2639,49.22,420.19,74.33,442.84
ch2_ohr_ncp_20250612T2229094979_d_img_d18_x03840_y12160.png,0.2305,626.07,415.36,638.81,427.86
ch2_ohr_ncp_20250612T2229094979_d_img_d18_x03840_y15360.png,0.2296,379.31,104.05,395.69,116.81
ch2_ohr_ncp_20250612T2229094979_d_img_d18_x03840_y16000.png,0.263,624.62,190.77,639.53,209.38
ch2_ohr_ncp_20250612T2229094979_d_img_d18_x03840_y21760.png,0.2079,610.1,170.9,620.49,179.39
ch2_ohr_ncp_20250612T2229094979_d_img_d18_x03840_y22400.png,0.2765,626.45,262.92,638.33,277.16
ch2_ohr_ncp_20250612T2229094979_d_img_d18_x03840_y26240.png,0.3573,261.84,620.84,284.22,637.6
ch2_ohr_ncp_20250612T2229094979_d_img_d18_x03840_y36480.png,0.2081,330.44,0.07,346.65,10.58
ch2_ohr_ncp_20250612T2229094979_d_img_d18_x03840_y43520.png,0.2937,2.16,0.0,16.49,11.75
ch2_ohr_ncp_20250612T2229094979_d_img_d18_x03840_y43520.png,0.2172,258.84,135.44,273.24,148.56
ch2_ohr_ncp_20250612T2229094979_d_img_d18_x03840_y44160.png,0.2275,374.52,531.14,387.18,544.04
ch2_ohr_ncp_20250612T2229094979_d_img_d18_x03840_y44800.png,0.2695,465.15,486.07,494.6,506.17
ch2_ohr_ncp_20250612T2229094979_d_img_d18_x03840_y45440.png,0.2203,626.91,72.34,639.67,89.38
ch2_ohr_ncp_20250612T2229094979_d_img_d18_x03840_y47360.png,0.2332,357.84,627.49,368.58,638.14
ch2_ohr_ncp_20250612T2229094979_d_img_d18_x03840_y52480.png,0.2538,629.21,88.83,638.95,100.54
ch2_ohr_ncp_20250612T2229094979_d_img_d18_x03840_y53120.png,0.3335,627.3,526.94,639.07,540.75
ch2_ohr_ncp_20250612T2229094979_d_img_d18_x03840_y53120.png,0.2137,630.32,238.16,639.38,248.61
ch2_ohr_ncp_20250612T2229094979_d_img_d18_x03840_y55680.png,0.2565,624.05,398.28,640.0,414.27
ch2_ohr_ncp_20250612T2229094979_d_img_d18_x03840_y55680.png,0.246,334.25,625.08,347.66,637.97
ch2_ohr_ncp_20250612T2229094979_d_img_d18_x03840_y55680.png,0.2193,195.53,186.44,201.78,195.19
ch2_ohr_ncp_20250612T2229094979_d_img_d18_x03840_y58240.png,0.2056,400.62,138.61,412.21,149.75
ch2_ohr_ncp_20250612T2229094979_d_img_d18_x03840_y58880.png,0.267,623.85,462.99,638.18,477.17
ch2_ohr_ncp_20250612T2229094979_d_img_d18_x03840_y60160.png,0.3829,625.7,175.63,638.72,187.84
ch2_ohr_ncp_20250612T2229094979_d_img_d18_x03840_y60800.png,0.2787,629.37,489.32,639.05,500.36
ch2_ohr_ncp_20250612T2229094979_d_img_d18_x03840_y61440.png,0.2313,618.65,461.83,638.32,477.44
ch2_ohr_ncp_20250612T2229094979_d_img_d18_x03840_y61440.png,0.2153,437.51,629.47,443.72,635.99
ch2_ohr_ncp_20250612T2229094979_d_img_d18_x03840_y63360.png,0.2462,226.44,115.19,234.51,123.36
ch2_ohr_ncp_20250612T2229094979_d_img_d18_x03840_y64000.png,0.2654,242.78,626.05,253.8,635.93
ch2_ohr_ncp_20250612T2229094979_d_img_d18_x03840_y64640.png,0.2106,617.34,284.64,627.58,293.56
ch2_ohr_ncp_20250612T2229094979_d_img_d18_x03840_y66560.png,0.2064,628.1,302.97,638.32,315.44
ch2_ohr_ncp_20250612T2229094979_d_img_d18_x03840_y69760.png,0.2798,459.96,146.28,468.5,155.82
ch2_ohr_ncp_20250612T2229094979_d_img_d18_x03840_y74240.png,0.2028,368.86,117.26,413.26,145.58
ch2_ohr_ncp_20250612T2229094979_d_img_d18_x03840_y75520.png,0.2542,626.48,62.42,637.76,74.69
ch2_ohr_ncp_20250612T2229094979_d_img_d18_x03840_y78080.png,0.2006,259.84,355.42,268.65,364.13
ch2_ohr_ncp_20250612T2229094979_d_img_d18_x04480_y11520.png,0.2903,623.18,393.68,635.6,405.3
ch2_ohr_ncp_20250612T2229094979_d_img_d18_x04480_y11520.png,0.272,0.0,316.02,30.48,348.35
ch2_ohr_ncp_20250612T2229094979_d_img_d18_x04480_y14720.png,0.2019,109.51,128.15,122.15,140.12
ch2_ohr_ncp_20250612T2229094979_d_img_d18_x04480_y35840.png,0.2511,182.62,268.67,190.82,276.05
ch2_ohr_ncp_20250612T2229094979_d_img_d18_x04480_y40320.png,0.2883,10.22,88.92,27.23,104.87
ch2_ohr_ncp_20250612T2229094979_d_img_d18_x04480_y40320.png,0.2789,615.4,386.84,640.0,411.31
ch2_ohr_ncp_20250612T2229094979_d_img_d18_x04480_y40320.png,0.2408,10.56,67.6,19.86,77.28
ch2_ohr_ncp_20250612T2229094979_d_img_d18_x04480_y42240.png,0.247,627.2,224.58,639.2,236.53
ch2_ohr_ncp_20250612T2229094979_d_img_d18_x04480_y44160.png,0.2012,517.13,477.01,524.86,484.96
ch2_ohr_ncp_20250612T2229094979_d_img_d18_x04480_y46080.png,0.2156,629.97,11.57,639.3,21.59
ch2_ohr_ncp_20250612T2229094979_d_img_d18_x04480_y48000.png,0.3026,211.18,475.14,219.67,483.44
ch2_ohr_ncp_20250612T2229094979_d_img_d18_x04480_y49920.png,0.2484,139.46,205.24,159.5,222.11
ch2_ohr_ncp_20250612T2229094979_d_img_d18_x04480_y51840.png,0.2319,0.0,183.7,8.99,196.93
ch2_ohr_ncp_20250612T2229094979_d_img_d18_x04480_y52480.png,0.2713,450.99,330.34,461.15,340.82
ch2_ohr_ncp_20250612T2229094979_d_img_d18_x04480_y53760.png,0.3379,578.2,299.38,586.16,308.11
ch2_ohr_ncp_20250612T2229094979_d_img_d18_x04480_y55680.png,0.2084,11.11,166.9,28.05,179.77
ch2_ohr_ncp_20250612T2229094979_d_img_d18_x04480_y56320.png,0.2137,358.9,114.46,367.91,123.04
ch2_ohr_ncp_20250612T2229094979_d_img_d18_x04480_y58880.png,0.3167,623.66,131.91,640.0,153.98
ch2_ohr_ncp_20250612T2229094979_d_img_d18_x04480_y63360.png,0.2051,355.81,587.67,365.2,597.74
ch2_ohr_ncp_20250612T2229094979_d_img_d18_x04480_y67200.png,0.2435,377.52,43.74,400.83,63.41
ch2_ohr_ncp_20250612T2229094979_d_img_d18_x04480_y67200.png,0.2273,627.32,626.75,638.29,637.29
ch2_ohr_ncp_20250612T2229094979_d_img_d18_x04480_y69120.png,0.2709,330.24,475.65,339.1,484.9
ch2_ohr_ncp_20250612T2229094979_d_img_d18_x04480_y69120.png,0.2685,283.22,215.03,297.41,227.6
ch2_ohr_ncp_20250612T2229094979_d_img_d18_x04480_y69120.png,0.2318,1.7,530.51,10.54,540.82
ch2_ohr_ncp_20250612T2229094979_d_img_d18_x04480_y69760.png,0.2667,627.15,240.85,638.67,251.61
ch2_ohr_ncp_20250612T2229094979_d_img_d18_x04480_y71680.png,0.2227,339.88,270.97,355.65,284.38
ch2_ohr_ncp_20250612T2229094979_d_img_d18_x05120_y00640.png,0.3277,629.22,190.0,639.35,203.53
ch2_ohr_ncp_20250612T2229094979_d_img_d18_x05120_y00640.png,0.324,194.77,238.51,211.63,254.9
ch2_ohr_ncp_20250612T2229094979_d_img_d18_x05120_y21760.png,0.3103,514.96,384.53,528.29,396.5
ch2_ohr_ncp_20250612T2229094979_d_img_d18_x05120_y28160.png,0.2332,0.0,440.36,6.72,451.58
ch2_ohr_ncp_20250612T2229094979_d_img_d18_x05120_y40960.png,0.2554,271.76,197.49,291.68,213.76
ch2_ohr_ncp_20250612T2229094979_d_img_d18_x05120_y45440.png,0.2578,259.5,62.07,276.75,78.73
ch2_ohr_ncp_20250612T2229094979_d_img_d18_x05120_y46720.png,0.2245,128.45,586.85,139.14,594.79
ch2_ohr_ncp_20250612T2229094979_d_img_d18_x05120_y47360.png,0.2309,76.86,368.53,89.99,380.55
ch2_ohr_ncp_20250612T2229094979_d_img_d18_x05120_y47360.png,0.2272,627.34,37.3,639.65,51.86
ch2_ohr_ncp_20250612T2229094979_d_img_d18_x05120_y48640.png,0.2061,363.19,427.03,372.36,436.71
ch2_ohr_ncp_20250612T2229094979_d_img_d18_x05120_y52480.png,0.2126,498.76,169.64,507.68,179.4
ch2_ohr_ncp_20250612T2229094979_d_img_d18_x05120_y56320.png,0.24,307.24,211.13,315.45,220.63
ch2_ohr_ncp_20250612T2229094979_d_img_d18_x05120_y58240.png,0.2213,627.76,55.12,638.01,66.63
ch2_ohr_ncp_20250612T2229094979_d_img_d18_x05120_y62080.png,0.2117,626.83,50.04,637.1,60.87
ch2_ohr_ncp_20250612T2229094979_d_img_d18_x05120_y68480.png,0.2299,458.18,187.22,467.24,197.1
ch2_ohr_ncp_20250612T2229094979_d_img_d18_x05120_y75520.png,0.332,627.62,71.66,638.79,84.51
ch2_ohr_ncp_20250612T2229094979_d_img_d18_x05120_y76800.png,0.2553,209.51,267.18,218.39,275.78
ch2_ohr_ncp_20250612T2229094979_d_img_d18_x05120_y78080.png,0.202,300.13,114.39,313.46,125.51
ch2_ohr_ncp_20250612T2229094979_d_img_d18_x05760_y00640.png,0.2343,316.05,166.94,331.48,180.26
ch2_ohr_ncp_20250612T2229094979_d_img_d18_x05760_y14080.png,0.217,628.02,151.1,638.63,163.44
ch2_ohr_ncp_20250612T2229094979_d_img_d18_x05760_y23040.png,0.2175,163.67,9.48,174.09,20.56
ch2_ohr_ncp_20250612T2229094979_d_img_d18_x05760_y24960.png,0.2701,625.55,165.75,639.53,184.15
ch2_ohr_ncp_20250612T2229094979_d_img_d18_x05760_y30080.png,0.2351,117.09,267.34,125.16,274.66
ch2_ohr_ncp_20250612T2229094979_d_img_d18_x05760_y38400.png,0.2568,0.0,155.12,16.94,178.27
ch2_ohr_ncp_20250612T2229094979_d_img_d18_x05760_y47360.png,0.2021,0.0,120.03,7.44,129.85
ch2_ohr_ncp_20250612T2229094979_d_img_d18_x05760_y55680.png,0.2087,617.83,549.92,637.59,567.38
ch2_ohr_ncp_20250612T2229094979_d_img_d18_x05760_y57600.png,0.3312,628.56,14.68,638.51,27.06
ch2_ohr_ncp_20250612T2229094979_d_img_d18_x05760_y58880.png,0.3042,585.9,396.91,602.69,412.95
ch2_ohr_ncp_20250612T2229094979_d_img_d18_x05760_y58880.png,0.2328,622.0,330.76,640.0,349.14
ch2_ohr_ncp_20250612T2229094979_d_img_d18_x05760_y74240.png,0.26,619.95,265.86,636.39,279.22
ch2_ohr_ncp_20250612T2229094979_d_img_d18_x05760_y76160.png,0.2987,155.77,12.68,173.69,29.74
ch2_ohr_ncp_20250612T2229094979_d_img_d18_x05760_y76160.png,0.2184,214.9,268.19,235.65,287.55
ch2_ohr_ncp_20250612T2229094979_d_img_d18_x06400_y26240.png,0.2015,531.22,237.93,546.03,251.66
ch2_ohr_ncp_20250612T2229094979_d_img_d18_x06400_y37760.png,0.263,259.6,285.37,274.0,299.02
ch2_ohr_ncp_20250612T2229094979_d_img_d18_x06400_y40320.png,0.2114,106.94,334.57,121.15,347.39
ch2_ohr_ncp_20250612T2229094979_d_img_d18_x06400_y42880.png,0.2611,0.5,421.48,12.17,435.38
ch2_ohr_ncp_20250612T2229094979_d_img_d18_x06400_y59520.png,0.2142,589.51,625.18,598.99,635.6
ch2_ohr_ncp_20250612T2229094979_d_img_d18_x06400_y64000.png,0.2193,411.97,235.46,419.3,243.47
ch2_ohr_ncp_20250612T2229094979_d_img_d18_x06400_y64000.png,0.2106,428.07,626.56,434.61,634.07
ch2_ohr_ncp_20250612T2229094979_d_img_d18_x06400_y68480.png,0.2467,626.35,55.34,638.8,69.07
ch2_ohr_ncp_20250612T2229094979_d_img_d18_x06400_y74240.png,0.3149,341.26,442.19,354.3,454.56
ch2_ohr_ncp_20250612T2229094979_d_img_d18_x06400_y74240.png,0.2721,627.49,414.45,637.89,426.72
ch2_ohr_ncp_20250612T2229094979_d_img_d18_x06400_y76160.png,0.2443,301.81,489.76,314.41,501.33
ch2_ohr_ncp_20250612T2229094979_d_img_d18_x06400_y77440.png,0.332,595.37,622.07,616.35,638.78
ch2_ohr_ncp_20250612T2229094979_d_img_d18_x07040_y00640.png,0.4406,625.35,54.49,639.23,69.64
ch2_ohr_ncp_20250612T2229094979_d_img_d18_x07040_y01280.png,0.2546,609.07,409.31,640.0,446.27
ch2_ohr_ncp_20250612T2229094979_d_img_d18_x07040_y12160.png,0.3072,625.42,438.61,638.41,452.08
ch2_ohr_ncp_20250612T2229094979_d_img_d18_x07040_y12800.png,0.2566,399.71,43.58,439.35,76.4
ch2_ohr_ncp_20250612T2229094979_d_img_d18_x07040_y14080.png,0.2018,4.72,444.22,12.04,454.37
ch2_ohr_ncp_20250612T2229094979_d_img_d18_x07040_y25600.png,0.2268,632.18,64.49,638.91,71.89
ch2_ohr_ncp_20250612T2229094979_d_img_d18_x07040_y26240.png,0.2476,0.0,105.26,6.01,112.78
ch2_ohr_ncp_20250612T2229094979_d_img_d18_x07040_y30080.png,0.3843,266.59,626.17,276.01,637.03
ch2_ohr_ncp_20250612T2229094979_d_img_d18_x07040_y30080.png,0.3492,625.51,483.27,639.29,500.75
ch2_ohr_ncp_20250612T2229094979_d_img_d18_x07040_y30080.png,0.2599,363.74,135.65,380.56,147.74
ch2_ohr_ncp_20250612T2229094979_d_img_d18_x07040_y30080.png,0.2593,545.14,603.83,556.07,613.91
ch2_ohr_ncp_20250612T2229094979_d_img_d18_x07040_y32640.png,0.4132,619.9,229.2,637.83,244.48
ch2_ohr_ncp_20250612T2229094979_d_img_d18_x07040_y32640.png,0.2655,514.92,317.91,531.45,332.12
ch2_ohr_ncp_20250612T2229094979_d_img_d18_x07040_y34560.png,0.2055,619.3,470.97,634.97,485.5
ch2_ohr_ncp_20250612T2229094979_d_img_d18_x07040_y37120.png,0.2829,189.24,628.29,202.92,638.68
ch2_ohr_ncp_20250612T2229094979_d_img_d18_x07040_y37120.png,0.2079,365.88,252.02,374.25,260.63
ch2_ohr_ncp_20250612T2229094979_d_img_d18_x07040_y46080.png,0.2643,627.83,315.14,639.59,331.04
ch2_ohr_ncp_20250612T2229094979_d_img_d18_x07040_y48640.png,0.2335,556.34,35.01,564.52,43.87
ch2_ohr_ncp_20250612T2229094979_d_img_d18_x07040_y51200.png,0.3459,626.5,167.68,639.4,182.87
ch2_ohr_ncp_20250612T2229094979_d_img_d18_x07040_y59520.png,0.2638,291.58,363.72,305.22,374.39
ch2_ohr_ncp_20250612T2229094979_d_img_d18_x07040_y65280.png,0.212,627.77,410.96,635.11,420.45
ch2_ohr_ncp_20250612T2229094979_d_img_d18_x07040_y69120.png,0.2424,0.18,182.07,11.73,196.2
ch2_ohr_ncp_20250612T2229094979_d_img_d18_x07040_y71680.png,0.2341,323.36,143.14,337.16,155.46
ch2_ohr_ncp_20250612T2229094979_d_img_d18_x07040_y72960.png,0.2303,548.86,269.92,561.69,283.2
ch2_ohr_ncp_20250612T2229094979_d_img_d18_x07040_y73600.png,0.2046,383.95,235.0,414.44,261.39
ch2_ohr_ncp_20250612T2229094979_d_img_d18_x07040_y78720.png,0.2136,628.6,498.98,637.46,507.89
ch2_ohr_ncp_20250612T2229094979_d_img_d18_x07680_y03840.png,0.2327,0.05,464.37,6.91,474.86
ch2_ohr_ncp_20250612T2229094979_d_img_d18_x07680_y10240.png,0.4604,618.83,349.85,636.18,365.48
ch2_ohr_ncp_20250612T2229094979_d_img_d18_x07680_y10880.png,0.2877,398.26,410.89,409.96,421.58
ch2_ohr_ncp_20250612T2229094979_d_img_d18_x07680_y10880.png,0.2022,0.0,389.85,41.98,421.1
ch2_ohr_ncp_20250612T2229094979_d_img_d18_x07680_y11520.png,0.2112,324.12,114.65,332.68,124.14
ch2_ohr_ncp_20250612T2229094979_d_img_d18_x07680_y24960.png,0.2602,414.89,629.32,428.23,639.14
ch2_ohr_ncp_20250612T2229094979_d_img_d18_x07680_y28800.png,0.2349,616.87,147.95,626.81,158.45
ch2_ohr_ncp_20250612T2229094979_d_img_d18_x07680_y32640.png,0.2688,626.48,350.51,639.25,364.54
ch2_ohr_ncp_20250612T2229094979_d_img_d18_x07680_y35840.png,0.2351,187.34,1.87,196.02,11.51
ch2_ohr_ncp_20250612T2229094979_d_img_d18_x07680_y40960.png,0.3143,617.22,323.32,638.18,346.81
ch2_ohr_ncp_20250612T2229094979_d_img_d18_x07680_y60800.png,0.2592,222.57,491.01,234.02,502.29
ch2_ohr_ncp_20250612T2229094979_d_img_d18_x07680_y65280.png,0.2894,139.22,72.08,177.09,100.85
ch2_ohr_ncp_20250612T2229094979_d_img_d18_x07680_y71680.png,0.3796,626.31,174.94,639.19,187.84
ch2_ohr_ncp_20250612T2229094979_d_img_d18_x07680_y72960.png,0.2408,0.0,545.32,33.92,569.63
ch2_ohr_ncp_20250612T2229094979_d_img_d18_x07680_y73600.png,0.4108,130.01,62.46,147.27,79.1
ch2_ohr_ncp_20250612T2229094979_d_img_d18_x07680_y73600.png,0.2843,620.31,419.05,634.84,433.71
ch2_ohr_ncp_20250612T2229094979_d_img_d18_x07680_y74240.png,0.2005,146.86,339.12,157.72,349.1
ch2_ohr_ncp_20250612T2229094979_d_img_d18_x08320_y05760.png,0.2857,137.27,95.48,152.87,109.35
ch2_ohr_ncp_20250612T2229094979_d_img_d18_x08320_y08320.png,0.234,250.43,60.85,267.66,77.26
ch2_ohr_ncp_20250612T2229094979_d_img_d18_x08320_y19200.png,0.2931,583.24,300.32,603.97,317.59
ch2_ohr_ncp_20250612T2229094979_d_img_d18_x08320_y19200.png,0.2419,628.51,360.77,637.79,370.3
ch2_ohr_ncp_20250612T2229094979_d_img_d18_x08320_y35840.png,0.3248,3.91,602.78,11.42,612.21
ch2_ohr_ncp_20250612T2229094979_d_img_d18_x08320_y38400.png,0.201,619.82,239.73,631.01,251.03
ch2_ohr_ncp_20250612T2229094979_d_img_d18_x08320_y60160.png,0.2027,629.88,225.41,639.19,235.1
ch2_ohr_ncp_20250612T2229094979_d_img_d18_x08320_y65280.png,0.2536,403.53,526.29,420.2,539.96
ch2_ohr_ncp_20250612T2229094979_d_img_d18_x08320_y65920.png,0.2278,0.38,517.21,9.84,530.34
ch2_ohr_ncp_20250612T2229094979_d_img_d18_x08320_y71040.png,0.2185,627.68,463.46,638.97,476.09
ch2_ohr_ncp_20250612T2229094979_d_img_d18_x08320_y73600.png,0.3182,0.03,336.5,7.89,346.38
ch2_ohr_ncp_20250612T2229094979_d_img_d18_x08320_y74240.png,0.247,0.02,287.17,7.52,297.91
ch2_ohr_ncp_20250612T2229094979_d_img_d18_x08320_y74880.png,0.2092,409.48,74.68,420.29,85.8
ch2_ohr_ncp_20250612T2229094979_d_img_d18_x08320_y78080.png,0.3994,624.82,452.44,638.58,468.05
ch2_ohr_ncp_20250612T2229094979_d_img_d18_x08960_y05760.png,0.2187,628.29,575.11,639.48,587.56
ch2_ohr_ncp_20250612T2229094979_d_img_d18_x08960_y06400.png,0.2066,446.15,0.2,458.68,11.49
ch2_ohr_ncp_20250612T2229094979_d_img_d18_x08960_y10880.png,0.3212,622.69,435.93,639.29,452.86
ch2_ohr_ncp_20250612T2229094979_d_img_d18_x08960_y16000.png,0.2084,278.15,2.81,291.21,14.99
ch2_ohr_ncp_20250612T2229094979_d_img_d18_x08960_y25600.png,0.2372,627.88,566.04,639.5,580.01
ch2_ohr_ncp_20250612T2229094979_d_img_d18_x08960_y25600.png,0.2159,65.06,298.63,73.8,309.03
ch2_ohr_ncp_20250612T2229094979_d_img_d18_x08960_y26240.png,0.2702,0.15,65.68,5.88,73.59
ch2_ohr_ncp_20250612T2229094979_d_img_d18_x08960_y28800.png,0.2171,403.53,195.24,412.25,205.33
ch2_ohr_ncp_20250612T2229094979_d_img_d18_x08960_y31360.png,0.2057,631.45,477.04,639.67,486.09
ch2_ohr_ncp_20250612T2229094979_d_img_d18_x08960_y34560.png,0.2035,173.97,171.37,186.71,181.77
ch2_ohr_ncp_20250612T2229094979_d_img_d18_x08960_y40320.png,0.2477,620.07,193.84,637.68,209.24
ch2_ohr_ncp_20250612T2229094979_d_img_d18_x08960_y40320.png,0.2239,0.31,221.81,26.96,239.54
ch2_ohr_ncp_20250612T2229094979_d_img_d18_x08960_y42240.png,0.2837,276.24,590.06,292.18,603.5
ch2_ohr_ncp_20250612T2229094979_d_img_d18_x08960_y43520.png,0.2743,627.46,626.65,636.98,636.07
ch2_ohr_ncp_20250612T2229094979_d_img_d18_x08960_y52480.png,0.2165,418.72,540.51,430.05,551.92
ch2_ohr_ncp_20250612T2229094979_d_img_d18_x08960_y53120.png,0.2269,322.07,372.58,356.57,401.35
ch2_ohr_ncp_20250612T2229094979_d_img_d18_x08960_y55040.png,0.3257,626.76,339.17,636.58,349.53
ch2_ohr_ncp_20250612T2229094979_d_img_d18_x08960_y60160.png,0.2715,628.31,216.34,639.64,229.28
ch2_ohr_ncp_20250612T2229094979_d_img_d18_x08960_y60800.png,0.2098,295.68,392.02,308.48,404.72
ch2_ohr_ncp_20250612T2229094979_d_img_d18_x08960_y64640.png,0.2038,300.92,624.44,311.17,635.85
ch2_ohr_ncp_20250612T2229094979_d_img_d18_x08960_y71040.png,0.202,599.6,252.59,640.0,289.07
ch2_ohr_ncp_20250612T2229094979_d_img_d18_x08960_y75520.png,0.2557,344.44,194.33,354.96,204.72
ch2_ohr_ncp_20250612T2229094979_d_img_d18_x08960_y76160.png,0.2259,162.64,93.57,170.79,101.38
ch2_ohr_ncp_20250612T2229094979_d_img_d18_x09600_y01280.png,0.2879,440.84,569.24,453.5,580.26
ch2_ohr_ncp_20250612T2229094979_d_img_d18_x09600_y14080.png,0.3853,91.55,125.81,107.61,141.08
ch2_ohr_ncp_20250612T2229094979_d_img_d18_x09600_y14720.png,0.213,601.08,154.42,608.79,164.66
ch2_ohr_ncp_20250612T2229094979_d_img_d18_x09600_y16640.png,0.2463,27.14,1.04,42.05,14.94
ch2_ohr_ncp_20250612T2229094979_d_img_d18_x09600_y19840.png,0.2278,143.74,236.95,154.05,244.68
ch2_ohr_ncp_20250612T2229094979_d_img_d18_x09600_y20480.png,0.2328,627.43,199.25,638.8,212.29
ch2_ohr_ncp_20250612T2229094979_d_img_d18_x09600_y21120.png,0.2342,202.66,367.4,211.97,378.24
ch2_ohr_ncp_20250612T2229094979_d_img_d18_x09600_y26880.png,0.2828,614.85,26.64,640.0,55.17
ch2_ohr_ncp_20250612T2229094979_d_img_d18_x09600_y31360.png,0.3025,274.32,327.0,289.13,340.68
ch2_ohr_ncp_20250612T2229094979_d_img_d18_x09600_y39040.png,0.2115,0.45,193.84,11.26,206.3
ch2_ohr_ncp_20250612T2229094979_d_img_d18_x09600_y40320.png,0.2232,435.41,539.4,443.24,546.8
ch2_ohr_ncp_20250612T2229094979_d_img_d18_x09600_y40960.png,0.2714,284.41,625.05,299.46,635.68
ch2_ohr_ncp_20250612T2229094979_d_img_d18_x09600_y56320.png,0.2728,83.19,415.8,99.13,428.74
ch2_ohr_ncp_20250612T2229094979_d_img_d18_x09600_y56320.png,0.2093,217.3,77.08,224.89,85.64
ch2_ohr_ncp_20250612T2229094979_d_img_d18_x09600_y59520.png,0.2398,626.2,431.4,638.6,444.33
ch2_ohr_ncp_20250612T2229094979_d_img_d18_x09600_y59520.png,0.2391,244.16,339.46,252.1,348.46
ch2_ohr_ncp_20250612T2229094979_d_img_d18_x09600_y62080.png,0.2534,380.34,106.05,393.29,118.37
ch2_ohr_ncp_20250612T2229094979_d_img_d18_x09600_y62720.png,0.3084,626.72,330.38,636.73,340.56
ch2_ohr_ncp_20250612T2229094979_d_img_d18_x09600_y65920.png,0.2224,386.25,381.75,394.22,389.16
ch2_ohr_ncp_20250612T2229094979_d_img_d18_x09600_y67200.png,0.2328,621.4,246.11,636.14,261.29
ch2_ohr_ncp_20250612T2229094979_d_img_d18_x09600_y69120.png,0.2029,629.39,443.29,638.56,453.18
ch2_ohr_ncp_20250612T2229094979_d_img_d18_x09600_y71680.png,0.2054,618.89,631.99,624.03,638.33
ch2_ohr_ncp_20250612T2229094979_d_img_d18_x09600_y75520.png,0.2942,226.11,275.06,234.11,284.12
ch2_ohr_ncp_20250612T2229094979_d_img_d18_x09600_y75520.png,0.2216,289.27,570.71,300.71,580.67
ch2_ohr_ncp_20250612T2229094979_d_img_d18_x09600_y77440.png,0.2633,224.54,1.23,235.79,11.86
ch2_ohr_ncp_20250612T2229094979_d_img_d18_x10240_y08320.png,0.2204,622.66,582.28,636.43,595.75
ch2_ohr_ncp_20250612T2229094979_d_img_d18_x10240_y14720.png,0.3202,291.63,35.29,300.54,45.37
ch2_ohr_ncp_20250612T2229094979_d_img_d18_x10240_y28800.png,0.2043,4.39,300.12,10.4,307.85
ch2_ohr_ncp_20250612T2229094979_d_img_d18_x10240_y30080.png,0.2717,108.72,207.29,122.87,221.48
ch2_ohr_ncp_20250612T2229094979_d_img_d18_x10240_y32640.png,0.212,197.27,517.99,203.07,524.37
ch2_ohr_ncp_20250612T2229094979_d_img_d18_x10240_y32640.png,0.2013,20.19,152.35,30.84,162.81
ch2_ohr_ncp_20250612T2229094979_d_img_d18_x10240_y33920.png,0.53,618.75,237.16,637.88,253.9
ch2_ohr_ncp_20250612T2229094979_d_img_d18_x10240_y33920.png,0.2894,131.42,395.54,140.09,404.25
ch2_ohr_ncp_20250612T2229094979_d_img_d18_x10240_y35200.png,0.2293,404.78,315.03,415.84,324.14
ch2_ohr_ncp_20250612T2229094979_d_img_d18_x10240_y40320.png,0.2493,624.41,69.68,639.61,88.7
ch2_ohr_ncp_20250612T2229094979_d_img_d18_x10240_y40320.png,0.2222,309.15,211.59,317.91,220.51
ch2_ohr_ncp_20250612T2229094979_d_img_d18_x10240_y40960.png,0.2547,625.65,283.98,639.27,299.53
ch2_ohr_ncp_20250612T2229094979_d_img_d18_x10240_y42880.png,0.2343,0.0,227.25,4.48,236.09
ch2_ohr_ncp_20250612T2229094979_d_img_d18_x10240_y51840.png,0.2,513.34,122.38,523.48,131.63
ch2_ohr_ncp_20250612T2229094979_d_img_d18_x10240_y56320.png,0.2335,0.29,205.02,9.05,217.34
ch2_ohr_ncp_20250612T2229094979_d_img_d18_x10240_y60160.png,0.3908,627.91,559.14,639.3,572.46
ch2_ohr_ncp_20250612T2229094979_d_img_d18_x10240_y60160.png,0.2688,347.44,249.3,361.62,262.73
ch2_ohr_ncp_20250612T2229094979_d_img_d18_x10240_y65280.png,0.2207,607.61,137.6,618.94,146.8
ch2_ohr_ncp_20250612T2229094979_d_img_d18_x10240_y71040.png,0.2158,301.7,363.28,308.9,370.49
ch2_ohr_ncp_20250612T2229094979_d_img_d18_x10240_y71040.png,0.2109,523.28,426.88,529.44,434.86
ch2_ohr_ncp_20250612T2229094979_d_img_d18_x10240_y71680.png,0.2131,272.05,508.66,284.08,519.6
ch2_ohr_ncp_20250612T2229094979_d_img_d18_x10240_y76160.png,0.2296,620.22,65.16,635.59,79.83
ch2_ohr_ncp_20250612T2229094979_d_img_d18_x10240_y76160.png,0.2161,370.52,110.08,378.04,117.38
ch2_ohr_ncp_20250612T2229094979_d_img_d18_x10880_y01280.png,0.336,509.42,387.98,520.47,398.36
ch2_ohr_ncp_20250612T2229094979_d_img_d18_x10880_y01280.png,0.2359,418.23,203.08,428.83,214.38
ch2_ohr_ncp_20250612T2229094979_d_img_d18_x10880_y01920.png,0.2481,298.4,293.17,305.41,301.86
ch2_ohr_ncp_20250612T2229094979_d_img_d18_x10880_y10880.png,0.2079,0.04,253.22,20.5,277.65
ch2_ohr_ncp_20250612T2229094979_d_img_d18_x10880_y18560.png,0.2321,526.64,186.99,538.54,197.07
ch2_ohr_ncp_20250612T2229094979_d_img_d18_x10880_y24320.png,0.2432,181.14,273.86,191.85,284.8
ch2_ohr_ncp_20250612T2229094979_d_img_d18_x10880_y24320.png,0.2387,181.87,627.51,194.15,638.55
ch2_ohr_ncp_20250612T2229094979_d_img_d18_x10880_y26880.png,0.2228,107.75,398.44,122.78,412.63
ch2_ohr_ncp_20250612T2229094979_d_img_d18_x10880_y27520.png,0.3044,196.05,453.45,204.54,461.73
ch2_ohr_ncp_20250612T2229094979_d_img_d18_x10880_y27520.png,0.2493,627.02,416.64,637.47,427.7
ch2_ohr_ncp_20250612T2229094979_d_img_d18_x10880_y31360.png,0.2807,74.54,114.34,83.94,124.46
ch2_ohr_ncp_20250612T2229094979_d_img_d18_x10880_y32000.png,0.2027,625.8,223.99,633.7,231.48
ch2_ohr_ncp_20250612T2229094979_d_img_d18_x10880_y33920.png,0.2371,625.85,331.89,636.11,342.18
ch2_ohr_ncp_20250612T2229094979_d_img_d18_x10880_y37760.png,0.2554,4.0,338.29,14.42,349.11
ch2_ohr_ncp_20250612T2229094979_d_img_d18_x10880_y37760.png,0.244,620.41,8.09,633.07,20.32
ch2_ohr_ncp_20250612T2229094979_d_img_d18_x10880_y49280.png,0.2711,234.28,631.83,241.85,638.14
ch2_ohr_ncp_20250612T2229094979_d_img_d18_x10880_y63360.png,0.2352,478.89,258.82,490.53,269.28
ch2_ohr_ncp_20250612T2229094979_d_img_d18_x10880_y68480.png,0.2226,180.32,235.21,187.99,242.86
ch2_ohr_ncp_20250612T2229094979_d_img_d18_x10880_y76800.png,0.291,253.07,331.35,262.43,340.48
ch2_ohr_ncp_20250612T2229094979_d_img_d18_x10880_y76800.png,0.2674,269.26,339.38,278.18,347.07
