tile,conf,x1,y1,x2,y2
ch2_ohr_ncp_20190906T2241285714_d_img_gds_x00000_y00640.png,0.2875,561.65,0.0,569.45,6.06
ch2_ohr_ncp_20190906T2241285714_d_img_gds_x03200_y07040.png,0.2038,627.5,0.13,634.54,7.27
ch2_ohr_ncp_20190906T2241285714_d_img_gds_x03840_y78720.png,0.2291,615.75,0.0,629.91,5.02
ch2_ohr_ncp_20190906T2241285714_d_img_gds_x05120_y07040.png,0.4039,34.59,624.46,41.06,630.88
ch2_ohr_ncp_20190906T2241285714_d_img_gds_x05120_y07040.png,0.3344,50.88,599.2,54.86,605.27
ch2_ohr_ncp_20190906T2241285714_d_img_gds_x05120_y07040.png,0.3221,20.95,580.65,24.66,584.27
ch2_ohr_ncp_20190906T2241285714_d_img_gds_x05120_y07040.png,0.3128,1.09,587.43,6.89,593.02
ch2_ohr_ncp_20190906T2241285714_d_img_gds_x05120_y07040.png,0.3086,38.31,597.58,41.87,600.57
ch2_ohr_ncp_20190906T2241285714_d_img_gds_x05120_y07040.png,0.2958,56.78,545.51,60.44,551.9
ch2_ohr_ncp_20190906T2241285714_d_img_gds_x05120_y07040.png,0.2707,60.47,593.81,64.58,598.19
ch2_ohr_ncp_20190906T2241285714_d_img_gds_x05120_y07040.png,0.2579,0.84,599.92,6.03,605.94
ch2_ohr_ncp_20190906T2241285714_d_img_gds_x05120_y07040.png,0.2526,67.48,607.23,71.33,611.72
ch2_ohr_ncp_20190906T2241285714_d_img_gds_x05120_y07040.png,0.2344,74.26,635.03,80.73,639.45
ch2_ohr_ncp_20190906T2241285714_d_img_gds_x05120_y07040.png,0.2332,24.85,471.52,28.01,475.24
ch2_ohr_ncp_20190906T2241285714_d_img_gds_x05120_y07040.png,0.2263,67.74,606.74,72.02,611.47
ch2_ohr_ncp_20190906T2241285714_d_img_gds_x06400_y00000.png,0.218,619.64,47.41,626.14,53.73
ch2_ohr_ncp_20190906T2241285714_d_img_gds_x06400_y07040.png,0.2383,631.26,71.12,637.06,78.16
ch2_ohr_ncp_20190906T2241285714_d_img_gds_x06400_y88320.png,0.3269,632.12,38.5,639.95,52.98
ch2_ohr_ncp_20190906T2241285714_d_img_gds_x07680_y24320.png,0.2175,627.09,15.07,630.04,20.56
ch2_ohr_ncp_20190906T2241285714_d_img_gds_x08320_y26240.png,0.2159,600.69,308.27,604.09,311.38
ch2_ohr_ncp_20190906T2241285714_d_img_gds_x08320_y26240.png,0.2059,633.6,71.75,638.39,76.94
ch2_ohr_ncp_20190906T2241285714_d_img_gds_x08960_y08960.png,0.2038,603.62,365.97,608.89,371.42
ch2_ohr_ncp_20190906T2241285714_d_img_gds_x08960_y09600.png,0.2978,293.94,152.81,297.83,156.48
ch2_ohr_ncp_20190906T2241285714_d_img_gds_x08960_y09600.png,0.2904,224.7,135.91,230.62,144.26
ch2_ohr_ncp_20190906T2241285714_d_img_gds_x08960_y09600.png,0.2672,227.3,125.82,233.03,131.02
ch2_ohr_ncp_20190906T2241285714_d_img_gds_x08960_y09600.png,0.2568,43.4,351.58,47.37,356.53
ch2_ohr_ncp_20190906T2241285714_d_img_gds_x08960_y09600.png,0.2527,322.16,99.14,326.32,103.64
ch2_ohr_ncp_20190906T2241285714_d_img_gds_x08960_y09600.png,0.2053,310.22,23.67,314.37,27.52
ch2_ohr_ncp_20190906T2241285714_d_img_gds_x08960_y09600.png,0.2046,121.87,283.76,125.09,287.83
ch2_ohr_ncp_20190906T2241285714_d_img_gds_x08960_y10240.png,0.3477,323.82,66.24,328.67,71.73
ch2_ohr_ncp_20190906T2241285714_d_img_gds_x08960_y10240.png,0.2004,161.11,36.03,164.61,40.96
ch2_ohr_ncp_20190906T2241285714_d_img_gds_x08960_y10880.png,0.2273,208.02,606.77,212.15,611.97
ch2_ohr_ncp_20190906T2241285714_d_img_gds_x10240_y86400.png,0.292,0.0,402.44,14.18,441.53
ch2_ohr_ncp_20190907T0438126359_d_img_g26_x00000_y88960.png,0.2009,631.84,523.51,640.0,543.22
ch2_ohr_ncp_20190907T0438126359_d_img_g26_x04480_y12800.png,0.3923,626.25,0.01,631.03,2.44
ch2_ohr_ncp_20190907T0438126359_d_img_g26_x04480_y12800.png,0.3221,627.2,6.03,632.27,10.11
ch2_ohr_ncp_20190907T0438126359_d_img_g26_x04480_y12800.png,0.3018,614.39,0.02,619.4,5.24
ch2_ohr_ncp_20190907T0438126359_d_img_g26_x04480_y12800.png,0.2914,625.29,18.72,632.77,24.71
ch2_ohr_ncp_20190907T0438126359_d_img_g26_x04480_y12800.png,0.2526,624.74,25.25,630.12,30.84
ch2_ohr_ncp_20190907T0438126359_d_img_g26_x04480_y36480.png,0.3106,613.22,626.3,618.06,632.59
ch2_ohr_ncp_20190907T0438126359_d_img_g26_x04480_y55680.png,0.2216,635.47,13.6,640.0,24.35
ch2_ohr_ncp_20190907T0438126359_d_img_g26_x05120_y79360.png,0.3236,0.0,613.72,48.36,639.87
ch2_ohr_ncp_20190907T0438126359_d_img_g26_x05760_y04480.png,0.2033,518.01,0.02,530.36,8.99
ch2_ohr_ncp_20190907T0438126359_d_img_g26_x05760_y10240.png,0.2478,631.32,37.75,635.64,41.71
ch2_ohr_ncp_20190907T0438126359_d_img_g26_x07040_y10240.png,0.3775,71.71,373.83,75.34,377.94
ch2_ohr_ncp_20190907T0438126359_d_img_g26_x07040_y10240.png,0.3051,105.72,449.05,109.74,452.84
ch2_ohr_ncp_20190907T0438126359_d_img_g26_x07040_y10880.png,0.2038,141.8,159.18,146.19,164.05
ch2_ohr_ncp_20190907T0438126359_d_img_g26_x07040_y19840.png,0.2403,620.42,40.78,624.2,45.63
ch2_ohr_ncp_20190907T0438126359_d_img_g26_x08320_y54400.png,0.2469,62.25,267.18,65.81,271.04
ch2_ohr_ncp_20190907T0438126359_d_img_g26_x09600_y05120.png,0.2105,413.97,91.07,417.16,95.4
ch2_ohr_ncp_20190907T0438126359_d_img_g26_x09600_y05760.png,0.2682,387.59,396.14,393.47,403.5
ch2_ohr_ncp_20190907T0438126359_d_img_g26_x09600_y68480.png,0.2908,496.75,629.9,500.79,633.99
ch2_ohr_ncp_20190907T0438126359_d_img_g26_x10240_y14080.png,0.2436,64.58,86.59,71.18,95.87
ch2_ohr_ncp_20240425T1012478407_d_img_d18_x00000_y90880.png,0.3474,428.72,487.11,433.6,491.95
ch2_ohr_ncp_20240425T1012478407_d_img_d18_x00000_y90880.png,0.2509,431.78,497.78,439.61,504.81
ch2_ohr_ncp_20240425T1012478407_d_img_d18_x00000_y90880.png,0.2343,582.39,391.81,587.11,396.37
ch2_ohr_ncp_20240425T1012478407_d_img_d18_x00000_y90880.png,0.204,403.86,534.45,408.21,538.65
ch2_ohr_ncp_20240425T1012478407_d_img_d18_x01280_y86400.png,0.3521,318.05,36.06,321.79,40.46
ch2_ohr_ncp_20240425T1012478407_d_img_d18_x01280_y86400.png,0.313,297.15,54.71,301.62,59.52
ch2_ohr_ncp_20240425T1012478407_d_img_d18_x01280_y86400.png,0.2973,347.22,76.12,351.23,80.43
ch2_ohr_ncp_20240425T1012478407_d_img_d18_x01280_y86400.png,0.2734,374.75,63.65,379.27,68.73
ch2_ohr_ncp_20240425T1012478407_d_img_d18_x01280_y86400.png,0.2189,279.75,35.29,284.0,39.47
ch2_ohr_ncp_20240425T1012478407_d_img_d18_x01920_y65280.png,0.2612,84.4,322.41,89.95,328.35
ch2_ohr_ncp_20240425T1012478407_d_img_d18_x03840_y62720.png,0.2409,163.37,588.81,167.9,592.99
ch2_ohr_ncp_20240425T1012478407_d_img_d18_x05120_y81920.png,0.2493,243.29,603.17,249.72,609.55
ch2_ohr_ncp_20240425T1012478407_d_img_d18_x05120_y84480.png,0.2087,508.52,593.61,514.08,600.86
ch2_ohr_ncp_20240425T1012478407_d_img_d18_x05760_y08320.png,0.2043,608.99,611.26,613.75,616.23
ch2_ohr_ncp_20240425T1012478407_d_img_d18_x11520_y90880.png,0.2018,344.0,635.09,349.41,639.69
ch2_ohr_ncp_20240425T1209509264_d_img_d18_x00000_y88320.png,0.215,0.15,606.8,23.52,639.69
ch2_ohr_ncp_20240425T1209509264_d_img_d18_x00640_y84480.png,0.3012,85.73,393.06,95.04,401.07
ch2_ohr_ncp_20240425T1209509264_d_img_d18_x00640_y84480.png,0.2911,96.97,376.91,102.39,380.86
ch2_ohr_ncp_20240425T1209509264_d_img_d18_x00640_y84480.png,0.28,30.19,302.66,39.45,309.97
ch2_ohr_ncp_20240425T1209509264_d_img_d18_x00640_y84480.png,0.2219,134.34,324.62,141.11,330.43
ch2_ohr_ncp_20240425T1209509264_d_img_d18_x03200_y17920.png,0.235,153.4,604.2,206.52,640.0
ch2_ohr_ncp_20240425T1209509264_d_img_d18_x03840_y68480.png,0.2316,118.93,608.72,122.5,612.83
ch2_ohr_ncp_20240425T1209509264_d_img_d18_x05120_y14720.png,0.3218,597.07,520.13,602.72,526.58
ch2_ohr_ncp_20240425T1209509264_d_img_d18_x10880_y07040.png,0.2387,560.91,0.0,577.99,8.53
ch2_ohr_ncp_20240425T1406019344_d_img_d18_x04480_y83840.png,0.2653,542.92,561.43,549.48,569.07
ch2_ohr_ncp_20240425T1406019344_d_img_d18_x04480_y83840.png,0.2142,513.75,569.18,520.04,574.25
ch2_ohr_ncp_20240425T1406019344_d_img_d18_x04480_y84480.png,0.2617,613.76,22.28,618.73,26.21
ch2_ohr_ncp_20240425T1406019344_d_img_d18_x07040_y90880.png,0.2462,316.83,609.05,358.98,639.73
ch2_ohr_ncp_20240425T1406019344_d_img_d18_x11520_y19840.png,0.2531,30.27,574.09,37.78,580.78
ch2_ohr_ncp_20240425T1603031918_d_img_d18_x00000_y82560.png,0.2216,377.69,80.37,381.9,85.24
ch2_ohr_ncp_20240425T1603031918_d_img_d18_x03200_y72320.png,0.2001,624.41,622.18,631.7,629.16
ch2_ohr_ncp_20240425T1603031918_d_img_d18_x03840_y81280.png,0.5305,446.42,450.86,451.28,455.57
ch2_ohr_ncp_20240425T1603031918_d_img_d18_x03840_y81280.png,0.2997,604.8,176.29,610.12,181.48
ch2_ohr_ncp_20240425T1603031918_d_img_d18_x03840_y81280.png,0.2474,543.76,450.2,547.42,454.4
ch2_ohr_ncp_20240425T1603031918_d_img_d18_x03840_y81280.png,0.2461,510.95,358.96,518.05,364.56
ch2_ohr_ncp_20240425T1603031918_d_img_d18_x03840_y81280.png,0.2326,515.9,598.51,521.38,603.47
ch2_ohr_ncp_20240425T1603031918_d_img_d18_x03840_y81280.png,0.2243,457.6,353.88,462.56,358.8
ch2_ohr_ncp_20240425T1603031918_d_img_d18_x03840_y81280.png,0.2166,625.08,32.47,628.97,37.28
ch2_ohr_ncp_20240425T1603031918_d_img_d18_x03840_y81280.png,0.2147,628.03,387.36,632.39,390.94
ch2_ohr_ncp_20240425T1603031918_d_img_d18_x03840_y81280.png,0.211,479.38,340.41,485.71,344.66
ch2_ohr_ncp_20250516T0948068899_d_img_d18_x02560_y89600.png,0.3165,591.18,509.68,595.86,514.3
ch2_ohr_ncp_20250516T0948068899_d_img_d18_x03840_y89600.png,0.2009,545.11,161.54,550.6,166.97
ch2_ohr_ncp_20250516T0948068899_d_img_d18_x04480_y89600.png,0.2813,600.96,41.07,605.63,45.47
ch2_ohr_ncp_20250516T0948068899_d_img_d18_x05760_y12160.png,0.2098,630.05,101.81,635.53,106.15
ch2_ohr_ncp_20250516T0948068899_d_img_d18_x05760_y45440.png,0.2051,530.2,609.7,596.41,639.79
ch2_ohr_ncp_20250516T0948068899_d_img_d18_x05760_y89600.png,0.2364,142.37,407.25,148.02,412.64
ch2_ohr_ncp_20250516T0948068899_d_img_d18_x05760_y89600.png,0.2177,520.62,384.99,525.66,389.91
ch2_ohr_ncp_20250516T0948068899_d_img_d18_x06400_y89600.png,0.2557,626.72,54.11,630.93,58.44
ch2_ohr_ncp_20250516T0948068899_d_img_d18_x08320_y89600.png,0.2198,510.33,465.01,514.86,469.85
ch2_ohr_ncp_20250516T0948068899_d_img_d18_x08320_y89600.png,0.2074,183.01,403.62,189.49,410.1
ch2_ohr_ncp_20250516T0948068899_d_img_d18_x10240_y89600.png,0.2898,227.47,195.04,233.09,200.84
ch2_ohr_ncp_20250516T0948068899_d_img_d18_x10880_y89600.png,0.2231,609.78,315.93,615.61,321.05
ch2_ohr_ncp_20250516T0948068899_d_img_d18_x10880_y89600.png,0.2067,299.06,83.29,305.24,89.6
ch2_ohr_ncp_20250516T0948068899_d_img_d18_x10880_y89600.png,0.203,634.91,97.26,639.53,101.6
ch2_ohr_ncp_20250516T0948068899_d_img_d18_x11520_y04480.png,0.3287,229.48,453.52,234.1,458.78
ch2_ohr_ncp_20250516T0948068899_d_img_d18_x11520_y04480.png,0.2757,211.1,578.28,215.66,583.53
ch2_ohr_ncp_20250516T0948068899_d_img_d18_x11520_y04480.png,0.272,387.82,291.91,392.69,295.88
ch2_ohr_ncp_20250516T0948068899_d_img_d18_x11520_y04480.png,0.2629,391.9,337.25,396.74,342.24
ch2_ohr_ncp_20250516T0948068899_d_img_d18_x11520_y04480.png,0.2599,375.24,263.62,379.18,267.56
ch2_ohr_ncp_20250516T0948068899_d_img_d18_x11520_y04480.png,0.2153,328.12,213.72,332.02,218.65
ch2_ohr_ncp_20250516T0948068899_d_img_d18_x11520_y04480.png,0.2032,103.97,358.48,109.07,362.64
ch2_ohr_ncp_20250516T0948068899_d_img_d18_x11520_y05120.png,0.3848,423.3,87.8,429.08,92.01
ch2_ohr_ncp_20250516T0948068899_d_img_d18_x11520_y05120.png,0.3486,108.22,447.37,111.99,451.77
ch2_ohr_ncp_20250516T0948068899_d_img_d18_x11520_y05120.png,0.3381,79.8,37.91,84.24,42.05
ch2_ohr_ncp_20250516T0948068899_d_img_d18_x11520_y05120.png,0.2652,360.5,128.13,366.8,134.04
ch2_ohr_ncp_20250516T0948068899_d_img_d18_x11520_y05120.png,0.243,172.7,596.37,177.9,601.45
ch2_ohr_ncp_20250516T0948068899_d_img_d18_x11520_y05120.png,0.2426,423.47,175.71,428.77,180.82
ch2_ohr_ncp_20250516T0948068899_d_img_d18_x11520_y05120.png,0.2358,164.44,229.41,168.86,234.0
ch2_ohr_ncp_20250516T0948068899_d_img_d18_x11520_y05120.png,0.2288,369.98,203.9,374.63,208.33
ch2_ohr_ncp_20250516T0948068899_d_img_d18_x11520_y05120.png,0.221,157.27,9.43,162.88,15.08
ch2_ohr_ncp_20250516T0948068899_d_img_d18_x11520_y05760.png,0.455,353.61,37.3,358.21,41.86
ch2_ohr_ncp_20250516T0948068899_d_img_d18_x11520_y05760.png,0.4438,366.6,494.47,374.28,503.46
ch2_ohr_ncp_20250516T0948068899_d_img_d18_x11520_y05760.png,0.4251,317.38,526.28,322.18,531.04
ch2_ohr_ncp_20250516T0948068899_d_img_d18_x11520_y05760.png,0.4196,74.98,308.24,80.43,312.32
ch2_ohr_ncp_20250516T0948068899_d_img_d18_x11520_y05760.png,0.4179,85.54,3.03,90.58,8.95
ch2_ohr_ncp_20250516T0948068899_d_img_d18_x11520_y05760.png,0.4167,133.78,94.92,139.08,100.1
ch2_ohr_ncp_20250516T0948068899_d_img_d18_x11520_y05760.png,0.4063,38.87,71.43,42.42,75.37
ch2_ohr_ncp_20250516T0948068899_d_img_d18_x11520_y05760.png,0.3836,254.28,429.19,258.46,433.49
ch2_ohr_ncp_20250516T0948068899_d_img_d18_x11520_y05760.png,0.35,300.44,142.24,304.97,146.82
ch2_ohr_ncp_20250516T0948068899_d_img_d18_x11520_y05760.png,0.3377,407.94,175.36,413.62,181.05
ch2_ohr_ncp_20250516T0948068899_d_img_d18_x11520_y05760.png,0.3266,357.38,365.59,361.93,369.94
ch2_ohr_ncp_20250516T0948068899_d_img_d18_x11520_y05760.png,0.3042,152.12,622.61,156.37,627.39
ch2_ohr_ncp_20250516T0948068899_d_img_d18_x11520_y05760.png,0.2947,136.08,150.7,139.62,154.62
ch2_ohr_ncp_20250516T0948068899_d_img_d18_x11520_y05760.png,0.2941,156.35,181.08,160.34,185.41
ch2_ohr_ncp_20250516T0948068899_d_img_d18_x11520_y05760.png,0.2651,81.08,477.5,85.28,481.18
ch2_ohr_ncp_20250516T0948068899_d_img_d18_x11520_y05760.png,0.2529,248.98,470.95,253.35,475.41
ch2_ohr_ncp_20250516T0948068899_d_img_d18_x11520_y05760.png,0.245,367.87,488.87,371.68,492.87
ch2_ohr_ncp_20250516T0948068899_d_img_d18_x11520_y05760.png,0.2369,200.79,632.89,205.63,637.61
ch2_ohr_ncp_20250516T0948068899_d_img_d18_x11520_y05760.png,0.2302,25.68,334.33,30.36,339.13
ch2_ohr_ncp_20250516T0948068899_d_img_d18_x11520_y05760.png,0.2273,161.59,173.08,165.87,177.87
ch2_ohr_ncp_20250516T0948068899_d_img_d18_x11520_y05760.png,0.2146,304.27,344.13,308.2,348.85
ch2_ohr_ncp_20250516T0948068899_d_img_d18_x11520_y05760.png,0.2114,40.03,78.1,44.6,82.39
ch2_ohr_ncp_20250516T0948068899_d_img_d18_x11520_y05760.png,0.2068,334.37,340.39,338.7,345.21
ch2_ohr_ncp_20250516T0948068899_d_img_d18_x11520_y05760.png,0.2034,161.76,268.83,165.05,273.37
ch2_ohr_ncp_20250516T0948068899_d_img_d18_x11520_y05760.png,0.2005,37.8,71.4,41.89,75.08
ch2_ohr_ncp_20250516T0948068899_d_img_d18_x11520_y06400.png,0.2339,447.4,48.01,453.35,54.61
ch2_ohr_ncp_20250516T0948068899_d_img_d18_x11520_y07680.png,0.4437,323.78,180.82,329.15,186.77
ch2_ohr_ncp_20250516T0948068899_d_img_d18_x11520_y07680.png,0.3553,333.64,435.17,338.13,439.33
ch2_ohr_ncp_20250516T0948068899_d_img_d18_x11520_y07680.png,0.3531,174.85,214.87,179.39,219.59
ch2_ohr_ncp_20250516T0948068899_d_img_d18_x11520_y07680.png,0.3332,460.92,337.28,467.37,344.06
ch2_ohr_ncp_20250516T0948068899_d_img_d18_x11520_y07680.png,0.2913,94.61,21.75,99.52,25.79
ch2_ohr_ncp_20250516T0948068899_d_img_d18_x11520_y07680.png,0.261,420.06,65.64,424.76,70.56
ch2_ohr_ncp_20250516T0948068899_d_img_d18_x11520_y07680.png,0.2584,343.13,211.82,348.25,216.65
ch2_ohr_ncp_20250516T0948068899_d_img_d18_x11520_y07680.png,0.2465,305.48,191.15,310.06,194.97
ch2_ohr_ncp_20250516T0948068899_d_img_d18_x11520_y07680.png,0.2453,149.34,40.32,153.58,44.7
ch2_ohr_ncp_20250516T0948068899_d_img_d18_x11520_y07680.png,0.2433,224.45,419.66,229.01,423.76
ch2_ohr_ncp_20250516T0948068899_d_img_d18_x11520_y07680.png,0.2201,264.92,456.23,269.41,460.73
ch2_ohr_ncp_20250516T0948068899_d_img_d18_x11520_y07680.png,0.2198,189.51,207.98,193.96,212.18
ch2_ohr_ncp_20250516T0948068899_d_img_d18_x11520_y07680.png,0.2194,264.57,284.11,270.67,289.94
ch2_ohr_ncp_20250516T0948068899_d_img_d18_x11520_y07680.png,0.2061,328.16,240.44,332.32,245.19
ch2_ohr_ncp_20250516T0948068899_d_img_d18_x11520_y07680.png,0.2045,360.76,262.66,365.28,267.18
ch2_ohr_ncp_20250516T0948068899_d_img_d18_x11520_y08320.png,0.4423,408.71,629.23,413.1,634.27
ch2_ohr_ncp_20250516T0948068899_d_img_d18_x11520_y08320.png,0.3724,288.57,68.06,294.85,73.64
ch2_ohr_ncp_20250516T0948068899_d_img_d18_x11520_y08320.png,0.2724,228.31,226.69,233.12,231.55
ch2_ohr_ncp_20250516T0948068899_d_img_d18_x11520_y08320.png,0.2547,336.66,604.34,342.28,609.26
ch2_ohr_ncp_20250516T0948068899_d_img_d18_x11520_y08320.png,0.2499,332.59,545.67,337.78,551.92
ch2_ohr_ncp_20250516T0948068899_d_img_d18_x11520_y08320.png,0.2169,405.22,91.84,410.14,96.39
ch2_ohr_ncp_20250516T0948068899_d_img_d18_x11520_y08320.png,0.2112,215.21,104.72,221.33,111.5
ch2_ohr_ncp_20250516T0948068899_d_img_d18_x11520_y08960.png,0.4444,383.19,441.48,388.44,445.71
ch2_ohr_ncp_20250516T0948068899_d_img_d18_x11520_y08960.png,0.4208,413.14,476.22,418.62,480.59
ch2_ohr_ncp_20250516T0948068899_d_img_d18_x11520_y08960.png,0.4021,452.74,432.19,458.58,437.61
ch2_ohr_ncp_20250516T0948068899_d_img_d18_x11520_y08960.png,0.3407,285.16,508.74,290.65,514.8
ch2_ohr_ncp_20250516T0948068899_d_img_d18_x11520_y08960.png,0.3382,427.35,9.73,433.96,14.58
ch2_ohr_ncp_20250516T0948068899_d_img_d18_x11520_y08960.png,0.3243,417.15,14.97,421.73,18.93
ch2_ohr_ncp_20250516T0948068899_d_img_d18_x11520_y08960.png,0.2921,371.57,34.87,377.55,41.2
ch2_ohr_ncp_20250516T0948068899_d_img_d18_x11520_y08960.png,0.2857,342.64,185.19,347.41,189.87
ch2_ohr_ncp_20250516T0948068899_d_img_d18_x11520_y08960.png,0.255,295.81,492.88,300.47,497.1
ch2_ohr_ncp_20250516T0948068899_d_img_d18_x11520_y08960.png,0.2499,440.91,437.61,444.95,442.31
ch2_ohr_ncp_20250516T0948068899_d_img_d18_x11520_y08960.png,0.2291,283.65,470.93,289.61,476.37
ch2_ohr_ncp_20250516T0948068899_d_img_d18_x11520_y08960.png,0.2238,262.35,467.86,267.17,471.54
ch2_ohr_ncp_20250516T0948068899_d_img_d18_x11520_y08960.png,0.204,307.35,420.12,312.32,425.37
ch2_ohr_ncp_20250516T0948068899_d_img_d18_x11520_y10880.png,0.2704,348.02,283.09,353.61,289.88
ch2_ohr_ncp_20250516T0948068899_d_img_d18_x11520_y12800.png,0.2814,396.89,170.96,400.87,175.05
ch2_ohr_ncp_20250516T0948068899_d_img_d18_x11520_y12800.png,0.2021,141.02,625.97,146.4,631.51
ch2_ohr_ncp_20250516T0948068899_d_img_d18_x11520_y12800.png,0.2019,310.79,540.22,314.75,544.27
ch2_ohr_ncp_20250516T0948068899_d_img_d18_x11520_y13440.png,0.2654,307.5,421.22,311.53,425.39
ch2_ohr_ncp_20250516T0948068899_d_img_d18_x11520_y16640.png,0.2161,221.38,193.68,226.56,199.92
ch2_ohr_ncp_20250516T0948068899_d_img_d18_x11520_y16640.png,0.202,131.99,529.13,138.85,535.5
ch2_ohr_ncp_20250516T0948068899_d_img_d18_x11520_y18560.png,0.2312,60.93,301.24,65.81,305.07
ch2_ohr_ncp_20250516T0948068899_d_img_d18_x11520_y19840.png,0.2203,52.46,629.44,57.35,632.87
ch2_ohr_ncp_20250516T0948068899_d_img_d18_x11520_y21120.png,0.2106,316.62,370.12,320.89,374.28
ch2_ohr_ncp_20250516T0948068899_d_img_d18_x11520_y22400.png,0.2464,50.44,202.95,57.86,209.95
ch2_ohr_ncp_20250516T0948068899_d_img_d18_x11520_y28160.png,0.3272,221.29,619.29,226.77,624.72
ch2_ohr_ncp_20250516T0948068899_d_img_d18_x11520_y28160.png,0.2612,213.76,558.47,218.68,562.82
ch2_ohr_ncp_20250516T0948068899_d_img_d18_x11520_y28800.png,0.2832,90.03,630.7,95.1,635.77
ch2_ohr_ncp_20250516T0948068899_d_img_d18_x11520_y29440.png,0.2568,357.26,261.83,361.78,266.39
ch2_ohr_ncp_20250516T0948068899_d_img_d18_x11520_y29440.png,0.2224,292.46,601.5,297.09,606.0
ch2_ohr_ncp_20250516T0948068899_d_img_d18_x11520_y33280.png,0.2256,405.93,131.76,409.77,135.73
ch2_ohr_ncp_20250516T0948068899_d_img_d18_x11520_y33280.png,0.2088,312.5,531.27,317.99,536.63
ch2_ohr_ncp_20250516T0948068899_d_img_d18_x11520_y36480.png,0.2081,144.82,68.67,150.61,74.04
ch2_ohr_ncp_20250516T0948068899_d_img_d18_x11520_y37120.png,0.2071,87.16,396.95,91.58,401.77
ch2_ohr_ncp_20250516T0948068899_d_img_d18_x11520_y42240.png,0.2959,49.98,609.09,53.87,613.49
ch2_ohr_ncp_20250516T0948068899_d_img_d18_x11520_y42240.png,0.278,8.95,587.21,13.59,592.9
ch2_ohr_ncp_20250516T0948068899_d_img_d18_x11520_y42240.png,0.2685,230.14,163.08,235.08,168.05
ch2_ohr_ncp_20250516T0948068899_d_img_d18_x11520_y44800.png,0.3021,446.18,631.55,449.97,636.02
ch2_ohr_ncp_20250516T0948068899_d_img_d18_x11520_y44800.png,0.2807,345.49,631.4,351.02,636.65
ch2_ohr_ncp_20250516T0948068899_d_img_d18_x11520_y44800.png,0.2394,38.06,564.16,43.48,569.69
ch2_ohr_ncp_20250516T0948068899_d_img_d18_x11520_y45440.png,0.2122,405.58,0.0,419.35,6.56
ch2_ohr_ncp_20250516T0948068899_d_img_d18_x11520_y48640.png,0.2716,246.98,185.84,252.5,190.77
ch2_ohr_ncp_20250516T0948068899_d_img_d18_x11520_y49920.png,0.217,262.89,182.81,267.15,187.39
ch2_ohr_ncp_20250516T0948068899_d_img_d18_x11520_y54400.png,0.2081,55.9,631.02,62.95,638.34
ch2_ohr_ncp_20250516T0948068899_d_img_d18_x11520_y56320.png,0.3025,326.57,595.3,335.81,608.75
ch2_ohr_ncp_20250516T0948068899_d_img_d18_x11520_y56320.png,0.2215,390.83,505.23,397.27,510.75
ch2_ohr_ncp_20250516T0948068899_d_img_d18_x11520_y56960.png,0.2478,61.66,250.3,67.29,255.16
ch2_ohr_ncp_20250516T0948068899_d_img_d18_x11520_y60160.png,0.2577,408.87,517.93,414.56,522.02
ch2_ohr_ncp_20250516T0948068899_d_img_d18_x11520_y60800.png,0.2521,392.06,337.39,397.01,342.46
ch2_ohr_ncp_20250516T0948068899_d_img_d18_x11520_y60800.png,0.2405,407.44,170.12,411.36,174.05
ch2_ohr_ncp_20250516T0948068899_d_img_d18_x11520_y64640.png,0.2025,168.9,277.6,174.8,283.08
ch2_ohr_ncp_20250516T0948068899_d_img_d18_x11520_y67840.png,0.2344,21.32,341.06,26.27,345.69
ch2_ohr_ncp_20250516T0948068899_d_img_d18_x11520_y70400.png,0.2554,149.85,49.5,154.14,54.02
ch2_ohr_ncp_20250516T0948068899_d_img_d18_x11520_y71680.png,0.2206,0.0,431.29,2.86,436.26
ch2_ohr_ncp_20250516T0948068899_d_img_d18_x11520_y78080.png,0.2887,5.0,560.98,10.47,565.96
ch2_ohr_ncp_20250516T0948068899_d_img_d18_x11520_y80640.png,0.3,345.98,380.89,351.1,385.85
ch2_ohr_ncp_20250516T0948068899_d_img_d18_x11520_y81280.png,0.3106,105.2,28.91,109.66,33.31
ch2_ohr_ncp_20250516T0948068899_d_img_d18_x11520_y81280.png,0.2776,123.76,42.46,127.99,46.94
ch2_ohr_ncp_20250516T0948068899_d_img_d18_x11520_y89600.png,0.5101,367.31,356.4,371.63,361.41
ch2_ohr_ncp_20250516T0948068899_d_img_d18_x11520_y89600.png,0.4858,418.05,120.03,421.99,126.48
ch2_ohr_ncp_20250516T0948068899_d_img_d18_x11520_y89600.png,0.4565,361.13,39.16,365.41,44.68
ch2_ohr_ncp_20250516T0948068899_d_img_d18_x11520_y89600.png,0.3364,449.24,434.18,454.04,438.07
ch2_ohr_ncp_20250516T0948068899_d_img_d18_x11520_y89600.png,0.3125,450.84,429.61,455.17,433.93
ch2_ohr_ncp_20250516T0948068899_d_img_d18_x11520_y89600.png,0.3056,436.49,201.3,441.43,204.95
ch2_ohr_ncp_20250516T0948068899_d_img_d18_x11520_y89600.png,0.3046,235.83,397.14,240.99,402.29
ch2_ohr_ncp_20250516T0948068899_d_img_d18_x11520_y89600.png,0.3017,470.67,514.23,474.65,518.18
ch2_ohr_ncp_20250516T0948068899_d_img_d18_x11520_y89600.png,0.2661,276.02,270.12,284.4,277.28
ch2_ohr_ncp_20250516T0948068899_d_img_d18_x11520_y89600.png,0.2235,35.9,65.83,40.16,69.53
ch2_ohr_ncp_20250516T0948068899_d_img_d18_x11520_y89600.png,0.2181,286.15,134.48,290.42,138.06
ch2_ohr_ncp_20250516T0948068899_d_img_d18_x11520_y89600.png,0.2164,161.96,6.64,166.48,10.44
ch2_ohr_ncp_20250516T0948068899_d_img_d18_x11520_y89600.png,0.2093,443.39,22.52,448.27,26.54
ch2_ohr_ncp_20250516T1145499313_d_img_d18_x01920_y73600.png,0.2547,631.14,318.5,635.19,322.15
ch2_ohr_ncp_20250516T1145499313_d_img_d18_x03200_y07040.png,0.362,600.46,5.61,605.17,9.95
ch2_ohr_ncp_20250516T1145499313_d_img_d18_x03200_y07040.png,0.3537,613.87,19.12,622.03,26.93
ch2_ohr_ncp_20250516T1145499313_d_img_d18_x03200_y07040.png,0.2088,582.98,295.71,587.99,300.41
ch2_ohr_ncp_20250516T1145499313_d_img_d18_x03200_y74240.png,0.2568,632.28,218.14,637.96,222.81
ch2_ohr_ncp_20250516T1145499313_d_img_d18_x03200_y89600.png,0.3699,187.3,455.32,193.33,462.06
ch2_ohr_ncp_20250516T1145499313_d_img_d18_x03200_y89600.png,0.3052,325.43,278.86,330.48,283.08
ch2_ohr_ncp_20250516T1145499313_d_img_d18_x03200_y89600.png,0.2525,78.63,108.52,84.51,113.79
ch2_ohr_ncp_20250516T1145499313_d_img_d18_x03840_y10880.png,0.2789,615.34,107.7,619.52,112.13
ch2_ohr_ncp_20250516T1145499313_d_img_d18_x03840_y89600.png,0.3465,327.83,176.63,334.4,182.09
ch2_ohr_ncp_20250516T1145499313_d_img_d18_x05760_y89600.png,0.2037,580.29,492.94,588.49,501.38
ch2_ohr_ncp_20250516T1145499313_d_img_d18_x08960_y89600.png,0.2376,432.43,434.37,440.07,441.06
ch2_ohr_ncp_20250516T1145499313_d_img_d18_x08960_y89600.png,0.2104,224.73,514.17,232.7,521.57
ch2_ohr_ncp_20250516T1145499313_d_img_d18_x09600_y89600.png,0.251,49.83,469.82,55.23,474.74
ch2_ohr_ncp_20250516T1145499313_d_img_d18_x10240_y69760.png,0.2085,628.65,612.18,633.33,616.84
ch2_ohr_ncp_20250516T1145499313_d_img_d18_x10880_y89600.png,0.3397,388.42,164.75,393.16,169.41
ch2_ohr_ncp_20250516T1145499313_d_img_d18_x11520_y00640.png,0.2965,321.18,439.2,326.58,444.77
ch2_ohr_ncp_20250516T1145499313_d_img_d18_x11520_y01280.png,0.3292,404.72,101.79,409.81,107.0
ch2_ohr_ncp_20250516T1145499313_d_img_d18_x11520_y04480.png,0.3324,134.41,631.92,139.27,637.1
ch2_ohr_ncp_20250516T1145499313_d_img_d18_x11520_y05120.png,0.2871,311.21,40.6,317.66,46.36
ch2_ohr_ncp_20250516T1145499313_d_img_d18_x11520_y05120.png,0.2856,299.23,229.65,304.03,234.33
ch2_ohr_ncp_20250516T1145499313_d_img_d18_x11520_y05120.png,0.2774,413.63,294.61,420.79,302.81
ch2_ohr_ncp_20250516T1145499313_d_img_d18_x11520_y05120.png,0.2576,107.77,474.32,111.23,477.71
ch2_ohr_ncp_20250516T1145499313_d_img_d18_x11520_y05120.png,0.2456,463.2,365.42,467.85,369.57
ch2_ohr_ncp_20250516T1145499313_d_img_d18_x11520_y05760.png,0.2266,280.92,228.78,288.8,235.62
ch2_ohr_ncp_20250516T1145499313_d_img_d18_x11520_y07680.png,0.3582,262.74,506.31,268.21,511.51
ch2_ohr_ncp_20250516T1145499313_d_img_d18_x11520_y08320.png,0.3479,405.18,371.71,415.4,381.18
ch2_ohr_ncp_20250516T1145499313_d_img_d18_x11520_y08960.png,0.3804,273.27,457.05,277.36,461.93
ch2_ohr_ncp_20250516T1145499313_d_img_d18_x11520_y08960.png,0.35,322.92,165.86,330.58,172.58
ch2_ohr_ncp_20250516T1145499313_d_img_d18_x11520_y08960.png,0.329,429.03,343.12,434.67,348.88
ch2_ohr_ncp_20250516T1145499313_d_img_d18_x11520_y08960.png,0.2946,180.09,223.25,185.9,228.98
ch2_ohr_ncp_20250516T1145499313_d_img_d18_x11520_y08960.png,0.2714,148.74,145.58,153.4,150.12
ch2_ohr_ncp_20250516T1145499313_d_img_d18_x11520_y08960.png,0.2598,203.76,459.08,209.09,465.51
ch2_ohr_ncp_20250516T1145499313_d_img_d18_x11520_y08960.png,0.2541,216.2,522.5,226.27,530.83
ch2_ohr_ncp_20250516T1145499313_d_img_d18_x11520_y08960.png,0.23,191.48,37.81,198.78,44.53
ch2_ohr_ncp_20250516T1145499313_d_img_d18_x11520_y08960.png,0.2275,448.5,546.51,453.96,552.06
ch2_ohr_ncp_20250516T1145499313_d_img_d18_x11520_y08960.png,0.2052,257.37,470.68,261.65,474.51
ch2_ohr_ncp_20250516T1145499313_d_img_d18_x11520_y09600.png,0.2103,232.59,306.13,241.98,314.05
ch2_ohr_ncp_20250516T1145499313_d_img_d18_x11520_y10240.png,0.3946,91.23,382.8,99.1,391.14
ch2_ohr_ncp_20250516T1145499313_d_img_d18_x11520_y10240.png,0.3632,446.35,334.95,452.35,340.38
ch2_ohr_ncp_20250516T1145499313_d_img_d18_x11520_y10240.png,0.335,455.37,341.93,460.73,347.59
ch2_ohr_ncp_20250516T1145499313_d_img_d18_x11520_y10240.png,0.3118,259.86,412.54,264.05,417.3
ch2_ohr_ncp_20250516T1145499313_d_img_d18_x11520_y10240.png,0.2854,73.96,237.34,78.08,242.27
ch2_ohr_ncp_20250516T1145499313_d_img_d18_x11520_y10240.png,0.2601,81.99,242.04,88.26,248.84
ch2_ohr_ncp_20250516T1145499313_d_img_d18_x11520_y10240.png,0.2497,254.31,528.12,258.94,533.03
ch2_ohr_ncp_20250516T1145499313_d_img_d18_x11520_y10240.png,0.2489,90.67,429.13,95.98,435.29
ch2_ohr_ncp_20250516T1145499313_d_img_d18_x11520_y10240.png,0.2139,427.8,361.87,433.73,366.3
ch2_ohr_ncp_20250516T1145499313_d_img_d18_x11520_y10240.png,0.2014,462.7,290.01,473.61,301.41
ch2_ohr_ncp_20250516T1145499313_d_img_d18_x11520_y10880.png,0.4268,290.45,22.34,296.3,27.23
ch2_ohr_ncp_20250516T1145499313_d_img_d18_x11520_y17920.png,0.265,37.53,249.77,43.77,255.29
ch2_ohr_ncp_20250516T1145499313_d_img_d18_x11520_y21120.png,0.345,23.26,528.79,29.98,534.22
ch2_ohr_ncp_20250516T1145499313_d_img_d18_x11520_y21120.png,0.3382,58.16,573.38,63.86,578.59
ch2_ohr_ncp_20250516T1145499313_d_img_d18_x11520_y21120.png,0.3171,164.78,606.07,169.17,610.28
ch2_ohr_ncp_20250516T1145499313_d_img_d18_x11520_y21120.png,0.2288,336.56,438.71,343.86,446.91
ch2_ohr_ncp_20250516T1145499313_d_img_d18_x11520_y21120.png,0.2194,367.13,427.35,374.01,433.83
ch2_ohr_ncp_20250516T1145499313_d_img_d18_x11520_y23680.png,0.2363,376.81,531.21,381.38,534.83
ch2_ohr_ncp_20250516T1145499313_d_img_d18_x11520_y30720.png,0.3435,69.62,552.53,75.4,558.43
ch2_ohr_ncp_20250516T1145499313_d_img_d18_x11520_y31360.png,0.292,22.66,503.87,27.54,510.11
ch2_ohr_ncp_20250516T1145499313_d_img_d18_x11520_y31360.png,0.2534,90.24,508.59,93.77,513.81
ch2_ohr_ncp_20250516T1145499313_d_img_d18_x11520_y32000.png,0.3153,244.77,148.51,251.97,153.94
ch2_ohr_ncp_20250516T1145499313_d_img_d18_x11520_y32000.png,0.2811,98.09,12.47,104.75,17.43
ch2_ohr_ncp_20250516T1145499313_d_img_d18_x11520_y32000.png,0.2239,218.72,505.14,223.63,510.4
ch2_ohr_ncp_20250516T1145499313_d_img_d18_x11520_y32000.png,0.2096,282.59,350.8,290.71,361.17
ch2_ohr_ncp_20250516T1145499313_d_img_d18_x11520_y36480.png,0.2106,171.56,181.67,177.32,186.13
ch2_ohr_ncp_20250516T1145499313_d_img_d18_x11520_y40320.png,0.4129,57.76,121.92,64.23,127.36
ch2_ohr_ncp_20250516T1145499313_d_img_d18_x11520_y40320.png,0.3474,437.95,581.94,442.87,585.7
ch2_ohr_ncp_20250516T1145499313_d_img_d18_x11520_y40320.png,0.2911,92.72,600.45,98.55,605.07
ch2_ohr_ncp_20250516T1145499313_d_img_d18_x11520_y40320.png,0.2207,262.4,66.49,266.24,71.29
ch2_ohr_ncp_20250516T1145499313_d_img_d18_x11520_y40320.png,0.2009,413.95,538.15,418.3,541.74
ch2_ohr_ncp_20250516T1145499313_d_img_d18_x11520_y40960.png,0.338,413.52,604.87,418.33,610.12
ch2_ohr_ncp_20250516T1145499313_d_img_d18_x11520_y42240.png,0.251,337.52,327.68,341.62,331.58
ch2_ohr_ncp_20250516T1145499313_d_img_d18_x11520_y42880.png,0.2026,78.46,607.87,83.02,612.44
ch2_ohr_ncp_20250516T1145499313_d_img_d18_x11520_y44800.png,0.2373,364.87,363.03,368.88,367.37
ch2_ohr_ncp_20250516T1145499313_d_img_d18_x11520_y45440.png,0.225,475.95,22.23,479.88,27.58
ch2_ohr_ncp_20250516T1145499313_d_img_d18_x11520_y62720.png,0.2801,46.95,342.14,51.8,346.85
ch2_ohr_ncp_20250516T1145499313_d_img_d18_x11520_y63360.png,0.3123,470.49,619.54,474.36,623.47
ch2_ohr_ncp_20250516T1145499313_d_img_d18_x11520_y67200.png,0.202,278.22,594.06,282.99,598.81
ch2_ohr_ncp_20250516T1145499313_d_img_d18_x11520_y75520.png,0.2792,72.22,571.51,76.81,575.94
ch2_ohr_ncp_20250516T1145499313_d_img_d18_x11520_y78080.png,0.2658,402.1,255.75,407.8,260.18
ch2_ohr_ncp_20250516T1145499313_d_img_d18_x11520_y78080.png,0.235,264.73,260.27,269.97,265.16
ch2_ohr_ncp_20250516T1145499313_d_img_d18_x11520_y79360.png,0.3345,450.17,309.43,456.58,315.74
ch2_ohr_ncp_20250516T1145499313_d_img_d18_x11520_y79360.png,0.3318,350.06,0.06,357.16,5.7
ch2_ohr_ncp_20250516T1145499313_d_img_d18_x11520_y79360.png,0.2342,197.65,192.14,204.57,199.02
ch2_ohr_ncp_20250516T1145499313_d_img_d18_x11520_y79360.png,0.2194,61.23,614.85,66.33,618.37
ch2_ohr_ncp_20250516T1145499313_d_img_d18_x11520_y80640.png,0.3188,107.27,629.6,111.46,633.48
ch2_ohr_ncp_20250516T1145499313_d_img_d18_x11520_y80640.png,0.2018,291.18,493.74,296.97,498.31
ch2_ohr_ncp_20250516T1145499313_d_img_d18_x11520_y88320.png,0.5307,62.71,8.95,67.76,14.36
ch2_ohr_ncp_20250516T1145499313_d_img_d18_x11520_y88320.png,0.4961,380.91,143.48,385.09,148.7
ch2_ohr_ncp_20250516T1145499313_d_img_d18_x11520_y88320.png,0.47,259.79,346.04,264.88,350.96
ch2_ohr_ncp_20250516T1145499313_d_img_d18_x11520_y88320.png,0.4588,318.26,461.42,323.27,467.19
ch2_ohr_ncp_20250516T1145499313_d_img_d18_x11520_y88320.png,0.4505,178.47,110.36,183.34,115.46
ch2_ohr_ncp_20250516T1145499313_d_img_d18_x11520_y88320.png,0.4078,408.23,131.02,413.56,136.31
ch2_ohr_ncp_20250516T1145499313_d_img_d18_x11520_y88320.png,0.3988,149.09,79.51,154.54,83.65
ch2_ohr_ncp_20250516T1145499313_d_img_d18_x11520_y88320.png,0.3974,96.69,197.7,101.01,201.97
ch2_ohr_ncp_20250516T1145499313_d_img_d18_x11520_y88320.png,0.3872,372.86,455.79,379.36,462.28
ch2_ohr_ncp_20250516T1145499313_d_img_d18_x11520_y88320.png,0.381,310.05,141.87,315.92,148.15
ch2_ohr_ncp_20250516T1145499313_d_img_d18_x11520_y88320.png,0.3733,380.55,452.0,384.99,456.5
ch2_ohr_ncp_20250516T1145499313_d_img_d18_x11520_y88320.png,0.3646,151.35,75.6,155.55,79.64
ch2_ohr_ncp_20250516T1145499313_d_img_d18_x11520_y88320.png,0.3391,98.02,78.22,102.45,81.91
ch2_ohr_ncp_20250516T1145499313_d_img_d18_x11520_y88320.png,0.3296,172.22,159.64,176.51,164.36
ch2_ohr_ncp_20250516T1145499313_d_img_d18_x11520_y88320.png,0.3217,406.0,203.13,410.07,206.67
ch2_ohr_ncp_20250516T1145499313_d_img_d18_x11520_y88320.png,0.3179,274.88,521.65,279.08,525.93
ch2_ohr_ncp_20250516T1145499313_d_img_d18_x11520_y88320.png,0.3154,230.86,460.77,236.36,465.46
ch2_ohr_ncp_20250516T1145499313_d_img_d18_x11520_y88320.png,0.3137,354.78,47.28,360.16,53.18
ch2_ohr_ncp_20250516T1145499313_d_img_d18_x11520_y88320.png,0.3106,389.19,11.67,394.21,16.43
ch2_ohr_ncp_20250516T1145499313_d_img_d18_x11520_y88320.png,0.3099,341.34,445.56,345.73,448.61
ch2_ohr_ncp_20250516T1145499313_d_img_d18_x11520_y88320.png,0.3081,412.12,510.65,416.79,515.03
ch2_ohr_ncp_20250516T1145499313_d_img_d18_x11520_y88320.png,0.2931,250.88,575.35,256.08,579.67
ch2_ohr_ncp_20250516T1145499313_d_img_d18_x11520_y88320.png,0.267,102.39,186.22,109.06,192.9
ch2_ohr_ncp_20250516T1145499313_d_img_d18_x11520_y88320.png,0.2628,220.53,503.96,229.87,512.16
ch2_ohr_ncp_20250516T1145499313_d_img_d18_x11520_y88320.png,0.2581,167.62,60.43,173.13,65.92
ch2_ohr_ncp_20250516T1145499313_d_img_d18_x11520_y88320.png,0.2245,397.09,126.23,401.42,130.17
ch2_ohr_ncp_20250516T1145499313_d_img_d18_x11520_y88320.png,0.2238,415.72,498.38,419.15,502.29
ch2_ohr_ncp_20250516T1145499313_d_img_d18_x11520_y88320.png,0.2213,398.41,538.69,407.4,548.06
ch2_ohr_ncp_20250516T1145499313_d_img_d18_x11520_y88320.png,0.2209,327.93,422.42,331.77,426.39
ch2_ohr_ncp_20250516T1145499313_d_img_d18_x11520_y88320.png,0.2208,339.87,431.39,343.49,434.82
ch2_ohr_ncp_20250516T1145499313_d_img_d18_x11520_y88320.png,0.2197,151.8,75.41,155.97,78.83
ch2_ohr_ncp_20250516T1145499313_d_img_d18_x11520_y88320.png,0.2162,380.16,122.31,388.71,130.37
ch2_ohr_ncp_20250516T1145499313_d_img_d18_x11520_y88320.png,0.2014,395.93,125.96,400.76,130.34
ch2_ohr_ncp_20250516T1145499313_d_img_d18_x11520_y88320.png,0.2006,454.62,495.98,463.56,503.81
ch2_ohr_ncp_20250516T1145499313_d_img_d18_x11520_y88960.png,0.3612,38.59,203.61,43.24,210.4
ch2_ohr_ncp_20250516T1342347288_d_img_d18_x00000_y70400.png,0.2014,25.33,435.5,88.32,489.22
ch2_ohr_ncp_20250516T1342347288_d_img_d18_x00000_y89600.png,0.2989,372.75,469.35,378.43,473.75
ch2_ohr_ncp_20250516T1342347288_d_img_d18_x01280_y35200.png,0.2156,589.06,475.63,640.0,518.48
ch2_ohr_ncp_20250516T1342347288_d_img_d18_x01920_y49280.png,0.2546,442.11,20.44,479.57,69.53
ch2_ohr_ncp_20250516T1342347288_d_img_d18_x02560_y89600.png,0.2197,238.0,450.81,242.85,455.58
ch2_ohr_ncp_20250516T1342347288_d_img_d18_x03200_y89600.png,0.2039,552.5,44.51,559.03,48.91
ch2_ohr_ncp_20250516T1342347288_d_img_d18_x03840_y05120.png,0.3333,630.26,289.74,634.74,293.43
ch2_ohr_ncp_20250516T1342347288_d_img_d18_x03840_y05120.png,0.2684,624.61,94.27,629.45,99.34
ch2_ohr_ncp_20250516T1342347288_d_img_d18_x03840_y30080.png,0.2164,514.01,629.98,518.78,634.87
ch2_ohr_ncp_20250516T1342347288_d_img_d18_x07680_y89600.png,0.2968,68.5,451.58,73.25,456.14
ch2_ohr_ncp_20250516T1342347288_d_img_d18_x09600_y89600.png,0.3062,319.61,307.63,324.04,313.41
ch2_ohr_ncp_20250516T1342347288_d_img_d18_x09600_y89600.png,0.2536,381.18,412.69,387.31,418.7
ch2_ohr_ncp_20250516T1342347288_d_img_d18_x09600_y89600.png,0.2132,416.24,404.15,424.66,412.47
ch2_ohr_ncp_20250516T1342347288_d_img_d18_x10240_y64640.png,0.2195,521.25,472.56,569.15,515.31
ch2_ohr_ncp_20250516T1342347288_d_img_d18_x11520_y01920.png,0.2326,404.33,389.23,410.79,394.92
ch2_ohr_ncp_20250516T1342347288_d_img_d18_x11520_y03200.png,0.4094,273.56,429.83,279.3,434.52
ch2_ohr_ncp_20250516T1342347288_d_img_d18_x11520_y03200.png,0.3731,188.02,572.4,194.54,578.92
ch2_ohr_ncp_20250516T1342347288_d_img_d18_x11520_y03200.png,0.3377,93.31,590.2,98.44,595.55
ch2_ohr_ncp_20250516T1342347288_d_img_d18_x11520_y03200.png,0.3284,456.3,603.06,460.74,607.61
ch2_ohr_ncp_20250516T1342347288_d_img_d18_x11520_y03200.png,0.2725,49.87,14.88,55.2,20.08
ch2_ohr_ncp_20250516T1342347288_d_img_d18_x11520_y03200.png,0.2595,76.52,381.11,84.68,389.26
ch2_ohr_ncp_20250516T1342347288_d_img_d18_x11520_y03200.png,0.2456,63.42,374.12,68.18,378.72
ch2_ohr_ncp_20250516T1342347288_d_img_d18_x11520_y03200.png,0.2269,213.48,210.99,219.1,216.76
ch2_ohr_ncp_20250516T1342347288_d_img_d18_x11520_y03200.png,0.209,78.87,391.5,84.35,395.25
ch2_ohr_ncp_20250516T1342347288_d_img_d18_x11520_y03840.png,0.3382,8.34,81.76,12.8,86.12
ch2_ohr_ncp_20250516T1342347288_d_img_d18_x11520_y03840.png,0.2088,290.61,615.37,297.23,621.58
ch2_ohr_ncp_20250516T1342347288_d_img_d18_x11520_y05760.png,0.2902,338.52,563.0,343.54,567.33
ch2_ohr_ncp_20250516T1342347288_d_img_d18_x11520_y05760.png,0.2789,438.06,77.19,442.84,82.27
ch2_ohr_ncp_20250516T1342347288_d_img_d18_x11520_y05760.png,0.2294,336.09,587.34,341.22,592.03
ch2_ohr_ncp_20250516T1342347288_d_img_d18_x11520_y06400.png,0.3665,190.35,113.73,198.51,121.88
ch2_ohr_ncp_20250516T1342347288_d_img_d18_x11520_y06400.png,0.3533,14.15,218.79,18.77,222.99
ch2_ohr_ncp_20250516T1342347288_d_img_d18_x11520_y06400.png,0.3305,90.81,53.6,95.9,57.1
ch2_ohr_ncp_20250516T1342347288_d_img_d18_x11520_y06400.png,0.283,237.79,237.99,242.72,242.82
ch2_ohr_ncp_20250516T1342347288_d_img_d18_x11520_y06400.png,0.2605,26.32,332.07,30.52,336.13
ch2_ohr_ncp_20250516T1342347288_d_img_d18_x11520_y06400.png,0.2444,92.81,338.79,99.15,344.51
ch2_ohr_ncp_20250516T1342347288_d_img_d18_x11520_y06400.png,0.2288,296.55,71.61,300.25,75.77
ch2_ohr_ncp_20250516T1342347288_d_img_d18_x11520_y06400.png,0.2017,367.45,0.01,377.07,8.06
ch2_ohr_ncp_20250516T1342347288_d_img_d18_x11520_y07680.png,0.3555,60.11,565.54,64.89,569.31
ch2_ohr_ncp_20250516T1342347288_d_img_d18_x11520_y07680.png,0.2355,133.9,409.36,138.45,413.32
ch2_ohr_ncp_20250516T1342347288_d_img_d18_x11520_y07680.png,0.2267,115.49,437.39,122.15,441.0
ch2_ohr_ncp_20250516T1342347288_d_img_d18_x11520_y13440.png,0.2164,327.77,376.74,332.95,381.91
ch2_ohr_ncp_20250516T1342347288_d_img_d18_x11520_y17280.png,0.2202,276.87,265.43,280.89,270.01
ch2_ohr_ncp_20250516T1342347288_d_img_d18_x11520_y24320.png,0.2103,62.45,456.13,67.5,460.56
ch2_ohr_ncp_20250516T1342347288_d_img_d18_x11520_y28800.png,0.2738,294.91,218.61,301.75,225.01
ch2_ohr_ncp_20250516T1342347288_d_img_d18_x11520_y32000.png,0.2299,407.77,372.38,414.01,376.81
ch2_ohr_ncp_20250516T1342347288_d_img_d18_x11520_y35200.png,0.276,186.86,508.66,191.45,512.39
ch2_ohr_ncp_20250516T1342347288_d_img_d18_x11520_y36480.png,0.2176,313.15,570.58,318.09,574.9
ch2_ohr_ncp_20250516T1342347288_d_img_d18_x11520_y37120.png,0.2305,373.29,245.9,378.68,250.47
ch2_ohr_ncp_20250516T1342347288_d_img_d18_x11520_y37120.png,0.2018,261.22,505.91,267.19,511.59
ch2_ohr_ncp_20250516T1342347288_d_img_d18_x11520_y40320.png,0.2889,221.86,619.01,226.09,623.32
ch2_ohr_ncp_20250516T1342347288_d_img_d18_x11520_y44800.png,0.2004,327.97,631.68,333.5,637.48
ch2_ohr_ncp_20250516T1342347288_d_img_d18_x11520_y46720.png,0.3397,87.4,426.82,91.83,430.8
ch2_ohr_ncp_20250516T1342347288_d_img_d18_x11520_y46720.png,0.2134,114.88,510.78,122.27,518.77
ch2_ohr_ncp_20250516T1342347288_d_img_d18_x11520_y46720.png,0.2033,29.64,484.13,34.4,488.83
ch2_ohr_ncp_20250516T1342347288_d_img_d18_x11520_y49280.png,0.2023,54.28,445.22,59.13,449.85
ch2_ohr_ncp_20250516T1342347288_d_img_d18_x11520_y51200.png,0.201,327.8,571.7,334.11,577.94
ch2_ohr_ncp_20250516T1342347288_d_img_d18_x11520_y51840.png,0.2009,438.73,630.46,445.86,637.07
ch2_ohr_ncp_20250516T1342347288_d_img_d18_x11520_y52480.png,0.2323,148.42,7.16,153.22,11.22
ch2_ohr_ncp_20250516T1342347288_d_img_d18_x11520_y53760.png,0.2649,13.7,421.9,18.69,426.16
ch2_ohr_ncp_20250516T1342347288_d_img_d18_x11520_y64000.png,0.2118,208.38,210.07,213.18,214.53
ch2_ohr_ncp_20250516T1342347288_d_img_d18_x11520_y76160.png,0.2017,23.66,439.49,28.3,443.42
ch2_ohr_ncp_20250516T1342347288_d_img_d18_x11520_y78080.png,0.3083,349.86,127.52,358.5,136.48
ch2_ohr_ncp_20250516T1342347288_d_img_d18_x11520_y78080.png,0.2763,454.52,245.71,458.93,249.77
ch2_ohr_ncp_20250516T1342347288_d_img_d18_x11520_y78080.png,0.2321,117.5,298.41,122.96,303.76
ch2_ohr_ncp_20250516T1342347288_d_img_d18_x11520_y78080.png,0.2221,429.44,232.18,436.94,236.78
ch2_ohr_ncp_20250516T1342347288_d_img_d18_x11520_y78080.png,0.2176,382.48,80.44,389.34,87.36
ch2_ohr_ncp_20250516T1342347288_d_img_d18_x11520_y79360.png,0.3575,31.42,559.38,37.45,567.01
ch2_ohr_ncp_20250516T1342347288_d_img_d18_x11520_y80000.png,0.281,56.54,605.86,62.74,612.91
ch2_ohr_ncp_20250516T1342347288_d_img_d18_x11520_y80000.png,0.2182,258.1,255.61,262.74,260.16
ch2_ohr_ncp_20250516T1342347288_d_img_d18_x11520_y80640.png,0.3672,57.17,417.89,61.91,422.26
ch2_ohr_ncp_20250516T1342347288_d_img_d18_x11520_y80640.png,0.3205,56.47,109.66,60.88,114.08
ch2_ohr_ncp_20250516T1342347288_d_img_d18_x11520_y80640.png,0.3106,287.22,96.36,293.25,102.63
ch2_ohr_ncp_20250516T1342347288_d_img_d18_x11520_y80640.png,0.2881,286.49,38.79,291.48,42.96
ch2_ohr_ncp_20250516T1342347288_d_img_d18_x11520_y80640.png,0.265,260.61,469.06,265.36,472.88
ch2_ohr_ncp_20250516T1342347288_d_img_d18_x11520_y80640.png,0.205,71.69,250.85,79.18,258.0
ch2_ohr_ncp_20250516T1342347288_d_img_d18_x11520_y82560.png,0.2105,30.95,92.24,34.88,97.9
ch2_ohr_ncp_20250516T1342347288_d_img_d18_x11520_y83200.png,0.4372,30.47,165.94,36.28,173.25
ch2_ohr_ncp_20250516T1342347288_d_img_d18_x11520_y83200.png,0.3712,117.53,374.57,123.96,379.88
ch2_ohr_ncp_20250516T1342347288_d_img_d18_x11520_y83200.png,0.3501,338.91,367.22,343.89,372.31
ch2_ohr_ncp_20250516T1342347288_d_img_d18_x11520_y83200.png,0.347,437.06,384.68,442.45,389.65
ch2_ohr_ncp_20250516T1342347288_d_img_d18_x11520_y83200.png,0.3335,87.51,438.31,92.53,443.5
ch2_ohr_ncp_20250516T1342347288_d_img_d18_x11520_y83200.png,0.2641,57.35,347.18,64.77,355.86
ch2_ohr_ncp_20250516T1342347288_d_img_d18_x11520_y83200.png,0.2414,189.61,236.95,198.31,246.53
ch2_ohr_ncp_20250516T1342347288_d_img_d18_x11520_y83200.png,0.2101,273.44,22.47,280.44,32.03
ch2_ohr_ncp_20250516T1342347288_d_img_d18_x11520_y83200.png,0.2066,83.35,158.68,88.12,164.03
ch2_ohr_ncp_20250516T1342347288_d_img_d18_x11520_y83840.png,0.4803,67.59,461.8,75.5,468.24
ch2_ohr_ncp_20250516T1342347288_d_img_d18_x11520_y83840.png,0.4161,130.49,605.05,136.61,609.98
ch2_ohr_ncp_20250516T1342347288_d_img_d18_x11520_y83840.png,0.3777,86.97,615.14,92.24,619.18
ch2_ohr_ncp_20250516T1342347288_d_img_d18_x11520_y83840.png,0.3052,90.93,335.05,96.13,338.56
ch2_ohr_ncp_20250516T1342347288_d_img_d18_x11520_y83840.png,0.2854,131.04,375.8,137.45,382.28
ch2_ohr_ncp_20250516T1342347288_d_img_d18_x11520_y83840.png,0.2707,303.08,558.34,308.72,565.5
ch2_ohr_ncp_20250516T1342347288_d_img_d18_x11520_y83840.png,0.2323,66.91,129.3,72.81,133.96
ch2_ohr_ncp_20250516T1342347288_d_img_d18_x11520_y83840.png,0.228,99.86,533.22,104.2,537.97
ch2_ohr_ncp_20250516T1342347288_d_img_d18_x11520_y83840.png,0.2272,254.63,370.04,260.57,374.72
ch2_ohr_ncp_20250516T1342347288_d_img_d18_x11520_y83840.png,0.2248,42.43,270.19,46.67,273.86
ch2_ohr_ncp_20250516T1342347288_d_img_d18_x11520_y83840.png,0.2247,41.67,289.35,45.87,294.06
ch2_ohr_ncp_20250516T1342347288_d_img_d18_x11520_y83840.png,0.2111,63.26,121.47,67.84,126.81
ch2_ohr_ncp_20250516T1342347288_d_img_d18_x11520_y83840.png,0.2006,185.19,287.75,189.95,293.24
ch2_ohr_ncp_20250516T1342347288_d_img_d18_x11520_y84480.png,0.3785,126.53,582.69,132.6,587.67
ch2_ohr_ncp_20250516T1342347288_d_img_d18_x11520_y84480.png,0.3694,244.97,69.25,250.97,73.7
ch2_ohr_ncp_20250516T1342347288_d_img_d18_x11520_y84480.png,0.2944,212.09,130.21,217.23,134.67
ch2_ohr_ncp_20250516T1342347288_d_img_d18_x11520_y84480.png,0.294,231.03,128.83,235.26,132.51
ch2_ohr_ncp_20250516T1342347288_d_img_d18_x11520_y84480.png,0.2936,290.33,571.85,295.14,576.51
ch2_ohr_ncp_20250516T1342347288_d_img_d18_x11520_y84480.png,0.2783,463.2,194.25,468.38,198.89
ch2_ohr_ncp_20250516T1342347288_d_img_d18_x11520_y84480.png,0.2465,364.8,163.78,368.74,167.91
ch2_ohr_ncp_20250516T1342347288_d_img_d18_x11520_y84480.png,0.2076,248.08,351.78,254.26,357.4
ch2_ohr_ncp_20250516T1342347288_d_img_d18_x11520_y87680.png,0.2605,135.68,411.91,140.94,416.69
ch2_ohr_ncp_20250516T1540191774_d_img_d18_x01920_y12160.png,0.2462,633.85,209.93,638.9,213.99
ch2_ohr_ncp_20250516T1540191774_d_img_d18_x01920_y12160.png,0.2448,629.09,314.48,639.75,323.9
ch2_ohr_ncp_20250516T1540191774_d_img_d18_x02560_y12160.png,0.2625,608.9,189.01,613.57,193.5
ch2_ohr_ncp_20250516T1540191774_d_img_d18_x02560_y12160.png,0.2415,367.01,141.46,370.37,145.01
ch2_ohr_ncp_20250516T1540191774_d_img_d18_x02560_y12160.png,0.2079,613.57,278.47,618.72,283.09
ch2_ohr_ncp_20250516T1540191774_d_img_d18_x02560_y12160.png,0.2064,507.97,67.0,515.87,74.67
ch2_ohr_ncp_20250516T1540191774_d_img_d18_x03840_y89600.png,0.2581,138.19,500.26,144.38,505.13
ch2_ohr_ncp_20250516T1540191774_d_img_d18_x04480_y82560.png,0.2683,463.56,133.21,467.76,136.7
ch2_ohr_ncp_20250516T1540191774_d_img_d18_x05120_y46080.png,0.2564,608.85,27.7,613.48,31.57
ch2_ohr_ncp_20250516T1540191774_d_img_d18_x05760_y01280.png,0.4134,628.88,468.08,634.34,473.33
ch2_ohr_ncp_20250516T1540191774_d_img_d18_x05760_y01280.png,0.2799,598.83,595.49,604.32,600.67
ch2_ohr_ncp_20250516T1540191774_d_img_d18_x05760_y01280.png,0.2054,633.79,610.82,639.81,616.46
ch2_ohr_ncp_20250516T1540191774_d_img_d18_x05760_y47360.png,0.2326,624.77,62.4,631.89,68.96
ch2_ohr_ncp_20250516T1540191774_d_img_d18_x05760_y89600.png,0.3538,547.56,238.52,554.52,244.52
ch2_ohr_ncp_20250516T1540191774_d_img_d18_x05760_y89600.png,0.2043,596.82,34.08,601.37,38.07
ch2_ohr_ncp_20250516T1540191774_d_img_d18_x06400_y89600.png,0.3665,475.19,6.81,480.85,12.74
ch2_ohr_ncp_20250516T1540191774_d_img_d18_x06400_y89600.png,0.2414,630.51,366.56,634.79,370.09
ch2_ohr_ncp_20250516T1540191774_d_img_d18_x06400_y89600.png,0.2211,536.31,242.99,540.62,246.98
ch2_ohr_ncp_20250516T1540191774_d_img_d18_x07040_y89600.png,0.346,558.78,488.86,566.7,494.41
ch2_ohr_ncp_20250516T1540191774_d_img_d18_x07680_y04480.png,0.2662,628.67,372.51,633.11,376.42
ch2_ohr_ncp_20250516T1540191774_d_img_d18_x10240_y89600.png,0.2755,383.85,43.73,389.91,49.33
ch2_ohr_ncp_20250516T1540191774_d_img_d18_x11520_y00000.png,0.4673,341.0,165.58,346.34,170.03
ch2_ohr_ncp_20250516T1540191774_d_img_d18_x11520_y00000.png,0.437,176.79,452.48,182.86,458.09
ch2_ohr_ncp_20250516T1540191774_d_img_d18_x11520_y00000.png,0.3246,356.92,28.71,362.11,32.17
ch2_ohr_ncp_20250516T1540191774_d_img_d18_x11520_y00640.png,0.2242,28.0,418.12,34.87,424.53
ch2_ohr_ncp_20250516T1540191774_d_img_d18_x11520_y00640.png,0.2211,6.01,562.5,12.33,568.54
ch2_ohr_ncp_20250516T1540191774_d_img_d18_x11520_y00640.png,0.2133,78.35,311.91,84.17,318.54
ch2_ohr_ncp_20250516T1540191774_d_img_d18_x11520_y00640.png,0.2114,192.79,493.05,199.48,499.18
ch2_ohr_ncp_20250516T1540191774_d_img_d18_x11520_y01280.png,0.3829,261.44,54.94,269.6,61.83
ch2_ohr_ncp_20250516T1540191774_d_img_d18_x11520_y01280.png,0.367,204.53,0.09,209.24,4.75
ch2_ohr_ncp_20250516T1540191774_d_img_d18_x11520_y01280.png,0.3635,382.4,47.69,388.15,52.58
ch2_ohr_ncp_20250516T1540191774_d_img_d18_x11520_y01280.png,0.3468,286.22,217.81,291.24,222.01
ch2_ohr_ncp_20250516T1540191774_d_img_d18_x11520_y01280.png,0.2789,271.38,349.44,275.48,354.18
ch2_ohr_ncp_20250516T1540191774_d_img_d18_x11520_y01280.png,0.275,110.39,66.53,115.15,71.27
ch2_ohr_ncp_20250516T1540191774_d_img_d18_x11520_y01280.png,0.2517,33.74,3.26,44.26,14.31
ch2_ohr_ncp_20250516T1540191774_d_img_d18_x11520_y01280.png,0.2498,237.98,376.8,242.98,381.17
ch2_ohr_ncp_20250516T1540191774_d_img_d18_x11520_y01280.png,0.231,421.09,178.43,426.57,182.62
ch2_ohr_ncp_20250516T1540191774_d_img_d18_x11520_y01280.png,0.2134,392.25,97.47,397.39,102.76
ch2_ohr_ncp_20250516T1540191774_d_img_d18_x11520_y01280.png,0.2123,18.44,48.47,25.76,57.02
ch2_ohr_ncp_20250516T1540191774_d_img_d18_x11520_y02560.png,0.2684,159.49,25.42,167.94,33.23
ch2_ohr_ncp_20250516T1540191774_d_img_d18_x11520_y02560.png,0.2372,278.97,34.76,283.99,39.97
ch2_ohr_ncp_20250516T1540191774_d_img_d18_x11520_y03200.png,0.4086,238.79,313.89,244.16,319.32
ch2_ohr_ncp_20250516T1540191774_d_img_d18_x11520_y03200.png,0.2435,255.38,324.45,261.17,330.33
ch2_ohr_ncp_20250516T1540191774_d_img_d18_x11520_y03200.png,0.2115,319.95,625.88,327.09,633.56
ch2_ohr_ncp_20250516T1540191774_d_img_d18_x11520_y07040.png,0.4525,136.77,628.68,142.18,634.08
ch2_ohr_ncp_20250516T1540191774_d_img_d18_x11520_y07040.png,0.4262,423.23,618.62,430.22,624.61
ch2_ohr_ncp_20250516T1540191774_d_img_d18_x11520_y07040.png,0.4001,447.58,625.68,453.98,632.12
ch2_ohr_ncp_20250516T1540191774_d_img_d18_x11520_y07040.png,0.3374,453.31,94.93,458.99,100.18
ch2_ohr_ncp_20250516T1540191774_d_img_d18_x11520_y07040.png,0.3268,261.07,45.97,265.59,50.33
ch2_ohr_ncp_20250516T1540191774_d_img_d18_x11520_y07040.png,0.2844,318.91,3.25,324.33,7.87
ch2_ohr_ncp_20250516T1540191774_d_img_d18_x11520_y07040.png,0.2397,321.18,439.44,327.97,446.5
ch2_ohr_ncp_20250516T1540191774_d_img_d18_x11520_y07040.png,0.2302,457.15,435.23,462.56,440.13
ch2_ohr_ncp_20250516T1540191774_d_img_d18_x11520_y09600.png,0.3064,434.08,592.15,440.17,599.15
ch2_ohr_ncp_20250516T1540191774_d_img_d18_x11520_y10240.png,0.4494,48.52,596.03,55.22,602.21
ch2_ohr_ncp_20250516T1540191774_d_img_d18_x11520_y10240.png,0.2645,57.97,334.67,65.31,341.35
ch2_ohr_ncp_20250516T1540191774_d_img_d18_x11520_y10240.png,0.2539,390.03,397.67,396.22,403.52
ch2_ohr_ncp_20250516T1540191774_d_img_d18_x11520_y11520.png,0.2657,93.4,463.15,100.65,470.89
ch2_ohr_ncp_20250516T1540191774_d_img_d18_x11520_y12160.png,0.3577,448.63,570.09,454.05,574.93
ch2_ohr_ncp_20250516T1540191774_d_img_d18_x11520_y12160.png,0.3313,334.2,571.08,339.32,576.28
ch2_ohr_ncp_20250516T1540191774_d_img_d18_x11520_y12160.png,0.3208,346.8,522.86,354.32,531.07
ch2_ohr_ncp_20250516T1540191774_d_img_d18_x11520_y12160.png,0.2833,401.14,622.16,405.74,627.66
ch2_ohr_ncp_20250516T1540191774_d_img_d18_x11520_y12160.png,0.2718,196.16,17.71,201.27,22.56
ch2_ohr_ncp_20250516T1540191774_d_img_d18_x11520_y12160.png,0.2589,28.59,366.14,33.0,370.25
ch2_ohr_ncp_20250516T1540191774_d_img_d18_x11520_y12160.png,0.2531,52.25,270.87,57.46,276.32
ch2_ohr_ncp_20250516T1540191774_d_img_d18_x11520_y12160.png,0.2133,270.27,593.65,279.03,601.73
ch2_ohr_ncp_20250516T1540191774_d_img_d18_x11520_y12160.png,0.2065,233.47,629.57,237.93,635.08
ch2_ohr_ncp_20250516T1540191774_d_img_d18_x11520_y13440.png,0.432,8.9,123.26,14.75,126.95
ch2_ohr_ncp_20250516T1540191774_d_img_d18_x11520_y13440.png,0.4092,214.12,210.16,218.78,214.44
ch2_ohr_ncp_20250516T1540191774_d_img_d18_x11520_y13440.png,0.3281,433.89,162.47,439.71,168.49
ch2_ohr_ncp_20250516T1540191774_d_img_d18_x11520_y13440.png,0.3119,93.89,446.94,100.64,454.12
ch2_ohr_ncp_20250516T1540191774_d_img_d18_x11520_y13440.png,0.3117,187.82,13.94,193.62,19.31
ch2_ohr_ncp_20250516T1540191774_d_img_d18_x11520_y13440.png,0.3031,80.25,1.55,87.67,8.81
ch2_ohr_ncp_20250516T1540191774_d_img_d18_x11520_y13440.png,0.3022,140.33,183.14,144.92,187.57
ch2_ohr_ncp_20250516T1540191774_d_img_d18_x11520_y13440.png,0.2878,96.12,69.69,102.86,76.66
ch2_ohr_ncp_20250516T1540191774_d_img_d18_x11520_y13440.png,0.2364,165.63,32.45,170.28,36.98
ch2_ohr_ncp_20250516T1540191774_d_img_d18_x11520_y13440.png,0.2136,127.2,40.62,131.08,44.35
ch2_ohr_ncp_20250516T1540191774_d_img_d18_x11520_y13440.png,0.2028,442.48,313.44,448.43,319.27
ch2_ohr_ncp_20250516T1540191774_d_img_d18_x11520_y14080.png,0.4071,86.33,453.79,92.06,459.42
ch2_ohr_ncp_20250516T1540191774_d_img_d18_x11520_y16000.png,0.3615,213.54,177.06,218.48,182.16
ch2_ohr_ncp_20250516T1540191774_d_img_d18_x11520_y16000.png,0.353,12.54,425.52,18.79,431.91
ch2_ohr_ncp_20250516T1540191774_d_img_d18_x11520_y16000.png,0.2585,6.78,443.4,14.17,451.12
ch2_ohr_ncp_20250516T1540191774_d_img_d18_x11520_y16000.png,0.2409,318.55,81.82,323.13,86.78
ch2_ohr_ncp_20250516T1540191774_d_img_d18_x11520_y16000.png,0.2218,427.77,562.68,432.67,567.93
ch2_ohr_ncp_20250516T1540191774_d_img_d18_x11520_y19200.png,0.2761,373.68,629.46,378.11,633.8
ch2_ohr_ncp_20250516T1540191774_d_img_d18_x11520_y19840.png,0.4294,94.69,581.09,99.71,585.47
ch2_ohr_ncp_20250516T1540191774_d_img_d18_x11520_y19840.png,0.4148,435.81,589.62,441.01,593.65
ch2_ohr_ncp_20250516T1540191774_d_img_d18_x11520_y21120.png,0.4757,54.1,598.16,59.31,603.44
ch2_ohr_ncp_20250516T1540191774_d_img_d18_x11520_y21120.png,0.3373,271.6,629.89,276.49,634.89
ch2_ohr_ncp_20250516T1540191774_d_img_d18_x11520_y21120.png,0.3053,381.05,556.2,385.89,560.79
ch2_ohr_ncp_20250516T1540191774_d_img_d18_x11520_y21120.png,0.2849,155.22,313.3,159.95,318.51
ch2_ohr_ncp_20250516T1540191774_d_img_d18_x11520_y21120.png,0.234,217.54,614.12,222.18,618.93
ch2_ohr_ncp_20250516T1540191774_d_img_d18_x11520_y23040.png,0.3038,343.07,530.98,350.86,538.25
ch2_ohr_ncp_20250516T1540191774_d_img_d18_x11520_y23040.png,0.2761,60.04,55.42,66.67,62.66
ch2_ohr_ncp_20250516T1540191774_d_img_d18_x11520_y23040.png,0.2681,406.42,593.69,415.03,602.16
ch2_ohr_ncp_20250516T1540191774_d_img_d18_x11520_y23040.png,0.2675,154.43,599.05,159.54,603.72
ch2_ohr_ncp_20250516T1540191774_d_img_d18_x11520_y23040.png,0.2358,420.78,595.9,425.07,600.99
ch2_ohr_ncp_20250516T1540191774_d_img_d18_x11520_y23040.png,0.2326,197.61,305.81,205.36,313.05
ch2_ohr_ncp_20250516T1540191774_d_img_d18_x11520_y23680.png,0.2501,270.6,28.9,275.73,33.26
ch2_ohr_ncp_20250516T1540191774_d_img_d18_x11520_y24320.png,0.3298,214.41,411.0,220.02,417.24
ch2_ohr_ncp_20250516T1540191774_d_img_d18_x11520_y24320.png,0.2807,196.82,286.08,201.67,290.29
ch2_ohr_ncp_20250516T1540191774_d_img_d18_x11520_y24320.png,0.259,243.99,118.96,248.8,123.83
ch2_ohr_ncp_20250516T1540191774_d_img_d18_x11520_y24320.png,0.2422,39.07,409.91,47.13,417.38
ch2_ohr_ncp_20250516T1540191774_d_img_d18_x11520_y24320.png,0.232,317.96,577.7,323.46,582.35
ch2_ohr_ncp_20250516T1540191774_d_img_d18_x11520_y24320.png,0.2229,340.78,68.54,346.87,74.16
ch2_ohr_ncp_20250516T1540191774_d_img_d18_x11520_y26240.png,0.2713,19.82,319.89,26.42,326.68
ch2_ohr_ncp_20250516T1540191774_d_img_d18_x11520_y28160.png,0.327,270.09,233.45,275.35,238.48
ch2_ohr_ncp_20250516T1540191774_d_img_d18_x11520_y28160.png,0.2801,330.15,310.62,334.18,313.97
ch2_ohr_ncp_20250516T1540191774_d_img_d18_x11520_y28160.png,0.2082,277.36,299.44,286.31,306.7
ch2_ohr_ncp_20250516T1540191774_d_img_d18_x11520_y32640.png,0.3537,46.83,417.92,51.81,423.04
ch2_ohr_ncp_20250516T1540191774_d_img_d18_x11520_y32640.png,0.2558,132.0,462.84,137.39,467.97
ch2_ohr_ncp_20250516T1540191774_d_img_d18_x11520_y32640.png,0.2439,19.65,558.13,24.73,563.34
ch2_ohr_ncp_20250516T1540191774_d_img_d18_x11520_y32640.png,0.2241,95.98,576.32,100.24,580.74
ch2_ohr_ncp_20250516T1540191774_d_img_d18_x11520_y32640.png,0.2176,34.29,380.12,39.1,384.23
ch2_ohr_ncp_20250516T1540191774_d_img_d18_x11520_y33280.png,0.231,254.73,344.92,261.25,350.37
ch2_ohr_ncp_20250516T1540191774_d_img_d18_x11520_y33920.png,0.3087,371.83,170.65,378.34,176.49
ch2_ohr_ncp_20250516T1540191774_d_img_d18_x11520_y33920.png,0.2895,381.99,199.17,387.86,205.77
ch2_ohr_ncp_20250516T1540191774_d_img_d18_x11520_y34560.png,0.202,87.6,346.94,92.69,352.24
ch2_ohr_ncp_20250516T1540191774_d_img_d18_x11520_y35200.png,0.2268,38.64,122.04,42.68,128.13
ch2_ohr_ncp_20250516T1540191774_d_img_d18_x11520_y39680.png,0.3235,360.47,172.68,365.23,176.34
ch2_ohr_ncp_20250516T1540191774_d_img_d18_x11520_y39680.png,0.3148,456.22,204.82,460.92,209.23
ch2_ohr_ncp_20250516T1540191774_d_img_d18_x11520_y39680.png,0.2913,287.67,83.4,295.4,90.39
ch2_ohr_ncp_20250516T1540191774_d_img_d18_x11520_y40320.png,0.2918,10.71,436.98,16.98,442.7
ch2_ohr_ncp_20250516T1540191774_d_img_d18_x11520_y42240.png,0.2492,189.24,274.7,194.13,279.14
ch2_ohr_ncp_20250516T1540191774_d_img_d18_x11520_y42240.png,0.2038,382.83,570.33,387.84,574.93
ch2_ohr_ncp_20250516T1540191774_d_img_d18_x11520_y45440.png,0.2298,232.85,625.41,238.26,630.62
ch2_ohr_ncp_20250516T1540191774_d_img_d18_x11520_y48640.png,0.3043,44.11,517.79,49.96,523.99
ch2_ohr_ncp_20250516T1540191774_d_img_d18_x11520_y49280.png,0.2346,430.83,561.82,436.83,568.43
ch2_ohr_ncp_20250516T1540191774_d_img_d18_x11520_y49280.png,0.2015,437.7,630.25,445.91,637.7
ch2_ohr_ncp_20250516T1540191774_d_img_d18_x11520_y51200.png,0.2833,369.52,591.04,373.31,595.55
ch2_ohr_ncp_20250516T1540191774_d_img_d18_x11520_y51200.png,0.2314,430.76,609.01,435.2,613.19
ch2_ohr_ncp_20250516T1540191774_d_img_d18_x11520_y55680.png,0.3064,292.37,576.59,298.27,581.02
ch2_ohr_ncp_20250516T1540191774_d_img_d18_x11520_y55680.png,0.2043,455.19,393.75,460.53,398.06
ch2_ohr_ncp_20250516T1540191774_d_img_d18_x11520_y56320.png,0.4382,150.21,461.65,154.82,465.94
ch2_ohr_ncp_20250516T1540191774_d_img_d18_x11520_y56320.png,0.3062,151.08,461.49,155.39,465.67
ch2_ohr_ncp_20250516T1540191774_d_img_d18_x11520_y56320.png,0.2067,447.99,63.05,452.19,66.87
ch2_ohr_ncp_20250516T1540191774_d_img_d18_x11520_y56960.png,0.2891,237.97,606.96,243.14,612.61
ch2_ohr_ncp_20250516T1540191774_d_img_d18_x11520_y56960.png,0.2841,423.16,563.66,431.52,571.33
ch2_ohr_ncp_20250516T1540191774_d_img_d18_x11520_y56960.png,0.2176,393.21,467.27,398.13,471.58
ch2_ohr_ncp_20250516T1540191774_d_img_d18_x11520_y57600.png,0.2281,28.0,558.06,33.71,564.0
ch2_ohr_ncp_20250516T1540191774_d_img_d18_x11520_y60800.png,0.5225,374.5,611.02,381.4,617.6
ch2_ohr_ncp_20250516T1540191774_d_img_d18_x11520_y60800.png,0.4317,359.07,594.24,363.91,599.26
ch2_ohr_ncp_20250516T1540191774_d_img_d18_x11520_y62080.png,0.3224,316.21,231.44,321.74,237.09
ch2_ohr_ncp_20250516T1540191774_d_img_d18_x11520_y62720.png,0.5015,14.63,403.07,18.82,407.22
ch2_ohr_ncp_20250516T1540191774_d_img_d18_x11520_y62720.png,0.4522,304.86,586.39,309.62,591.94
ch2_ohr_ncp_20250516T1540191774_d_img_d18_x11520_y62720.png,0.2521,15.11,402.72,18.95,406.56
ch2_ohr_ncp_20250516T1540191774_d_img_d18_x11520_y62720.png,0.2101,309.96,234.5,316.12,240.07
ch2_ohr_ncp_20250516T1540191774_d_img_d18_x11520_y64000.png,0.2464,39.46,210.71,43.99,214.7
ch2_ohr_ncp_20250516T1540191774_d_img_d18_x11520_y64640.png,0.236,306.0,43.76,310.71,47.89
ch2_ohr_ncp_20250516T1540191774_d_img_d18_x11520_y65280.png,0.3632,16.04,22.01,20.07,26.23
ch2_ohr_ncp_20250516T1540191774_d_img_d18_x11520_y65280.png,0.2719,276.67,548.69,282.4,554.59
ch2_ohr_ncp_20250516T1540191774_d_img_d18_x11520_y67200.png,0.2605,101.54,552.87,106.95,558.81
ch2_ohr_ncp_20250516T1540191774_d_img_d18_x11520_y70400.png,0.3278,310.73,587.83,316.63,597.84
ch2_ohr_ncp_20250516T1540191774_d_img_d18_x11520_y70400.png,0.3018,251.01,596.6,258.28,604.62
ch2_ohr_ncp_20250516T1540191774_d_img_d18_x11520_y70400.png,0.2896,48.52,481.82,54.16,489.42
ch2_ohr_ncp_20250516T1540191774_d_img_d18_x11520_y70400.png,0.2361,439.63,351.69,449.62,362.99
ch2_ohr_ncp_20250516T1540191774_d_img_d18_x11520_y70400.png,0.2297,90.88,475.97,99.21,483.53
ch2_ohr_ncp_20250516T1540191774_d_img_d18_x11520_y70400.png,0.2188,389.71,385.11,394.55,389.99
ch2_ohr_ncp_20250516T1540191774_d_img_d18_x11520_y70400.png,0.2149,367.27,565.27,379.21,576.14
ch2_ohr_ncp_20250516T1540191774_d_img_d18_x11520_y70400.png,0.2146,249.75,475.29,257.41,481.49
ch2_ohr_ncp_20250516T1540191774_d_img_d18_x11520_y70400.png,0.2106,363.78,236.15,371.44,246.52
ch2_ohr_ncp_20250516T1540191774_d_img_d18_x11520_y70400.png,0.2093,399.74,388.55,406.44,393.26
ch2_ohr_ncp_20250516T1540191774_d_img_d18_x11520_y71680.png,0.2151,174.66,613.1,179.03,617.04
ch2_ohr_ncp_20250516T1540191774_d_img_d18_x11520_y72320.png,0.2137,316.29,577.73,322.0,583.17
ch2_ohr_ncp_20250516T1540191774_d_img_d18_x11520_y74240.png,0.2187,344.76,21.54,350.87,26.84
ch2_ohr_ncp_20250516T1540191774_d_img_d18_x11520_y74880.png,0.2632,416.75,516.75,423.95,523.12
ch2_ohr_ncp_20250516T1540191774_d_img_d18_x11520_y76800.png,0.2636,326.27,7.08,330.32,10.9
ch2_ohr_ncp_20250516T1540191774_d_img_d18_x11520_y76800.png,0.2089,415.12,51.38,420.43,56.7
ch2_ohr_ncp_20250516T1540191774_d_img_d18_x11520_y78080.png,0.2964,18.73,625.05,23.25,629.76
ch2_ohr_ncp_20250516T1540191774_d_img_d18_x11520_y78720.png,0.3588,60.09,613.7,65.12,618.7
ch2_ohr_ncp_20250516T1540191774_d_img_d18_x11520_y80000.png,0.2674,393.53,565.86,401.25,573.51
ch2_ohr_ncp_20250516T1540191774_d_img_d18_x11520_y80640.png,0.3488,394.56,581.23,399.72,586.11
ch2_ohr_ncp_20250516T1540191774_d_img_d18_x11520_y81280.png,0.3873,334.88,293.33,339.65,297.54
ch2_ohr_ncp_20250516T1540191774_d_img_d18_x11520_y81280.png,0.2611,354.87,305.62,359.58,310.19
ch2_ohr_ncp_20250516T1540191774_d_img_d18_x11520_y82560.png,0.2445,349.1,624.29,357.13,632.44
ch2_ohr_ncp_20250516T1540191774_d_img_d18_x11520_y82560.png,0.2065,316.86,624.86,321.75,629.48
ch2_ohr_ncp_20250516T1540191774_d_img_d18_x11520_y83200.png,0.2581,34.57,338.4,41.3,347.39
ch2_ohr_ncp_20250516T1540191774_d_img_d18_x11520_y83200.png,0.2361,86.68,381.45,92.64,386.54
ch2_ohr_ncp_20250516T1540191774_d_img_d18_x11520_y83200.png,0.2198,369.25,342.38,374.15,346.63
ch2_ohr_ncp_20250516T1540191774_d_img_d18_x11520_y88960.png,0.5391,241.07,329.19,260.46,345.07
ch2_ohr_ncp_20250516T1540191774_d_img_d18_x11520_y88960.png,0.4965,430.7,460.64,436.39,466.6
ch2_ohr_ncp_20250516T1540191774_d_img_d18_x11520_y88960.png,0.4317,205.82,333.36,211.86,338.07
ch2_ohr_ncp_20250516T1540191774_d_img_d18_x11520_y88960.png,0.4246,301.15,318.27,308.42,325.59
ch2_ohr_ncp_20250516T1540191774_d_img_d18_x11520_y88960.png,0.3567,335.37,397.42,342.28,404.04
ch2_ohr_ncp_20250516T1540191774_d_img_d18_x11520_y88960.png,0.3291,306.69,87.69,313.5,92.86
ch2_ohr_ncp_20250516T1540191774_d_img_d18_x11520_y88960.png,0.3049,66.59,488.0,72.22,492.66
ch2_ohr_ncp_20250516T1540191774_d_img_d18_x11520_y88960.png,0.2987,213.92,618.7,219.09,622.73
ch2_ohr_ncp_20250516T1540191774_d_img_d18_x11520_y88960.png,0.2879,218.47,268.81,222.74,273.69
ch2_ohr_ncp_20250516T1540191774_d_img_d18_x11520_y88960.png,0.2834,106.85,196.88,112.9,203.87
ch2_ohr_ncp_20250516T1540191774_d_img_d18_x11520_y88960.png,0.2816,126.74,604.86,130.62,609.13
ch2_ohr_ncp_20250516T1540191774_d_img_d18_x11520_y88960.png,0.2585,170.94,132.76,178.24,139.61
ch2_ohr_ncp_20250516T1540191774_d_img_d18_x11520_y88960.png,0.2501,197.43,124.04,205.66,131.54
ch2_ohr_ncp_20250516T1540191774_d_img_d18_x11520_y88960.png,0.2465,224.27,298.82,244.95,318.68
ch2_ohr_ncp_20250516T1540191774_d_img_d18_x11520_y88960.png,0.2397,136.62,149.64,145.86,156.64
ch2_ohr_ncp_20250516T1540191774_d_img_d18_x11520_y88960.png,0.2317,348.54,0.3,354.51,7.39
ch2_ohr_ncp_20250516T1540191774_d_img_d18_x11520_y88960.png,0.2315,290.24,608.61,296.43,613.23
ch2_ohr_ncp_20250516T1540191774_d_img_d18_x11520_y88960.png,0.231,382.18,306.23,390.95,314.89
ch2_ohr_ncp_20250516T1540191774_d_img_d18_x11520_y88960.png,0.2259,115.33,202.65,120.34,207.52
ch2_ohr_ncp_20250516T1540191774_d_img_d18_x11520_y88960.png,0.2246,117.76,383.54,121.46,386.85
ch2_ohr_ncp_20250516T1540191774_d_img_d18_x11520_y88960.png,0.2231,47.84,90.25,57.22,98.08
ch2_ohr_ncp_20250516T1540191774_d_img_d18_x11520_y88960.png,0.2222,286.0,531.97,291.57,539.0
ch2_ohr_ncp_20250516T1540191774_d_img_d18_x11520_y88960.png,0.2181,278.75,292.31,287.65,301.81
ch2_ohr_ncp_20250516T1540191774_d_img_d18_x11520_y88960.png,0.2115,391.1,117.95,395.88,122.69
ch2_ohr_ncp_20250516T1540191774_d_img_d18_x11520_y88960.png,0.2013,344.98,190.62,349.83,195.63
ch2_ohr_ncp_20250516T1540191774_d_img_d18_x11520_y89600.png,0.2454,2.88,415.84,9.7,424.97
ch2_ohr_ncp_20250516T1540191774_d_img_d18_x11520_y89600.png,0.2023,416.18,204.51,421.2,211.89
ch2_ohr_ncp_20250612T2031048828_d_img_d18_x00000_y64000.png,0.2942,503.69,45.89,506.77,49.71
ch2_ohr_ncp_20250612T2031048828_d_img_d18_x00640_y67200.png,0.2014,582.21,103.6,620.02,124.99
ch2_ohr_ncp_20250612T2031048828_d_img_d18_x00640_y73600.png,0.2906,0.0,614.01,71.53,639.78
ch2_ohr_ncp_20250612T2031048828_d_img_d18_x01280_y19200.png,0.2024,150.57,4.72,154.04,8.27
ch2_ohr_ncp_20250612T2031048828_d_img_d18_x01280_y28800.png,0.2351,604.48,297.37,611.49,304.51
ch2_ohr_ncp_20250612T2031048828_d_img_d18_x01920_y08320.png,0.4395,406.09,2.35,410.6,6.61
ch2_ohr_ncp_20250612T2031048828_d_img_d18_x01920_y08320.png,0.3167,481.87,324.92,488.94,330.56
ch2_ohr_ncp_20250612T2031048828_d_img_d18_x01920_y08320.png,0.2947,302.46,230.3,306.55,234.0
ch2_ohr_ncp_20250612T2031048828_d_img_d18_x01920_y08320.png,0.2712,534.18,167.69,540.89,172.38
ch2_ohr_ncp_20250612T2031048828_d_img_d18_x01920_y08320.png,0.2666,317.81,346.14,322.24,350.36
ch2_ohr_ncp_20250612T2031048828_d_img_d18_x01920_y08320.png,0.2223,97.76,328.07,101.18,331.66
ch2_ohr_ncp_20250612T2031048828_d_img_d18_x01920_y08320.png,0.2213,332.98,228.34,337.26,232.28
ch2_ohr_ncp_20250612T2031048828_d_img_d18_x01920_y08320.png,0.2101,491.79,334.32,498.92,340.8
ch2_ohr_ncp_20250612T2031048828_d_img_d18_x01920_y62080.png,0.2219,597.47,261.4,601.83,266.05
ch2_ohr_ncp_20250612T2031048828_d_img_d18_x01920_y62080.png,0.2125,631.8,427.66,637.8,432.49
ch2_ohr_ncp_20250612T2031048828_d_img_d18_x01920_y62080.png,0.2025,580.69,333.22,584.28,337.09
ch2_ohr_ncp_20250612T2031048828_d_img_d18_x01920_y71040.png,0.2907,302.26,231.98,306.34,236.26
ch2_ohr_ncp_20250612T2031048828_d_img_d18_x01920_y71680.png,0.2142,565.43,455.79,571.75,460.98
ch2_ohr_ncp_20250612T2031048828_d_img_d18_x01920_y79360.png,0.2852,419.68,99.85,429.74,108.45
ch2_ohr_ncp_20250612T2031048828_d_img_d18_x02560_y03200.png,0.2573,244.65,389.13,250.66,394.4
ch2_ohr_ncp_20250612T2031048828_d_img_d18_x02560_y62080.png,0.2583,3.35,499.75,9.51,505.43
ch2_ohr_ncp_20250612T2031048828_d_img_d18_x02560_y68480.png,0.2256,566.21,154.25,570.58,158.26
ch2_ohr_ncp_20250612T2031048828_d_img_d18_x02560_y68480.png,0.2208,626.13,215.58,630.36,219.19
ch2_ohr_ncp_20250612T2031048828_d_img_d18_x03200_y01280.png,0.2214,606.84,482.92,611.87,487.78
ch2_ohr_ncp_20250612T2031048828_d_img_d18_x03200_y01280.png,0.2172,198.31,98.13,203.93,103.01
ch2_ohr_ncp_20250612T2031048828_d_img_d18_x03200_y01280.png,0.2002,0.12,297.89,7.62,306.44
ch2_ohr_ncp_20250612T2031048828_d_img_d18_x03200_y78080.png,0.2172,551.0,112.5,557.18,117.76
ch2_ohr_ncp_20250612T2031048828_d_img_d18_x03200_y78080.png,0.2108,591.9,100.16,596.82,103.89
ch2_ohr_ncp_20250612T2031048828_d_img_d18_x03200_y79360.png,0.4379,626.23,324.08,639.59,334.94
ch2_ohr_ncp_20250612T2031048828_d_img_d18_x03840_y07680.png,0.2558,127.07,99.82,132.1,104.74
ch2_ohr_ncp_20250612T2031048828_d_img_d18_x03840_y42880.png,0.3233,605.65,130.86,611.26,135.64
ch2_ohr_ncp_20250612T2031048828_d_img_d18_x03840_y42880.png,0.2473,629.03,484.86,635.17,489.96
ch2_ohr_ncp_20250612T2031048828_d_img_d18_x03840_y78080.png,0.252,407.27,30.68,412.27,34.97
ch2_ohr_ncp_20250612T2031048828_d_img_d18_x03840_y78080.png,0.2391,523.19,32.4,528.06,36.37
ch2_ohr_ncp_20250612T2031048828_d_img_d18_x03840_y78080.png,0.2005,189.86,110.35,194.31,114.47
ch2_ohr_ncp_20250612T2031048828_d_img_d18_x04480_y03840.png,0.2175,221.93,354.12,229.61,361.52
ch2_ohr_ncp_20250612T2031048828_d_img_d18_x04480_y07680.png,0.2208,0.24,369.49,8.85,376.73
ch2_ohr_ncp_20250612T2031048828_d_img_d18_x04480_y07680.png,0.2189,8.14,615.72,13.38,620.04
ch2_ohr_ncp_20250612T2031048828_d_img_d18_x04480_y12160.png,0.2544,263.73,412.04,306.08,443.72
ch2_ohr_ncp_20250612T2031048828_d_img_d18_x04480_y57600.png,0.2107,558.82,288.94,564.36,294.19
ch2_ohr_ncp_20250612T2031048828_d_img_d18_x04480_y65280.png,0.2819,205.05,38.96,210.07,43.46
ch2_ohr_ncp_20250612T2031048828_d_img_d18_x04480_y65280.png,0.2718,334.73,419.02,342.0,425.24
ch2_ohr_ncp_20250612T2031048828_d_img_d18_x04480_y65280.png,0.2687,20.15,294.65,25.08,298.84
ch2_ohr_ncp_20250612T2031048828_d_img_d18_x04480_y65280.png,0.2441,525.63,253.9,532.08,259.89
ch2_ohr_ncp_20250612T2031048828_d_img_d18_x04480_y65280.png,0.2369,60.99,339.75,65.33,342.81
ch2_ohr_ncp_20250612T2031048828_d_img_d18_x04480_y65280.png,0.2325,232.52,431.74,237.03,436.2
ch2_ohr_ncp_20250612T2031048828_d_img_d18_x04480_y65280.png,0.2181,145.26,304.11,149.89,308.47
ch2_ohr_ncp_20250612T2031048828_d_img_d18_x04480_y65280.png,0.2135,285.4,7.33,290.54,12.29
ch2_ohr_ncp_20250612T2031048828_d_img_d18_x04480_y65280.png,0.2013,305.51,221.72,310.49,226.0
ch2_ohr_ncp_20250612T2031048828_d_img_d18_x04480_y65920.png,0.4185,420.7,625.52,427.81,631.89
ch2_ohr_ncp_20250612T2031048828_d_img_d18_x05120_y73600.png,0.2141,624.82,615.43,631.4,620.53
ch2_ohr_ncp_20250612T2031048828_d_img_d18_x05120_y73600.png,0.2006,606.76,425.54,610.2,428.79
ch2_ohr_ncp_20250612T2031048828_d_img_d18_x05120_y79360.png,0.3395,541.32,368.48,548.13,374.2
ch2_ohr_ncp_20250612T2031048828_d_img_d18_x05120_y79360.png,0.3106,326.58,341.06,331.98,345.01
ch2_ohr_ncp_20250612T2031048828_d_img_d18_x05120_y79360.png,0.3037,216.39,244.68,222.73,250.91
ch2_ohr_ncp_20250612T2031048828_d_img_d18_x05760_y05120.png,0.2418,382.84,611.96,387.97,616.58
ch2_ohr_ncp_20250612T2031048828_d_img_d18_x05760_y79360.png,0.3589,384.32,404.23,391.56,409.58
ch2_ohr_ncp_20250612T2031048828_d_img_d18_x05760_y79360.png,0.3568,342.29,381.91,347.7,386.36
ch2_ohr_ncp_20250612T2031048828_d_img_d18_x07040_y05760.png,0.2037,349.06,412.38,408.97,457.68
ch2_ohr_ncp_20250612T2031048828_d_img_d18_x07040_y13440.png,0.248,533.27,578.27,538.68,582.96
ch2_ohr_ncp_20250612T2031048828_d_img_d18_x07040_y13440.png,0.2463,245.2,326.53,249.0,329.82
ch2_ohr_ncp_20250612T2031048828_d_img_d18_x07040_y16000.png,0.3837,613.09,55.65,618.09,60.51
ch2_ohr_ncp_20250612T2031048828_d_img_d18_x07040_y23680.png,0.2048,39.09,224.22,42.58,227.7
ch2_ohr_ncp_20250612T2031048828_d_img_d18_x08320_y09600.png,0.241,606.0,7.31,610.27,10.94
ch2_ohr_ncp_20250612T2031048828_d_img_d18_x08320_y40960.png,0.2066,584.82,129.0,588.71,132.35
ch2_ohr_ncp_20250612T2031048828_d_img_d18_x09600_y31360.png,0.2452,559.17,398.67,625.11,434.93
ch2_ohr_ncp_20250612T2031048828_d_img_d18_x09600_y68480.png,0.2281,101.39,618.61,156.1,639.58
ch2_ohr_ncp_20250612T2031048828_d_img_d18_x09600_y79360.png,0.4335,125.5,382.7,130.32,387.06
ch2_ohr_ncp_20250612T2031048828_d_img_d18_x10240_y11520.png,0.3157,62.58,628.67,67.26,633.16
ch2_ohr_ncp_20250612T2031048828_d_img_d18_x10240_y11520.png,0.2829,630.81,535.03,636.46,539.76
ch2_ohr_ncp_20250612T2031048828_d_img_d18_x10240_y11520.png,0.2202,52.19,623.28,58.17,628.27
ch2_ohr_ncp_20250612T2031048828_d_img_d18_x10240_y11520.png,0.2153,116.79,429.59,123.23,434.83
ch2_ohr_ncp_20250612T2031048828_d_img_d18_x10240_y79360.png,0.3095,330.09,366.01,333.9,369.6
ch2_ohr_ncp_20250612T2031048828_d_img_d18_x10880_y30080.png,0.2253,265.1,326.46,312.77,361.73
ch2_ohr_ncp_20250612T2031048828_d_img_d18_x10880_y43520.png,0.24,469.06,281.5,516.14,310.49
ch2_ohr_ncp_20250612T2031048828_d_img_d18_x11520_y07040.png,0.2548,118.35,592.52,136.64,606.72
ch2_ohr_ncp_20250612T2031048828_d_img_d18_x11520_y11520.png,0.2596,420.21,198.27,425.12,203.17
ch2_ohr_ncp_20250612T2031048828_d_img_d18_x11520_y11520.png,0.2554,269.3,189.07,274.69,194.35
ch2_ohr_ncp_20250612T2031048828_d_img_d18_x11520_y12160.png,0.3268,342.7,631.6,347.68,637.47
ch2_ohr_ncp_20250612T2031048828_d_img_d18_x11520_y12800.png,0.3921,343.27,217.84,350.0,222.75
ch2_ohr_ncp_20250612T2031048828_d_img_d18_x11520_y12800.png,0.3857,453.23,257.93,465.23,267.36
ch2_ohr_ncp_20250612T2031048828_d_img_d18_x11520_y12800.png,0.3813,418.36,214.5,424.66,219.29
ch2_ohr_ncp_20250612T2031048828_d_img_d18_x11520_y12800.png,0.2735,432.2,93.88,437.33,97.55
ch2_ohr_ncp_20250612T2031048828_d_img_d18_x11520_y12800.png,0.2718,228.05,46.57,233.41,51.13
ch2_ohr_ncp_20250612T2031048828_d_img_d18_x11520_y12800.png,0.2429,355.27,106.42,362.84,111.96
ch2_ohr_ncp_20250612T2031048828_d_img_d18_x11520_y12800.png,0.2382,447.24,184.78,453.64,190.92
ch2_ohr_ncp_20250612T2031048828_d_img_d18_x11520_y12800.png,0.2343,412.25,223.22,416.04,226.96
ch2_ohr_ncp_20250612T2031048828_d_img_d18_x11520_y14080.png,0.3907,352.85,251.49,359.18,256.23
ch2_ohr_ncp_20250612T2031048828_d_img_d18_x11520_y14080.png,0.3429,365.45,201.67,369.79,206.35
ch2_ohr_ncp_20250612T2031048828_d_img_d18_x11520_y14080.png,0.3246,350.5,212.32,356.91,216.86
ch2_ohr_ncp_20250612T2031048828_d_img_d18_x11520_y14080.png,0.2623,210.66,217.86,215.34,222.46
ch2_ohr_ncp_20250612T2031048828_d_img_d18_x11520_y14080.png,0.2446,268.94,225.9,274.32,229.92
ch2_ohr_ncp_20250612T2031048828_d_img_d18_x11520_y14080.png,0.2267,308.0,599.56,313.25,603.81
ch2_ohr_ncp_20250612T2031048828_d_img_d18_x11520_y14080.png,0.205,392.73,221.05,397.37,225.38
ch2_ohr_ncp_20250612T2031048828_d_img_d18_x11520_y17280.png,0.3148,300.72,607.71,308.65,615.58
ch2_ohr_ncp_20250612T2031048828_d_img_d18_x11520_y17280.png,0.2235,217.87,603.13,224.61,608.04
ch2_ohr_ncp_20250612T2031048828_d_img_d18_x11520_y17280.png,0.2196,335.41,480.51,340.11,485.68
ch2_ohr_ncp_20250612T2031048828_d_img_d18_x11520_y17280.png,0.2121,281.55,310.65,297.01,322.24
ch2_ohr_ncp_20250612T2031048828_d_img_d18_x11520_y17920.png,0.4722,330.75,511.38,338.99,518.73
ch2_ohr_ncp_20250612T2031048828_d_img_d18_x11520_y17920.png,0.4156,269.15,263.18,274.82,267.7
ch2_ohr_ncp_20250612T2031048828_d_img_d18_x11520_y17920.png,0.3916,200.74,499.68,208.12,505.08
ch2_ohr_ncp_20250612T2031048828_d_img_d18_x11520_y17920.png,0.3806,212.86,518.69,219.35,524.03
ch2_ohr_ncp_20250612T2031048828_d_img_d18_x11520_y17920.png,0.3746,85.09,627.33,90.52,632.32
ch2_ohr_ncp_20250612T2031048828_d_img_d18_x11520_y17920.png,0.3727,154.57,314.82,164.52,322.61
ch2_ohr_ncp_20250612T2031048828_d_img_d18_x11520_y17920.png,0.3572,69.48,628.65,75.29,633.15
ch2_ohr_ncp_20250612T2031048828_d_img_d18_x11520_y17920.png,0.3559,262.0,272.16,270.49,279.23
ch2_ohr_ncp_20250612T2031048828_d_img_d18_x11520_y17920.png,0.3384,169.08,496.48,175.42,502.57
ch2_ohr_ncp_20250612T2031048828_d_img_d18_x11520_y17920.png,0.3363,53.72,340.26,63.89,346.73
ch2_ohr_ncp_20250612T2031048828_d_img_d18_x11520_y17920.png,0.3351,125.53,221.49,131.31,226.83
ch2_ohr_ncp_20250612T2031048828_d_img_d18_x11520_y17920.png,0.3175,269.92,235.66,285.44,246.85
ch2_ohr_ncp_20250612T2031048828_d_img_d18_x11520_y17920.png,0.3126,124.6,605.85,129.07,609.75
ch2_ohr_ncp_20250612T2031048828_d_img_d18_x11520_y17920.png,0.3071,350.11,496.23,355.57,501.2
ch2_ohr_ncp_20250612T2031048828_d_img_d18_x11520_y17920.png,0.2933,156.06,209.33,161.75,214.23
ch2_ohr_ncp_20250612T2031048828_d_img_d18_x11520_y17920.png,0.2917,81.49,320.09,91.57,327.42
ch2_ohr_ncp_20250612T2031048828_d_img_d18_x11520_y17920.png,0.29,225.31,539.55,234.74,546.31
ch2_ohr_ncp_20250612T2031048828_d_img_d18_x11520_y17920.png,0.2898,333.55,253.12,338.18,257.46
ch2_ohr_ncp_20250612T2031048828_d_img_d18_x11520_y17920.png,0.2848,213.75,359.24,220.45,364.9
ch2_ohr_ncp_20250612T2031048828_d_img_d18_x11520_y17920.png,0.2721,230.15,239.03,239.97,246.33
ch2_ohr_ncp_20250612T2031048828_d_img_d18_x11520_y17920.png,0.2696,116.29,215.68,123.13,220.58
ch2_ohr_ncp_20250612T2031048828_d_img_d18_x11520_y17920.png,0.2663,213.93,83.59,219.41,87.77
ch2_ohr_ncp_20250612T2031048828_d_img_d18_x11520_y17920.png,0.2638,29.84,166.38,36.28,171.48
ch2_ohr_ncp_20250612T2031048828_d_img_d18_x11520_y17920.png,0.2612,317.5,281.96,324.04,287.81
ch2_ohr_ncp_20250612T2031048828_d_img_d18_x11520_y17920.png,0.2608,389.15,166.54,394.52,171.21
ch2_ohr_ncp_20250612T2031048828_d_img_d18_x11520_y17920.png,0.2567,18.83,175.25,24.58,179.4
ch2_ohr_ncp_20250612T2031048828_d_img_d18_x11520_y17920.png,0.256,85.28,591.71,92.62,598.46
ch2_ohr_ncp_20250612T2031048828_d_img_d18_x11520_y17920.png,0.2505,245.65,486.0,252.89,490.82
ch2_ohr_ncp_20250612T2031048828_d_img_d18_x11520_y17920.png,0.2502,318.14,614.06,324.52,619.09
ch2_ohr_ncp_20250612T2031048828_d_img_d18_x11520_y17920.png,0.2493,328.11,263.32,333.96,268.41
ch2_ohr_ncp_20250612T2031048828_d_img_d18_x11520_y17920.png,0.247,429.27,542.04,436.22,546.51
ch2_ohr_ncp_20250612T2031048828_d_img_d18_x11520_y17920.png,0.2404,136.19,113.51,148.33,122.75
ch2_ohr_ncp_20250612T2031048828_d_img_d18_x11520_y17920.png,0.2402,122.15,592.04,128.23,598.1
ch2_ohr_ncp_20250612T2031048828_d_img_d18_x11520_y17920.png,0.2376,135.22,134.77,139.84,139.43
ch2_ohr_ncp_20250612T2031048828_d_img_d18_x11520_y17920.png,0.2344,316.63,250.84,327.26,258.56
ch2_ohr_ncp_20250612T2031048828_d_img_d18_x11520_y17920.png,0.2333,110.85,255.94,116.96,260.51
ch2_ohr_ncp_20250612T2031048828_d_img_d18_x11520_y17920.png,0.2302,61.24,595.29,67.74,601.89
ch2_ohr_ncp_20250612T2031048828_d_img_d18_x11520_y17920.png,0.2281,444.37,55.26,451.38,62.63
ch2_ohr_ncp_20250612T2031048828_d_img_d18_x11520_y17920.png,0.2263,180.35,468.51,189.29,474.75
ch2_ohr_ncp_20250612T2031048828_d_img_d18_x11520_y17920.png,0.2258,100.25,238.56,105.19,242.69
ch2_ohr_ncp_20250612T2031048828_d_img_d18_x11520_y17920.png,0.2258,89.91,509.19,95.67,514.5
ch2_ohr_ncp_20250612T2031048828_d_img_d18_x11520_y17920.png,0.225,285.66,405.51,293.96,410.93
ch2_ohr_ncp_20250612T2031048828_d_img_d18_x11520_y17920.png,0.2228,95.63,332.92,106.57,341.86
ch2_ohr_ncp_20250612T2031048828_d_img_d18_x11520_y17920.png,0.2222,472.67,585.49,479.63,591.63
ch2_ohr_ncp_20250612T2031048828_d_img_d18_x11520_y17920.png,0.222,399.28,292.23,403.9,296.33
ch2_ohr_ncp_20250612T2031048828_d_img_d18_x11520_y17920.png,0.2218,349.29,489.9,354.31,493.61
ch2_ohr_ncp_20250612T2031048828_d_img_d18_x11520_y17920.png,0.2204,150.93,393.56,159.98,400.19
ch2_ohr_ncp_20250612T2031048828_d_img_d18_x11520_y17920.png,0.2185,333.57,603.85,338.09,608.03
ch2_ohr_ncp_20250612T2031048828_d_img_d18_x11520_y17920.png,0.2116,66.29,610.12,70.67,614.08
ch2_ohr_ncp_20250612T2031048828_d_img_d18_x11520_y17920.png,0.2064,193.06,535.52,202.43,544.05
ch2_ohr_ncp_20250612T2031048828_d_img_d18_x11520_y18560.png,0.4983,116.86,525.02,131.03,535.49
ch2_ohr_ncp_20250612T2031048828_d_img_d18_x11520_y18560.png,0.4248,139.95,140.3,147.97,146.02
ch2_ohr_ncp_20250612T2031048828_d_img_d18_x11520_y18560.png,0.4245,86.66,479.45,99.3,486.65
ch2_ohr_ncp_20250612T2031048828_d_img_d18_x11520_y18560.png,0.4182,33.23,85.93,49.24,98.82
ch2_ohr_ncp_20250612T2031048828_d_img_d18_x11520_y18560.png,0.4174,370.05,107.19,377.14,112.82
ch2_ohr_ncp_20250612T2031048828_d_img_d18_x11520_y18560.png,0.4155,126.16,89.25,134.47,95.63
ch2_ohr_ncp_20250612T2031048828_d_img_d18_x11520_y18560.png,0.407,53.01,441.32,61.58,448.21
ch2_ohr_ncp_20250612T2031048828_d_img_d18_x11520_y18560.png,0.3995,149.66,409.86,154.75,414.4
ch2_ohr_ncp_20250612T2031048828_d_img_d18_x11520_y18560.png,0.399,156.91,28.5,166.14,33.78
ch2_ohr_ncp_20250612T2031048828_d_img_d18_x11520_y18560.png,0.3961,407.84,0.0,415.16,4.35
ch2_ohr_ncp_20250612T2031048828_d_img_d18_x11520_y18560.png,0.3926,124.9,262.47,131.86,266.85
ch2_ohr_ncp_20250612T2031048828_d_img_d18_x11520_y18560.png,0.3923,335.96,136.46,341.65,141.9
ch2_ohr_ncp_20250612T2031048828_d_img_d18_x11520_y18560.png,0.366,185.79,530.12,191.39,534.15
ch2_ohr_ncp_20250612T2031048828_d_img_d18_x11520_y18560.png,0.3637,73.68,41.56,81.56,48.2
ch2_ohr_ncp_20250612T2031048828_d_img_d18_x11520_y18560.png,0.3552,136.45,37.93,146.56,45.18
ch2_ohr_ncp_20250612T2031048828_d_img_d18_x11520_y18560.png,0.3536,181.09,198.18,190.79,204.58
ch2_ohr_ncp_20250612T2031048828_d_img_d18_x11520_y18560.png,0.3516,199.27,128.77,206.83,133.7
ch2_ohr_ncp_20250612T2031048828_d_img_d18_x11520_y18560.png,0.3495,394.05,8.96,400.97,13.38
ch2_ohr_ncp_20250612T2031048828_d_img_d18_x11520_y18560.png,0.3472,258.21,112.4,265.19,118.88
ch2_ohr_ncp_20250612T2031048828_d_img_d18_x11520_y18560.png,0.3451,355.59,294.98,362.8,301.76
ch2_ohr_ncp_20250612T2031048828_d_img_d18_x11520_y18560.png,0.3419,284.75,118.92,289.83,123.63
ch2_ohr_ncp_20250612T2031048828_d_img_d18_x11520_y18560.png,0.3339,57.71,278.22,62.49,282.74
ch2_ohr_ncp_20250612T2031048828_d_img_d18_x11520_y18560.png,0.331,89.57,71.18,96.14,76.24
ch2_ohr_ncp_20250612T2031048828_d_img_d18_x11520_y18560.png,0.3189,414.67,40.34,420.41,45.13
ch2_ohr_ncp_20250612T2031048828_d_img_d18_x11520_y18560.png,0.3165,171.74,10.56,181.96,17.5
ch2_ohr_ncp_20250612T2031048828_d_img_d18_x11520_y18560.png,0.295,225.41,187.76,230.93,192.83
ch2_ohr_ncp_20250612T2031048828_d_img_d18_x11520_y18560.png,0.2785,17.88,472.56,24.75,476.8
ch2_ohr_ncp_20250612T2031048828_d_img_d18_x11520_y18560.png,0.2776,302.64,22.28,308.73,27.08
ch2_ohr_ncp_20250612T2031048828_d_img_d18_x11520_y18560.png,0.252,322.18,613.64,327.24,617.6
ch2_ohr_ncp_20250612T2031048828_d_img_d18_x11520_y18560.png,0.2484,435.85,43.7,442.5,49.87
ch2_ohr_ncp_20250612T2031048828_d_img_d18_x11520_y18560.png,0.2481,15.42,577.18,20.7,580.58
ch2_ohr_ncp_20250612T2031048828_d_img_d18_x11520_y18560.png,0.2462,146.36,34.1,153.62,39.0
ch2_ohr_ncp_20250612T2031048828_d_img_d18_x11520_y18560.png,0.2455,12.15,118.7,17.4,122.88
ch2_ohr_ncp_20250612T2031048828_d_img_d18_x11520_y18560.png,0.2342,155.92,414.68,163.58,419.13
ch2_ohr_ncp_20250612T2031048828_d_img_d18_x11520_y18560.png,0.2248,92.34,325.18,100.03,332.21
ch2_ohr_ncp_20250612T2031048828_d_img_d18_x11520_y18560.png,0.2248,183.09,132.53,188.12,136.27
ch2_ohr_ncp_20250612T2031048828_d_img_d18_x11520_y18560.png,0.2238,428.09,616.91,433.77,621.52
ch2_ohr_ncp_20250612T2031048828_d_img_d18_x11520_y18560.png,0.2203,106.97,251.05,111.96,255.07
ch2_ohr_ncp_20250612T2031048828_d_img_d18_x11520_y18560.png,0.2186,184.33,147.29,188.3,150.9
ch2_ohr_ncp_20250612T2031048828_d_img_d18_x11520_y18560.png,0.2169,139.14,100.11,146.15,104.78
ch2_ohr_ncp_20250612T2031048828_d_img_d18_x11520_y18560.png,0.2165,67.54,429.33,74.66,434.08
ch2_ohr_ncp_20250612T2031048828_d_img_d18_x11520_y18560.png,0.2164,293.92,178.29,313.14,191.39
ch2_ohr_ncp_20250612T2031048828_d_img_d18_x11520_y18560.png,0.2156,182.17,517.57,186.66,521.12
ch2_ohr_ncp_20250612T2031048828_d_img_d18_x11520_y18560.png,0.2145,232.58,218.67,237.87,222.69
ch2_ohr_ncp_20250612T2031048828_d_img_d18_x11520_y18560.png,0.2105,133.6,481.01,138.37,484.36
ch2_ohr_ncp_20250612T2031048828_d_img_d18_x11520_y18560.png,0.2093,102.46,37.96,106.73,41.92
ch2_ohr_ncp_20250612T2031048828_d_img_d18_x11520_y18560.png,0.2041,112.02,393.62,119.84,400.9
ch2_ohr_ncp_20250612T2031048828_d_img_d18_x11520_y18560.png,0.2011,145.27,461.25,150.62,466.4
ch2_ohr_ncp_20250612T2031048828_d_img_d18_x11520_y18560.png,0.2008,99.16,58.29,106.52,65.26
ch2_ohr_ncp_20250612T2031048828_d_img_d18_x11520_y19840.png,0.2886,450.98,411.36,480.24,438.15
ch2_ohr_ncp_20250612T2031048828_d_img_d18_x11520_y20480.png,0.3355,363.2,629.96,369.0,634.63
ch2_ohr_ncp_20250612T2031048828_d_img_d18_x11520_y20480.png,0.2198,365.15,153.57,370.61,158.22
ch2_ohr_ncp_20250612T2031048828_d_img_d18_x11520_y21120.png,0.4907,385.43,70.59,391.38,76.04
ch2_ohr_ncp_20250612T2031048828_d_img_d18_x11520_y21120.png,0.3991,118.48,214.77,126.44,221.48
ch2_ohr_ncp_20250612T2031048828_d_img_d18_x11520_y21120.png,0.3954,334.39,310.34,340.31,314.92
ch2_ohr_ncp_20250612T2031048828_d_img_d18_x11520_y21120.png,0.2678,99.01,404.83,103.83,409.33
ch2_ohr_ncp_20250612T2031048828_d_img_d18_x11520_y21120.png,0.2561,366.42,535.87,373.23,542.37
ch2_ohr_ncp_20250612T2031048828_d_img_d18_x11520_y21760.png,0.2033,14.13,516.69,21.48,523.71
ch2_ohr_ncp_20250612T2031048828_d_img_d18_x11520_y24320.png,0.2961,189.1,316.13,194.92,321.1
ch2_ohr_ncp_20250612T2031048828_d_img_d18_x11520_y27520.png,0.4525,21.16,390.32,26.32,395.3
ch2_ohr_ncp_20250612T2031048828_d_img_d18_x11520_y27520.png,0.4177,111.6,629.1,116.1,632.57
ch2_ohr_ncp_20250612T2031048828_d_img_d18_x11520_y27520.png,0.3932,332.63,218.75,339.25,225.0
ch2_ohr_ncp_20250612T2031048828_d_img_d18_x11520_y27520.png,0.3528,11.09,604.85,15.88,608.32
ch2_ohr_ncp_20250612T2031048828_d_img_d18_x11520_y27520.png,0.3504,397.73,121.11,404.05,125.83
ch2_ohr_ncp_20250612T2031048828_d_img_d18_x11520_y27520.png,0.341,21.99,399.65,25.98,403.03
ch2_ohr_ncp_20250612T2031048828_d_img_d18_x11520_y27520.png,0.3369,240.6,237.94,245.68,243.02
ch2_ohr_ncp_20250612T2031048828_d_img_d18_x11520_y27520.png,0.3165,245.1,233.42,250.03,237.77
ch2_ohr_ncp_20250612T2031048828_d_img_d18_x11520_y28160.png,0.2653,326.76,505.82,332.89,510.54
ch2_ohr_ncp_20250612T2031048828_d_img_d18_x11520_y28800.png,0.3659,53.36,215.52,58.6,220.39
ch2_ohr_ncp_20250612T2031048828_d_img_d18_x11520_y28800.png,0.2789,461.31,15.68,468.11,20.24
ch2_ohr_ncp_20250612T2031048828_d_img_d18_x11520_y28800.png,0.2601,54.64,1.83,59.43,6.44
ch2_ohr_ncp_20250612T2031048828_d_img_d18_x11520_y28800.png,0.2265,431.17,623.4,437.11,628.58
ch2_ohr_ncp_20250612T2031048828_d_img_d18_x11520_y30080.png,0.2693,451.73,575.16,456.98,579.82
ch2_ohr_ncp_20250612T2031048828_d_img_d18_x11520_y30720.png,0.2298,22.01,510.31,34.63,521.72
ch2_ohr_ncp_20250612T2031048828_d_img_d18_x11520_y31360.png,0.2714,341.29,235.51,346.88,240.67
ch2_ohr_ncp_20250612T2031048828_d_img_d18_x11520_y32000.png,0.2542,282.66,543.64,287.05,547.83
ch2_ohr_ncp_20250612T2031048828_d_img_d18_x11520_y32640.png,0.2937,387.46,94.89,394.13,100.43
ch2_ohr_ncp_20250612T2031048828_d_img_d18_x11520_y33280.png,0.2387,309.23,530.52,316.92,536.29
ch2_ohr_ncp_20250612T2031048828_d_img_d18_x11520_y33280.png,0.2168,45.2,0.0,55.22,5.98
ch2_ohr_ncp_20250612T2031048828_d_img_d18_x11520_y34560.png,0.2788,23.94,371.01,29.99,376.44
ch2_ohr_ncp_20250612T2031048828_d_img_d18_x11520_y34560.png,0.2342,374.38,15.19,380.87,20.32
ch2_ohr_ncp_20250612T2031048828_d_img_d18_x11520_y37120.png,0.2721,416.67,151.19,421.91,155.29
ch2_ohr_ncp_20250612T2031048828_d_img_d18_x11520_y37120.png,0.2357,415.3,142.84,420.75,148.57
ch2_ohr_ncp_20250612T2031048828_d_img_d18_x11520_y37760.png,0.2455,81.71,365.27,86.41,369.22
ch2_ohr_ncp_20250612T2031048828_d_img_d18_x11520_y39680.png,0.3593,49.5,567.47,54.65,571.72
ch2_ohr_ncp_20250612T2031048828_d_img_d18_x11520_y39680.png,0.306,96.54,541.77,102.0,546.98
ch2_ohr_ncp_20250612T2031048828_d_img_d18_x11520_y43520.png,0.2324,447.17,58.22,451.39,62.68
ch2_ohr_ncp_20250612T2031048828_d_img_d18_x11520_y44800.png,0.376,339.73,78.47,343.86,82.68
ch2_ohr_ncp_20250612T2031048828_d_img_d18_x11520_y44800.png,0.3713,0.0,523.99,3.96,530.69
ch2_ohr_ncp_20250612T2031048828_d_img_d18_x11520_y44800.png,0.3258,28.87,504.22,34.62,509.03
ch2_ohr_ncp_20250612T2031048828_d_img_d18_x11520_y44800.png,0.2347,221.85,109.07,227.28,112.7
ch2_ohr_ncp_20250612T2031048828_d_img_d18_x11520_y44800.png,0.2223,0.07,535.82,6.29,540.71
ch2_ohr_ncp_20250612T2031048828_d_img_d18_x11520_y46080.png,0.2287,279.67,77.99,283.58,81.31
ch2_ohr_ncp_20250612T2031048828_d_img_d18_x11520_y46080.png,0.2194,358.97,42.0,362.72,45.55
ch2_ohr_ncp_20250612T2031048828_d_img_d18_x11520_y47360.png,0.2241,221.04,608.69,229.14,616.18
ch2_ohr_ncp_20250612T2031048828_d_img_d18_x11520_y47360.png,0.212,260.04,594.39,267.75,600.83
ch2_ohr_ncp_20250612T2031048828_d_img_d18_x11520_y59520.png,0.3137,101.68,566.46,106.72,571.2
ch2_ohr_ncp_20250612T2031048828_d_img_d18_x11520_y59520.png,0.2546,180.07,482.38,186.8,488.49
ch2_ohr_ncp_20250612T2031048828_d_img_d18_x11520_y59520.png,0.2069,158.01,61.98,164.45,67.58
ch2_ohr_ncp_20250612T2031048828_d_img_d18_x11520_y62080.png,0.4277,336.42,553.52,342.55,558.89
ch2_ohr_ncp_20250612T2031048828_d_img_d18_x11520_y63360.png,0.2852,84.15,585.69,89.11,590.25
ch2_ohr_ncp_20250612T2031048828_d_img_d18_x11520_y64640.png,0.2354,326.71,266.6,332.3,272.95
ch2_ohr_ncp_20250612T2031048828_d_img_d18_x11520_y64640.png,0.2292,350.37,245.29,355.15,248.7
ch2_ohr_ncp_20250612T2031048828_d_img_d18_x11520_y66560.png,0.3293,241.88,552.43,248.09,557.26
ch2_ohr_ncp_20250612T2031048828_d_img_d18_x11520_y67840.png,0.2586,339.39,278.69,343.72,282.74
ch2_ohr_ncp_20250612T2031048828_d_img_d18_x11520_y67840.png,0.2063,421.55,380.52,426.48,385.28
ch2_ohr_ncp_20250612T2031048828_d_img_d18_x11520_y70400.png,0.4197,277.01,115.27,284.16,120.71
ch2_ohr_ncp_20250612T2031048828_d_img_d18_x11520_y73600.png,0.3368,114.75,226.08,122.08,231.89
ch2_ohr_ncp_20250612T2031048828_d_img_d18_x11520_y73600.png,0.3211,462.69,142.59,479.42,157.46
ch2_ohr_ncp_20250612T2031048828_d_img_d18_x11520_y73600.png,0.226,15.85,247.98,25.85,256.61
ch2_ohr_ncp_20250612T2031048828_d_img_d18_x11520_y73600.png,0.2152,308.29,206.02,314.28,210.6
ch2_ohr_ncp_20250612T2229094979_d_img_d18_x00000_y16000.png,0.3339,567.29,291.33,640.0,344.59
ch2_ohr_ncp_20250612T2229094979_d_img_d18_x00000_y65280.png,0.2499,614.82,4.43,620.89,8.66
ch2_ohr_ncp_20250612T2229094979_d_img_d18_x00000_y65920.png,0.2692,575.62,611.1,585.52,620.07
ch2_ohr_ncp_20250612T2229094979_d_img_d18_x00000_y65920.png,0.2619,632.91,565.78,639.93,575.13
ch2_ohr_ncp_20250612T2229094979_d_img_d18_x00640_y06400.png,0.2323,582.35,240.0,630.73,277.49
ch2_ohr_ncp_20250612T2229094979_d_img_d18_x00640_y74240.png,0.2228,21.26,519.08,26.97,523.66
ch2_ohr_ncp_20250612T2229094979_d_img_d18_x01280_y07040.png,0.2383,625.89,323.51,630.53,328.1
ch2_ohr_ncp_20250612T2229094979_d_img_d18_x01280_y71040.png,0.2088,625.58,74.12,630.07,78.57
ch2_ohr_ncp_20250612T2229094979_d_img_d18_x01280_y71680.png,0.337,34.69,605.98,42.0,612.14
ch2_ohr_ncp_20250612T2229094979_d_img_d18_x01280_y74240.png,0.278,69.96,308.95,140.77,352.44
ch2_ohr_ncp_20250612T2229094979_d_img_d18_x01280_y74240.png,0.2229,612.53,130.68,626.6,146.3
ch2_ohr_ncp_20250612T2229094979_d_img_d18_x01280_y74240.png,0.2044,629.37,147.61,635.37,152.47
ch2_ohr_ncp_20250612T2229094979_d_img_d18_x02560_y10240.png,0.4957,56.77,409.79,66.19,421.19
ch2_ohr_ncp_20250612T2229094979_d_img_d18_x02560_y10240.png,0.3623,114.21,402.26,125.08,417.07
ch2_ohr_ncp_20250612T2229094979_d_img_d18_x02560_y10240.png,0.2492,74.95,460.76,82.41,466.66
ch2_ohr_ncp_20250612T2229094979_d_img_d18_x02560_y10240.png,0.2476,116.85,488.3,122.47,491.93
ch2_ohr_ncp_20250612T2229094979_d_img_d18_x02560_y10240.png,0.2376,100.61,576.67,106.64,580.74
ch2_ohr_ncp_20250612T2229094979_d_img_d18_x02560_y10240.png,0.2221,113.65,588.51,119.92,593.64
ch2_ohr_ncp_20250612T2229094979_d_img_d18_x02560_y10240.png,0.2008,167.58,595.24,172.96,599.94
ch2_ohr_ncp_20250612T2229094979_d_img_d18_x02560_y10240.png,0.2004,198.64,579.99,203.68,585.08
ch2_ohr_ncp_20250612T2229094979_d_img_d18_x03200_y53760.png,0.2825,532.68,54.91,537.83,59.07
ch2_ohr_ncp_20250612T2229094979_d_img_d18_x03200_y53760.png,0.2593,626.22,293.57,630.95,297.73
ch2_ohr_ncp_20250612T2229094979_d_img_d18_x03200_y53760.png,0.2512,634.57,284.8,639.71,289.62
ch2_ohr_ncp_20250612T2229094979_d_img_d18_x03200_y67840.png,0.4197,606.42,281.44,614.14,287.85
ch2_ohr_ncp_20250612T2229094979_d_img_d18_x03200_y67840.png,0.4148,125.97,357.76,130.43,361.4
ch2_ohr_ncp_20250612T2229094979_d_img_d18_x03200_y67840.png,0.3748,51.23,54.31,55.94,58.02
ch2_ohr_ncp_20250612T2229094979_d_img_d18_x03200_y67840.png,0.3715,71.63,5.18,75.71,9.11
ch2_ohr_ncp_20250612T2229094979_d_img_d18_x03200_y67840.png,0.2899,70.46,252.98,75.18,257.28
ch2_ohr_ncp_20250612T2229094979_d_img_d18_x03200_y67840.png,0.2764,453.6,313.99,458.52,318.48
ch2_ohr_ncp_20250612T2229094979_d_img_d18_x03200_y67840.png,0.2613,21.4,143.43,25.9,147.25
ch2_ohr_ncp_20250612T2229094979_d_img_d18_x03200_y67840.png,0.2411,377.82,290.24,382.4,295.11
ch2_ohr_ncp_20250612T2229094979_d_img_d18_x03200_y67840.png,0.2385,599.59,395.98,604.55,400.56
ch2_ohr_ncp_20250612T2229094979_d_img_d18_x03200_y67840.png,0.2201,566.5,101.63,569.77,104.8
ch2_ohr_ncp_20250612T2229094979_d_img_d18_x03200_y67840.png,0.2117,437.44,104.03,441.94,107.92
ch2_ohr_ncp_20250612T2229094979_d_img_d18_x03200_y67840.png,0.2074,552.47,102.28,561.66,106.9
ch2_ohr_ncp_20250612T2229094979_d_img_d18_x03200_y67840.png,0.2007,634.11,409.41,639.28,412.71
ch2_ohr_ncp_20250612T2229094979_d_img_d18_x03200_y68480.png,0.463,95.7,621.79,100.6,626.27
ch2_ohr_ncp_20250612T2229094979_d_img_d18_x03200_y68480.png,0.4204,44.01,609.26,51.16,616.62
ch2_ohr_ncp_20250612T2229094979_d_img_d18_x03200_y68480.png,0.415,626.86,559.15,634.43,565.61
ch2_ohr_ncp_20250612T2229094979_d_img_d18_x03200_y68480.png,0.3711,571.54,627.53,579.7,634.88
ch2_ohr_ncp_20250612T2229094979_d_img_d18_x03200_y68480.png,0.3602,110.01,594.41,119.19,601.72
ch2_ohr_ncp_20250612T2229094979_d_img_d18_x03200_y68480.png,0.3198,447.94,559.9,454.27,565.92
ch2_ohr_ncp_20250612T2229094979_d_img_d18_x03200_y68480.png,0.272,205.12,540.99,211.09,546.52
ch2_ohr_ncp_20250612T2229094979_d_img_d18_x03200_y68480.png,0.2367,116.03,425.57,126.99,435.19
ch2_ohr_ncp_20250612T2229094979_d_img_d18_x03200_y68480.png,0.2136,72.89,557.32,79.66,561.99
ch2_ohr_ncp_20250612T2229094979_d_img_d18_x03200_y68480.png,0.2012,318.16,581.9,323.32,585.93
ch2_ohr_ncp_20250612T2229094979_d_img_d18_x03200_y79360.png,0.6212,542.97,60.05,551.45,65.99
ch2_ohr_ncp_20250612T2229094979_d_img_d18_x03200_y79360.png,0.5435,515.93,45.36,521.06,49.4
ch2_ohr_ncp_20250612T2229094979_d_img_d18_x03200_y79360.png,0.5204,344.07,45.85,348.69,49.7
ch2_ohr_ncp_20250612T2229094979_d_img_d18_x03200_y79360.png,0.4963,365.67,0.8,371.54,5.29
ch2_ohr_ncp_20250612T2229094979_d_img_d18_x03200_y79360.png,0.4409,536.9,55.05,542.95,59.22
ch2_ohr_ncp_20250612T2229094979_d_img_d18_x03200_y79360.png,0.3554,518.13,113.91,523.79,118.92
ch2_ohr_ncp_20250612T2229094979_d_img_d18_x03200_y79360.png,0.3462,556.43,52.69,561.22,57.2
ch2_ohr_ncp_20250612T2229094979_d_img_d18_x03200_y79360.png,0.3238,366.16,76.11,377.82,85.06
ch2_ohr_ncp_20250612T2229094979_d_img_d18_x03200_y79360.png,0.2734,373.23,34.25,380.91,40.3
ch2_ohr_ncp_20250612T2229094979_d_img_d18_x03200_y79360.png,0.2256,386.2,54.79,390.34,58.99
ch2_ohr_ncp_20250612T2229094979_d_img_d18_x03200_y79360.png,0.2235,321.79,13.58,326.13,17.52
ch2_ohr_ncp_20250612T2229094979_d_img_d18_x03200_y79360.png,0.2061,360.43,13.23,364.54,16.8
ch2_ohr_ncp_20250612T2229094979_d_img_d18_x03200_y79360.png,0.2011,560.84,26.88,567.55,33.59
ch2_ohr_ncp_20250612T2229094979_d_img_d18_x03840_y21120.png,0.2013,606.69,283.09,610.57,286.67
ch2_ohr_ncp_20250612T2229094979_d_img_d18_x03840_y37120.png,0.223,537.31,0.02,547.31,4.42
ch2_ohr_ncp_20250612T2229094979_d_img_d18_x04480_y40960.png,0.2461,628.44,37.95,639.95,47.43
ch2_ohr_ncp_20250612T2229094979_d_img_d18_x04480_y40960.png,0.2173,616.88,39.64,621.02,42.78
ch2_ohr_ncp_20250612T2229094979_d_img_d18_x05120_y16000.png,0.4197,142.29,381.41,146.75,384.98
ch2_ohr_ncp_20250612T2229094979_d_img_d18_x05120_y16000.png,0.2489,262.6,624.24,266.74,628.72
ch2_ohr_ncp_20250612T2229094979_d_img_d18_x05120_y16000.png,0.2452,147.17,442.84,151.56,446.94
ch2_ohr_ncp_20250612T2229094979_d_img_d18_x05120_y16000.png,0.2361,623.98,576.26,628.73,580.88
ch2_ohr_ncp_20250612T2229094979_d_img_d18_x05120_y16000.png,0.2279,197.99,441.69,202.32,445.56
ch2_ohr_ncp_20250612T2229094979_d_img_d18_x05120_y16000.png,0.2271,131.95,358.81,135.84,362.83
ch2_ohr_ncp_20250612T2229094979_d_img_d18_x05120_y16000.png,0.2192,114.01,560.9,117.5,564.68
ch2_ohr_ncp_20250612T2229094979_d_img_d18_x05120_y16000.png,0.2109,396.65,174.75,401.58,178.87
ch2_ohr_ncp_20250612T2229094979_d_img_d18_x05120_y16000.png,0.2015,81.6,516.25,86.98,520.97
ch2_ohr_ncp_20250612T2229094979_d_img_d18_x05120_y16000.png,0.2013,262.59,606.9,267.69,611.86
ch2_ohr_ncp_20250612T2229094979_d_img_d18_x05120_y18560.png,0.3233,608.7,7.11,614.41,12.28
ch2_ohr_ncp_20250612T2229094979_d_img_d18_x05120_y18560.png,0.2249,604.59,21.85,609.5,25.78
ch2_ohr_ncp_20250612T2229094979_d_img_d18_x05120_y18560.png,0.2028,629.95,25.91,638.46,32.63
ch2_ohr_ncp_20250612T2229094979_d_img_d18_x05760_y09600.png,0.2085,301.76,25.91,340.43,50.64
ch2_ohr_ncp_20250612T2229094979_d_img_d18_x05760_y19200.png,0.253,632.98,40.45,637.24,44.05
ch2_ohr_ncp_20250612T2229094979_d_img_d18_x05760_y34560.png,0.3606,50.79,40.88,59.03,47.92
ch2_ohr_ncp_20250612T2229094979_d_img_d18_x05760_y34560.png,0.3543,29.69,72.91,34.04,76.54
ch2_ohr_ncp_20250612T2229094979_d_img_d18_x05760_y34560.png,0.3203,19.52,16.08,26.39,22.01
ch2_ohr_ncp_20250612T2229094979_d_img_d18_x05760_y34560.png,0.2134,50.14,13.73,54.89,18.24
ch2_ohr_ncp_20250612T2229094979_d_img_d18_x05760_y34560.png,0.2055,31.95,126.1,38.03,131.51
ch2_ohr_ncp_20250612T2229094979_d_img_d18_x05760_y79360.png,0.2054,249.12,295.53,253.78,300.11
ch2_ohr_ncp_20250612T2229094979_d_img_d18_x06400_y53120.png,0.296,624.59,2.05,629.25,6.92
ch2_ohr_ncp_20250612T2229094979_d_img_d18_x06400_y76800.png,0.2083,282.79,605.44,355.79,639.81
ch2_ohr_ncp_20250612T2229094979_d_img_d18_x06400_y79360.png,0.5446,395.75,86.91,402.83,92.94
ch2_ohr_ncp_20250612T2229094979_d_img_d18_x06400_y79360.png,0.5427,101.64,174.78,106.93,179.65
ch2_ohr_ncp_20250612T2229094979_d_img_d18_x06400_y79360.png,0.4545,34.17,120.01,39.39,124.4
ch2_ohr_ncp_20250612T2229094979_d_img_d18_x06400_y79360.png,0.4423,130.35,193.48,134.8,197.8
ch2_ohr_ncp_20250612T2229094979_d_img_d18_x06400_y79360.png,0.3379,143.13,230.54,147.38,234.26
ch2_ohr_ncp_20250612T2229094979_d_img_d18_x06400_y79360.png,0.3215,137.65,234.31,143.31,238.59
ch2_ohr_ncp_20250612T2229094979_d_img_d18_x06400_y79360.png,0.3024,186.14,185.55,191.37,190.02
ch2_ohr_ncp_20250612T2229094979_d_img_d18_x06400_y79360.png,0.2654,141.79,165.19,145.79,168.59
ch2_ohr_ncp_20250612T2229094979_d_img_d18_x06400_y79360.png,0.2519,54.53,109.68,58.91,113.28
ch2_ohr_ncp_20250612T2229094979_d_img_d18_x06400_y79360.png,0.2474,181.53,149.88,186.32,153.61
ch2_ohr_ncp_20250612T2229094979_d_img_d18_x06400_y79360.png,0.2458,120.36,123.7,124.97,127.7
ch2_ohr_ncp_20250612T2229094979_d_img_d18_x06400_y79360.png,0.2275,265.23,153.74,270.49,157.86
ch2_ohr_ncp_20250612T2229094979_d_img_d18_x06400_y79360.png,0.2245,96.43,181.4,100.74,185.09
ch2_ohr_ncp_20250612T2229094979_d_img_d18_x06400_y79360.png,0.216,110.83,279.11,115.82,285.07
ch2_ohr_ncp_20250612T2229094979_d_img_d18_x07040_y44160.png,0.2446,511.75,538.57,517.22,543.53
ch2_ohr_ncp_20250612T2229094979_d_img_d18_x07040_y44160.png,0.2382,463.47,610.38,468.18,614.62
ch2_ohr_ncp_20250612T2229094979_d_img_d18_x07040_y44160.png,0.2253,116.57,629.75,122.46,634.47
ch2_ohr_ncp_20250612T2229094979_d_img_d18_x07040_y44160.png,0.2087,450.8,525.43,456.78,531.34
ch2_ohr_ncp_20250612T2229094979_d_img_d18_x07040_y44160.png,0.2014,504.6,462.02,510.2,467.7
ch2_ohr_ncp_20250612T2229094979_d_img_d18_x07680_y21760.png,0.2249,538.99,99.65,544.75,103.77
ch2_ohr_ncp_20250612T2229094979_d_img_d18_x07680_y37760.png,0.2003,633.91,151.36,639.18,156.63
ch2_ohr_ncp_20250612T2229094979_d_img_d18_x07680_y44160.png,0.2598,23.83,531.95,29.76,536.63
ch2_ohr_ncp_20250612T2229094979_d_img_d18_x07680_y44160.png,0.2434,33.8,542.97,38.33,546.54
ch2_ohr_ncp_20250612T2229094979_d_img_d18_x07680_y44160.png,0.2267,278.31,478.63,285.75,484.81
ch2_ohr_ncp_20250612T2229094979_d_img_d18_x07680_y44160.png,0.2194,43.1,399.08,49.2,403.81
ch2_ohr_ncp_20250612T2229094979_d_img_d18_x08320_y14080.png,0.2238,131.63,497.74,139.28,504.23
ch2_ohr_ncp_20250612T2229094979_d_img_d18_x08320_y14080.png,0.2158,10.52,578.42,16.7,583.83
ch2_ohr_ncp_20250612T2229094979_d_img_d18_x08320_y14080.png,0.2123,166.14,469.84,172.17,474.38
ch2_ohr_ncp_20250612T2229094979_d_img_d18_x08320_y20480.png,0.2436,26.58,227.73,68.58,265.16
ch2_ohr_ncp_20250612T2229094979_d_img_d18_x08320_y21120.png,0.3178,181.65,618.36,188.65,624.69
ch2_ohr_ncp_20250612T2229094979_d_img_d18_x08320_y27520.png,0.2258,543.45,230.38,547.24,234.03
ch2_ohr_ncp_20250612T2229094979_d_img_d18_x08320_y44160.png,0.4197,613.21,552.87,630.98,562.44
ch2_ohr_ncp_20250612T2229094979_d_img_d18_x08320_y51840.png,0.2707,623.2,621.23,628.55,625.65
ch2_ohr_ncp_20250612T2229094979_d_img_d18_x08320_y67840.png,0.213,631.71,103.74,636.95,108.94
ch2_ohr_ncp_20250612T2229094979_d_img_d18_x09600_y13440.png,0.2371,607.06,249.71,635.37,270.11
ch2_ohr_ncp_20250612T2229094979_d_img_d18_x09600_y57600.png,0.2779,490.27,615.92,557.27,639.7
ch2_ohr_ncp_20250612T2229094979_d_img_d18_x10240_y09600.png,0.2463,0.0,619.94,65.03,639.79
ch2_ohr_ncp_20250612T2229094979_d_img_d18_x10240_y25600.png,0.2066,37.3,594.6,42.55,599.38
ch2_ohr_ncp_20250612T2229094979_d_img_d18_x10880_y46080.png,0.2226,97.83,579.21,168.2,624.05
ch2_ohr_ncp_20250612T2229094979_d_img_d18_x11520_y00000.png,0.5848,450.09,77.81,456.05,83.03
ch2_ohr_ncp_20250612T2229094979_d_img_d18_x11520_y00000.png,0.5607,437.15,528.72,442.34,533.45
ch2_ohr_ncp_20250612T2229094979_d_img_d18_x11520_y00000.png,0.5415,372.66,253.83,397.32,289.38
ch2_ohr_ncp_20250612T2229094979_d_img_d18_x11520_y00000.png,0.5009,382.31,98.52,389.07,104.49
ch2_ohr_ncp_20250612T2229094979_d_img_d18_x11520_y00000.png,0.4832,134.18,153.93,139.79,161.03
ch2_ohr_ncp_20250612T2229094979_d_img_d18_x11520_y00000.png,0.4656,123.46,150.37,128.83,155.21
ch2_ohr_ncp_20250612T2229094979_d_img_d18_x11520_y00000.png,0.4275,29.57,405.37,35.44,410.71
ch2_ohr_ncp_20250612T2229094979_d_img_d18_x11520_y00000.png,0.4237,315.09,72.5,335.72,92.77
ch2_ohr_ncp_20250612T2229094979_d_img_d18_x11520_y00000.png,0.4169,451.46,305.51,458.21,311.24
ch2_ohr_ncp_20250612T2229094979_d_img_d18_x11520_y00000.png,0.4082,250.74,24.57,258.58,31.11
ch2_ohr_ncp_20250612T2229094979_d_img_d18_x11520_y00000.png,0.381,279.04,505.01,283.57,509.25
ch2_ohr_ncp_20250612T2229094979_d_img_d18_x11520_y00000.png,0.3385,417.36,59.37,433.47,73.5
ch2_ohr_ncp_20250612T2229094979_d_img_d18_x11520_y00000.png,0.3355,332.92,106.95,341.8,113.61
ch2_ohr_ncp_20250612T2229094979_d_img_d18_x11520_y00000.png,0.3257,78.82,51.48,93.47,61.59
ch2_ohr_ncp_20250612T2229094979_d_img_d18_x11520_y00000.png,0.3256,156.03,60.38,163.84,69.39
ch2_ohr_ncp_20250612T2229094979_d_img_d18_x11520_y00000.png,0.3143,453.83,338.3,458.18,341.63
ch2_ohr_ncp_20250612T2229094979_d_img_d18_x11520_y00000.png,0.3032,281.48,13.63,285.8,17.17
ch2_ohr_ncp_20250612T2229094979_d_img_d18_x11520_y00000.png,0.287,390.89,509.96,395.55,513.95
ch2_ohr_ncp_20250612T2229094979_d_img_d18_x11520_y00000.png,0.2556,406.12,15.6,411.07,19.94
ch2_ohr_ncp_20250612T2229094979_d_img_d18_x11520_y00000.png,0.2544,407.6,34.97,417.14,49.45
ch2_ohr_ncp_20250612T2229094979_d_img_d18_x11520_y00000.png,0.2175,341.01,11.5,350.08,17.34
ch2_ohr_ncp_20250612T2229094979_d_img_d18_x11520_y00000.png,0.2083,396.46,253.72,401.38,258.43
ch2_ohr_ncp_20250612T2229094979_d_img_d18_x11520_y00000.png,0.208,380.74,19.54,389.32,27.69
ch2_ohr_ncp_20250612T2229094979_d_img_d18_x11520_y00640.png,0.3184,332.61,295.31,338.71,299.78
ch2_ohr_ncp_20250612T2229094979_d_img_d18_x11520_y00640.png,0.2656,54.3,5.61,60.37,11.45
ch2_ohr_ncp_20250612T2229094979_d_img_d18_x11520_y00640.png,0.2042,331.22,290.27,335.84,294.65
ch2_ohr_ncp_20250612T2229094979_d_img_d18_x11520_y03200.png,0.3285,304.24,593.94,314.96,603.73
ch2_ohr_ncp_20250612T2229094979_d_img_d18_x11520_y03200.png,0.2441,76.65,312.94,83.24,318.96
ch2_ohr_ncp_20250612T2229094979_d_img_d18_x11520_y03840.png,0.3762,234.43,588.68,238.92,593.41
ch2_ohr_ncp_20250612T2229094979_d_img_d18_x11520_y03840.png,0.3681,26.87,159.36,32.93,164.44
ch2_ohr_ncp_20250612T2229094979_d_img_d18_x11520_y03840.png,0.3525,374.4,159.89,381.31,166.45
ch2_ohr_ncp_20250612T2229094979_d_img_d18_x11520_y03840.png,0.3283,175.51,196.38,181.32,201.03
ch2_ohr_ncp_20250612T2229094979_d_img_d18_x11520_y03840.png,0.3276,285.06,518.64,289.52,522.75
ch2_ohr_ncp_20250612T2229094979_d_img_d18_x11520_y03840.png,0.3024,218.41,588.14,224.03,594.14
ch2_ohr_ncp_20250612T2229094979_d_img_d18_x11520_y03840.png,0.2796,216.69,433.22,222.21,437.54
ch2_ohr_ncp_20250612T2229094979_d_img_d18_x11520_y03840.png,0.2689,240.33,575.59,246.93,581.29
ch2_ohr_ncp_20250612T2229094979_d_img_d18_x11520_y03840.png,0.2682,170.49,191.57,174.8,195.25
ch2_ohr_ncp_20250612T2229094979_d_img_d18_x11520_y03840.png,0.2364,371.0,356.9,377.3,362.74
ch2_ohr_ncp_20250612T2229094979_d_img_d18_x11520_y03840.png,0.2115,101.24,130.24,107.22,136.07
ch2_ohr_ncp_20250612T2229094979_d_img_d18_x11520_y04480.png,0.5537,165.61,10.47,175.6,21.21
ch2_ohr_ncp_20250612T2229094979_d_img_d18_x11520_y04480.png,0.5316,197.42,13.6,203.32,18.59
ch2_ohr_ncp_20250612T2229094979_d_img_d18_x11520_y04480.png,0.4958,315.24,69.31,321.58,75.88
ch2_ohr_ncp_20250612T2229094979_d_img_d18_x11520_y04480.png,0.4776,435.75,11.78,441.12,16.27
ch2_ohr_ncp_20250612T2229094979_d_img_d18_x11520_y04480.png,0.4165,6.34,634.33,11.38,639.32
ch2_ohr_ncp_20250612T2229094979_d_img_d18_x11520_y04480.png,0.3184,262.07,429.5,268.13,435.44
ch2_ohr_ncp_20250612T2229094979_d_img_d18_x11520_y04480.png,0.3148,427.41,545.87,436.11,551.88
ch2_ohr_ncp_20250612T2229094979_d_img_d18_x11520_y04480.png,0.2976,242.64,529.13,248.02,533.96
ch2_ohr_ncp_20250612T2229094979_d_img_d18_x11520_y04480.png,0.2785,405.72,365.63,411.85,370.81
ch2_ohr_ncp_20250612T2229094979_d_img_d18_x11520_y04480.png,0.2766,213.49,6.78,221.07,11.48
ch2_ohr_ncp_20250612T2229094979_d_img_d18_x11520_y04480.png,0.2479,439.24,518.48,443.71,522.15
ch2_ohr_ncp_20250612T2229094979_d_img_d18_x11520_y04480.png,0.2251,443.88,197.65,449.7,202.18
ch2_ohr_ncp_20250612T2229094979_d_img_d18_x11520_y04480.png,0.2121,395.46,0.92,400.55,5.25
ch2_ohr_ncp_20250612T2229094979_d_img_d18_x11520_y05760.png,0.2033,270.11,630.33,276.7,636.36
ch2_ohr_ncp_20250612T2229094979_d_img_d18_x11520_y06400.png,0.3367,42.99,435.86,51.36,442.54
ch2_ohr_ncp_20250612T2229094979_d_img_d18_x11520_y07040.png,0.2074,301.75,499.72,307.39,506.26
ch2_ohr_ncp_20250612T2229094979_d_img_d18_x11520_y08320.png,0.3661,263.93,555.83,269.33,560.09
ch2_ohr_ncp_20250612T2229094979_d_img_d18_x11520_y11520.png,0.2329,287.56,30.97,292.13,35.07
ch2_ohr_ncp_20250612T2229094979_d_img_d18_x11520_y11520.png,0.2028,269.62,284.16,276.74,289.2
ch2_ohr_ncp_20250612T2229094979_d_img_d18_x11520_y12800.png,0.2212,178.61,500.84,183.04,505.23
ch2_ohr_ncp_20250612T2229094979_d_img_d18_x11520_y13440.png,0.5742,350.02,341.64,354.77,345.86
ch2_ohr_ncp_20250612T2229094979_d_img_d18_x11520_y13440.png,0.4275,375.4,58.68,382.9,65.25
ch2_ohr_ncp_20250612T2229094979_d_img_d18_x11520_y13440.png,0.2586,235.38,503.54,240.48,508.3
ch2_ohr_ncp_20250612T2229094979_d_img_d18_x11520_y13440.png,0.2454,390.64,533.3,395.74,538.98
ch2_ohr_ncp_20250612T2229094979_d_img_d18_x11520_y13440.png,0.243,142.17,242.81,147.47,248.19
ch2_ohr_ncp_20250612T2229094979_d_img_d18_x11520_y13440.png,0.2408,429.92,446.01,436.74,452.51
ch2_ohr_ncp_20250612T2229094979_d_img_d18_x11520_y13440.png,0.2304,342.82,186.45,351.0,192.74
ch2_ohr_ncp_20250612T2229094979_d_img_d18_x11520_y13440.png,0.2234,405.88,597.31,411.04,601.15
ch2_ohr_ncp_20250612T2229094979_d_img_d18_x11520_y13440.png,0.2232,386.36,231.75,395.54,239.25
ch2_ohr_ncp_20250612T2229094979_d_img_d18_x11520_y13440.png,0.2069,101.81,365.83,107.17,370.73
ch2_ohr_ncp_20250612T2229094979_d_img_d18_x11520_y14080.png,0.4615,49.06,622.59,53.11,626.48
ch2_ohr_ncp_20250612T2229094979_d_img_d18_x11520_y14080.png,0.2642,59.07,618.56,65.65,624.5
ch2_ohr_ncp_20250612T2229094979_d_img_d18_x11520_y14720.png,0.6858,330.1,184.75,339.92,193.69
ch2_ohr_ncp_20250612T2229094979_d_img_d18_x11520_y14720.png,0.5756,192.84,286.3,203.77,295.97
ch2_ohr_ncp_20250612T2229094979_d_img_d18_x11520_y14720.png,0.4927,49.87,280.0,55.7,285.04
ch2_ohr_ncp_20250612T2229094979_d_img_d18_x11520_y14720.png,0.439,466.54,403.51,471.84,408.39
ch2_ohr_ncp_20250612T2229094979_d_img_d18_x11520_y14720.png,0.4288,26.32,178.6,31.35,183.5
ch2_ohr_ncp_20250612T2229094979_d_img_d18_x11520_y14720.png,0.4271,235.57,185.53,246.9,195.79
ch2_ohr_ncp_20250612T2229094979_d_img_d18_x11520_y14720.png,0.3841,81.85,178.9,89.48,185.74
ch2_ohr_ncp_20250612T2229094979_d_img_d18_x11520_y14720.png,0.3708,67.96,22.83,75.33,29.69
ch2_ohr_ncp_20250612T2229094979_d_img_d18_x11520_y14720.png,0.3014,248.67,390.41,266.17,406.11
ch2_ohr_ncp_20250612T2229094979_d_img_d18_x11520_y14720.png,0.2564,4.89,159.74,9.35,163.56
ch2_ohr_ncp_20250612T2229094979_d_img_d18_x11520_y14720.png,0.2473,227.74,441.38,233.66,446.24
ch2_ohr_ncp_20250612T2229094979_d_img_d18_x11520_y14720.png,0.2363,404.0,519.62,408.77,523.91
ch2_ohr_ncp_20250612T2229094979_d_img_d18_x11520_y14720.png,0.2302,243.42,102.22,248.42,107.46
ch2_ohr_ncp_20250612T2229094979_d_img_d18_x11520_y14720.png,0.201,139.05,175.36,145.13,180.73
ch2_ohr_ncp_20250612T2229094979_d_img_d18_x11520_y15360.png,0.5058,356.97,475.94,364.89,483.1
ch2_ohr_ncp_20250612T2229094979_d_img_d18_x11520_y15360.png,0.4214,114.01,557.8,128.62,568.6
ch2_ohr_ncp_20250612T2229094979_d_img_d18_x11520_y15360.png,0.3737,398.55,536.7,408.58,543.35
ch2_ohr_ncp_20250612T2229094979_d_img_d18_x11520_y15360.png,0.3104,19.74,309.92,37.36,322.96
ch2_ohr_ncp_20250612T2229094979_d_img_d18_x11520_y15360.png,0.2644,167.92,409.18,173.52,415.11
ch2_ohr_ncp_20250612T2229094979_d_img_d18_x11520_y15360.png,0.2502,343.11,632.01,349.14,636.44
ch2_ohr_ncp_20250612T2229094979_d_img_d18_x11520_y15360.png,0.2501,85.16,621.78,92.36,628.39
ch2_ohr_ncp_20250612T2229094979_d_img_d18_x11520_y15360.png,0.2374,444.63,439.79,449.5,444.34
ch2_ohr_ncp_20250612T2229094979_d_img_d18_x11520_y15360.png,0.206,193.95,443.16,199.7,448.1
ch2_ohr_ncp_20250612T2229094979_d_img_d18_x11520_y16000.png,0.5665,359.48,1.73,366.73,7.26
ch2_ohr_ncp_20250612T2229094979_d_img_d18_x11520_y16000.png,0.4849,285.52,166.44,291.65,171.12
ch2_ohr_ncp_20250612T2229094979_d_img_d18_x11520_y16000.png,0.4419,297.55,40.87,303.75,46.31
ch2_ohr_ncp_20250612T2229094979_d_img_d18_x11520_y16000.png,0.4367,406.79,134.5,412.62,139.68
ch2_ohr_ncp_20250612T2229094979_d_img_d18_x11520_y16000.png,0.4046,180.8,6.51,185.85,10.63
ch2_ohr_ncp_20250612T2229094979_d_img_d18_x11520_y16000.png,0.3835,409.17,123.74,415.39,129.55
ch2_ohr_ncp_20250612T2229094979_d_img_d18_x11520_y16000.png,0.3661,276.94,229.61,282.99,234.28
ch2_ohr_ncp_20250612T2229094979_d_img_d18_x11520_y16000.png,0.3493,123.12,245.94,128.88,250.8
ch2_ohr_ncp_20250612T2229094979_d_img_d18_x11520_y16000.png,0.3364,23.77,327.96,28.5,331.52
ch2_ohr_ncp_20250612T2229094979_d_img_d18_x11520_y16000.png,0.3031,341.23,91.02,349.81,97.65
ch2_ohr_ncp_20250612T2229094979_d_img_d18_x11520_y16000.png,0.2947,439.64,0.0,446.31,4.58
ch2_ohr_ncp_20250612T2229094979_d_img_d18_x11520_y16000.png,0.2795,114.15,22.52,121.76,28.93
ch2_ohr_ncp_20250612T2229094979_d_img_d18_x11520_y16000.png,0.2766,189.44,212.09,195.7,217.75
ch2_ohr_ncp_20250612T2229094979_d_img_d18_x11520_y16000.png,0.2677,94.92,376.48,100.81,381.04
ch2_ohr_ncp_20250612T2229094979_d_img_d18_x11520_y16000.png,0.2677,5.08,255.27,12.61,260.7
ch2_ohr_ncp_20250612T2229094979_d_img_d18_x11520_y16000.png,0.2673,326.11,126.92,332.87,132.18
ch2_ohr_ncp_20250612T2229094979_d_img_d18_x11520_y16000.png,0.2503,358.74,186.92,365.05,192.25
ch2_ohr_ncp_20250612T2229094979_d_img_d18_x11520_y16000.png,0.2472,16.34,242.25,21.14,246.47
ch2_ohr_ncp_20250612T2229094979_d_img_d18_x11520_y16000.png,0.2322,28.7,175.67,37.09,183.53
ch2_ohr_ncp_20250612T2229094979_d_img_d18_x11520_y16000.png,0.2273,454.9,330.22,460.68,334.86
ch2_ohr_ncp_20250612T2229094979_d_img_d18_x11520_y16000.png,0.2134,44.61,528.13,49.62,532.53
ch2_ohr_ncp_20250612T2229094979_d_img_d18_x11520_y16000.png,0.2129,338.56,121.94,344.21,126.35
ch2_ohr_ncp_20250612T2229094979_d_img_d18_x11520_y16000.png,0.211,40.43,215.62,49.2,223.69
ch2_ohr_ncp_20250612T2229094979_d_img_d18_x11520_y16000.png,0.2081,339.96,194.06,348.56,201.46
ch2_ohr_ncp_20250612T2229094979_d_img_d18_x11520_y16000.png,0.2021,86.6,541.97,91.72,546.79
ch2_ohr_ncp_20250612T2229094979_d_img_d18_x11520_y17280.png,0.4273,373.78,314.23,382.31,323.11
ch2_ohr_ncp_20250612T2229094979_d_img_d18_x11520_y17280.png,0.407,352.42,234.17,359.02,239.28
ch2_ohr_ncp_20250612T2229094979_d_img_d18_x11520_y17280.png,0.3854,293.29,225.69,297.43,229.58
ch2_ohr_ncp_20250612T2229094979_d_img_d18_x11520_y17280.png,0.2654,186.49,178.03,191.47,182.45
ch2_ohr_ncp_20250612T2229094979_d_img_d18_x11520_y17280.png,0.2023,325.7,225.79,331.02,230.33
ch2_ohr_ncp_20250612T2229094979_d_img_d18_x11520_y19200.png,0.2924,217.84,244.25,223.92,249.09
ch2_ohr_ncp_20250612T2229094979_d_img_d18_x11520_y19200.png,0.2797,284.13,366.93,290.67,372.73
ch2_ohr_ncp_20250612T2229094979_d_img_d18_x11520_y19200.png,0.2722,390.18,379.11,398.44,385.54
ch2_ohr_ncp_20250612T2229094979_d_img_d18_x11520_y19200.png,0.2057,169.1,576.59,200.24,603.29
ch2_ohr_ncp_20250612T2229094979_d_img_d18_x11520_y19840.png,0.4114,88.48,499.21,95.19,504.89
ch2_ohr_ncp_20250612T2229094979_d_img_d18_x11520_y19840.png,0.4068,127.63,629.49,136.95,636.56
ch2_ohr_ncp_20250612T2229094979_d_img_d18_x11520_y19840.png,0.397,8.05,625.14,13.72,629.67
ch2_ohr_ncp_20250612T2229094979_d_img_d18_x11520_y19840.png,0.3602,241.67,377.72,249.45,384.9
ch2_ohr_ncp_20250612T2229094979_d_img_d18_x11520_y19840.png,0.3456,238.08,607.73,244.78,613.13
ch2_ohr_ncp_20250612T2229094979_d_img_d18_x11520_y19840.png,0.3194,275.09,625.68,283.77,631.9
ch2_ohr_ncp_20250612T2229094979_d_img_d18_x11520_y19840.png,0.3115,250.25,471.11,258.06,478.48
ch2_ohr_ncp_20250612T2229094979_d_img_d18_x11520_y19840.png,0.3097,9.81,518.62,15.59,522.85
ch2_ohr_ncp_20250612T2229094979_d_img_d18_x11520_y19840.png,0.2839,149.21,523.59,156.09,528.55
ch2_ohr_ncp_20250612T2229094979_d_img_d18_x11520_y19840.png,0.2813,224.98,395.04,230.54,399.44
ch2_ohr_ncp_20250612T2229094979_d_img_d18_x11520_y19840.png,0.2776,26.1,267.15,37.48,275.71
ch2_ohr_ncp_20250612T2229094979_d_img_d18_x11520_y19840.png,0.2613,329.64,410.11,336.48,414.82
ch2_ohr_ncp_20250612T2229094979_d_img_d18_x11520_y19840.png,0.2586,48.72,448.77,55.07,454.6
ch2_ohr_ncp_20250612T2229094979_d_img_d18_x11520_y19840.png,0.2451,96.5,556.24,102.03,561.24
ch2_ohr_ncp_20250612T2229094979_d_img_d18_x11520_y19840.png,0.245,139.71,583.78,145.9,588.59
ch2_ohr_ncp_20250612T2229094979_d_img_d18_x11520_y19840.png,0.2358,10.26,409.35,18.45,416.16
ch2_ohr_ncp_20250612T2229094979_d_img_d18_x11520_y19840.png,0.2339,210.54,551.4,215.97,555.99
ch2_ohr_ncp_20250612T2229094979_d_img_d18_x11520_y19840.png,0.2337,58.38,602.99,63.28,606.9
ch2_ohr_ncp_20250612T2229094979_d_img_d18_x11520_y19840.png,0.2243,148.72,580.1,154.77,584.85
ch2_ohr_ncp_20250612T2229094979_d_img_d18_x11520_y19840.png,0.2214,402.73,582.82,411.6,591.1
ch2_ohr_ncp_20250612T2229094979_d_img_d18_x11520_y19840.png,0.2013,447.13,557.71,453.21,563.15
ch2_ohr_ncp_20250612T2229094979_d_img_d18_x11520_y20480.png,0.2278,256.22,23.5,264.21,29.44
ch2_ohr_ncp_20250612T2229094979_d_img_d18_x11520_y21120.png,0.201,181.5,150.38,186.84,156.3
ch2_ohr_ncp_20250612T2229094979_d_img_d18_x11520_y22400.png,0.3688,417.19,332.61,422.64,337.61
ch2_ohr_ncp_20250612T2229094979_d_img_d18_x11520_y22400.png,0.2448,212.05,53.43,217.84,58.95
ch2_ohr_ncp_20250612T2229094979_d_img_d18_x11520_y22400.png,0.237,348.11,168.08,354.89,174.53
ch2_ohr_ncp_20250612T2229094979_d_img_d18_x11520_y22400.png,0.2186,418.45,286.84,425.11,291.95
ch2_ohr_ncp_20250612T2229094979_d_img_d18_x11520_y22400.png,0.2124,272.81,157.0,279.53,162.17
ch2_ohr_ncp_20250612T2229094979_d_img_d18_x11520_y23040.png,0.2182,69.42,169.07,74.82,174.71
ch2_ohr_ncp_20250612T2229094979_d_img_d18_x11520_y23040.png,0.2049,295.64,476.92,300.49,481.02
ch2_ohr_ncp_20250612T2229094979_d_img_d18_x11520_y23680.png,0.5418,232.81,209.37,241.37,220.1
ch2_ohr_ncp_20250612T2229094979_d_img_d18_x11520_y23680.png,0.3504,188.98,159.63,195.4,167.11
ch2_ohr_ncp_20250612T2229094979_d_img_d18_x11520_y23680.png,0.2983,399.24,372.22,410.12,382.66
ch2_ohr_ncp_20250612T2229094979_d_img_d18_x11520_y23680.png,0.2835,132.77,296.94,142.1,303.51
ch2_ohr_ncp_20250612T2229094979_d_img_d18_x11520_y23680.png,0.2784,195.03,158.0,200.02,161.85
ch2_ohr_ncp_20250612T2229094979_d_img_d18_x11520_y23680.png,0.2452,194.66,157.96,199.57,163.36
ch2_ohr_ncp_20250612T2229094979_d_img_d18_x11520_y23680.png,0.2225,328.77,259.59,335.53,265.36
ch2_ohr_ncp_20250612T2229094979_d_img_d18_x11520_y23680.png,0.2127,92.02,584.75,135.95,629.04
ch2_ohr_ncp_20250612T2229094979_d_img_d18_x11520_y25600.png,0.2247,460.51,321.71,465.13,326.08
ch2_ohr_ncp_20250612T2229094979_d_img_d18_x11520_y27520.png,0.5325,158.34,462.79,163.24,466.85
ch2_ohr_ncp_20250612T2229094979_d_img_d18_x11520_y28160.png,0.3133,181.47,129.14,189.01,135.24
ch2_ohr_ncp_20250612T2229094979_d_img_d18_x11520_y28160.png,0.2389,277.88,474.04,281.82,477.6
ch2_ohr_ncp_20250612T2229094979_d_img_d18_x11520_y28160.png,0.2156,266.63,205.34,273.38,210.69
ch2_ohr_ncp_20250612T2229094979_d_img_d18_x11520_y29440.png,0.4889,6.57,523.05,11.53,527.88
ch2_ohr_ncp_20250612T2229094979_d_img_d18_x11520_y30080.png,0.2453,36.22,629.37,41.58,633.46
ch2_ohr_ncp_20250612T2229094979_d_img_d18_x11520_y30720.png,0.6151,12.95,596.77,22.21,603.48
ch2_ohr_ncp_20250612T2229094979_d_img_d18_x11520_y30720.png,0.5084,291.47,626.4,298.04,631.96
ch2_ohr_ncp_20250612T2229094979_d_img_d18_x11520_y30720.png,0.4906,32.58,599.45,38.76,605.29
ch2_ohr_ncp_20250612T2229094979_d_img_d18_x11520_y30720.png,0.418,148.55,63.57,158.45,70.4
ch2_ohr_ncp_20250612T2229094979_d_img_d18_x11520_y30720.png,0.4132,34.25,591.81,39.96,596.18
ch2_ohr_ncp_20250612T2229094979_d_img_d18_x11520_y30720.png,0.3973,148.42,63.54,159.39,72.64
ch2_ohr_ncp_20250612T2229094979_d_img_d18_x11520_y30720.png,0.3199,460.64,23.51,467.77,29.97
ch2_ohr_ncp_20250612T2229094979_d_img_d18_x11520_y30720.png,0.318,447.44,463.41,454.86,469.46
ch2_ohr_ncp_20250612T2229094979_d_img_d18_x11520_y30720.png,0.2929,461.2,31.53,470.54,39.64
ch2_ohr_ncp_20250612T2229094979_d_img_d18_x11520_y30720.png,0.2101,249.36,330.73,255.57,334.73
ch2_ohr_ncp_20250612T2229094979_d_img_d18_x11520_y30720.png,0.2052,249.79,331.04,256.11,335.7
ch2_ohr_ncp_20250612T2229094979_d_img_d18_x11520_y30720.png,0.2049,173.26,293.12,178.29,297.34
ch2_ohr_ncp_20250612T2229094979_d_img_d18_x11520_y30720.png,0.204,222.81,527.2,227.01,531.81
ch2_ohr_ncp_20250612T2229094979_d_img_d18_x11520_y31360.png,0.5003,115.71,180.35,122.68,185.78
ch2_ohr_ncp_20250612T2229094979_d_img_d18_x11520_y31360.png,0.4689,94.61,266.34,102.07,271.91
ch2_ohr_ncp_20250612T2229094979_d_img_d18_x11520_y31360.png,0.4375,322.97,386.28,329.27,391.98
ch2_ohr_ncp_20250612T2229094979_d_img_d18_x11520_y31360.png,0.4274,86.46,258.53,92.32,263.32
ch2_ohr_ncp_20250612T2229094979_d_img_d18_x11520_y31360.png,0.4033,55.95,386.44,61.56,390.35
ch2_ohr_ncp_20250612T2229094979_d_img_d18_x11520_y31360.png,0.3725,457.13,108.1,471.17,119.83
ch2_ohr_ncp_20250612T2229094979_d_img_d18_x11520_y31360.png,0.3583,450.04,380.45,455.27,386.49
ch2_ohr_ncp_20250612T2229094979_d_img_d18_x11520_y31360.png,0.3555,106.63,183.87,110.5,188.99
ch2_ohr_ncp_20250612T2229094979_d_img_d18_x11520_y31360.png,0.3529,383.64,393.28,391.31,399.81
ch2_ohr_ncp_20250612T2229094979_d_img_d18_x11520_y31360.png,0.3466,158.12,327.32,164.35,334.17
ch2_ohr_ncp_20250612T2229094979_d_img_d18_x11520_y31360.png,0.3447,55.9,304.42,61.02,310.25
ch2_ohr_ncp_20250612T2229094979_d_img_d18_x11520_y31360.png,0.3432,300.12,257.98,309.31,268.2
ch2_ohr_ncp_20250612T2229094979_d_img_d18_x11520_y31360.png,0.3294,93.29,378.17,98.3,382.23
ch2_ohr_ncp_20250612T2229094979_d_img_d18_x11520_y31360.png,0.3196,253.03,413.8,257.99,418.23
ch2_ohr_ncp_20250612T2229094979_d_img_d18_x11520_y31360.png,0.3187,152.57,43.27,158.81,48.27
ch2_ohr_ncp_20250612T2229094979_d_img_d18_x11520_y31360.png,0.2983,389.6,407.54,395.13,412.6
ch2_ohr_ncp_20250612T2229094979_d_img_d18_x11520_y31360.png,0.286,459.27,382.35,466.53,386.79
ch2_ohr_ncp_20250612T2229094979_d_img_d18_x11520_y31360.png,0.279,85.77,435.42,90.6,439.72
ch2_ohr_ncp_20250612T2229094979_d_img_d18_x11520_y31360.png,0.274,5.97,383.17,11.57,387.33
ch2_ohr_ncp_20250612T2229094979_d_img_d18_x11520_y31360.png,0.2739,21.3,157.36,25.46,161.74
ch2_ohr_ncp_20250612T2229094979_d_img_d18_x11520_y31360.png,0.2617,298.9,257.79,309.75,271.59
ch2_ohr_ncp_20250612T2229094979_d_img_d18_x11520_y31360.png,0.2531,68.64,245.29,73.91,250.46
ch2_ohr_ncp_20250612T2229094979_d_img_d18_x11520_y31360.png,0.2448,131.68,14.52,137.15,18.83
ch2_ohr_ncp_20250612T2229094979_d_img_d18_x11520_y31360.png,0.2435,418.55,373.99,424.57,377.66
ch2_ohr_ncp_20250612T2229094979_d_img_d18_x11520_y31360.png,0.2397,348.08,307.38,355.31,313.83
ch2_ohr_ncp_20250612T2229094979_d_img_d18_x11520_y31360.png,0.2397,472.19,394.34,477.67,399.81
ch2_ohr_ncp_20250612T2229094979_d_img_d18_x11520_y31360.png,0.2268,422.23,62.75,427.19,66.78
ch2_ohr_ncp_20250612T2229094979_d_img_d18_x11520_y31360.png,0.2217,438.89,317.42,444.4,321.79
ch2_ohr_ncp_20250612T2229094979_d_img_d18_x11520_y31360.png,0.2101,72.38,385.11,78.01,389.81
ch2_ohr_ncp_20250612T2229094979_d_img_d18_x11520_y31360.png,0.2076,117.55,193.26,122.2,197.32
ch2_ohr_ncp_20250612T2229094979_d_img_d18_x11520_y31360.png,0.2076,298.93,163.39,306.96,169.05
ch2_ohr_ncp_20250612T2229094979_d_img_d18_x11520_y31360.png,0.2004,374.72,544.37,381.29,550.8
ch2_ohr_ncp_20250612T2229094979_d_img_d18_x11520_y32000.png,0.6631,319.04,332.95,328.74,341.41
ch2_ohr_ncp_20250612T2229094979_d_img_d18_x11520_y32000.png,0.6387,281.69,0.0,300.56,10.18
ch2_ohr_ncp_20250612T2229094979_d_img_d18_x11520_y32000.png,0.6344,145.45,117.16,161.05,129.4
ch2_ohr_ncp_20250612T2229094979_d_img_d18_x11520_y32000.png,0.6015,110.63,20.71,117.65,25.86
ch2_ohr_ncp_20250612T2229094979_d_img_d18_x11520_y32000.png,0.5973,243.02,78.11,248.87,82.38
ch2_ohr_ncp_20250612T2229094979_d_img_d18_x11520_y32000.png,0.576,86.61,586.52,99.5,597.62
ch2_ohr_ncp_20250612T2229094979_d_img_d18_x11520_y32000.png,0.5688,270.33,237.83,274.55,241.43
ch2_ohr_ncp_20250612T2229094979_d_img_d18_x11520_y32000.png,0.5572,118.72,287.03,123.41,291.2
ch2_ohr_ncp_20250612T2229094979_d_img_d18_x11520_y32000.png,0.5108,128.44,556.46,135.23,561.79
ch2_ohr_ncp_20250612T2229094979_d_img_d18_x11520_y32000.png,0.5102,160.8,113.71,166.08,119.64
ch2_ohr_ncp_20250612T2229094979_d_img_d18_x11520_y32000.png,0.4923,28.64,87.37,34.4,92.41
ch2_ohr_ncp_20250612T2229094979_d_img_d18_x11520_y32000.png,0.4854,267.56,141.73,272.47,145.69
ch2_ohr_ncp_20250612T2229094979_d_img_d18_x11520_y32000.png,0.4806,61.2,261.83,66.1,265.51
ch2_ohr_ncp_20250612T2229094979_d_img_d18_x11520_y32000.png,0.4803,68.7,313.43,79.52,319.72
ch2_ohr_ncp_20250612T2229094979_d_img_d18_x11520_y32000.png,0.4779,7.48,292.39,12.52,297.39
ch2_ohr_ncp_20250612T2229094979_d_img_d18_x11520_y32000.png,0.475,76.5,357.64,81.15,361.41
ch2_ohr_ncp_20250612T2229094979_d_img_d18_x11520_y32000.png,0.4647,142.03,95.61,146.97,99.99
ch2_ohr_ncp_20250612T2229094979_d_img_d18_x11520_y32000.png,0.4605,97.45,30.54,102.67,35.03
ch2_ohr_ncp_20250612T2229094979_d_img_d18_x11520_y32000.png,0.4605,128.08,397.13,136.74,403.35
ch2_ohr_ncp_20250612T2229094979_d_img_d18_x11520_y32000.png,0.4439,244.22,443.89,249.19,449.26
ch2_ohr_ncp_20250612T2229094979_d_img_d18_x11520_y32000.png,0.443,253.78,225.87,259.42,231.08
ch2_ohr_ncp_20250612T2229094979_d_img_d18_x11520_y32000.png,0.4389,0.05,62.66,9.96,74.54
ch2_ohr_ncp_20250612T2229094979_d_img_d18_x11520_y32000.png,0.4375,31.73,273.67,36.63,278.12
ch2_ohr_ncp_20250612T2229094979_d_img_d18_x11520_y32000.png,0.4297,417.56,241.25,422.5,245.65
ch2_ohr_ncp_20250612T2229094979_d_img_d18_x11520_y32000.png,0.416,104.48,314.51,110.63,319.39
ch2_ohr_ncp_20250612T2229094979_d_img_d18_x11520_y32000.png,0.4147,88.6,414.29,93.92,418.13
ch2_ohr_ncp_20250612T2229094979_d_img_d18_x11520_y32000.png,0.4082,262.33,172.84,266.31,178.86
ch2_ohr_ncp_20250612T2229094979_d_img_d18_x11520_y32000.png,0.4038,135.03,29.95,138.96,33.62
ch2_ohr_ncp_20250612T2229094979_d_img_d18_x11520_y32000.png,0.4006,131.28,272.54,135.92,277.33
ch2_ohr_ncp_20250612T2229094979_d_img_d18_x11520_y32000.png,0.3955,359.29,229.91,363.65,233.86
ch2_ohr_ncp_20250612T2229094979_d_img_d18_x11520_y32000.png,0.3862,219.33,328.24,223.82,333.03
ch2_ohr_ncp_20250612T2229094979_d_img_d18_x11520_y32000.png,0.3799,87.12,288.91,92.21,294.44
ch2_ohr_ncp_20250612T2229094979_d_img_d18_x11520_y32000.png,0.3792,35.98,248.44,40.91,252.81
ch2_ohr_ncp_20250612T2229094979_d_img_d18_x11520_y32000.png,0.3783,137.89,432.71,145.51,438.8
ch2_ohr_ncp_20250612T2229094979_d_img_d18_x11520_y32000.png,0.3723,130.33,229.62,135.14,233.26
ch2_ohr_ncp_20250612T2229094979_d_img_d18_x11520_y32000.png,0.3709,176.02,314.58,184.16,320.78
ch2_ohr_ncp_20250612T2229094979_d_img_d18_x11520_y32000.png,0.3635,87.59,273.13,91.16,276.78
ch2_ohr_ncp_20250612T2229094979_d_img_d18_x11520_y32000.png,0.3539,43.27,407.71,49.67,413.64
ch2_ohr_ncp_20250612T2229094979_d_img_d18_x11520_y32000.png,0.353,80.4,302.53,85.6,307.37
ch2_ohr_ncp_20250612T2229094979_d_img_d18_x11520_y32000.png,0.3511,58.14,250.4,62.08,254.27
ch2_ohr_ncp_20250612T2229094979_d_img_d18_x11520_y32000.png,0.3506,63.22,221.5,68.02,225.5
ch2_ohr_ncp_20250612T2229094979_d_img_d18_x11520_y32000.png,0.3486,265.33,262.54,270.56,267.06
ch2_ohr_ncp_20250612T2229094979_d_img_d18_x11520_y32000.png,0.3438,67.1,308.87,73.42,313.01
ch2_ohr_ncp_20250612T2229094979_d_img_d18_x11520_y32000.png,0.3366,252.38,292.92,256.57,296.49
ch2_ohr_ncp_20250612T2229094979_d_img_d18_x11520_y32000.png,0.3366,336.94,509.09,343.24,515.41
ch2_ohr_ncp_20250612T2229094979_d_img_d18_x11520_y32000.png,0.3344,176.98,205.2,188.05,211.29
ch2_ohr_ncp_20250612T2229094979_d_img_d18_x11520_y32000.png,0.3323,99.96,11.34,105.48,15.67
ch2_ohr_ncp_20250612T2229094979_d_img_d18_x11520_y32000.png,0.3266,66.65,307.89,72.99,312.53
ch2_ohr_ncp_20250612T2229094979_d_img_d18_x11520_y32000.png,0.3232,32.86,363.59,36.7,369.53
ch2_ohr_ncp_20250612T2229094979_d_img_d18_x11520_y32000.png,0.3204,121.19,214.03,126.34,217.95
ch2_ohr_ncp_20250612T2229094979_d_img_d18_x11520_y32000.png,0.3151,52.5,271.94,56.51,276.38
ch2_ohr_ncp_20250612T2229094979_d_img_d18_x11520_y32000.png,0.3145,98.94,602.4,106.74,608.49
ch2_ohr_ncp_20250612T2229094979_d_img_d18_x11520_y32000.png,0.3133,295.19,169.86,300.78,174.21
ch2_ohr_ncp_20250612T2229094979_d_img_d18_x11520_y32000.png,0.3107,57.67,364.72,62.67,368.57
ch2_ohr_ncp_20250612T2229094979_d_img_d18_x11520_y32000.png,0.31,264.13,257.94,268.43,261.06
ch2_ohr_ncp_20250612T2229094979_d_img_d18_x11520_y32000.png,0.3067,456.74,271.95,463.4,278.24
ch2_ohr_ncp_20250612T2229094979_d_img_d18_x11520_y32000.png,0.3063,185.33,291.21,191.79,295.29
ch2_ohr_ncp_20250612T2229094979_d_img_d18_x11520_y32000.png,0.3052,14.61,338.84,20.11,342.91
ch2_ohr_ncp_20250612T2229094979_d_img_d18_x11520_y32000.png,0.3044,99.04,307.6,103.51,312.04
ch2_ohr_ncp_20250612T2229094979_d_img_d18_x11520_y32000.png,0.3033,209.19,334.68,213.5,338.6
ch2_ohr_ncp_20250612T2229094979_d_img_d18_x11520_y32000.png,0.3028,308.94,167.23,313.11,170.15
ch2_ohr_ncp_20250612T2229094979_d_img_d18_x11520_y32000.png,0.3014,99.73,12.23,104.93,16.02
ch2_ohr_ncp_20250612T2229094979_d_img_d18_x11520_y32000.png,0.3013,30.73,330.09,35.69,334.52
ch2_ohr_ncp_20250612T2229094979_d_img_d18_x11520_y32000.png,0.297,454.89,305.69,460.57,310.3
ch2_ohr_ncp_20250612T2229094979_d_img_d18_x11520_y32000.png,0.2918,50.46,199.37,55.02,203.49
ch2_ohr_ncp_20250612T2229094979_d_img_d18_x11520_y32000.png,0.2913,54.19,379.82,59.63,383.55
ch2_ohr_ncp_20250612T2229094979_d_img_d18_x11520_y32000.png,0.2902,331.57,422.1,335.75,425.57
ch2_ohr_ncp_20250612T2229094979_d_img_d18_x11520_y32000.png,0.2854,237.46,597.66,244.63,603.09
ch2_ohr_ncp_20250612T2229094979_d_img_d18_x11520_y32000.png,0.283,90.86,341.07,95.26,344.97
ch2_ohr_ncp_20250612T2229094979_d_img_d18_x11520_y32000.png,0.2783,49.38,435.4,56.19,441.44
ch2_ohr_ncp_20250612T2229094979_d_img_d18_x11520_y32000.png,0.2758,143.13,111.5,149.7,116.68
ch2_ohr_ncp_20250612T2229094979_d_img_d18_x11520_y32000.png,0.273,115.41,577.19,121.18,582.35
ch2_ohr_ncp_20250612T2229094979_d_img_d18_x11520_y32000.png,0.2688,117.09,299.22,122.04,302.9
ch2_ohr_ncp_20250612T2229094979_d_img_d18_x11520_y32000.png,0.2685,9.41,229.78,15.81,234.12
ch2_ohr_ncp_20250612T2229094979_d_img_d18_x11520_y32000.png,0.2664,33.35,305.38,38.0,310.31
ch2_ohr_ncp_20250612T2229094979_d_img_d18_x11520_y32000.png,0.2663,391.76,276.13,396.82,280.48
ch2_ohr_ncp_20250612T2229094979_d_img_d18_x11520_y32000.png,0.2579,137.22,208.51,141.94,212.06
ch2_ohr_ncp_20250612T2229094979_d_img_d18_x11520_y32000.png,0.2579,91.82,348.12,96.44,351.91
ch2_ohr_ncp_20250612T2229094979_d_img_d18_x11520_y32000.png,0.2575,161.83,419.38,167.15,423.03
ch2_ohr_ncp_20250612T2229094979_d_img_d18_x11520_y32000.png,0.2566,56.83,231.77,62.07,235.42
ch2_ohr_ncp_20250612T2229094979_d_img_d18_x11520_y32000.png,0.2558,90.52,223.88,96.13,227.7
ch2_ohr_ncp_20250612T2229094979_d_img_d18_x11520_y32000.png,0.2538,340.43,214.75,345.35,218.34
ch2_ohr_ncp_20250612T2229094979_d_img_d18_x11520_y32000.png,0.2515,109.68,540.59,115.23,545.63
ch2_ohr_ncp_20250612T2229094979_d_img_d18_x11520_y32000.png,0.251,22.72,237.02,27.88,240.63
ch2_ohr_ncp_20250612T2229094979_d_img_d18_x11520_y32000.png,0.25,282.17,286.29,286.41,290.43
ch2_ohr_ncp_20250612T2229094979_d_img_d18_x11520_y32000.png,0.2479,365.86,307.47,370.28,311.36
ch2_ohr_ncp_20250612T2229094979_d_img_d18_x11520_y32000.png,0.2449,302.25,338.75,306.7,342.5
ch2_ohr_ncp_20250612T2229094979_d_img_d18_x11520_y32000.png,0.244,59.78,429.66,65.68,435.09
ch2_ohr_ncp_20250612T2229094979_d_img_d18_x11520_y32000.png,0.2432,59.82,430.71,65.32,436.06
ch2_ohr_ncp_20250612T2229094979_d_img_d18_x11520_y32000.png,0.2426,184.57,96.15,189.45,100.09
ch2_ohr_ncp_20250612T2229094979_d_img_d18_x11520_y32000.png,0.2351,70.31,364.1,75.6,368.22
ch2_ohr_ncp_20250612T2229094979_d_img_d18_x11520_y32000.png,0.2348,209.73,327.73,214.07,331.72
ch2_ohr_ncp_20250612T2229094979_d_img_d18_x11520_y32000.png,0.2345,118.9,221.95,123.98,225.08
ch2_ohr_ncp_20250612T2229094979_d_img_d18_x11520_y32000.png,0.2334,217.34,199.13,221.19,203.72
ch2_ohr_ncp_20250612T2229094979_d_img_d18_x11520_y32000.png,0.2326,75.79,233.47,88.6,242.91
ch2_ohr_ncp_20250612T2229094979_d_img_d18_x11520_y32000.png,0.2323,206.62,408.88,210.79,413.05
ch2_ohr_ncp_20250612T2229094979_d_img_d18_x11520_y32000.png,0.232,87.59,273.41,91.74,277.44
ch2_ohr_ncp_20250612T2229094979_d_img_d18_x11520_y32000.png,0.2316,177.7,3.17,183.18,7.27
ch2_ohr_ncp_20250612T2229094979_d_img_d18_x11520_y32000.png,0.2313,108.15,323.64,112.43,326.74
ch2_ohr_ncp_20250612T2229094979_d_img_d18_x11520_y32000.png,0.2298,150.65,283.12,154.57,286.86
ch2_ohr_ncp_20250612T2229094979_d_img_d18_x11520_y32000.png,0.2285,253.22,226.32,258.15,231.45
ch2_ohr_ncp_20250612T2229094979_d_img_d18_x11520_y32000.png,0.2264,0.0,571.5,3.61,581.43
ch2_ohr_ncp_20250612T2229094979_d_img_d18_x11520_y32000.png,0.2261,26.25,73.61,31.19,77.17
ch2_ohr_ncp_20250612T2229094979_d_img_d18_x11520_y32000.png,0.2258,45.28,99.29,50.58,103.06
ch2_ohr_ncp_20250612T2229094979_d_img_d18_x11520_y32000.png,0.2255,33.98,256.11,38.16,260.63
ch2_ohr_ncp_20250612T2229094979_d_img_d18_x11520_y32000.png,0.2219,87.99,356.12,93.09,359.83
ch2_ohr_ncp_20250612T2229094979_d_img_d18_x11520_y32000.png,0.2219,139.64,15.43,143.81,19.07
ch2_ohr_ncp_20250612T2229094979_d_img_d18_x11520_y32000.png,0.2214,178.74,102.84,182.75,106.85
ch2_ohr_ncp_20250612T2229094979_d_img_d18_x11520_y32000.png,0.2204,62.16,236.82,67.05,240.06
ch2_ohr_ncp_20250612T2229094979_d_img_d18_x11520_y32000.png,0.2199,182.58,349.58,186.36,352.95
ch2_ohr_ncp_20250612T2229094979_d_img_d18_x11520_y32000.png,0.2184,51.87,387.76,58.75,392.95
ch2_ohr_ncp_20250612T2229094979_d_img_d18_x11520_y32000.png,0.2182,67.44,175.26,71.87,179.46
ch2_ohr_ncp_20250612T2229094979_d_img_d18_x11520_y32000.png,0.2178,365.63,446.6,369.55,449.91
ch2_ohr_ncp_20250612T2229094979_d_img_d18_x11520_y32000.png,0.2095,65.02,318.96,68.81,323.16
ch2_ohr_ncp_20250612T2229094979_d_img_d18_x11520_y32000.png,0.2085,93.75,316.0,99.16,319.98
ch2_ohr_ncp_20250612T2229094979_d_img_d18_x11520_y32000.png,0.2067,99.25,307.99,104.2,312.77
ch2_ohr_ncp_20250612T2229094979_d_img_d18_x11520_y32000.png,0.2051,38.18,254.6,41.87,257.81
ch2_ohr_ncp_20250612T2229094979_d_img_d18_x11520_y32000.png,0.2048,99.6,205.51,104.43,209.17
ch2_ohr_ncp_20250612T2229094979_d_img_d18_x11520_y32000.png,0.2039,49.35,584.74,57.01,593.22
ch2_ohr_ncp_20250612T2229094979_d_img_d18_x11520_y32000.png,0.2015,21.3,216.92,26.36,221.01
ch2_ohr_ncp_20250612T2229094979_d_img_d18_x11520_y32000.png,0.2003,86.7,301.38,93.13,305.49
ch2_ohr_ncp_20250612T2229094979_d_img_d18_x11520_y32000.png,0.2003,25.36,366.29,32.55,372.68
ch2_ohr_ncp_20250612T2229094979_d_img_d18_x11520_y33280.png,0.5411,340.36,632.52,346.24,637.25
ch2_ohr_ncp_20250612T2229094979_d_img_d18_x11520_y33280.png,0.4954,146.21,539.96,153.81,545.94
ch2_ohr_ncp_20250612T2229094979_d_img_d18_x11520_y33280.png,0.4485,373.41,623.02,378.53,627.59
ch2_ohr_ncp_20250612T2229094979_d_img_d18_x11520_y33280.png,0.4051,435.24,526.41,441.44,532.33
ch2_ohr_ncp_20250612T2229094979_d_img_d18_x11520_y33280.png,0.3735,185.13,371.17,193.14,377.12
ch2_ohr_ncp_20250612T2229094979_d_img_d18_x11520_y33280.png,0.3727,174.14,400.06,182.1,406.23
ch2_ohr_ncp_20250612T2229094979_d_img_d18_x11520_y33280.png,0.3261,65.8,477.04,70.96,481.0
ch2_ohr_ncp_20250612T2229094979_d_img_d18_x11520_y33280.png,0.3091,2.8,426.92,9.84,431.21
ch2_ohr_ncp_20250612T2229094979_d_img_d18_x11520_y33280.png,0.2939,277.77,474.67,286.09,480.41
ch2_ohr_ncp_20250612T2229094979_d_img_d18_x11520_y33280.png,0.2544,47.09,210.82,51.77,215.94
ch2_ohr_ncp_20250612T2229094979_d_img_d18_x11520_y33280.png,0.2492,119.27,243.69,126.99,251.41
ch2_ohr_ncp_20250612T2229094979_d_img_d18_x11520_y33280.png,0.2299,208.49,242.46,216.36,248.59
ch2_ohr_ncp_20250612T2229094979_d_img_d18_x11520_y33280.png,0.2141,238.96,364.21,244.53,368.66
ch2_ohr_ncp_20250612T2229094979_d_img_d18_x11520_y33280.png,0.2107,436.77,469.9,442.32,474.52
ch2_ohr_ncp_20250612T2229094979_d_img_d18_x11520_y33280.png,0.2099,336.34,202.54,340.91,206.81
ch2_ohr_ncp_20250612T2229094979_d_img_d18_x11520_y33920.png,0.6395,432.3,186.07,439.5,192.62
ch2_ohr_ncp_20250612T2229094979_d_img_d18_x11520_y33920.png,0.6284,151.61,475.27,186.87,505.5
ch2_ohr_ncp_20250612T2229094979_d_img_d18_x11520_y33920.png,0.6107,414.15,106.31,424.14,115.73
ch2_ohr_ncp_20250612T2229094979_d_img_d18_x11520_y33920.png,0.561,244.95,273.23,253.31,279.26
ch2_ohr_ncp_20250612T2229094979_d_img_d18_x11520_y33920.png,0.4886,128.73,98.58,134.65,103.7
ch2_ohr_ncp_20250612T2229094979_d_img_d18_x11520_y33920.png,0.4866,240.5,372.69,246.03,377.04
ch2_ohr_ncp_20250612T2229094979_d_img_d18_x11520_y33920.png,0.4382,197.5,598.55,203.01,602.88
ch2_ohr_ncp_20250612T2229094979_d_img_d18_x11520_y33920.png,0.4124,135.2,148.25,141.87,156.17
ch2_ohr_ncp_20250612T2229094979_d_img_d18_x11520_y33920.png,0.4047,335.42,355.66,344.8,363.74
ch2_ohr_ncp_20250612T2229094979_d_img_d18_x11520_y33920.png,0.3439,141.34,3.08,147.03,7.97
ch2_ohr_ncp_20250612T2229094979_d_img_d18_x11520_y33920.png,0.3246,445.12,497.6,449.71,502.44
ch2_ohr_ncp_20250612T2229094979_d_img_d18_x11520_y33920.png,0.3066,356.19,191.01,361.58,195.51
ch2_ohr_ncp_20250612T2229094979_d_img_d18_x11520_y33920.png,0.2967,145.1,28.14,151.03,32.51
ch2_ohr_ncp_20250612T2229094979_d_img_d18_x11520_y33920.png,0.2513,335.56,635.61,339.94,639.42
ch2_ohr_ncp_20250612T2229094979_d_img_d18_x11520_y33920.png,0.2197,145.19,27.43,150.77,31.84
ch2_ohr_ncp_20250612T2229094979_d_img_d18_x11520_y34560.png,0.5287,46.15,110.95,51.19,115.06
ch2_ohr_ncp_20250612T2229094979_d_img_d18_x11520_y34560.png,0.3942,16.7,352.75,22.1,358.14
ch2_ohr_ncp_20250612T2229094979_d_img_d18_x11520_y34560.png,0.2294,9.17,539.72,14.47,544.74
ch2_ohr_ncp_20250612T2229094979_d_img_d18_x11520_y35840.png,0.3262,170.31,569.28,175.39,574.32
ch2_ohr_ncp_20250612T2229094979_d_img_d18_x11520_y37120.png,0.308,183.9,323.57,190.65,329.33
ch2_ohr_ncp_20250612T2229094979_d_img_d18_x11520_y37760.png,0.2014,14.58,205.4,18.45,209.35
ch2_ohr_ncp_20250612T2229094979_d_img_d18_x11520_y38400.png,0.242,22.85,366.72,28.06,371.51
ch2_ohr_ncp_20250612T2229094979_d_img_d18_x11520_y40320.png,0.4165,161.06,241.6,167.0,247.3
ch2_ohr_ncp_20250612T2229094979_d_img_d18_x11520_y41600.png,0.2578,179.35,2.3,185.51,7.12
ch2_ohr_ncp_20250612T2229094979_d_img_d18_x11520_y42240.png,0.2613,86.97,4.01,93.14,9.14
ch2_ohr_ncp_20250612T2229094979_d_img_d18_x11520_y43520.png,0.206,302.48,404.14,308.25,409.15
ch2_ohr_ncp_20250612T2229094979_d_img_d18_x11520_y44160.png,0.2357,120.84,478.36,129.4,486.53
ch2_ohr_ncp_20250612T2229094979_d_img_d18_x11520_y45440.png,0.3592,181.35,151.2,186.89,155.75
ch2_ohr_ncp_20250612T2229094979_d_img_d18_x11520_y45440.png,0.2835,352.52,170.36,356.9,174.76
ch2_ohr_ncp_20250612T2229094979_d_img_d18_x11520_y45440.png,0.2302,24.78,165.35,30.18,169.68
ch2_ohr_ncp_20250612T2229094979_d_img_d18_x11520_y46720.png,0.3967,161.06,15.5,167.5,21.7
ch2_ohr_ncp_20250612T2229094979_d_img_d18_x11520_y46720.png,0.36,132.74,25.66,137.83,29.74
ch2_ohr_ncp_20250612T2229094979_d_img_d18_x11520_y46720.png,0.3384,147.46,24.65,152.01,28.26
ch2_ohr_ncp_20250612T2229094979_d_img_d18_x11520_y48640.png,0.4637,216.96,567.45,222.96,572.92
ch2_ohr_ncp_20250612T2229094979_d_img_d18_x11520_y49920.png,0.3184,22.28,435.39,27.48,440.05
ch2_ohr_ncp_20250612T2229094979_d_img_d18_x11520_y51200.png,0.5332,15.29,310.52,21.16,314.98
ch2_ohr_ncp_20250612T2229094979_d_img_d18_x11520_y51200.png,0.458,63.07,334.05,68.89,340.36
ch2_ohr_ncp_20250612T2229094979_d_img_d18_x11520_y51200.png,0.4524,95.88,262.54,100.9,267.78
ch2_ohr_ncp_20250612T2229094979_d_img_d18_x11520_y51200.png,0.3922,405.4,556.47,410.97,562.09
ch2_ohr_ncp_20250612T2229094979_d_img_d18_x11520_y51200.png,0.2595,61.14,342.19,64.78,345.81
ch2_ohr_ncp_20250612T2229094979_d_img_d18_x11520_y51200.png,0.2017,45.46,326.35,48.98,329.83
ch2_ohr_ncp_20250612T2229094979_d_img_d18_x11520_y51840.png,0.3655,244.82,278.58,250.61,283.89
ch2_ohr_ncp_20250612T2229094979_d_img_d18_x11520_y51840.png,0.365,218.3,0.0,268.48,21.04
ch2_ohr_ncp_20250612T2229094979_d_img_d18_x11520_y51840.png,0.2062,220.62,0.0,265.84,9.03
ch2_ohr_ncp_20250612T2229094979_d_img_d18_x11520_y52480.png,0.2755,365.95,388.25,372.16,393.72
ch2_ohr_ncp_20250612T2229094979_d_img_d18_x11520_y53120.png,0.2954,13.08,430.52,18.99,436.52
ch2_ohr_ncp_20250612T2229094979_d_img_d18_x11520_y53120.png,0.2305,230.97,624.28,237.16,629.49
ch2_ohr_ncp_20250612T2229094979_d_img_d18_x11520_y56320.png,0.4694,28.57,33.74,35.09,39.44
ch2_ohr_ncp_20250612T2229094979_d_img_d18_x11520_y56320.png,0.2934,61.07,54.52,65.62,58.73
ch2_ohr_ncp_20250612T2229094979_d_img_d18_x11520_y57600.png,0.4647,340.0,625.98,346.29,631.63
ch2_ohr_ncp_20250612T2229094979_d_img_d18_x11520_y58880.png,0.2868,345.81,569.39,352.08,573.98
ch2_ohr_ncp_20250612T2229094979_d_img_d18_x11520_y60160.png,0.3126,218.99,264.32,223.66,268.79
ch2_ohr_ncp_20250612T2229094979_d_img_d18_x11520_y60160.png,0.2754,359.04,305.65,365.29,313.55
ch2_ohr_ncp_20250612T2229094979_d_img_d18_x11520_y62720.png,0.3515,163.09,241.97,170.6,248.14
ch2_ohr_ncp_20250612T2229094979_d_img_d18_x11520_y64000.png,0.3811,361.1,622.41,366.46,626.91
ch2_ohr_ncp_20250612T2229094979_d_img_d18_x11520_y66560.png,0.2687,22.79,158.13,28.11,163.22
ch2_ohr_ncp_20250612T2229094979_d_img_d18_x11520_y66560.png,0.2541,165.56,125.88,170.66,130.12
ch2_ohr_ncp_20250612T2229094979_d_img_d18_x11520_y66560.png,0.2309,262.26,146.58,267.95,151.2
ch2_ohr_ncp_20250612T2229094979_d_img_d18_x11520_y66560.png,0.2131,86.02,250.02,90.44,255.25
ch2_ohr_ncp_20250612T2229094979_d_img_d18_x11520_y66560.png,0.2012,353.42,377.54,358.13,381.7
ch2_ohr_ncp_20250612T2229094979_d_img_d18_x11520_y69760.png,0.4685,12.82,497.49,17.76,503.24
ch2_ohr_ncp_20250612T2229094979_d_img_d18_x11520_y69760.png,0.4566,53.98,553.48,58.71,557.04
ch2_ohr_ncp_20250612T2229094979_d_img_d18_x11520_y69760.png,0.378,139.67,618.91,145.26,624.06
ch2_ohr_ncp_20250612T2229094979_d_img_d18_x11520_y69760.png,0.3365,37.67,261.82,42.48,265.83
ch2_ohr_ncp_20250612T2229094979_d_img_d18_x11520_y69760.png,0.3235,163.38,165.29,169.32,169.87
ch2_ohr_ncp_20250612T2229094979_d_img_d18_x11520_y69760.png,0.2055,2.96,439.8,6.93,443.55
ch2_ohr_ncp_20250612T2229094979_d_img_d18_x11520_y70400.png,0.5344,255.31,48.26,268.77,59.36
ch2_ohr_ncp_20250612T2229094979_d_img_d18_x11520_y70400.png,0.3449,256.12,26.16,262.43,32.23
ch2_ohr_ncp_20250612T2229094979_d_img_d18_x11520_y74240.png,0.4028,152.22,302.23,156.6,306.08
ch2_ohr_ncp_20250612T2229094979_d_img_d18_x11520_y74240.png,0.252,343.71,607.61,348.49,611.13
ch2_ohr_ncp_20250612T2229094979_d_img_d18_x11520_y75520.png,0.3124,157.81,433.49,162.27,437.25
